scenario,W,R_eff_bit_s,tax_budget,peak_budget,h_s,delay_budget_s,selected_tick,period_s,upper_risk,tax_upper,peak_upper,delay_upper_s,lower_fixed_U,status,physical_qualification,t52_review
historical_moments,262144,16000000,0.001,0.05,0.001,0.000001,,,,,,,,mandatory_U_block_exclusion_conditional,absent,accept_conditional_contract
historical_moments,262144,16000000,0.001,0.05,0.001,0.000003,,,,,,,,unresolved_no_certificate,absent,accept_conditional_contract
historical_moments,262144,16000000,0.001,0.05,0.001,0.000010,,,,,,,,unresolved_no_certificate,absent,accept_conditional_contract
historical_moments,262144,16000000,0.001,0.05,0.01,0.000001,,,,,,,,mandatory_U_block_exclusion_conditional,absent,accept_conditional_contract
historical_moments,262144,16000000,0.001,0.05,0.01,0.000003,,,,,,,,unresolved_no_certificate,absent,accept_conditional_contract
historical_moments,262144,16000000,0.001,0.05,0.01,0.000010,,,,,,,,unresolved_no_certificate,absent,accept_conditional_contract
historical_moments,262144,16000000,0.001,0.05,0.1,0.000001,,,,,,,,mandatory_U_block_exclusion_conditional,absent,accept_conditional_contract
historical_moments,262144,16000000,0.001,0.05,0.1,0.000003,,,,,,,,unresolved_no_certificate,absent,accept_conditional_contract
historical_moments,262144,16000000,0.001,0.05,0.1,0.000010,,,,,,,,unresolved_no_certificate,absent,accept_conditional_contract
historical_moments,262144,16000000,0.001,0.25,0.001,0.000001,,,,,,,,mandatory_U_block_exclusion_conditional,absent,accept_conditional_contract
historical_moments,262144,16000000,0.001,0.25,0.001,0.000003,,,,,,,,unresolved_no_certificate,absent,accept_conditional_contract
historical_moments,262144,16000000,0.001,0.25,0.001,0.000010,,,,,,,,unresolved_no_certificate,absent,accept_conditional_contract
historical_moments,262144,16000000,0.001,0.25,0.01,0.000001,,,,,,,,mandatory_U_block_exclusion_conditional,absent,accept_conditional_contract
historical_moments,262144,16000000,0.001,0.25,0.01,0.000003,,,,,,,,unresolved_no_certificate,absent,accept_conditional_contract
historical_moments,262144,16000000,0.001,0.25,0.01,0.000010,,,,,,,,unresolved_no_certificate,absent,accept_conditional_contract
historical_moments,262144,16000000,0.001,0.25,0.1,0.000001,,,,,,,,mandatory_U_block_exclusion_conditional,absent,accept_conditional_contract
historical_moments,262144,16000000,0.001,0.25,0.1,0.000003,,,,,,,,unresolved_no_certificate,absent,accept_conditional_contract
historical_moments,262144,16000000,0.001,0.25,0.1,0.000010,,,,,,,,unresolved_no_certificate,absent,accept_conditional_contract
historical_moments,262144,16000000,0.001,0.5,0.001,0.000001,,,,,,,,mandatory_U_block_exclusion_conditional,absent,accept_conditional_contract
historical_moments,262144,16000000,0.001,0.5,0.001,0.000003,,,,,,,,unresolved_no_certificate,absent,accept_conditional_contract
historical_moments,262144,16000000,0.001,0.5,0.001,0.000010,,,,,,,,unresolved_no_certificate,absent,accept_conditional_contract
historical_moments,262144,16000000,0.001,0.5,0.01,0.000001,,,,,,,,mandatory_U_block_exclusion_conditional,absent,accept_conditional_contract
historical_moments,262144,16000000,0.001,0.5,0.01,0.000003,,,,,,,,unresolved_no_certificate,absent,accept_conditional_contract
historical_moments,262144,16000000,0.001,0.5,0.01,0.000010,,,,,,,,unresolved_no_certificate,absent,accept_conditional_contract
historical_moments,262144,16000000,0.001,0.5,0.1,0.000001,,,,,,,,mandatory_U_block_exclusion_conditional,absent,accept_conditional_contract
historical_moments,262144,16000000,0.001,0.5,0.1,0.000003,,,,,,,,unresolved_no_certificate,absent,accept_conditional_contract
historical_moments,262144,16000000,0.001,0.5,0.1,0.000010,,,,,,,,unresolved_no_certificate,absent,accept_conditional_contract
rarity_diagnostic,262144,16000000,0.001,0.05,0.001,0.000001,,,,,,,3.28040628311e-2,fixed_U_class_excluded_conditional,absent,accept_conditional_contract
rarity_diagnostic,262144,16000000,0.001,0.05,0.001,0.000003,,,,,,,3.28040628311e-2,fixed_U_class_excluded_conditional,absent,accept_conditional_contract
rarity_diagnostic,262144,16000000,0.001,0.05,0.001,0.000010,,,,,,,3.28040628311e-2,fixed_U_class_excluded_conditional,absent,accept_conditional_contract
rarity_diagnostic,262144,16000000,0.001,0.05,0.01,0.000001,,,,,,,3.28040628311e-2,fixed_U_class_excluded_conditional,absent,accept_conditional_contract
rarity_diagnostic,262144,16000000,0.001,0.05,0.01,0.000003,,,,,,,3.28040628311e-2,fixed_U_class_excluded_conditional,absent,accept_conditional_contract
rarity_diagnostic,262144,16000000,0.001,0.05,0.01,0.000010,,,,,,,3.28040628311e-2,fixed_U_class_excluded_conditional,absent,accept_conditional_contract
rarity_diagnostic,262144,16000000,0.001,0.05,0.1,0.000001,,,,,,,3.28040628311e-2,fixed_U_class_excluded_conditional,absent,accept_conditional_contract
rarity_diagnostic,262144,16000000,0.001,0.05,0.1,0.000003,,,,,,,3.28040628311e-2,fixed_U_class_excluded_conditional,absent,accept_conditional_contract
rarity_diagnostic,262144,16000000,0.001,0.05,0.1,0.000010,,,,,,,3.28040628311e-2,fixed_U_class_excluded_conditional,absent,accept_conditional_contract
rarity_diagnostic,262144,16000000,0.001,0.25,0.001,0.000001,,,,,,,3.28040628311e-2,fixed_U_class_excluded_conditional,absent,accept_conditional_contract
rarity_diagnostic,262144,16000000,0.001,0.25,0.001,0.000003,,,,,,,3.28040628311e-2,fixed_U_class_excluded_conditional,absent,accept_conditional_contract
rarity_diagnostic,262144,16000000,0.001,0.25,0.001,0.000010,,,,,,,3.28040628311e-2,fixed_U_class_excluded_conditional,absent,accept_conditional_contract
rarity_diagnostic,262144,16000000,0.001,0.25,0.01,0.000001,,,,,,,3.28040628311e-2,fixed_U_class_excluded_conditional,absent,accept_conditional_contract
rarity_diagnostic,262144,16000000,0.001,0.25,0.01,0.000003,,,,,,,3.28040628311e-2,fixed_U_class_excluded_conditional,absent,accept_conditional_contract
rarity_diagnostic,262144,16000000,0.001,0.25,0.01,0.000010,,,,,,,3.28040628311e-2,fixed_U_class_excluded_conditional,absent,accept_conditional_contract
rarity_diagnostic,262144,16000000,0.001,0.25,0.1,0.000001,,,,,,,3.28040628311e-2,fixed_U_class_excluded_conditional,absent,accept_conditional_contract
rarity_diagnostic,262144,16000000,0.001,0.25,0.1,0.000003,,,,,,,3.28040628311e-2,fixed_U_class_excluded_conditional,absent,accept_conditional_contract
rarity_diagnostic,262144,16000000,0.001,0.25,0.1,0.000010,,,,,,,3.28040628311e-2,fixed_U_class_excluded_conditional,absent,accept_conditional_contract
rarity_diagnostic,262144,16000000,0.001,0.5,0.001,0.000001,,,,,,,3.28040628311e-2,fixed_U_class_excluded_conditional,absent,accept_conditional_contract
rarity_diagnostic,262144,16000000,0.001,0.5,0.001,0.000003,,,,,,,3.28040628311e-2,fixed_U_class_excluded_conditional,absent,accept_conditional_contract
rarity_diagnostic,262144,16000000,0.001,0.5,0.001,0.000010,,,,,,,3.28040628311e-2,fixed_U_class_excluded_conditional,absent,accept_conditional_contract
rarity_diagnostic,262144,16000000,0.001,0.5,0.01,0.000001,,,,,,,3.28040628311e-2,fixed_U_class_excluded_conditional,absent,accept_conditional_contract
rarity_diagnostic,262144,16000000,0.001,0.5,0.01,0.000003,,,,,,,3.28040628311e-2,fixed_U_class_excluded_conditional,absent,accept_conditional_contract
rarity_diagnostic,262144,16000000,0.001,0.5,0.01,0.000010,,,,,,,3.28040628311e-2,fixed_U_class_excluded_conditional,absent,accept_conditional_contract
rarity_diagnostic,262144,16000000,0.001,0.5,0.1,0.000001,,,,,,,3.28040628311e-2,fixed_U_class_excluded_conditional,absent,accept_conditional_contract
rarity_diagnostic,262144,16000000,0.001,0.5,0.1,0.000003,,,,,,,3.28040628311e-2,fixed_U_class_excluded_conditional,absent,accept_conditional_contract
rarity_diagnostic,262144,16000000,0.001,0.5,0.1,0.000010,,,,,,,3.28040628311e-2,fixed_U_class_excluded_conditional,absent,accept_conditional_contract
historical_moments,262144,16000000,0.0025,0.05,0.001,0.000001,,,,,,,,mandatory_U_block_exclusion_conditional,absent,accept_conditional_contract
historical_moments,262144,16000000,0.0025,0.05,0.001,0.000003,,,,,,,,unresolved_no_certificate,absent,accept_conditional_contract
historical_moments,262144,16000000,0.0025,0.05,0.001,0.000010,,,,,,,,unresolved_no_certificate,absent,accept_conditional_contract
historical_moments,262144,16000000,0.0025,0.05,0.01,0.000001,,,,,,,,mandatory_U_block_exclusion_conditional,absent,accept_conditional_contract
historical_moments,262144,16000000,0.0025,0.05,0.01,0.000003,,,,,,,,unresolved_no_certificate,absent,accept_conditional_contract
historical_moments,262144,16000000,0.0025,0.05,0.01,0.000010,,,,,,,,unresolved_no_certificate,absent,accept_conditional_contract
historical_moments,262144,16000000,0.0025,0.05,0.1,0.000001,,,,,,,,mandatory_U_block_exclusion_conditional,absent,accept_conditional_contract
historical_moments,262144,16000000,0.0025,0.05,0.1,0.000003,,,,,,,,unresolved_no_certificate,absent,accept_conditional_contract
historical_moments,262144,16000000,0.0025,0.05,0.1,0.000010,,,,,,,,unresolved_no_certificate,absent,accept_conditional_contract
historical_moments,262144,16000000,0.0025,0.25,0.001,0.000001,,,,,,,,mandatory_U_block_exclusion_conditional,absent,accept_conditional_contract
historical_moments,262144,16000000,0.0025,0.25,0.001,0.000003,,,,,,,,unresolved_no_certificate,absent,accept_conditional_contract
historical_moments,262144,16000000,0.0025,0.25,0.001,0.000010,,,,,,,,unresolved_no_certificate,absent,accept_conditional_contract
historical_moments,262144,16000000,0.0025,0.25,0.01,0.000001,,,,,,,,mandatory_U_block_exclusion_conditional,absent,accept_conditional_contract
historical_moments,262144,16000000,0.0025,0.25,0.01,0.000003,,,,,,,,unresolved_no_certificate,absent,accept_conditional_contract
historical_moments,262144,16000000,0.0025,0.25,0.01,0.000010,,,,,,,,unresolved_no_certificate,absent,accept_conditional_contract
historical_moments,262144,16000000,0.0025,0.25,0.1,0.000001,,,,,,,,mandatory_U_block_exclusion_conditional,absent,accept_conditional_contract
historical_moments,262144,16000000,0.0025,0.25,0.1,0.000003,,,,,,,,unresolved_no_certificate,absent,accept_conditional_contract
historical_moments,262144,16000000,0.0025,0.25,0.1,0.000010,,,,,,,,unresolved_no_certificate,absent,accept_conditional_contract
historical_moments,262144,16000000,0.0025,0.5,0.001,0.000001,,,,,,,,mandatory_U_block_exclusion_conditional,absent,accept_conditional_contract
historical_moments,262144,16000000,0.0025,0.5,0.001,0.000003,,,,,,,,unresolved_no_certificate,absent,accept_conditional_contract
historical_moments,262144,16000000,0.0025,0.5,0.001,0.000010,,,,,,,,unresolved_no_certificate,absent,accept_conditional_contract
historical_moments,262144,16000000,0.0025,0.5,0.01,0.000001,,,,,,,,mandatory_U_block_exclusion_conditional,absent,accept_conditional_contract
historical_moments,262144,16000000,0.0025,0.5,0.01,0.000003,,,,,,,,unresolved_no_certificate,absent,accept_conditional_contract
historical_moments,262144,16000000,0.0025,0.5,0.01,0.000010,,,,,,,,unresolved_no_certificate,absent,accept_conditional_contract
historical_moments,262144,16000000,0.0025,0.5,0.1,0.000001,,,,,,,,mandatory_U_block_exclusion_conditional,absent,accept_conditional_contract
historical_moments,262144,16000000,0.0025,0.5,0.1,0.000003,,,,,,,,unresolved_no_certificate,absent,accept_conditional_contract
historical_moments,262144,16000000,0.0025,0.5,0.1,0.000010,,,,,,,,unresolved_no_certificate,absent,accept_conditional_contract
rarity_diagnostic,262144,16000000,0.0025,0.05,0.001,0.000001,,,,,,,1.32980585330e-2,fixed_U_class_excluded_conditional,absent,accept_conditional_contract
rarity_diagnostic,262144,16000000,0.0025,0.05,0.001,0.000003,,,,,,,1.32980585330e-2,fixed_U_class_excluded_conditional,absent,accept_conditional_contract
rarity_diagnostic,262144,16000000,0.0025,0.05,0.001,0.000010,,,,,,,1.32980585330e-2,fixed_U_class_excluded_conditional,absent,accept_conditional_contract
rarity_diagnostic,262144,16000000,0.0025,0.05,0.01,0.000001,,,,,,,1.32980585330e-2,fixed_U_class_excluded_conditional,absent,accept_conditional_contract
rarity_diagnostic,262144,16000000,0.0025,0.05,0.01,0.000003,,,,,,,1.32980585330e-2,fixed_U_class_excluded_conditional,absent,accept_conditional_contract
rarity_diagnostic,262144,16000000,0.0025,0.05,0.01,0.000010,,,,,,,1.32980585330e-2,fixed_U_class_excluded_conditional,absent,accept_conditional_contract
rarity_diagnostic,262144,16000000,0.0025,0.05,0.1,0.000001,,,,,,,1.32980585330e-2,fixed_U_class_excluded_conditional,absent,accept_conditional_contract
rarity_diagnostic,262144,16000000,0.0025,0.05,0.1,0.000003,,,,,,,1.32980585330e-2,fixed_U_class_excluded_conditional,absent,accept_conditional_contract
rarity_diagnostic,262144,16000000,0.0025,0.05,0.1,0.000010,,,,,,,1.32980585330e-2,fixed_U_class_excluded_conditional,absent,accept_conditional_contract
rarity_diagnostic,262144,16000000,0.0025,0.25,0.001,0.000001,,,,,,,1.32980585330e-2,fixed_U_class_excluded_conditional,absent,accept_conditional_contract
rarity_diagnostic,262144,16000000,0.0025,0.25,0.001,0.000003,,,,,,,1.32980585330e-2,fixed_U_class_excluded_conditional,absent,accept_conditional_contract
rarity_diagnostic,262144,16000000,0.0025,0.25,0.001,0.000010,,,,,,,1.32980585330e-2,fixed_U_class_excluded_conditional,absent,accept_conditional_contract
rarity_diagnostic,262144,16000000,0.0025,0.25,0.01,0.000001,,,,,,,1.32980585330e-2,fixed_U_class_excluded_conditional,absent,accept_conditional_contract
rarity_diagnostic,262144,16000000,0.0025,0.25,0.01,0.000003,,,,,,,1.32980585330e-2,fixed_U_class_excluded_conditional,absent,accept_conditional_contract
rarity_diagnostic,262144,16000000,0.0025,0.25,0.01,0.000010,,,,,,,1.32980585330e-2,fixed_U_class_excluded_conditional,absent,accept_conditional_contract
rarity_diagnostic,262144,16000000,0.0025,0.25,0.1,0.000001,,,,,,,1.32980585330e-2,fixed_U_class_excluded_conditional,absent,accept_conditional_contract
rarity_diagnostic,262144,16000000,0.0025,0.25,0.1,0.000003,,,,,,,1.32980585330e-2,fixed_U_class_excluded_conditional,absent,accept_conditional_contract
rarity_diagnostic,262144,16000000,0.0025,0.25,0.1,0.000010,,,,,,,1.32980585330e-2,fixed_U_class_excluded_conditional,absent,accept_conditional_contract
rarity_diagnostic,262144,16000000,0.0025,0.5,0.001,0.000001,,,,,,,1.32980585330e-2,fixed_U_class_excluded_conditional,absent,accept_conditional_contract
rarity_diagnostic,262144,16000000,0.0025,0.5,0.001,0.000003,,,,,,,1.32980585330e-2,fixed_U_class_excluded_conditional,absent,accept_conditional_contract
rarity_diagnostic,262144,16000000,0.0025,0.5,0.001,0.000010,,,,,,,1.32980585330e-2,fixed_U_class_excluded_conditional,absent,accept_conditional_contract
rarity_diagnostic,262144,16000000,0.0025,0.5,0.01,0.000001,,,,,,,1.32980585330e-2,fixed_U_class_excluded_conditional,absent,accept_conditional_contract
rarity_diagnostic,262144,16000000,0.0025,0.5,0.01,0.000003,,,,,,,1.32980585330e-2,fixed_U_class_excluded_conditional,absent,accept_conditional_contract
rarity_diagnostic,262144,16000000,0.0025,0.5,0.01,0.000010,,,,,,,1.32980585330e-2,fixed_U_class_excluded_conditional,absent,accept_conditional_contract
rarity_diagnostic,262144,16000000,0.0025,0.5,0.1,0.000001,,,,,,,1.32980585330e-2,fixed_U_class_excluded_conditional,absent,accept_conditional_contract
rarity_diagnostic,262144,16000000,0.0025,0.5,0.1,0.000003,,,,,,,1.32980585330e-2,fixed_U_class_excluded_conditional,absent,accept_conditional_contract
rarity_diagnostic,262144,16000000,0.0025,0.5,0.1,0.000010,,,,,,,1.32980585330e-2,fixed_U_class_excluded_conditional,absent,accept_conditional_contract
historical_moments,262144,16000000,0.01,0.05,0.001,0.000001,,,9.99999999958e-3,9.60467043698e-3,9.79000000000e-3,2.64851398975e-6,,mandatory_U_block_exclusion_conditional,absent,accept_conditional_contract
historical_moments,262144,16000000,0.01,0.05,0.001,0.000003,6652763405,66.52763405,9.99999999958e-3,9.60467043698e-3,9.79000000000e-3,2.64851398975e-6,,presented_constant_sufficient_conditional,absent,accept_conditional_contract
historical_moments,262144,16000000,0.01,0.05,0.001,0.000010,6652763405,66.52763405,9.99999999958e-3,9.60467043698e-3,9.79000000000e-3,2.64851398975e-6,,presented_constant_sufficient_conditional,absent,accept_conditional_contract
historical_moments,262144,16000000,0.01,0.05,0.01,0.000001,,,9.99999999958e-3,9.60467043698e-3,9.79000000000e-3,2.64851398975e-6,,mandatory_U_block_exclusion_conditional,absent,accept_conditional_contract
historical_moments,262144,16000000,0.01,0.05,0.01,0.000003,6652763405,66.52763405,9.99999999958e-3,9.60467043698e-3,9.79000000000e-3,2.64851398975e-6,,presented_constant_sufficient_conditional,absent,accept_conditional_contract
historical_moments,262144,16000000,0.01,0.05,0.01,0.000010,6652763405,66.52763405,9.99999999958e-3,9.60467043698e-3,9.79000000000e-3,2.64851398975e-6,,presented_constant_sufficient_conditional,absent,accept_conditional_contract
historical_moments,262144,16000000,0.01,0.05,0.1,0.000001,,,9.99999999958e-3,9.60467043698e-3,9.66762500000e-3,2.64851398975e-6,,mandatory_U_block_exclusion_conditional,absent,accept_conditional_contract
historical_moments,262144,16000000,0.01,0.05,0.1,0.000003,6652763405,66.52763405,9.99999999958e-3,9.60467043698e-3,9.66762500000e-3,2.64851398975e-6,,presented_constant_sufficient_conditional,absent,accept_conditional_contract
historical_moments,262144,16000000,0.01,0.05,0.1,0.000010,6652763405,66.52763405,9.99999999958e-3,9.60467043698e-3,9.66762500000e-3,2.64851398975e-6,,presented_constant_sufficient_conditional,absent,accept_conditional_contract
historical_moments,262144,16000000,0.01,0.25,0.001,0.000001,,,9.99999999958e-3,9.60467043698e-3,9.79000000000e-3,2.64851398975e-6,,mandatory_U_block_exclusion_conditional,absent,accept_conditional_contract
historical_moments,262144,16000000,0.01,0.25,0.001,0.000003,6652763405,66.52763405,9.99999999958e-3,9.60467043698e-3,9.79000000000e-3,2.64851398975e-6,,presented_constant_sufficient_conditional,absent,accept_conditional_contract
historical_moments,262144,16000000,0.01,0.25,0.001,0.000010,6652763405,66.52763405,9.99999999958e-3,9.60467043698e-3,9.79000000000e-3,2.64851398975e-6,,presented_constant_sufficient_conditional,absent,accept_conditional_contract
historical_moments,262144,16000000,0.01,0.25,0.01,0.000001,,,9.99999999958e-3,9.60467043698e-3,9.79000000000e-3,2.64851398975e-6,,mandatory_U_block_exclusion_conditional,absent,accept_conditional_contract
historical_moments,262144,16000000,0.01,0.25,0.01,0.000003,6652763405,66.52763405,9.99999999958e-3,9.60467043698e-3,9.79000000000e-3,2.64851398975e-6,,presented_constant_sufficient_conditional,absent,accept_conditional_contract
historical_moments,262144,16000000,0.01,0.25,0.01,0.000010,6652763405,66.52763405,9.99999999958e-3,9.60467043698e-3,9.79000000000e-3,2.64851398975e-6,,presented_constant_sufficient_conditional,absent,accept_conditional_contract
historical_moments,262144,16000000,0.01,0.25,0.1,0.000001,,,9.99999999958e-3,9.60467043698e-3,9.66762500000e-3,2.64851398975e-6,,mandatory_U_block_exclusion_conditional,absent,accept_conditional_contract
historical_moments,262144,16000000,0.01,0.25,0.1,0.000003,6652763405,66.52763405,9.99999999958e-3,9.60467043698e-3,9.66762500000e-3,2.64851398975e-6,,presented_constant_sufficient_conditional,absent,accept_conditional_contract
historical_moments,262144,16000000,0.01,0.25,0.1,0.000010,6652763405,66.52763405,9.99999999958e-3,9.60467043698e-3,9.66762500000e-3,2.64851398975e-6,,presented_constant_sufficient_conditional,absent,accept_conditional_contract
historical_moments,262144,16000000,0.01,0.5,0.001,0.000001,,,9.99999999958e-3,9.60467043698e-3,9.79000000000e-3,2.64851398975e-6,,mandatory_U_block_exclusion_conditional,absent,accept_conditional_contract
historical_moments,262144,16000000,0.01,0.5,0.001,0.000003,6652763405,66.52763405,9.99999999958e-3,9.60467043698e-3,9.79000000000e-3,2.64851398975e-6,,presented_constant_sufficient_conditional,absent,accept_conditional_contract
historical_moments,262144,16000000,0.01,0.5,0.001,0.000010,6652763405,66.52763405,9.99999999958e-3,9.60467043698e-3,9.79000000000e-3,2.64851398975e-6,,presented_constant_sufficient_conditional,absent,accept_conditional_contract
historical_moments,262144,16000000,0.01,0.5,0.01,0.000001,,,9.99999999958e-3,9.60467043698e-3,9.79000000000e-3,2.64851398975e-6,,mandatory_U_block_exclusion_conditional,absent,accept_conditional_contract
historical_moments,262144,16000000,0.01,0.5,0.01,0.000003,6652763405,66.52763405,9.99999999958e-3,9.60467043698e-3,9.79000000000e-3,2.64851398975e-6,,presented_constant_sufficient_conditional,absent,accept_conditional_contract
historical_moments,262144,16000000,0.01,0.5,0.01,0.000010,6652763405,66.52763405,9.99999999958e-3,9.60467043698e-3,9.79000000000e-3,2.64851398975e-6,,presented_constant_sufficient_conditional,absent,accept_conditional_contract
historical_moments,262144,16000000,0.01,0.5,0.1,0.000001,,,9.99999999958e-3,9.60467043698e-3,9.66762500000e-3,2.64851398975e-6,,mandatory_U_block_exclusion_conditional,absent,accept_conditional_contract
historical_moments,262144,16000000,0.01,0.5,0.1,0.000003,6652763405,66.52763405,9.99999999958e-3,9.60467043698e-3,9.66762500000e-3,2.64851398975e-6,,presented_constant_sufficient_conditional,absent,accept_conditional_contract
historical_moments,262144,16000000,0.01,0.5,0.1,0.000010,6652763405,66.52763405,9.99999999958e-3,9.60467043698e-3,9.66762500000e-3,2.64851398975e-6,,presented_constant_sufficient_conditional,absent,accept_conditional_contract
rarity_diagnostic,262144,16000000,0.01,0.05,0.001,0.000001,,,,,,,3.35263451884e-3,mandatory_U_block_exclusion_conditional,absent,accept_conditional_contract
rarity_diagnostic,262144,16000000,0.01,0.05,0.001,0.000003,,,,,,,3.35263451884e-3,unresolved_no_certificate,absent,accept_conditional_contract
rarity_diagnostic,262144,16000000,0.01,0.05,0.001,0.000010,,,,,,,3.35263451884e-3,unresolved_no_certificate,absent,accept_conditional_contract
rarity_diagnostic,262144,16000000,0.01,0.05,0.01,0.000001,,,,,,,3.35263451884e-3,mandatory_U_block_exclusion_conditional,absent,accept_conditional_contract
rarity_diagnostic,262144,16000000,0.01,0.05,0.01,0.000003,,,,,,,3.35263451884e-3,unresolved_no_certificate,absent,accept_conditional_contract
rarity_diagnostic,262144,16000000,0.01,0.05,0.01,0.000010,,,,,,,3.35263451884e-3,unresolved_no_certificate,absent,accept_conditional_contract
rarity_diagnostic,262144,16000000,0.01,0.05,0.1,0.000001,,,,,,,3.35263451884e-3,mandatory_U_block_exclusion_conditional,absent,accept_conditional_contract
rarity_diagnostic,262144,16000000,0.01,0.05,0.1,0.000003,,,,,,,3.35263451884e-3,unresolved_no_certificate,absent,accept_conditional_contract
rarity_diagnostic,262144,16000000,0.01,0.05,0.1,0.000010,,,,,,,3.35263451884e-3,unresolved_no_certificate,absent,accept_conditional_contract
rarity_diagnostic,262144,16000000,0.01,0.25,0.001,0.000001,,,,,,,3.35263451884e-3,mandatory_U_block_exclusion_conditional,absent,accept_conditional_contract
rarity_diagnostic,262144,16000000,0.01,0.25,0.001,0.000003,,,,,,,3.35263451884e-3,unresolved_no_certificate,absent,accept_conditional_contract
rarity_diagnostic,262144,16000000,0.01,0.25,0.001,0.000010,,,,,,,3.35263451884e-3,unresolved_no_certificate,absent,accept_conditional_contract
rarity_diagnostic,262144,16000000,0.01,0.25,0.01,0.000001,,,,,,,3.35263451884e-3,mandatory_U_block_exclusion_conditional,absent,accept_conditional_contract
rarity_diagnostic,262144,16000000,0.01,0.25,0.01,0.000003,,,,,,,3.35263451884e-3,unresolved_no_certificate,absent,accept_conditional_contract
rarity_diagnostic,262144,16000000,0.01,0.25,0.01,0.000010,,,,,,,3.35263451884e-3,unresolved_no_certificate,absent,accept_conditional_contract
rarity_diagnostic,262144,16000000,0.01,0.25,0.1,0.000001,,,,,,,3.35263451884e-3,mandatory_U_block_exclusion_conditional,absent,accept_conditional_contract
rarity_diagnostic,262144,16000000,0.01,0.25,0.1,0.000003,,,,,,,3.35263451884e-3,unresolved_no_certificate,absent,accept_conditional_contract
rarity_diagnostic,262144,16000000,0.01,0.25,0.1,0.000010,,,,,,,3.35263451884e-3,unresolved_no_certificate,absent,accept_conditional_contract
rarity_diagnostic,262144,16000000,0.01,0.5,0.001,0.000001,,,,,,,3.35263451884e-3,mandatory_U_block_exclusion_conditional,absent,accept_conditional_contract
rarity_diagnostic,262144,16000000,0.01,0.5,0.001,0.000003,,,,,,,3.35263451884e-3,unresolved_no_certificate,absent,accept_conditional_contract
rarity_diagnostic,262144,16000000,0.01,0.5,0.001,0.000010,,,,,,,3.35263451884e-3,unresolved_no_certificate,absent,accept_conditional_contract
rarity_diagnostic,262144,16000000,0.01,0.5,0.01,0.000001,,,,,,,3.35263451884e-3,mandatory_U_block_exclusion_conditional,absent,accept_conditional_contract
rarity_diagnostic,262144,16000000,0.01,0.5,0.01,0.000003,,,,,,,3.35263451884e-3,unresolved_no_certificate,absent,accept_conditional_contract
rarity_diagnostic,262144,16000000,0.01,0.5,0.01,0.000010,,,,,,,3.35263451884e-3,unresolved_no_certificate,absent,accept_conditional_contract
rarity_diagnostic,262144,16000000,0.01,0.5,0.1,0.000001,,,,,,,3.35263451884e-3,mandatory_U_block_exclusion_conditional,absent,accept_conditional_contract
rarity_diagnostic,262144,16000000,0.01,0.5,0.1,0.000003,,,,,,,3.35263451884e-3,unresolved_no_certificate,absent,accept_conditional_contract
rarity_diagnostic,262144,16000000,0.01,0.5,0.1,0.000010,,,,,,,3.35263451884e-3,unresolved_no_certificate,absent,accept_conditional_contract
historical_moments,262144,64000000,0.001,0.05,0.001,0.000001,,,,,,,,unresolved_no_certificate,absent,accept_conditional_contract
historical_moments,262144,64000000,0.001,0.05,0.001,0.000003,,,,,,,,unresolved_no_certificate,absent,accept_conditional_contract
historical_moments,262144,64000000,0.001,0.05,0.001,0.000010,,,,,,,,unresolved_no_certificate,absent,accept_conditional_contract
historical_moments,262144,64000000,0.001,0.05,0.01,0.000001,,,,,,,,unresolved_no_certificate,absent,accept_conditional_contract
historical_moments,262144,64000000,0.001,0.05,0.01,0.000003,,,,,,,,unresolved_no_certificate,absent,accept_conditional_contract
historical_moments,262144,64000000,0.001,0.05,0.01,0.000010,,,,,,,,unresolved_no_certificate,absent,accept_conditional_contract
historical_moments,262144,64000000,0.001,0.05,0.1,0.000001,,,,,,,,unresolved_no_certificate,absent,accept_conditional_contract
historical_moments,262144,64000000,0.001,0.05,0.1,0.000003,,,,,,,,unresolved_no_certificate,absent,accept_conditional_contract
historical_moments,262144,64000000,0.001,0.05,0.1,0.000010,,,,,,,,unresolved_no_certificate,absent,accept_conditional_contract
historical_moments,262144,64000000,0.001,0.25,0.001,0.000001,,,,,,,,unresolved_no_certificate,absent,accept_conditional_contract
historical_moments,262144,64000000,0.001,0.25,0.001,0.000003,,,,,,,,unresolved_no_certificate,absent,accept_conditional_contract
historical_moments,262144,64000000,0.001,0.25,0.001,0.000010,,,,,,,,unresolved_no_certificate,absent,accept_conditional_contract
historical_moments,262144,64000000,0.001,0.25,0.01,0.000001,,,,,,,,unresolved_no_certificate,absent,accept_conditional_contract
historical_moments,262144,64000000,0.001,0.25,0.01,0.000003,,,,,,,,unresolved_no_certificate,absent,accept_conditional_contract
historical_moments,262144,64000000,0.001,0.25,0.01,0.000010,,,,,,,,unresolved_no_certificate,absent,accept_conditional_contract
historical_moments,262144,64000000,0.001,0.25,0.1,0.000001,,,,,,,,unresolved_no_certificate,absent,accept_conditional_contract
historical_moments,262144,64000000,0.001,0.25,0.1,0.000003,,,,,,,,unresolved_no_certificate,absent,accept_conditional_contract
historical_moments,262144,64000000,0.001,0.25,0.1,0.000010,,,,,,,,unresolved_no_certificate,absent,accept_conditional_contract
historical_moments,262144,64000000,0.001,0.5,0.001,0.000001,,,,,,,,unresolved_no_certificate,absent,accept_conditional_contract
historical_moments,262144,64000000,0.001,0.5,0.001,0.000003,,,,,,,,unresolved_no_certificate,absent,accept_conditional_contract
historical_moments,262144,64000000,0.001,0.5,0.001,0.000010,,,,,,,,unresolved_no_certificate,absent,accept_conditional_contract
historical_moments,262144,64000000,0.001,0.5,0.01,0.000001,,,,,,,,unresolved_no_certificate,absent,accept_conditional_contract
historical_moments,262144,64000000,0.001,0.5,0.01,0.000003,,,,,,,,unresolved_no_certificate,absent,accept_conditional_contract
historical_moments,262144,64000000,0.001,0.5,0.01,0.000010,,,,,,,,unresolved_no_certificate,absent,accept_conditional_contract
historical_moments,262144,64000000,0.001,0.5,0.1,0.000001,,,,,,,,unresolved_no_certificate,absent,accept_conditional_contract
historical_moments,262144,64000000,0.001,0.5,0.1,0.000003,,,,,,,,unresolved_no_certificate,absent,accept_conditional_contract
historical_moments,262144,64000000,0.001,0.5,0.1,0.000010,,,,,,,,unresolved_no_certificate,absent,accept_conditional_contract
rarity_diagnostic,262144,64000000,0.001,0.05,0.001,0.000001,,,,,,,8.35102849086e-3,unresolved_no_certificate,absent,accept_conditional_contract
rarity_diagnostic,262144,64000000,0.001,0.05,0.001,0.000003,,,,,,,8.35102849086e-3,unresolved_no_certificate,absent,accept_conditional_contract
rarity_diagnostic,262144,64000000,0.001,0.05,0.001,0.000010,,,,,,,8.35102849086e-3,unresolved_no_certificate,absent,accept_conditional_contract
rarity_diagnostic,262144,64000000,0.001,0.05,0.01,0.000001,,,,,,,8.35102849086e-3,unresolved_no_certificate,absent,accept_conditional_contract
rarity_diagnostic,262144,64000000,0.001,0.05,0.01,0.000003,,,,,,,8.35102849086e-3,unresolved_no_certificate,absent,accept_conditional_contract
rarity_diagnostic,262144,64000000,0.001,0.05,0.01,0.000010,,,,,,,8.35102849086e-3,unresolved_no_certificate,absent,accept_conditional_contract
rarity_diagnostic,262144,64000000,0.001,0.05,0.1,0.000001,,,,,,,8.35102849086e-3,unresolved_no_certificate,absent,accept_conditional_contract
rarity_diagnostic,262144,64000000,0.001,0.05,0.1,0.000003,,,,,,,8.35102849086e-3,unresolved_no_certificate,absent,accept_conditional_contract
rarity_diagnostic,262144,64000000,0.001,0.05,0.1,0.000010,,,,,,,8.35102849086e-3,unresolved_no_certificate,absent,accept_conditional_contract
rarity_diagnostic,262144,64000000,0.001,0.25,0.001,0.000001,,,,,,,8.35102849086e-3,unresolved_no_certificate,absent,accept_conditional_contract
rarity_diagnostic,262144,64000000,0.001,0.25,0.001,0.000003,,,,,,,8.35102849086e-3,unresolved_no_certificate,absent,accept_conditional_contract
rarity_diagnostic,262144,64000000,0.001,0.25,0.001,0.000010,,,,,,,8.35102849086e-3,unresolved_no_certificate,absent,accept_conditional_contract
rarity_diagnostic,262144,64000000,0.001,0.25,0.01,0.000001,,,,,,,8.35102849086e-3,unresolved_no_certificate,absent,accept_conditional_contract
rarity_diagnostic,262144,64000000,0.001,0.25,0.01,0.000003,,,,,,,8.35102849086e-3,unresolved_no_certificate,absent,accept_conditional_contract
rarity_diagnostic,262144,64000000,0.001,0.25,0.01,0.000010,,,,,,,8.35102849086e-3,unresolved_no_certificate,absent,accept_conditional_contract
rarity_diagnostic,262144,64000000,0.001,0.25,0.1,0.000001,,,,,,,8.35102849086e-3,unresolved_no_certificate,absent,accept_conditional_contract
rarity_diagnostic,262144,64000000,0.001,0.25,0.1,0.000003,,,,,,,8.35102849086e-3,unresolved_no_certificate,absent,accept_conditional_contract
rarity_diagnostic,262144,64000000,0.001,0.25,0.1,0.000010,,,,,,,8.35102849086e-3,unresolved_no_certificate,absent,accept_conditional_contract
rarity_diagnostic,262144,64000000,0.001,0.5,0.001,0.000001,,,,,,,8.35102849086e-3,unresolved_no_certificate,absent,accept_conditional_contract
rarity_diagnostic,262144,64000000,0.001,0.5,0.001,0.000003,,,,,,,8.35102849086e-3,unresolved_no_certificate,absent,accept_conditional_contract
rarity_diagnostic,262144,64000000,0.001,0.5,0.001,0.000010,,,,,,,8.35102849086e-3,unresolved_no_certificate,absent,accept_conditional_contract
rarity_diagnostic,262144,64000000,0.001,0.5,0.01,0.000001,,,,,,,8.35102849086e-3,unresolved_no_certificate,absent,accept_conditional_contract
rarity_diagnostic,262144,64000000,0.001,0.5,0.01,0.000003,,,,,,,8.35102849086e-3,unresolved_no_certificate,absent,accept_conditional_contract
rarity_diagnostic,262144,64000000,0.001,0.5,0.01,0.000010,,,,,,,8.35102849086e-3,unresolved_no_certificate,absent,accept_conditional_contract
rarity_diagnostic,262144,64000000,0.001,0.5,0.1,0.000001,,,,,,,8.35102849086e-3,unresolved_no_certificate,absent,accept_conditional_contract
rarity_diagnostic,262144,64000000,0.001,0.5,0.1,0.000003,,,,,,,8.35102849086e-3,unresolved_no_certificate,absent,accept_conditional_contract
rarity_diagnostic,262144,64000000,0.001,0.5,0.1,0.000010,,,,,,,8.35102849086e-3,unresolved_no_certificate,absent,accept_conditional_contract
historical_moments,262144,64000000,0.0025,0.05,0.001,0.000001,6652763405,66.52763405,9.99999999958e-3,2.40116760925e-3,2.47750000000e-3,8.19659266700e-7,,presented_constant_sufficient_conditional,absent,accept_conditional_contract
historical_moments,262144,64000000,0.0025,0.05,0.001,0.000003,6652763405,66.52763405,9.99999999958e-3,2.40116760925e-3,2.47750000000e-3,8.19659266700e-7,,presented_constant_sufficient_conditional,absent,accept_conditional_contract
historical_moments,262144,64000000,0.0025,0.05,0.001,0.000010,6652763405,66.52763405,9.99999999958e-3,2.40116760925e-3,2.47750000000e-3,8.19659266700e-7,,presented_constant_sufficient_conditional,absent,accept_conditional_contract
historical_moments,262144,64000000,0.0025,0.05,0.01,0.000001,6652763405,66.52763405,9.99999999958e-3,2.40116760925e-3,2.47750000000e-3,8.19659266700e-7,,presented_constant_sufficient_conditional,absent,accept_conditional_contract
historical_moments,262144,64000000,0.0025,0.05,0.01,0.000003,6652763405,66.52763405,9.99999999958e-3,2.40116760925e-3,2.47750000000e-3,8.19659266700e-7,,presented_constant_sufficient_conditional,absent,accept_conditional_contract
historical_moments,262144,64000000,0.0025,0.05,0.01,0.000010,6652763405,66.52763405,9.99999999958e-3,2.40116760925e-3,2.47750000000e-3,8.19659266700e-7,,presented_constant_sufficient_conditional,absent,accept_conditional_contract
historical_moments,262144,64000000,0.0025,0.05,0.1,0.000001,6652763405,66.52763405,9.99999999958e-3,2.40116760925e-3,2.44653125000e-3,8.19659266700e-7,,presented_constant_sufficient_conditional,absent,accept_conditional_contract
historical_moments,262144,64000000,0.0025,0.05,0.1,0.000003,6652763405,66.52763405,9.99999999958e-3,2.40116760925e-3,2.44653125000e-3,8.19659266700e-7,,presented_constant_sufficient_conditional,absent,accept_conditional_contract
historical_moments,262144,64000000,0.0025,0.05,0.1,0.000010,6652763405,66.52763405,9.99999999958e-3,2.40116760925e-3,2.44653125000e-3,8.19659266700e-7,,presented_constant_sufficient_conditional,absent,accept_conditional_contract
historical_moments,262144,64000000,0.0025,0.25,0.001,0.000001,6652763405,66.52763405,9.99999999958e-3,2.40116760925e-3,2.47750000000e-3,8.19659266700e-7,,presented_constant_sufficient_conditional,absent,accept_conditional_contract
historical_moments,262144,64000000,0.0025,0.25,0.001,0.000003,6652763405,66.52763405,9.99999999958e-3,2.40116760925e-3,2.47750000000e-3,8.19659266700e-7,,presented_constant_sufficient_conditional,absent,accept_conditional_contract
historical_moments,262144,64000000,0.0025,0.25,0.001,0.000010,6652763405,66.52763405,9.99999999958e-3,2.40116760925e-3,2.47750000000e-3,8.19659266700e-7,,presented_constant_sufficient_conditional,absent,accept_conditional_contract
historical_moments,262144,64000000,0.0025,0.25,0.01,0.000001,6652763405,66.52763405,9.99999999958e-3,2.40116760925e-3,2.47750000000e-3,8.19659266700e-7,,presented_constant_sufficient_conditional,absent,accept_conditional_contract
historical_moments,262144,64000000,0.0025,0.25,0.01,0.000003,6652763405,66.52763405,9.99999999958e-3,2.40116760925e-3,2.47750000000e-3,8.19659266700e-7,,presented_constant_sufficient_conditional,absent,accept_conditional_contract
historical_moments,262144,64000000,0.0025,0.25,0.01,0.000010,6652763405,66.52763405,9.99999999958e-3,2.40116760925e-3,2.47750000000e-3,8.19659266700e-7,,presented_constant_sufficient_conditional,absent,accept_conditional_contract
historical_moments,262144,64000000,0.0025,0.25,0.1,0.000001,6652763405,66.52763405,9.99999999958e-3,2.40116760925e-3,2.44653125000e-3,8.19659266700e-7,,presented_constant_sufficient_conditional,absent,accept_conditional_contract
historical_moments,262144,64000000,0.0025,0.25,0.1,0.000003,6652763405,66.52763405,9.99999999958e-3,2.40116760925e-3,2.44653125000e-3,8.19659266700e-7,,presented_constant_sufficient_conditional,absent,accept_conditional_contract
historical_moments,262144,64000000,0.0025,0.25,0.1,0.000010,6652763405,66.52763405,9.99999999958e-3,2.40116760925e-3,2.44653125000e-3,8.19659266700e-7,,presented_constant_sufficient_conditional,absent,accept_conditional_contract
historical_moments,262144,64000000,0.0025,0.5,0.001,0.000001,6652763405,66.52763405,9.99999999958e-3,2.40116760925e-3,2.47750000000e-3,8.19659266700e-7,,presented_constant_sufficient_conditional,absent,accept_conditional_contract
historical_moments,262144,64000000,0.0025,0.5,0.001,0.000003,6652763405,66.52763405,9.99999999958e-3,2.40116760925e-3,2.47750000000e-3,8.19659266700e-7,,presented_constant_sufficient_conditional,absent,accept_conditional_contract
historical_moments,262144,64000000,0.0025,0.5,0.001,0.000010,6652763405,66.52763405,9.99999999958e-3,2.40116760925e-3,2.47750000000e-3,8.19659266700e-7,,presented_constant_sufficient_conditional,absent,accept_conditional_contract
historical_moments,262144,64000000,0.0025,0.5,0.01,0.000001,6652763405,66.52763405,9.99999999958e-3,2.40116760925e-3,2.47750000000e-3,8.19659266700e-7,,presented_constant_sufficient_conditional,absent,accept_conditional_contract
historical_moments,262144,64000000,0.0025,0.5,0.01,0.000003,6652763405,66.52763405,9.99999999958e-3,2.40116760925e-3,2.47750000000e-3,8.19659266700e-7,,presented_constant_sufficient_conditional,absent,accept_conditional_contract
historical_moments,262144,64000000,0.0025,0.5,0.01,0.000010,6652763405,66.52763405,9.99999999958e-3,2.40116760925e-3,2.47750000000e-3,8.19659266700e-7,,presented_constant_sufficient_conditional,absent,accept_conditional_contract
historical_moments,262144,64000000,0.0025,0.5,0.1,0.000001,6652763405,66.52763405,9.99999999958e-3,2.40116760925e-3,2.44653125000e-3,8.19659266700e-7,,presented_constant_sufficient_conditional,absent,accept_conditional_contract
historical_moments,262144,64000000,0.0025,0.5,0.1,0.000003,6652763405,66.52763405,9.99999999958e-3,2.40116760925e-3,2.44653125000e-3,8.19659266700e-7,,presented_constant_sufficient_conditional,absent,accept_conditional_contract
historical_moments,262144,64000000,0.0025,0.5,0.1,0.000010,6652763405,66.52763405,9.99999999958e-3,2.40116760925e-3,2.44653125000e-3,8.19659266700e-7,,presented_constant_sufficient_conditional,absent,accept_conditional_contract
rarity_diagnostic,262144,64000000,0.0025,0.05,0.001,0.000001,,,,,,,3.35263471050e-3,unresolved_no_certificate,absent,accept_conditional_contract
rarity_diagnostic,262144,64000000,0.0025,0.05,0.001,0.000003,,,,,,,3.35263471050e-3,unresolved_no_certificate,absent,accept_conditional_contract
rarity_diagnostic,262144,64000000,0.0025,0.05,0.001,0.000010,,,,,,,3.35263471050e-3,unresolved_no_certificate,absent,accept_conditional_contract
rarity_diagnostic,262144,64000000,0.0025,0.05,0.01,0.000001,,,,,,,3.35263471050e-3,unresolved_no_certificate,absent,accept_conditional_contract
rarity_diagnostic,262144,64000000,0.0025,0.05,0.01,0.000003,,,,,,,3.35263471050e-3,unresolved_no_certificate,absent,accept_conditional_contract
rarity_diagnostic,262144,64000000,0.0025,0.05,0.01,0.000010,,,,,,,3.35263471050e-3,unresolved_no_certificate,absent,accept_conditional_contract
rarity_diagnostic,262144,64000000,0.0025,0.05,0.1,0.000001,,,,,,,3.35263471050e-3,unresolved_no_certificate,absent,accept_conditional_contract
rarity_diagnostic,262144,64000000,0.0025,0.05,0.1,0.000003,,,,,,,3.35263471050e-3,unresolved_no_certificate,absent,accept_conditional_contract
rarity_diagnostic,262144,64000000,0.0025,0.05,0.1,0.000010,,,,,,,3.35263471050e-3,unresolved_no_certificate,absent,accept_conditional_contract
rarity_diagnostic,262144,64000000,0.0025,0.25,0.001,0.000001,,,,,,,3.35263471050e-3,unresolved_no_certificate,absent,accept_conditional_contract
rarity_diagnostic,262144,64000000,0.0025,0.25,0.001,0.000003,,,,,,,3.35263471050e-3,unresolved_no_certificate,absent,accept_conditional_contract
rarity_diagnostic,262144,64000000,0.0025,0.25,0.001,0.000010,,,,,,,3.35263471050e-3,unresolved_no_certificate,absent,accept_conditional_contract
rarity_diagnostic,262144,64000000,0.0025,0.25,0.01,0.000001,,,,,,,3.35263471050e-3,unresolved_no_certificate,absent,accept_conditional_contract
rarity_diagnostic,262144,64000000,0.0025,0.25,0.01,0.000003,,,,,,,3.35263471050e-3,unresolved_no_certificate,absent,accept_conditional_contract
rarity_diagnostic,262144,64000000,0.0025,0.25,0.01,0.000010,,,,,,,3.35263471050e-3,unresolved_no_certificate,absent,accept_conditional_contract
rarity_diagnostic,262144,64000000,0.0025,0.25,0.1,0.000001,,,,,,,3.35263471050e-3,unresolved_no_certificate,absent,accept_conditional_contract
rarity_diagnostic,262144,64000000,0.0025,0.25,0.1,0.000003,,,,,,,3.35263471050e-3,unresolved_no_certificate,absent,accept_conditional_contract
rarity_diagnostic,262144,64000000,0.0025,0.25,0.1,0.000010,,,,,,,3.35263471050e-3,unresolved_no_certificate,absent,accept_conditional_contract
rarity_diagnostic,262144,64000000,0.0025,0.5,0.001,0.000001,,,,,,,3.35263471050e-3,unresolved_no_certificate,absent,accept_conditional_contract
rarity_diagnostic,262144,64000000,0.0025,0.5,0.001,0.000003,,,,,,,3.35263471050e-3,unresolved_no_certificate,absent,accept_conditional_contract
rarity_diagnostic,262144,64000000,0.0025,0.5,0.001,0.000010,,,,,,,3.35263471050e-3,unresolved_no_certificate,absent,accept_conditional_contract
rarity_diagnostic,262144,64000000,0.0025,0.5,0.01,0.000001,,,,,,,3.35263471050e-3,unresolved_no_certificate,absent,accept_conditional_contract
rarity_diagnostic,262144,64000000,0.0025,0.5,0.01,0.000003,,,,,,,3.35263471050e-3,unresolved_no_certificate,absent,accept_conditional_contract
rarity_diagnostic,262144,64000000,0.0025,0.5,0.01,0.000010,,,,,,,3.35263471050e-3,unresolved_no_certificate,absent,accept_conditional_contract
rarity_diagnostic,262144,64000000,0.0025,0.5,0.1,0.000001,,,,,,,3.35263471050e-3,unresolved_no_certificate,absent,accept_conditional_contract
rarity_diagnostic,262144,64000000,0.0025,0.5,0.1,0.000003,,,,,,,3.35263471050e-3,unresolved_no_certificate,absent,accept_conditional_contract
rarity_diagnostic,262144,64000000,0.0025,0.5,0.1,0.000010,,,,,,,3.35263471050e-3,unresolved_no_certificate,absent,accept_conditional_contract
historical_moments,262144,64000000,0.01,0.05,0.001,0.000001,6652763405,66.52763405,9.99999999958e-3,2.40116760925e-3,2.47750000000e-3,8.19659266700e-7,,presented_constant_sufficient_conditional,absent,accept_conditional_contract
historical_moments,262144,64000000,0.01,0.05,0.001,0.000003,6652763405,66.52763405,9.99999999958e-3,2.40116760925e-3,2.47750000000e-3,8.19659266700e-7,,presented_constant_sufficient_conditional,absent,accept_conditional_contract
historical_moments,262144,64000000,0.01,0.05,0.001,0.000010,6652763405,66.52763405,9.99999999958e-3,2.40116760925e-3,2.47750000000e-3,8.19659266700e-7,,presented_constant_sufficient_conditional,absent,accept_conditional_contract
historical_moments,262144,64000000,0.01,0.05,0.01,0.000001,6652763405,66.52763405,9.99999999958e-3,2.40116760925e-3,2.47750000000e-3,8.19659266700e-7,,presented_constant_sufficient_conditional,absent,accept_conditional_contract
historical_moments,262144,64000000,0.01,0.05,0.01,0.000003,6652763405,66.52763405,9.99999999958e-3,2.40116760925e-3,2.47750000000e-3,8.19659266700e-7,,presented_constant_sufficient_conditional,absent,accept_conditional_contract
historical_moments,262144,64000000,0.01,0.05,0.01,0.000010,6652763405,66.52763405,9.99999999958e-3,2.40116760925e-3,2.47750000000e-3,8.19659266700e-7,,presented_constant_sufficient_conditional,absent,accept_conditional_contract
historical_moments,262144,64000000,0.01,0.05,0.1,0.000001,6652763405,66.52763405,9.99999999958e-3,2.40116760925e-3,2.44653125000e-3,8.19659266700e-7,,presented_constant_sufficient_conditional,absent,accept_conditional_contract
historical_moments,262144,64000000,0.01,0.05,0.1,0.000003,6652763405,66.52763405,9.99999999958e-3,2.40116760925e-3,2.44653125000e-3,8.19659266700e-7,,presented_constant_sufficient_conditional,absent,accept_conditional_contract
historical_moments,262144,64000000,0.01,0.05,0.1,0.000010,6652763405,66.52763405,9.99999999958e-3,2.40116760925e-3,2.44653125000e-3,8.19659266700e-7,,presented_constant_sufficient_conditional,absent,accept_conditional_contract
historical_moments,262144,64000000,0.01,0.25,0.001,0.000001,6652763405,66.52763405,9.99999999958e-3,2.40116760925e-3,2.47750000000e-3,8.19659266700e-7,,presented_constant_sufficient_conditional,absent,accept_conditional_contract
historical_moments,262144,64000000,0.01,0.25,0.001,0.000003,6652763405,66.52763405,9.99999999958e-3,2.40116760925e-3,2.47750000000e-3,8.19659266700e-7,,presented_constant_sufficient_conditional,absent,accept_conditional_contract
historical_moments,262144,64000000,0.01,0.25,0.001,0.000010,6652763405,66.52763405,9.99999999958e-3,2.40116760925e-3,2.47750000000e-3,8.19659266700e-7,,presented_constant_sufficient_conditional,absent,accept_conditional_contract
historical_moments,262144,64000000,0.01,0.25,0.01,0.000001,6652763405,66.52763405,9.99999999958e-3,2.40116760925e-3,2.47750000000e-3,8.19659266700e-7,,presented_constant_sufficient_conditional,absent,accept_conditional_contract
historical_moments,262144,64000000,0.01,0.25,0.01,0.000003,6652763405,66.52763405,9.99999999958e-3,2.40116760925e-3,2.47750000000e-3,8.19659266700e-7,,presented_constant_sufficient_conditional,absent,accept_conditional_contract
historical_moments,262144,64000000,0.01,0.25,0.01,0.000010,6652763405,66.52763405,9.99999999958e-3,2.40116760925e-3,2.47750000000e-3,8.19659266700e-7,,presented_constant_sufficient_conditional,absent,accept_conditional_contract
historical_moments,262144,64000000,0.01,0.25,0.1,0.000001,6652763405,66.52763405,9.99999999958e-3,2.40116760925e-3,2.44653125000e-3,8.19659266700e-7,,presented_constant_sufficient_conditional,absent,accept_conditional_contract
historical_moments,262144,64000000,0.01,0.25,0.1,0.000003,6652763405,66.52763405,9.99999999958e-3,2.40116760925e-3,2.44653125000e-3,8.19659266700e-7,,presented_constant_sufficient_conditional,absent,accept_conditional_contract
historical_moments,262144,64000000,0.01,0.25,0.1,0.000010,6652763405,66.52763405,9.99999999958e-3,2.40116760925e-3,2.44653125000e-3,8.19659266700e-7,,presented_constant_sufficient_conditional,absent,accept_conditional_contract
historical_moments,262144,64000000,0.01,0.5,0.001,0.000001,6652763405,66.52763405,9.99999999958e-3,2.40116760925e-3,2.47750000000e-3,8.19659266700e-7,,presented_constant_sufficient_conditional,absent,accept_conditional_contract
historical_moments,262144,64000000,0.01,0.5,0.001,0.000003,6652763405,66.52763405,9.99999999958e-3,2.40116760925e-3,2.47750000000e-3,8.19659266700e-7,,presented_constant_sufficient_conditional,absent,accept_conditional_contract
historical_moments,262144,64000000,0.01,0.5,0.001,0.000010,6652763405,66.52763405,9.99999999958e-3,2.40116760925e-3,2.47750000000e-3,8.19659266700e-7,,presented_constant_sufficient_conditional,absent,accept_conditional_contract
historical_moments,262144,64000000,0.01,0.5,0.01,0.000001,6652763405,66.52763405,9.99999999958e-3,2.40116760925e-3,2.47750000000e-3,8.19659266700e-7,,presented_constant_sufficient_conditional,absent,accept_conditional_contract
historical_moments,262144,64000000,0.01,0.5,0.01,0.000003,6652763405,66.52763405,9.99999999958e-3,2.40116760925e-3,2.47750000000e-3,8.19659266700e-7,,presented_constant_sufficient_conditional,absent,accept_conditional_contract
historical_moments,262144,64000000,0.01,0.5,0.01,0.000010,6652763405,66.52763405,9.99999999958e-3,2.40116760925e-3,2.47750000000e-3,8.19659266700e-7,,presented_constant_sufficient_conditional,absent,accept_conditional_contract
historical_moments,262144,64000000,0.01,0.5,0.1,0.000001,6652763405,66.52763405,9.99999999958e-3,2.40116760925e-3,2.44653125000e-3,8.19659266700e-7,,presented_constant_sufficient_conditional,absent,accept_conditional_contract
historical_moments,262144,64000000,0.01,0.5,0.1,0.000003,6652763405,66.52763405,9.99999999958e-3,2.40116760925e-3,2.44653125000e-3,8.19659266700e-7,,presented_constant_sufficient_conditional,absent,accept_conditional_contract
historical_moments,262144,64000000,0.01,0.5,0.1,0.000010,6652763405,66.52763405,9.99999999958e-3,2.40116760925e-3,2.44653125000e-3,8.19659266700e-7,,presented_constant_sufficient_conditional,absent,accept_conditional_contract
rarity_diagnostic,262144,64000000,0.01,0.05,0.001,0.000001,2018037184,20.18037184,9.99999999764e-3,7.91581053445e-3,8.05187500000e-3,8.20318286325e-7,8.39693621380e-4,presented_constant_sufficient_conditional,absent,accept_conditional_contract
rarity_diagnostic,262144,64000000,0.01,0.05,0.001,0.000003,2018037184,20.18037184,9.99999999764e-3,7.91581053445e-3,8.05187500000e-3,8.20318286325e-7,8.39693621380e-4,presented_constant_sufficient_conditional,absent,accept_conditional_contract
rarity_diagnostic,262144,64000000,0.01,0.05,0.001,0.000010,2018037184,20.18037184,9.99999999764e-3,7.91581053445e-3,8.05187500000e-3,8.20318286325e-7,8.39693621380e-4,presented_constant_sufficient_conditional,absent,accept_conditional_contract
rarity_diagnostic,262144,64000000,0.01,0.05,0.01,0.000001,2018037184,20.18037184,9.99999999764e-3,7.91581053445e-3,8.05187500000e-3,8.20318286325e-7,8.39693621380e-4,presented_constant_sufficient_conditional,absent,accept_conditional_contract
rarity_diagnostic,262144,64000000,0.01,0.05,0.01,0.000003,2018037184,20.18037184,9.99999999764e-3,7.91581053445e-3,8.05187500000e-3,8.20318286325e-7,8.39693621380e-4,presented_constant_sufficient_conditional,absent,accept_conditional_contract
rarity_diagnostic,262144,64000000,0.01,0.05,0.01,0.000010,2018037184,20.18037184,9.99999999764e-3,7.91581053445e-3,8.05187500000e-3,8.20318286325e-7,8.39693621380e-4,presented_constant_sufficient_conditional,absent,accept_conditional_contract
rarity_diagnostic,262144,64000000,0.01,0.05,0.1,0.000001,2018037184,20.18037184,9.99999999764e-3,7.91581053445e-3,8.04938073731e-3,8.20318286325e-7,8.39693621380e-4,presented_constant_sufficient_conditional,absent,accept_conditional_contract
rarity_diagnostic,262144,64000000,0.01,0.05,0.1,0.000003,2018037184,20.18037184,9.99999999764e-3,7.91581053445e-3,8.04938073731e-3,8.20318286325e-7,8.39693621380e-4,presented_constant_sufficient_conditional,absent,accept_conditional_contract
rarity_diagnostic,262144,64000000,0.01,0.05,0.1,0.000010,2018037184,20.18037184,9.99999999764e-3,7.91581053445e-3,8.04938073731e-3,8.20318286325e-7,8.39693621380e-4,presented_constant_sufficient_conditional,absent,accept_conditional_contract
rarity_diagnostic,262144,64000000,0.01,0.25,0.001,0.000001,2018037184,20.18037184,9.99999999764e-3,7.91581053445e-3,8.05187500000e-3,8.20318286325e-7,8.39693621380e-4,presented_constant_sufficient_conditional,absent,accept_conditional_contract
rarity_diagnostic,262144,64000000,0.01,0.25,0.001,0.000003,2018037184,20.18037184,9.99999999764e-3,7.91581053445e-3,8.05187500000e-3,8.20318286325e-7,8.39693621380e-4,presented_constant_sufficient_conditional,absent,accept_conditional_contract
rarity_diagnostic,262144,64000000,0.01,0.25,0.001,0.000010,2018037184,20.18037184,9.99999999764e-3,7.91581053445e-3,8.05187500000e-3,8.20318286325e-7,8.39693621380e-4,presented_constant_sufficient_conditional,absent,accept_conditional_contract
rarity_diagnostic,262144,64000000,0.01,0.25,0.01,0.000001,2018037184,20.18037184,9.99999999764e-3,7.91581053445e-3,8.05187500000e-3,8.20318286325e-7,8.39693621380e-4,presented_constant_sufficient_conditional,absent,accept_conditional_contract
rarity_diagnostic,262144,64000000,0.01,0.25,0.01,0.000003,2018037184,20.18037184,9.99999999764e-3,7.91581053445e-3,8.05187500000e-3,8.20318286325e-7,8.39693621380e-4,presented_constant_sufficient_conditional,absent,accept_conditional_contract
rarity_diagnostic,262144,64000000,0.01,0.25,0.01,0.000010,2018037184,20.18037184,9.99999999764e-3,7.91581053445e-3,8.05187500000e-3,8.20318286325e-7,8.39693621380e-4,presented_constant_sufficient_conditional,absent,accept_conditional_contract
rarity_diagnostic,262144,64000000,0.01,0.25,0.1,0.000001,2018037184,20.18037184,9.99999999764e-3,7.91581053445e-3,8.04938073731e-3,8.20318286325e-7,8.39693621380e-4,presented_constant_sufficient_conditional,absent,accept_conditional_contract
rarity_diagnostic,262144,64000000,0.01,0.25,0.1,0.000003,2018037184,20.18037184,9.99999999764e-3,7.91581053445e-3,8.04938073731e-3,8.20318286325e-7,8.39693621380e-4,presented_constant_sufficient_conditional,absent,accept_conditional_contract
rarity_diagnostic,262144,64000000,0.01,0.25,0.1,0.000010,2018037184,20.18037184,9.99999999764e-3,7.91581053445e-3,8.04938073731e-3,8.20318286325e-7,8.39693621380e-4,presented_constant_sufficient_conditional,absent,accept_conditional_contract
rarity_diagnostic,262144,64000000,0.01,0.5,0.001,0.000001,2018037184,20.18037184,9.99999999764e-3,7.91581053445e-3,8.05187500000e-3,8.20318286325e-7,8.39693621380e-4,presented_constant_sufficient_conditional,absent,accept_conditional_contract
rarity_diagnostic,262144,64000000,0.01,0.5,0.001,0.000003,2018037184,20.18037184,9.99999999764e-3,7.91581053445e-3,8.05187500000e-3,8.20318286325e-7,8.39693621380e-4,presented_constant_sufficient_conditional,absent,accept_conditional_contract
rarity_diagnostic,262144,64000000,0.01,0.5,0.001,0.000010,2018037184,20.18037184,9.99999999764e-3,7.91581053445e-3,8.05187500000e-3,8.20318286325e-7,8.39693621380e-4,presented_constant_sufficient_conditional,absent,accept_conditional_contract
rarity_diagnostic,262144,64000000,0.01,0.5,0.01,0.000001,2018037184,20.18037184,9.99999999764e-3,7.91581053445e-3,8.05187500000e-3,8.20318286325e-7,8.39693621380e-4,presented_constant_sufficient_conditional,absent,accept_conditional_contract
rarity_diagnostic,262144,64000000,0.01,0.5,0.01,0.000003,2018037184,20.18037184,9.99999999764e-3,7.91581053445e-3,8.05187500000e-3,8.20318286325e-7,8.39693621380e-4,presented_constant_sufficient_conditional,absent,accept_conditional_contract
rarity_diagnostic,262144,64000000,0.01,0.5,0.01,0.000010,2018037184,20.18037184,9.99999999764e-3,7.91581053445e-3,8.05187500000e-3,8.20318286325e-7,8.39693621380e-4,presented_constant_sufficient_conditional,absent,accept_conditional_contract
rarity_diagnostic,262144,64000000,0.01,0.5,0.1,0.000001,2018037184,20.18037184,9.99999999764e-3,7.91581053445e-3,8.04938073731e-3,8.20318286325e-7,8.39693621380e-4,presented_constant_sufficient_conditional,absent,accept_conditional_contract
rarity_diagnostic,262144,64000000,0.01,0.5,0.1,0.000003,2018037184,20.18037184,9.99999999764e-3,7.91581053445e-3,8.04938073731e-3,8.20318286325e-7,8.39693621380e-4,presented_constant_sufficient_conditional,absent,accept_conditional_contract
rarity_diagnostic,262144,64000000,0.01,0.5,0.1,0.000010,2018037184,20.18037184,9.99999999764e-3,7.91581053445e-3,8.04938073731e-3,8.20318286325e-7,8.39693621380e-4,presented_constant_sufficient_conditional,absent,accept_conditional_contract
historical_moments,262144,256000000,0.001,0.05,0.001,0.000001,6652763405,66.52763405,9.99999999958e-3,6.00291902312e-4,6.49375000000e-4,3.62447230316e-7,,presented_constant_sufficient_conditional,absent,accept_conditional_contract
historical_moments,262144,256000000,0.001,0.05,0.001,0.000003,6652763405,66.52763405,9.99999999958e-3,6.00291902312e-4,6.49375000000e-4,3.62447230316e-7,,presented_constant_sufficient_conditional,absent,accept_conditional_contract
historical_moments,262144,256000000,0.001,0.05,0.001,0.000010,6652763405,66.52763405,9.99999999958e-3,6.00291902312e-4,6.49375000000e-4,3.62447230316e-7,,presented_constant_sufficient_conditional,absent,accept_conditional_contract
historical_moments,262144,256000000,0.001,0.05,0.01,0.000001,6652763405,66.52763405,9.99999999958e-3,6.00291902312e-4,6.49375000000e-4,3.62447230316e-7,,presented_constant_sufficient_conditional,absent,accept_conditional_contract
historical_moments,262144,256000000,0.001,0.05,0.01,0.000003,6652763405,66.52763405,9.99999999958e-3,6.00291902312e-4,6.49375000000e-4,3.62447230316e-7,,presented_constant_sufficient_conditional,absent,accept_conditional_contract
historical_moments,262144,256000000,0.001,0.05,0.01,0.000010,6652763405,66.52763405,9.99999999958e-3,6.00291902312e-4,6.49375000000e-4,3.62447230316e-7,,presented_constant_sufficient_conditional,absent,accept_conditional_contract
historical_moments,262144,256000000,0.001,0.05,0.1,0.000001,6652763405,66.52763405,9.99999999958e-3,6.00291902312e-4,6.41257812500e-4,3.62447230316e-7,,presented_constant_sufficient_conditional,absent,accept_conditional_contract
historical_moments,262144,256000000,0.001,0.05,0.1,0.000003,6652763405,66.52763405,9.99999999958e-3,6.00291902312e-4,6.41257812500e-4,3.62447230316e-7,,presented_constant_sufficient_conditional,absent,accept_conditional_contract
historical_moments,262144,256000000,0.001,0.05,0.1,0.000010,6652763405,66.52763405,9.99999999958e-3,6.00291902312e-4,6.41257812500e-4,3.62447230316e-7,,presented_constant_sufficient_conditional,absent,accept_conditional_contract
historical_moments,262144,256000000,0.001,0.25,0.001,0.000001,6652763405,66.52763405,9.99999999958e-3,6.00291902312e-4,6.49375000000e-4,3.62447230316e-7,,presented_constant_sufficient_conditional,absent,accept_conditional_contract
historical_moments,262144,256000000,0.001,0.25,0.001,0.000003,6652763405,66.52763405,9.99999999958e-3,6.00291902312e-4,6.49375000000e-4,3.62447230316e-7,,presented_constant_sufficient_conditional,absent,accept_conditional_contract
historical_moments,262144,256000000,0.001,0.25,0.001,0.000010,6652763405,66.52763405,9.99999999958e-3,6.00291902312e-4,6.49375000000e-4,3.62447230316e-7,,presented_constant_sufficient_conditional,absent,accept_conditional_contract
historical_moments,262144,256000000,0.001,0.25,0.01,0.000001,6652763405,66.52763405,9.99999999958e-3,6.00291902312e-4,6.49375000000e-4,3.62447230316e-7,,presented_constant_sufficient_conditional,absent,accept_conditional_contract
historical_moments,262144,256000000,0.001,0.25,0.01,0.000003,6652763405,66.52763405,9.99999999958e-3,6.00291902312e-4,6.49375000000e-4,3.62447230316e-7,,presented_constant_sufficient_conditional,absent,accept_conditional_contract
historical_moments,262144,256000000,0.001,0.25,0.01,0.000010,6652763405,66.52763405,9.99999999958e-3,6.00291902312e-4,6.49375000000e-4,3.62447230316e-7,,presented_constant_sufficient_conditional,absent,accept_conditional_contract
historical_moments,262144,256000000,0.001,0.25,0.1,0.000001,6652763405,66.52763405,9.99999999958e-3,6.00291902312e-4,6.41257812500e-4,3.62447230316e-7,,presented_constant_sufficient_conditional,absent,accept_conditional_contract
historical_moments,262144,256000000,0.001,0.25,0.1,0.000003,6652763405,66.52763405,9.99999999958e-3,6.00291902312e-4,6.41257812500e-4,3.62447230316e-7,,presented_constant_sufficient_conditional,absent,accept_conditional_contract
historical_moments,262144,256000000,0.001,0.25,0.1,0.000010,6652763405,66.52763405,9.99999999958e-3,6.00291902312e-4,6.41257812500e-4,3.62447230316e-7,,presented_constant_sufficient_conditional,absent,accept_conditional_contract
historical_moments,262144,256000000,0.001,0.5,0.001,0.000001,6652763405,66.52763405,9.99999999958e-3,6.00291902312e-4,6.49375000000e-4,3.62447230316e-7,,presented_constant_sufficient_conditional,absent,accept_conditional_contract
historical_moments,262144,256000000,0.001,0.5,0.001,0.000003,6652763405,66.52763405,9.99999999958e-3,6.00291902312e-4,6.49375000000e-4,3.62447230316e-7,,presented_constant_sufficient_conditional,absent,accept_conditional_contract
historical_moments,262144,256000000,0.001,0.5,0.001,0.000010,6652763405,66.52763405,9.99999999958e-3,6.00291902312e-4,6.49375000000e-4,3.62447230316e-7,,presented_constant_sufficient_conditional,absent,accept_conditional_contract
historical_moments,262144,256000000,0.001,0.5,0.01,0.000001,6652763405,66.52763405,9.99999999958e-3,6.00291902312e-4,6.49375000000e-4,3.62447230316e-7,,presented_constant_sufficient_conditional,absent,accept_conditional_contract
historical_moments,262144,256000000,0.001,0.5,0.01,0.000003,6652763405,66.52763405,9.99999999958e-3,6.00291902312e-4,6.49375000000e-4,3.62447230316e-7,,presented_constant_sufficient_conditional,absent,accept_conditional_contract
historical_moments,262144,256000000,0.001,0.5,0.01,0.000010,6652763405,66.52763405,9.99999999958e-3,6.00291902312e-4,6.49375000000e-4,3.62447230316e-7,,presented_constant_sufficient_conditional,absent,accept_conditional_contract
historical_moments,262144,256000000,0.001,0.5,0.1,0.000001,6652763405,66.52763405,9.99999999958e-3,6.00291902312e-4,6.41257812500e-4,3.62447230316e-7,,presented_constant_sufficient_conditional,absent,accept_conditional_contract
historical_moments,262144,256000000,0.001,0.5,0.1,0.000003,6652763405,66.52763405,9.99999999958e-3,6.00291902312e-4,6.41257812500e-4,3.62447230316e-7,,presented_constant_sufficient_conditional,absent,accept_conditional_contract
historical_moments,262144,256000000,0.001,0.5,0.1,0.000010,6652763405,66.52763405,9.99999999958e-3,6.00291902312e-4,6.41257812500e-4,3.62447230316e-7,,presented_constant_sufficient_conditional,absent,accept_conditional_contract
rarity_diagnostic,262144,256000000,0.001,0.05,0.001,0.000001,,,,,,,2.09731397921e-3,unresolved_no_certificate,absent,accept_conditional_contract
rarity_diagnostic,262144,256000000,0.001,0.05,0.001,0.000003,,,,,,,2.09731397921e-3,unresolved_no_certificate,absent,accept_conditional_contract
rarity_diagnostic,262144,256000000,0.001,0.05,0.001,0.000010,,,,,,,2.09731397921e-3,unresolved_no_certificate,absent,accept_conditional_contract
rarity_diagnostic,262144,256000000,0.001,0.05,0.01,0.000001,,,,,,,2.09731397921e-3,unresolved_no_certificate,absent,accept_conditional_contract
rarity_diagnostic,262144,256000000,0.001,0.05,0.01,0.000003,,,,,,,2.09731397921e-3,unresolved_no_certificate,absent,accept_conditional_contract
rarity_diagnostic,262144,256000000,0.001,0.05,0.01,0.000010,,,,,,,2.09731397921e-3,unresolved_no_certificate,absent,accept_conditional_contract
rarity_diagnostic,262144,256000000,0.001,0.05,0.1,0.000001,,,,,,,2.09731397921e-3,unresolved_no_certificate,absent,accept_conditional_contract
rarity_diagnostic,262144,256000000,0.001,0.05,0.1,0.000003,,,,,,,2.09731397921e-3,unresolved_no_certificate,absent,accept_conditional_contract
rarity_diagnostic,262144,256000000,0.001,0.05,0.1,0.000010,,,,,,,2.09731397921e-3,unresolved_no_certificate,absent,accept_conditional_contract
rarity_diagnostic,262144,256000000,0.001,0.25,0.001,0.000001,,,,,,,2.09731397921e-3,unresolved_no_certificate,absent,accept_conditional_contract
rarity_diagnostic,262144,256000000,0.001,0.25,0.001,0.000003,,,,,,,2.09731397921e-3,unresolved_no_certificate,absent,accept_conditional_contract
rarity_diagnostic,262144,256000000,0.001,0.25,0.001,0.000010,,,,,,,2.09731397921e-3,unresolved_no_certificate,absent,accept_conditional_contract
rarity_diagnostic,262144,256000000,0.001,0.25,0.01,0.000001,,,,,,,2.09731397921e-3,unresolved_no_certificate,absent,accept_conditional_contract
rarity_diagnostic,262144,256000000,0.001,0.25,0.01,0.000003,,,,,,,2.09731397921e-3,unresolved_no_certificate,absent,accept_conditional_contract
rarity_diagnostic,262144,256000000,0.001,0.25,0.01,0.000010,,,,,,,2.09731397921e-3,unresolved_no_certificate,absent,accept_conditional_contract
rarity_diagnostic,262144,256000000,0.001,0.25,0.1,0.000001,,,,,,,2.09731397921e-3,unresolved_no_certificate,absent,accept_conditional_contract
rarity_diagnostic,262144,256000000,0.001,0.25,0.1,0.000003,,,,,,,2.09731397921e-3,unresolved_no_certificate,absent,accept_conditional_contract
rarity_diagnostic,262144,256000000,0.001,0.25,0.1,0.000010,,,,,,,2.09731397921e-3,unresolved_no_certificate,absent,accept_conditional_contract
rarity_diagnostic,262144,256000000,0.001,0.5,0.001,0.000001,,,,,,,2.09731397921e-3,unresolved_no_certificate,absent,accept_conditional_contract
rarity_diagnostic,262144,256000000,0.001,0.5,0.001,0.000003,,,,,,,2.09731397921e-3,unresolved_no_certificate,absent,accept_conditional_contract
rarity_diagnostic,262144,256000000,0.001,0.5,0.001,0.000010,,,,,,,2.09731397921e-3,unresolved_no_certificate,absent,accept_conditional_contract
rarity_diagnostic,262144,256000000,0.001,0.5,0.01,0.000001,,,,,,,2.09731397921e-3,unresolved_no_certificate,absent,accept_conditional_contract
rarity_diagnostic,262144,256000000,0.001,0.5,0.01,0.000003,,,,,,,2.09731397921e-3,unresolved_no_certificate,absent,accept_conditional_contract
rarity_diagnostic,262144,256000000,0.001,0.5,0.01,0.000010,,,,,,,2.09731397921e-3,unresolved_no_certificate,absent,accept_conditional_contract
rarity_diagnostic,262144,256000000,0.001,0.5,0.1,0.000001,,,,,,,2.09731397921e-3,unresolved_no_certificate,absent,accept_conditional_contract
rarity_diagnostic,262144,256000000,0.001,0.5,0.1,0.000003,,,,,,,2.09731397921e-3,unresolved_no_certificate,absent,accept_conditional_contract
rarity_diagnostic,262144,256000000,0.001,0.5,0.1,0.000010,,,,,,,2.09731397921e-3,unresolved_no_certificate,absent,accept_conditional_contract
historical_moments,262144,256000000,0.0025,0.05,0.001,0.000001,6652763405,66.52763405,9.99999999958e-3,6.00291902312e-4,6.49375000000e-4,3.62447230316e-7,,presented_constant_sufficient_conditional,absent,accept_conditional_contract
historical_moments,262144,256000000,0.0025,0.05,0.001,0.000003,6652763405,66.52763405,9.99999999958e-3,6.00291902312e-4,6.49375000000e-4,3.62447230316e-7,,presented_constant_sufficient_conditional,absent,accept_conditional_contract
historical_moments,262144,256000000,0.0025,0.05,0.001,0.000010,6652763405,66.52763405,9.99999999958e-3,6.00291902312e-4,6.49375000000e-4,3.62447230316e-7,,presented_constant_sufficient_conditional,absent,accept_conditional_contract
historical_moments,262144,256000000,0.0025,0.05,0.01,0.000001,6652763405,66.52763405,9.99999999958e-3,6.00291902312e-4,6.49375000000e-4,3.62447230316e-7,,presented_constant_sufficient_conditional,absent,accept_conditional_contract
historical_moments,262144,256000000,0.0025,0.05,0.01,0.000003,6652763405,66.52763405,9.99999999958e-3,6.00291902312e-4,6.49375000000e-4,3.62447230316e-7,,presented_constant_sufficient_conditional,absent,accept_conditional_contract
historical_moments,262144,256000000,0.0025,0.05,0.01,0.000010,6652763405,66.52763405,9.99999999958e-3,6.00291902312e-4,6.49375000000e-4,3.62447230316e-7,,presented_constant_sufficient_conditional,absent,accept_conditional_contract
historical_moments,262144,256000000,0.0025,0.05,0.1,0.000001,6652763405,66.52763405,9.99999999958e-3,6.00291902312e-4,6.41257812500e-4,3.62447230316e-7,,presented_constant_sufficient_conditional,absent,accept_conditional_contract
historical_moments,262144,256000000,0.0025,0.05,0.1,0.000003,6652763405,66.52763405,9.99999999958e-3,6.00291902312e-4,6.41257812500e-4,3.62447230316e-7,,presented_constant_sufficient_conditional,absent,accept_conditional_contract
historical_moments,262144,256000000,0.0025,0.05,0.1,0.000010,6652763405,66.52763405,9.99999999958e-3,6.00291902312e-4,6.41257812500e-4,3.62447230316e-7,,presented_constant_sufficient_conditional,absent,accept_conditional_contract
historical_moments,262144,256000000,0.0025,0.25,0.001,0.000001,6652763405,66.52763405,9.99999999958e-3,6.00291902312e-4,6.49375000000e-4,3.62447230316e-7,,presented_constant_sufficient_conditional,absent,accept_conditional_contract
historical_moments,262144,256000000,0.0025,0.25,0.001,0.000003,6652763405,66.52763405,9.99999999958e-3,6.00291902312e-4,6.49375000000e-4,3.62447230316e-7,,presented_constant_sufficient_conditional,absent,accept_conditional_contract
historical_moments,262144,256000000,0.0025,0.25,0.001,0.000010,6652763405,66.52763405,9.99999999958e-3,6.00291902312e-4,6.49375000000e-4,3.62447230316e-7,,presented_constant_sufficient_conditional,absent,accept_conditional_contract
historical_moments,262144,256000000,0.0025,0.25,0.01,0.000001,6652763405,66.52763405,9.99999999958e-3,6.00291902312e-4,6.49375000000e-4,3.62447230316e-7,,presented_constant_sufficient_conditional,absent,accept_conditional_contract
historical_moments,262144,256000000,0.0025,0.25,0.01,0.000003,6652763405,66.52763405,9.99999999958e-3,6.00291902312e-4,6.49375000000e-4,3.62447230316e-7,,presented_constant_sufficient_conditional,absent,accept_conditional_contract
historical_moments,262144,256000000,0.0025,0.25,0.01,0.000010,6652763405,66.52763405,9.99999999958e-3,6.00291902312e-4,6.49375000000e-4,3.62447230316e-7,,presented_constant_sufficient_conditional,absent,accept_conditional_contract
historical_moments,262144,256000000,0.0025,0.25,0.1,0.000001,6652763405,66.52763405,9.99999999958e-3,6.00291902312e-4,6.41257812500e-4,3.62447230316e-7,,presented_constant_sufficient_conditional,absent,accept_conditional_contract
historical_moments,262144,256000000,0.0025,0.25,0.1,0.000003,6652763405,66.52763405,9.99999999958e-3,6.00291902312e-4,6.41257812500e-4,3.62447230316e-7,,presented_constant_sufficient_conditional,absent,accept_conditional_contract
historical_moments,262144,256000000,0.0025,0.25,0.1,0.000010,6652763405,66.52763405,9.99999999958e-3,6.00291902312e-4,6.41257812500e-4,3.62447230316e-7,,presented_constant_sufficient_conditional,absent,accept_conditional_contract
historical_moments,262144,256000000,0.0025,0.5,0.001,0.000001,6652763405,66.52763405,9.99999999958e-3,6.00291902312e-4,6.49375000000e-4,3.62447230316e-7,,presented_constant_sufficient_conditional,absent,accept_conditional_contract
historical_moments,262144,256000000,0.0025,0.5,0.001,0.000003,6652763405,66.52763405,9.99999999958e-3,6.00291902312e-4,6.49375000000e-4,3.62447230316e-7,,presented_constant_sufficient_conditional,absent,accept_conditional_contract
historical_moments,262144,256000000,0.0025,0.5,0.001,0.000010,6652763405,66.52763405,9.99999999958e-3,6.00291902312e-4,6.49375000000e-4,3.62447230316e-7,,presented_constant_sufficient_conditional,absent,accept_conditional_contract
historical_moments,262144,256000000,0.0025,0.5,0.01,0.000001,6652763405,66.52763405,9.99999999958e-3,6.00291902312e-4,6.49375000000e-4,3.62447230316e-7,,presented_constant_sufficient_conditional,absent,accept_conditional_contract
historical_moments,262144,256000000,0.0025,0.5,0.01,0.000003,6652763405,66.52763405,9.99999999958e-3,6.00291902312e-4,6.49375000000e-4,3.62447230316e-7,,presented_constant_sufficient_conditional,absent,accept_conditional_contract
historical_moments,262144,256000000,0.0025,0.5,0.01,0.000010,6652763405,66.52763405,9.99999999958e-3,6.00291902312e-4,6.49375000000e-4,3.62447230316e-7,,presented_constant_sufficient_conditional,absent,accept_conditional_contract
historical_moments,262144,256000000,0.0025,0.5,0.1,0.000001,6652763405,66.52763405,9.99999999958e-3,6.00291902312e-4,6.41257812500e-4,3.62447230316e-7,,presented_constant_sufficient_conditional,absent,accept_conditional_contract
historical_moments,262144,256000000,0.0025,0.5,0.1,0.000003,6652763405,66.52763405,9.99999999958e-3,6.00291902312e-4,6.41257812500e-4,3.62447230316e-7,,presented_constant_sufficient_conditional,absent,accept_conditional_contract
historical_moments,262144,256000000,0.0025,0.5,0.1,0.000010,6652763405,66.52763405,9.99999999958e-3,6.00291902312e-4,6.41257812500e-4,3.62447230316e-7,,presented_constant_sufficient_conditional,absent,accept_conditional_contract
rarity_diagnostic,262144,256000000,0.0025,0.05,0.001,0.000001,2018037184,20.18037184,9.99999999764e-3,1.97895263362e-3,2.11046875000e-3,3.62685701113e-7,8.39693669416e-4,presented_constant_sufficient_conditional,absent,accept_conditional_contract
rarity_diagnostic,262144,256000000,0.0025,0.05,0.001,0.000003,2018037184,20.18037184,9.99999999764e-3,1.97895263362e-3,2.11046875000e-3,3.62685701113e-7,8.39693669416e-4,presented_constant_sufficient_conditional,absent,accept_conditional_contract
rarity_diagnostic,262144,256000000,0.0025,0.05,0.001,0.000010,2018037184,20.18037184,9.99999999764e-3,1.97895263362e-3,2.11046875000e-3,3.62685701113e-7,8.39693669416e-4,presented_constant_sufficient_conditional,absent,accept_conditional_contract
rarity_diagnostic,262144,256000000,0.0025,0.05,0.01,0.000001,2018037184,20.18037184,9.99999999764e-3,1.97895263362e-3,2.11046875000e-3,3.62685701113e-7,8.39693669416e-4,presented_constant_sufficient_conditional,absent,accept_conditional_contract
rarity_diagnostic,262144,256000000,0.0025,0.05,0.01,0.000003,2018037184,20.18037184,9.99999999764e-3,1.97895263362e-3,2.11046875000e-3,3.62685701113e-7,8.39693669416e-4,presented_constant_sufficient_conditional,absent,accept_conditional_contract
rarity_diagnostic,262144,256000000,0.0025,0.05,0.01,0.000010,2018037184,20.18037184,9.99999999764e-3,1.97895263362e-3,2.11046875000e-3,3.62685701113e-7,8.39693669416e-4,presented_constant_sufficient_conditional,absent,accept_conditional_contract
rarity_diagnostic,262144,256000000,0.0025,0.05,0.1,0.000001,2018037184,20.18037184,9.99999999764e-3,1.97895263362e-3,2.11046875000e-3,3.62685701113e-7,8.39693669416e-4,presented_constant_sufficient_conditional,absent,accept_conditional_contract
rarity_diagnostic,262144,256000000,0.0025,0.05,0.1,0.000003,2018037184,20.18037184,9.99999999764e-3,1.97895263362e-3,2.11046875000e-3,3.62685701113e-7,8.39693669416e-4,presented_constant_sufficient_conditional,absent,accept_conditional_contract
rarity_diagnostic,262144,256000000,0.0025,0.05,0.1,0.000010,2018037184,20.18037184,9.99999999764e-3,1.97895263362e-3,2.11046875000e-3,3.62685701113e-7,8.39693669416e-4,presented_constant_sufficient_conditional,absent,accept_conditional_contract
rarity_diagnostic,262144,256000000,0.0025,0.25,0.001,0.000001,2018037184,20.18037184,9.99999999764e-3,1.97895263362e-3,2.11046875000e-3,3.62685701113e-7,8.39693669416e-4,presented_constant_sufficient_conditional,absent,accept_conditional_contract
rarity_diagnostic,262144,256000000,0.0025,0.25,0.001,0.000003,2018037184,20.18037184,9.99999999764e-3,1.97895263362e-3,2.11046875000e-3,3.62685701113e-7,8.39693669416e-4,presented_constant_sufficient_conditional,absent,accept_conditional_contract
rarity_diagnostic,262144,256000000,0.0025,0.25,0.001,0.000010,2018037184,20.18037184,9.99999999764e-3,1.97895263362e-3,2.11046875000e-3,3.62685701113e-7,8.39693669416e-4,presented_constant_sufficient_conditional,absent,accept_conditional_contract
rarity_diagnostic,262144,256000000,0.0025,0.25,0.01,0.000001,2018037184,20.18037184,9.99999999764e-3,1.97895263362e-3,2.11046875000e-3,3.62685701113e-7,8.39693669416e-4,presented_constant_sufficient_conditional,absent,accept_conditional_contract
rarity_diagnostic,262144,256000000,0.0025,0.25,0.01,0.000003,2018037184,20.18037184,9.99999999764e-3,1.97895263362e-3,2.11046875000e-3,3.62685701113e-7,8.39693669416e-4,presented_constant_sufficient_conditional,absent,accept_conditional_contract
rarity_diagnostic,262144,256000000,0.0025,0.25,0.01,0.000010,2018037184,20.18037184,9.99999999764e-3,1.97895263362e-3,2.11046875000e-3,3.62685701113e-7,8.39693669416e-4,presented_constant_sufficient_conditional,absent,accept_conditional_contract
rarity_diagnostic,262144,256000000,0.0025,0.25,0.1,0.000001,2018037184,20.18037184,9.99999999764e-3,1.97895263362e-3,2.11046875000e-3,3.62685701113e-7,8.39693669416e-4,presented_constant_sufficient_conditional,absent,accept_conditional_contract
rarity_diagnostic,262144,256000000,0.0025,0.25,0.1,0.000003,2018037184,20.18037184,9.99999999764e-3,1.97895263362e-3,2.11046875000e-3,3.62685701113e-7,8.39693669416e-4,presented_constant_sufficient_conditional,absent,accept_conditional_contract
rarity_diagnostic,262144,256000000,0.0025,0.25,0.1,0.000010,2018037184,20.18037184,9.99999999764e-3,1.97895263362e-3,2.11046875000e-3,3.62685701113e-7,8.39693669416e-4,presented_constant_sufficient_conditional,absent,accept_conditional_contract
rarity_diagnostic,262144,256000000,0.0025,0.5,0.001,0.000001,2018037184,20.18037184,9.99999999764e-3,1.97895263362e-3,2.11046875000e-3,3.62685701113e-7,8.39693669416e-4,presented_constant_sufficient_conditional,absent,accept_conditional_contract
rarity_diagnostic,262144,256000000,0.0025,0.5,0.001,0.000003,2018037184,20.18037184,9.99999999764e-3,1.97895263362e-3,2.11046875000e-3,3.62685701113e-7,8.39693669416e-4,presented_constant_sufficient_conditional,absent,accept_conditional_contract
rarity_diagnostic,262144,256000000,0.0025,0.5,0.001,0.000010,2018037184,20.18037184,9.99999999764e-3,1.97895263362e-3,2.11046875000e-3,3.62685701113e-7,8.39693669416e-4,presented_constant_sufficient_conditional,absent,accept_conditional_contract
rarity_diagnostic,262144,256000000,0.0025,0.5,0.01,0.000001,2018037184,20.18037184,9.99999999764e-3,1.97895263362e-3,2.11046875000e-3,3.62685701113e-7,8.39693669416e-4,presented_constant_sufficient_conditional,absent,accept_conditional_contract
rarity_diagnostic,262144,256000000,0.0025,0.5,0.01,0.000003,2018037184,20.18037184,9.99999999764e-3,1.97895263362e-3,2.11046875000e-3,3.62685701113e-7,8.39693669416e-4,presented_constant_sufficient_conditional,absent,accept_conditional_contract
rarity_diagnostic,262144,256000000,0.0025,0.5,0.01,0.000010,2018037184,20.18037184,9.99999999764e-3,1.97895263362e-3,2.11046875000e-3,3.62685701113e-7,8.39693669416e-4,presented_constant_sufficient_conditional,absent,accept_conditional_contract
rarity_diagnostic,262144,256000000,0.0025,0.5,0.1,0.000001,2018037184,20.18037184,9.99999999764e-3,1.97895263362e-3,2.11046875000e-3,3.62685701113e-7,8.39693669416e-4,presented_constant_sufficient_conditional,absent,accept_conditional_contract
rarity_diagnostic,262144,256000000,0.0025,0.5,0.1,0.000003,2018037184,20.18037184,9.99999999764e-3,1.97895263362e-3,2.11046875000e-3,3.62685701113e-7,8.39693669416e-4,presented_constant_sufficient_conditional,absent,accept_conditional_contract
rarity_diagnostic,262144,256000000,0.0025,0.5,0.1,0.000010,2018037184,20.18037184,9.99999999764e-3,1.97895263362e-3,2.11046875000e-3,3.62685701113e-7,8.39693669416e-4,presented_constant_sufficient_conditional,absent,accept_conditional_contract
historical_moments,262144,256000000,0.01,0.05,0.001,0.000001,6652763405,66.52763405,9.99999999958e-3,6.00291902312e-4,6.49375000000e-4,3.62447230316e-7,,presented_constant_sufficient_conditional,absent,accept_conditional_contract
historical_moments,262144,256000000,0.01,0.05,0.001,0.000003,6652763405,66.52763405,9.99999999958e-3,6.00291902312e-4,6.49375000000e-4,3.62447230316e-7,,presented_constant_sufficient_conditional,absent,accept_conditional_contract
historical_moments,262144,256000000,0.01,0.05,0.001,0.000010,6652763405,66.52763405,9.99999999958e-3,6.00291902312e-4,6.49375000000e-4,3.62447230316e-7,,presented_constant_sufficient_conditional,absent,accept_conditional_contract
historical_moments,262144,256000000,0.01,0.05,0.01,0.000001,6652763405,66.52763405,9.99999999958e-3,6.00291902312e-4,6.49375000000e-4,3.62447230316e-7,,presented_constant_sufficient_conditional,absent,accept_conditional_contract
historical_moments,262144,256000000,0.01,0.05,0.01,0.000003,6652763405,66.52763405,9.99999999958e-3,6.00291902312e-4,6.49375000000e-4,3.62447230316e-7,,presented_constant_sufficient_conditional,absent,accept_conditional_contract
historical_moments,262144,256000000,0.01,0.05,0.01,0.000010,6652763405,66.52763405,9.99999999958e-3,6.00291902312e-4,6.49375000000e-4,3.62447230316e-7,,presented_constant_sufficient_conditional,absent,accept_conditional_contract
historical_moments,262144,256000000,0.01,0.05,0.1,0.000001,6652763405,66.52763405,9.99999999958e-3,6.00291902312e-4,6.41257812500e-4,3.62447230316e-7,,presented_constant_sufficient_conditional,absent,accept_conditional_contract
historical_moments,262144,256000000,0.01,0.05,0.1,0.000003,6652763405,66.52763405,9.99999999958e-3,6.00291902312e-4,6.41257812500e-4,3.62447230316e-7,,presented_constant_sufficient_conditional,absent,accept_conditional_contract
historical_moments,262144,256000000,0.01,0.05,0.1,0.000010,6652763405,66.52763405,9.99999999958e-3,6.00291902312e-4,6.41257812500e-4,3.62447230316e-7,,presented_constant_sufficient_conditional,absent,accept_conditional_contract
historical_moments,262144,256000000,0.01,0.25,0.001,0.000001,6652763405,66.52763405,9.99999999958e-3,6.00291902312e-4,6.49375000000e-4,3.62447230316e-7,,presented_constant_sufficient_conditional,absent,accept_conditional_contract
historical_moments,262144,256000000,0.01,0.25,0.001,0.000003,6652763405,66.52763405,9.99999999958e-3,6.00291902312e-4,6.49375000000e-4,3.62447230316e-7,,presented_constant_sufficient_conditional,absent,accept_conditional_contract
historical_moments,262144,256000000,0.01,0.25,0.001,0.000010,6652763405,66.52763405,9.99999999958e-3,6.00291902312e-4,6.49375000000e-4,3.62447230316e-7,,presented_constant_sufficient_conditional,absent,accept_conditional_contract
historical_moments,262144,256000000,0.01,0.25,0.01,0.000001,6652763405,66.52763405,9.99999999958e-3,6.00291902312e-4,6.49375000000e-4,3.62447230316e-7,,presented_constant_sufficient_conditional,absent,accept_conditional_contract
historical_moments,262144,256000000,0.01,0.25,0.01,0.000003,6652763405,66.52763405,9.99999999958e-3,6.00291902312e-4,6.49375000000e-4,3.62447230316e-7,,presented_constant_sufficient_conditional,absent,accept_conditional_contract
historical_moments,262144,256000000,0.01,0.25,0.01,0.000010,6652763405,66.52763405,9.99999999958e-3,6.00291902312e-4,6.49375000000e-4,3.62447230316e-7,,presented_constant_sufficient_conditional,absent,accept_conditional_contract
historical_moments,262144,256000000,0.01,0.25,0.1,0.000001,6652763405,66.52763405,9.99999999958e-3,6.00291902312e-4,6.41257812500e-4,3.62447230316e-7,,presented_constant_sufficient_conditional,absent,accept_conditional_contract
historical_moments,262144,256000000,0.01,0.25,0.1,0.000003,6652763405,66.52763405,9.99999999958e-3,6.00291902312e-4,6.41257812500e-4,3.62447230316e-7,,presented_constant_sufficient_conditional,absent,accept_conditional_contract
historical_moments,262144,256000000,0.01,0.25,0.1,0.000010,6652763405,66.52763405,9.99999999958e-3,6.00291902312e-4,6.41257812500e-4,3.62447230316e-7,,presented_constant_sufficient_conditional,absent,accept_conditional_contract
historical_moments,262144,256000000,0.01,0.5,0.001,0.000001,6652763405,66.52763405,9.99999999958e-3,6.00291902312e-4,6.49375000000e-4,3.62447230316e-7,,presented_constant_sufficient_conditional,absent,accept_conditional_contract
historical_moments,262144,256000000,0.01,0.5,0.001,0.000003,6652763405,66.52763405,9.99999999958e-3,6.00291902312e-4,6.49375000000e-4,3.62447230316e-7,,presented_constant_sufficient_conditional,absent,accept_conditional_contract
historical_moments,262144,256000000,0.01,0.5,0.001,0.000010,6652763405,66.52763405,9.99999999958e-3,6.00291902312e-4,6.49375000000e-4,3.62447230316e-7,,presented_constant_sufficient_conditional,absent,accept_conditional_contract
historical_moments,262144,256000000,0.01,0.5,0.01,0.000001,6652763405,66.52763405,9.99999999958e-3,6.00291902312e-4,6.49375000000e-4,3.62447230316e-7,,presented_constant_sufficient_conditional,absent,accept_conditional_contract
historical_moments,262144,256000000,0.01,0.5,0.01,0.000003,6652763405,66.52763405,9.99999999958e-3,6.00291902312e-4,6.49375000000e-4,3.62447230316e-7,,presented_constant_sufficient_conditional,absent,accept_conditional_contract
historical_moments,262144,256000000,0.01,0.5,0.01,0.000010,6652763405,66.52763405,9.99999999958e-3,6.00291902312e-4,6.49375000000e-4,3.62447230316e-7,,presented_constant_sufficient_conditional,absent,accept_conditional_contract
historical_moments,262144,256000000,0.01,0.5,0.1,0.000001,6652763405,66.52763405,9.99999999958e-3,6.00291902312e-4,6.41257812500e-4,3.62447230316e-7,,presented_constant_sufficient_conditional,absent,accept_conditional_contract
historical_moments,262144,256000000,0.01,0.5,0.1,0.000003,6652763405,66.52763405,9.99999999958e-3,6.00291902312e-4,6.41257812500e-4,3.62447230316e-7,,presented_constant_sufficient_conditional,absent,accept_conditional_contract
historical_moments,262144,256000000,0.01,0.5,0.1,0.000010,6652763405,66.52763405,9.99999999958e-3,6.00291902312e-4,6.41257812500e-4,3.62447230316e-7,,presented_constant_sufficient_conditional,absent,accept_conditional_contract
rarity_diagnostic,262144,256000000,0.01,0.05,0.001,0.000001,2018037184,20.18037184,9.99999999764e-3,1.97895263362e-3,2.11046875000e-3,3.62685701113e-7,2.10019527337e-4,presented_constant_sufficient_conditional,absent,accept_conditional_contract
rarity_diagnostic,262144,256000000,0.01,0.05,0.001,0.000003,2018037184,20.18037184,9.99999999764e-3,1.97895263362e-3,2.11046875000e-3,3.62685701113e-7,2.10019527337e-4,presented_constant_sufficient_conditional,absent,accept_conditional_contract
rarity_diagnostic,262144,256000000,0.01,0.05,0.001,0.000010,2018037184,20.18037184,9.99999999764e-3,1.97895263362e-3,2.11046875000e-3,3.62685701113e-7,2.10019527337e-4,presented_constant_sufficient_conditional,absent,accept_conditional_contract
rarity_diagnostic,262144,256000000,0.01,0.05,0.01,0.000001,2018037184,20.18037184,9.99999999764e-3,1.97895263362e-3,2.11046875000e-3,3.62685701113e-7,2.10019527337e-4,presented_constant_sufficient_conditional,absent,accept_conditional_contract
rarity_diagnostic,262144,256000000,0.01,0.05,0.01,0.000003,2018037184,20.18037184,9.99999999764e-3,1.97895263362e-3,2.11046875000e-3,3.62685701113e-7,2.10019527337e-4,presented_constant_sufficient_conditional,absent,accept_conditional_contract
rarity_diagnostic,262144,256000000,0.01,0.05,0.01,0.000010,2018037184,20.18037184,9.99999999764e-3,1.97895263362e-3,2.11046875000e-3,3.62685701113e-7,2.10019527337e-4,presented_constant_sufficient_conditional,absent,accept_conditional_contract
rarity_diagnostic,262144,256000000,0.01,0.05,0.1,0.000001,2018037184,20.18037184,9.99999999764e-3,1.97895263362e-3,2.11046875000e-3,3.62685701113e-7,2.10019527337e-4,presented_constant_sufficient_conditional,absent,accept_conditional_contract
rarity_diagnostic,262144,256000000,0.01,0.05,0.1,0.000003,2018037184,20.18037184,9.99999999764e-3,1.97895263362e-3,2.11046875000e-3,3.62685701113e-7,2.10019527337e-4,presented_constant_sufficient_conditional,absent,accept_conditional_contract
rarity_diagnostic,262144,256000000,0.01,0.05,0.1,0.000010,2018037184,20.18037184,9.99999999764e-3,1.97895263362e-3,2.11046875000e-3,3.62685701113e-7,2.10019527337e-4,presented_constant_sufficient_conditional,absent,accept_conditional_contract
rarity_diagnostic,262144,256000000,0.01,0.25,0.001,0.000001,2018037184,20.18037184,9.99999999764e-3,1.97895263362e-3,2.11046875000e-3,3.62685701113e-7,2.10019527337e-4,presented_constant_sufficient_conditional,absent,accept_conditional_contract
rarity_diagnostic,262144,256000000,0.01,0.25,0.001,0.000003,2018037184,20.18037184,9.99999999764e-3,1.97895263362e-3,2.11046875000e-3,3.62685701113e-7,2.10019527337e-4,presented_constant_sufficient_conditional,absent,accept_conditional_contract
rarity_diagnostic,262144,256000000,0.01,0.25,0.001,0.000010,2018037184,20.18037184,9.99999999764e-3,1.97895263362e-3,2.11046875000e-3,3.62685701113e-7,2.10019527337e-4,presented_constant_sufficient_conditional,absent,accept_conditional_contract
rarity_diagnostic,262144,256000000,0.01,0.25,0.01,0.000001,2018037184,20.18037184,9.99999999764e-3,1.97895263362e-3,2.11046875000e-3,3.62685701113e-7,2.10019527337e-4,presented_constant_sufficient_conditional,absent,accept_conditional_contract
rarity_diagnostic,262144,256000000,0.01,0.25,0.01,0.000003,2018037184,20.18037184,9.99999999764e-3,1.97895263362e-3,2.11046875000e-3,3.62685701113e-7,2.10019527337e-4,presented_constant_sufficient_conditional,absent,accept_conditional_contract
rarity_diagnostic,262144,256000000,0.01,0.25,0.01,0.000010,2018037184,20.18037184,9.99999999764e-3,1.97895263362e-3,2.11046875000e-3,3.62685701113e-7,2.10019527337e-4,presented_constant_sufficient_conditional,absent,accept_conditional_contract
rarity_diagnostic,262144,256000000,0.01,0.25,0.1,0.000001,2018037184,20.18037184,9.99999999764e-3,1.97895263362e-3,2.11046875000e-3,3.62685701113e-7,2.10019527337e-4,presented_constant_sufficient_conditional,absent,accept_conditional_contract
rarity_diagnostic,262144,256000000,0.01,0.25,0.1,0.000003,2018037184,20.18037184,9.99999999764e-3,1.97895263362e-3,2.11046875000e-3,3.62685701113e-7,2.10019527337e-4,presented_constant_sufficient_conditional,absent,accept_conditional_contract
rarity_diagnostic,262144,256000000,0.01,0.25,0.1,0.000010,2018037184,20.18037184,9.99999999764e-3,1.97895263362e-3,2.11046875000e-3,3.62685701113e-7,2.10019527337e-4,presented_constant_sufficient_conditional,absent,accept_conditional_contract
rarity_diagnostic,262144,256000000,0.01,0.5,0.001,0.000001,2018037184,20.18037184,9.99999999764e-3,1.97895263362e-3,2.11046875000e-3,3.62685701113e-7,2.10019527337e-4,presented_constant_sufficient_conditional,absent,accept_conditional_contract
rarity_diagnostic,262144,256000000,0.01,0.5,0.001,0.000003,2018037184,20.18037184,9.99999999764e-3,1.97895263362e-3,2.11046875000e-3,3.62685701113e-7,2.10019527337e-4,presented_constant_sufficient_conditional,absent,accept_conditional_contract
rarity_diagnostic,262144,256000000,0.01,0.5,0.001,0.000010,2018037184,20.18037184,9.99999999764e-3,1.97895263362e-3,2.11046875000e-3,3.62685701113e-7,2.10019527337e-4,presented_constant_sufficient_conditional,absent,accept_conditional_contract
rarity_diagnostic,262144,256000000,0.01,0.5,0.01,0.000001,2018037184,20.18037184,9.99999999764e-3,1.97895263362e-3,2.11046875000e-3,3.62685701113e-7,2.10019527337e-4,presented_constant_sufficient_conditional,absent,accept_conditional_contract
rarity_diagnostic,262144,256000000,0.01,0.5,0.01,0.000003,2018037184,20.18037184,9.99999999764e-3,1.97895263362e-3,2.11046875000e-3,3.62685701113e-7,2.10019527337e-4,presented_constant_sufficient_conditional,absent,accept_conditional_contract
rarity_diagnostic,262144,256000000,0.01,0.5,0.01,0.000010,2018037184,20.18037184,9.99999999764e-3,1.97895263362e-3,2.11046875000e-3,3.62685701113e-7,2.10019527337e-4,presented_constant_sufficient_conditional,absent,accept_conditional_contract
rarity_diagnostic,262144,256000000,0.01,0.5,0.1,0.000001,2018037184,20.18037184,9.99999999764e-3,1.97895263362e-3,2.11046875000e-3,3.62685701113e-7,2.10019527337e-4,presented_constant_sufficient_conditional,absent,accept_conditional_contract
rarity_diagnostic,262144,256000000,0.01,0.5,0.1,0.000003,2018037184,20.18037184,9.99999999764e-3,1.97895263362e-3,2.11046875000e-3,3.62685701113e-7,2.10019527337e-4,presented_constant_sufficient_conditional,absent,accept_conditional_contract
rarity_diagnostic,262144,256000000,0.01,0.5,0.1,0.000010,2018037184,20.18037184,9.99999999764e-3,1.97895263362e-3,2.11046875000e-3,3.62685701113e-7,2.10019527337e-4,presented_constant_sufficient_conditional,absent,accept_conditional_contract
historical_moments,524288,16000000,0.001,0.05,0.001,0.000001,,,,,,,,mandatory_U_block_exclusion_conditional,absent,accept_conditional_contract
historical_moments,524288,16000000,0.001,0.05,0.001,0.000003,,,,,,,,unresolved_no_certificate,absent,accept_conditional_contract
historical_moments,524288,16000000,0.001,0.05,0.001,0.000010,,,,,,,,unresolved_no_certificate,absent,accept_conditional_contract
historical_moments,524288,16000000,0.001,0.05,0.01,0.000001,,,,,,,,mandatory_U_block_exclusion_conditional,absent,accept_conditional_contract
historical_moments,524288,16000000,0.001,0.05,0.01,0.000003,,,,,,,,unresolved_no_certificate,absent,accept_conditional_contract
historical_moments,524288,16000000,0.001,0.05,0.01,0.000010,,,,,,,,unresolved_no_certificate,absent,accept_conditional_contract
historical_moments,524288,16000000,0.001,0.05,0.1,0.000001,,,,,,,,mandatory_U_block_exclusion_conditional,absent,accept_conditional_contract
historical_moments,524288,16000000,0.001,0.05,0.1,0.000003,,,,,,,,unresolved_no_certificate,absent,accept_conditional_contract
historical_moments,524288,16000000,0.001,0.05,0.1,0.000010,,,,,,,,unresolved_no_certificate,absent,accept_conditional_contract
historical_moments,524288,16000000,0.001,0.25,0.001,0.000001,,,,,,,,mandatory_U_block_exclusion_conditional,absent,accept_conditional_contract
historical_moments,524288,16000000,0.001,0.25,0.001,0.000003,,,,,,,,unresolved_no_certificate,absent,accept_conditional_contract
historical_moments,524288,16000000,0.001,0.25,0.001,0.000010,,,,,,,,unresolved_no_certificate,absent,accept_conditional_contract
historical_moments,524288,16000000,0.001,0.25,0.01,0.000001,,,,,,,,mandatory_U_block_exclusion_conditional,absent,accept_conditional_contract
historical_moments,524288,16000000,0.001,0.25,0.01,0.000003,,,,,,,,unresolved_no_certificate,absent,accept_conditional_contract
historical_moments,524288,16000000,0.001,0.25,0.01,0.000010,,,,,,,,unresolved_no_certificate,absent,accept_conditional_contract
historical_moments,524288,16000000,0.001,0.25,0.1,0.000001,,,,,,,,mandatory_U_block_exclusion_conditional,absent,accept_conditional_contract
historical_moments,524288,16000000,0.001,0.25,0.1,0.000003,,,,,,,,unresolved_no_certificate,absent,accept_conditional_contract
historical_moments,524288,16000000,0.001,0.25,0.1,0.000010,,,,,,,,unresolved_no_certificate,absent,accept_conditional_contract
historical_moments,524288,16000000,0.001,0.5,0.001,0.000001,,,,,,,,mandatory_U_block_exclusion_conditional,absent,accept_conditional_contract
historical_moments,524288,16000000,0.001,0.5,0.001,0.000003,,,,,,,,unresolved_no_certificate,absent,accept_conditional_contract
historical_moments,524288,16000000,0.001,0.5,0.001,0.000010,,,,,,,,unresolved_no_certificate,absent,accept_conditional_contract
historical_moments,524288,16000000,0.001,0.5,0.01,0.000001,,,,,,,,mandatory_U_block_exclusion_conditional,absent,accept_conditional_contract
historical_moments,524288,16000000,0.001,0.5,0.01,0.000003,,,,,,,,unresolved_no_certificate,absent,accept_conditional_contract
historical_moments,524288,16000000,0.001,0.5,0.01,0.000010,,,,,,,,unresolved_no_certificate,absent,accept_conditional_contract
historical_moments,524288,16000000,0.001,0.5,0.1,0.000001,,,,,,,,mandatory_U_block_exclusion_conditional,absent,accept_conditional_contract
historical_moments,524288,16000000,0.001,0.5,0.1,0.000003,,,,,,,,unresolved_no_certificate,absent,accept_conditional_contract
historical_moments,524288,16000000,0.001,0.5,0.1,0.000010,,,,,,,,unresolved_no_certificate,absent,accept_conditional_contract
rarity_diagnostic,524288,16000000,0.001,0.05,0.001,0.000001,,,,,,,1.24240375166e-1,fixed_U_class_excluded_conditional,absent,accept_conditional_contract
rarity_diagnostic,524288,16000000,0.001,0.05,0.001,0.000003,,,,,,,1.24240375166e-1,fixed_U_class_excluded_conditional,absent,accept_conditional_contract
rarity_diagnostic,524288,16000000,0.001,0.05,0.001,0.000010,,,,,,,1.24240375166e-1,fixed_U_class_excluded_conditional,absent,accept_conditional_contract
rarity_diagnostic,524288,16000000,0.001,0.05,0.01,0.000001,,,,,,,1.24240375166e-1,fixed_U_class_excluded_conditional,absent,accept_conditional_contract
rarity_diagnostic,524288,16000000,0.001,0.05,0.01,0.000003,,,,,,,1.24240375166e-1,fixed_U_class_excluded_conditional,absent,accept_conditional_contract
rarity_diagnostic,524288,16000000,0.001,0.05,0.01,0.000010,,,,,,,1.24240375166e-1,fixed_U_class_excluded_conditional,absent,accept_conditional_contract
rarity_diagnostic,524288,16000000,0.001,0.05,0.1,0.000001,,,,,,,1.24240375166e-1,fixed_U_class_excluded_conditional,absent,accept_conditional_contract
rarity_diagnostic,524288,16000000,0.001,0.05,0.1,0.000003,,,,,,,1.24240375166e-1,fixed_U_class_excluded_conditional,absent,accept_conditional_contract
rarity_diagnostic,524288,16000000,0.001,0.05,0.1,0.000010,,,,,,,1.24240375166e-1,fixed_U_class_excluded_conditional,absent,accept_conditional_contract
rarity_diagnostic,524288,16000000,0.001,0.25,0.001,0.000001,,,,,,,1.24240375166e-1,fixed_U_class_excluded_conditional,absent,accept_conditional_contract
rarity_diagnostic,524288,16000000,0.001,0.25,0.001,0.000003,,,,,,,1.24240375166e-1,fixed_U_class_excluded_conditional,absent,accept_conditional_contract
rarity_diagnostic,524288,16000000,0.001,0.25,0.001,0.000010,,,,,,,1.24240375166e-1,fixed_U_class_excluded_conditional,absent,accept_conditional_contract
rarity_diagnostic,524288,16000000,0.001,0.25,0.01,0.000001,,,,,,,1.24240375166e-1,fixed_U_class_excluded_conditional,absent,accept_conditional_contract
rarity_diagnostic,524288,16000000,0.001,0.25,0.01,0.000003,,,,,,,1.24240375166e-1,fixed_U_class_excluded_conditional,absent,accept_conditional_contract
rarity_diagnostic,524288,16000000,0.001,0.25,0.01,0.000010,,,,,,,1.24240375166e-1,fixed_U_class_excluded_conditional,absent,accept_conditional_contract
rarity_diagnostic,524288,16000000,0.001,0.25,0.1,0.000001,,,,,,,1.24240375166e-1,fixed_U_class_excluded_conditional,absent,accept_conditional_contract
rarity_diagnostic,524288,16000000,0.001,0.25,0.1,0.000003,,,,,,,1.24240375166e-1,fixed_U_class_excluded_conditional,absent,accept_conditional_contract
rarity_diagnostic,524288,16000000,0.001,0.25,0.1,0.000010,,,,,,,1.24240375166e-1,fixed_U_class_excluded_conditional,absent,accept_conditional_contract
rarity_diagnostic,524288,16000000,0.001,0.5,0.001,0.000001,,,,,,,1.24240375166e-1,fixed_U_class_excluded_conditional,absent,accept_conditional_contract
rarity_diagnostic,524288,16000000,0.001,0.5,0.001,0.000003,,,,,,,1.24240375166e-1,fixed_U_class_excluded_conditional,absent,accept_conditional_contract
rarity_diagnostic,524288,16000000,0.001,0.5,0.001,0.000010,,,,,,,1.24240375166e-1,fixed_U_class_excluded_conditional,absent,accept_conditional_contract
rarity_diagnostic,524288,16000000,0.001,0.5,0.01,0.000001,,,,,,,1.24240375166e-1,fixed_U_class_excluded_conditional,absent,accept_conditional_contract
rarity_diagnostic,524288,16000000,0.001,0.5,0.01,0.000003,,,,,,,1.24240375166e-1,fixed_U_class_excluded_conditional,absent,accept_conditional_contract
rarity_diagnostic,524288,16000000,0.001,0.5,0.01,0.000010,,,,,,,1.24240375166e-1,fixed_U_class_excluded_conditional,absent,accept_conditional_contract
rarity_diagnostic,524288,16000000,0.001,0.5,0.1,0.000001,,,,,,,1.24240375166e-1,fixed_U_class_excluded_conditional,absent,accept_conditional_contract
rarity_diagnostic,524288,16000000,0.001,0.5,0.1,0.000003,,,,,,,1.24240375166e-1,fixed_U_class_excluded_conditional,absent,accept_conditional_contract
rarity_diagnostic,524288,16000000,0.001,0.5,0.1,0.000010,,,,,,,1.24240375166e-1,fixed_U_class_excluded_conditional,absent,accept_conditional_contract
historical_moments,524288,16000000,0.0025,0.05,0.001,0.000001,,,,,,,,mandatory_U_block_exclusion_conditional,absent,accept_conditional_contract
historical_moments,524288,16000000,0.0025,0.05,0.001,0.000003,,,,,,,,unresolved_no_certificate,absent,accept_conditional_contract
historical_moments,524288,16000000,0.0025,0.05,0.001,0.000010,,,,,,,,unresolved_no_certificate,absent,accept_conditional_contract
historical_moments,524288,16000000,0.0025,0.05,0.01,0.000001,,,,,,,,mandatory_U_block_exclusion_conditional,absent,accept_conditional_contract
historical_moments,524288,16000000,0.0025,0.05,0.01,0.000003,,,,,,,,unresolved_no_certificate,absent,accept_conditional_contract
historical_moments,524288,16000000,0.0025,0.05,0.01,0.000010,,,,,,,,unresolved_no_certificate,absent,accept_conditional_contract
historical_moments,524288,16000000,0.0025,0.05,0.1,0.000001,,,,,,,,mandatory_U_block_exclusion_conditional,absent,accept_conditional_contract
historical_moments,524288,16000000,0.0025,0.05,0.1,0.000003,,,,,,,,unresolved_no_certificate,absent,accept_conditional_contract
historical_moments,524288,16000000,0.0025,0.05,0.1,0.000010,,,,,,,,unresolved_no_certificate,absent,accept_conditional_contract
historical_moments,524288,16000000,0.0025,0.25,0.001,0.000001,,,,,,,,mandatory_U_block_exclusion_conditional,absent,accept_conditional_contract
historical_moments,524288,16000000,0.0025,0.25,0.001,0.000003,,,,,,,,unresolved_no_certificate,absent,accept_conditional_contract
historical_moments,524288,16000000,0.0025,0.25,0.001,0.000010,,,,,,,,unresolved_no_certificate,absent,accept_conditional_contract
historical_moments,524288,16000000,0.0025,0.25,0.01,0.000001,,,,,,,,mandatory_U_block_exclusion_conditional,absent,accept_conditional_contract
historical_moments,524288,16000000,0.0025,0.25,0.01,0.000003,,,,,,,,unresolved_no_certificate,absent,accept_conditional_contract
historical_moments,524288,16000000,0.0025,0.25,0.01,0.000010,,,,,,,,unresolved_no_certificate,absent,accept_conditional_contract
historical_moments,524288,16000000,0.0025,0.25,0.1,0.000001,,,,,,,,mandatory_U_block_exclusion_conditional,absent,accept_conditional_contract
historical_moments,524288,16000000,0.0025,0.25,0.1,0.000003,,,,,,,,unresolved_no_certificate,absent,accept_conditional_contract
historical_moments,524288,16000000,0.0025,0.25,0.1,0.000010,,,,,,,,unresolved_no_certificate,absent,accept_conditional_contract
historical_moments,524288,16000000,0.0025,0.5,0.001,0.000001,,,,,,,,mandatory_U_block_exclusion_conditional,absent,accept_conditional_contract
historical_moments,524288,16000000,0.0025,0.5,0.001,0.000003,,,,,,,,unresolved_no_certificate,absent,accept_conditional_contract
historical_moments,524288,16000000,0.0025,0.5,0.001,0.000010,,,,,,,,unresolved_no_certificate,absent,accept_conditional_contract
historical_moments,524288,16000000,0.0025,0.5,0.01,0.000001,,,,,,,,mandatory_U_block_exclusion_conditional,absent,accept_conditional_contract
historical_moments,524288,16000000,0.0025,0.5,0.01,0.000003,,,,,,,,unresolved_no_certificate,absent,accept_conditional_contract
historical_moments,524288,16000000,0.0025,0.5,0.01,0.000010,,,,,,,,unresolved_no_certificate,absent,accept_conditional_contract
historical_moments,524288,16000000,0.0025,0.5,0.1,0.000001,,,,,,,,mandatory_U_block_exclusion_conditional,absent,accept_conditional_contract
historical_moments,524288,16000000,0.0025,0.5,0.1,0.000003,,,,,,,,unresolved_no_certificate,absent,accept_conditional_contract
historical_moments,524288,16000000,0.0025,0.5,0.1,0.000010,,,,,,,,unresolved_no_certificate,absent,accept_conditional_contract
rarity_diagnostic,524288,16000000,0.0025,0.05,0.001,0.000001,,,,,,,5.20251881554e-2,fixed_U_class_excluded_conditional,absent,accept_conditional_contract
rarity_diagnostic,524288,16000000,0.0025,0.05,0.001,0.000003,,,,,,,5.20251881554e-2,fixed_U_class_excluded_conditional,absent,accept_conditional_contract
rarity_diagnostic,524288,16000000,0.0025,0.05,0.001,0.000010,,,,,,,5.20251881554e-2,fixed_U_class_excluded_conditional,absent,accept_conditional_contract
rarity_diagnostic,524288,16000000,0.0025,0.05,0.01,0.000001,,,,,,,5.20251881554e-2,fixed_U_class_excluded_conditional,absent,accept_conditional_contract
rarity_diagnostic,524288,16000000,0.0025,0.05,0.01,0.000003,,,,,,,5.20251881554e-2,fixed_U_class_excluded_conditional,absent,accept_conditional_contract
rarity_diagnostic,524288,16000000,0.0025,0.05,0.01,0.000010,,,,,,,5.20251881554e-2,fixed_U_class_excluded_conditional,absent,accept_conditional_contract
rarity_diagnostic,524288,16000000,0.0025,0.05,0.1,0.000001,,,,,,,5.20251881554e-2,fixed_U_class_excluded_conditional,absent,accept_conditional_contract
rarity_diagnostic,524288,16000000,0.0025,0.05,0.1,0.000003,,,,,,,5.20251881554e-2,fixed_U_class_excluded_conditional,absent,accept_conditional_contract
rarity_diagnostic,524288,16000000,0.0025,0.05,0.1,0.000010,,,,,,,5.20251881554e-2,fixed_U_class_excluded_conditional,absent,accept_conditional_contract
rarity_diagnostic,524288,16000000,0.0025,0.25,0.001,0.000001,,,,,,,5.20251881554e-2,fixed_U_class_excluded_conditional,absent,accept_conditional_contract
rarity_diagnostic,524288,16000000,0.0025,0.25,0.001,0.000003,,,,,,,5.20251881554e-2,fixed_U_class_excluded_conditional,absent,accept_conditional_contract
rarity_diagnostic,524288,16000000,0.0025,0.25,0.001,0.000010,,,,,,,5.20251881554e-2,fixed_U_class_excluded_conditional,absent,accept_conditional_contract
rarity_diagnostic,524288,16000000,0.0025,0.25,0.01,0.000001,,,,,,,5.20251881554e-2,fixed_U_class_excluded_conditional,absent,accept_conditional_contract
rarity_diagnostic,524288,16000000,0.0025,0.25,0.01,0.000003,,,,,,,5.20251881554e-2,fixed_U_class_excluded_conditional,absent,accept_conditional_contract
rarity_diagnostic,524288,16000000,0.0025,0.25,0.01,0.000010,,,,,,,5.20251881554e-2,fixed_U_class_excluded_conditional,absent,accept_conditional_contract
rarity_diagnostic,524288,16000000,0.0025,0.25,0.1,0.000001,,,,,,,5.20251881554e-2,fixed_U_class_excluded_conditional,absent,accept_conditional_contract
rarity_diagnostic,524288,16000000,0.0025,0.25,0.1,0.000003,,,,,,,5.20251881554e-2,fixed_U_class_excluded_conditional,absent,accept_conditional_contract
rarity_diagnostic,524288,16000000,0.0025,0.25,0.1,0.000010,,,,,,,5.20251881554e-2,fixed_U_class_excluded_conditional,absent,accept_conditional_contract
rarity_diagnostic,524288,16000000,0.0025,0.5,0.001,0.000001,,,,,,,5.20251881554e-2,fixed_U_class_excluded_conditional,absent,accept_conditional_contract
rarity_diagnostic,524288,16000000,0.0025,0.5,0.001,0.000003,,,,,,,5.20251881554e-2,fixed_U_class_excluded_conditional,absent,accept_conditional_contract
rarity_diagnostic,524288,16000000,0.0025,0.5,0.001,0.000010,,,,,,,5.20251881554e-2,fixed_U_class_excluded_conditional,absent,accept_conditional_contract
rarity_diagnostic,524288,16000000,0.0025,0.5,0.01,0.000001,,,,,,,5.20251881554e-2,fixed_U_class_excluded_conditional,absent,accept_conditional_contract
rarity_diagnostic,524288,16000000,0.0025,0.5,0.01,0.000003,,,,,,,5.20251881554e-2,fixed_U_class_excluded_conditional,absent,accept_conditional_contract
rarity_diagnostic,524288,16000000,0.0025,0.5,0.01,0.000010,,,,,,,5.20251881554e-2,fixed_U_class_excluded_conditional,absent,accept_conditional_contract
rarity_diagnostic,524288,16000000,0.0025,0.5,0.1,0.000001,,,,,,,5.20251881554e-2,fixed_U_class_excluded_conditional,absent,accept_conditional_contract
rarity_diagnostic,524288,16000000,0.0025,0.5,0.1,0.000003,,,,,,,5.20251881554e-2,fixed_U_class_excluded_conditional,absent,accept_conditional_contract
rarity_diagnostic,524288,16000000,0.0025,0.5,0.1,0.000010,,,,,,,5.20251881554e-2,fixed_U_class_excluded_conditional,absent,accept_conditional_contract
historical_moments,524288,16000000,0.01,0.05,0.001,0.000001,,,,,,,,mandatory_U_block_exclusion_conditional,absent,accept_conditional_contract
historical_moments,524288,16000000,0.01,0.05,0.001,0.000003,,,,,,,,unresolved_no_certificate,absent,accept_conditional_contract
historical_moments,524288,16000000,0.01,0.05,0.001,0.000010,,,,,,,,unresolved_no_certificate,absent,accept_conditional_contract
historical_moments,524288,16000000,0.01,0.05,0.01,0.000001,,,,,,,,mandatory_U_block_exclusion_conditional,absent,accept_conditional_contract
historical_moments,524288,16000000,0.01,0.05,0.01,0.000003,,,,,,,,unresolved_no_certificate,absent,accept_conditional_contract
historical_moments,524288,16000000,0.01,0.05,0.01,0.000010,,,,,,,,unresolved_no_certificate,absent,accept_conditional_contract
historical_moments,524288,16000000,0.01,0.05,0.1,0.000001,,,,,,,,mandatory_U_block_exclusion_conditional,absent,accept_conditional_contract
historical_moments,524288,16000000,0.01,0.05,0.1,0.000003,,,,,,,,unresolved_no_certificate,absent,accept_conditional_contract
historical_moments,524288,16000000,0.01,0.05,0.1,0.000010,,,,,,,,unresolved_no_certificate,absent,accept_conditional_contract
historical_moments,524288,16000000,0.01,0.25,0.001,0.000001,,,,,,,,mandatory_U_block_exclusion_conditional,absent,accept_conditional_contract
historical_moments,524288,16000000,0.01,0.25,0.001,0.000003,,,,,,,,unresolved_no_certificate,absent,accept_conditional_contract
historical_moments,524288,16000000,0.01,0.25,0.001,0.000010,,,,,,,,unresolved_no_certificate,absent,accept_conditional_contract
historical_moments,524288,16000000,0.01,0.25,0.01,0.000001,,,,,,,,mandatory_U_block_exclusion_conditional,absent,accept_conditional_contract
historical_moments,524288,16000000,0.01,0.25,0.01,0.000003,,,,,,,,unresolved_no_certificate,absent,accept_conditional_contract
historical_moments,524288,16000000,0.01,0.25,0.01,0.000010,,,,,,,,unresolved_no_certificate,absent,accept_conditional_contract
historical_moments,524288,16000000,0.01,0.25,0.1,0.000001,,,,,,,,mandatory_U_block_exclusion_conditional,absent,accept_conditional_contract
historical_moments,524288,16000000,0.01,0.25,0.1,0.000003,,,,,,,,unresolved_no_certificate,absent,accept_conditional_contract
historical_moments,524288,16000000,0.01,0.25,0.1,0.000010,,,,,,,,unresolved_no_certificate,absent,accept_conditional_contract
historical_moments,524288,16000000,0.01,0.5,0.001,0.000001,,,,,,,,mandatory_U_block_exclusion_conditional,absent,accept_conditional_contract
historical_moments,524288,16000000,0.01,0.5,0.001,0.000003,,,,,,,,unresolved_no_certificate,absent,accept_conditional_contract
historical_moments,524288,16000000,0.01,0.5,0.001,0.000010,,,,,,,,unresolved_no_certificate,absent,accept_conditional_contract
historical_moments,524288,16000000,0.01,0.5,0.01,0.000001,,,,,,,,mandatory_U_block_exclusion_conditional,absent,accept_conditional_contract
historical_moments,524288,16000000,0.01,0.5,0.01,0.000003,,,,,,,,unresolved_no_certificate,absent,accept_conditional_contract
historical_moments,524288,16000000,0.01,0.5,0.01,0.000010,,,,,,,,unresolved_no_certificate,absent,accept_conditional_contract
historical_moments,524288,16000000,0.01,0.5,0.1,0.000001,,,,,,,,mandatory_U_block_exclusion_conditional,absent,accept_conditional_contract
historical_moments,524288,16000000,0.01,0.5,0.1,0.000003,,,,,,,,unresolved_no_certificate,absent,accept_conditional_contract
historical_moments,524288,16000000,0.01,0.5,0.1,0.000010,,,,,,,,unresolved_no_certificate,absent,accept_conditional_contract
rarity_diagnostic,524288,16000000,0.01,0.05,0.001,0.000001,,,,,,,1.33281508349e-2,fixed_U_class_excluded_conditional,absent,accept_conditional_contract
rarity_diagnostic,524288,16000000,0.01,0.05,0.001,0.000003,,,,,,,1.33281508349e-2,fixed_U_class_excluded_conditional,absent,accept_conditional_contract
rarity_diagnostic,524288,16000000,0.01,0.05,0.001,0.000010,,,,,,,1.33281508349e-2,fixed_U_class_excluded_conditional,absent,accept_conditional_contract
rarity_diagnostic,524288,16000000,0.01,0.05,0.01,0.000001,,,,,,,1.33281508349e-2,fixed_U_class_excluded_conditional,absent,accept_conditional_contract
rarity_diagnostic,524288,16000000,0.01,0.05,0.01,0.000003,,,,,,,1.33281508349e-2,fixed_U_class_excluded_conditional,absent,accept_conditional_contract
rarity_diagnostic,524288,16000000,0.01,0.05,0.01,0.000010,,,,,,,1.33281508349e-2,fixed_U_class_excluded_conditional,absent,accept_conditional_contract
rarity_diagnostic,524288,16000000,0.01,0.05,0.1,0.000001,,,,,,,1.33281508349e-2,fixed_U_class_excluded_conditional,absent,accept_conditional_contract
rarity_diagnostic,524288,16000000,0.01,0.05,0.1,0.000003,,,,,,,1.33281508349e-2,fixed_U_class_excluded_conditional,absent,accept_conditional_contract
rarity_diagnostic,524288,16000000,0.01,0.05,0.1,0.000010,,,,,,,1.33281508349e-2,fixed_U_class_excluded_conditional,absent,accept_conditional_contract
rarity_diagnostic,524288,16000000,0.01,0.25,0.001,0.000001,,,,,,,1.33281508349e-2,fixed_U_class_excluded_conditional,absent,accept_conditional_contract
rarity_diagnostic,524288,16000000,0.01,0.25,0.001,0.000003,,,,,,,1.33281508349e-2,fixed_U_class_excluded_conditional,absent,accept_conditional_contract
rarity_diagnostic,524288,16000000,0.01,0.25,0.001,0.000010,,,,,,,1.33281508349e-2,fixed_U_class_excluded_conditional,absent,accept_conditional_contract
rarity_diagnostic,524288,16000000,0.01,0.25,0.01,0.000001,,,,,,,1.33281508349e-2,fixed_U_class_excluded_conditional,absent,accept_conditional_contract
rarity_diagnostic,524288,16000000,0.01,0.25,0.01,0.000003,,,,,,,1.33281508349e-2,fixed_U_class_excluded_conditional,absent,accept_conditional_contract
rarity_diagnostic,524288,16000000,0.01,0.25,0.01,0.000010,,,,,,,1.33281508349e-2,fixed_U_class_excluded_conditional,absent,accept_conditional_contract
rarity_diagnostic,524288,16000000,0.01,0.25,0.1,0.000001,,,,,,,1.33281508349e-2,fixed_U_class_excluded_conditional,absent,accept_conditional_contract
rarity_diagnostic,524288,16000000,0.01,0.25,0.1,0.000003,,,,,,,1.33281508349e-2,fixed_U_class_excluded_conditional,absent,accept_conditional_contract
rarity_diagnostic,524288,16000000,0.01,0.25,0.1,0.000010,,,,,,,1.33281508349e-2,fixed_U_class_excluded_conditional,absent,accept_conditional_contract
rarity_diagnostic,524288,16000000,0.01,0.5,0.001,0.000001,,,,,,,1.33281508349e-2,fixed_U_class_excluded_conditional,absent,accept_conditional_contract
rarity_diagnostic,524288,16000000,0.01,0.5,0.001,0.000003,,,,,,,1.33281508349e-2,fixed_U_class_excluded_conditional,absent,accept_conditional_contract
rarity_diagnostic,524288,16000000,0.01,0.5,0.001,0.000010,,,,,,,1.33281508349e-2,fixed_U_class_excluded_conditional,absent,accept_conditional_contract
rarity_diagnostic,524288,16000000,0.01,0.5,0.01,0.000001,,,,,,,1.33281508349e-2,fixed_U_class_excluded_conditional,absent,accept_conditional_contract
rarity_diagnostic,524288,16000000,0.01,0.5,0.01,0.000003,,,,,,,1.33281508349e-2,fixed_U_class_excluded_conditional,absent,accept_conditional_contract
rarity_diagnostic,524288,16000000,0.01,0.5,0.01,0.000010,,,,,,,1.33281508349e-2,fixed_U_class_excluded_conditional,absent,accept_conditional_contract
rarity_diagnostic,524288,16000000,0.01,0.5,0.1,0.000001,,,,,,,1.33281508349e-2,fixed_U_class_excluded_conditional,absent,accept_conditional_contract
rarity_diagnostic,524288,16000000,0.01,0.5,0.1,0.000003,,,,,,,1.33281508349e-2,fixed_U_class_excluded_conditional,absent,accept_conditional_contract
rarity_diagnostic,524288,16000000,0.01,0.5,0.1,0.000010,,,,,,,1.33281508349e-2,fixed_U_class_excluded_conditional,absent,accept_conditional_contract
historical_moments,524288,64000000,0.001,0.05,0.001,0.000001,,,,,,,,unresolved_no_certificate,absent,accept_conditional_contract
historical_moments,524288,64000000,0.001,0.05,0.001,0.000003,,,,,,,,unresolved_no_certificate,absent,accept_conditional_contract
historical_moments,524288,64000000,0.001,0.05,0.001,0.000010,,,,,,,,unresolved_no_certificate,absent,accept_conditional_contract
historical_moments,524288,64000000,0.001,0.05,0.01,0.000001,,,,,,,,unresolved_no_certificate,absent,accept_conditional_contract
historical_moments,524288,64000000,0.001,0.05,0.01,0.000003,,,,,,,,unresolved_no_certificate,absent,accept_conditional_contract
historical_moments,524288,64000000,0.001,0.05,0.01,0.000010,,,,,,,,unresolved_no_certificate,absent,accept_conditional_contract
historical_moments,524288,64000000,0.001,0.05,0.1,0.000001,,,,,,,,unresolved_no_certificate,absent,accept_conditional_contract
historical_moments,524288,64000000,0.001,0.05,0.1,0.000003,,,,,,,,unresolved_no_certificate,absent,accept_conditional_contract
historical_moments,524288,64000000,0.001,0.05,0.1,0.000010,,,,,,,,unresolved_no_certificate,absent,accept_conditional_contract
historical_moments,524288,64000000,0.001,0.25,0.001,0.000001,,,,,,,,unresolved_no_certificate,absent,accept_conditional_contract
historical_moments,524288,64000000,0.001,0.25,0.001,0.000003,,,,,,,,unresolved_no_certificate,absent,accept_conditional_contract
historical_moments,524288,64000000,0.001,0.25,0.001,0.000010,,,,,,,,unresolved_no_certificate,absent,accept_conditional_contract
historical_moments,524288,64000000,0.001,0.25,0.01,0.000001,,,,,,,,unresolved_no_certificate,absent,accept_conditional_contract
historical_moments,524288,64000000,0.001,0.25,0.01,0.000003,,,,,,,,unresolved_no_certificate,absent,accept_conditional_contract
historical_moments,524288,64000000,0.001,0.25,0.01,0.000010,,,,,,,,unresolved_no_certificate,absent,accept_conditional_contract
historical_moments,524288,64000000,0.001,0.25,0.1,0.000001,,,,,,,,unresolved_no_certificate,absent,accept_conditional_contract
historical_moments,524288,64000000,0.001,0.25,0.1,0.000003,,,,,,,,unresolved_no_certificate,absent,accept_conditional_contract
historical_moments,524288,64000000,0.001,0.25,0.1,0.000010,,,,,,,,unresolved_no_certificate,absent,accept_conditional_contract
historical_moments,524288,64000000,0.001,0.5,0.001,0.000001,,,,,,,,unresolved_no_certificate,absent,accept_conditional_contract
historical_moments,524288,64000000,0.001,0.5,0.001,0.000003,,,,,,,,unresolved_no_certificate,absent,accept_conditional_contract
historical_moments,524288,64000000,0.001,0.5,0.001,0.000010,,,,,,,,unresolved_no_certificate,absent,accept_conditional_contract
historical_moments,524288,64000000,0.001,0.5,0.01,0.000001,,,,,,,,unresolved_no_certificate,absent,accept_conditional_contract
historical_moments,524288,64000000,0.001,0.5,0.01,0.000003,,,,,,,,unresolved_no_certificate,absent,accept_conditional_contract
historical_moments,524288,64000000,0.001,0.5,0.01,0.000010,,,,,,,,unresolved_no_certificate,absent,accept_conditional_contract
historical_moments,524288,64000000,0.001,0.5,0.1,0.000001,,,,,,,,unresolved_no_certificate,absent,accept_conditional_contract
historical_moments,524288,64000000,0.001,0.5,0.1,0.000003,,,,,,,,unresolved_no_certificate,absent,accept_conditional_contract
historical_moments,524288,64000000,0.001,0.5,0.1,0.000010,,,,,,,,unresolved_no_certificate,absent,accept_conditional_contract
rarity_diagnostic,524288,64000000,0.001,0.05,0.001,0.000001,,,,,,,3.28958849034e-2,fixed_U_class_excluded_conditional,absent,accept_conditional_contract
rarity_diagnostic,524288,64000000,0.001,0.05,0.001,0.000003,,,,,,,3.28958849034e-2,fixed_U_class_excluded_conditional,absent,accept_conditional_contract
rarity_diagnostic,524288,64000000,0.001,0.05,0.001,0.000010,,,,,,,3.28958849034e-2,fixed_U_class_excluded_conditional,absent,accept_conditional_contract
rarity_diagnostic,524288,64000000,0.001,0.05,0.01,0.000001,,,,,,,3.28958849034e-2,fixed_U_class_excluded_conditional,absent,accept_conditional_contract
rarity_diagnostic,524288,64000000,0.001,0.05,0.01,0.000003,,,,,,,3.28958849034e-2,fixed_U_class_excluded_conditional,absent,accept_conditional_contract
rarity_diagnostic,524288,64000000,0.001,0.05,0.01,0.000010,,,,,,,3.28958849034e-2,fixed_U_class_excluded_conditional,absent,accept_conditional_contract
rarity_diagnostic,524288,64000000,0.001,0.05,0.1,0.000001,,,,,,,3.28958849034e-2,fixed_U_class_excluded_conditional,absent,accept_conditional_contract
rarity_diagnostic,524288,64000000,0.001,0.05,0.1,0.000003,,,,,,,3.28958849034e-2,fixed_U_class_excluded_conditional,absent,accept_conditional_contract
rarity_diagnostic,524288,64000000,0.001,0.05,0.1,0.000010,,,,,,,3.28958849034e-2,fixed_U_class_excluded_conditional,absent,accept_conditional_contract
rarity_diagnostic,524288,64000000,0.001,0.25,0.001,0.000001,,,,,,,3.28958849034e-2,fixed_U_class_excluded_conditional,absent,accept_conditional_contract
rarity_diagnostic,524288,64000000,0.001,0.25,0.001,0.000003,,,,,,,3.28958849034e-2,fixed_U_class_excluded_conditional,absent,accept_conditional_contract
rarity_diagnostic,524288,64000000,0.001,0.25,0.001,0.000010,,,,,,,3.28958849034e-2,fixed_U_class_excluded_conditional,absent,accept_conditional_contract
rarity_diagnostic,524288,64000000,0.001,0.25,0.01,0.000001,,,,,,,3.28958849034e-2,fixed_U_class_excluded_conditional,absent,accept_conditional_contract
rarity_diagnostic,524288,64000000,0.001,0.25,0.01,0.000003,,,,,,,3.28958849034e-2,fixed_U_class_excluded_conditional,absent,accept_conditional_contract
rarity_diagnostic,524288,64000000,0.001,0.25,0.01,0.000010,,,,,,,3.28958849034e-2,fixed_U_class_excluded_conditional,absent,accept_conditional_contract
rarity_diagnostic,524288,64000000,0.001,0.25,0.1,0.000001,,,,,,,3.28958849034e-2,fixed_U_class_excluded_conditional,absent,accept_conditional_contract
rarity_diagnostic,524288,64000000,0.001,0.25,0.1,0.000003,,,,,,,3.28958849034e-2,fixed_U_class_excluded_conditional,absent,accept_conditional_contract
rarity_diagnostic,524288,64000000,0.001,0.25,0.1,0.000010,,,,,,,3.28958849034e-2,fixed_U_class_excluded_conditional,absent,accept_conditional_contract
rarity_diagnostic,524288,64000000,0.001,0.5,0.001,0.000001,,,,,,,3.28958849034e-2,fixed_U_class_excluded_conditional,absent,accept_conditional_contract
rarity_diagnostic,524288,64000000,0.001,0.5,0.001,0.000003,,,,,,,3.28958849034e-2,fixed_U_class_excluded_conditional,absent,accept_conditional_contract
rarity_diagnostic,524288,64000000,0.001,0.5,0.001,0.000010,,,,,,,3.28958849034e-2,fixed_U_class_excluded_conditional,absent,accept_conditional_contract
rarity_diagnostic,524288,64000000,0.001,0.5,0.01,0.000001,,,,,,,3.28958849034e-2,fixed_U_class_excluded_conditional,absent,accept_conditional_contract
rarity_diagnostic,524288,64000000,0.001,0.5,0.01,0.000003,,,,,,,3.28958849034e-2,fixed_U_class_excluded_conditional,absent,accept_conditional_contract
rarity_diagnostic,524288,64000000,0.001,0.5,0.01,0.000010,,,,,,,3.28958849034e-2,fixed_U_class_excluded_conditional,absent,accept_conditional_contract
rarity_diagnostic,524288,64000000,0.001,0.5,0.1,0.000001,,,,,,,3.28958849034e-2,fixed_U_class_excluded_conditional,absent,accept_conditional_contract
rarity_diagnostic,524288,64000000,0.001,0.5,0.1,0.000003,,,,,,,3.28958849034e-2,fixed_U_class_excluded_conditional,absent,accept_conditional_contract
rarity_diagnostic,524288,64000000,0.001,0.5,0.1,0.000010,,,,,,,3.28958849034e-2,fixed_U_class_excluded_conditional,absent,accept_conditional_contract
historical_moments,524288,64000000,0.0025,0.05,0.001,0.000001,,,,,,,,unresolved_no_certificate,absent,accept_conditional_contract
historical_moments,524288,64000000,0.0025,0.05,0.001,0.000003,,,,,,,,unresolved_no_certificate,absent,accept_conditional_contract
historical_moments,524288,64000000,0.0025,0.05,0.001,0.000010,,,,,,,,unresolved_no_certificate,absent,accept_conditional_contract
historical_moments,524288,64000000,0.0025,0.05,0.01,0.000001,,,,,,,,unresolved_no_certificate,absent,accept_conditional_contract
historical_moments,524288,64000000,0.0025,0.05,0.01,0.000003,,,,,,,,unresolved_no_certificate,absent,accept_conditional_contract
historical_moments,524288,64000000,0.0025,0.05,0.01,0.000010,,,,,,,,unresolved_no_certificate,absent,accept_conditional_contract
historical_moments,524288,64000000,0.0025,0.05,0.1,0.000001,,,,,,,,unresolved_no_certificate,absent,accept_conditional_contract
historical_moments,524288,64000000,0.0025,0.05,0.1,0.000003,,,,,,,,unresolved_no_certificate,absent,accept_conditional_contract
historical_moments,524288,64000000,0.0025,0.05,0.1,0.000010,,,,,,,,unresolved_no_certificate,absent,accept_conditional_contract
historical_moments,524288,64000000,0.0025,0.25,0.001,0.000001,,,,,,,,unresolved_no_certificate,absent,accept_conditional_contract
historical_moments,524288,64000000,0.0025,0.25,0.001,0.000003,,,,,,,,unresolved_no_certificate,absent,accept_conditional_contract
historical_moments,524288,64000000,0.0025,0.25,0.001,0.000010,,,,,,,,unresolved_no_certificate,absent,accept_conditional_contract
historical_moments,524288,64000000,0.0025,0.25,0.01,0.000001,,,,,,,,unresolved_no_certificate,absent,accept_conditional_contract
historical_moments,524288,64000000,0.0025,0.25,0.01,0.000003,,,,,,,,unresolved_no_certificate,absent,accept_conditional_contract
historical_moments,524288,64000000,0.0025,0.25,0.01,0.000010,,,,,,,,unresolved_no_certificate,absent,accept_conditional_contract
historical_moments,524288,64000000,0.0025,0.25,0.1,0.000001,,,,,,,,unresolved_no_certificate,absent,accept_conditional_contract
historical_moments,524288,64000000,0.0025,0.25,0.1,0.000003,,,,,,,,unresolved_no_certificate,absent,accept_conditional_contract
historical_moments,524288,64000000,0.0025,0.25,0.1,0.000010,,,,,,,,unresolved_no_certificate,absent,accept_conditional_contract
historical_moments,524288,64000000,0.0025,0.5,0.001,0.000001,,,,,,,,unresolved_no_certificate,absent,accept_conditional_contract
historical_moments,524288,64000000,0.0025,0.5,0.001,0.000003,,,,,,,,unresolved_no_certificate,absent,accept_conditional_contract
historical_moments,524288,64000000,0.0025,0.5,0.001,0.000010,,,,,,,,unresolved_no_certificate,absent,accept_conditional_contract
historical_moments,524288,64000000,0.0025,0.5,0.01,0.000001,,,,,,,,unresolved_no_certificate,absent,accept_conditional_contract
historical_moments,524288,64000000,0.0025,0.5,0.01,0.000003,,,,,,,,unresolved_no_certificate,absent,accept_conditional_contract
historical_moments,524288,64000000,0.0025,0.5,0.01,0.000010,,,,,,,,unresolved_no_certificate,absent,accept_conditional_contract
historical_moments,524288,64000000,0.0025,0.5,0.1,0.000001,,,,,,,,unresolved_no_certificate,absent,accept_conditional_contract
historical_moments,524288,64000000,0.0025,0.5,0.1,0.000003,,,,,,,,unresolved_no_certificate,absent,accept_conditional_contract
historical_moments,524288,64000000,0.0025,0.5,0.1,0.000010,,,,,,,,unresolved_no_certificate,absent,accept_conditional_contract
rarity_diagnostic,524288,64000000,0.0025,0.05,0.001,0.000001,,,,,,,1.33281512144e-2,fixed_U_class_excluded_conditional,absent,accept_conditional_contract
rarity_diagnostic,524288,64000000,0.0025,0.05,0.001,0.000003,,,,,,,1.33281512144e-2,fixed_U_class_excluded_conditional,absent,accept_conditional_contract
rarity_diagnostic,524288,64000000,0.0025,0.05,0.001,0.000010,,,,,,,1.33281512144e-2,fixed_U_class_excluded_conditional,absent,accept_conditional_contract
rarity_diagnostic,524288,64000000,0.0025,0.05,0.01,0.000001,,,,,,,1.33281512144e-2,fixed_U_class_excluded_conditional,absent,accept_conditional_contract
rarity_diagnostic,524288,64000000,0.0025,0.05,0.01,0.000003,,,,,,,1.33281512144e-2,fixed_U_class_excluded_conditional,absent,accept_conditional_contract
rarity_diagnostic,524288,64000000,0.0025,0.05,0.01,0.000010,,,,,,,1.33281512144e-2,fixed_U_class_excluded_conditional,absent,accept_conditional_contract
rarity_diagnostic,524288,64000000,0.0025,0.05,0.1,0.000001,,,,,,,1.33281512144e-2,fixed_U_class_excluded_conditional,absent,accept_conditional_contract
rarity_diagnostic,524288,64000000,0.0025,0.05,0.1,0.000003,,,,,,,1.33281512144e-2,fixed_U_class_excluded_conditional,absent,accept_conditional_contract
rarity_diagnostic,524288,64000000,0.0025,0.05,0.1,0.000010,,,,,,,1.33281512144e-2,fixed_U_class_excluded_conditional,absent,accept_conditional_contract
rarity_diagnostic,524288,64000000,0.0025,0.25,0.001,0.000001,,,,,,,1.33281512144e-2,fixed_U_class_excluded_conditional,absent,accept_conditional_contract
rarity_diagnostic,524288,64000000,0.0025,0.25,0.001,0.000003,,,,,,,1.33281512144e-2,fixed_U_class_excluded_conditional,absent,accept_conditional_contract
rarity_diagnostic,524288,64000000,0.0025,0.25,0.001,0.000010,,,,,,,1.33281512144e-2,fixed_U_class_excluded_conditional,absent,accept_conditional_contract
rarity_diagnostic,524288,64000000,0.0025,0.25,0.01,0.000001,,,,,,,1.33281512144e-2,fixed_U_class_excluded_conditional,absent,accept_conditional_contract
rarity_diagnostic,524288,64000000,0.0025,0.25,0.01,0.000003,,,,,,,1.33281512144e-2,fixed_U_class_excluded_conditional,absent,accept_conditional_contract
rarity_diagnostic,524288,64000000,0.0025,0.25,0.01,0.000010,,,,,,,1.33281512144e-2,fixed_U_class_excluded_conditional,absent,accept_conditional_contract
rarity_diagnostic,524288,64000000,0.0025,0.25,0.1,0.000001,,,,,,,1.33281512144e-2,fixed_U_class_excluded_conditional,absent,accept_conditional_contract
rarity_diagnostic,524288,64000000,0.0025,0.25,0.1,0.000003,,,,,,,1.33281512144e-2,fixed_U_class_excluded_conditional,absent,accept_conditional_contract
rarity_diagnostic,524288,64000000,0.0025,0.25,0.1,0.000010,,,,,,,1.33281512144e-2,fixed_U_class_excluded_conditional,absent,accept_conditional_contract
rarity_diagnostic,524288,64000000,0.0025,0.5,0.001,0.000001,,,,,,,1.33281512144e-2,fixed_U_class_excluded_conditional,absent,accept_conditional_contract
rarity_diagnostic,524288,64000000,0.0025,0.5,0.001,0.000003,,,,,,,1.33281512144e-2,fixed_U_class_excluded_conditional,absent,accept_conditional_contract
rarity_diagnostic,524288,64000000,0.0025,0.5,0.001,0.000010,,,,,,,1.33281512144e-2,fixed_U_class_excluded_conditional,absent,accept_conditional_contract
rarity_diagnostic,524288,64000000,0.0025,0.5,0.01,0.000001,,,,,,,1.33281512144e-2,fixed_U_class_excluded_conditional,absent,accept_conditional_contract
rarity_diagnostic,524288,64000000,0.0025,0.5,0.01,0.000003,,,,,,,1.33281512144e-2,fixed_U_class_excluded_conditional,absent,accept_conditional_contract
rarity_diagnostic,524288,64000000,0.0025,0.5,0.01,0.000010,,,,,,,1.33281512144e-2,fixed_U_class_excluded_conditional,absent,accept_conditional_contract
rarity_diagnostic,524288,64000000,0.0025,0.5,0.1,0.000001,,,,,,,1.33281512144e-2,fixed_U_class_excluded_conditional,absent,accept_conditional_contract
rarity_diagnostic,524288,64000000,0.0025,0.5,0.1,0.000003,,,,,,,1.33281512144e-2,fixed_U_class_excluded_conditional,absent,accept_conditional_contract
rarity_diagnostic,524288,64000000,0.0025,0.5,0.1,0.000010,,,,,,,1.33281512144e-2,fixed_U_class_excluded_conditional,absent,accept_conditional_contract
historical_moments,524288,64000000,0.01,0.05,0.001,0.000001,3326381702,33.26381702,9.99999999808e-3,9.60467043840e-3,9.91000000000e-3,8.20521847113e-7,,presented_constant_sufficient_conditional,absent,accept_conditional_contract
historical_moments,524288,64000000,0.01,0.05,0.001,0.000003,3326381702,33.26381702,9.99999999808e-3,9.60467043840e-3,9.91000000000e-3,8.20521847113e-7,,presented_constant_sufficient_conditional,absent,accept_conditional_contract
historical_moments,524288,64000000,0.01,0.05,0.001,0.000010,3326381702,33.26381702,9.99999999808e-3,9.60467043840e-3,9.91000000000e-3,8.20521847113e-7,,presented_constant_sufficient_conditional,absent,accept_conditional_contract
historical_moments,524288,64000000,0.01,0.05,0.01,0.000001,3326381702,33.26381702,9.99999999808e-3,9.60467043840e-3,9.78612500000e-3,8.20521847113e-7,,presented_constant_sufficient_conditional,absent,accept_conditional_contract
historical_moments,524288,64000000,0.01,0.05,0.01,0.000003,3326381702,33.26381702,9.99999999808e-3,9.60467043840e-3,9.78612500000e-3,8.20521847113e-7,,presented_constant_sufficient_conditional,absent,accept_conditional_contract
historical_moments,524288,64000000,0.01,0.05,0.01,0.000010,3326381702,33.26381702,9.99999999808e-3,9.60467043840e-3,9.78612500000e-3,8.20521847113e-7,,presented_constant_sufficient_conditional,absent,accept_conditional_contract
historical_moments,524288,64000000,0.01,0.05,0.1,0.000001,3326381702,33.26381702,9.99999999808e-3,9.60467043840e-3,9.76754375000e-3,8.20521847113e-7,,presented_constant_sufficient_conditional,absent,accept_conditional_contract
historical_moments,524288,64000000,0.01,0.05,0.1,0.000003,3326381702,33.26381702,9.99999999808e-3,9.60467043840e-3,9.76754375000e-3,8.20521847113e-7,,presented_constant_sufficient_conditional,absent,accept_conditional_contract
historical_moments,524288,64000000,0.01,0.05,0.1,0.000010,3326381702,33.26381702,9.99999999808e-3,9.60467043840e-3,9.76754375000e-3,8.20521847113e-7,,presented_constant_sufficient_conditional,absent,accept_conditional_contract
historical_moments,524288,64000000,0.01,0.25,0.001,0.000001,3326381702,33.26381702,9.99999999808e-3,9.60467043840e-3,9.91000000000e-3,8.20521847113e-7,,presented_constant_sufficient_conditional,absent,accept_conditional_contract
historical_moments,524288,64000000,0.01,0.25,0.001,0.000003,3326381702,33.26381702,9.99999999808e-3,9.60467043840e-3,9.91000000000e-3,8.20521847113e-7,,presented_constant_sufficient_conditional,absent,accept_conditional_contract
historical_moments,524288,64000000,0.01,0.25,0.001,0.000010,3326381702,33.26381702,9.99999999808e-3,9.60467043840e-3,9.91000000000e-3,8.20521847113e-7,,presented_constant_sufficient_conditional,absent,accept_conditional_contract
historical_moments,524288,64000000,0.01,0.25,0.01,0.000001,3326381702,33.26381702,9.99999999808e-3,9.60467043840e-3,9.78612500000e-3,8.20521847113e-7,,presented_constant_sufficient_conditional,absent,accept_conditional_contract
historical_moments,524288,64000000,0.01,0.25,0.01,0.000003,3326381702,33.26381702,9.99999999808e-3,9.60467043840e-3,9.78612500000e-3,8.20521847113e-7,,presented_constant_sufficient_conditional,absent,accept_conditional_contract
historical_moments,524288,64000000,0.01,0.25,0.01,0.000010,3326381702,33.26381702,9.99999999808e-3,9.60467043840e-3,9.78612500000e-3,8.20521847113e-7,,presented_constant_sufficient_conditional,absent,accept_conditional_contract
historical_moments,524288,64000000,0.01,0.25,0.1,0.000001,3326381702,33.26381702,9.99999999808e-3,9.60467043840e-3,9.76754375000e-3,8.20521847113e-7,,presented_constant_sufficient_conditional,absent,accept_conditional_contract
historical_moments,524288,64000000,0.01,0.25,0.1,0.000003,3326381702,33.26381702,9.99999999808e-3,9.60467043840e-3,9.76754375000e-3,8.20521847113e-7,,presented_constant_sufficient_conditional,absent,accept_conditional_contract
historical_moments,524288,64000000,0.01,0.25,0.1,0.000010,3326381702,33.26381702,9.99999999808e-3,9.60467043840e-3,9.76754375000e-3,8.20521847113e-7,,presented_constant_sufficient_conditional,absent,accept_conditional_contract
historical_moments,524288,64000000,0.01,0.5,0.001,0.000001,3326381702,33.26381702,9.99999999808e-3,9.60467043840e-3,9.91000000000e-3,8.20521847113e-7,,presented_constant_sufficient_conditional,absent,accept_conditional_contract
historical_moments,524288,64000000,0.01,0.5,0.001,0.000003,3326381702,33.26381702,9.99999999808e-3,9.60467043840e-3,9.91000000000e-3,8.20521847113e-7,,presented_constant_sufficient_conditional,absent,accept_conditional_contract
historical_moments,524288,64000000,0.01,0.5,0.001,0.000010,3326381702,33.26381702,9.99999999808e-3,9.60467043840e-3,9.91000000000e-3,8.20521847113e-7,,presented_constant_sufficient_conditional,absent,accept_conditional_contract
historical_moments,524288,64000000,0.01,0.5,0.01,0.000001,3326381702,33.26381702,9.99999999808e-3,9.60467043840e-3,9.78612500000e-3,8.20521847113e-7,,presented_constant_sufficient_conditional,absent,accept_conditional_contract
historical_moments,524288,64000000,0.01,0.5,0.01,0.000003,3326381702,33.26381702,9.99999999808e-3,9.60467043840e-3,9.78612500000e-3,8.20521847113e-7,,presented_constant_sufficient_conditional,absent,accept_conditional_contract
historical_moments,524288,64000000,0.01,0.5,0.01,0.000010,3326381702,33.26381702,9.99999999808e-3,9.60467043840e-3,9.78612500000e-3,8.20521847113e-7,,presented_constant_sufficient_conditional,absent,accept_conditional_contract
historical_moments,524288,64000000,0.01,0.5,0.1,0.000001,3326381702,33.26381702,9.99999999808e-3,9.60467043840e-3,9.76754375000e-3,8.20521847113e-7,,presented_constant_sufficient_conditional,absent,accept_conditional_contract
historical_moments,524288,64000000,0.01,0.5,0.1,0.000003,3326381702,33.26381702,9.99999999808e-3,9.60467043840e-3,9.76754375000e-3,8.20521847113e-7,,presented_constant_sufficient_conditional,absent,accept_conditional_contract
historical_moments,524288,64000000,0.01,0.5,0.1,0.000010,3326381702,33.26381702,9.99999999808e-3,9.60467043840e-3,9.76754375000e-3,8.20521847113e-7,,presented_constant_sufficient_conditional,absent,accept_conditional_contract
rarity_diagnostic,524288,64000000,0.01,0.05,0.001,0.000001,,,,,,,3.35359143002e-3,unresolved_no_certificate,absent,accept_conditional_contract
rarity_diagnostic,524288,64000000,0.01,0.05,0.001,0.000003,,,,,,,3.35359143002e-3,unresolved_no_certificate,absent,accept_conditional_contract
rarity_diagnostic,524288,64000000,0.01,0.05,0.001,0.000010,,,,,,,3.35359143002e-3,unresolved_no_certificate,absent,accept_conditional_contract
rarity_diagnostic,524288,64000000,0.01,0.05,0.01,0.000001,,,,,,,3.35359143002e-3,unresolved_no_certificate,absent,accept_conditional_contract
rarity_diagnostic,524288,64000000,0.01,0.05,0.01,0.000003,,,,,,,3.35359143002e-3,unresolved_no_certificate,absent,accept_conditional_contract
rarity_diagnostic,524288,64000000,0.01,0.05,0.01,0.000010,,,,,,,3.35359143002e-3,unresolved_no_certificate,absent,accept_conditional_contract
rarity_diagnostic,524288,64000000,0.01,0.05,0.1,0.000001,,,,,,,3.35359143002e-3,unresolved_no_certificate,absent,accept_conditional_contract
rarity_diagnostic,524288,64000000,0.01,0.05,0.1,0.000003,,,,,,,3.35359143002e-3,unresolved_no_certificate,absent,accept_conditional_contract
rarity_diagnostic,524288,64000000,0.01,0.05,0.1,0.000010,,,,,,,3.35359143002e-3,unresolved_no_certificate,absent,accept_conditional_contract
rarity_diagnostic,524288,64000000,0.01,0.25,0.001,0.000001,,,,,,,3.35359143002e-3,unresolved_no_certificate,absent,accept_conditional_contract
rarity_diagnostic,524288,64000000,0.01,0.25,0.001,0.000003,,,,,,,3.35359143002e-3,unresolved_no_certificate,absent,accept_conditional_contract
rarity_diagnostic,524288,64000000,0.01,0.25,0.001,0.000010,,,,,,,3.35359143002e-3,unresolved_no_certificate,absent,accept_conditional_contract
rarity_diagnostic,524288,64000000,0.01,0.25,0.01,0.000001,,,,,,,3.35359143002e-3,unresolved_no_certificate,absent,accept_conditional_contract
rarity_diagnostic,524288,64000000,0.01,0.25,0.01,0.000003,,,,,,,3.35359143002e-3,unresolved_no_certificate,absent,accept_conditional_contract
rarity_diagnostic,524288,64000000,0.01,0.25,0.01,0.000010,,,,,,,3.35359143002e-3,unresolved_no_certificate,absent,accept_conditional_contract
rarity_diagnostic,524288,64000000,0.01,0.25,0.1,0.000001,,,,,,,3.35359143002e-3,unresolved_no_certificate,absent,accept_conditional_contract
rarity_diagnostic,524288,64000000,0.01,0.25,0.1,0.000003,,,,,,,3.35359143002e-3,unresolved_no_certificate,absent,accept_conditional_contract
rarity_diagnostic,524288,64000000,0.01,0.25,0.1,0.000010,,,,,,,3.35359143002e-3,unresolved_no_certificate,absent,accept_conditional_contract
rarity_diagnostic,524288,64000000,0.01,0.5,0.001,0.000001,,,,,,,3.35359143002e-3,unresolved_no_certificate,absent,accept_conditional_contract
rarity_diagnostic,524288,64000000,0.01,0.5,0.001,0.000003,,,,,,,3.35359143002e-3,unresolved_no_certificate,absent,accept_conditional_contract
rarity_diagnostic,524288,64000000,0.01,0.5,0.001,0.000010,,,,,,,3.35359143002e-3,unresolved_no_certificate,absent,accept_conditional_contract
rarity_diagnostic,524288,64000000,0.01,0.5,0.01,0.000001,,,,,,,3.35359143002e-3,unresolved_no_certificate,absent,accept_conditional_contract
rarity_diagnostic,524288,64000000,0.01,0.5,0.01,0.000003,,,,,,,3.35359143002e-3,unresolved_no_certificate,absent,accept_conditional_contract
rarity_diagnostic,524288,64000000,0.01,0.5,0.01,0.000010,,,,,,,3.35359143002e-3,unresolved_no_certificate,absent,accept_conditional_contract
rarity_diagnostic,524288,64000000,0.01,0.5,0.1,0.000001,,,,,,,3.35359143002e-3,unresolved_no_certificate,absent,accept_conditional_contract
rarity_diagnostic,524288,64000000,0.01,0.5,0.1,0.000003,,,,,,,3.35359143002e-3,unresolved_no_certificate,absent,accept_conditional_contract
rarity_diagnostic,524288,64000000,0.01,0.5,0.1,0.000010,,,,,,,3.35359143002e-3,unresolved_no_certificate,absent,accept_conditional_contract
historical_moments,524288,256000000,0.001,0.05,0.001,0.000001,,,,,,,,unresolved_no_certificate,absent,accept_conditional_contract
historical_moments,524288,256000000,0.001,0.05,0.001,0.000003,,,,,,,,unresolved_no_certificate,absent,accept_conditional_contract
historical_moments,524288,256000000,0.001,0.05,0.001,0.000010,,,,,,,,unresolved_no_certificate,absent,accept_conditional_contract
historical_moments,524288,256000000,0.001,0.05,0.01,0.000001,,,,,,,,unresolved_no_certificate,absent,accept_conditional_contract
historical_moments,524288,256000000,0.001,0.05,0.01,0.000003,,,,,,,,unresolved_no_certificate,absent,accept_conditional_contract
historical_moments,524288,256000000,0.001,0.05,0.01,0.000010,,,,,,,,unresolved_no_certificate,absent,accept_conditional_contract
historical_moments,524288,256000000,0.001,0.05,0.1,0.000001,,,,,,,,unresolved_no_certificate,absent,accept_conditional_contract
historical_moments,524288,256000000,0.001,0.05,0.1,0.000003,,,,,,,,unresolved_no_certificate,absent,accept_conditional_contract
historical_moments,524288,256000000,0.001,0.05,0.1,0.000010,,,,,,,,unresolved_no_certificate,absent,accept_conditional_contract
historical_moments,524288,256000000,0.001,0.25,0.001,0.000001,,,,,,,,unresolved_no_certificate,absent,accept_conditional_contract
historical_moments,524288,256000000,0.001,0.25,0.001,0.000003,,,,,,,,unresolved_no_certificate,absent,accept_conditional_contract
historical_moments,524288,256000000,0.001,0.25,0.001,0.000010,,,,,,,,unresolved_no_certificate,absent,accept_conditional_contract
historical_moments,524288,256000000,0.001,0.25,0.01,0.000001,,,,,,,,unresolved_no_certificate,absent,accept_conditional_contract
historical_moments,524288,256000000,0.001,0.25,0.01,0.000003,,,,,,,,unresolved_no_certificate,absent,accept_conditional_contract
historical_moments,524288,256000000,0.001,0.25,0.01,0.000010,,,,,,,,unresolved_no_certificate,absent,accept_conditional_contract
historical_moments,524288,256000000,0.001,0.25,0.1,0.000001,,,,,,,,unresolved_no_certificate,absent,accept_conditional_contract
historical_moments,524288,256000000,0.001,0.25,0.1,0.000003,,,,,,,,unresolved_no_certificate,absent,accept_conditional_contract
historical_moments,524288,256000000,0.001,0.25,0.1,0.000010,,,,,,,,unresolved_no_certificate,absent,accept_conditional_contract
historical_moments,524288,256000000,0.001,0.5,0.001,0.000001,,,,,,,,unresolved_no_certificate,absent,accept_conditional_contract
historical_moments,524288,256000000,0.001,0.5,0.001,0.000003,,,,,,,,unresolved_no_certificate,absent,accept_conditional_contract
historical_moments,524288,256000000,0.001,0.5,0.001,0.000010,,,,,,,,unresolved_no_certificate,absent,accept_conditional_contract
historical_moments,524288,256000000,0.001,0.5,0.01,0.000001,,,,,,,,unresolved_no_certificate,absent,accept_conditional_contract
historical_moments,524288,256000000,0.001,0.5,0.01,0.000003,,,,,,,,unresolved_no_certificate,absent,accept_conditional_contract
historical_moments,524288,256000000,0.001,0.5,0.01,0.000010,,,,,,,,unresolved_no_certificate,absent,accept_conditional_contract
historical_moments,524288,256000000,0.001,0.5,0.1,0.000001,,,,,,,,unresolved_no_certificate,absent,accept_conditional_contract
historical_moments,524288,256000000,0.001,0.5,0.1,0.000003,,,,,,,,unresolved_no_certificate,absent,accept_conditional_contract
historical_moments,524288,256000000,0.001,0.5,0.1,0.000010,,,,,,,,unresolved_no_certificate,absent,accept_conditional_contract
rarity_diagnostic,524288,256000000,0.001,0.05,0.001,0.000001,,,,,,,8.35696739193e-3,unresolved_no_certificate,absent,accept_conditional_contract
rarity_diagnostic,524288,256000000,0.001,0.05,0.001,0.000003,,,,,,,8.35696739193e-3,unresolved_no_certificate,absent,accept_conditional_contract
rarity_diagnostic,524288,256000000,0.001,0.05,0.001,0.000010,,,,,,,8.35696739193e-3,unresolved_no_certificate,absent,accept_conditional_contract
rarity_diagnostic,524288,256000000,0.001,0.05,0.01,0.000001,,,,,,,8.35696739193e-3,unresolved_no_certificate,absent,accept_conditional_contract
rarity_diagnostic,524288,256000000,0.001,0.05,0.01,0.000003,,,,,,,8.35696739193e-3,unresolved_no_certificate,absent,accept_conditional_contract
rarity_diagnostic,524288,256000000,0.001,0.05,0.01,0.000010,,,,,,,8.35696739193e-3,unresolved_no_certificate,absent,accept_conditional_contract
rarity_diagnostic,524288,256000000,0.001,0.05,0.1,0.000001,,,,,,,8.35696739193e-3,unresolved_no_certificate,absent,accept_conditional_contract
rarity_diagnostic,524288,256000000,0.001,0.05,0.1,0.000003,,,,,,,8.35696739193e-3,unresolved_no_certificate,absent,accept_conditional_contract
rarity_diagnostic,524288,256000000,0.001,0.05,0.1,0.000010,,,,,,,8.35696739193e-3,unresolved_no_certificate,absent,accept_conditional_contract
rarity_diagnostic,524288,256000000,0.001,0.25,0.001,0.000001,,,,,,,8.35696739193e-3,unresolved_no_certificate,absent,accept_conditional_contract
rarity_diagnostic,524288,256000000,0.001,0.25,0.001,0.000003,,,,,,,8.35696739193e-3,unresolved_no_certificate,absent,accept_conditional_contract
rarity_diagnostic,524288,256000000,0.001,0.25,0.001,0.000010,,,,,,,8.35696739193e-3,unresolved_no_certificate,absent,accept_conditional_contract
rarity_diagnostic,524288,256000000,0.001,0.25,0.01,0.000001,,,,,,,8.35696739193e-3,unresolved_no_certificate,absent,accept_conditional_contract
rarity_diagnostic,524288,256000000,0.001,0.25,0.01,0.000003,,,,,,,8.35696739193e-3,unresolved_no_certificate,absent,accept_conditional_contract
rarity_diagnostic,524288,256000000,0.001,0.25,0.01,0.000010,,,,,,,8.35696739193e-3,unresolved_no_certificate,absent,accept_conditional_contract
rarity_diagnostic,524288,256000000,0.001,0.25,0.1,0.000001,,,,,,,8.35696739193e-3,unresolved_no_certificate,absent,accept_conditional_contract
rarity_diagnostic,524288,256000000,0.001,0.25,0.1,0.000003,,,,,,,8.35696739193e-3,unresolved_no_certificate,absent,accept_conditional_contract
rarity_diagnostic,524288,256000000,0.001,0.25,0.1,0.000010,,,,,,,8.35696739193e-3,unresolved_no_certificate,absent,accept_conditional_contract
rarity_diagnostic,524288,256000000,0.001,0.5,0.001,0.000001,,,,,,,8.35696739193e-3,unresolved_no_certificate,absent,accept_conditional_contract
rarity_diagnostic,524288,256000000,0.001,0.5,0.001,0.000003,,,,,,,8.35696739193e-3,unresolved_no_certificate,absent,accept_conditional_contract
rarity_diagnostic,524288,256000000,0.001,0.5,0.001,0.000010,,,,,,,8.35696739193e-3,unresolved_no_certificate,absent,accept_conditional_contract
rarity_diagnostic,524288,256000000,0.001,0.5,0.01,0.000001,,,,,,,8.35696739193e-3,unresolved_no_certificate,absent,accept_conditional_contract
rarity_diagnostic,524288,256000000,0.001,0.5,0.01,0.000003,,,,,,,8.35696739193e-3,unresolved_no_certificate,absent,accept_conditional_contract
rarity_diagnostic,524288,256000000,0.001,0.5,0.01,0.000010,,,,,,,8.35696739193e-3,unresolved_no_certificate,absent,accept_conditional_contract
rarity_diagnostic,524288,256000000,0.001,0.5,0.1,0.000001,,,,,,,8.35696739193e-3,unresolved_no_certificate,absent,accept_conditional_contract
rarity_diagnostic,524288,256000000,0.001,0.5,0.1,0.000003,,,,,,,8.35696739193e-3,unresolved_no_certificate,absent,accept_conditional_contract
rarity_diagnostic,524288,256000000,0.001,0.5,0.1,0.000010,,,,,,,8.35696739193e-3,unresolved_no_certificate,absent,accept_conditional_contract
historical_moments,524288,256000000,0.0025,0.05,0.001,0.000001,3326381702,33.26381702,9.99999999808e-3,2.40116760960e-3,2.59750000000e-3,3.62758960243e-7,,presented_constant_sufficient_conditional,absent,accept_conditional_contract
historical_moments,524288,256000000,0.0025,0.05,0.001,0.000003,3326381702,33.26381702,9.99999999808e-3,2.40116760960e-3,2.59750000000e-3,3.62758960243e-7,,presented_constant_sufficient_conditional,absent,accept_conditional_contract
historical_moments,524288,256000000,0.0025,0.05,0.001,0.000010,3326381702,33.26381702,9.99999999808e-3,2.40116760960e-3,2.59750000000e-3,3.62758960243e-7,,presented_constant_sufficient_conditional,absent,accept_conditional_contract
historical_moments,524288,256000000,0.0025,0.05,0.01,0.000001,3326381702,33.26381702,9.99999999808e-3,2.40116760960e-3,2.56503125000e-3,3.62758960243e-7,,presented_constant_sufficient_conditional,absent,accept_conditional_contract
historical_moments,524288,256000000,0.0025,0.05,0.01,0.000003,3326381702,33.26381702,9.99999999808e-3,2.40116760960e-3,2.56503125000e-3,3.62758960243e-7,,presented_constant_sufficient_conditional,absent,accept_conditional_contract
historical_moments,524288,256000000,0.0025,0.05,0.01,0.000010,3326381702,33.26381702,9.99999999808e-3,2.40116760960e-3,2.56503125000e-3,3.62758960243e-7,,presented_constant_sufficient_conditional,absent,accept_conditional_contract
historical_moments,524288,256000000,0.0025,0.05,0.1,0.000001,3326381702,33.26381702,9.99999999808e-3,2.40116760960e-3,2.56016093750e-3,3.62758960243e-7,,presented_constant_sufficient_conditional,absent,accept_conditional_contract
historical_moments,524288,256000000,0.0025,0.05,0.1,0.000003,3326381702,33.26381702,9.99999999808e-3,2.40116760960e-3,2.56016093750e-3,3.62758960243e-7,,presented_constant_sufficient_conditional,absent,accept_conditional_contract
historical_moments,524288,256000000,0.0025,0.05,0.1,0.000010,3326381702,33.26381702,9.99999999808e-3,2.40116760960e-3,2.56016093750e-3,3.62758960243e-7,,presented_constant_sufficient_conditional,absent,accept_conditional_contract
historical_moments,524288,256000000,0.0025,0.25,0.001,0.000001,3326381702,33.26381702,9.99999999808e-3,2.40116760960e-3,2.59750000000e-3,3.62758960243e-7,,presented_constant_sufficient_conditional,absent,accept_conditional_contract
historical_moments,524288,256000000,0.0025,0.25,0.001,0.000003,3326381702,33.26381702,9.99999999808e-3,2.40116760960e-3,2.59750000000e-3,3.62758960243e-7,,presented_constant_sufficient_conditional,absent,accept_conditional_contract
historical_moments,524288,256000000,0.0025,0.25,0.001,0.000010,3326381702,33.26381702,9.99999999808e-3,2.40116760960e-3,2.59750000000e-3,3.62758960243e-7,,presented_constant_sufficient_conditional,absent,accept_conditional_contract
historical_moments,524288,256000000,0.0025,0.25,0.01,0.000001,3326381702,33.26381702,9.99999999808e-3,2.40116760960e-3,2.56503125000e-3,3.62758960243e-7,,presented_constant_sufficient_conditional,absent,accept_conditional_contract
historical_moments,524288,256000000,0.0025,0.25,0.01,0.000003,3326381702,33.26381702,9.99999999808e-3,2.40116760960e-3,2.56503125000e-3,3.62758960243e-7,,presented_constant_sufficient_conditional,absent,accept_conditional_contract
historical_moments,524288,256000000,0.0025,0.25,0.01,0.000010,3326381702,33.26381702,9.99999999808e-3,2.40116760960e-3,2.56503125000e-3,3.62758960243e-7,,presented_constant_sufficient_conditional,absent,accept_conditional_contract
historical_moments,524288,256000000,0.0025,0.25,0.1,0.000001,3326381702,33.26381702,9.99999999808e-3,2.40116760960e-3,2.56016093750e-3,3.62758960243e-7,,presented_constant_sufficient_conditional,absent,accept_conditional_contract
historical_moments,524288,256000000,0.0025,0.25,0.1,0.000003,3326381702,33.26381702,9.99999999808e-3,2.40116760960e-3,2.56016093750e-3,3.62758960243e-7,,presented_constant_sufficient_conditional,absent,accept_conditional_contract
historical_moments,524288,256000000,0.0025,0.25,0.1,0.000010,3326381702,33.26381702,9.99999999808e-3,2.40116760960e-3,2.56016093750e-3,3.62758960243e-7,,presented_constant_sufficient_conditional,absent,accept_conditional_contract
historical_moments,524288,256000000,0.0025,0.5,0.001,0.000001,3326381702,33.26381702,9.99999999808e-3,2.40116760960e-3,2.59750000000e-3,3.62758960243e-7,,presented_constant_sufficient_conditional,absent,accept_conditional_contract
historical_moments,524288,256000000,0.0025,0.5,0.001,0.000003,3326381702,33.26381702,9.99999999808e-3,2.40116760960e-3,2.59750000000e-3,3.62758960243e-7,,presented_constant_sufficient_conditional,absent,accept_conditional_contract
historical_moments,524288,256000000,0.0025,0.5,0.001,0.000010,3326381702,33.26381702,9.99999999808e-3,2.40116760960e-3,2.59750000000e-3,3.62758960243e-7,,presented_constant_sufficient_conditional,absent,accept_conditional_contract
historical_moments,524288,256000000,0.0025,0.5,0.01,0.000001,3326381702,33.26381702,9.99999999808e-3,2.40116760960e-3,2.56503125000e-3,3.62758960243e-7,,presented_constant_sufficient_conditional,absent,accept_conditional_contract
historical_moments,524288,256000000,0.0025,0.5,0.01,0.000003,3326381702,33.26381702,9.99999999808e-3,2.40116760960e-3,2.56503125000e-3,3.62758960243e-7,,presented_constant_sufficient_conditional,absent,accept_conditional_contract
historical_moments,524288,256000000,0.0025,0.5,0.01,0.000010,3326381702,33.26381702,9.99999999808e-3,2.40116760960e-3,2.56503125000e-3,3.62758960243e-7,,presented_constant_sufficient_conditional,absent,accept_conditional_contract
historical_moments,524288,256000000,0.0025,0.5,0.1,0.000001,3326381702,33.26381702,9.99999999808e-3,2.40116760960e-3,2.56016093750e-3,3.62758960243e-7,,presented_constant_sufficient_conditional,absent,accept_conditional_contract
historical_moments,524288,256000000,0.0025,0.5,0.1,0.000003,3326381702,33.26381702,9.99999999808e-3,2.40116760960e-3,2.56016093750e-3,3.62758960243e-7,,presented_constant_sufficient_conditional,absent,accept_conditional_contract
historical_moments,524288,256000000,0.0025,0.5,0.1,0.000010,3326381702,33.26381702,9.99999999808e-3,2.40116760960e-3,2.56016093750e-3,3.62758960243e-7,,presented_constant_sufficient_conditional,absent,accept_conditional_contract
rarity_diagnostic,524288,256000000,0.0025,0.05,0.001,0.000001,,,,,,,3.35359152585e-3,unresolved_no_certificate,absent,accept_conditional_contract
rarity_diagnostic,524288,256000000,0.0025,0.05,0.001,0.000003,,,,,,,3.35359152585e-3,unresolved_no_certificate,absent,accept_conditional_contract
rarity_diagnostic,524288,256000000,0.0025,0.05,0.001,0.000010,,,,,,,3.35359152585e-3,unresolved_no_certificate,absent,accept_conditional_contract
rarity_diagnostic,524288,256000000,0.0025,0.05,0.01,0.000001,,,,,,,3.35359152585e-3,unresolved_no_certificate,absent,accept_conditional_contract
rarity_diagnostic,524288,256000000,0.0025,0.05,0.01,0.000003,,,,,,,3.35359152585e-3,unresolved_no_certificate,absent,accept_conditional_contract
rarity_diagnostic,524288,256000000,0.0025,0.05,0.01,0.000010,,,,,,,3.35359152585e-3,unresolved_no_certificate,absent,accept_conditional_contract
rarity_diagnostic,524288,256000000,0.0025,0.05,0.1,0.000001,,,,,,,3.35359152585e-3,unresolved_no_certificate,absent,accept_conditional_contract
rarity_diagnostic,524288,256000000,0.0025,0.05,0.1,0.000003,,,,,,,3.35359152585e-3,unresolved_no_certificate,absent,accept_conditional_contract
rarity_diagnostic,524288,256000000,0.0025,0.05,0.1,0.000010,,,,,,,3.35359152585e-3,unresolved_no_certificate,absent,accept_conditional_contract
rarity_diagnostic,524288,256000000,0.0025,0.25,0.001,0.000001,,,,,,,3.35359152585e-3,unresolved_no_certificate,absent,accept_conditional_contract
rarity_diagnostic,524288,256000000,0.0025,0.25,0.001,0.000003,,,,,,,3.35359152585e-3,unresolved_no_certificate,absent,accept_conditional_contract
rarity_diagnostic,524288,256000000,0.0025,0.25,0.001,0.000010,,,,,,,3.35359152585e-3,unresolved_no_certificate,absent,accept_conditional_contract
rarity_diagnostic,524288,256000000,0.0025,0.25,0.01,0.000001,,,,,,,3.35359152585e-3,unresolved_no_certificate,absent,accept_conditional_contract
rarity_diagnostic,524288,256000000,0.0025,0.25,0.01,0.000003,,,,,,,3.35359152585e-3,unresolved_no_certificate,absent,accept_conditional_contract
rarity_diagnostic,524288,256000000,0.0025,0.25,0.01,0.000010,,,,,,,3.35359152585e-3,unresolved_no_certificate,absent,accept_conditional_contract
rarity_diagnostic,524288,256000000,0.0025,0.25,0.1,0.000001,,,,,,,3.35359152585e-3,unresolved_no_certificate,absent,accept_conditional_contract
rarity_diagnostic,524288,256000000,0.0025,0.25,0.1,0.000003,,,,,,,3.35359152585e-3,unresolved_no_certificate,absent,accept_conditional_contract
rarity_diagnostic,524288,256000000,0.0025,0.25,0.1,0.000010,,,,,,,3.35359152585e-3,unresolved_no_certificate,absent,accept_conditional_contract
rarity_diagnostic,524288,256000000,0.0025,0.5,0.001,0.000001,,,,,,,3.35359152585e-3,unresolved_no_certificate,absent,accept_conditional_contract
rarity_diagnostic,524288,256000000,0.0025,0.5,0.001,0.000003,,,,,,,3.35359152585e-3,unresolved_no_certificate,absent,accept_conditional_contract
rarity_diagnostic,524288,256000000,0.0025,0.5,0.001,0.000010,,,,,,,3.35359152585e-3,unresolved_no_certificate,absent,accept_conditional_contract
rarity_diagnostic,524288,256000000,0.0025,0.5,0.01,0.000001,,,,,,,3.35359152585e-3,unresolved_no_certificate,absent,accept_conditional_contract
rarity_diagnostic,524288,256000000,0.0025,0.5,0.01,0.000003,,,,,,,3.35359152585e-3,unresolved_no_certificate,absent,accept_conditional_contract
rarity_diagnostic,524288,256000000,0.0025,0.5,0.01,0.000010,,,,,,,3.35359152585e-3,unresolved_no_certificate,absent,accept_conditional_contract
rarity_diagnostic,524288,256000000,0.0025,0.5,0.1,0.000001,,,,,,,3.35359152585e-3,unresolved_no_certificate,absent,accept_conditional_contract
rarity_diagnostic,524288,256000000,0.0025,0.5,0.1,0.000003,,,,,,,3.35359152585e-3,unresolved_no_certificate,absent,accept_conditional_contract
rarity_diagnostic,524288,256000000,0.0025,0.5,0.1,0.000010,,,,,,,3.35359152585e-3,unresolved_no_certificate,absent,accept_conditional_contract
historical_moments,524288,256000000,0.01,0.05,0.001,0.000001,3326381702,33.26381702,9.99999999808e-3,2.40116760960e-3,2.59750000000e-3,3.62758960243e-7,,presented_constant_sufficient_conditional,absent,accept_conditional_contract
historical_moments,524288,256000000,0.01,0.05,0.001,0.000003,3326381702,33.26381702,9.99999999808e-3,2.40116760960e-3,2.59750000000e-3,3.62758960243e-7,,presented_constant_sufficient_conditional,absent,accept_conditional_contract
historical_moments,524288,256000000,0.01,0.05,0.001,0.000010,3326381702,33.26381702,9.99999999808e-3,2.40116760960e-3,2.59750000000e-3,3.62758960243e-7,,presented_constant_sufficient_conditional,absent,accept_conditional_contract
historical_moments,524288,256000000,0.01,0.05,0.01,0.000001,3326381702,33.26381702,9.99999999808e-3,2.40116760960e-3,2.56503125000e-3,3.62758960243e-7,,presented_constant_sufficient_conditional,absent,accept_conditional_contract
historical_moments,524288,256000000,0.01,0.05,0.01,0.000003,3326381702,33.26381702,9.99999999808e-3,2.40116760960e-3,2.56503125000e-3,3.62758960243e-7,,presented_constant_sufficient_conditional,absent,accept_conditional_contract
historical_moments,524288,256000000,0.01,0.05,0.01,0.000010,3326381702,33.26381702,9.99999999808e-3,2.40116760960e-3,2.56503125000e-3,3.62758960243e-7,,presented_constant_sufficient_conditional,absent,accept_conditional_contract
historical_moments,524288,256000000,0.01,0.05,0.1,0.000001,3326381702,33.26381702,9.99999999808e-3,2.40116760960e-3,2.56016093750e-3,3.62758960243e-7,,presented_constant_sufficient_conditional,absent,accept_conditional_contract
historical_moments,524288,256000000,0.01,0.05,0.1,0.000003,3326381702,33.26381702,9.99999999808e-3,2.40116760960e-3,2.56016093750e-3,3.62758960243e-7,,presented_constant_sufficient_conditional,absent,accept_conditional_contract
historical_moments,524288,256000000,0.01,0.05,0.1,0.000010,3326381702,33.26381702,9.99999999808e-3,2.40116760960e-3,2.56016093750e-3,3.62758960243e-7,,presented_constant_sufficient_conditional,absent,accept_conditional_contract
historical_moments,524288,256000000,0.01,0.25,0.001,0.000001,3326381702,33.26381702,9.99999999808e-3,2.40116760960e-3,2.59750000000e-3,3.62758960243e-7,,presented_constant_sufficient_conditional,absent,accept_conditional_contract
historical_moments,524288,256000000,0.01,0.25,0.001,0.000003,3326381702,33.26381702,9.99999999808e-3,2.40116760960e-3,2.59750000000e-3,3.62758960243e-7,,presented_constant_sufficient_conditional,absent,accept_conditional_contract
historical_moments,524288,256000000,0.01,0.25,0.001,0.000010,3326381702,33.26381702,9.99999999808e-3,2.40116760960e-3,2.59750000000e-3,3.62758960243e-7,,presented_constant_sufficient_conditional,absent,accept_conditional_contract
historical_moments,524288,256000000,0.01,0.25,0.01,0.000001,3326381702,33.26381702,9.99999999808e-3,2.40116760960e-3,2.56503125000e-3,3.62758960243e-7,,presented_constant_sufficient_conditional,absent,accept_conditional_contract
historical_moments,524288,256000000,0.01,0.25,0.01,0.000003,3326381702,33.26381702,9.99999999808e-3,2.40116760960e-3,2.56503125000e-3,3.62758960243e-7,,presented_constant_sufficient_conditional,absent,accept_conditional_contract
historical_moments,524288,256000000,0.01,0.25,0.01,0.000010,3326381702,33.26381702,9.99999999808e-3,2.40116760960e-3,2.56503125000e-3,3.62758960243e-7,,presented_constant_sufficient_conditional,absent,accept_conditional_contract
historical_moments,524288,256000000,0.01,0.25,0.1,0.000001,3326381702,33.26381702,9.99999999808e-3,2.40116760960e-3,2.56016093750e-3,3.62758960243e-7,,presented_constant_sufficient_conditional,absent,accept_conditional_contract
historical_moments,524288,256000000,0.01,0.25,0.1,0.000003,3326381702,33.26381702,9.99999999808e-3,2.40116760960e-3,2.56016093750e-3,3.62758960243e-7,,presented_constant_sufficient_conditional,absent,accept_conditional_contract
historical_moments,524288,256000000,0.01,0.25,0.1,0.000010,3326381702,33.26381702,9.99999999808e-3,2.40116760960e-3,2.56016093750e-3,3.62758960243e-7,,presented_constant_sufficient_conditional,absent,accept_conditional_contract
historical_moments,524288,256000000,0.01,0.5,0.001,0.000001,3326381702,33.26381702,9.99999999808e-3,2.40116760960e-3,2.59750000000e-3,3.62758960243e-7,,presented_constant_sufficient_conditional,absent,accept_conditional_contract
historical_moments,524288,256000000,0.01,0.5,0.001,0.000003,3326381702,33.26381702,9.99999999808e-3,2.40116760960e-3,2.59750000000e-3,3.62758960243e-7,,presented_constant_sufficient_conditional,absent,accept_conditional_contract
historical_moments,524288,256000000,0.01,0.5,0.001,0.000010,3326381702,33.26381702,9.99999999808e-3,2.40116760960e-3,2.59750000000e-3,3.62758960243e-7,,presented_constant_sufficient_conditional,absent,accept_conditional_contract
historical_moments,524288,256000000,0.01,0.5,0.01,0.000001,3326381702,33.26381702,9.99999999808e-3,2.40116760960e-3,2.56503125000e-3,3.62758960243e-7,,presented_constant_sufficient_conditional,absent,accept_conditional_contract
historical_moments,524288,256000000,0.01,0.5,0.01,0.000003,3326381702,33.26381702,9.99999999808e-3,2.40116760960e-3,2.56503125000e-3,3.62758960243e-7,,presented_constant_sufficient_conditional,absent,accept_conditional_contract
historical_moments,524288,256000000,0.01,0.5,0.01,0.000010,3326381702,33.26381702,9.99999999808e-3,2.40116760960e-3,2.56503125000e-3,3.62758960243e-7,,presented_constant_sufficient_conditional,absent,accept_conditional_contract
historical_moments,524288,256000000,0.01,0.5,0.1,0.000001,3326381702,33.26381702,9.99999999808e-3,2.40116760960e-3,2.56016093750e-3,3.62758960243e-7,,presented_constant_sufficient_conditional,absent,accept_conditional_contract
historical_moments,524288,256000000,0.01,0.5,0.1,0.000003,3326381702,33.26381702,9.99999999808e-3,2.40116760960e-3,2.56016093750e-3,3.62758960243e-7,,presented_constant_sufficient_conditional,absent,accept_conditional_contract
historical_moments,524288,256000000,0.01,0.5,0.1,0.000010,3326381702,33.26381702,9.99999999808e-3,2.40116760960e-3,2.56016093750e-3,3.62758960243e-7,,presented_constant_sufficient_conditional,absent,accept_conditional_contract
rarity_diagnostic,524288,256000000,0.01,0.05,0.001,0.000001,1009018592,10.09018592,9.99999999764e-3,7.91581053445e-3,8.44187500000e-3,3.63725731556e-7,8.39753658814e-4,presented_constant_sufficient_conditional,absent,accept_conditional_contract
rarity_diagnostic,524288,256000000,0.01,0.05,0.001,0.000003,1009018592,10.09018592,9.99999999764e-3,7.91581053445e-3,8.44187500000e-3,3.63725731556e-7,8.39753658814e-4,presented_constant_sufficient_conditional,absent,accept_conditional_contract
rarity_diagnostic,524288,256000000,0.01,0.05,0.001,0.000010,1009018592,10.09018592,9.99999999764e-3,7.91581053445e-3,8.44187500000e-3,3.63725731556e-7,8.39753658814e-4,presented_constant_sufficient_conditional,absent,accept_conditional_contract
rarity_diagnostic,524288,256000000,0.01,0.05,0.01,0.000001,1009018592,10.09018592,9.99999999764e-3,7.91581053445e-3,8.44187500000e-3,3.63725731556e-7,8.39753658814e-4,presented_constant_sufficient_conditional,absent,accept_conditional_contract
rarity_diagnostic,524288,256000000,0.01,0.05,0.01,0.000003,1009018592,10.09018592,9.99999999764e-3,7.91581053445e-3,8.44187500000e-3,3.63725731556e-7,8.39753658814e-4,presented_constant_sufficient_conditional,absent,accept_conditional_contract
rarity_diagnostic,524288,256000000,0.01,0.05,0.01,0.000010,1009018592,10.09018592,9.99999999764e-3,7.91581053445e-3,8.44187500000e-3,3.63725731556e-7,8.39753658814e-4,presented_constant_sufficient_conditional,absent,accept_conditional_contract
rarity_diagnostic,524288,256000000,0.01,0.05,0.1,0.000001,1009018592,10.09018592,9.99999999764e-3,7.91581053445e-3,8.43700468750e-3,3.63725731556e-7,8.39753658814e-4,presented_constant_sufficient_conditional,absent,accept_conditional_contract
rarity_diagnostic,524288,256000000,0.01,0.05,0.1,0.000003,1009018592,10.09018592,9.99999999764e-3,7.91581053445e-3,8.43700468750e-3,3.63725731556e-7,8.39753658814e-4,presented_constant_sufficient_conditional,absent,accept_conditional_contract
rarity_diagnostic,524288,256000000,0.01,0.05,0.1,0.000010,1009018592,10.09018592,9.99999999764e-3,7.91581053445e-3,8.43700468750e-3,3.63725731556e-7,8.39753658814e-4,presented_constant_sufficient_conditional,absent,accept_conditional_contract
rarity_diagnostic,524288,256000000,0.01,0.25,0.001,0.000001,1009018592,10.09018592,9.99999999764e-3,7.91581053445e-3,8.44187500000e-3,3.63725731556e-7,8.39753658814e-4,presented_constant_sufficient_conditional,absent,accept_conditional_contract
rarity_diagnostic,524288,256000000,0.01,0.25,0.001,0.000003,1009018592,10.09018592,9.99999999764e-3,7.91581053445e-3,8.44187500000e-3,3.63725731556e-7,8.39753658814e-4,presented_constant_sufficient_conditional,absent,accept_conditional_contract
rarity_diagnostic,524288,256000000,0.01,0.25,0.001,0.000010,1009018592,10.09018592,9.99999999764e-3,7.91581053445e-3,8.44187500000e-3,3.63725731556e-7,8.39753658814e-4,presented_constant_sufficient_conditional,absent,accept_conditional_contract
rarity_diagnostic,524288,256000000,0.01,0.25,0.01,0.000001,1009018592,10.09018592,9.99999999764e-3,7.91581053445e-3,8.44187500000e-3,3.63725731556e-7,8.39753658814e-4,presented_constant_sufficient_conditional,absent,accept_conditional_contract
rarity_diagnostic,524288,256000000,0.01,0.25,0.01,0.000003,1009018592,10.09018592,9.99999999764e-3,7.91581053445e-3,8.44187500000e-3,3.63725731556e-7,8.39753658814e-4,presented_constant_sufficient_conditional,absent,accept_conditional_contract
rarity_diagnostic,524288,256000000,0.01,0.25,0.01,0.000010,1009018592,10.09018592,9.99999999764e-3,7.91581053445e-3,8.44187500000e-3,3.63725731556e-7,8.39753658814e-4,presented_constant_sufficient_conditional,absent,accept_conditional_contract
rarity_diagnostic,524288,256000000,0.01,0.25,0.1,0.000001,1009018592,10.09018592,9.99999999764e-3,7.91581053445e-3,8.43700468750e-3,3.63725731556e-7,8.39753658814e-4,presented_constant_sufficient_conditional,absent,accept_conditional_contract
rarity_diagnostic,524288,256000000,0.01,0.25,0.1,0.000003,1009018592,10.09018592,9.99999999764e-3,7.91581053445e-3,8.43700468750e-3,3.63725731556e-7,8.39753658814e-4,presented_constant_sufficient_conditional,absent,accept_conditional_contract
rarity_diagnostic,524288,256000000,0.01,0.25,0.1,0.000010,1009018592,10.09018592,9.99999999764e-3,7.91581053445e-3,8.43700468750e-3,3.63725731556e-7,8.39753658814e-4,presented_constant_sufficient_conditional,absent,accept_conditional_contract
rarity_diagnostic,524288,256000000,0.01,0.5,0.001,0.000001,1009018592,10.09018592,9.99999999764e-3,7.91581053445e-3,8.44187500000e-3,3.63725731556e-7,8.39753658814e-4,presented_constant_sufficient_conditional,absent,accept_conditional_contract
rarity_diagnostic,524288,256000000,0.01,0.5,0.001,0.000003,1009018592,10.09018592,9.99999999764e-3,7.91581053445e-3,8.44187500000e-3,3.63725731556e-7,8.39753658814e-4,presented_constant_sufficient_conditional,absent,accept_conditional_contract
rarity_diagnostic,524288,256000000,0.01,0.5,0.001,0.000010,1009018592,10.09018592,9.99999999764e-3,7.91581053445e-3,8.44187500000e-3,3.63725731556e-7,8.39753658814e-4,presented_constant_sufficient_conditional,absent,accept_conditional_contract
rarity_diagnostic,524288,256000000,0.01,0.5,0.01,0.000001,1009018592,10.09018592,9.99999999764e-3,7.91581053445e-3,8.44187500000e-3,3.63725731556e-7,8.39753658814e-4,presented_constant_sufficient_conditional,absent,accept_conditional_contract
rarity_diagnostic,524288,256000000,0.01,0.5,0.01,0.000003,1009018592,10.09018592,9.99999999764e-3,7.91581053445e-3,8.44187500000e-3,3.63725731556e-7,8.39753658814e-4,presented_constant_sufficient_conditional,absent,accept_conditional_contract
rarity_diagnostic,524288,256000000,0.01,0.5,0.01,0.000010,1009018592,10.09018592,9.99999999764e-3,7.91581053445e-3,8.44187500000e-3,3.63725731556e-7,8.39753658814e-4,presented_constant_sufficient_conditional,absent,accept_conditional_contract
rarity_diagnostic,524288,256000000,0.01,0.5,0.1,0.000001,1009018592,10.09018592,9.99999999764e-3,7.91581053445e-3,8.43700468750e-3,3.63725731556e-7,8.39753658814e-4,presented_constant_sufficient_conditional,absent,accept_conditional_contract
rarity_diagnostic,524288,256000000,0.01,0.5,0.1,0.000003,1009018592,10.09018592,9.99999999764e-3,7.91581053445e-3,8.43700468750e-3,3.63725731556e-7,8.39753658814e-4,presented_constant_sufficient_conditional,absent,accept_conditional_contract
rarity_diagnostic,524288,256000000,0.01,0.5,0.1,0.000010,1009018592,10.09018592,9.99999999764e-3,7.91581053445e-3,8.43700468750e-3,3.63725731556e-7,8.39753658814e-4,presented_constant_sufficient_conditional,absent,accept_conditional_contract
historical_moments,1048576,16000000,0.001,0.05,0.001,0.000001,,,,,,,,mandatory_U_block_exclusion_conditional,absent,accept_conditional_contract
historical_moments,1048576,16000000,0.001,0.05,0.001,0.000003,,,,,,,,unresolved_no_certificate,absent,accept_conditional_contract
historical_moments,1048576,16000000,0.001,0.05,0.001,0.000010,,,,,,,,unresolved_no_certificate,absent,accept_conditional_contract
historical_moments,1048576,16000000,0.001,0.05,0.01,0.000001,,,,,,,,mandatory_U_block_exclusion_conditional,absent,accept_conditional_contract
historical_moments,1048576,16000000,0.001,0.05,0.01,0.000003,,,,,,,,unresolved_no_certificate,absent,accept_conditional_contract
historical_moments,1048576,16000000,0.001,0.05,0.01,0.000010,,,,,,,,unresolved_no_certificate,absent,accept_conditional_contract
historical_moments,1048576,16000000,0.001,0.05,0.1,0.000001,,,,,,,,mandatory_U_block_exclusion_conditional,absent,accept_conditional_contract
historical_moments,1048576,16000000,0.001,0.05,0.1,0.000003,,,,,,,,unresolved_no_certificate,absent,accept_conditional_contract
historical_moments,1048576,16000000,0.001,0.05,0.1,0.000010,,,,,,,,unresolved_no_certificate,absent,accept_conditional_contract
historical_moments,1048576,16000000,0.001,0.25,0.001,0.000001,,,,,,,,mandatory_U_block_exclusion_conditional,absent,accept_conditional_contract
historical_moments,1048576,16000000,0.001,0.25,0.001,0.000003,,,,,,,,unresolved_no_certificate,absent,accept_conditional_contract
historical_moments,1048576,16000000,0.001,0.25,0.001,0.000010,,,,,,,,unresolved_no_certificate,absent,accept_conditional_contract
historical_moments,1048576,16000000,0.001,0.25,0.01,0.000001,,,,,,,,mandatory_U_block_exclusion_conditional,absent,accept_conditional_contract
historical_moments,1048576,16000000,0.001,0.25,0.01,0.000003,,,,,,,,unresolved_no_certificate,absent,accept_conditional_contract
historical_moments,1048576,16000000,0.001,0.25,0.01,0.000010,,,,,,,,unresolved_no_certificate,absent,accept_conditional_contract
historical_moments,1048576,16000000,0.001,0.25,0.1,0.000001,,,,,,,,mandatory_U_block_exclusion_conditional,absent,accept_conditional_contract
historical_moments,1048576,16000000,0.001,0.25,0.1,0.000003,,,,,,,,unresolved_no_certificate,absent,accept_conditional_contract
historical_moments,1048576,16000000,0.001,0.25,0.1,0.000010,,,,,,,,unresolved_no_certificate,absent,accept_conditional_contract
historical_moments,1048576,16000000,0.001,0.5,0.001,0.000001,,,,,,,,mandatory_U_block_exclusion_conditional,absent,accept_conditional_contract
historical_moments,1048576,16000000,0.001,0.5,0.001,0.000003,,,,,,,,unresolved_no_certificate,absent,accept_conditional_contract
historical_moments,1048576,16000000,0.001,0.5,0.001,0.000010,,,,,,,,unresolved_no_certificate,absent,accept_conditional_contract
historical_moments,1048576,16000000,0.001,0.5,0.01,0.000001,,,,,,,,mandatory_U_block_exclusion_conditional,absent,accept_conditional_contract
historical_moments,1048576,16000000,0.001,0.5,0.01,0.000003,,,,,,,,unresolved_no_certificate,absent,accept_conditional_contract
historical_moments,1048576,16000000,0.001,0.5,0.01,0.000010,,,,,,,,unresolved_no_certificate,absent,accept_conditional_contract
historical_moments,1048576,16000000,0.001,0.5,0.1,0.000001,,,,,,,,mandatory_U_block_exclusion_conditional,absent,accept_conditional_contract
historical_moments,1048576,16000000,0.001,0.5,0.1,0.000003,,,,,,,,unresolved_no_certificate,absent,accept_conditional_contract
historical_moments,1048576,16000000,0.001,0.5,0.1,0.000010,,,,,,,,unresolved_no_certificate,absent,accept_conditional_contract
rarity_diagnostic,1048576,16000000,0.001,0.05,0.001,0.000001,,,,,,,4.08285266760e-1,fixed_U_class_excluded_conditional,absent,accept_conditional_contract
rarity_diagnostic,1048576,16000000,0.001,0.05,0.001,0.000003,,,,,,,4.08285266760e-1,fixed_U_class_excluded_conditional,absent,accept_conditional_contract
rarity_diagnostic,1048576,16000000,0.001,0.05,0.001,0.000010,,,,,,,4.08285266760e-1,fixed_U_class_excluded_conditional,absent,accept_conditional_contract
rarity_diagnostic,1048576,16000000,0.001,0.05,0.01,0.000001,,,,,,,4.08285266760e-1,fixed_U_class_excluded_conditional,absent,accept_conditional_contract
rarity_diagnostic,1048576,16000000,0.001,0.05,0.01,0.000003,,,,,,,4.08285266760e-1,fixed_U_class_excluded_conditional,absent,accept_conditional_contract
rarity_diagnostic,1048576,16000000,0.001,0.05,0.01,0.000010,,,,,,,4.08285266760e-1,fixed_U_class_excluded_conditional,absent,accept_conditional_contract
rarity_diagnostic,1048576,16000000,0.001,0.05,0.1,0.000001,,,,,,,4.08285266760e-1,fixed_U_class_excluded_conditional,absent,accept_conditional_contract
rarity_diagnostic,1048576,16000000,0.001,0.05,0.1,0.000003,,,,,,,4.08285266760e-1,fixed_U_class_excluded_conditional,absent,accept_conditional_contract
rarity_diagnostic,1048576,16000000,0.001,0.05,0.1,0.000010,,,,,,,4.08285266760e-1,fixed_U_class_excluded_conditional,absent,accept_conditional_contract
rarity_diagnostic,1048576,16000000,0.001,0.25,0.001,0.000001,,,,,,,4.08285266760e-1,fixed_U_class_excluded_conditional,absent,accept_conditional_contract
rarity_diagnostic,1048576,16000000,0.001,0.25,0.001,0.000003,,,,,,,4.08285266760e-1,fixed_U_class_excluded_conditional,absent,accept_conditional_contract
rarity_diagnostic,1048576,16000000,0.001,0.25,0.001,0.000010,,,,,,,4.08285266760e-1,fixed_U_class_excluded_conditional,absent,accept_conditional_contract
rarity_diagnostic,1048576,16000000,0.001,0.25,0.01,0.000001,,,,,,,4.08285266760e-1,fixed_U_class_excluded_conditional,absent,accept_conditional_contract
rarity_diagnostic,1048576,16000000,0.001,0.25,0.01,0.000003,,,,,,,4.08285266760e-1,fixed_U_class_excluded_conditional,absent,accept_conditional_contract
rarity_diagnostic,1048576,16000000,0.001,0.25,0.01,0.000010,,,,,,,4.08285266760e-1,fixed_U_class_excluded_conditional,absent,accept_conditional_contract
rarity_diagnostic,1048576,16000000,0.001,0.25,0.1,0.000001,,,,,,,4.08285266760e-1,fixed_U_class_excluded_conditional,absent,accept_conditional_contract
rarity_diagnostic,1048576,16000000,0.001,0.25,0.1,0.000003,,,,,,,4.08285266760e-1,fixed_U_class_excluded_conditional,absent,accept_conditional_contract
rarity_diagnostic,1048576,16000000,0.001,0.25,0.1,0.000010,,,,,,,4.08285266760e-1,fixed_U_class_excluded_conditional,absent,accept_conditional_contract
rarity_diagnostic,1048576,16000000,0.001,0.5,0.001,0.000001,,,,,,,4.08285266760e-1,fixed_U_class_excluded_conditional,absent,accept_conditional_contract
rarity_diagnostic,1048576,16000000,0.001,0.5,0.001,0.000003,,,,,,,4.08285266760e-1,fixed_U_class_excluded_conditional,absent,accept_conditional_contract
rarity_diagnostic,1048576,16000000,0.001,0.5,0.001,0.000010,,,,,,,4.08285266760e-1,fixed_U_class_excluded_conditional,absent,accept_conditional_contract
rarity_diagnostic,1048576,16000000,0.001,0.5,0.01,0.000001,,,,,,,4.08285266760e-1,fixed_U_class_excluded_conditional,absent,accept_conditional_contract
rarity_diagnostic,1048576,16000000,0.001,0.5,0.01,0.000003,,,,,,,4.08285266760e-1,fixed_U_class_excluded_conditional,absent,accept_conditional_contract
rarity_diagnostic,1048576,16000000,0.001,0.5,0.01,0.000010,,,,,,,4.08285266760e-1,fixed_U_class_excluded_conditional,absent,accept_conditional_contract
rarity_diagnostic,1048576,16000000,0.001,0.5,0.1,0.000001,,,,,,,4.08285266760e-1,fixed_U_class_excluded_conditional,absent,accept_conditional_contract
rarity_diagnostic,1048576,16000000,0.001,0.5,0.1,0.000003,,,,,,,4.08285266760e-1,fixed_U_class_excluded_conditional,absent,accept_conditional_contract
rarity_diagnostic,1048576,16000000,0.001,0.5,0.1,0.000010,,,,,,,4.08285266760e-1,fixed_U_class_excluded_conditional,absent,accept_conditional_contract
historical_moments,1048576,16000000,0.0025,0.05,0.001,0.000001,,,,,,,,mandatory_U_block_exclusion_conditional,absent,accept_conditional_contract
historical_moments,1048576,16000000,0.0025,0.05,0.001,0.000003,,,,,,,,unresolved_no_certificate,absent,accept_conditional_contract
historical_moments,1048576,16000000,0.0025,0.05,0.001,0.000010,,,,,,,,unresolved_no_certificate,absent,accept_conditional_contract
historical_moments,1048576,16000000,0.0025,0.05,0.01,0.000001,,,,,,,,mandatory_U_block_exclusion_conditional,absent,accept_conditional_contract
historical_moments,1048576,16000000,0.0025,0.05,0.01,0.000003,,,,,,,,unresolved_no_certificate,absent,accept_conditional_contract
historical_moments,1048576,16000000,0.0025,0.05,0.01,0.000010,,,,,,,,unresolved_no_certificate,absent,accept_conditional_contract
historical_moments,1048576,16000000,0.0025,0.05,0.1,0.000001,,,,,,,,mandatory_U_block_exclusion_conditional,absent,accept_conditional_contract
historical_moments,1048576,16000000,0.0025,0.05,0.1,0.000003,,,,,,,,unresolved_no_certificate,absent,accept_conditional_contract
historical_moments,1048576,16000000,0.0025,0.05,0.1,0.000010,,,,,,,,unresolved_no_certificate,absent,accept_conditional_contract
historical_moments,1048576,16000000,0.0025,0.25,0.001,0.000001,,,,,,,,mandatory_U_block_exclusion_conditional,absent,accept_conditional_contract
historical_moments,1048576,16000000,0.0025,0.25,0.001,0.000003,,,,,,,,unresolved_no_certificate,absent,accept_conditional_contract
historical_moments,1048576,16000000,0.0025,0.25,0.001,0.000010,,,,,,,,unresolved_no_certificate,absent,accept_conditional_contract
historical_moments,1048576,16000000,0.0025,0.25,0.01,0.000001,,,,,,,,mandatory_U_block_exclusion_conditional,absent,accept_conditional_contract
historical_moments,1048576,16000000,0.0025,0.25,0.01,0.000003,,,,,,,,unresolved_no_certificate,absent,accept_conditional_contract
historical_moments,1048576,16000000,0.0025,0.25,0.01,0.000010,,,,,,,,unresolved_no_certificate,absent,accept_conditional_contract
historical_moments,1048576,16000000,0.0025,0.25,0.1,0.000001,,,,,,,,mandatory_U_block_exclusion_conditional,absent,accept_conditional_contract
historical_moments,1048576,16000000,0.0025,0.25,0.1,0.000003,,,,,,,,unresolved_no_certificate,absent,accept_conditional_contract
historical_moments,1048576,16000000,0.0025,0.25,0.1,0.000010,,,,,,,,unresolved_no_certificate,absent,accept_conditional_contract
historical_moments,1048576,16000000,0.0025,0.5,0.001,0.000001,,,,,,,,mandatory_U_block_exclusion_conditional,absent,accept_conditional_contract
historical_moments,1048576,16000000,0.0025,0.5,0.001,0.000003,,,,,,,,unresolved_no_certificate,absent,accept_conditional_contract
historical_moments,1048576,16000000,0.0025,0.5,0.001,0.000010,,,,,,,,unresolved_no_certificate,absent,accept_conditional_contract
historical_moments,1048576,16000000,0.0025,0.5,0.01,0.000001,,,,,,,,mandatory_U_block_exclusion_conditional,absent,accept_conditional_contract
historical_moments,1048576,16000000,0.0025,0.5,0.01,0.000003,,,,,,,,unresolved_no_certificate,absent,accept_conditional_contract
historical_moments,1048576,16000000,0.0025,0.5,0.01,0.000010,,,,,,,,unresolved_no_certificate,absent,accept_conditional_contract
historical_moments,1048576,16000000,0.0025,0.5,0.1,0.000001,,,,,,,,mandatory_U_block_exclusion_conditional,absent,accept_conditional_contract
historical_moments,1048576,16000000,0.0025,0.5,0.1,0.000003,,,,,,,,unresolved_no_certificate,absent,accept_conditional_contract
historical_moments,1048576,16000000,0.0025,0.5,0.1,0.000010,,,,,,,,unresolved_no_certificate,absent,accept_conditional_contract
rarity_diagnostic,1048576,16000000,0.0025,0.05,0.001,0.000001,,,,,,,1.91635450555e-1,fixed_U_class_excluded_conditional,absent,accept_conditional_contract
rarity_diagnostic,1048576,16000000,0.0025,0.05,0.001,0.000003,,,,,,,1.91635450555e-1,fixed_U_class_excluded_conditional,absent,accept_conditional_contract
rarity_diagnostic,1048576,16000000,0.0025,0.05,0.001,0.000010,,,,,,,1.91635450555e-1,fixed_U_class_excluded_conditional,absent,accept_conditional_contract
rarity_diagnostic,1048576,16000000,0.0025,0.05,0.01,0.000001,,,,,,,1.91635450555e-1,fixed_U_class_excluded_conditional,absent,accept_conditional_contract
rarity_diagnostic,1048576,16000000,0.0025,0.05,0.01,0.000003,,,,,,,1.91635450555e-1,fixed_U_class_excluded_conditional,absent,accept_conditional_contract
rarity_diagnostic,1048576,16000000,0.0025,0.05,0.01,0.000010,,,,,,,1.91635450555e-1,fixed_U_class_excluded_conditional,absent,accept_conditional_contract
rarity_diagnostic,1048576,16000000,0.0025,0.05,0.1,0.000001,,,,,,,1.91635450555e-1,fixed_U_class_excluded_conditional,absent,accept_conditional_contract
rarity_diagnostic,1048576,16000000,0.0025,0.05,0.1,0.000003,,,,,,,1.91635450555e-1,fixed_U_class_excluded_conditional,absent,accept_conditional_contract
rarity_diagnostic,1048576,16000000,0.0025,0.05,0.1,0.000010,,,,,,,1.91635450555e-1,fixed_U_class_excluded_conditional,absent,accept_conditional_contract
rarity_diagnostic,1048576,16000000,0.0025,0.25,0.001,0.000001,,,,,,,1.91635450555e-1,fixed_U_class_excluded_conditional,absent,accept_conditional_contract
rarity_diagnostic,1048576,16000000,0.0025,0.25,0.001,0.000003,,,,,,,1.91635450555e-1,fixed_U_class_excluded_conditional,absent,accept_conditional_contract
rarity_diagnostic,1048576,16000000,0.0025,0.25,0.001,0.000010,,,,,,,1.91635450555e-1,fixed_U_class_excluded_conditional,absent,accept_conditional_contract
rarity_diagnostic,1048576,16000000,0.0025,0.25,0.01,0.000001,,,,,,,1.91635450555e-1,fixed_U_class_excluded_conditional,absent,accept_conditional_contract
rarity_diagnostic,1048576,16000000,0.0025,0.25,0.01,0.000003,,,,,,,1.91635450555e-1,fixed_U_class_excluded_conditional,absent,accept_conditional_contract
rarity_diagnostic,1048576,16000000,0.0025,0.25,0.01,0.000010,,,,,,,1.91635450555e-1,fixed_U_class_excluded_conditional,absent,accept_conditional_contract
rarity_diagnostic,1048576,16000000,0.0025,0.25,0.1,0.000001,,,,,,,1.91635450555e-1,fixed_U_class_excluded_conditional,absent,accept_conditional_contract
rarity_diagnostic,1048576,16000000,0.0025,0.25,0.1,0.000003,,,,,,,1.91635450555e-1,fixed_U_class_excluded_conditional,absent,accept_conditional_contract
rarity_diagnostic,1048576,16000000,0.0025,0.25,0.1,0.000010,,,,,,,1.91635450555e-1,fixed_U_class_excluded_conditional,absent,accept_conditional_contract
rarity_diagnostic,1048576,16000000,0.0025,0.5,0.001,0.000001,,,,,,,1.91635450555e-1,fixed_U_class_excluded_conditional,absent,accept_conditional_contract
rarity_diagnostic,1048576,16000000,0.0025,0.5,0.001,0.000003,,,,,,,1.91635450555e-1,fixed_U_class_excluded_conditional,absent,accept_conditional_contract
rarity_diagnostic,1048576,16000000,0.0025,0.5,0.001,0.000010,,,,,,,1.91635450555e-1,fixed_U_class_excluded_conditional,absent,accept_conditional_contract
rarity_diagnostic,1048576,16000000,0.0025,0.5,0.01,0.000001,,,,,,,1.91635450555e-1,fixed_U_class_excluded_conditional,absent,accept_conditional_contract
rarity_diagnostic,1048576,16000000,0.0025,0.5,0.01,0.000003,,,,,,,1.91635450555e-1,fixed_U_class_excluded_conditional,absent,accept_conditional_contract
rarity_diagnostic,1048576,16000000,0.0025,0.5,0.01,0.000010,,,,,,,1.91635450555e-1,fixed_U_class_excluded_conditional,absent,accept_conditional_contract
rarity_diagnostic,1048576,16000000,0.0025,0.5,0.1,0.000001,,,,,,,1.91635450555e-1,fixed_U_class_excluded_conditional,absent,accept_conditional_contract
rarity_diagnostic,1048576,16000000,0.0025,0.5,0.1,0.000003,,,,,,,1.91635450555e-1,fixed_U_class_excluded_conditional,absent,accept_conditional_contract
rarity_diagnostic,1048576,16000000,0.0025,0.5,0.1,0.000010,,,,,,,1.91635450555e-1,fixed_U_class_excluded_conditional,absent,accept_conditional_contract
historical_moments,1048576,16000000,0.01,0.05,0.001,0.000001,,,,,,,,mandatory_U_block_exclusion_conditional,absent,accept_conditional_contract
historical_moments,1048576,16000000,0.01,0.05,0.001,0.000003,,,,,,,,unresolved_no_certificate,absent,accept_conditional_contract
historical_moments,1048576,16000000,0.01,0.05,0.001,0.000010,,,,,,,,unresolved_no_certificate,absent,accept_conditional_contract
historical_moments,1048576,16000000,0.01,0.05,0.01,0.000001,,,,,,,,mandatory_U_block_exclusion_conditional,absent,accept_conditional_contract
historical_moments,1048576,16000000,0.01,0.05,0.01,0.000003,,,,,,,,unresolved_no_certificate,absent,accept_conditional_contract
historical_moments,1048576,16000000,0.01,0.05,0.01,0.000010,,,,,,,,unresolved_no_certificate,absent,accept_conditional_contract
historical_moments,1048576,16000000,0.01,0.05,0.1,0.000001,,,,,,,,mandatory_U_block_exclusion_conditional,absent,accept_conditional_contract
historical_moments,1048576,16000000,0.01,0.05,0.1,0.000003,,,,,,,,unresolved_no_certificate,absent,accept_conditional_contract
historical_moments,1048576,16000000,0.01,0.05,0.1,0.000010,,,,,,,,unresolved_no_certificate,absent,accept_conditional_contract
historical_moments,1048576,16000000,0.01,0.25,0.001,0.000001,,,,,,,,mandatory_U_block_exclusion_conditional,absent,accept_conditional_contract
historical_moments,1048576,16000000,0.01,0.25,0.001,0.000003,,,,,,,,unresolved_no_certificate,absent,accept_conditional_contract
historical_moments,1048576,16000000,0.01,0.25,0.001,0.000010,,,,,,,,unresolved_no_certificate,absent,accept_conditional_contract
historical_moments,1048576,16000000,0.01,0.25,0.01,0.000001,,,,,,,,mandatory_U_block_exclusion_conditional,absent,accept_conditional_contract
historical_moments,1048576,16000000,0.01,0.25,0.01,0.000003,,,,,,,,unresolved_no_certificate,absent,accept_conditional_contract
historical_moments,1048576,16000000,0.01,0.25,0.01,0.000010,,,,,,,,unresolved_no_certificate,absent,accept_conditional_contract
historical_moments,1048576,16000000,0.01,0.25,0.1,0.000001,,,,,,,,mandatory_U_block_exclusion_conditional,absent,accept_conditional_contract
historical_moments,1048576,16000000,0.01,0.25,0.1,0.000003,,,,,,,,unresolved_no_certificate,absent,accept_conditional_contract
historical_moments,1048576,16000000,0.01,0.25,0.1,0.000010,,,,,,,,unresolved_no_certificate,absent,accept_conditional_contract
historical_moments,1048576,16000000,0.01,0.5,0.001,0.000001,,,,,,,,mandatory_U_block_exclusion_conditional,absent,accept_conditional_contract
historical_moments,1048576,16000000,0.01,0.5,0.001,0.000003,,,,,,,,unresolved_no_certificate,absent,accept_conditional_contract
historical_moments,1048576,16000000,0.01,0.5,0.001,0.000010,,,,,,,,unresolved_no_certificate,absent,accept_conditional_contract
historical_moments,1048576,16000000,0.01,0.5,0.01,0.000001,,,,,,,,mandatory_U_block_exclusion_conditional,absent,accept_conditional_contract
historical_moments,1048576,16000000,0.01,0.5,0.01,0.000003,,,,,,,,unresolved_no_certificate,absent,accept_conditional_contract
historical_moments,1048576,16000000,0.01,0.5,0.01,0.000010,,,,,,,,unresolved_no_certificate,absent,accept_conditional_contract
historical_moments,1048576,16000000,0.01,0.5,0.1,0.000001,,,,,,,,mandatory_U_block_exclusion_conditional,absent,accept_conditional_contract
historical_moments,1048576,16000000,0.01,0.5,0.1,0.000003,,,,,,,,unresolved_no_certificate,absent,accept_conditional_contract
historical_moments,1048576,16000000,0.01,0.5,0.1,0.000010,,,,,,,,unresolved_no_certificate,absent,accept_conditional_contract
rarity_diagnostic,1048576,16000000,0.01,0.05,0.001,0.000001,,,,,,,5.21405791232e-2,fixed_U_class_excluded_conditional,absent,accept_conditional_contract
rarity_diagnostic,1048576,16000000,0.01,0.05,0.001,0.000003,,,,,,,5.21405791232e-2,fixed_U_class_excluded_conditional,absent,accept_conditional_contract
rarity_diagnostic,1048576,16000000,0.01,0.05,0.001,0.000010,,,,,,,5.21405791232e-2,fixed_U_class_excluded_conditional,absent,accept_conditional_contract
rarity_diagnostic,1048576,16000000,0.01,0.05,0.01,0.000001,,,,,,,5.21405791232e-2,fixed_U_class_excluded_conditional,absent,accept_conditional_contract
rarity_diagnostic,1048576,16000000,0.01,0.05,0.01,0.000003,,,,,,,5.21405791232e-2,fixed_U_class_excluded_conditional,absent,accept_conditional_contract
rarity_diagnostic,1048576,16000000,0.01,0.05,0.01,0.000010,,,,,,,5.21405791232e-2,fixed_U_class_excluded_conditional,absent,accept_conditional_contract
rarity_diagnostic,1048576,16000000,0.01,0.05,0.1,0.000001,,,,,,,5.21405791232e-2,fixed_U_class_excluded_conditional,absent,accept_conditional_contract
rarity_diagnostic,1048576,16000000,0.01,0.05,0.1,0.000003,,,,,,,5.21405791232e-2,fixed_U_class_excluded_conditional,absent,accept_conditional_contract
rarity_diagnostic,1048576,16000000,0.01,0.05,0.1,0.000010,,,,,,,5.21405791232e-2,fixed_U_class_excluded_conditional,absent,accept_conditional_contract
rarity_diagnostic,1048576,16000000,0.01,0.25,0.001,0.000001,,,,,,,5.21405791232e-2,fixed_U_class_excluded_conditional,absent,accept_conditional_contract
rarity_diagnostic,1048576,16000000,0.01,0.25,0.001,0.000003,,,,,,,5.21405791232e-2,fixed_U_class_excluded_conditional,absent,accept_conditional_contract
rarity_diagnostic,1048576,16000000,0.01,0.25,0.001,0.000010,,,,,,,5.21405791232e-2,fixed_U_class_excluded_conditional,absent,accept_conditional_contract
rarity_diagnostic,1048576,16000000,0.01,0.25,0.01,0.000001,,,,,,,5.21405791232e-2,fixed_U_class_excluded_conditional,absent,accept_conditional_contract
rarity_diagnostic,1048576,16000000,0.01,0.25,0.01,0.000003,,,,,,,5.21405791232e-2,fixed_U_class_excluded_conditional,absent,accept_conditional_contract
rarity_diagnostic,1048576,16000000,0.01,0.25,0.01,0.000010,,,,,,,5.21405791232e-2,fixed_U_class_excluded_conditional,absent,accept_conditional_contract
rarity_diagnostic,1048576,16000000,0.01,0.25,0.1,0.000001,,,,,,,5.21405791232e-2,fixed_U_class_excluded_conditional,absent,accept_conditional_contract
rarity_diagnostic,1048576,16000000,0.01,0.25,0.1,0.000003,,,,,,,5.21405791232e-2,fixed_U_class_excluded_conditional,absent,accept_conditional_contract
rarity_diagnostic,1048576,16000000,0.01,0.25,0.1,0.000010,,,,,,,5.21405791232e-2,fixed_U_class_excluded_conditional,absent,accept_conditional_contract
rarity_diagnostic,1048576,16000000,0.01,0.5,0.001,0.000001,,,,,,,5.21405791232e-2,fixed_U_class_excluded_conditional,absent,accept_conditional_contract
rarity_diagnostic,1048576,16000000,0.01,0.5,0.001,0.000003,,,,,,,5.21405791232e-2,fixed_U_class_excluded_conditional,absent,accept_conditional_contract
rarity_diagnostic,1048576,16000000,0.01,0.5,0.001,0.000010,,,,,,,5.21405791232e-2,fixed_U_class_excluded_conditional,absent,accept_conditional_contract
rarity_diagnostic,1048576,16000000,0.01,0.5,0.01,0.000001,,,,,,,5.21405791232e-2,fixed_U_class_excluded_conditional,absent,accept_conditional_contract
rarity_diagnostic,1048576,16000000,0.01,0.5,0.01,0.000003,,,,,,,5.21405791232e-2,fixed_U_class_excluded_conditional,absent,accept_conditional_contract
rarity_diagnostic,1048576,16000000,0.01,0.5,0.01,0.000010,,,,,,,5.21405791232e-2,fixed_U_class_excluded_conditional,absent,accept_conditional_contract
rarity_diagnostic,1048576,16000000,0.01,0.5,0.1,0.000001,,,,,,,5.21405791232e-2,fixed_U_class_excluded_conditional,absent,accept_conditional_contract
rarity_diagnostic,1048576,16000000,0.01,0.5,0.1,0.000003,,,,,,,5.21405791232e-2,fixed_U_class_excluded_conditional,absent,accept_conditional_contract
rarity_diagnostic,1048576,16000000,0.01,0.5,0.1,0.000010,,,,,,,5.21405791232e-2,fixed_U_class_excluded_conditional,absent,accept_conditional_contract
historical_moments,1048576,64000000,0.001,0.05,0.001,0.000001,,,,,,,,unresolved_no_certificate,absent,accept_conditional_contract
historical_moments,1048576,64000000,0.001,0.05,0.001,0.000003,,,,,,,,unresolved_no_certificate,absent,accept_conditional_contract
historical_moments,1048576,64000000,0.001,0.05,0.001,0.000010,,,,,,,,unresolved_no_certificate,absent,accept_conditional_contract
historical_moments,1048576,64000000,0.001,0.05,0.01,0.000001,,,,,,,,unresolved_no_certificate,absent,accept_conditional_contract
historical_moments,1048576,64000000,0.001,0.05,0.01,0.000003,,,,,,,,unresolved_no_certificate,absent,accept_conditional_contract
historical_moments,1048576,64000000,0.001,0.05,0.01,0.000010,,,,,,,,unresolved_no_certificate,absent,accept_conditional_contract
historical_moments,1048576,64000000,0.001,0.05,0.1,0.000001,,,,,,,,unresolved_no_certificate,absent,accept_conditional_contract
historical_moments,1048576,64000000,0.001,0.05,0.1,0.000003,,,,,,,,unresolved_no_certificate,absent,accept_conditional_contract
historical_moments,1048576,64000000,0.001,0.05,0.1,0.000010,,,,,,,,unresolved_no_certificate,absent,accept_conditional_contract
historical_moments,1048576,64000000,0.001,0.25,0.001,0.000001,,,,,,,,unresolved_no_certificate,absent,accept_conditional_contract
historical_moments,1048576,64000000,0.001,0.25,0.001,0.000003,,,,,,,,unresolved_no_certificate,absent,accept_conditional_contract
historical_moments,1048576,64000000,0.001,0.25,0.001,0.000010,,,,,,,,unresolved_no_certificate,absent,accept_conditional_contract
historical_moments,1048576,64000000,0.001,0.25,0.01,0.000001,,,,,,,,unresolved_no_certificate,absent,accept_conditional_contract
historical_moments,1048576,64000000,0.001,0.25,0.01,0.000003,,,,,,,,unresolved_no_certificate,absent,accept_conditional_contract
historical_moments,1048576,64000000,0.001,0.25,0.01,0.000010,,,,,,,,unresolved_no_certificate,absent,accept_conditional_contract
historical_moments,1048576,64000000,0.001,0.25,0.1,0.000001,,,,,,,,unresolved_no_certificate,absent,accept_conditional_contract
historical_moments,1048576,64000000,0.001,0.25,0.1,0.000003,,,,,,,,unresolved_no_certificate,absent,accept_conditional_contract
historical_moments,1048576,64000000,0.001,0.25,0.1,0.000010,,,,,,,,unresolved_no_certificate,absent,accept_conditional_contract
historical_moments,1048576,64000000,0.001,0.5,0.001,0.000001,,,,,,,,unresolved_no_certificate,absent,accept_conditional_contract
historical_moments,1048576,64000000,0.001,0.5,0.001,0.000003,,,,,,,,unresolved_no_certificate,absent,accept_conditional_contract
historical_moments,1048576,64000000,0.001,0.5,0.001,0.000010,,,,,,,,unresolved_no_certificate,absent,accept_conditional_contract
historical_moments,1048576,64000000,0.001,0.5,0.01,0.000001,,,,,,,,unresolved_no_certificate,absent,accept_conditional_contract
historical_moments,1048576,64000000,0.001,0.5,0.01,0.000003,,,,,,,,unresolved_no_certificate,absent,accept_conditional_contract
historical_moments,1048576,64000000,0.001,0.5,0.01,0.000010,,,,,,,,unresolved_no_certificate,absent,accept_conditional_contract
historical_moments,1048576,64000000,0.001,0.5,0.1,0.000001,,,,,,,,unresolved_no_certificate,absent,accept_conditional_contract
historical_moments,1048576,64000000,0.001,0.5,0.1,0.000003,,,,,,,,unresolved_no_certificate,absent,accept_conditional_contract
historical_moments,1048576,64000000,0.001,0.5,0.1,0.000010,,,,,,,,unresolved_no_certificate,absent,accept_conditional_contract
rarity_diagnostic,1048576,64000000,0.001,0.05,0.001,0.000001,,,,,,,1.24899657429e-1,fixed_U_class_excluded_conditional,absent,accept_conditional_contract
rarity_diagnostic,1048576,64000000,0.001,0.05,0.001,0.000003,,,,,,,1.24899657429e-1,fixed_U_class_excluded_conditional,absent,accept_conditional_contract
rarity_diagnostic,1048576,64000000,0.001,0.05,0.001,0.000010,,,,,,,1.24899657429e-1,fixed_U_class_excluded_conditional,absent,accept_conditional_contract
rarity_diagnostic,1048576,64000000,0.001,0.05,0.01,0.000001,,,,,,,1.24899657429e-1,fixed_U_class_excluded_conditional,absent,accept_conditional_contract
rarity_diagnostic,1048576,64000000,0.001,0.05,0.01,0.000003,,,,,,,1.24899657429e-1,fixed_U_class_excluded_conditional,absent,accept_conditional_contract
rarity_diagnostic,1048576,64000000,0.001,0.05,0.01,0.000010,,,,,,,1.24899657429e-1,fixed_U_class_excluded_conditional,absent,accept_conditional_contract
rarity_diagnostic,1048576,64000000,0.001,0.05,0.1,0.000001,,,,,,,1.24899657429e-1,fixed_U_class_excluded_conditional,absent,accept_conditional_contract
rarity_diagnostic,1048576,64000000,0.001,0.05,0.1,0.000003,,,,,,,1.24899657429e-1,fixed_U_class_excluded_conditional,absent,accept_conditional_contract
rarity_diagnostic,1048576,64000000,0.001,0.05,0.1,0.000010,,,,,,,1.24899657429e-1,fixed_U_class_excluded_conditional,absent,accept_conditional_contract
rarity_diagnostic,1048576,64000000,0.001,0.25,0.001,0.000001,,,,,,,1.24899657429e-1,fixed_U_class_excluded_conditional,absent,accept_conditional_contract
rarity_diagnostic,1048576,64000000,0.001,0.25,0.001,0.000003,,,,,,,1.24899657429e-1,fixed_U_class_excluded_conditional,absent,accept_conditional_contract
rarity_diagnostic,1048576,64000000,0.001,0.25,0.001,0.000010,,,,,,,1.24899657429e-1,fixed_U_class_excluded_conditional,absent,accept_conditional_contract
rarity_diagnostic,1048576,64000000,0.001,0.25,0.01,0.000001,,,,,,,1.24899657429e-1,fixed_U_class_excluded_conditional,absent,accept_conditional_contract
rarity_diagnostic,1048576,64000000,0.001,0.25,0.01,0.000003,,,,,,,1.24899657429e-1,fixed_U_class_excluded_conditional,absent,accept_conditional_contract
rarity_diagnostic,1048576,64000000,0.001,0.25,0.01,0.000010,,,,,,,1.24899657429e-1,fixed_U_class_excluded_conditional,absent,accept_conditional_contract
rarity_diagnostic,1048576,64000000,0.001,0.25,0.1,0.000001,,,,,,,1.24899657429e-1,fixed_U_class_excluded_conditional,absent,accept_conditional_contract
rarity_diagnostic,1048576,64000000,0.001,0.25,0.1,0.000003,,,,,,,1.24899657429e-1,fixed_U_class_excluded_conditional,absent,accept_conditional_contract
rarity_diagnostic,1048576,64000000,0.001,0.25,0.1,0.000010,,,,,,,1.24899657429e-1,fixed_U_class_excluded_conditional,absent,accept_conditional_contract
rarity_diagnostic,1048576,64000000,0.001,0.5,0.001,0.000001,,,,,,,1.24899657429e-1,fixed_U_class_excluded_conditional,absent,accept_conditional_contract
rarity_diagnostic,1048576,64000000,0.001,0.5,0.001,0.000003,,,,,,,1.24899657429e-1,fixed_U_class_excluded_conditional,absent,accept_conditional_contract
rarity_diagnostic,1048576,64000000,0.001,0.5,0.001,0.000010,,,,,,,1.24899657429e-1,fixed_U_class_excluded_conditional,absent,accept_conditional_contract
rarity_diagnostic,1048576,64000000,0.001,0.5,0.01,0.000001,,,,,,,1.24899657429e-1,fixed_U_class_excluded_conditional,absent,accept_conditional_contract
rarity_diagnostic,1048576,64000000,0.001,0.5,0.01,0.000003,,,,,,,1.24899657429e-1,fixed_U_class_excluded_conditional,absent,accept_conditional_contract
rarity_diagnostic,1048576,64000000,0.001,0.5,0.01,0.000010,,,,,,,1.24899657429e-1,fixed_U_class_excluded_conditional,absent,accept_conditional_contract
rarity_diagnostic,1048576,64000000,0.001,0.5,0.1,0.000001,,,,,,,1.24899657429e-1,fixed_U_class_excluded_conditional,absent,accept_conditional_contract
rarity_diagnostic,1048576,64000000,0.001,0.5,0.1,0.000003,,,,,,,1.24899657429e-1,fixed_U_class_excluded_conditional,absent,accept_conditional_contract
rarity_diagnostic,1048576,64000000,0.001,0.5,0.1,0.000010,,,,,,,1.24899657429e-1,fixed_U_class_excluded_conditional,absent,accept_conditional_contract
historical_moments,1048576,64000000,0.0025,0.05,0.001,0.000001,,,,,,,,unresolved_no_certificate,absent,accept_conditional_contract
historical_moments,1048576,64000000,0.0025,0.05,0.001,0.000003,,,,,,,,unresolved_no_certificate,absent,accept_conditional_contract
historical_moments,1048576,64000000,0.0025,0.05,0.001,0.000010,,,,,,,,unresolved_no_certificate,absent,accept_conditional_contract
historical_moments,1048576,64000000,0.0025,0.05,0.01,0.000001,,,,,,,,unresolved_no_certificate,absent,accept_conditional_contract
historical_moments,1048576,64000000,0.0025,0.05,0.01,0.000003,,,,,,,,unresolved_no_certificate,absent,accept_conditional_contract
historical_moments,1048576,64000000,0.0025,0.05,0.01,0.000010,,,,,,,,unresolved_no_certificate,absent,accept_conditional_contract
historical_moments,1048576,64000000,0.0025,0.05,0.1,0.000001,,,,,,,,unresolved_no_certificate,absent,accept_conditional_contract
historical_moments,1048576,64000000,0.0025,0.05,0.1,0.000003,,,,,,,,unresolved_no_certificate,absent,accept_conditional_contract
historical_moments,1048576,64000000,0.0025,0.05,0.1,0.000010,,,,,,,,unresolved_no_certificate,absent,accept_conditional_contract
historical_moments,1048576,64000000,0.0025,0.25,0.001,0.000001,,,,,,,,unresolved_no_certificate,absent,accept_conditional_contract
historical_moments,1048576,64000000,0.0025,0.25,0.001,0.000003,,,,,,,,unresolved_no_certificate,absent,accept_conditional_contract
historical_moments,1048576,64000000,0.0025,0.25,0.001,0.000010,,,,,,,,unresolved_no_certificate,absent,accept_conditional_contract
historical_moments,1048576,64000000,0.0025,0.25,0.01,0.000001,,,,,,,,unresolved_no_certificate,absent,accept_conditional_contract
historical_moments,1048576,64000000,0.0025,0.25,0.01,0.000003,,,,,,,,unresolved_no_certificate,absent,accept_conditional_contract
historical_moments,1048576,64000000,0.0025,0.25,0.01,0.000010,,,,,,,,unresolved_no_certificate,absent,accept_conditional_contract
historical_moments,1048576,64000000,0.0025,0.25,0.1,0.000001,,,,,,,,unresolved_no_certificate,absent,accept_conditional_contract
historical_moments,1048576,64000000,0.0025,0.25,0.1,0.000003,,,,,,,,unresolved_no_certificate,absent,accept_conditional_contract
historical_moments,1048576,64000000,0.0025,0.25,0.1,0.000010,,,,,,,,unresolved_no_certificate,absent,accept_conditional_contract
historical_moments,1048576,64000000,0.0025,0.5,0.001,0.000001,,,,,,,,unresolved_no_certificate,absent,accept_conditional_contract
historical_moments,1048576,64000000,0.0025,0.5,0.001,0.000003,,,,,,,,unresolved_no_certificate,absent,accept_conditional_contract
historical_moments,1048576,64000000,0.0025,0.5,0.001,0.000010,,,,,,,,unresolved_no_certificate,absent,accept_conditional_contract
historical_moments,1048576,64000000,0.0025,0.5,0.01,0.000001,,,,,,,,unresolved_no_certificate,absent,accept_conditional_contract
historical_moments,1048576,64000000,0.0025,0.5,0.01,0.000003,,,,,,,,unresolved_no_certificate,absent,accept_conditional_contract
historical_moments,1048576,64000000,0.0025,0.5,0.01,0.000010,,,,,,,,unresolved_no_certificate,absent,accept_conditional_contract
historical_moments,1048576,64000000,0.0025,0.5,0.1,0.000001,,,,,,,,unresolved_no_certificate,absent,accept_conditional_contract
historical_moments,1048576,64000000,0.0025,0.5,0.1,0.000003,,,,,,,,unresolved_no_certificate,absent,accept_conditional_contract
historical_moments,1048576,64000000,0.0025,0.5,0.1,0.000010,,,,,,,,unresolved_no_certificate,absent,accept_conditional_contract
rarity_diagnostic,1048576,64000000,0.0025,0.05,0.001,0.000001,,,,,,,5.21405798523e-2,fixed_U_class_excluded_conditional,absent,accept_conditional_contract
rarity_diagnostic,1048576,64000000,0.0025,0.05,0.001,0.000003,,,,,,,5.21405798523e-2,fixed_U_class_excluded_conditional,absent,accept_conditional_contract
rarity_diagnostic,1048576,64000000,0.0025,0.05,0.001,0.000010,,,,,,,5.21405798523e-2,fixed_U_class_excluded_conditional,absent,accept_conditional_contract
rarity_diagnostic,1048576,64000000,0.0025,0.05,0.01,0.000001,,,,,,,5.21405798523e-2,fixed_U_class_excluded_conditional,absent,accept_conditional_contract
rarity_diagnostic,1048576,64000000,0.0025,0.05,0.01,0.000003,,,,,,,5.21405798523e-2,fixed_U_class_excluded_conditional,absent,accept_conditional_contract
rarity_diagnostic,1048576,64000000,0.0025,0.05,0.01,0.000010,,,,,,,5.21405798523e-2,fixed_U_class_excluded_conditional,absent,accept_conditional_contract
rarity_diagnostic,1048576,64000000,0.0025,0.05,0.1,0.000001,,,,,,,5.21405798523e-2,fixed_U_class_excluded_conditional,absent,accept_conditional_contract
rarity_diagnostic,1048576,64000000,0.0025,0.05,0.1,0.000003,,,,,,,5.21405798523e-2,fixed_U_class_excluded_conditional,absent,accept_conditional_contract
rarity_diagnostic,1048576,64000000,0.0025,0.05,0.1,0.000010,,,,,,,5.21405798523e-2,fixed_U_class_excluded_conditional,absent,accept_conditional_contract
rarity_diagnostic,1048576,64000000,0.0025,0.25,0.001,0.000001,,,,,,,5.21405798523e-2,fixed_U_class_excluded_conditional,absent,accept_conditional_contract
rarity_diagnostic,1048576,64000000,0.0025,0.25,0.001,0.000003,,,,,,,5.21405798523e-2,fixed_U_class_excluded_conditional,absent,accept_conditional_contract
rarity_diagnostic,1048576,64000000,0.0025,0.25,0.001,0.000010,,,,,,,5.21405798523e-2,fixed_U_class_excluded_conditional,absent,accept_conditional_contract
rarity_diagnostic,1048576,64000000,0.0025,0.25,0.01,0.000001,,,,,,,5.21405798523e-2,fixed_U_class_excluded_conditional,absent,accept_conditional_contract
rarity_diagnostic,1048576,64000000,0.0025,0.25,0.01,0.000003,,,,,,,5.21405798523e-2,fixed_U_class_excluded_conditional,absent,accept_conditional_contract
rarity_diagnostic,1048576,64000000,0.0025,0.25,0.01,0.000010,,,,,,,5.21405798523e-2,fixed_U_class_excluded_conditional,absent,accept_conditional_contract
rarity_diagnostic,1048576,64000000,0.0025,0.25,0.1,0.000001,,,,,,,5.21405798523e-2,fixed_U_class_excluded_conditional,absent,accept_conditional_contract
rarity_diagnostic,1048576,64000000,0.0025,0.25,0.1,0.000003,,,,,,,5.21405798523e-2,fixed_U_class_excluded_conditional,absent,accept_conditional_contract
rarity_diagnostic,1048576,64000000,0.0025,0.25,0.1,0.000010,,,,,,,5.21405798523e-2,fixed_U_class_excluded_conditional,absent,accept_conditional_contract
rarity_diagnostic,1048576,64000000,0.0025,0.5,0.001,0.000001,,,,,,,5.21405798523e-2,fixed_U_class_excluded_conditional,absent,accept_conditional_contract
rarity_diagnostic,1048576,64000000,0.0025,0.5,0.001,0.000003,,,,,,,5.21405798523e-2,fixed_U_class_excluded_conditional,absent,accept_conditional_contract
rarity_diagnostic,1048576,64000000,0.0025,0.5,0.001,0.000010,,,,,,,5.21405798523e-2,fixed_U_class_excluded_conditional,absent,accept_conditional_contract
rarity_diagnostic,1048576,64000000,0.0025,0.5,0.01,0.000001,,,,,,,5.21405798523e-2,fixed_U_class_excluded_conditional,absent,accept_conditional_contract
rarity_diagnostic,1048576,64000000,0.0025,0.5,0.01,0.000003,,,,,,,5.21405798523e-2,fixed_U_class_excluded_conditional,absent,accept_conditional_contract
rarity_diagnostic,1048576,64000000,0.0025,0.5,0.01,0.000010,,,,,,,5.21405798523e-2,fixed_U_class_excluded_conditional,absent,accept_conditional_contract
rarity_diagnostic,1048576,64000000,0.0025,0.5,0.1,0.000001,,,,,,,5.21405798523e-2,fixed_U_class_excluded_conditional,absent,accept_conditional_contract
rarity_diagnostic,1048576,64000000,0.0025,0.5,0.1,0.000003,,,,,,,5.21405798523e-2,fixed_U_class_excluded_conditional,absent,accept_conditional_contract
rarity_diagnostic,1048576,64000000,0.0025,0.5,0.1,0.000010,,,,,,,5.21405798523e-2,fixed_U_class_excluded_conditional,absent,accept_conditional_contract
historical_moments,1048576,64000000,0.01,0.05,0.001,0.000001,,,,,,,,unresolved_no_certificate,absent,accept_conditional_contract
historical_moments,1048576,64000000,0.01,0.05,0.001,0.000003,,,,,,,,unresolved_no_certificate,absent,accept_conditional_contract
historical_moments,1048576,64000000,0.01,0.05,0.001,0.000010,,,,,,,,unresolved_no_certificate,absent,accept_conditional_contract
historical_moments,1048576,64000000,0.01,0.05,0.01,0.000001,,,,,,,,unresolved_no_certificate,absent,accept_conditional_contract
historical_moments,1048576,64000000,0.01,0.05,0.01,0.000003,,,,,,,,unresolved_no_certificate,absent,accept_conditional_contract
historical_moments,1048576,64000000,0.01,0.05,0.01,0.000010,,,,,,,,unresolved_no_certificate,absent,accept_conditional_contract
historical_moments,1048576,64000000,0.01,0.05,0.1,0.000001,,,,,,,,unresolved_no_certificate,absent,accept_conditional_contract
historical_moments,1048576,64000000,0.01,0.05,0.1,0.000003,,,,,,,,unresolved_no_certificate,absent,accept_conditional_contract
historical_moments,1048576,64000000,0.01,0.05,0.1,0.000010,,,,,,,,unresolved_no_certificate,absent,accept_conditional_contract
historical_moments,1048576,64000000,0.01,0.25,0.001,0.000001,,,,,,,,unresolved_no_certificate,absent,accept_conditional_contract
historical_moments,1048576,64000000,0.01,0.25,0.001,0.000003,,,,,,,,unresolved_no_certificate,absent,accept_conditional_contract
historical_moments,1048576,64000000,0.01,0.25,0.001,0.000010,,,,,,,,unresolved_no_certificate,absent,accept_conditional_contract
historical_moments,1048576,64000000,0.01,0.25,0.01,0.000001,,,,,,,,unresolved_no_certificate,absent,accept_conditional_contract
historical_moments,1048576,64000000,0.01,0.25,0.01,0.000003,,,,,,,,unresolved_no_certificate,absent,accept_conditional_contract
historical_moments,1048576,64000000,0.01,0.25,0.01,0.000010,,,,,,,,unresolved_no_certificate,absent,accept_conditional_contract
historical_moments,1048576,64000000,0.01,0.25,0.1,0.000001,,,,,,,,unresolved_no_certificate,absent,accept_conditional_contract
historical_moments,1048576,64000000,0.01,0.25,0.1,0.000003,,,,,,,,unresolved_no_certificate,absent,accept_conditional_contract
historical_moments,1048576,64000000,0.01,0.25,0.1,0.000010,,,,,,,,unresolved_no_certificate,absent,accept_conditional_contract
historical_moments,1048576,64000000,0.01,0.5,0.001,0.000001,,,,,,,,unresolved_no_certificate,absent,accept_conditional_contract
historical_moments,1048576,64000000,0.01,0.5,0.001,0.000003,,,,,,,,unresolved_no_certificate,absent,accept_conditional_contract
historical_moments,1048576,64000000,0.01,0.5,0.001,0.000010,,,,,,,,unresolved_no_certificate,absent,accept_conditional_contract
historical_moments,1048576,64000000,0.01,0.5,0.01,0.000001,,,,,,,,unresolved_no_certificate,absent,accept_conditional_contract
historical_moments,1048576,64000000,0.01,0.5,0.01,0.000003,,,,,,,,unresolved_no_certificate,absent,accept_conditional_contract
historical_moments,1048576,64000000,0.01,0.5,0.01,0.000010,,,,,,,,unresolved_no_certificate,absent,accept_conditional_contract
historical_moments,1048576,64000000,0.01,0.5,0.1,0.000001,,,,,,,,unresolved_no_certificate,absent,accept_conditional_contract
historical_moments,1048576,64000000,0.01,0.5,0.1,0.000003,,,,,,,,unresolved_no_certificate,absent,accept_conditional_contract
historical_moments,1048576,64000000,0.01,0.5,0.1,0.000010,,,,,,,,unresolved_no_certificate,absent,accept_conditional_contract
rarity_diagnostic,1048576,64000000,0.01,0.05,0.001,0.000001,,,,,,,1.33432484952e-2,fixed_U_class_excluded_conditional,absent,accept_conditional_contract
rarity_diagnostic,1048576,64000000,0.01,0.05,0.001,0.000003,,,,,,,1.33432484952e-2,fixed_U_class_excluded_conditional,absent,accept_conditional_contract
rarity_diagnostic,1048576,64000000,0.01,0.05,0.001,0.000010,,,,,,,1.33432484952e-2,fixed_U_class_excluded_conditional,absent,accept_conditional_contract
rarity_diagnostic,1048576,64000000,0.01,0.05,0.01,0.000001,,,,,,,1.33432484952e-2,fixed_U_class_excluded_conditional,absent,accept_conditional_contract
rarity_diagnostic,1048576,64000000,0.01,0.05,0.01,0.000003,,,,,,,1.33432484952e-2,fixed_U_class_excluded_conditional,absent,accept_conditional_contract
rarity_diagnostic,1048576,64000000,0.01,0.05,0.01,0.000010,,,,,,,1.33432484952e-2,fixed_U_class_excluded_conditional,absent,accept_conditional_contract
rarity_diagnostic,1048576,64000000,0.01,0.05,0.1,0.000001,,,,,,,1.33432484952e-2,fixed_U_class_excluded_conditional,absent,accept_conditional_contract
rarity_diagnostic,1048576,64000000,0.01,0.05,0.1,0.000003,,,,,,,1.33432484952e-2,fixed_U_class_excluded_conditional,absent,accept_conditional_contract
rarity_diagnostic,1048576,64000000,0.01,0.05,0.1,0.000010,,,,,,,1.33432484952e-2,fixed_U_class_excluded_conditional,absent,accept_conditional_contract
rarity_diagnostic,1048576,64000000,0.01,0.25,0.001,0.000001,,,,,,,1.33432484952e-2,fixed_U_class_excluded_conditional,absent,accept_conditional_contract
rarity_diagnostic,1048576,64000000,0.01,0.25,0.001,0.000003,,,,,,,1.33432484952e-2,fixed_U_class_excluded_conditional,absent,accept_conditional_contract
rarity_diagnostic,1048576,64000000,0.01,0.25,0.001,0.000010,,,,,,,1.33432484952e-2,fixed_U_class_excluded_conditional,absent,accept_conditional_contract
rarity_diagnostic,1048576,64000000,0.01,0.25,0.01,0.000001,,,,,,,1.33432484952e-2,fixed_U_class_excluded_conditional,absent,accept_conditional_contract
rarity_diagnostic,1048576,64000000,0.01,0.25,0.01,0.000003,,,,,,,1.33432484952e-2,fixed_U_class_excluded_conditional,absent,accept_conditional_contract
rarity_diagnostic,1048576,64000000,0.01,0.25,0.01,0.000010,,,,,,,1.33432484952e-2,fixed_U_class_excluded_conditional,absent,accept_conditional_contract
rarity_diagnostic,1048576,64000000,0.01,0.25,0.1,0.000001,,,,,,,1.33432484952e-2,fixed_U_class_excluded_conditional,absent,accept_conditional_contract
rarity_diagnostic,1048576,64000000,0.01,0.25,0.1,0.000003,,,,,,,1.33432484952e-2,fixed_U_class_excluded_conditional,absent,accept_conditional_contract
rarity_diagnostic,1048576,64000000,0.01,0.25,0.1,0.000010,,,,,,,1.33432484952e-2,fixed_U_class_excluded_conditional,absent,accept_conditional_contract
rarity_diagnostic,1048576,64000000,0.01,0.5,0.001,0.000001,,,,,,,1.33432484952e-2,fixed_U_class_excluded_conditional,absent,accept_conditional_contract
rarity_diagnostic,1048576,64000000,0.01,0.5,0.001,0.000003,,,,,,,1.33432484952e-2,fixed_U_class_excluded_conditional,absent,accept_conditional_contract
rarity_diagnostic,1048576,64000000,0.01,0.5,0.001,0.000010,,,,,,,1.33432484952e-2,fixed_U_class_excluded_conditional,absent,accept_conditional_contract
rarity_diagnostic,1048576,64000000,0.01,0.5,0.01,0.000001,,,,,,,1.33432484952e-2,fixed_U_class_excluded_conditional,absent,accept_conditional_contract
rarity_diagnostic,1048576,64000000,0.01,0.5,0.01,0.000003,,,,,,,1.33432484952e-2,fixed_U_class_excluded_conditional,absent,accept_conditional_contract
rarity_diagnostic,1048576,64000000,0.01,0.5,0.01,0.000010,,,,,,,1.33432484952e-2,fixed_U_class_excluded_conditional,absent,accept_conditional_contract
rarity_diagnostic,1048576,64000000,0.01,0.5,0.1,0.000001,,,,,,,1.33432484952e-2,fixed_U_class_excluded_conditional,absent,accept_conditional_contract
rarity_diagnostic,1048576,64000000,0.01,0.5,0.1,0.000003,,,,,,,1.33432484952e-2,fixed_U_class_excluded_conditional,absent,accept_conditional_contract
rarity_diagnostic,1048576,64000000,0.01,0.5,0.1,0.000010,,,,,,,1.33432484952e-2,fixed_U_class_excluded_conditional,absent,accept_conditional_contract
historical_moments,1048576,256000000,0.001,0.05,0.001,0.000001,,,,,,,,unresolved_no_certificate,absent,accept_conditional_contract
historical_moments,1048576,256000000,0.001,0.05,0.001,0.000003,,,,,,,,unresolved_no_certificate,absent,accept_conditional_contract
historical_moments,1048576,256000000,0.001,0.05,0.001,0.000010,,,,,,,,unresolved_no_certificate,absent,accept_conditional_contract
historical_moments,1048576,256000000,0.001,0.05,0.01,0.000001,,,,,,,,unresolved_no_certificate,absent,accept_conditional_contract
historical_moments,1048576,256000000,0.001,0.05,0.01,0.000003,,,,,,,,unresolved_no_certificate,absent,accept_conditional_contract
historical_moments,1048576,256000000,0.001,0.05,0.01,0.000010,,,,,,,,unresolved_no_certificate,absent,accept_conditional_contract
historical_moments,1048576,256000000,0.001,0.05,0.1,0.000001,,,,,,,,unresolved_no_certificate,absent,accept_conditional_contract
historical_moments,1048576,256000000,0.001,0.05,0.1,0.000003,,,,,,,,unresolved_no_certificate,absent,accept_conditional_contract
historical_moments,1048576,256000000,0.001,0.05,0.1,0.000010,,,,,,,,unresolved_no_certificate,absent,accept_conditional_contract
historical_moments,1048576,256000000,0.001,0.25,0.001,0.000001,,,,,,,,unresolved_no_certificate,absent,accept_conditional_contract
historical_moments,1048576,256000000,0.001,0.25,0.001,0.000003,,,,,,,,unresolved_no_certificate,absent,accept_conditional_contract
historical_moments,1048576,256000000,0.001,0.25,0.001,0.000010,,,,,,,,unresolved_no_certificate,absent,accept_conditional_contract
historical_moments,1048576,256000000,0.001,0.25,0.01,0.000001,,,,,,,,unresolved_no_certificate,absent,accept_conditional_contract
historical_moments,1048576,256000000,0.001,0.25,0.01,0.000003,,,,,,,,unresolved_no_certificate,absent,accept_conditional_contract
historical_moments,1048576,256000000,0.001,0.25,0.01,0.000010,,,,,,,,unresolved_no_certificate,absent,accept_conditional_contract
historical_moments,1048576,256000000,0.001,0.25,0.1,0.000001,,,,,,,,unresolved_no_certificate,absent,accept_conditional_contract
historical_moments,1048576,256000000,0.001,0.25,0.1,0.000003,,,,,,,,unresolved_no_certificate,absent,accept_conditional_contract
historical_moments,1048576,256000000,0.001,0.25,0.1,0.000010,,,,,,,,unresolved_no_certificate,absent,accept_conditional_contract
historical_moments,1048576,256000000,0.001,0.5,0.001,0.000001,,,,,,,,unresolved_no_certificate,absent,accept_conditional_contract
historical_moments,1048576,256000000,0.001,0.5,0.001,0.000003,,,,,,,,unresolved_no_certificate,absent,accept_conditional_contract
historical_moments,1048576,256000000,0.001,0.5,0.001,0.000010,,,,,,,,unresolved_no_certificate,absent,accept_conditional_contract
historical_moments,1048576,256000000,0.001,0.5,0.01,0.000001,,,,,,,,unresolved_no_certificate,absent,accept_conditional_contract
historical_moments,1048576,256000000,0.001,0.5,0.01,0.000003,,,,,,,,unresolved_no_certificate,absent,accept_conditional_contract
historical_moments,1048576,256000000,0.001,0.5,0.01,0.000010,,,,,,,,unresolved_no_certificate,absent,accept_conditional_contract
historical_moments,1048576,256000000,0.001,0.5,0.1,0.000001,,,,,,,,unresolved_no_certificate,absent,accept_conditional_contract
historical_moments,1048576,256000000,0.001,0.5,0.1,0.000003,,,,,,,,unresolved_no_certificate,absent,accept_conditional_contract
historical_moments,1048576,256000000,0.001,0.5,0.1,0.000010,,,,,,,,unresolved_no_certificate,absent,accept_conditional_contract
rarity_diagnostic,1048576,256000000,0.001,0.05,0.001,0.000001,,,,,,,3.29880008167e-2,fixed_U_class_excluded_conditional,absent,accept_conditional_contract
rarity_diagnostic,1048576,256000000,0.001,0.05,0.001,0.000003,,,,,,,3.29880008167e-2,fixed_U_class_excluded_conditional,absent,accept_conditional_contract
rarity_diagnostic,1048576,256000000,0.001,0.05,0.001,0.000010,,,,,,,3.29880008167e-2,fixed_U_class_excluded_conditional,absent,accept_conditional_contract
rarity_diagnostic,1048576,256000000,0.001,0.05,0.01,0.000001,,,,,,,3.29880008167e-2,fixed_U_class_excluded_conditional,absent,accept_conditional_contract
rarity_diagnostic,1048576,256000000,0.001,0.05,0.01,0.000003,,,,,,,3.29880008167e-2,fixed_U_class_excluded_conditional,absent,accept_conditional_contract
rarity_diagnostic,1048576,256000000,0.001,0.05,0.01,0.000010,,,,,,,3.29880008167e-2,fixed_U_class_excluded_conditional,absent,accept_conditional_contract
rarity_diagnostic,1048576,256000000,0.001,0.05,0.1,0.000001,,,,,,,3.29880008167e-2,fixed_U_class_excluded_conditional,absent,accept_conditional_contract
rarity_diagnostic,1048576,256000000,0.001,0.05,0.1,0.000003,,,,,,,3.29880008167e-2,fixed_U_class_excluded_conditional,absent,accept_conditional_contract
rarity_diagnostic,1048576,256000000,0.001,0.05,0.1,0.000010,,,,,,,3.29880008167e-2,fixed_U_class_excluded_conditional,absent,accept_conditional_contract
rarity_diagnostic,1048576,256000000,0.001,0.25,0.001,0.000001,,,,,,,3.29880008167e-2,fixed_U_class_excluded_conditional,absent,accept_conditional_contract
rarity_diagnostic,1048576,256000000,0.001,0.25,0.001,0.000003,,,,,,,3.29880008167e-2,fixed_U_class_excluded_conditional,absent,accept_conditional_contract
rarity_diagnostic,1048576,256000000,0.001,0.25,0.001,0.000010,,,,,,,3.29880008167e-2,fixed_U_class_excluded_conditional,absent,accept_conditional_contract
rarity_diagnostic,1048576,256000000,0.001,0.25,0.01,0.000001,,,,,,,3.29880008167e-2,fixed_U_class_excluded_conditional,absent,accept_conditional_contract
rarity_diagnostic,1048576,256000000,0.001,0.25,0.01,0.000003,,,,,,,3.29880008167e-2,fixed_U_class_excluded_conditional,absent,accept_conditional_contract
rarity_diagnostic,1048576,256000000,0.001,0.25,0.01,0.000010,,,,,,,3.29880008167e-2,fixed_U_class_excluded_conditional,absent,accept_conditional_contract
rarity_diagnostic,1048576,256000000,0.001,0.25,0.1,0.000001,,,,,,,3.29880008167e-2,fixed_U_class_excluded_conditional,absent,accept_conditional_contract
rarity_diagnostic,1048576,256000000,0.001,0.25,0.1,0.000003,,,,,,,3.29880008167e-2,fixed_U_class_excluded_conditional,absent,accept_conditional_contract
rarity_diagnostic,1048576,256000000,0.001,0.25,0.1,0.000010,,,,,,,3.29880008167e-2,fixed_U_class_excluded_conditional,absent,accept_conditional_contract
rarity_diagnostic,1048576,256000000,0.001,0.5,0.001,0.000001,,,,,,,3.29880008167e-2,fixed_U_class_excluded_conditional,absent,accept_conditional_contract
rarity_diagnostic,1048576,256000000,0.001,0.5,0.001,0.000003,,,,,,,3.29880008167e-2,fixed_U_class_excluded_conditional,absent,accept_conditional_contract
rarity_diagnostic,1048576,256000000,0.001,0.5,0.001,0.000010,,,,,,,3.29880008167e-2,fixed_U_class_excluded_conditional,absent,accept_conditional_contract
rarity_diagnostic,1048576,256000000,0.001,0.5,0.01,0.000001,,,,,,,3.29880008167e-2,fixed_U_class_excluded_conditional,absent,accept_conditional_contract
rarity_diagnostic,1048576,256000000,0.001,0.5,0.01,0.000003,,,,,,,3.29880008167e-2,fixed_U_class_excluded_conditional,absent,accept_conditional_contract
rarity_diagnostic,1048576,256000000,0.001,0.5,0.01,0.000010,,,,,,,3.29880008167e-2,fixed_U_class_excluded_conditional,absent,accept_conditional_contract
rarity_diagnostic,1048576,256000000,0.001,0.5,0.1,0.000001,,,,,,,3.29880008167e-2,fixed_U_class_excluded_conditional,absent,accept_conditional_contract
rarity_diagnostic,1048576,256000000,0.001,0.5,0.1,0.000003,,,,,,,3.29880008167e-2,fixed_U_class_excluded_conditional,absent,accept_conditional_contract
rarity_diagnostic,1048576,256000000,0.001,0.5,0.1,0.000010,,,,,,,3.29880008167e-2,fixed_U_class_excluded_conditional,absent,accept_conditional_contract
historical_moments,1048576,256000000,0.0025,0.05,0.001,0.000001,,,,,,,,unresolved_no_certificate,absent,accept_conditional_contract
historical_moments,1048576,256000000,0.0025,0.05,0.001,0.000003,,,,,,,,unresolved_no_certificate,absent,accept_conditional_contract
historical_moments,1048576,256000000,0.0025,0.05,0.001,0.000010,,,,,,,,unresolved_no_certificate,absent,accept_conditional_contract
historical_moments,1048576,256000000,0.0025,0.05,0.01,0.000001,,,,,,,,unresolved_no_certificate,absent,accept_conditional_contract
historical_moments,1048576,256000000,0.0025,0.05,0.01,0.000003,,,,,,,,unresolved_no_certificate,absent,accept_conditional_contract
historical_moments,1048576,256000000,0.0025,0.05,0.01,0.000010,,,,,,,,unresolved_no_certificate,absent,accept_conditional_contract
historical_moments,1048576,256000000,0.0025,0.05,0.1,0.000001,,,,,,,,unresolved_no_certificate,absent,accept_conditional_contract
historical_moments,1048576,256000000,0.0025,0.05,0.1,0.000003,,,,,,,,unresolved_no_certificate,absent,accept_conditional_contract
historical_moments,1048576,256000000,0.0025,0.05,0.1,0.000010,,,,,,,,unresolved_no_certificate,absent,accept_conditional_contract
historical_moments,1048576,256000000,0.0025,0.25,0.001,0.000001,,,,,,,,unresolved_no_certificate,absent,accept_conditional_contract
historical_moments,1048576,256000000,0.0025,0.25,0.001,0.000003,,,,,,,,unresolved_no_certificate,absent,accept_conditional_contract
historical_moments,1048576,256000000,0.0025,0.25,0.001,0.000010,,,,,,,,unresolved_no_certificate,absent,accept_conditional_contract
historical_moments,1048576,256000000,0.0025,0.25,0.01,0.000001,,,,,,,,unresolved_no_certificate,absent,accept_conditional_contract
historical_moments,1048576,256000000,0.0025,0.25,0.01,0.000003,,,,,,,,unresolved_no_certificate,absent,accept_conditional_contract
historical_moments,1048576,256000000,0.0025,0.25,0.01,0.000010,,,,,,,,unresolved_no_certificate,absent,accept_conditional_contract
historical_moments,1048576,256000000,0.0025,0.25,0.1,0.000001,,,,,,,,unresolved_no_certificate,absent,accept_conditional_contract
historical_moments,1048576,256000000,0.0025,0.25,0.1,0.000003,,,,,,,,unresolved_no_certificate,absent,accept_conditional_contract
historical_moments,1048576,256000000,0.0025,0.25,0.1,0.000010,,,,,,,,unresolved_no_certificate,absent,accept_conditional_contract
historical_moments,1048576,256000000,0.0025,0.5,0.001,0.000001,,,,,,,,unresolved_no_certificate,absent,accept_conditional_contract
historical_moments,1048576,256000000,0.0025,0.5,0.001,0.000003,,,,,,,,unresolved_no_certificate,absent,accept_conditional_contract
historical_moments,1048576,256000000,0.0025,0.5,0.001,0.000010,,,,,,,,unresolved_no_certificate,absent,accept_conditional_contract
historical_moments,1048576,256000000,0.0025,0.5,0.01,0.000001,,,,,,,,unresolved_no_certificate,absent,accept_conditional_contract
historical_moments,1048576,256000000,0.0025,0.5,0.01,0.000003,,,,,,,,unresolved_no_certificate,absent,accept_conditional_contract
historical_moments,1048576,256000000,0.0025,0.5,0.01,0.000010,,,,,,,,unresolved_no_certificate,absent,accept_conditional_contract
historical_moments,1048576,256000000,0.0025,0.5,0.1,0.000001,,,,,,,,unresolved_no_certificate,absent,accept_conditional_contract
historical_moments,1048576,256000000,0.0025,0.5,0.1,0.000003,,,,,,,,unresolved_no_certificate,absent,accept_conditional_contract
historical_moments,1048576,256000000,0.0025,0.5,0.1,0.000010,,,,,,,,unresolved_no_certificate,absent,accept_conditional_contract
rarity_diagnostic,1048576,256000000,0.0025,0.05,0.001,0.000001,,,,,,,1.33432486850e-2,fixed_U_class_excluded_conditional,absent,accept_conditional_contract
rarity_diagnostic,1048576,256000000,0.0025,0.05,0.001,0.000003,,,,,,,1.33432486850e-2,fixed_U_class_excluded_conditional,absent,accept_conditional_contract
rarity_diagnostic,1048576,256000000,0.0025,0.05,0.001,0.000010,,,,,,,1.33432486850e-2,fixed_U_class_excluded_conditional,absent,accept_conditional_contract
rarity_diagnostic,1048576,256000000,0.0025,0.05,0.01,0.000001,,,,,,,1.33432486850e-2,fixed_U_class_excluded_conditional,absent,accept_conditional_contract
rarity_diagnostic,1048576,256000000,0.0025,0.05,0.01,0.000003,,,,,,,1.33432486850e-2,fixed_U_class_excluded_conditional,absent,accept_conditional_contract
rarity_diagnostic,1048576,256000000,0.0025,0.05,0.01,0.000010,,,,,,,1.33432486850e-2,fixed_U_class_excluded_conditional,absent,accept_conditional_contract
rarity_diagnostic,1048576,256000000,0.0025,0.05,0.1,0.000001,,,,,,,1.33432486850e-2,fixed_U_class_excluded_conditional,absent,accept_conditional_contract
rarity_diagnostic,1048576,256000000,0.0025,0.05,0.1,0.000003,,,,,,,1.33432486850e-2,fixed_U_class_excluded_conditional,absent,accept_conditional_contract
rarity_diagnostic,1048576,256000000,0.0025,0.05,0.1,0.000010,,,,,,,1.33432486850e-2,fixed_U_class_excluded_conditional,absent,accept_conditional_contract
rarity_diagnostic,1048576,256000000,0.0025,0.25,0.001,0.000001,,,,,,,1.33432486850e-2,fixed_U_class_excluded_conditional,absent,accept_conditional_contract
rarity_diagnostic,1048576,256000000,0.0025,0.25,0.001,0.000003,,,,,,,1.33432486850e-2,fixed_U_class_excluded_conditional,absent,accept_conditional_contract
rarity_diagnostic,1048576,256000000,0.0025,0.25,0.001,0.000010,,,,,,,1.33432486850e-2,fixed_U_class_excluded_conditional,absent,accept_conditional_contract
rarity_diagnostic,1048576,256000000,0.0025,0.25,0.01,0.000001,,,,,,,1.33432486850e-2,fixed_U_class_excluded_conditional,absent,accept_conditional_contract
rarity_diagnostic,1048576,256000000,0.0025,0.25,0.01,0.000003,,,,,,,1.33432486850e-2,fixed_U_class_excluded_conditional,absent,accept_conditional_contract
rarity_diagnostic,1048576,256000000,0.0025,0.25,0.01,0.000010,,,,,,,1.33432486850e-2,fixed_U_class_excluded_conditional,absent,accept_conditional_contract
rarity_diagnostic,1048576,256000000,0.0025,0.25,0.1,0.000001,,,,,,,1.33432486850e-2,fixed_U_class_excluded_conditional,absent,accept_conditional_contract
rarity_diagnostic,1048576,256000000,0.0025,0.25,0.1,0.000003,,,,,,,1.33432486850e-2,fixed_U_class_excluded_conditional,absent,accept_conditional_contract
rarity_diagnostic,1048576,256000000,0.0025,0.25,0.1,0.000010,,,,,,,1.33432486850e-2,fixed_U_class_excluded_conditional,absent,accept_conditional_contract
rarity_diagnostic,1048576,256000000,0.0025,0.5,0.001,0.000001,,,,,,,1.33432486850e-2,fixed_U_class_excluded_conditional,absent,accept_conditional_contract
rarity_diagnostic,1048576,256000000,0.0025,0.5,0.001,0.000003,,,,,,,1.33432486850e-2,fixed_U_class_excluded_conditional,absent,accept_conditional_contract
rarity_diagnostic,1048576,256000000,0.0025,0.5,0.001,0.000010,,,,,,,1.33432486850e-2,fixed_U_class_excluded_conditional,absent,accept_conditional_contract
rarity_diagnostic,1048576,256000000,0.0025,0.5,0.01,0.000001,,,,,,,1.33432486850e-2,fixed_U_class_excluded_conditional,absent,accept_conditional_contract
rarity_diagnostic,1048576,256000000,0.0025,0.5,0.01,0.000003,,,,,,,1.33432486850e-2,fixed_U_class_excluded_conditional,absent,accept_conditional_contract
rarity_diagnostic,1048576,256000000,0.0025,0.5,0.01,0.000010,,,,,,,1.33432486850e-2,fixed_U_class_excluded_conditional,absent,accept_conditional_contract
rarity_diagnostic,1048576,256000000,0.0025,0.5,0.1,0.000001,,,,,,,1.33432486850e-2,fixed_U_class_excluded_conditional,absent,accept_conditional_contract
rarity_diagnostic,1048576,256000000,0.0025,0.5,0.1,0.000003,,,,,,,1.33432486850e-2,fixed_U_class_excluded_conditional,absent,accept_conditional_contract
rarity_diagnostic,1048576,256000000,0.0025,0.5,0.1,0.000010,,,,,,,1.33432486850e-2,fixed_U_class_excluded_conditional,absent,accept_conditional_contract
historical_moments,1048576,256000000,0.01,0.05,0.001,0.000001,1663190851,16.63190851,9.99999999808e-3,9.60467043840e-3,1.03900000000e-2,3.64025539863e-7,,presented_constant_sufficient_conditional,absent,accept_conditional_contract
historical_moments,1048576,256000000,0.01,0.05,0.001,0.000003,1663190851,16.63190851,9.99999999808e-3,9.60467043840e-3,1.03900000000e-2,3.64025539863e-7,,presented_constant_sufficient_conditional,absent,accept_conditional_contract
historical_moments,1048576,256000000,0.01,0.05,0.001,0.000010,1663190851,16.63190851,9.99999999808e-3,9.60467043840e-3,1.03900000000e-2,3.64025539863e-7,,presented_constant_sufficient_conditional,absent,accept_conditional_contract
historical_moments,1048576,256000000,0.01,0.05,0.01,0.000001,1663190851,16.63190851,9.99999999808e-3,9.60467043840e-3,1.02438906250e-2,3.64025539863e-7,,presented_constant_sufficient_conditional,absent,accept_conditional_contract
historical_moments,1048576,256000000,0.01,0.05,0.01,0.000003,1663190851,16.63190851,9.99999999808e-3,9.60467043840e-3,1.02438906250e-2,3.64025539863e-7,,presented_constant_sufficient_conditional,absent,accept_conditional_contract
historical_moments,1048576,256000000,0.01,0.05,0.01,0.000010,1663190851,16.63190851,9.99999999808e-3,9.60467043840e-3,1.02438906250e-2,3.64025539863e-7,,presented_constant_sufficient_conditional,absent,accept_conditional_contract
historical_moments,1048576,256000000,0.01,0.05,0.1,0.000001,1663190851,16.63190851,9.99999999808e-3,9.60467043840e-3,1.02357734375e-2,3.64025539863e-7,,presented_constant_sufficient_conditional,absent,accept_conditional_contract
historical_moments,1048576,256000000,0.01,0.05,0.1,0.000003,1663190851,16.63190851,9.99999999808e-3,9.60467043840e-3,1.02357734375e-2,3.64025539863e-7,,presented_constant_sufficient_conditional,absent,accept_conditional_contract
historical_moments,1048576,256000000,0.01,0.05,0.1,0.000010,1663190851,16.63190851,9.99999999808e-3,9.60467043840e-3,1.02357734375e-2,3.64025539863e-7,,presented_constant_sufficient_conditional,absent,accept_conditional_contract
historical_moments,1048576,256000000,0.01,0.25,0.001,0.000001,1663190851,16.63190851,9.99999999808e-3,9.60467043840e-3,1.03900000000e-2,3.64025539863e-7,,presented_constant_sufficient_conditional,absent,accept_conditional_contract
historical_moments,1048576,256000000,0.01,0.25,0.001,0.000003,1663190851,16.63190851,9.99999999808e-3,9.60467043840e-3,1.03900000000e-2,3.64025539863e-7,,presented_constant_sufficient_conditional,absent,accept_conditional_contract
historical_moments,1048576,256000000,0.01,0.25,0.001,0.000010,1663190851,16.63190851,9.99999999808e-3,9.60467043840e-3,1.03900000000e-2,3.64025539863e-7,,presented_constant_sufficient_conditional,absent,accept_conditional_contract
historical_moments,1048576,256000000,0.01,0.25,0.01,0.000001,1663190851,16.63190851,9.99999999808e-3,9.60467043840e-3,1.02438906250e-2,3.64025539863e-7,,presented_constant_sufficient_conditional,absent,accept_conditional_contract
historical_moments,1048576,256000000,0.01,0.25,0.01,0.000003,1663190851,16.63190851,9.99999999808e-3,9.60467043840e-3,1.02438906250e-2,3.64025539863e-7,,presented_constant_sufficient_conditional,absent,accept_conditional_contract
historical_moments,1048576,256000000,0.01,0.25,0.01,0.000010,1663190851,16.63190851,9.99999999808e-3,9.60467043840e-3,1.02438906250e-2,3.64025539863e-7,,presented_constant_sufficient_conditional,absent,accept_conditional_contract
historical_moments,1048576,256000000,0.01,0.25,0.1,0.000001,1663190851,16.63190851,9.99999999808e-3,9.60467043840e-3,1.02357734375e-2,3.64025539863e-7,,presented_constant_sufficient_conditional,absent,accept_conditional_contract
historical_moments,1048576,256000000,0.01,0.25,0.1,0.000003,1663190851,16.63190851,9.99999999808e-3,9.60467043840e-3,1.02357734375e-2,3.64025539863e-7,,presented_constant_sufficient_conditional,absent,accept_conditional_contract
historical_moments,1048576,256000000,0.01,0.25,0.1,0.000010,1663190851,16.63190851,9.99999999808e-3,9.60467043840e-3,1.02357734375e-2,3.64025539863e-7,,presented_constant_sufficient_conditional,absent,accept_conditional_contract
historical_moments,1048576,256000000,0.01,0.5,0.001,0.000001,1663190851,16.63190851,9.99999999808e-3,9.60467043840e-3,1.03900000000e-2,3.64025539863e-7,,presented_constant_sufficient_conditional,absent,accept_conditional_contract
historical_moments,1048576,256000000,0.01,0.5,0.001,0.000003,1663190851,16.63190851,9.99999999808e-3,9.60467043840e-3,1.03900000000e-2,3.64025539863e-7,,presented_constant_sufficient_conditional,absent,accept_conditional_contract
historical_moments,1048576,256000000,0.01,0.5,0.001,0.000010,1663190851,16.63190851,9.99999999808e-3,9.60467043840e-3,1.03900000000e-2,3.64025539863e-7,,presented_constant_sufficient_conditional,absent,accept_conditional_contract
historical_moments,1048576,256000000,0.01,0.5,0.01,0.000001,1663190851,16.63190851,9.99999999808e-3,9.60467043840e-3,1.02438906250e-2,3.64025539863e-7,,presented_constant_sufficient_conditional,absent,accept_conditional_contract
historical_moments,1048576,256000000,0.01,0.5,0.01,0.000003,1663190851,16.63190851,9.99999999808e-3,9.60467043840e-3,1.02438906250e-2,3.64025539863e-7,,presented_constant_sufficient_conditional,absent,accept_conditional_contract
historical_moments,1048576,256000000,0.01,0.5,0.01,0.000010,1663190851,16.63190851,9.99999999808e-3,9.60467043840e-3,1.02438906250e-2,3.64025539863e-7,,presented_constant_sufficient_conditional,absent,accept_conditional_contract
historical_moments,1048576,256000000,0.01,0.5,0.1,0.000001,1663190851,16.63190851,9.99999999808e-3,9.60467043840e-3,1.02357734375e-2,3.64025539863e-7,,presented_constant_sufficient_conditional,absent,accept_conditional_contract
historical_moments,1048576,256000000,0.01,0.5,0.1,0.000003,1663190851,16.63190851,9.99999999808e-3,9.60467043840e-3,1.02357734375e-2,3.64025539863e-7,,presented_constant_sufficient_conditional,absent,accept_conditional_contract
historical_moments,1048576,256000000,0.01,0.5,0.1,0.000010,1663190851,16.63190851,9.99999999808e-3,9.60467043840e-3,1.02357734375e-2,3.64025539863e-7,,presented_constant_sufficient_conditional,absent,accept_conditional_contract
rarity_diagnostic,1048576,256000000,0.01,0.05,0.001,0.000001,,,,,,,3.35454653264e-3,unresolved_no_certificate,absent,accept_conditional_contract
rarity_diagnostic,1048576,256000000,0.01,0.05,0.001,0.000003,,,,,,,3.35454653264e-3,unresolved_no_certificate,absent,accept_conditional_contract
rarity_diagnostic,1048576,256000000,0.01,0.05,0.001,0.000010,,,,,,,3.35454653264e-3,unresolved_no_certificate,absent,accept_conditional_contract
rarity_diagnostic,1048576,256000000,0.01,0.05,0.01,0.000001,,,,,,,3.35454653264e-3,unresolved_no_certificate,absent,accept_conditional_contract
rarity_diagnostic,1048576,256000000,0.01,0.05,0.01,0.000003,,,,,,,3.35454653264e-3,unresolved_no_certificate,absent,accept_conditional_contract
rarity_diagnostic,1048576,256000000,0.01,0.05,0.01,0.000010,,,,,,,3.35454653264e-3,unresolved_no_certificate,absent,accept_conditional_contract
rarity_diagnostic,1048576,256000000,0.01,0.05,0.1,0.000001,,,,,,,3.35454653264e-3,unresolved_no_certificate,absent,accept_conditional_contract
rarity_diagnostic,1048576,256000000,0.01,0.05,0.1,0.000003,,,,,,,3.35454653264e-3,unresolved_no_certificate,absent,accept_conditional_contract
rarity_diagnostic,1048576,256000000,0.01,0.05,0.1,0.000010,,,,,,,3.35454653264e-3,unresolved_no_certificate,absent,accept_conditional_contract
rarity_diagnostic,1048576,256000000,0.01,0.25,0.001,0.000001,,,,,,,3.35454653264e-3,unresolved_no_certificate,absent,accept_conditional_contract
rarity_diagnostic,1048576,256000000,0.01,0.25,0.001,0.000003,,,,,,,3.35454653264e-3,unresolved_no_certificate,absent,accept_conditional_contract
rarity_diagnostic,1048576,256000000,0.01,0.25,0.001,0.000010,,,,,,,3.35454653264e-3,unresolved_no_certificate,absent,accept_conditional_contract
rarity_diagnostic,1048576,256000000,0.01,0.25,0.01,0.000001,,,,,,,3.35454653264e-3,unresolved_no_certificate,absent,accept_conditional_contract
rarity_diagnostic,1048576,256000000,0.01,0.25,0.01,0.000003,,,,,,,3.35454653264e-3,unresolved_no_certificate,absent,accept_conditional_contract
rarity_diagnostic,1048576,256000000,0.01,0.25,0.01,0.000010,,,,,,,3.35454653264e-3,unresolved_no_certificate,absent,accept_conditional_contract
rarity_diagnostic,1048576,256000000,0.01,0.25,0.1,0.000001,,,,,,,3.35454653264e-3,unresolved_no_certificate,absent,accept_conditional_contract
rarity_diagnostic,1048576,256000000,0.01,0.25,0.1,0.000003,,,,,,,3.35454653264e-3,unresolved_no_certificate,absent,accept_conditional_contract
rarity_diagnostic,1048576,256000000,0.01,0.25,0.1,0.000010,,,,,,,3.35454653264e-3,unresolved_no_certificate,absent,accept_conditional_contract
rarity_diagnostic,1048576,256000000,0.01,0.5,0.001,0.000001,,,,,,,3.35454653264e-3,unresolved_no_certificate,absent,accept_conditional_contract
rarity_diagnostic,1048576,256000000,0.01,0.5,0.001,0.000003,,,,,,,3.35454653264e-3,unresolved_no_certificate,absent,accept_conditional_contract
rarity_diagnostic,1048576,256000000,0.01,0.5,0.001,0.000010,,,,,,,3.35454653264e-3,unresolved_no_certificate,absent,accept_conditional_contract
rarity_diagnostic,1048576,256000000,0.01,0.5,0.01,0.000001,,,,,,,3.35454653264e-3,unresolved_no_certificate,absent,accept_conditional_contract
rarity_diagnostic,1048576,256000000,0.01,0.5,0.01,0.000003,,,,,,,3.35454653264e-3,unresolved_no_certificate,absent,accept_conditional_contract
rarity_diagnostic,1048576,256000000,0.01,0.5,0.01,0.000010,,,,,,,3.35454653264e-3,unresolved_no_certificate,absent,accept_conditional_contract
rarity_diagnostic,1048576,256000000,0.01,0.5,0.1,0.000001,,,,,,,3.35454653264e-3,unresolved_no_certificate,absent,accept_conditional_contract
rarity_diagnostic,1048576,256000000,0.01,0.5,0.1,0.000003,,,,,,,3.35454653264e-3,unresolved_no_certificate,absent,accept_conditional_contract
rarity_diagnostic,1048576,256000000,0.01,0.5,0.1,0.000010,,,,,,,3.35454653264e-3,unresolved_no_certificate,absent,accept_conditional_contract
historical_moments,1935832,16000000,0.001,0.05,0.001,0.000001,,,,,,,,mandatory_U_block_exclusion_conditional,absent,accept_conditional_contract
historical_moments,1935832,16000000,0.001,0.05,0.001,0.000003,,,,,,,,unresolved_no_certificate,absent,accept_conditional_contract
historical_moments,1935832,16000000,0.001,0.05,0.001,0.000010,,,,,,,,unresolved_no_certificate,absent,accept_conditional_contract
historical_moments,1935832,16000000,0.001,0.05,0.01,0.000001,,,,,,,,mandatory_U_block_exclusion_conditional,absent,accept_conditional_contract
historical_moments,1935832,16000000,0.001,0.05,0.01,0.000003,,,,,,,,unresolved_no_certificate,absent,accept_conditional_contract
historical_moments,1935832,16000000,0.001,0.05,0.01,0.000010,,,,,,,,unresolved_no_certificate,absent,accept_conditional_contract
historical_moments,1935832,16000000,0.001,0.05,0.1,0.000001,,,,,,,,mandatory_U_block_exclusion_conditional,absent,accept_conditional_contract
historical_moments,1935832,16000000,0.001,0.05,0.1,0.000003,,,,,,,,unresolved_no_certificate,absent,accept_conditional_contract
historical_moments,1935832,16000000,0.001,0.05,0.1,0.000010,,,,,,,,unresolved_no_certificate,absent,accept_conditional_contract
historical_moments,1935832,16000000,0.001,0.25,0.001,0.000001,,,,,,,,mandatory_U_block_exclusion_conditional,absent,accept_conditional_contract
historical_moments,1935832,16000000,0.001,0.25,0.001,0.000003,,,,,,,,unresolved_no_certificate,absent,accept_conditional_contract
historical_moments,1935832,16000000,0.001,0.25,0.001,0.000010,,,,,,,,unresolved_no_certificate,absent,accept_conditional_contract
historical_moments,1935832,16000000,0.001,0.25,0.01,0.000001,,,,,,,,mandatory_U_block_exclusion_conditional,absent,accept_conditional_contract
historical_moments,1935832,16000000,0.001,0.25,0.01,0.000003,,,,,,,,unresolved_no_certificate,absent,accept_conditional_contract
historical_moments,1935832,16000000,0.001,0.25,0.01,0.000010,,,,,,,,unresolved_no_certificate,absent,accept_conditional_contract
historical_moments,1935832,16000000,0.001,0.25,0.1,0.000001,,,,,,,,mandatory_U_block_exclusion_conditional,absent,accept_conditional_contract
historical_moments,1935832,16000000,0.001,0.25,0.1,0.000003,,,,,,,,unresolved_no_certificate,absent,accept_conditional_contract
historical_moments,1935832,16000000,0.001,0.25,0.1,0.000010,,,,,,,,unresolved_no_certificate,absent,accept_conditional_contract
historical_moments,1935832,16000000,0.001,0.5,0.001,0.000001,,,,,,,,mandatory_U_block_exclusion_conditional,absent,accept_conditional_contract
historical_moments,1935832,16000000,0.001,0.5,0.001,0.000003,,,,,,,,unresolved_no_certificate,absent,accept_conditional_contract
historical_moments,1935832,16000000,0.001,0.5,0.001,0.000010,,,,,,,,unresolved_no_certificate,absent,accept_conditional_contract
historical_moments,1935832,16000000,0.001,0.5,0.01,0.000001,,,,,,,,mandatory_U_block_exclusion_conditional,absent,accept_conditional_contract
historical_moments,1935832,16000000,0.001,0.5,0.01,0.000003,,,,,,,,unresolved_no_certificate,absent,accept_conditional_contract
historical_moments,1935832,16000000,0.001,0.5,0.01,0.000010,,,,,,,,unresolved_no_certificate,absent,accept_conditional_contract
historical_moments,1935832,16000000,0.001,0.5,0.1,0.000001,,,,,,,,mandatory_U_block_exclusion_conditional,absent,accept_conditional_contract
historical_moments,1935832,16000000,0.001,0.5,0.1,0.000003,,,,,,,,unresolved_no_certificate,absent,accept_conditional_contract
historical_moments,1935832,16000000,0.001,0.5,0.1,0.000010,,,,,,,,unresolved_no_certificate,absent,accept_conditional_contract
rarity_diagnostic,1935832,16000000,0.001,0.05,0.001,0.000001,,,,,,,8.25105206136e-1,fixed_U_class_excluded_conditional,absent,accept_conditional_contract
rarity_diagnostic,1935832,16000000,0.001,0.05,0.001,0.000003,,,,,,,8.25105206136e-1,fixed_U_class_excluded_conditional,absent,accept_conditional_contract
rarity_diagnostic,1935832,16000000,0.001,0.05,0.001,0.000010,,,,,,,8.25105206136e-1,fixed_U_class_excluded_conditional,absent,accept_conditional_contract
rarity_diagnostic,1935832,16000000,0.001,0.05,0.01,0.000001,,,,,,,8.25105206136e-1,fixed_U_class_excluded_conditional,absent,accept_conditional_contract
rarity_diagnostic,1935832,16000000,0.001,0.05,0.01,0.000003,,,,,,,8.25105206136e-1,fixed_U_class_excluded_conditional,absent,accept_conditional_contract
rarity_diagnostic,1935832,16000000,0.001,0.05,0.01,0.000010,,,,,,,8.25105206136e-1,fixed_U_class_excluded_conditional,absent,accept_conditional_contract
rarity_diagnostic,1935832,16000000,0.001,0.05,0.1,0.000001,,,,,,,8.25105206136e-1,fixed_U_class_excluded_conditional,absent,accept_conditional_contract
rarity_diagnostic,1935832,16000000,0.001,0.05,0.1,0.000003,,,,,,,8.25105206136e-1,fixed_U_class_excluded_conditional,absent,accept_conditional_contract
rarity_diagnostic,1935832,16000000,0.001,0.05,0.1,0.000010,,,,,,,8.25105206136e-1,fixed_U_class_excluded_conditional,absent,accept_conditional_contract
rarity_diagnostic,1935832,16000000,0.001,0.25,0.001,0.000001,,,,,,,8.25105206136e-1,fixed_U_class_excluded_conditional,absent,accept_conditional_contract
rarity_diagnostic,1935832,16000000,0.001,0.25,0.001,0.000003,,,,,,,8.25105206136e-1,fixed_U_class_excluded_conditional,absent,accept_conditional_contract
rarity_diagnostic,1935832,16000000,0.001,0.25,0.001,0.000010,,,,,,,8.25105206136e-1,fixed_U_class_excluded_conditional,absent,accept_conditional_contract
rarity_diagnostic,1935832,16000000,0.001,0.25,0.01,0.000001,,,,,,,8.25105206136e-1,fixed_U_class_excluded_conditional,absent,accept_conditional_contract
rarity_diagnostic,1935832,16000000,0.001,0.25,0.01,0.000003,,,,,,,8.25105206136e-1,fixed_U_class_excluded_conditional,absent,accept_conditional_contract
rarity_diagnostic,1935832,16000000,0.001,0.25,0.01,0.000010,,,,,,,8.25105206136e-1,fixed_U_class_excluded_conditional,absent,accept_conditional_contract
rarity_diagnostic,1935832,16000000,0.001,0.25,0.1,0.000001,,,,,,,8.25105206136e-1,fixed_U_class_excluded_conditional,absent,accept_conditional_contract
rarity_diagnostic,1935832,16000000,0.001,0.25,0.1,0.000003,,,,,,,8.25105206136e-1,fixed_U_class_excluded_conditional,absent,accept_conditional_contract
rarity_diagnostic,1935832,16000000,0.001,0.25,0.1,0.000010,,,,,,,8.25105206136e-1,fixed_U_class_excluded_conditional,absent,accept_conditional_contract
rarity_diagnostic,1935832,16000000,0.001,0.5,0.001,0.000001,,,,,,,8.25105206136e-1,fixed_U_class_excluded_conditional,absent,accept_conditional_contract
rarity_diagnostic,1935832,16000000,0.001,0.5,0.001,0.000003,,,,,,,8.25105206136e-1,fixed_U_class_excluded_conditional,absent,accept_conditional_contract
rarity_diagnostic,1935832,16000000,0.001,0.5,0.001,0.000010,,,,,,,8.25105206136e-1,fixed_U_class_excluded_conditional,absent,accept_conditional_contract
rarity_diagnostic,1935832,16000000,0.001,0.5,0.01,0.000001,,,,,,,8.25105206136e-1,fixed_U_class_excluded_conditional,absent,accept_conditional_contract
rarity_diagnostic,1935832,16000000,0.001,0.5,0.01,0.000003,,,,,,,8.25105206136e-1,fixed_U_class_excluded_conditional,absent,accept_conditional_contract
rarity_diagnostic,1935832,16000000,0.001,0.5,0.01,0.000010,,,,,,,8.25105206136e-1,fixed_U_class_excluded_conditional,absent,accept_conditional_contract
rarity_diagnostic,1935832,16000000,0.001,0.5,0.1,0.000001,,,,,,,8.25105206136e-1,fixed_U_class_excluded_conditional,absent,accept_conditional_contract
rarity_diagnostic,1935832,16000000,0.001,0.5,0.1,0.000003,,,,,,,8.25105206136e-1,fixed_U_class_excluded_conditional,absent,accept_conditional_contract
rarity_diagnostic,1935832,16000000,0.001,0.5,0.1,0.000010,,,,,,,8.25105206136e-1,fixed_U_class_excluded_conditional,absent,accept_conditional_contract
historical_moments,1935832,16000000,0.0025,0.05,0.001,0.000001,,,,,,,,mandatory_U_block_exclusion_conditional,absent,accept_conditional_contract
historical_moments,1935832,16000000,0.0025,0.05,0.001,0.000003,,,,,,,,unresolved_no_certificate,absent,accept_conditional_contract
historical_moments,1935832,16000000,0.0025,0.05,0.001,0.000010,,,,,,,,unresolved_no_certificate,absent,accept_conditional_contract
historical_moments,1935832,16000000,0.0025,0.05,0.01,0.000001,,,,,,,,mandatory_U_block_exclusion_conditional,absent,accept_conditional_contract
historical_moments,1935832,16000000,0.0025,0.05,0.01,0.000003,,,,,,,,unresolved_no_certificate,absent,accept_conditional_contract
historical_moments,1935832,16000000,0.0025,0.05,0.01,0.000010,,,,,,,,unresolved_no_certificate,absent,accept_conditional_contract
historical_moments,1935832,16000000,0.0025,0.05,0.1,0.000001,,,,,,,,mandatory_U_block_exclusion_conditional,absent,accept_conditional_contract
historical_moments,1935832,16000000,0.0025,0.05,0.1,0.000003,,,,,,,,unresolved_no_certificate,absent,accept_conditional_contract
historical_moments,1935832,16000000,0.0025,0.05,0.1,0.000010,,,,,,,,unresolved_no_certificate,absent,accept_conditional_contract
historical_moments,1935832,16000000,0.0025,0.25,0.001,0.000001,,,,,,,,mandatory_U_block_exclusion_conditional,absent,accept_conditional_contract
historical_moments,1935832,16000000,0.0025,0.25,0.001,0.000003,,,,,,,,unresolved_no_certificate,absent,accept_conditional_contract
historical_moments,1935832,16000000,0.0025,0.25,0.001,0.000010,,,,,,,,unresolved_no_certificate,absent,accept_conditional_contract
historical_moments,1935832,16000000,0.0025,0.25,0.01,0.000001,,,,,,,,mandatory_U_block_exclusion_conditional,absent,accept_conditional_contract
historical_moments,1935832,16000000,0.0025,0.25,0.01,0.000003,,,,,,,,unresolved_no_certificate,absent,accept_conditional_contract
historical_moments,1935832,16000000,0.0025,0.25,0.01,0.000010,,,,,,,,unresolved_no_certificate,absent,accept_conditional_contract
historical_moments,1935832,16000000,0.0025,0.25,0.1,0.000001,,,,,,,,mandatory_U_block_exclusion_conditional,absent,accept_conditional_contract
historical_moments,1935832,16000000,0.0025,0.25,0.1,0.000003,,,,,,,,unresolved_no_certificate,absent,accept_conditional_contract
historical_moments,1935832,16000000,0.0025,0.25,0.1,0.000010,,,,,,,,unresolved_no_certificate,absent,accept_conditional_contract
historical_moments,1935832,16000000,0.0025,0.5,0.001,0.000001,,,,,,,,mandatory_U_block_exclusion_conditional,absent,accept_conditional_contract
historical_moments,1935832,16000000,0.0025,0.5,0.001,0.000003,,,,,,,,unresolved_no_certificate,absent,accept_conditional_contract
historical_moments,1935832,16000000,0.0025,0.5,0.001,0.000010,,,,,,,,unresolved_no_certificate,absent,accept_conditional_contract
historical_moments,1935832,16000000,0.0025,0.5,0.01,0.000001,,,,,,,,mandatory_U_block_exclusion_conditional,absent,accept_conditional_contract
historical_moments,1935832,16000000,0.0025,0.5,0.01,0.000003,,,,,,,,unresolved_no_certificate,absent,accept_conditional_contract
historical_moments,1935832,16000000,0.0025,0.5,0.01,0.000010,,,,,,,,unresolved_no_certificate,absent,accept_conditional_contract
historical_moments,1935832,16000000,0.0025,0.5,0.1,0.000001,,,,,,,,mandatory_U_block_exclusion_conditional,absent,accept_conditional_contract
historical_moments,1935832,16000000,0.0025,0.5,0.1,0.000003,,,,,,,,unresolved_no_certificate,absent,accept_conditional_contract
historical_moments,1935832,16000000,0.0025,0.5,0.1,0.000010,,,,,,,,unresolved_no_certificate,absent,accept_conditional_contract
rarity_diagnostic,1935832,16000000,0.0025,0.05,0.001,0.000001,,,,,,,5.10641164809e-1,fixed_U_class_excluded_conditional,absent,accept_conditional_contract
rarity_diagnostic,1935832,16000000,0.0025,0.05,0.001,0.000003,,,,,,,5.10641164809e-1,fixed_U_class_excluded_conditional,absent,accept_conditional_contract
rarity_diagnostic,1935832,16000000,0.0025,0.05,0.001,0.000010,,,,,,,5.10641164809e-1,fixed_U_class_excluded_conditional,absent,accept_conditional_contract
rarity_diagnostic,1935832,16000000,0.0025,0.05,0.01,0.000001,,,,,,,5.10641164809e-1,fixed_U_class_excluded_conditional,absent,accept_conditional_contract
rarity_diagnostic,1935832,16000000,0.0025,0.05,0.01,0.000003,,,,,,,5.10641164809e-1,fixed_U_class_excluded_conditional,absent,accept_conditional_contract
rarity_diagnostic,1935832,16000000,0.0025,0.05,0.01,0.000010,,,,,,,5.10641164809e-1,fixed_U_class_excluded_conditional,absent,accept_conditional_contract
rarity_diagnostic,1935832,16000000,0.0025,0.05,0.1,0.000001,,,,,,,5.10641164809e-1,fixed_U_class_excluded_conditional,absent,accept_conditional_contract
rarity_diagnostic,1935832,16000000,0.0025,0.05,0.1,0.000003,,,,,,,5.10641164809e-1,fixed_U_class_excluded_conditional,absent,accept_conditional_contract
rarity_diagnostic,1935832,16000000,0.0025,0.05,0.1,0.000010,,,,,,,5.10641164809e-1,fixed_U_class_excluded_conditional,absent,accept_conditional_contract
rarity_diagnostic,1935832,16000000,0.0025,0.25,0.001,0.000001,,,,,,,5.10641164809e-1,fixed_U_class_excluded_conditional,absent,accept_conditional_contract
rarity_diagnostic,1935832,16000000,0.0025,0.25,0.001,0.000003,,,,,,,5.10641164809e-1,fixed_U_class_excluded_conditional,absent,accept_conditional_contract
rarity_diagnostic,1935832,16000000,0.0025,0.25,0.001,0.000010,,,,,,,5.10641164809e-1,fixed_U_class_excluded_conditional,absent,accept_conditional_contract
rarity_diagnostic,1935832,16000000,0.0025,0.25,0.01,0.000001,,,,,,,5.10641164809e-1,fixed_U_class_excluded_conditional,absent,accept_conditional_contract
rarity_diagnostic,1935832,16000000,0.0025,0.25,0.01,0.000003,,,,,,,5.10641164809e-1,fixed_U_class_excluded_conditional,absent,accept_conditional_contract
rarity_diagnostic,1935832,16000000,0.0025,0.25,0.01,0.000010,,,,,,,5.10641164809e-1,fixed_U_class_excluded_conditional,absent,accept_conditional_contract
rarity_diagnostic,1935832,16000000,0.0025,0.25,0.1,0.000001,,,,,,,5.10641164809e-1,fixed_U_class_excluded_conditional,absent,accept_conditional_contract
rarity_diagnostic,1935832,16000000,0.0025,0.25,0.1,0.000003,,,,,,,5.10641164809e-1,fixed_U_class_excluded_conditional,absent,accept_conditional_contract
rarity_diagnostic,1935832,16000000,0.0025,0.25,0.1,0.000010,,,,,,,5.10641164809e-1,fixed_U_class_excluded_conditional,absent,accept_conditional_contract
rarity_diagnostic,1935832,16000000,0.0025,0.5,0.001,0.000001,,,,,,,5.10641164809e-1,fixed_U_class_excluded_conditional,absent,accept_conditional_contract
rarity_diagnostic,1935832,16000000,0.0025,0.5,0.001,0.000003,,,,,,,5.10641164809e-1,fixed_U_class_excluded_conditional,absent,accept_conditional_contract
rarity_diagnostic,1935832,16000000,0.0025,0.5,0.001,0.000010,,,,,,,5.10641164809e-1,fixed_U_class_excluded_conditional,absent,accept_conditional_contract
rarity_diagnostic,1935832,16000000,0.0025,0.5,0.01,0.000001,,,,,,,5.10641164809e-1,fixed_U_class_excluded_conditional,absent,accept_conditional_contract
rarity_diagnostic,1935832,16000000,0.0025,0.5,0.01,0.000003,,,,,,,5.10641164809e-1,fixed_U_class_excluded_conditional,absent,accept_conditional_contract
rarity_diagnostic,1935832,16000000,0.0025,0.5,0.01,0.000010,,,,,,,5.10641164809e-1,fixed_U_class_excluded_conditional,absent,accept_conditional_contract
rarity_diagnostic,1935832,16000000,0.0025,0.5,0.1,0.000001,,,,,,,5.10641164809e-1,fixed_U_class_excluded_conditional,absent,accept_conditional_contract
rarity_diagnostic,1935832,16000000,0.0025,0.5,0.1,0.000003,,,,,,,5.10641164809e-1,fixed_U_class_excluded_conditional,absent,accept_conditional_contract
rarity_diagnostic,1935832,16000000,0.0025,0.5,0.1,0.000010,,,,,,,5.10641164809e-1,fixed_U_class_excluded_conditional,absent,accept_conditional_contract
historical_moments,1935832,16000000,0.01,0.05,0.001,0.000001,,,,,,,,mandatory_U_block_exclusion_conditional,absent,accept_conditional_contract
historical_moments,1935832,16000000,0.01,0.05,0.001,0.000003,,,,,,,,unresolved_no_certificate,absent,accept_conditional_contract
historical_moments,1935832,16000000,0.01,0.05,0.001,0.000010,,,,,,,,unresolved_no_certificate,absent,accept_conditional_contract
historical_moments,1935832,16000000,0.01,0.05,0.01,0.000001,,,,,,,,mandatory_U_block_exclusion_conditional,absent,accept_conditional_contract
historical_moments,1935832,16000000,0.01,0.05,0.01,0.000003,,,,,,,,unresolved_no_certificate,absent,accept_conditional_contract
historical_moments,1935832,16000000,0.01,0.05,0.01,0.000010,,,,,,,,unresolved_no_certificate,absent,accept_conditional_contract
historical_moments,1935832,16000000,0.01,0.05,0.1,0.000001,,,,,,,,mandatory_U_block_exclusion_conditional,absent,accept_conditional_contract
historical_moments,1935832,16000000,0.01,0.05,0.1,0.000003,,,,,,,,unresolved_no_certificate,absent,accept_conditional_contract
historical_moments,1935832,16000000,0.01,0.05,0.1,0.000010,,,,,,,,unresolved_no_certificate,absent,accept_conditional_contract
historical_moments,1935832,16000000,0.01,0.25,0.001,0.000001,,,,,,,,mandatory_U_block_exclusion_conditional,absent,accept_conditional_contract
historical_moments,1935832,16000000,0.01,0.25,0.001,0.000003,,,,,,,,unresolved_no_certificate,absent,accept_conditional_contract
historical_moments,1935832,16000000,0.01,0.25,0.001,0.000010,,,,,,,,unresolved_no_certificate,absent,accept_conditional_contract
historical_moments,1935832,16000000,0.01,0.25,0.01,0.000001,,,,,,,,mandatory_U_block_exclusion_conditional,absent,accept_conditional_contract
historical_moments,1935832,16000000,0.01,0.25,0.01,0.000003,,,,,,,,unresolved_no_certificate,absent,accept_conditional_contract
historical_moments,1935832,16000000,0.01,0.25,0.01,0.000010,,,,,,,,unresolved_no_certificate,absent,accept_conditional_contract
historical_moments,1935832,16000000,0.01,0.25,0.1,0.000001,,,,,,,,mandatory_U_block_exclusion_conditional,absent,accept_conditional_contract
historical_moments,1935832,16000000,0.01,0.25,0.1,0.000003,,,,,,,,unresolved_no_certificate,absent,accept_conditional_contract
historical_moments,1935832,16000000,0.01,0.25,0.1,0.000010,,,,,,,,unresolved_no_certificate,absent,accept_conditional_contract
historical_moments,1935832,16000000,0.01,0.5,0.001,0.000001,,,,,,,,mandatory_U_block_exclusion_conditional,absent,accept_conditional_contract
historical_moments,1935832,16000000,0.01,0.5,0.001,0.000003,,,,,,,,unresolved_no_certificate,absent,accept_conditional_contract
historical_moments,1935832,16000000,0.01,0.5,0.001,0.000010,,,,,,,,unresolved_no_certificate,absent,accept_conditional_contract
historical_moments,1935832,16000000,0.01,0.5,0.01,0.000001,,,,,,,,mandatory_U_block_exclusion_conditional,absent,accept_conditional_contract
historical_moments,1935832,16000000,0.01,0.5,0.01,0.000003,,,,,,,,unresolved_no_certificate,absent,accept_conditional_contract
historical_moments,1935832,16000000,0.01,0.5,0.01,0.000010,,,,,,,,unresolved_no_certificate,absent,accept_conditional_contract
historical_moments,1935832,16000000,0.01,0.5,0.1,0.000001,,,,,,,,mandatory_U_block_exclusion_conditional,absent,accept_conditional_contract
historical_moments,1935832,16000000,0.01,0.5,0.1,0.000003,,,,,,,,unresolved_no_certificate,absent,accept_conditional_contract
historical_moments,1935832,16000000,0.01,0.5,0.1,0.000010,,,,,,,,unresolved_no_certificate,absent,accept_conditional_contract
rarity_diagnostic,1935832,16000000,0.01,0.05,0.001,0.000001,,,,,,,1.66743094484e-1,fixed_U_class_excluded_conditional,absent,accept_conditional_contract
rarity_diagnostic,1935832,16000000,0.01,0.05,0.001,0.000003,,,,,,,1.66743094484e-1,fixed_U_class_excluded_conditional,absent,accept_conditional_contract
rarity_diagnostic,1935832,16000000,0.01,0.05,0.001,0.000010,,,,,,,1.66743094484e-1,fixed_U_class_excluded_conditional,absent,accept_conditional_contract
rarity_diagnostic,1935832,16000000,0.01,0.05,0.01,0.000001,,,,,,,1.66743094484e-1,fixed_U_class_excluded_conditional,absent,accept_conditional_contract
rarity_diagnostic,1935832,16000000,0.01,0.05,0.01,0.000003,,,,,,,1.66743094484e-1,fixed_U_class_excluded_conditional,absent,accept_conditional_contract
rarity_diagnostic,1935832,16000000,0.01,0.05,0.01,0.000010,,,,,,,1.66743094484e-1,fixed_U_class_excluded_conditional,absent,accept_conditional_contract
rarity_diagnostic,1935832,16000000,0.01,0.05,0.1,0.000001,,,,,,,1.66743094484e-1,fixed_U_class_excluded_conditional,absent,accept_conditional_contract
rarity_diagnostic,1935832,16000000,0.01,0.05,0.1,0.000003,,,,,,,1.66743094484e-1,fixed_U_class_excluded_conditional,absent,accept_conditional_contract
rarity_diagnostic,1935832,16000000,0.01,0.05,0.1,0.000010,,,,,,,1.66743094484e-1,fixed_U_class_excluded_conditional,absent,accept_conditional_contract
rarity_diagnostic,1935832,16000000,0.01,0.25,0.001,0.000001,,,,,,,1.66743094484e-1,fixed_U_class_excluded_conditional,absent,accept_conditional_contract
rarity_diagnostic,1935832,16000000,0.01,0.25,0.001,0.000003,,,,,,,1.66743094484e-1,fixed_U_class_excluded_conditional,absent,accept_conditional_contract
rarity_diagnostic,1935832,16000000,0.01,0.25,0.001,0.000010,,,,,,,1.66743094484e-1,fixed_U_class_excluded_conditional,absent,accept_conditional_contract
rarity_diagnostic,1935832,16000000,0.01,0.25,0.01,0.000001,,,,,,,1.66743094484e-1,fixed_U_class_excluded_conditional,absent,accept_conditional_contract
rarity_diagnostic,1935832,16000000,0.01,0.25,0.01,0.000003,,,,,,,1.66743094484e-1,fixed_U_class_excluded_conditional,absent,accept_conditional_contract
rarity_diagnostic,1935832,16000000,0.01,0.25,0.01,0.000010,,,,,,,1.66743094484e-1,fixed_U_class_excluded_conditional,absent,accept_conditional_contract
rarity_diagnostic,1935832,16000000,0.01,0.25,0.1,0.000001,,,,,,,1.66743094484e-1,fixed_U_class_excluded_conditional,absent,accept_conditional_contract
rarity_diagnostic,1935832,16000000,0.01,0.25,0.1,0.000003,,,,,,,1.66743094484e-1,fixed_U_class_excluded_conditional,absent,accept_conditional_contract
rarity_diagnostic,1935832,16000000,0.01,0.25,0.1,0.000010,,,,,,,1.66743094484e-1,fixed_U_class_excluded_conditional,absent,accept_conditional_contract
rarity_diagnostic,1935832,16000000,0.01,0.5,0.001,0.000001,,,,,,,1.66743094484e-1,fixed_U_class_excluded_conditional,absent,accept_conditional_contract
rarity_diagnostic,1935832,16000000,0.01,0.5,0.001,0.000003,,,,,,,1.66743094484e-1,fixed_U_class_excluded_conditional,absent,accept_conditional_contract
rarity_diagnostic,1935832,16000000,0.01,0.5,0.001,0.000010,,,,,,,1.66743094484e-1,fixed_U_class_excluded_conditional,absent,accept_conditional_contract
rarity_diagnostic,1935832,16000000,0.01,0.5,0.01,0.000001,,,,,,,1.66743094484e-1,fixed_U_class_excluded_conditional,absent,accept_conditional_contract
rarity_diagnostic,1935832,16000000,0.01,0.5,0.01,0.000003,,,,,,,1.66743094484e-1,fixed_U_class_excluded_conditional,absent,accept_conditional_contract
rarity_diagnostic,1935832,16000000,0.01,0.5,0.01,0.000010,,,,,,,1.66743094484e-1,fixed_U_class_excluded_conditional,absent,accept_conditional_contract
rarity_diagnostic,1935832,16000000,0.01,0.5,0.1,0.000001,,,,,,,1.66743094484e-1,fixed_U_class_excluded_conditional,absent,accept_conditional_contract
rarity_diagnostic,1935832,16000000,0.01,0.5,0.1,0.000003,,,,,,,1.66743094484e-1,fixed_U_class_excluded_conditional,absent,accept_conditional_contract
rarity_diagnostic,1935832,16000000,0.01,0.5,0.1,0.000010,,,,,,,1.66743094484e-1,fixed_U_class_excluded_conditional,absent,accept_conditional_contract
historical_moments,1935832,64000000,0.001,0.05,0.001,0.000001,,,,,,,,unresolved_no_certificate,absent,accept_conditional_contract
historical_moments,1935832,64000000,0.001,0.05,0.001,0.000003,,,,,,,,unresolved_no_certificate,absent,accept_conditional_contract
historical_moments,1935832,64000000,0.001,0.05,0.001,0.000010,,,,,,,,unresolved_no_certificate,absent,accept_conditional_contract
historical_moments,1935832,64000000,0.001,0.05,0.01,0.000001,,,,,,,,unresolved_no_certificate,absent,accept_conditional_contract
historical_moments,1935832,64000000,0.001,0.05,0.01,0.000003,,,,,,,,unresolved_no_certificate,absent,accept_conditional_contract
historical_moments,1935832,64000000,0.001,0.05,0.01,0.000010,,,,,,,,unresolved_no_certificate,absent,accept_conditional_contract
historical_moments,1935832,64000000,0.001,0.05,0.1,0.000001,,,,,,,,unresolved_no_certificate,absent,accept_conditional_contract
historical_moments,1935832,64000000,0.001,0.05,0.1,0.000003,,,,,,,,unresolved_no_certificate,absent,accept_conditional_contract
historical_moments,1935832,64000000,0.001,0.05,0.1,0.000010,,,,,,,,unresolved_no_certificate,absent,accept_conditional_contract
historical_moments,1935832,64000000,0.001,0.25,0.001,0.000001,,,,,,,,unresolved_no_certificate,absent,accept_conditional_contract
historical_moments,1935832,64000000,0.001,0.25,0.001,0.000003,,,,,,,,unresolved_no_certificate,absent,accept_conditional_contract
historical_moments,1935832,64000000,0.001,0.25,0.001,0.000010,,,,,,,,unresolved_no_certificate,absent,accept_conditional_contract
historical_moments,1935832,64000000,0.001,0.25,0.01,0.000001,,,,,,,,unresolved_no_certificate,absent,accept_conditional_contract
historical_moments,1935832,64000000,0.001,0.25,0.01,0.000003,,,,,,,,unresolved_no_certificate,absent,accept_conditional_contract
historical_moments,1935832,64000000,0.001,0.25,0.01,0.000010,,,,,,,,unresolved_no_certificate,absent,accept_conditional_contract
historical_moments,1935832,64000000,0.001,0.25,0.1,0.000001,,,,,,,,unresolved_no_certificate,absent,accept_conditional_contract
historical_moments,1935832,64000000,0.001,0.25,0.1,0.000003,,,,,,,,unresolved_no_certificate,absent,accept_conditional_contract
historical_moments,1935832,64000000,0.001,0.25,0.1,0.000010,,,,,,,,unresolved_no_certificate,absent,accept_conditional_contract
historical_moments,1935832,64000000,0.001,0.5,0.001,0.000001,,,,,,,,unresolved_no_certificate,absent,accept_conditional_contract
historical_moments,1935832,64000000,0.001,0.5,0.001,0.000003,,,,,,,,unresolved_no_certificate,absent,accept_conditional_contract
historical_moments,1935832,64000000,0.001,0.5,0.001,0.000010,,,,,,,,unresolved_no_certificate,absent,accept_conditional_contract
historical_moments,1935832,64000000,0.001,0.5,0.01,0.000001,,,,,,,,unresolved_no_certificate,absent,accept_conditional_contract
historical_moments,1935832,64000000,0.001,0.5,0.01,0.000003,,,,,,,,unresolved_no_certificate,absent,accept_conditional_contract
historical_moments,1935832,64000000,0.001,0.5,0.01,0.000010,,,,,,,,unresolved_no_certificate,absent,accept_conditional_contract
historical_moments,1935832,64000000,0.001,0.5,0.1,0.000001,,,,,,,,unresolved_no_certificate,absent,accept_conditional_contract
historical_moments,1935832,64000000,0.001,0.5,0.1,0.000003,,,,,,,,unresolved_no_certificate,absent,accept_conditional_contract
historical_moments,1935832,64000000,0.001,0.5,0.1,0.000010,,,,,,,,unresolved_no_certificate,absent,accept_conditional_contract
rarity_diagnostic,1935832,64000000,0.001,0.05,0.001,0.000001,,,,,,,3.62013421437e-1,fixed_U_class_excluded_conditional,absent,accept_conditional_contract
rarity_diagnostic,1935832,64000000,0.001,0.05,0.001,0.000003,,,,,,,3.62013421437e-1,fixed_U_class_excluded_conditional,absent,accept_conditional_contract
rarity_diagnostic,1935832,64000000,0.001,0.05,0.001,0.000010,,,,,,,3.62013421437e-1,fixed_U_class_excluded_conditional,absent,accept_conditional_contract
rarity_diagnostic,1935832,64000000,0.001,0.05,0.01,0.000001,,,,,,,3.62013421437e-1,fixed_U_class_excluded_conditional,absent,accept_conditional_contract
rarity_diagnostic,1935832,64000000,0.001,0.05,0.01,0.000003,,,,,,,3.62013421437e-1,fixed_U_class_excluded_conditional,absent,accept_conditional_contract
rarity_diagnostic,1935832,64000000,0.001,0.05,0.01,0.000010,,,,,,,3.62013421437e-1,fixed_U_class_excluded_conditional,absent,accept_conditional_contract
rarity_diagnostic,1935832,64000000,0.001,0.05,0.1,0.000001,,,,,,,3.62013421437e-1,fixed_U_class_excluded_conditional,absent,accept_conditional_contract
rarity_diagnostic,1935832,64000000,0.001,0.05,0.1,0.000003,,,,,,,3.62013421437e-1,fixed_U_class_excluded_conditional,absent,accept_conditional_contract
rarity_diagnostic,1935832,64000000,0.001,0.05,0.1,0.000010,,,,,,,3.62013421437e-1,fixed_U_class_excluded_conditional,absent,accept_conditional_contract
rarity_diagnostic,1935832,64000000,0.001,0.25,0.001,0.000001,,,,,,,3.62013421437e-1,fixed_U_class_excluded_conditional,absent,accept_conditional_contract
rarity_diagnostic,1935832,64000000,0.001,0.25,0.001,0.000003,,,,,,,3.62013421437e-1,fixed_U_class_excluded_conditional,absent,accept_conditional_contract
rarity_diagnostic,1935832,64000000,0.001,0.25,0.001,0.000010,,,,,,,3.62013421437e-1,fixed_U_class_excluded_conditional,absent,accept_conditional_contract
rarity_diagnostic,1935832,64000000,0.001,0.25,0.01,0.000001,,,,,,,3.62013421437e-1,fixed_U_class_excluded_conditional,absent,accept_conditional_contract
rarity_diagnostic,1935832,64000000,0.001,0.25,0.01,0.000003,,,,,,,3.62013421437e-1,fixed_U_class_excluded_conditional,absent,accept_conditional_contract
rarity_diagnostic,1935832,64000000,0.001,0.25,0.01,0.000010,,,,,,,3.62013421437e-1,fixed_U_class_excluded_conditional,absent,accept_conditional_contract
rarity_diagnostic,1935832,64000000,0.001,0.25,0.1,0.000001,,,,,,,3.62013421437e-1,fixed_U_class_excluded_conditional,absent,accept_conditional_contract
rarity_diagnostic,1935832,64000000,0.001,0.25,0.1,0.000003,,,,,,,3.62013421437e-1,fixed_U_class_excluded_conditional,absent,accept_conditional_contract
rarity_diagnostic,1935832,64000000,0.001,0.25,0.1,0.000010,,,,,,,3.62013421437e-1,fixed_U_class_excluded_conditional,absent,accept_conditional_contract
rarity_diagnostic,1935832,64000000,0.001,0.5,0.001,0.000001,,,,,,,3.62013421437e-1,fixed_U_class_excluded_conditional,absent,accept_conditional_contract
rarity_diagnostic,1935832,64000000,0.001,0.5,0.001,0.000003,,,,,,,3.62013421437e-1,fixed_U_class_excluded_conditional,absent,accept_conditional_contract
rarity_diagnostic,1935832,64000000,0.001,0.5,0.001,0.000010,,,,,,,3.62013421437e-1,fixed_U_class_excluded_conditional,absent,accept_conditional_contract
rarity_diagnostic,1935832,64000000,0.001,0.5,0.01,0.000001,,,,,,,3.62013421437e-1,fixed_U_class_excluded_conditional,absent,accept_conditional_contract
rarity_diagnostic,1935832,64000000,0.001,0.5,0.01,0.000003,,,,,,,3.62013421437e-1,fixed_U_class_excluded_conditional,absent,accept_conditional_contract
rarity_diagnostic,1935832,64000000,0.001,0.5,0.01,0.000010,,,,,,,3.62013421437e-1,fixed_U_class_excluded_conditional,absent,accept_conditional_contract
rarity_diagnostic,1935832,64000000,0.001,0.5,0.1,0.000001,,,,,,,3.62013421437e-1,fixed_U_class_excluded_conditional,absent,accept_conditional_contract
rarity_diagnostic,1935832,64000000,0.001,0.5,0.1,0.000003,,,,,,,3.62013421437e-1,fixed_U_class_excluded_conditional,absent,accept_conditional_contract
rarity_diagnostic,1935832,64000000,0.001,0.5,0.1,0.000010,,,,,,,3.62013421437e-1,fixed_U_class_excluded_conditional,absent,accept_conditional_contract
historical_moments,1935832,64000000,0.0025,0.05,0.001,0.000001,,,,,,,,unresolved_no_certificate,absent,accept_conditional_contract
historical_moments,1935832,64000000,0.0025,0.05,0.001,0.000003,,,,,,,,unresolved_no_certificate,absent,accept_conditional_contract
historical_moments,1935832,64000000,0.0025,0.05,0.001,0.000010,,,,,,,,unresolved_no_certificate,absent,accept_conditional_contract
historical_moments,1935832,64000000,0.0025,0.05,0.01,0.000001,,,,,,,,unresolved_no_certificate,absent,accept_conditional_contract
historical_moments,1935832,64000000,0.0025,0.05,0.01,0.000003,,,,,,,,unresolved_no_certificate,absent,accept_conditional_contract
historical_moments,1935832,64000000,0.0025,0.05,0.01,0.000010,,,,,,,,unresolved_no_certificate,absent,accept_conditional_contract
historical_moments,1935832,64000000,0.0025,0.05,0.1,0.000001,,,,,,,,unresolved_no_certificate,absent,accept_conditional_contract
historical_moments,1935832,64000000,0.0025,0.05,0.1,0.000003,,,,,,,,unresolved_no_certificate,absent,accept_conditional_contract
historical_moments,1935832,64000000,0.0025,0.05,0.1,0.000010,,,,,,,,unresolved_no_certificate,absent,accept_conditional_contract
historical_moments,1935832,64000000,0.0025,0.25,0.001,0.000001,,,,,,,,unresolved_no_certificate,absent,accept_conditional_contract
historical_moments,1935832,64000000,0.0025,0.25,0.001,0.000003,,,,,,,,unresolved_no_certificate,absent,accept_conditional_contract
historical_moments,1935832,64000000,0.0025,0.25,0.001,0.000010,,,,,,,,unresolved_no_certificate,absent,accept_conditional_contract
historical_moments,1935832,64000000,0.0025,0.25,0.01,0.000001,,,,,,,,unresolved_no_certificate,absent,accept_conditional_contract
historical_moments,1935832,64000000,0.0025,0.25,0.01,0.000003,,,,,,,,unresolved_no_certificate,absent,accept_conditional_contract
historical_moments,1935832,64000000,0.0025,0.25,0.01,0.000010,,,,,,,,unresolved_no_certificate,absent,accept_conditional_contract
historical_moments,1935832,64000000,0.0025,0.25,0.1,0.000001,,,,,,,,unresolved_no_certificate,absent,accept_conditional_contract
historical_moments,1935832,64000000,0.0025,0.25,0.1,0.000003,,,,,,,,unresolved_no_certificate,absent,accept_conditional_contract
historical_moments,1935832,64000000,0.0025,0.25,0.1,0.000010,,,,,,,,unresolved_no_certificate,absent,accept_conditional_contract
historical_moments,1935832,64000000,0.0025,0.5,0.001,0.000001,,,,,,,,unresolved_no_certificate,absent,accept_conditional_contract
historical_moments,1935832,64000000,0.0025,0.5,0.001,0.000003,,,,,,,,unresolved_no_certificate,absent,accept_conditional_contract
historical_moments,1935832,64000000,0.0025,0.5,0.001,0.000010,,,,,,,,unresolved_no_certificate,absent,accept_conditional_contract
historical_moments,1935832,64000000,0.0025,0.5,0.01,0.000001,,,,,,,,unresolved_no_certificate,absent,accept_conditional_contract
historical_moments,1935832,64000000,0.0025,0.5,0.01,0.000003,,,,,,,,unresolved_no_certificate,absent,accept_conditional_contract
historical_moments,1935832,64000000,0.0025,0.5,0.01,0.000010,,,,,,,,unresolved_no_certificate,absent,accept_conditional_contract
historical_moments,1935832,64000000,0.0025,0.5,0.1,0.000001,,,,,,,,unresolved_no_certificate,absent,accept_conditional_contract
historical_moments,1935832,64000000,0.0025,0.5,0.1,0.000003,,,,,,,,unresolved_no_certificate,absent,accept_conditional_contract
historical_moments,1935832,64000000,0.0025,0.5,0.1,0.000010,,,,,,,,unresolved_no_certificate,absent,accept_conditional_contract
rarity_diagnostic,1935832,64000000,0.0025,0.05,0.001,0.000001,,,,,,,1.66743095667e-1,fixed_U_class_excluded_conditional,absent,accept_conditional_contract
rarity_diagnostic,1935832,64000000,0.0025,0.05,0.001,0.000003,,,,,,,1.66743095667e-1,fixed_U_class_excluded_conditional,absent,accept_conditional_contract
rarity_diagnostic,1935832,64000000,0.0025,0.05,0.001,0.000010,,,,,,,1.66743095667e-1,fixed_U_class_excluded_conditional,absent,accept_conditional_contract
rarity_diagnostic,1935832,64000000,0.0025,0.05,0.01,0.000001,,,,,,,1.66743095667e-1,fixed_U_class_excluded_conditional,absent,accept_conditional_contract
rarity_diagnostic,1935832,64000000,0.0025,0.05,0.01,0.000003,,,,,,,1.66743095667e-1,fixed_U_class_excluded_conditional,absent,accept_conditional_contract
rarity_diagnostic,1935832,64000000,0.0025,0.05,0.01,0.000010,,,,,,,1.66743095667e-1,fixed_U_class_excluded_conditional,absent,accept_conditional_contract
rarity_diagnostic,1935832,64000000,0.0025,0.05,0.1,0.000001,,,,,,,1.66743095667e-1,fixed_U_class_excluded_conditional,absent,accept_conditional_contract
rarity_diagnostic,1935832,64000000,0.0025,0.05,0.1,0.000003,,,,,,,1.66743095667e-1,fixed_U_class_excluded_conditional,absent,accept_conditional_contract
rarity_diagnostic,1935832,64000000,0.0025,0.05,0.1,0.000010,,,,,,,1.66743095667e-1,fixed_U_class_excluded_conditional,absent,accept_conditional_contract
rarity_diagnostic,1935832,64000000,0.0025,0.25,0.001,0.000001,,,,,,,1.66743095667e-1,fixed_U_class_excluded_conditional,absent,accept_conditional_contract
rarity_diagnostic,1935832,64000000,0.0025,0.25,0.001,0.000003,,,,,,,1.66743095667e-1,fixed_U_class_excluded_conditional,absent,accept_conditional_contract
rarity_diagnostic,1935832,64000000,0.0025,0.25,0.001,0.000010,,,,,,,1.66743095667e-1,fixed_U_class_excluded_conditional,absent,accept_conditional_contract
rarity_diagnostic,1935832,64000000,0.0025,0.25,0.01,0.000001,,,,,,,1.66743095667e-1,fixed_U_class_excluded_conditional,absent,accept_conditional_contract
rarity_diagnostic,1935832,64000000,0.0025,0.25,0.01,0.000003,,,,,,,1.66743095667e-1,fixed_U_class_excluded_conditional,absent,accept_conditional_contract
rarity_diagnostic,1935832,64000000,0.0025,0.25,0.01,0.000010,,,,,,,1.66743095667e-1,fixed_U_class_excluded_conditional,absent,accept_conditional_contract
rarity_diagnostic,1935832,64000000,0.0025,0.25,0.1,0.000001,,,,,,,1.66743095667e-1,fixed_U_class_excluded_conditional,absent,accept_conditional_contract
rarity_diagnostic,1935832,64000000,0.0025,0.25,0.1,0.000003,,,,,,,1.66743095667e-1,fixed_U_class_excluded_conditional,absent,accept_conditional_contract
rarity_diagnostic,1935832,64000000,0.0025,0.25,0.1,0.000010,,,,,,,1.66743095667e-1,fixed_U_class_excluded_conditional,absent,accept_conditional_contract
rarity_diagnostic,1935832,64000000,0.0025,0.5,0.001,0.000001,,,,,,,1.66743095667e-1,fixed_U_class_excluded_conditional,absent,accept_conditional_contract
rarity_diagnostic,1935832,64000000,0.0025,0.5,0.001,0.000003,,,,,,,1.66743095667e-1,fixed_U_class_excluded_conditional,absent,accept_conditional_contract
rarity_diagnostic,1935832,64000000,0.0025,0.5,0.001,0.000010,,,,,,,1.66743095667e-1,fixed_U_class_excluded_conditional,absent,accept_conditional_contract
rarity_diagnostic,1935832,64000000,0.0025,0.5,0.01,0.000001,,,,,,,1.66743095667e-1,fixed_U_class_excluded_conditional,absent,accept_conditional_contract
rarity_diagnostic,1935832,64000000,0.0025,0.5,0.01,0.000003,,,,,,,1.66743095667e-1,fixed_U_class_excluded_conditional,absent,accept_conditional_contract
rarity_diagnostic,1935832,64000000,0.0025,0.5,0.01,0.000010,,,,,,,1.66743095667e-1,fixed_U_class_excluded_conditional,absent,accept_conditional_contract
rarity_diagnostic,1935832,64000000,0.0025,0.5,0.1,0.000001,,,,,,,1.66743095667e-1,fixed_U_class_excluded_conditional,absent,accept_conditional_contract
rarity_diagnostic,1935832,64000000,0.0025,0.5,0.1,0.000003,,,,,,,1.66743095667e-1,fixed_U_class_excluded_conditional,absent,accept_conditional_contract
rarity_diagnostic,1935832,64000000,0.0025,0.5,0.1,0.000010,,,,,,,1.66743095667e-1,fixed_U_class_excluded_conditional,absent,accept_conditional_contract
historical_moments,1935832,64000000,0.01,0.05,0.001,0.000001,,,,,,,,unresolved_no_certificate,absent,accept_conditional_contract
historical_moments,1935832,64000000,0.01,0.05,0.001,0.000003,,,,,,,,unresolved_no_certificate,absent,accept_conditional_contract
historical_moments,1935832,64000000,0.01,0.05,0.001,0.000010,,,,,,,,unresolved_no_certificate,absent,accept_conditional_contract
historical_moments,1935832,64000000,0.01,0.05,0.01,0.000001,,,,,,,,unresolved_no_certificate,absent,accept_conditional_contract
historical_moments,1935832,64000000,0.01,0.05,0.01,0.000003,,,,,,,,unresolved_no_certificate,absent,accept_conditional_contract
historical_moments,1935832,64000000,0.01,0.05,0.01,0.000010,,,,,,,,unresolved_no_certificate,absent,accept_conditional_contract
historical_moments,1935832,64000000,0.01,0.05,0.1,0.000001,,,,,,,,unresolved_no_certificate,absent,accept_conditional_contract
historical_moments,1935832,64000000,0.01,0.05,0.1,0.000003,,,,,,,,unresolved_no_certificate,absent,accept_conditional_contract
historical_moments,1935832,64000000,0.01,0.05,0.1,0.000010,,,,,,,,unresolved_no_certificate,absent,accept_conditional_contract
historical_moments,1935832,64000000,0.01,0.25,0.001,0.000001,,,,,,,,unresolved_no_certificate,absent,accept_conditional_contract
historical_moments,1935832,64000000,0.01,0.25,0.001,0.000003,,,,,,,,unresolved_no_certificate,absent,accept_conditional_contract
historical_moments,1935832,64000000,0.01,0.25,0.001,0.000010,,,,,,,,unresolved_no_certificate,absent,accept_conditional_contract
historical_moments,1935832,64000000,0.01,0.25,0.01,0.000001,,,,,,,,unresolved_no_certificate,absent,accept_conditional_contract
historical_moments,1935832,64000000,0.01,0.25,0.01,0.000003,,,,,,,,unresolved_no_certificate,absent,accept_conditional_contract
historical_moments,1935832,64000000,0.01,0.25,0.01,0.000010,,,,,,,,unresolved_no_certificate,absent,accept_conditional_contract
historical_moments,1935832,64000000,0.01,0.25,0.1,0.000001,,,,,,,,unresolved_no_certificate,absent,accept_conditional_contract
historical_moments,1935832,64000000,0.01,0.25,0.1,0.000003,,,,,,,,unresolved_no_certificate,absent,accept_conditional_contract
historical_moments,1935832,64000000,0.01,0.25,0.1,0.000010,,,,,,,,unresolved_no_certificate,absent,accept_conditional_contract
historical_moments,1935832,64000000,0.01,0.5,0.001,0.000001,,,,,,,,unresolved_no_certificate,absent,accept_conditional_contract
historical_moments,1935832,64000000,0.01,0.5,0.001,0.000003,,,,,,,,unresolved_no_certificate,absent,accept_conditional_contract
historical_moments,1935832,64000000,0.01,0.5,0.001,0.000010,,,,,,,,unresolved_no_certificate,absent,accept_conditional_contract
historical_moments,1935832,64000000,0.01,0.5,0.01,0.000001,,,,,,,,unresolved_no_certificate,absent,accept_conditional_contract
historical_moments,1935832,64000000,0.01,0.5,0.01,0.000003,,,,,,,,unresolved_no_certificate,absent,accept_conditional_contract
historical_moments,1935832,64000000,0.01,0.5,0.01,0.000010,,,,,,,,unresolved_no_certificate,absent,accept_conditional_contract
historical_moments,1935832,64000000,0.01,0.5,0.1,0.000001,,,,,,,,unresolved_no_certificate,absent,accept_conditional_contract
historical_moments,1935832,64000000,0.01,0.5,0.1,0.000003,,,,,,,,unresolved_no_certificate,absent,accept_conditional_contract
historical_moments,1935832,64000000,0.01,0.5,0.1,0.000010,,,,,,,,unresolved_no_certificate,absent,accept_conditional_contract
rarity_diagnostic,1935832,64000000,0.01,0.05,0.001,0.000001,,,,,,,4.47169215510e-2,fixed_U_class_excluded_conditional,absent,accept_conditional_contract
rarity_diagnostic,1935832,64000000,0.01,0.05,0.001,0.000003,,,,,,,4.47169215510e-2,fixed_U_class_excluded_conditional,absent,accept_conditional_contract
rarity_diagnostic,1935832,64000000,0.01,0.05,0.001,0.000010,,,,,,,4.47169215510e-2,fixed_U_class_excluded_conditional,absent,accept_conditional_contract
rarity_diagnostic,1935832,64000000,0.01,0.05,0.01,0.000001,,,,,,,4.47169215510e-2,fixed_U_class_excluded_conditional,absent,accept_conditional_contract
rarity_diagnostic,1935832,64000000,0.01,0.05,0.01,0.000003,,,,,,,4.47169215510e-2,fixed_U_class_excluded_conditional,absent,accept_conditional_contract
rarity_diagnostic,1935832,64000000,0.01,0.05,0.01,0.000010,,,,,,,4.47169215510e-2,fixed_U_class_excluded_conditional,absent,accept_conditional_contract
rarity_diagnostic,1935832,64000000,0.01,0.05,0.1,0.000001,,,,,,,4.47169215510e-2,fixed_U_class_excluded_conditional,absent,accept_conditional_contract
rarity_diagnostic,1935832,64000000,0.01,0.05,0.1,0.000003,,,,,,,4.47169215510e-2,fixed_U_class_excluded_conditional,absent,accept_conditional_contract
rarity_diagnostic,1935832,64000000,0.01,0.05,0.1,0.000010,,,,,,,4.47169215510e-2,fixed_U_class_excluded_conditional,absent,accept_conditional_contract
rarity_diagnostic,1935832,64000000,0.01,0.25,0.001,0.000001,,,,,,,4.47169215510e-2,fixed_U_class_excluded_conditional,absent,accept_conditional_contract
rarity_diagnostic,1935832,64000000,0.01,0.25,0.001,0.000003,,,,,,,4.47169215510e-2,fixed_U_class_excluded_conditional,absent,accept_conditional_contract
rarity_diagnostic,1935832,64000000,0.01,0.25,0.001,0.000010,,,,,,,4.47169215510e-2,fixed_U_class_excluded_conditional,absent,accept_conditional_contract
rarity_diagnostic,1935832,64000000,0.01,0.25,0.01,0.000001,,,,,,,4.47169215510e-2,fixed_U_class_excluded_conditional,absent,accept_conditional_contract
rarity_diagnostic,1935832,64000000,0.01,0.25,0.01,0.000003,,,,,,,4.47169215510e-2,fixed_U_class_excluded_conditional,absent,accept_conditional_contract
rarity_diagnostic,1935832,64000000,0.01,0.25,0.01,0.000010,,,,,,,4.47169215510e-2,fixed_U_class_excluded_conditional,absent,accept_conditional_contract
rarity_diagnostic,1935832,64000000,0.01,0.25,0.1,0.000001,,,,,,,4.47169215510e-2,fixed_U_class_excluded_conditional,absent,accept_conditional_contract
rarity_diagnostic,1935832,64000000,0.01,0.25,0.1,0.000003,,,,,,,4.47169215510e-2,fixed_U_class_excluded_conditional,absent,accept_conditional_contract
rarity_diagnostic,1935832,64000000,0.01,0.25,0.1,0.000010,,,,,,,4.47169215510e-2,fixed_U_class_excluded_conditional,absent,accept_conditional_contract
rarity_diagnostic,1935832,64000000,0.01,0.5,0.001,0.000001,,,,,,,4.47169215510e-2,fixed_U_class_excluded_conditional,absent,accept_conditional_contract
rarity_diagnostic,1935832,64000000,0.01,0.5,0.001,0.000003,,,,,,,4.47169215510e-2,fixed_U_class_excluded_conditional,absent,accept_conditional_contract
rarity_diagnostic,1935832,64000000,0.01,0.5,0.001,0.000010,,,,,,,4.47169215510e-2,fixed_U_class_excluded_conditional,absent,accept_conditional_contract
rarity_diagnostic,1935832,64000000,0.01,0.5,0.01,0.000001,,,,,,,4.47169215510e-2,fixed_U_class_excluded_conditional,absent,accept_conditional_contract
rarity_diagnostic,1935832,64000000,0.01,0.5,0.01,0.000003,,,,,,,4.47169215510e-2,fixed_U_class_excluded_conditional,absent,accept_conditional_contract
rarity_diagnostic,1935832,64000000,0.01,0.5,0.01,0.000010,,,,,,,4.47169215510e-2,fixed_U_class_excluded_conditional,absent,accept_conditional_contract
rarity_diagnostic,1935832,64000000,0.01,0.5,0.1,0.000001,,,,,,,4.47169215510e-2,fixed_U_class_excluded_conditional,absent,accept_conditional_contract
rarity_diagnostic,1935832,64000000,0.01,0.5,0.1,0.000003,,,,,,,4.47169215510e-2,fixed_U_class_excluded_conditional,absent,accept_conditional_contract
rarity_diagnostic,1935832,64000000,0.01,0.5,0.1,0.000010,,,,,,,4.47169215510e-2,fixed_U_class_excluded_conditional,absent,accept_conditional_contract
historical_moments,1935832,256000000,0.001,0.05,0.001,0.000001,,,,,,,,unresolved_no_certificate,absent,accept_conditional_contract
historical_moments,1935832,256000000,0.001,0.05,0.001,0.000003,,,,,,,,unresolved_no_certificate,absent,accept_conditional_contract
historical_moments,1935832,256000000,0.001,0.05,0.001,0.000010,,,,,,,,unresolved_no_certificate,absent,accept_conditional_contract
historical_moments,1935832,256000000,0.001,0.05,0.01,0.000001,,,,,,,,unresolved_no_certificate,absent,accept_conditional_contract
historical_moments,1935832,256000000,0.001,0.05,0.01,0.000003,,,,,,,,unresolved_no_certificate,absent,accept_conditional_contract
historical_moments,1935832,256000000,0.001,0.05,0.01,0.000010,,,,,,,,unresolved_no_certificate,absent,accept_conditional_contract
historical_moments,1935832,256000000,0.001,0.05,0.1,0.000001,,,,,,,,unresolved_no_certificate,absent,accept_conditional_contract
historical_moments,1935832,256000000,0.001,0.05,0.1,0.000003,,,,,,,,unresolved_no_certificate,absent,accept_conditional_contract
historical_moments,1935832,256000000,0.001,0.05,0.1,0.000010,,,,,,,,unresolved_no_certificate,absent,accept_conditional_contract
historical_moments,1935832,256000000,0.001,0.25,0.001,0.000001,,,,,,,,unresolved_no_certificate,absent,accept_conditional_contract
historical_moments,1935832,256000000,0.001,0.25,0.001,0.000003,,,,,,,,unresolved_no_certificate,absent,accept_conditional_contract
historical_moments,1935832,256000000,0.001,0.25,0.001,0.000010,,,,,,,,unresolved_no_certificate,absent,accept_conditional_contract
historical_moments,1935832,256000000,0.001,0.25,0.01,0.000001,,,,,,,,unresolved_no_certificate,absent,accept_conditional_contract
historical_moments,1935832,256000000,0.001,0.25,0.01,0.000003,,,,,,,,unresolved_no_certificate,absent,accept_conditional_contract
historical_moments,1935832,256000000,0.001,0.25,0.01,0.000010,,,,,,,,unresolved_no_certificate,absent,accept_conditional_contract
historical_moments,1935832,256000000,0.001,0.25,0.1,0.000001,,,,,,,,unresolved_no_certificate,absent,accept_conditional_contract
historical_moments,1935832,256000000,0.001,0.25,0.1,0.000003,,,,,,,,unresolved_no_certificate,absent,accept_conditional_contract
historical_moments,1935832,256000000,0.001,0.25,0.1,0.000010,,,,,,,,unresolved_no_certificate,absent,accept_conditional_contract
historical_moments,1935832,256000000,0.001,0.5,0.001,0.000001,,,,,,,,unresolved_no_certificate,absent,accept_conditional_contract
historical_moments,1935832,256000000,0.001,0.5,0.001,0.000003,,,,,,,,unresolved_no_certificate,absent,accept_conditional_contract
historical_moments,1935832,256000000,0.001,0.5,0.001,0.000010,,,,,,,,unresolved_no_certificate,absent,accept_conditional_contract
historical_moments,1935832,256000000,0.001,0.5,0.01,0.000001,,,,,,,,unresolved_no_certificate,absent,accept_conditional_contract
historical_moments,1935832,256000000,0.001,0.5,0.01,0.000003,,,,,,,,unresolved_no_certificate,absent,accept_conditional_contract
historical_moments,1935832,256000000,0.001,0.5,0.01,0.000010,,,,,,,,unresolved_no_certificate,absent,accept_conditional_contract
historical_moments,1935832,256000000,0.001,0.5,0.1,0.000001,,,,,,,,unresolved_no_certificate,absent,accept_conditional_contract
historical_moments,1935832,256000000,0.001,0.5,0.1,0.000003,,,,,,,,unresolved_no_certificate,absent,accept_conditional_contract
historical_moments,1935832,256000000,0.001,0.5,0.1,0.000010,,,,,,,,unresolved_no_certificate,absent,accept_conditional_contract
rarity_diagnostic,1935832,256000000,0.001,0.05,0.001,0.000001,,,,,,,1.07856725256e-1,fixed_U_class_excluded_conditional,absent,accept_conditional_contract
rarity_diagnostic,1935832,256000000,0.001,0.05,0.001,0.000003,,,,,,,1.07856725256e-1,fixed_U_class_excluded_conditional,absent,accept_conditional_contract
rarity_diagnostic,1935832,256000000,0.001,0.05,0.001,0.000010,,,,,,,1.07856725256e-1,fixed_U_class_excluded_conditional,absent,accept_conditional_contract
rarity_diagnostic,1935832,256000000,0.001,0.05,0.01,0.000001,,,,,,,1.07856725256e-1,fixed_U_class_excluded_conditional,absent,accept_conditional_contract
rarity_diagnostic,1935832,256000000,0.001,0.05,0.01,0.000003,,,,,,,1.07856725256e-1,fixed_U_class_excluded_conditional,absent,accept_conditional_contract
rarity_diagnostic,1935832,256000000,0.001,0.05,0.01,0.000010,,,,,,,1.07856725256e-1,fixed_U_class_excluded_conditional,absent,accept_conditional_contract
rarity_diagnostic,1935832,256000000,0.001,0.05,0.1,0.000001,,,,,,,1.07856725256e-1,fixed_U_class_excluded_conditional,absent,accept_conditional_contract
rarity_diagnostic,1935832,256000000,0.001,0.05,0.1,0.000003,,,,,,,1.07856725256e-1,fixed_U_class_excluded_conditional,absent,accept_conditional_contract
rarity_diagnostic,1935832,256000000,0.001,0.05,0.1,0.000010,,,,,,,1.07856725256e-1,fixed_U_class_excluded_conditional,absent,accept_conditional_contract
rarity_diagnostic,1935832,256000000,0.001,0.25,0.001,0.000001,,,,,,,1.07856725256e-1,fixed_U_class_excluded_conditional,absent,accept_conditional_contract
rarity_diagnostic,1935832,256000000,0.001,0.25,0.001,0.000003,,,,,,,1.07856725256e-1,fixed_U_class_excluded_conditional,absent,accept_conditional_contract
rarity_diagnostic,1935832,256000000,0.001,0.25,0.001,0.000010,,,,,,,1.07856725256e-1,fixed_U_class_excluded_conditional,absent,accept_conditional_contract
rarity_diagnostic,1935832,256000000,0.001,0.25,0.01,0.000001,,,,,,,1.07856725256e-1,fixed_U_class_excluded_conditional,absent,accept_conditional_contract
rarity_diagnostic,1935832,256000000,0.001,0.25,0.01,0.000003,,,,,,,1.07856725256e-1,fixed_U_class_excluded_conditional,absent,accept_conditional_contract
rarity_diagnostic,1935832,256000000,0.001,0.25,0.01,0.000010,,,,,,,1.07856725256e-1,fixed_U_class_excluded_conditional,absent,accept_conditional_contract
rarity_diagnostic,1935832,256000000,0.001,0.25,0.1,0.000001,,,,,,,1.07856725256e-1,fixed_U_class_excluded_conditional,absent,accept_conditional_contract
rarity_diagnostic,1935832,256000000,0.001,0.25,0.1,0.000003,,,,,,,1.07856725256e-1,fixed_U_class_excluded_conditional,absent,accept_conditional_contract
rarity_diagnostic,1935832,256000000,0.001,0.25,0.1,0.000010,,,,,,,1.07856725256e-1,fixed_U_class_excluded_conditional,absent,accept_conditional_contract
rarity_diagnostic,1935832,256000000,0.001,0.5,0.001,0.000001,,,,,,,1.07856725256e-1,fixed_U_class_excluded_conditional,absent,accept_conditional_contract
rarity_diagnostic,1935832,256000000,0.001,0.5,0.001,0.000003,,,,,,,1.07856725256e-1,fixed_U_class_excluded_conditional,absent,accept_conditional_contract
rarity_diagnostic,1935832,256000000,0.001,0.5,0.001,0.000010,,,,,,,1.07856725256e-1,fixed_U_class_excluded_conditional,absent,accept_conditional_contract
rarity_diagnostic,1935832,256000000,0.001,0.5,0.01,0.000001,,,,,,,1.07856725256e-1,fixed_U_class_excluded_conditional,absent,accept_conditional_contract
rarity_diagnostic,1935832,256000000,0.001,0.5,0.01,0.000003,,,,,,,1.07856725256e-1,fixed_U_class_excluded_conditional,absent,accept_conditional_contract
rarity_diagnostic,1935832,256000000,0.001,0.5,0.01,0.000010,,,,,,,1.07856725256e-1,fixed_U_class_excluded_conditional,absent,accept_conditional_contract
rarity_diagnostic,1935832,256000000,0.001,0.5,0.1,0.000001,,,,,,,1.07856725256e-1,fixed_U_class_excluded_conditional,absent,accept_conditional_contract
rarity_diagnostic,1935832,256000000,0.001,0.5,0.1,0.000003,,,,,,,1.07856725256e-1,fixed_U_class_excluded_conditional,absent,accept_conditional_contract
rarity_diagnostic,1935832,256000000,0.001,0.5,0.1,0.000010,,,,,,,1.07856725256e-1,fixed_U_class_excluded_conditional,absent,accept_conditional_contract
historical_moments,1935832,256000000,0.0025,0.05,0.001,0.000001,,,,,,,,unresolved_no_certificate,absent,accept_conditional_contract
historical_moments,1935832,256000000,0.0025,0.05,0.001,0.000003,,,,,,,,unresolved_no_certificate,absent,accept_conditional_contract
historical_moments,1935832,256000000,0.0025,0.05,0.001,0.000010,,,,,,,,unresolved_no_certificate,absent,accept_conditional_contract
historical_moments,1935832,256000000,0.0025,0.05,0.01,0.000001,,,,,,,,unresolved_no_certificate,absent,accept_conditional_contract
historical_moments,1935832,256000000,0.0025,0.05,0.01,0.000003,,,,,,,,unresolved_no_certificate,absent,accept_conditional_contract
historical_moments,1935832,256000000,0.0025,0.05,0.01,0.000010,,,,,,,,unresolved_no_certificate,absent,accept_conditional_contract
historical_moments,1935832,256000000,0.0025,0.05,0.1,0.000001,,,,,,,,unresolved_no_certificate,absent,accept_conditional_contract
historical_moments,1935832,256000000,0.0025,0.05,0.1,0.000003,,,,,,,,unresolved_no_certificate,absent,accept_conditional_contract
historical_moments,1935832,256000000,0.0025,0.05,0.1,0.000010,,,,,,,,unresolved_no_certificate,absent,accept_conditional_contract
historical_moments,1935832,256000000,0.0025,0.25,0.001,0.000001,,,,,,,,unresolved_no_certificate,absent,accept_conditional_contract
historical_moments,1935832,256000000,0.0025,0.25,0.001,0.000003,,,,,,,,unresolved_no_certificate,absent,accept_conditional_contract
historical_moments,1935832,256000000,0.0025,0.25,0.001,0.000010,,,,,,,,unresolved_no_certificate,absent,accept_conditional_contract
historical_moments,1935832,256000000,0.0025,0.25,0.01,0.000001,,,,,,,,unresolved_no_certificate,absent,accept_conditional_contract
historical_moments,1935832,256000000,0.0025,0.25,0.01,0.000003,,,,,,,,unresolved_no_certificate,absent,accept_conditional_contract
historical_moments,1935832,256000000,0.0025,0.25,0.01,0.000010,,,,,,,,unresolved_no_certificate,absent,accept_conditional_contract
historical_moments,1935832,256000000,0.0025,0.25,0.1,0.000001,,,,,,,,unresolved_no_certificate,absent,accept_conditional_contract
historical_moments,1935832,256000000,0.0025,0.25,0.1,0.000003,,,,,,,,unresolved_no_certificate,absent,accept_conditional_contract
historical_moments,1935832,256000000,0.0025,0.25,0.1,0.000010,,,,,,,,unresolved_no_certificate,absent,accept_conditional_contract
historical_moments,1935832,256000000,0.0025,0.5,0.001,0.000001,,,,,,,,unresolved_no_certificate,absent,accept_conditional_contract
historical_moments,1935832,256000000,0.0025,0.5,0.001,0.000003,,,,,,,,unresolved_no_certificate,absent,accept_conditional_contract
historical_moments,1935832,256000000,0.0025,0.5,0.001,0.000010,,,,,,,,unresolved_no_certificate,absent,accept_conditional_contract
historical_moments,1935832,256000000,0.0025,0.5,0.01,0.000001,,,,,,,,unresolved_no_certificate,absent,accept_conditional_contract
historical_moments,1935832,256000000,0.0025,0.5,0.01,0.000003,,,,,,,,unresolved_no_certificate,absent,accept_conditional_contract
historical_moments,1935832,256000000,0.0025,0.5,0.01,0.000010,,,,,,,,unresolved_no_certificate,absent,accept_conditional_contract
historical_moments,1935832,256000000,0.0025,0.5,0.1,0.000001,,,,,,,,unresolved_no_certificate,absent,accept_conditional_contract
historical_moments,1935832,256000000,0.0025,0.5,0.1,0.000003,,,,,,,,unresolved_no_certificate,absent,accept_conditional_contract
historical_moments,1935832,256000000,0.0025,0.5,0.1,0.000010,,,,,,,,unresolved_no_certificate,absent,accept_conditional_contract
rarity_diagnostic,1935832,256000000,0.0025,0.05,0.001,0.000001,,,,,,,4.47169218902e-2,fixed_U_class_excluded_conditional,absent,accept_conditional_contract
rarity_diagnostic,1935832,256000000,0.0025,0.05,0.001,0.000003,,,,,,,4.47169218902e-2,fixed_U_class_excluded_conditional,absent,accept_conditional_contract
rarity_diagnostic,1935832,256000000,0.0025,0.05,0.001,0.000010,,,,,,,4.47169218902e-2,fixed_U_class_excluded_conditional,absent,accept_conditional_contract
rarity_diagnostic,1935832,256000000,0.0025,0.05,0.01,0.000001,,,,,,,4.47169218902e-2,fixed_U_class_excluded_conditional,absent,accept_conditional_contract
rarity_diagnostic,1935832,256000000,0.0025,0.05,0.01,0.000003,,,,,,,4.47169218902e-2,fixed_U_class_excluded_conditional,absent,accept_conditional_contract
rarity_diagnostic,1935832,256000000,0.0025,0.05,0.01,0.000010,,,,,,,4.47169218902e-2,fixed_U_class_excluded_conditional,absent,accept_conditional_contract
rarity_diagnostic,1935832,256000000,0.0025,0.05,0.1,0.000001,,,,,,,4.47169218902e-2,fixed_U_class_excluded_conditional,absent,accept_conditional_contract
rarity_diagnostic,1935832,256000000,0.0025,0.05,0.1,0.000003,,,,,,,4.47169218902e-2,fixed_U_class_excluded_conditional,absent,accept_conditional_contract
rarity_diagnostic,1935832,256000000,0.0025,0.05,0.1,0.000010,,,,,,,4.47169218902e-2,fixed_U_class_excluded_conditional,absent,accept_conditional_contract
rarity_diagnostic,1935832,256000000,0.0025,0.25,0.001,0.000001,,,,,,,4.47169218902e-2,fixed_U_class_excluded_conditional,absent,accept_conditional_contract
rarity_diagnostic,1935832,256000000,0.0025,0.25,0.001,0.000003,,,,,,,4.47169218902e-2,fixed_U_class_excluded_conditional,absent,accept_conditional_contract
rarity_diagnostic,1935832,256000000,0.0025,0.25,0.001,0.000010,,,,,,,4.47169218902e-2,fixed_U_class_excluded_conditional,absent,accept_conditional_contract
rarity_diagnostic,1935832,256000000,0.0025,0.25,0.01,0.000001,,,,,,,4.47169218902e-2,fixed_U_class_excluded_conditional,absent,accept_conditional_contract
rarity_diagnostic,1935832,256000000,0.0025,0.25,0.01,0.000003,,,,,,,4.47169218902e-2,fixed_U_class_excluded_conditional,absent,accept_conditional_contract
rarity_diagnostic,1935832,256000000,0.0025,0.25,0.01,0.000010,,,,,,,4.47169218902e-2,fixed_U_class_excluded_conditional,absent,accept_conditional_contract
rarity_diagnostic,1935832,256000000,0.0025,0.25,0.1,0.000001,,,,,,,4.47169218902e-2,fixed_U_class_excluded_conditional,absent,accept_conditional_contract
rarity_diagnostic,1935832,256000000,0.0025,0.25,0.1,0.000003,,,,,,,4.47169218902e-2,fixed_U_class_excluded_conditional,absent,accept_conditional_contract
rarity_diagnostic,1935832,256000000,0.0025,0.25,0.1,0.000010,,,,,,,4.47169218902e-2,fixed_U_class_excluded_conditional,absent,accept_conditional_contract
rarity_diagnostic,1935832,256000000,0.0025,0.5,0.001,0.000001,,,,,,,4.47169218902e-2,fixed_U_class_excluded_conditional,absent,accept_conditional_contract
rarity_diagnostic,1935832,256000000,0.0025,0.5,0.001,0.000003,,,,,,,4.47169218902e-2,fixed_U_class_excluded_conditional,absent,accept_conditional_contract
rarity_diagnostic,1935832,256000000,0.0025,0.5,0.001,0.000010,,,,,,,4.47169218902e-2,fixed_U_class_excluded_conditional,absent,accept_conditional_contract
rarity_diagnostic,1935832,256000000,0.0025,0.5,0.01,0.000001,,,,,,,4.47169218902e-2,fixed_U_class_excluded_conditional,absent,accept_conditional_contract
rarity_diagnostic,1935832,256000000,0.0025,0.5,0.01,0.000003,,,,,,,4.47169218902e-2,fixed_U_class_excluded_conditional,absent,accept_conditional_contract
rarity_diagnostic,1935832,256000000,0.0025,0.5,0.01,0.000010,,,,,,,4.47169218902e-2,fixed_U_class_excluded_conditional,absent,accept_conditional_contract
rarity_diagnostic,1935832,256000000,0.0025,0.5,0.1,0.000001,,,,,,,4.47169218902e-2,fixed_U_class_excluded_conditional,absent,accept_conditional_contract
rarity_diagnostic,1935832,256000000,0.0025,0.5,0.1,0.000003,,,,,,,4.47169218902e-2,fixed_U_class_excluded_conditional,absent,accept_conditional_contract
rarity_diagnostic,1935832,256000000,0.0025,0.5,0.1,0.000010,,,,,,,4.47169218902e-2,fixed_U_class_excluded_conditional,absent,accept_conditional_contract
historical_moments,1935832,256000000,0.01,0.05,0.001,0.000001,,,,,,,,unresolved_no_certificate,absent,accept_conditional_contract
historical_moments,1935832,256000000,0.01,0.05,0.001,0.000003,,,,,,,,unresolved_no_certificate,absent,accept_conditional_contract
historical_moments,1935832,256000000,0.01,0.05,0.001,0.000010,,,,,,,,unresolved_no_certificate,absent,accept_conditional_contract
historical_moments,1935832,256000000,0.01,0.05,0.01,0.000001,,,,,,,,unresolved_no_certificate,absent,accept_conditional_contract
historical_moments,1935832,256000000,0.01,0.05,0.01,0.000003,,,,,,,,unresolved_no_certificate,absent,accept_conditional_contract
historical_moments,1935832,256000000,0.01,0.05,0.01,0.000010,,,,,,,,unresolved_no_certificate,absent,accept_conditional_contract
historical_moments,1935832,256000000,0.01,0.05,0.1,0.000001,,,,,,,,unresolved_no_certificate,absent,accept_conditional_contract
historical_moments,1935832,256000000,0.01,0.05,0.1,0.000003,,,,,,,,unresolved_no_certificate,absent,accept_conditional_contract
historical_moments,1935832,256000000,0.01,0.05,0.1,0.000010,,,,,,,,unresolved_no_certificate,absent,accept_conditional_contract
historical_moments,1935832,256000000,0.01,0.25,0.001,0.000001,,,,,,,,unresolved_no_certificate,absent,accept_conditional_contract
historical_moments,1935832,256000000,0.01,0.25,0.001,0.000003,,,,,,,,unresolved_no_certificate,absent,accept_conditional_contract
historical_moments,1935832,256000000,0.01,0.25,0.001,0.000010,,,,,,,,unresolved_no_certificate,absent,accept_conditional_contract
historical_moments,1935832,256000000,0.01,0.25,0.01,0.000001,,,,,,,,unresolved_no_certificate,absent,accept_conditional_contract
historical_moments,1935832,256000000,0.01,0.25,0.01,0.000003,,,,,,,,unresolved_no_certificate,absent,accept_conditional_contract
historical_moments,1935832,256000000,0.01,0.25,0.01,0.000010,,,,,,,,unresolved_no_certificate,absent,accept_conditional_contract
historical_moments,1935832,256000000,0.01,0.25,0.1,0.000001,,,,,,,,unresolved_no_certificate,absent,accept_conditional_contract
historical_moments,1935832,256000000,0.01,0.25,0.1,0.000003,,,,,,,,unresolved_no_certificate,absent,accept_conditional_contract
historical_moments,1935832,256000000,0.01,0.25,0.1,0.000010,,,,,,,,unresolved_no_certificate,absent,accept_conditional_contract
historical_moments,1935832,256000000,0.01,0.5,0.001,0.000001,,,,,,,,unresolved_no_certificate,absent,accept_conditional_contract
historical_moments,1935832,256000000,0.01,0.5,0.001,0.000003,,,,,,,,unresolved_no_certificate,absent,accept_conditional_contract
historical_moments,1935832,256000000,0.01,0.5,0.001,0.000010,,,,,,,,unresolved_no_certificate,absent,accept_conditional_contract
historical_moments,1935832,256000000,0.01,0.5,0.01,0.000001,,,,,,,,unresolved_no_certificate,absent,accept_conditional_contract
historical_moments,1935832,256000000,0.01,0.5,0.01,0.000003,,,,,,,,unresolved_no_certificate,absent,accept_conditional_contract
historical_moments,1935832,256000000,0.01,0.5,0.01,0.000010,,,,,,,,unresolved_no_certificate,absent,accept_conditional_contract
historical_moments,1935832,256000000,0.01,0.5,0.1,0.000001,,,,,,,,unresolved_no_certificate,absent,accept_conditional_contract
historical_moments,1935832,256000000,0.01,0.5,0.1,0.000003,,,,,,,,unresolved_no_certificate,absent,accept_conditional_contract
historical_moments,1935832,256000000,0.01,0.5,0.1,0.000010,,,,,,,,unresolved_no_certificate,absent,accept_conditional_contract
rarity_diagnostic,1935832,256000000,0.01,0.05,0.001,0.000001,,,,,,,1.13836583418e-2,fixed_U_class_excluded_conditional,absent,accept_conditional_contract
rarity_diagnostic,1935832,256000000,0.01,0.05,0.001,0.000003,,,,,,,1.13836583418e-2,fixed_U_class_excluded_conditional,absent,accept_conditional_contract
rarity_diagnostic,1935832,256000000,0.01,0.05,0.001,0.000010,,,,,,,1.13836583418e-2,fixed_U_class_excluded_conditional,absent,accept_conditional_contract
rarity_diagnostic,1935832,256000000,0.01,0.05,0.01,0.000001,,,,,,,1.13836583418e-2,fixed_U_class_excluded_conditional,absent,accept_conditional_contract
rarity_diagnostic,1935832,256000000,0.01,0.05,0.01,0.000003,,,,,,,1.13836583418e-2,fixed_U_class_excluded_conditional,absent,accept_conditional_contract
rarity_diagnostic,1935832,256000000,0.01,0.05,0.01,0.000010,,,,,,,1.13836583418e-2,fixed_U_class_excluded_conditional,absent,accept_conditional_contract
rarity_diagnostic,1935832,256000000,0.01,0.05,0.1,0.000001,,,,,,,1.13836583418e-2,fixed_U_class_excluded_conditional,absent,accept_conditional_contract
rarity_diagnostic,1935832,256000000,0.01,0.05,0.1,0.000003,,,,,,,1.13836583418e-2,fixed_U_class_excluded_conditional,absent,accept_conditional_contract
rarity_diagnostic,1935832,256000000,0.01,0.05,0.1,0.000010,,,,,,,1.13836583418e-2,fixed_U_class_excluded_conditional,absent,accept_conditional_contract
rarity_diagnostic,1935832,256000000,0.01,0.25,0.001,0.000001,,,,,,,1.13836583418e-2,fixed_U_class_excluded_conditional,absent,accept_conditional_contract
rarity_diagnostic,1935832,256000000,0.01,0.25,0.001,0.000003,,,,,,,1.13836583418e-2,fixed_U_class_excluded_conditional,absent,accept_conditional_contract
rarity_diagnostic,1935832,256000000,0.01,0.25,0.001,0.000010,,,,,,,1.13836583418e-2,fixed_U_class_excluded_conditional,absent,accept_conditional_contract
rarity_diagnostic,1935832,256000000,0.01,0.25,0.01,0.000001,,,,,,,1.13836583418e-2,fixed_U_class_excluded_conditional,absent,accept_conditional_contract
rarity_diagnostic,1935832,256000000,0.01,0.25,0.01,0.000003,,,,,,,1.13836583418e-2,fixed_U_class_excluded_conditional,absent,accept_conditional_contract
rarity_diagnostic,1935832,256000000,0.01,0.25,0.01,0.000010,,,,,,,1.13836583418e-2,fixed_U_class_excluded_conditional,absent,accept_conditional_contract
rarity_diagnostic,1935832,256000000,0.01,0.25,0.1,0.000001,,,,,,,1.13836583418e-2,fixed_U_class_excluded_conditional,absent,accept_conditional_contract
rarity_diagnostic,1935832,256000000,0.01,0.25,0.1,0.000003,,,,,,,1.13836583418e-2,fixed_U_class_excluded_conditional,absent,accept_conditional_contract
rarity_diagnostic,1935832,256000000,0.01,0.25,0.1,0.000010,,,,,,,1.13836583418e-2,fixed_U_class_excluded_conditional,absent,accept_conditional_contract
rarity_diagnostic,1935832,256000000,0.01,0.5,0.001,0.000001,,,,,,,1.13836583418e-2,fixed_U_class_excluded_conditional,absent,accept_conditional_contract
rarity_diagnostic,1935832,256000000,0.01,0.5,0.001,0.000003,,,,,,,1.13836583418e-2,fixed_U_class_excluded_conditional,absent,accept_conditional_contract
rarity_diagnostic,1935832,256000000,0.01,0.5,0.001,0.000010,,,,,,,1.13836583418e-2,fixed_U_class_excluded_conditional,absent,accept_conditional_contract
rarity_diagnostic,1935832,256000000,0.01,0.5,0.01,0.000001,,,,,,,1.13836583418e-2,fixed_U_class_excluded_conditional,absent,accept_conditional_contract
rarity_diagnostic,1935832,256000000,0.01,0.5,0.01,0.000003,,,,,,,1.13836583418e-2,fixed_U_class_excluded_conditional,absent,accept_conditional_contract
rarity_diagnostic,1935832,256000000,0.01,0.5,0.01,0.000010,,,,,,,1.13836583418e-2,fixed_U_class_excluded_conditional,absent,accept_conditional_contract
rarity_diagnostic,1935832,256000000,0.01,0.5,0.1,0.000001,,,,,,,1.13836583418e-2,fixed_U_class_excluded_conditional,absent,accept_conditional_contract
rarity_diagnostic,1935832,256000000,0.01,0.5,0.1,0.000003,,,,,,,1.13836583418e-2,fixed_U_class_excluded_conditional,absent,accept_conditional_contract
rarity_diagnostic,1935832,256000000,0.01,0.5,0.1,0.000010,,,,,,,1.13836583418e-2,fixed_U_class_excluded_conditional,absent,accept_conditional_contract
historical_moments,2097152,16000000,0.001,0.05,0.001,0.000001,,,,,,,,mandatory_U_block_exclusion_conditional,absent,accept_conditional_contract
historical_moments,2097152,16000000,0.001,0.05,0.001,0.000003,,,,,,,,unresolved_no_certificate,absent,accept_conditional_contract
historical_moments,2097152,16000000,0.001,0.05,0.001,0.000010,,,,,,,,unresolved_no_certificate,absent,accept_conditional_contract
historical_moments,2097152,16000000,0.001,0.05,0.01,0.000001,,,,,,,,mandatory_U_block_exclusion_conditional,absent,accept_conditional_contract
historical_moments,2097152,16000000,0.001,0.05,0.01,0.000003,,,,,,,,unresolved_no_certificate,absent,accept_conditional_contract
historical_moments,2097152,16000000,0.001,0.05,0.01,0.000010,,,,,,,,unresolved_no_certificate,absent,accept_conditional_contract
historical_moments,2097152,16000000,0.001,0.05,0.1,0.000001,,,,,,,,mandatory_U_block_exclusion_conditional,absent,accept_conditional_contract
historical_moments,2097152,16000000,0.001,0.05,0.1,0.000003,,,,,,,,unresolved_no_certificate,absent,accept_conditional_contract
historical_moments,2097152,16000000,0.001,0.05,0.1,0.000010,,,,,,,,unresolved_no_certificate,absent,accept_conditional_contract
historical_moments,2097152,16000000,0.001,0.25,0.001,0.000001,,,,,,,,mandatory_U_block_exclusion_conditional,absent,accept_conditional_contract
historical_moments,2097152,16000000,0.001,0.25,0.001,0.000003,,,,,,,,unresolved_no_certificate,absent,accept_conditional_contract
historical_moments,2097152,16000000,0.001,0.25,0.001,0.000010,,,,,,,,unresolved_no_certificate,absent,accept_conditional_contract
historical_moments,2097152,16000000,0.001,0.25,0.01,0.000001,,,,,,,,mandatory_U_block_exclusion_conditional,absent,accept_conditional_contract
historical_moments,2097152,16000000,0.001,0.25,0.01,0.000003,,,,,,,,unresolved_no_certificate,absent,accept_conditional_contract
historical_moments,2097152,16000000,0.001,0.25,0.01,0.000010,,,,,,,,unresolved_no_certificate,absent,accept_conditional_contract
historical_moments,2097152,16000000,0.001,0.25,0.1,0.000001,,,,,,,,mandatory_U_block_exclusion_conditional,absent,accept_conditional_contract
historical_moments,2097152,16000000,0.001,0.25,0.1,0.000003,,,,,,,,unresolved_no_certificate,absent,accept_conditional_contract
historical_moments,2097152,16000000,0.001,0.25,0.1,0.000010,,,,,,,,unresolved_no_certificate,absent,accept_conditional_contract
historical_moments,2097152,16000000,0.001,0.5,0.001,0.000001,,,,,,,,mandatory_U_block_exclusion_conditional,absent,accept_conditional_contract
historical_moments,2097152,16000000,0.001,0.5,0.001,0.000003,,,,,,,,unresolved_no_certificate,absent,accept_conditional_contract
historical_moments,2097152,16000000,0.001,0.5,0.001,0.000010,,,,,,,,unresolved_no_certificate,absent,accept_conditional_contract
historical_moments,2097152,16000000,0.001,0.5,0.01,0.000001,,,,,,,,mandatory_U_block_exclusion_conditional,absent,accept_conditional_contract
historical_moments,2097152,16000000,0.001,0.5,0.01,0.000003,,,,,,,,unresolved_no_certificate,absent,accept_conditional_contract
historical_moments,2097152,16000000,0.001,0.5,0.01,0.000010,,,,,,,,unresolved_no_certificate,absent,accept_conditional_contract
historical_moments,2097152,16000000,0.001,0.5,0.1,0.000001,,,,,,,,mandatory_U_block_exclusion_conditional,absent,accept_conditional_contract
historical_moments,2097152,16000000,0.001,0.5,0.1,0.000003,,,,,,,,unresolved_no_certificate,absent,accept_conditional_contract
historical_moments,2097152,16000000,0.001,0.5,0.1,0.000010,,,,,,,,unresolved_no_certificate,absent,accept_conditional_contract
rarity_diagnostic,2097152,16000000,0.001,0.05,0.001,0.000001,,,,,,,8.71661496781e-1,fixed_U_class_excluded_conditional,absent,accept_conditional_contract
rarity_diagnostic,2097152,16000000,0.001,0.05,0.001,0.000003,,,,,,,8.71661496781e-1,fixed_U_class_excluded_conditional,absent,accept_conditional_contract
rarity_diagnostic,2097152,16000000,0.001,0.05,0.001,0.000010,,,,,,,8.71661496781e-1,fixed_U_class_excluded_conditional,absent,accept_conditional_contract
rarity_diagnostic,2097152,16000000,0.001,0.05,0.01,0.000001,,,,,,,8.71661496781e-1,fixed_U_class_excluded_conditional,absent,accept_conditional_contract
rarity_diagnostic,2097152,16000000,0.001,0.05,0.01,0.000003,,,,,,,8.71661496781e-1,fixed_U_class_excluded_conditional,absent,accept_conditional_contract
rarity_diagnostic,2097152,16000000,0.001,0.05,0.01,0.000010,,,,,,,8.71661496781e-1,fixed_U_class_excluded_conditional,absent,accept_conditional_contract
rarity_diagnostic,2097152,16000000,0.001,0.05,0.1,0.000001,,,,,,,8.71661496781e-1,fixed_U_class_excluded_conditional,absent,accept_conditional_contract
rarity_diagnostic,2097152,16000000,0.001,0.05,0.1,0.000003,,,,,,,8.71661496781e-1,fixed_U_class_excluded_conditional,absent,accept_conditional_contract
rarity_diagnostic,2097152,16000000,0.001,0.05,0.1,0.000010,,,,,,,8.71661496781e-1,fixed_U_class_excluded_conditional,absent,accept_conditional_contract
rarity_diagnostic,2097152,16000000,0.001,0.25,0.001,0.000001,,,,,,,8.71661496781e-1,fixed_U_class_excluded_conditional,absent,accept_conditional_contract
rarity_diagnostic,2097152,16000000,0.001,0.25,0.001,0.000003,,,,,,,8.71661496781e-1,fixed_U_class_excluded_conditional,absent,accept_conditional_contract
rarity_diagnostic,2097152,16000000,0.001,0.25,0.001,0.000010,,,,,,,8.71661496781e-1,fixed_U_class_excluded_conditional,absent,accept_conditional_contract
rarity_diagnostic,2097152,16000000,0.001,0.25,0.01,0.000001,,,,,,,8.71661496781e-1,fixed_U_class_excluded_conditional,absent,accept_conditional_contract
rarity_diagnostic,2097152,16000000,0.001,0.25,0.01,0.000003,,,,,,,8.71661496781e-1,fixed_U_class_excluded_conditional,absent,accept_conditional_contract
rarity_diagnostic,2097152,16000000,0.001,0.25,0.01,0.000010,,,,,,,8.71661496781e-1,fixed_U_class_excluded_conditional,absent,accept_conditional_contract
rarity_diagnostic,2097152,16000000,0.001,0.25,0.1,0.000001,,,,,,,8.71661496781e-1,fixed_U_class_excluded_conditional,absent,accept_conditional_contract
rarity_diagnostic,2097152,16000000,0.001,0.25,0.1,0.000003,,,,,,,8.71661496781e-1,fixed_U_class_excluded_conditional,absent,accept_conditional_contract
rarity_diagnostic,2097152,16000000,0.001,0.25,0.1,0.000010,,,,,,,8.71661496781e-1,fixed_U_class_excluded_conditional,absent,accept_conditional_contract
rarity_diagnostic,2097152,16000000,0.001,0.5,0.001,0.000001,,,,,,,8.71661496781e-1,fixed_U_class_excluded_conditional,absent,accept_conditional_contract
rarity_diagnostic,2097152,16000000,0.001,0.5,0.001,0.000003,,,,,,,8.71661496781e-1,fixed_U_class_excluded_conditional,absent,accept_conditional_contract
rarity_diagnostic,2097152,16000000,0.001,0.5,0.001,0.000010,,,,,,,8.71661496781e-1,fixed_U_class_excluded_conditional,absent,accept_conditional_contract
rarity_diagnostic,2097152,16000000,0.001,0.5,0.01,0.000001,,,,,,,8.71661496781e-1,fixed_U_class_excluded_conditional,absent,accept_conditional_contract
rarity_diagnostic,2097152,16000000,0.001,0.5,0.01,0.000003,,,,,,,8.71661496781e-1,fixed_U_class_excluded_conditional,absent,accept_conditional_contract
rarity_diagnostic,2097152,16000000,0.001,0.5,0.01,0.000010,,,,,,,8.71661496781e-1,fixed_U_class_excluded_conditional,absent,accept_conditional_contract
rarity_diagnostic,2097152,16000000,0.001,0.5,0.1,0.000001,,,,,,,8.71661496781e-1,fixed_U_class_excluded_conditional,absent,accept_conditional_contract
rarity_diagnostic,2097152,16000000,0.001,0.5,0.1,0.000003,,,,,,,8.71661496781e-1,fixed_U_class_excluded_conditional,absent,accept_conditional_contract
rarity_diagnostic,2097152,16000000,0.001,0.5,0.1,0.000010,,,,,,,8.71661496781e-1,fixed_U_class_excluded_conditional,absent,accept_conditional_contract
historical_moments,2097152,16000000,0.0025,0.05,0.001,0.000001,,,,,,,,mandatory_U_block_exclusion_conditional,absent,accept_conditional_contract
historical_moments,2097152,16000000,0.0025,0.05,0.001,0.000003,,,,,,,,unresolved_no_certificate,absent,accept_conditional_contract
historical_moments,2097152,16000000,0.0025,0.05,0.001,0.000010,,,,,,,,unresolved_no_certificate,absent,accept_conditional_contract
historical_moments,2097152,16000000,0.0025,0.05,0.01,0.000001,,,,,,,,mandatory_U_block_exclusion_conditional,absent,accept_conditional_contract
historical_moments,2097152,16000000,0.0025,0.05,0.01,0.000003,,,,,,,,unresolved_no_certificate,absent,accept_conditional_contract
historical_moments,2097152,16000000,0.0025,0.05,0.01,0.000010,,,,,,,,unresolved_no_certificate,absent,accept_conditional_contract
historical_moments,2097152,16000000,0.0025,0.05,0.1,0.000001,,,,,,,,mandatory_U_block_exclusion_conditional,absent,accept_conditional_contract
historical_moments,2097152,16000000,0.0025,0.05,0.1,0.000003,,,,,,,,unresolved_no_certificate,absent,accept_conditional_contract
historical_moments,2097152,16000000,0.0025,0.05,0.1,0.000010,,,,,,,,unresolved_no_certificate,absent,accept_conditional_contract
historical_moments,2097152,16000000,0.0025,0.25,0.001,0.000001,,,,,,,,mandatory_U_block_exclusion_conditional,absent,accept_conditional_contract
historical_moments,2097152,16000000,0.0025,0.25,0.001,0.000003,,,,,,,,unresolved_no_certificate,absent,accept_conditional_contract
historical_moments,2097152,16000000,0.0025,0.25,0.001,0.000010,,,,,,,,unresolved_no_certificate,absent,accept_conditional_contract
historical_moments,2097152,16000000,0.0025,0.25,0.01,0.000001,,,,,,,,mandatory_U_block_exclusion_conditional,absent,accept_conditional_contract
historical_moments,2097152,16000000,0.0025,0.25,0.01,0.000003,,,,,,,,unresolved_no_certificate,absent,accept_conditional_contract
historical_moments,2097152,16000000,0.0025,0.25,0.01,0.000010,,,,,,,,unresolved_no_certificate,absent,accept_conditional_contract
historical_moments,2097152,16000000,0.0025,0.25,0.1,0.000001,,,,,,,,mandatory_U_block_exclusion_conditional,absent,accept_conditional_contract
historical_moments,2097152,16000000,0.0025,0.25,0.1,0.000003,,,,,,,,unresolved_no_certificate,absent,accept_conditional_contract
historical_moments,2097152,16000000,0.0025,0.25,0.1,0.000010,,,,,,,,unresolved_no_certificate,absent,accept_conditional_contract
historical_moments,2097152,16000000,0.0025,0.5,0.001,0.000001,,,,,,,,mandatory_U_block_exclusion_conditional,absent,accept_conditional_contract
historical_moments,2097152,16000000,0.0025,0.5,0.001,0.000003,,,,,,,,unresolved_no_certificate,absent,accept_conditional_contract
historical_moments,2097152,16000000,0.0025,0.5,0.001,0.000010,,,,,,,,unresolved_no_certificate,absent,accept_conditional_contract
historical_moments,2097152,16000000,0.0025,0.5,0.01,0.000001,,,,,,,,mandatory_U_block_exclusion_conditional,absent,accept_conditional_contract
historical_moments,2097152,16000000,0.0025,0.5,0.01,0.000003,,,,,,,,unresolved_no_certificate,absent,accept_conditional_contract
historical_moments,2097152,16000000,0.0025,0.5,0.01,0.000010,,,,,,,,unresolved_no_certificate,absent,accept_conditional_contract
historical_moments,2097152,16000000,0.0025,0.5,0.1,0.000001,,,,,,,,mandatory_U_block_exclusion_conditional,absent,accept_conditional_contract
historical_moments,2097152,16000000,0.0025,0.5,0.1,0.000003,,,,,,,,unresolved_no_certificate,absent,accept_conditional_contract
historical_moments,2097152,16000000,0.0025,0.5,0.1,0.000010,,,,,,,,unresolved_no_certificate,absent,accept_conditional_contract
rarity_diagnostic,2097152,16000000,0.0025,0.05,0.001,0.000001,,,,,,,5.69726738902e-1,fixed_U_class_excluded_conditional,absent,accept_conditional_contract
rarity_diagnostic,2097152,16000000,0.0025,0.05,0.001,0.000003,,,,,,,5.69726738902e-1,fixed_U_class_excluded_conditional,absent,accept_conditional_contract
rarity_diagnostic,2097152,16000000,0.0025,0.05,0.001,0.000010,,,,,,,5.69726738902e-1,fixed_U_class_excluded_conditional,absent,accept_conditional_contract
rarity_diagnostic,2097152,16000000,0.0025,0.05,0.01,0.000001,,,,,,,5.69726738902e-1,fixed_U_class_excluded_conditional,absent,accept_conditional_contract
rarity_diagnostic,2097152,16000000,0.0025,0.05,0.01,0.000003,,,,,,,5.69726738902e-1,fixed_U_class_excluded_conditional,absent,accept_conditional_contract
rarity_diagnostic,2097152,16000000,0.0025,0.05,0.01,0.000010,,,,,,,5.69726738902e-1,fixed_U_class_excluded_conditional,absent,accept_conditional_contract
rarity_diagnostic,2097152,16000000,0.0025,0.05,0.1,0.000001,,,,,,,5.69726738902e-1,fixed_U_class_excluded_conditional,absent,accept_conditional_contract
rarity_diagnostic,2097152,16000000,0.0025,0.05,0.1,0.000003,,,,,,,5.69726738902e-1,fixed_U_class_excluded_conditional,absent,accept_conditional_contract
rarity_diagnostic,2097152,16000000,0.0025,0.05,0.1,0.000010,,,,,,,5.69726738902e-1,fixed_U_class_excluded_conditional,absent,accept_conditional_contract
rarity_diagnostic,2097152,16000000,0.0025,0.25,0.001,0.000001,,,,,,,5.69726738902e-1,fixed_U_class_excluded_conditional,absent,accept_conditional_contract
rarity_diagnostic,2097152,16000000,0.0025,0.25,0.001,0.000003,,,,,,,5.69726738902e-1,fixed_U_class_excluded_conditional,absent,accept_conditional_contract
rarity_diagnostic,2097152,16000000,0.0025,0.25,0.001,0.000010,,,,,,,5.69726738902e-1,fixed_U_class_excluded_conditional,absent,accept_conditional_contract
rarity_diagnostic,2097152,16000000,0.0025,0.25,0.01,0.000001,,,,,,,5.69726738902e-1,fixed_U_class_excluded_conditional,absent,accept_conditional_contract
rarity_diagnostic,2097152,16000000,0.0025,0.25,0.01,0.000003,,,,,,,5.69726738902e-1,fixed_U_class_excluded_conditional,absent,accept_conditional_contract
rarity_diagnostic,2097152,16000000,0.0025,0.25,0.01,0.000010,,,,,,,5.69726738902e-1,fixed_U_class_excluded_conditional,absent,accept_conditional_contract
rarity_diagnostic,2097152,16000000,0.0025,0.25,0.1,0.000001,,,,,,,5.69726738902e-1,fixed_U_class_excluded_conditional,absent,accept_conditional_contract
rarity_diagnostic,2097152,16000000,0.0025,0.25,0.1,0.000003,,,,,,,5.69726738902e-1,fixed_U_class_excluded_conditional,absent,accept_conditional_contract
rarity_diagnostic,2097152,16000000,0.0025,0.25,0.1,0.000010,,,,,,,5.69726738902e-1,fixed_U_class_excluded_conditional,absent,accept_conditional_contract
rarity_diagnostic,2097152,16000000,0.0025,0.5,0.001,0.000001,,,,,,,5.69726738902e-1,fixed_U_class_excluded_conditional,absent,accept_conditional_contract
rarity_diagnostic,2097152,16000000,0.0025,0.5,0.001,0.000003,,,,,,,5.69726738902e-1,fixed_U_class_excluded_conditional,absent,accept_conditional_contract
rarity_diagnostic,2097152,16000000,0.0025,0.5,0.001,0.000010,,,,,,,5.69726738902e-1,fixed_U_class_excluded_conditional,absent,accept_conditional_contract
rarity_diagnostic,2097152,16000000,0.0025,0.5,0.01,0.000001,,,,,,,5.69726738902e-1,fixed_U_class_excluded_conditional,absent,accept_conditional_contract
rarity_diagnostic,2097152,16000000,0.0025,0.5,0.01,0.000003,,,,,,,5.69726738902e-1,fixed_U_class_excluded_conditional,absent,accept_conditional_contract
rarity_diagnostic,2097152,16000000,0.0025,0.5,0.01,0.000010,,,,,,,5.69726738902e-1,fixed_U_class_excluded_conditional,absent,accept_conditional_contract
rarity_diagnostic,2097152,16000000,0.0025,0.5,0.1,0.000001,,,,,,,5.69726738902e-1,fixed_U_class_excluded_conditional,absent,accept_conditional_contract
rarity_diagnostic,2097152,16000000,0.0025,0.5,0.1,0.000003,,,,,,,5.69726738902e-1,fixed_U_class_excluded_conditional,absent,accept_conditional_contract
rarity_diagnostic,2097152,16000000,0.0025,0.5,0.1,0.000010,,,,,,,5.69726738902e-1,fixed_U_class_excluded_conditional,absent,accept_conditional_contract
historical_moments,2097152,16000000,0.01,0.05,0.001,0.000001,,,,,,,,mandatory_U_block_exclusion_conditional,absent,accept_conditional_contract
historical_moments,2097152,16000000,0.01,0.05,0.001,0.000003,,,,,,,,unresolved_no_certificate,absent,accept_conditional_contract
historical_moments,2097152,16000000,0.01,0.05,0.001,0.000010,,,,,,,,unresolved_no_certificate,absent,accept_conditional_contract
historical_moments,2097152,16000000,0.01,0.05,0.01,0.000001,,,,,,,,mandatory_U_block_exclusion_conditional,absent,accept_conditional_contract
historical_moments,2097152,16000000,0.01,0.05,0.01,0.000003,,,,,,,,unresolved_no_certificate,absent,accept_conditional_contract
historical_moments,2097152,16000000,0.01,0.05,0.01,0.000010,,,,,,,,unresolved_no_certificate,absent,accept_conditional_contract
historical_moments,2097152,16000000,0.01,0.05,0.1,0.000001,,,,,,,,mandatory_U_block_exclusion_conditional,absent,accept_conditional_contract
historical_moments,2097152,16000000,0.01,0.05,0.1,0.000003,,,,,,,,unresolved_no_certificate,absent,accept_conditional_contract
historical_moments,2097152,16000000,0.01,0.05,0.1,0.000010,,,,,,,,unresolved_no_certificate,absent,accept_conditional_contract
historical_moments,2097152,16000000,0.01,0.25,0.001,0.000001,,,,,,,,mandatory_U_block_exclusion_conditional,absent,accept_conditional_contract
historical_moments,2097152,16000000,0.01,0.25,0.001,0.000003,,,,,,,,unresolved_no_certificate,absent,accept_conditional_contract
historical_moments,2097152,16000000,0.01,0.25,0.001,0.000010,,,,,,,,unresolved_no_certificate,absent,accept_conditional_contract
historical_moments,2097152,16000000,0.01,0.25,0.01,0.000001,,,,,,,,mandatory_U_block_exclusion_conditional,absent,accept_conditional_contract
historical_moments,2097152,16000000,0.01,0.25,0.01,0.000003,,,,,,,,unresolved_no_certificate,absent,accept_conditional_contract
historical_moments,2097152,16000000,0.01,0.25,0.01,0.000010,,,,,,,,unresolved_no_certificate,absent,accept_conditional_contract
historical_moments,2097152,16000000,0.01,0.25,0.1,0.000001,,,,,,,,mandatory_U_block_exclusion_conditional,absent,accept_conditional_contract
historical_moments,2097152,16000000,0.01,0.25,0.1,0.000003,,,,,,,,unresolved_no_certificate,absent,accept_conditional_contract
historical_moments,2097152,16000000,0.01,0.25,0.1,0.000010,,,,,,,,unresolved_no_certificate,absent,accept_conditional_contract
historical_moments,2097152,16000000,0.01,0.5,0.001,0.000001,,,,,,,,mandatory_U_block_exclusion_conditional,absent,accept_conditional_contract
historical_moments,2097152,16000000,0.01,0.5,0.001,0.000003,,,,,,,,unresolved_no_certificate,absent,accept_conditional_contract
historical_moments,2097152,16000000,0.01,0.5,0.001,0.000010,,,,,,,,unresolved_no_certificate,absent,accept_conditional_contract
historical_moments,2097152,16000000,0.01,0.5,0.01,0.000001,,,,,,,,mandatory_U_block_exclusion_conditional,absent,accept_conditional_contract
historical_moments,2097152,16000000,0.01,0.5,0.01,0.000003,,,,,,,,unresolved_no_certificate,absent,accept_conditional_contract
historical_moments,2097152,16000000,0.01,0.5,0.01,0.000010,,,,,,,,unresolved_no_certificate,absent,accept_conditional_contract
historical_moments,2097152,16000000,0.01,0.5,0.1,0.000001,,,,,,,,mandatory_U_block_exclusion_conditional,absent,accept_conditional_contract
historical_moments,2097152,16000000,0.01,0.5,0.1,0.000003,,,,,,,,unresolved_no_certificate,absent,accept_conditional_contract
historical_moments,2097152,16000000,0.01,0.5,0.1,0.000010,,,,,,,,unresolved_no_certificate,absent,accept_conditional_contract
rarity_diagnostic,2097152,16000000,0.01,0.05,0.001,0.000001,,,,,,,1.92416955314e-1,fixed_U_class_excluded_conditional,absent,accept_conditional_contract
rarity_diagnostic,2097152,16000000,0.01,0.05,0.001,0.000003,,,,,,,1.92416955314e-1,fixed_U_class_excluded_conditional,absent,accept_conditional_contract
rarity_diagnostic,2097152,16000000,0.01,0.05,0.001,0.000010,,,,,,,1.92416955314e-1,fixed_U_class_excluded_conditional,absent,accept_conditional_contract
rarity_diagnostic,2097152,16000000,0.01,0.05,0.01,0.000001,,,,,,,1.92416955314e-1,fixed_U_class_excluded_conditional,absent,accept_conditional_contract
rarity_diagnostic,2097152,16000000,0.01,0.05,0.01,0.000003,,,,,,,1.92416955314e-1,fixed_U_class_excluded_conditional,absent,accept_conditional_contract
rarity_diagnostic,2097152,16000000,0.01,0.05,0.01,0.000010,,,,,,,1.92416955314e-1,fixed_U_class_excluded_conditional,absent,accept_conditional_contract
rarity_diagnostic,2097152,16000000,0.01,0.05,0.1,0.000001,,,,,,,1.92416955314e-1,fixed_U_class_excluded_conditional,absent,accept_conditional_contract
rarity_diagnostic,2097152,16000000,0.01,0.05,0.1,0.000003,,,,,,,1.92416955314e-1,fixed_U_class_excluded_conditional,absent,accept_conditional_contract
rarity_diagnostic,2097152,16000000,0.01,0.05,0.1,0.000010,,,,,,,1.92416955314e-1,fixed_U_class_excluded_conditional,absent,accept_conditional_contract
rarity_diagnostic,2097152,16000000,0.01,0.25,0.001,0.000001,,,,,,,1.92416955314e-1,fixed_U_class_excluded_conditional,absent,accept_conditional_contract
rarity_diagnostic,2097152,16000000,0.01,0.25,0.001,0.000003,,,,,,,1.92416955314e-1,fixed_U_class_excluded_conditional,absent,accept_conditional_contract
rarity_diagnostic,2097152,16000000,0.01,0.25,0.001,0.000010,,,,,,,1.92416955314e-1,fixed_U_class_excluded_conditional,absent,accept_conditional_contract
rarity_diagnostic,2097152,16000000,0.01,0.25,0.01,0.000001,,,,,,,1.92416955314e-1,fixed_U_class_excluded_conditional,absent,accept_conditional_contract
rarity_diagnostic,2097152,16000000,0.01,0.25,0.01,0.000003,,,,,,,1.92416955314e-1,fixed_U_class_excluded_conditional,absent,accept_conditional_contract
rarity_diagnostic,2097152,16000000,0.01,0.25,0.01,0.000010,,,,,,,1.92416955314e-1,fixed_U_class_excluded_conditional,absent,accept_conditional_contract
rarity_diagnostic,2097152,16000000,0.01,0.25,0.1,0.000001,,,,,,,1.92416955314e-1,fixed_U_class_excluded_conditional,absent,accept_conditional_contract
rarity_diagnostic,2097152,16000000,0.01,0.25,0.1,0.000003,,,,,,,1.92416955314e-1,fixed_U_class_excluded_conditional,absent,accept_conditional_contract
rarity_diagnostic,2097152,16000000,0.01,0.25,0.1,0.000010,,,,,,,1.92416955314e-1,fixed_U_class_excluded_conditional,absent,accept_conditional_contract
rarity_diagnostic,2097152,16000000,0.01,0.5,0.001,0.000001,,,,,,,1.92416955314e-1,fixed_U_class_excluded_conditional,absent,accept_conditional_contract
rarity_diagnostic,2097152,16000000,0.01,0.5,0.001,0.000003,,,,,,,1.92416955314e-1,fixed_U_class_excluded_conditional,absent,accept_conditional_contract
rarity_diagnostic,2097152,16000000,0.01,0.5,0.001,0.000010,,,,,,,1.92416955314e-1,fixed_U_class_excluded_conditional,absent,accept_conditional_contract
rarity_diagnostic,2097152,16000000,0.01,0.5,0.01,0.000001,,,,,,,1.92416955314e-1,fixed_U_class_excluded_conditional,absent,accept_conditional_contract
rarity_diagnostic,2097152,16000000,0.01,0.5,0.01,0.000003,,,,,,,1.92416955314e-1,fixed_U_class_excluded_conditional,absent,accept_conditional_contract
rarity_diagnostic,2097152,16000000,0.01,0.5,0.01,0.000010,,,,,,,1.92416955314e-1,fixed_U_class_excluded_conditional,absent,accept_conditional_contract
rarity_diagnostic,2097152,16000000,0.01,0.5,0.1,0.000001,,,,,,,1.92416955314e-1,fixed_U_class_excluded_conditional,absent,accept_conditional_contract
rarity_diagnostic,2097152,16000000,0.01,0.5,0.1,0.000003,,,,,,,1.92416955314e-1,fixed_U_class_excluded_conditional,absent,accept_conditional_contract
rarity_diagnostic,2097152,16000000,0.01,0.5,0.1,0.000010,,,,,,,1.92416955314e-1,fixed_U_class_excluded_conditional,absent,accept_conditional_contract
historical_moments,2097152,64000000,0.001,0.05,0.001,0.000001,,,,,,,,unresolved_no_certificate,absent,accept_conditional_contract
historical_moments,2097152,64000000,0.001,0.05,0.001,0.000003,,,,,,,,unresolved_no_certificate,absent,accept_conditional_contract
historical_moments,2097152,64000000,0.001,0.05,0.001,0.000010,,,,,,,,unresolved_no_certificate,absent,accept_conditional_contract
historical_moments,2097152,64000000,0.001,0.05,0.01,0.000001,,,,,,,,unresolved_no_certificate,absent,accept_conditional_contract
historical_moments,2097152,64000000,0.001,0.05,0.01,0.000003,,,,,,,,unresolved_no_certificate,absent,accept_conditional_contract
historical_moments,2097152,64000000,0.001,0.05,0.01,0.000010,,,,,,,,unresolved_no_certificate,absent,accept_conditional_contract
historical_moments,2097152,64000000,0.001,0.05,0.1,0.000001,,,,,,,,unresolved_no_certificate,absent,accept_conditional_contract
historical_moments,2097152,64000000,0.001,0.05,0.1,0.000003,,,,,,,,unresolved_no_certificate,absent,accept_conditional_contract
historical_moments,2097152,64000000,0.001,0.05,0.1,0.000010,,,,,,,,unresolved_no_certificate,absent,accept_conditional_contract
historical_moments,2097152,64000000,0.001,0.25,0.001,0.000001,,,,,,,,unresolved_no_certificate,absent,accept_conditional_contract
historical_moments,2097152,64000000,0.001,0.25,0.001,0.000003,,,,,,,,unresolved_no_certificate,absent,accept_conditional_contract
historical_moments,2097152,64000000,0.001,0.25,0.001,0.000010,,,,,,,,unresolved_no_certificate,absent,accept_conditional_contract
historical_moments,2097152,64000000,0.001,0.25,0.01,0.000001,,,,,,,,unresolved_no_certificate,absent,accept_conditional_contract
historical_moments,2097152,64000000,0.001,0.25,0.01,0.000003,,,,,,,,unresolved_no_certificate,absent,accept_conditional_contract
historical_moments,2097152,64000000,0.001,0.25,0.01,0.000010,,,,,,,,unresolved_no_certificate,absent,accept_conditional_contract
historical_moments,2097152,64000000,0.001,0.25,0.1,0.000001,,,,,,,,unresolved_no_certificate,absent,accept_conditional_contract
historical_moments,2097152,64000000,0.001,0.25,0.1,0.000003,,,,,,,,unresolved_no_certificate,absent,accept_conditional_contract
historical_moments,2097152,64000000,0.001,0.25,0.1,0.000010,,,,,,,,unresolved_no_certificate,absent,accept_conditional_contract
historical_moments,2097152,64000000,0.001,0.5,0.001,0.000001,,,,,,,,unresolved_no_certificate,absent,accept_conditional_contract
historical_moments,2097152,64000000,0.001,0.5,0.001,0.000003,,,,,,,,unresolved_no_certificate,absent,accept_conditional_contract
historical_moments,2097152,64000000,0.001,0.5,0.001,0.000010,,,,,,,,unresolved_no_certificate,absent,accept_conditional_contract
historical_moments,2097152,64000000,0.001,0.5,0.01,0.000001,,,,,,,,unresolved_no_certificate,absent,accept_conditional_contract
historical_moments,2097152,64000000,0.001,0.5,0.01,0.000003,,,,,,,,unresolved_no_certificate,absent,accept_conditional_contract
historical_moments,2097152,64000000,0.001,0.5,0.01,0.000010,,,,,,,,unresolved_no_certificate,absent,accept_conditional_contract
historical_moments,2097152,64000000,0.001,0.5,0.1,0.000001,,,,,,,,unresolved_no_certificate,absent,accept_conditional_contract
historical_moments,2097152,64000000,0.001,0.5,0.1,0.000003,,,,,,,,unresolved_no_certificate,absent,accept_conditional_contract
historical_moments,2097152,64000000,0.001,0.5,0.1,0.000010,,,,,,,,unresolved_no_certificate,absent,accept_conditional_contract
rarity_diagnostic,2097152,64000000,0.001,0.05,0.001,0.000001,,,,,,,4.11780150844e-1,fixed_U_class_excluded_conditional,absent,accept_conditional_contract
rarity_diagnostic,2097152,64000000,0.001,0.05,0.001,0.000003,,,,,,,4.11780150844e-1,fixed_U_class_excluded_conditional,absent,accept_conditional_contract
rarity_diagnostic,2097152,64000000,0.001,0.05,0.001,0.000010,,,,,,,4.11780150844e-1,fixed_U_class_excluded_conditional,absent,accept_conditional_contract
rarity_diagnostic,2097152,64000000,0.001,0.05,0.01,0.000001,,,,,,,4.11780150844e-1,fixed_U_class_excluded_conditional,absent,accept_conditional_contract
rarity_diagnostic,2097152,64000000,0.001,0.05,0.01,0.000003,,,,,,,4.11780150844e-1,fixed_U_class_excluded_conditional,absent,accept_conditional_contract
rarity_diagnostic,2097152,64000000,0.001,0.05,0.01,0.000010,,,,,,,4.11780150844e-1,fixed_U_class_excluded_conditional,absent,accept_conditional_contract
rarity_diagnostic,2097152,64000000,0.001,0.05,0.1,0.000001,,,,,,,4.11780150844e-1,fixed_U_class_excluded_conditional,absent,accept_conditional_contract
rarity_diagnostic,2097152,64000000,0.001,0.05,0.1,0.000003,,,,,,,4.11780150844e-1,fixed_U_class_excluded_conditional,absent,accept_conditional_contract
rarity_diagnostic,2097152,64000000,0.001,0.05,0.1,0.000010,,,,,,,4.11780150844e-1,fixed_U_class_excluded_conditional,absent,accept_conditional_contract
rarity_diagnostic,2097152,64000000,0.001,0.25,0.001,0.000001,,,,,,,4.11780150844e-1,fixed_U_class_excluded_conditional,absent,accept_conditional_contract
rarity_diagnostic,2097152,64000000,0.001,0.25,0.001,0.000003,,,,,,,4.11780150844e-1,fixed_U_class_excluded_conditional,absent,accept_conditional_contract
rarity_diagnostic,2097152,64000000,0.001,0.25,0.001,0.000010,,,,,,,4.11780150844e-1,fixed_U_class_excluded_conditional,absent,accept_conditional_contract
rarity_diagnostic,2097152,64000000,0.001,0.25,0.01,0.000001,,,,,,,4.11780150844e-1,fixed_U_class_excluded_conditional,absent,accept_conditional_contract
rarity_diagnostic,2097152,64000000,0.001,0.25,0.01,0.000003,,,,,,,4.11780150844e-1,fixed_U_class_excluded_conditional,absent,accept_conditional_contract
rarity_diagnostic,2097152,64000000,0.001,0.25,0.01,0.000010,,,,,,,4.11780150844e-1,fixed_U_class_excluded_conditional,absent,accept_conditional_contract
rarity_diagnostic,2097152,64000000,0.001,0.25,0.1,0.000001,,,,,,,4.11780150844e-1,fixed_U_class_excluded_conditional,absent,accept_conditional_contract
rarity_diagnostic,2097152,64000000,0.001,0.25,0.1,0.000003,,,,,,,4.11780150844e-1,fixed_U_class_excluded_conditional,absent,accept_conditional_contract
rarity_diagnostic,2097152,64000000,0.001,0.25,0.1,0.000010,,,,,,,4.11780150844e-1,fixed_U_class_excluded_conditional,absent,accept_conditional_contract
rarity_diagnostic,2097152,64000000,0.001,0.5,0.001,0.000001,,,,,,,4.11780150844e-1,fixed_U_class_excluded_conditional,absent,accept_conditional_contract
rarity_diagnostic,2097152,64000000,0.001,0.5,0.001,0.000003,,,,,,,4.11780150844e-1,fixed_U_class_excluded_conditional,absent,accept_conditional_contract
rarity_diagnostic,2097152,64000000,0.001,0.5,0.001,0.000010,,,,,,,4.11780150844e-1,fixed_U_class_excluded_conditional,absent,accept_conditional_contract
rarity_diagnostic,2097152,64000000,0.001,0.5,0.01,0.000001,,,,,,,4.11780150844e-1,fixed_U_class_excluded_conditional,absent,accept_conditional_contract
rarity_diagnostic,2097152,64000000,0.001,0.5,0.01,0.000003,,,,,,,4.11780150844e-1,fixed_U_class_excluded_conditional,absent,accept_conditional_contract
rarity_diagnostic,2097152,64000000,0.001,0.5,0.01,0.000010,,,,,,,4.11780150844e-1,fixed_U_class_excluded_conditional,absent,accept_conditional_contract
rarity_diagnostic,2097152,64000000,0.001,0.5,0.1,0.000001,,,,,,,4.11780150844e-1,fixed_U_class_excluded_conditional,absent,accept_conditional_contract
rarity_diagnostic,2097152,64000000,0.001,0.5,0.1,0.000003,,,,,,,4.11780150844e-1,fixed_U_class_excluded_conditional,absent,accept_conditional_contract
rarity_diagnostic,2097152,64000000,0.001,0.5,0.1,0.000010,,,,,,,4.11780150844e-1,fixed_U_class_excluded_conditional,absent,accept_conditional_contract
historical_moments,2097152,64000000,0.0025,0.05,0.001,0.000001,,,,,,,,unresolved_no_certificate,absent,accept_conditional_contract
historical_moments,2097152,64000000,0.0025,0.05,0.001,0.000003,,,,,,,,unresolved_no_certificate,absent,accept_conditional_contract
historical_moments,2097152,64000000,0.0025,0.05,0.001,0.000010,,,,,,,,unresolved_no_certificate,absent,accept_conditional_contract
historical_moments,2097152,64000000,0.0025,0.05,0.01,0.000001,,,,,,,,unresolved_no_certificate,absent,accept_conditional_contract
historical_moments,2097152,64000000,0.0025,0.05,0.01,0.000003,,,,,,,,unresolved_no_certificate,absent,accept_conditional_contract
historical_moments,2097152,64000000,0.0025,0.05,0.01,0.000010,,,,,,,,unresolved_no_certificate,absent,accept_conditional_contract
historical_moments,2097152,64000000,0.0025,0.05,0.1,0.000001,,,,,,,,unresolved_no_certificate,absent,accept_conditional_contract
historical_moments,2097152,64000000,0.0025,0.05,0.1,0.000003,,,,,,,,unresolved_no_certificate,absent,accept_conditional_contract
historical_moments,2097152,64000000,0.0025,0.05,0.1,0.000010,,,,,,,,unresolved_no_certificate,absent,accept_conditional_contract
historical_moments,2097152,64000000,0.0025,0.25,0.001,0.000001,,,,,,,,unresolved_no_certificate,absent,accept_conditional_contract
historical_moments,2097152,64000000,0.0025,0.25,0.001,0.000003,,,,,,,,unresolved_no_certificate,absent,accept_conditional_contract
historical_moments,2097152,64000000,0.0025,0.25,0.001,0.000010,,,,,,,,unresolved_no_certificate,absent,accept_conditional_contract
historical_moments,2097152,64000000,0.0025,0.25,0.01,0.000001,,,,,,,,unresolved_no_certificate,absent,accept_conditional_contract
historical_moments,2097152,64000000,0.0025,0.25,0.01,0.000003,,,,,,,,unresolved_no_certificate,absent,accept_conditional_contract
historical_moments,2097152,64000000,0.0025,0.25,0.01,0.000010,,,,,,,,unresolved_no_certificate,absent,accept_conditional_contract
historical_moments,2097152,64000000,0.0025,0.25,0.1,0.000001,,,,,,,,unresolved_no_certificate,absent,accept_conditional_contract
historical_moments,2097152,64000000,0.0025,0.25,0.1,0.000003,,,,,,,,unresolved_no_certificate,absent,accept_conditional_contract
historical_moments,2097152,64000000,0.0025,0.25,0.1,0.000010,,,,,,,,unresolved_no_certificate,absent,accept_conditional_contract
historical_moments,2097152,64000000,0.0025,0.5,0.001,0.000001,,,,,,,,unresolved_no_certificate,absent,accept_conditional_contract
historical_moments,2097152,64000000,0.0025,0.5,0.001,0.000003,,,,,,,,unresolved_no_certificate,absent,accept_conditional_contract
historical_moments,2097152,64000000,0.0025,0.5,0.001,0.000010,,,,,,,,unresolved_no_certificate,absent,accept_conditional_contract
historical_moments,2097152,64000000,0.0025,0.5,0.01,0.000001,,,,,,,,unresolved_no_certificate,absent,accept_conditional_contract
historical_moments,2097152,64000000,0.0025,0.5,0.01,0.000003,,,,,,,,unresolved_no_certificate,absent,accept_conditional_contract
historical_moments,2097152,64000000,0.0025,0.5,0.01,0.000010,,,,,,,,unresolved_no_certificate,absent,accept_conditional_contract
historical_moments,2097152,64000000,0.0025,0.5,0.1,0.000001,,,,,,,,unresolved_no_certificate,absent,accept_conditional_contract
historical_moments,2097152,64000000,0.0025,0.5,0.1,0.000003,,,,,,,,unresolved_no_certificate,absent,accept_conditional_contract
historical_moments,2097152,64000000,0.0025,0.5,0.1,0.000010,,,,,,,,unresolved_no_certificate,absent,accept_conditional_contract
rarity_diagnostic,2097152,64000000,0.0025,0.05,0.001,0.000001,,,,,,,1.92416956556e-1,fixed_U_class_excluded_conditional,absent,accept_conditional_contract
rarity_diagnostic,2097152,64000000,0.0025,0.05,0.001,0.000003,,,,,,,1.92416956556e-1,fixed_U_class_excluded_conditional,absent,accept_conditional_contract
rarity_diagnostic,2097152,64000000,0.0025,0.05,0.001,0.000010,,,,,,,1.92416956556e-1,fixed_U_class_excluded_conditional,absent,accept_conditional_contract
rarity_diagnostic,2097152,64000000,0.0025,0.05,0.01,0.000001,,,,,,,1.92416956556e-1,fixed_U_class_excluded_conditional,absent,accept_conditional_contract
rarity_diagnostic,2097152,64000000,0.0025,0.05,0.01,0.000003,,,,,,,1.92416956556e-1,fixed_U_class_excluded_conditional,absent,accept_conditional_contract
rarity_diagnostic,2097152,64000000,0.0025,0.05,0.01,0.000010,,,,,,,1.92416956556e-1,fixed_U_class_excluded_conditional,absent,accept_conditional_contract
rarity_diagnostic,2097152,64000000,0.0025,0.05,0.1,0.000001,,,,,,,1.92416956556e-1,fixed_U_class_excluded_conditional,absent,accept_conditional_contract
rarity_diagnostic,2097152,64000000,0.0025,0.05,0.1,0.000003,,,,,,,1.92416956556e-1,fixed_U_class_excluded_conditional,absent,accept_conditional_contract
rarity_diagnostic,2097152,64000000,0.0025,0.05,0.1,0.000010,,,,,,,1.92416956556e-1,fixed_U_class_excluded_conditional,absent,accept_conditional_contract
rarity_diagnostic,2097152,64000000,0.0025,0.25,0.001,0.000001,,,,,,,1.92416956556e-1,fixed_U_class_excluded_conditional,absent,accept_conditional_contract
rarity_diagnostic,2097152,64000000,0.0025,0.25,0.001,0.000003,,,,,,,1.92416956556e-1,fixed_U_class_excluded_conditional,absent,accept_conditional_contract
rarity_diagnostic,2097152,64000000,0.0025,0.25,0.001,0.000010,,,,,,,1.92416956556e-1,fixed_U_class_excluded_conditional,absent,accept_conditional_contract
rarity_diagnostic,2097152,64000000,0.0025,0.25,0.01,0.000001,,,,,,,1.92416956556e-1,fixed_U_class_excluded_conditional,absent,accept_conditional_contract
rarity_diagnostic,2097152,64000000,0.0025,0.25,0.01,0.000003,,,,,,,1.92416956556e-1,fixed_U_class_excluded_conditional,absent,accept_conditional_contract
rarity_diagnostic,2097152,64000000,0.0025,0.25,0.01,0.000010,,,,,,,1.92416956556e-1,fixed_U_class_excluded_conditional,absent,accept_conditional_contract
rarity_diagnostic,2097152,64000000,0.0025,0.25,0.1,0.000001,,,,,,,1.92416956556e-1,fixed_U_class_excluded_conditional,absent,accept_conditional_contract
rarity_diagnostic,2097152,64000000,0.0025,0.25,0.1,0.000003,,,,,,,1.92416956556e-1,fixed_U_class_excluded_conditional,absent,accept_conditional_contract
rarity_diagnostic,2097152,64000000,0.0025,0.25,0.1,0.000010,,,,,,,1.92416956556e-1,fixed_U_class_excluded_conditional,absent,accept_conditional_contract
rarity_diagnostic,2097152,64000000,0.0025,0.5,0.001,0.000001,,,,,,,1.92416956556e-1,fixed_U_class_excluded_conditional,absent,accept_conditional_contract
rarity_diagnostic,2097152,64000000,0.0025,0.5,0.001,0.000003,,,,,,,1.92416956556e-1,fixed_U_class_excluded_conditional,absent,accept_conditional_contract
rarity_diagnostic,2097152,64000000,0.0025,0.5,0.001,0.000010,,,,,,,1.92416956556e-1,fixed_U_class_excluded_conditional,absent,accept_conditional_contract
rarity_diagnostic,2097152,64000000,0.0025,0.5,0.01,0.000001,,,,,,,1.92416956556e-1,fixed_U_class_excluded_conditional,absent,accept_conditional_contract
rarity_diagnostic,2097152,64000000,0.0025,0.5,0.01,0.000003,,,,,,,1.92416956556e-1,fixed_U_class_excluded_conditional,absent,accept_conditional_contract
rarity_diagnostic,2097152,64000000,0.0025,0.5,0.01,0.000010,,,,,,,1.92416956556e-1,fixed_U_class_excluded_conditional,absent,accept_conditional_contract
rarity_diagnostic,2097152,64000000,0.0025,0.5,0.1,0.000001,,,,,,,1.92416956556e-1,fixed_U_class_excluded_conditional,absent,accept_conditional_contract
rarity_diagnostic,2097152,64000000,0.0025,0.5,0.1,0.000003,,,,,,,1.92416956556e-1,fixed_U_class_excluded_conditional,absent,accept_conditional_contract
rarity_diagnostic,2097152,64000000,0.0025,0.5,0.1,0.000010,,,,,,,1.92416956556e-1,fixed_U_class_excluded_conditional,absent,accept_conditional_contract
historical_moments,2097152,64000000,0.01,0.05,0.001,0.000001,,,,,,,,unresolved_no_certificate,absent,accept_conditional_contract
historical_moments,2097152,64000000,0.01,0.05,0.001,0.000003,,,,,,,,unresolved_no_certificate,absent,accept_conditional_contract
historical_moments,2097152,64000000,0.01,0.05,0.001,0.000010,,,,,,,,unresolved_no_certificate,absent,accept_conditional_contract
historical_moments,2097152,64000000,0.01,0.05,0.01,0.000001,,,,,,,,unresolved_no_certificate,absent,accept_conditional_contract
historical_moments,2097152,64000000,0.01,0.05,0.01,0.000003,,,,,,,,unresolved_no_certificate,absent,accept_conditional_contract
historical_moments,2097152,64000000,0.01,0.05,0.01,0.000010,,,,,,,,unresolved_no_certificate,absent,accept_conditional_contract
historical_moments,2097152,64000000,0.01,0.05,0.1,0.000001,,,,,,,,unresolved_no_certificate,absent,accept_conditional_contract
historical_moments,2097152,64000000,0.01,0.05,0.1,0.000003,,,,,,,,unresolved_no_certificate,absent,accept_conditional_contract
historical_moments,2097152,64000000,0.01,0.05,0.1,0.000010,,,,,,,,unresolved_no_certificate,absent,accept_conditional_contract
historical_moments,2097152,64000000,0.01,0.25,0.001,0.000001,,,,,,,,unresolved_no_certificate,absent,accept_conditional_contract
historical_moments,2097152,64000000,0.01,0.25,0.001,0.000003,,,,,,,,unresolved_no_certificate,absent,accept_conditional_contract
historical_moments,2097152,64000000,0.01,0.25,0.001,0.000010,,,,,,,,unresolved_no_certificate,absent,accept_conditional_contract
historical_moments,2097152,64000000,0.01,0.25,0.01,0.000001,,,,,,,,unresolved_no_certificate,absent,accept_conditional_contract
historical_moments,2097152,64000000,0.01,0.25,0.01,0.000003,,,,,,,,unresolved_no_certificate,absent,accept_conditional_contract
historical_moments,2097152,64000000,0.01,0.25,0.01,0.000010,,,,,,,,unresolved_no_certificate,absent,accept_conditional_contract
historical_moments,2097152,64000000,0.01,0.25,0.1,0.000001,,,,,,,,unresolved_no_certificate,absent,accept_conditional_contract
historical_moments,2097152,64000000,0.01,0.25,0.1,0.000003,,,,,,,,unresolved_no_certificate,absent,accept_conditional_contract
historical_moments,2097152,64000000,0.01,0.25,0.1,0.000010,,,,,,,,unresolved_no_certificate,absent,accept_conditional_contract
historical_moments,2097152,64000000,0.01,0.5,0.001,0.000001,,,,,,,,unresolved_no_certificate,absent,accept_conditional_contract
historical_moments,2097152,64000000,0.01,0.5,0.001,0.000003,,,,,,,,unresolved_no_certificate,absent,accept_conditional_contract
historical_moments,2097152,64000000,0.01,0.5,0.001,0.000010,,,,,,,,unresolved_no_certificate,absent,accept_conditional_contract
historical_moments,2097152,64000000,0.01,0.5,0.01,0.000001,,,,,,,,unresolved_no_certificate,absent,accept_conditional_contract
historical_moments,2097152,64000000,0.01,0.5,0.01,0.000003,,,,,,,,unresolved_no_certificate,absent,accept_conditional_contract
historical_moments,2097152,64000000,0.01,0.5,0.01,0.000010,,,,,,,,unresolved_no_certificate,absent,accept_conditional_contract
historical_moments,2097152,64000000,0.01,0.5,0.1,0.000001,,,,,,,,unresolved_no_certificate,absent,accept_conditional_contract
historical_moments,2097152,64000000,0.01,0.5,0.1,0.000003,,,,,,,,unresolved_no_certificate,absent,accept_conditional_contract
historical_moments,2097152,64000000,0.01,0.5,0.1,0.000010,,,,,,,,unresolved_no_certificate,absent,accept_conditional_contract
rarity_diagnostic,2097152,64000000,0.01,0.05,0.001,0.000001,,,,,,,5.22562060436e-2,fixed_U_class_excluded_conditional,absent,accept_conditional_contract
rarity_diagnostic,2097152,64000000,0.01,0.05,0.001,0.000003,,,,,,,5.22562060436e-2,fixed_U_class_excluded_conditional,absent,accept_conditional_contract
rarity_diagnostic,2097152,64000000,0.01,0.05,0.001,0.000010,,,,,,,5.22562060436e-2,fixed_U_class_excluded_conditional,absent,accept_conditional_contract
rarity_diagnostic,2097152,64000000,0.01,0.05,0.01,0.000001,,,,,,,5.22562060436e-2,fixed_U_class_excluded_conditional,absent,accept_conditional_contract
rarity_diagnostic,2097152,64000000,0.01,0.05,0.01,0.000003,,,,,,,5.22562060436e-2,fixed_U_class_excluded_conditional,absent,accept_conditional_contract
rarity_diagnostic,2097152,64000000,0.01,0.05,0.01,0.000010,,,,,,,5.22562060436e-2,fixed_U_class_excluded_conditional,absent,accept_conditional_contract
rarity_diagnostic,2097152,64000000,0.01,0.05,0.1,0.000001,,,,,,,5.22562060436e-2,fixed_U_class_excluded_conditional,absent,accept_conditional_contract
rarity_diagnostic,2097152,64000000,0.01,0.05,0.1,0.000003,,,,,,,5.22562060436e-2,fixed_U_class_excluded_conditional,absent,accept_conditional_contract
rarity_diagnostic,2097152,64000000,0.01,0.05,0.1,0.000010,,,,,,,5.22562060436e-2,fixed_U_class_excluded_conditional,absent,accept_conditional_contract
rarity_diagnostic,2097152,64000000,0.01,0.25,0.001,0.000001,,,,,,,5.22562060436e-2,fixed_U_class_excluded_conditional,absent,accept_conditional_contract
rarity_diagnostic,2097152,64000000,0.01,0.25,0.001,0.000003,,,,,,,5.22562060436e-2,fixed_U_class_excluded_conditional,absent,accept_conditional_contract
rarity_diagnostic,2097152,64000000,0.01,0.25,0.001,0.000010,,,,,,,5.22562060436e-2,fixed_U_class_excluded_conditional,absent,accept_conditional_contract
rarity_diagnostic,2097152,64000000,0.01,0.25,0.01,0.000001,,,,,,,5.22562060436e-2,fixed_U_class_excluded_conditional,absent,accept_conditional_contract
rarity_diagnostic,2097152,64000000,0.01,0.25,0.01,0.000003,,,,,,,5.22562060436e-2,fixed_U_class_excluded_conditional,absent,accept_conditional_contract
rarity_diagnostic,2097152,64000000,0.01,0.25,0.01,0.000010,,,,,,,5.22562060436e-2,fixed_U_class_excluded_conditional,absent,accept_conditional_contract
rarity_diagnostic,2097152,64000000,0.01,0.25,0.1,0.000001,,,,,,,5.22562060436e-2,fixed_U_class_excluded_conditional,absent,accept_conditional_contract
rarity_diagnostic,2097152,64000000,0.01,0.25,0.1,0.000003,,,,,,,5.22562060436e-2,fixed_U_class_excluded_conditional,absent,accept_conditional_contract
rarity_diagnostic,2097152,64000000,0.01,0.25,0.1,0.000010,,,,,,,5.22562060436e-2,fixed_U_class_excluded_conditional,absent,accept_conditional_contract
rarity_diagnostic,2097152,64000000,0.01,0.5,0.001,0.000001,,,,,,,5.22562060436e-2,fixed_U_class_excluded_conditional,absent,accept_conditional_contract
rarity_diagnostic,2097152,64000000,0.01,0.5,0.001,0.000003,,,,,,,5.22562060436e-2,fixed_U_class_excluded_conditional,absent,accept_conditional_contract
rarity_diagnostic,2097152,64000000,0.01,0.5,0.001,0.000010,,,,,,,5.22562060436e-2,fixed_U_class_excluded_conditional,absent,accept_conditional_contract
rarity_diagnostic,2097152,64000000,0.01,0.5,0.01,0.000001,,,,,,,5.22562060436e-2,fixed_U_class_excluded_conditional,absent,accept_conditional_contract
rarity_diagnostic,2097152,64000000,0.01,0.5,0.01,0.000003,,,,,,,5.22562060436e-2,fixed_U_class_excluded_conditional,absent,accept_conditional_contract
rarity_diagnostic,2097152,64000000,0.01,0.5,0.01,0.000010,,,,,,,5.22562060436e-2,fixed_U_class_excluded_conditional,absent,accept_conditional_contract
rarity_diagnostic,2097152,64000000,0.01,0.5,0.1,0.000001,,,,,,,5.22562060436e-2,fixed_U_class_excluded_conditional,absent,accept_conditional_contract
rarity_diagnostic,2097152,64000000,0.01,0.5,0.1,0.000003,,,,,,,5.22562060436e-2,fixed_U_class_excluded_conditional,absent,accept_conditional_contract
rarity_diagnostic,2097152,64000000,0.01,0.5,0.1,0.000010,,,,,,,5.22562060436e-2,fixed_U_class_excluded_conditional,absent,accept_conditional_contract
historical_moments,2097152,256000000,0.001,0.05,0.001,0.000001,,,,,,,,unresolved_no_certificate,absent,accept_conditional_contract
historical_moments,2097152,256000000,0.001,0.05,0.001,0.000003,,,,,,,,unresolved_no_certificate,absent,accept_conditional_contract
historical_moments,2097152,256000000,0.001,0.05,0.001,0.000010,,,,,,,,unresolved_no_certificate,absent,accept_conditional_contract
historical_moments,2097152,256000000,0.001,0.05,0.01,0.000001,,,,,,,,unresolved_no_certificate,absent,accept_conditional_contract
historical_moments,2097152,256000000,0.001,0.05,0.01,0.000003,,,,,,,,unresolved_no_certificate,absent,accept_conditional_contract
historical_moments,2097152,256000000,0.001,0.05,0.01,0.000010,,,,,,,,unresolved_no_certificate,absent,accept_conditional_contract
historical_moments,2097152,256000000,0.001,0.05,0.1,0.000001,,,,,,,,unresolved_no_certificate,absent,accept_conditional_contract
historical_moments,2097152,256000000,0.001,0.05,0.1,0.000003,,,,,,,,unresolved_no_certificate,absent,accept_conditional_contract
historical_moments,2097152,256000000,0.001,0.05,0.1,0.000010,,,,,,,,unresolved_no_certificate,absent,accept_conditional_contract
historical_moments,2097152,256000000,0.001,0.25,0.001,0.000001,,,,,,,,unresolved_no_certificate,absent,accept_conditional_contract
historical_moments,2097152,256000000,0.001,0.25,0.001,0.000003,,,,,,,,unresolved_no_certificate,absent,accept_conditional_contract
historical_moments,2097152,256000000,0.001,0.25,0.001,0.000010,,,,,,,,unresolved_no_certificate,absent,accept_conditional_contract
historical_moments,2097152,256000000,0.001,0.25,0.01,0.000001,,,,,,,,unresolved_no_certificate,absent,accept_conditional_contract
historical_moments,2097152,256000000,0.001,0.25,0.01,0.000003,,,,,,,,unresolved_no_certificate,absent,accept_conditional_contract
historical_moments,2097152,256000000,0.001,0.25,0.01,0.000010,,,,,,,,unresolved_no_certificate,absent,accept_conditional_contract
historical_moments,2097152,256000000,0.001,0.25,0.1,0.000001,,,,,,,,unresolved_no_certificate,absent,accept_conditional_contract
historical_moments,2097152,256000000,0.001,0.25,0.1,0.000003,,,,,,,,unresolved_no_certificate,absent,accept_conditional_contract
historical_moments,2097152,256000000,0.001,0.25,0.1,0.000010,,,,,,,,unresolved_no_certificate,absent,accept_conditional_contract
historical_moments,2097152,256000000,0.001,0.5,0.001,0.000001,,,,,,,,unresolved_no_certificate,absent,accept_conditional_contract
historical_moments,2097152,256000000,0.001,0.5,0.001,0.000003,,,,,,,,unresolved_no_certificate,absent,accept_conditional_contract
historical_moments,2097152,256000000,0.001,0.5,0.001,0.000010,,,,,,,,unresolved_no_certificate,absent,accept_conditional_contract
historical_moments,2097152,256000000,0.001,0.5,0.01,0.000001,,,,,,,,unresolved_no_certificate,absent,accept_conditional_contract
historical_moments,2097152,256000000,0.001,0.5,0.01,0.000003,,,,,,,,unresolved_no_certificate,absent,accept_conditional_contract
historical_moments,2097152,256000000,0.001,0.5,0.01,0.000010,,,,,,,,unresolved_no_certificate,absent,accept_conditional_contract
historical_moments,2097152,256000000,0.001,0.5,0.1,0.000001,,,,,,,,unresolved_no_certificate,absent,accept_conditional_contract
historical_moments,2097152,256000000,0.001,0.5,0.1,0.000003,,,,,,,,unresolved_no_certificate,absent,accept_conditional_contract
historical_moments,2097152,256000000,0.001,0.5,0.1,0.000010,,,,,,,,unresolved_no_certificate,absent,accept_conditional_contract
rarity_diagnostic,2097152,256000000,0.001,0.05,0.001,0.000001,,,,,,,1.25231925175e-1,fixed_U_class_excluded_conditional,absent,accept_conditional_contract
rarity_diagnostic,2097152,256000000,0.001,0.05,0.001,0.000003,,,,,,,1.25231925175e-1,fixed_U_class_excluded_conditional,absent,accept_conditional_contract
rarity_diagnostic,2097152,256000000,0.001,0.05,0.001,0.000010,,,,,,,1.25231925175e-1,fixed_U_class_excluded_conditional,absent,accept_conditional_contract
rarity_diagnostic,2097152,256000000,0.001,0.05,0.01,0.000001,,,,,,,1.25231925175e-1,fixed_U_class_excluded_conditional,absent,accept_conditional_contract
rarity_diagnostic,2097152,256000000,0.001,0.05,0.01,0.000003,,,,,,,1.25231925175e-1,fixed_U_class_excluded_conditional,absent,accept_conditional_contract
rarity_diagnostic,2097152,256000000,0.001,0.05,0.01,0.000010,,,,,,,1.25231925175e-1,fixed_U_class_excluded_conditional,absent,accept_conditional_contract
rarity_diagnostic,2097152,256000000,0.001,0.05,0.1,0.000001,,,,,,,1.25231925175e-1,fixed_U_class_excluded_conditional,absent,accept_conditional_contract
rarity_diagnostic,2097152,256000000,0.001,0.05,0.1,0.000003,,,,,,,1.25231925175e-1,fixed_U_class_excluded_conditional,absent,accept_conditional_contract
rarity_diagnostic,2097152,256000000,0.001,0.05,0.1,0.000010,,,,,,,1.25231925175e-1,fixed_U_class_excluded_conditional,absent,accept_conditional_contract
rarity_diagnostic,2097152,256000000,0.001,0.25,0.001,0.000001,,,,,,,1.25231925175e-1,fixed_U_class_excluded_conditional,absent,accept_conditional_contract
rarity_diagnostic,2097152,256000000,0.001,0.25,0.001,0.000003,,,,,,,1.25231925175e-1,fixed_U_class_excluded_conditional,absent,accept_conditional_contract
rarity_diagnostic,2097152,256000000,0.001,0.25,0.001,0.000010,,,,,,,1.25231925175e-1,fixed_U_class_excluded_conditional,absent,accept_conditional_contract
rarity_diagnostic,2097152,256000000,0.001,0.25,0.01,0.000001,,,,,,,1.25231925175e-1,fixed_U_class_excluded_conditional,absent,accept_conditional_contract
rarity_diagnostic,2097152,256000000,0.001,0.25,0.01,0.000003,,,,,,,1.25231925175e-1,fixed_U_class_excluded_conditional,absent,accept_conditional_contract
rarity_diagnostic,2097152,256000000,0.001,0.25,0.01,0.000010,,,,,,,1.25231925175e-1,fixed_U_class_excluded_conditional,absent,accept_conditional_contract
rarity_diagnostic,2097152,256000000,0.001,0.25,0.1,0.000001,,,,,,,1.25231925175e-1,fixed_U_class_excluded_conditional,absent,accept_conditional_contract
rarity_diagnostic,2097152,256000000,0.001,0.25,0.1,0.000003,,,,,,,1.25231925175e-1,fixed_U_class_excluded_conditional,absent,accept_conditional_contract
rarity_diagnostic,2097152,256000000,0.001,0.25,0.1,0.000010,,,,,,,1.25231925175e-1,fixed_U_class_excluded_conditional,absent,accept_conditional_contract
rarity_diagnostic,2097152,256000000,0.001,0.5,0.001,0.000001,,,,,,,1.25231925175e-1,fixed_U_class_excluded_conditional,absent,accept_conditional_contract
rarity_diagnostic,2097152,256000000,0.001,0.5,0.001,0.000003,,,,,,,1.25231925175e-1,fixed_U_class_excluded_conditional,absent,accept_conditional_contract
rarity_diagnostic,2097152,256000000,0.001,0.5,0.001,0.000010,,,,,,,1.25231925175e-1,fixed_U_class_excluded_conditional,absent,accept_conditional_contract
rarity_diagnostic,2097152,256000000,0.001,0.5,0.01,0.000001,,,,,,,1.25231925175e-1,fixed_U_class_excluded_conditional,absent,accept_conditional_contract
rarity_diagnostic,2097152,256000000,0.001,0.5,0.01,0.000003,,,,,,,1.25231925175e-1,fixed_U_class_excluded_conditional,absent,accept_conditional_contract
rarity_diagnostic,2097152,256000000,0.001,0.5,0.01,0.000010,,,,,,,1.25231925175e-1,fixed_U_class_excluded_conditional,absent,accept_conditional_contract
rarity_diagnostic,2097152,256000000,0.001,0.5,0.1,0.000001,,,,,,,1.25231925175e-1,fixed_U_class_excluded_conditional,absent,accept_conditional_contract
rarity_diagnostic,2097152,256000000,0.001,0.5,0.1,0.000003,,,,,,,1.25231925175e-1,fixed_U_class_excluded_conditional,absent,accept_conditional_contract
rarity_diagnostic,2097152,256000000,0.001,0.5,0.1,0.000010,,,,,,,1.25231925175e-1,fixed_U_class_excluded_conditional,absent,accept_conditional_contract
historical_moments,2097152,256000000,0.0025,0.05,0.001,0.000001,,,,,,,,unresolved_no_certificate,absent,accept_conditional_contract
historical_moments,2097152,256000000,0.0025,0.05,0.001,0.000003,,,,,,,,unresolved_no_certificate,absent,accept_conditional_contract
historical_moments,2097152,256000000,0.0025,0.05,0.001,0.000010,,,,,,,,unresolved_no_certificate,absent,accept_conditional_contract
historical_moments,2097152,256000000,0.0025,0.05,0.01,0.000001,,,,,,,,unresolved_no_certificate,absent,accept_conditional_contract
historical_moments,2097152,256000000,0.0025,0.05,0.01,0.000003,,,,,,,,unresolved_no_certificate,absent,accept_conditional_contract
historical_moments,2097152,256000000,0.0025,0.05,0.01,0.000010,,,,,,,,unresolved_no_certificate,absent,accept_conditional_contract
historical_moments,2097152,256000000,0.0025,0.05,0.1,0.000001,,,,,,,,unresolved_no_certificate,absent,accept_conditional_contract
historical_moments,2097152,256000000,0.0025,0.05,0.1,0.000003,,,,,,,,unresolved_no_certificate,absent,accept_conditional_contract
historical_moments,2097152,256000000,0.0025,0.05,0.1,0.000010,,,,,,,,unresolved_no_certificate,absent,accept_conditional_contract
historical_moments,2097152,256000000,0.0025,0.25,0.001,0.000001,,,,,,,,unresolved_no_certificate,absent,accept_conditional_contract
historical_moments,2097152,256000000,0.0025,0.25,0.001,0.000003,,,,,,,,unresolved_no_certificate,absent,accept_conditional_contract
historical_moments,2097152,256000000,0.0025,0.25,0.001,0.000010,,,,,,,,unresolved_no_certificate,absent,accept_conditional_contract
historical_moments,2097152,256000000,0.0025,0.25,0.01,0.000001,,,,,,,,unresolved_no_certificate,absent,accept_conditional_contract
historical_moments,2097152,256000000,0.0025,0.25,0.01,0.000003,,,,,,,,unresolved_no_certificate,absent,accept_conditional_contract
historical_moments,2097152,256000000,0.0025,0.25,0.01,0.000010,,,,,,,,unresolved_no_certificate,absent,accept_conditional_contract
historical_moments,2097152,256000000,0.0025,0.25,0.1,0.000001,,,,,,,,unresolved_no_certificate,absent,accept_conditional_contract
historical_moments,2097152,256000000,0.0025,0.25,0.1,0.000003,,,,,,,,unresolved_no_certificate,absent,accept_conditional_contract
historical_moments,2097152,256000000,0.0025,0.25,0.1,0.000010,,,,,,,,unresolved_no_certificate,absent,accept_conditional_contract
historical_moments,2097152,256000000,0.0025,0.5,0.001,0.000001,,,,,,,,unresolved_no_certificate,absent,accept_conditional_contract
historical_moments,2097152,256000000,0.0025,0.5,0.001,0.000003,,,,,,,,unresolved_no_certificate,absent,accept_conditional_contract
historical_moments,2097152,256000000,0.0025,0.5,0.001,0.000010,,,,,,,,unresolved_no_certificate,absent,accept_conditional_contract
historical_moments,2097152,256000000,0.0025,0.5,0.01,0.000001,,,,,,,,unresolved_no_certificate,absent,accept_conditional_contract
historical_moments,2097152,256000000,0.0025,0.5,0.01,0.000003,,,,,,,,unresolved_no_certificate,absent,accept_conditional_contract
historical_moments,2097152,256000000,0.0025,0.5,0.01,0.000010,,,,,,,,unresolved_no_certificate,absent,accept_conditional_contract
historical_moments,2097152,256000000,0.0025,0.5,0.1,0.000001,,,,,,,,unresolved_no_certificate,absent,accept_conditional_contract
historical_moments,2097152,256000000,0.0025,0.5,0.1,0.000003,,,,,,,,unresolved_no_certificate,absent,accept_conditional_contract
historical_moments,2097152,256000000,0.0025,0.5,0.1,0.000010,,,,,,,,unresolved_no_certificate,absent,accept_conditional_contract
rarity_diagnostic,2097152,256000000,0.0025,0.05,0.001,0.000001,,,,,,,5.22562064081e-2,fixed_U_class_excluded_conditional,absent,accept_conditional_contract
rarity_diagnostic,2097152,256000000,0.0025,0.05,0.001,0.000003,,,,,,,5.22562064081e-2,fixed_U_class_excluded_conditional,absent,accept_conditional_contract
rarity_diagnostic,2097152,256000000,0.0025,0.05,0.001,0.000010,,,,,,,5.22562064081e-2,fixed_U_class_excluded_conditional,absent,accept_conditional_contract
rarity_diagnostic,2097152,256000000,0.0025,0.05,0.01,0.000001,,,,,,,5.22562064081e-2,fixed_U_class_excluded_conditional,absent,accept_conditional_contract
rarity_diagnostic,2097152,256000000,0.0025,0.05,0.01,0.000003,,,,,,,5.22562064081e-2,fixed_U_class_excluded_conditional,absent,accept_conditional_contract
rarity_diagnostic,2097152,256000000,0.0025,0.05,0.01,0.000010,,,,,,,5.22562064081e-2,fixed_U_class_excluded_conditional,absent,accept_conditional_contract
rarity_diagnostic,2097152,256000000,0.0025,0.05,0.1,0.000001,,,,,,,5.22562064081e-2,fixed_U_class_excluded_conditional,absent,accept_conditional_contract
rarity_diagnostic,2097152,256000000,0.0025,0.05,0.1,0.000003,,,,,,,5.22562064081e-2,fixed_U_class_excluded_conditional,absent,accept_conditional_contract
rarity_diagnostic,2097152,256000000,0.0025,0.05,0.1,0.000010,,,,,,,5.22562064081e-2,fixed_U_class_excluded_conditional,absent,accept_conditional_contract
rarity_diagnostic,2097152,256000000,0.0025,0.25,0.001,0.000001,,,,,,,5.22562064081e-2,fixed_U_class_excluded_conditional,absent,accept_conditional_contract
rarity_diagnostic,2097152,256000000,0.0025,0.25,0.001,0.000003,,,,,,,5.22562064081e-2,fixed_U_class_excluded_conditional,absent,accept_conditional_contract
rarity_diagnostic,2097152,256000000,0.0025,0.25,0.001,0.000010,,,,,,,5.22562064081e-2,fixed_U_class_excluded_conditional,absent,accept_conditional_contract
rarity_diagnostic,2097152,256000000,0.0025,0.25,0.01,0.000001,,,,,,,5.22562064081e-2,fixed_U_class_excluded_conditional,absent,accept_conditional_contract
rarity_diagnostic,2097152,256000000,0.0025,0.25,0.01,0.000003,,,,,,,5.22562064081e-2,fixed_U_class_excluded_conditional,absent,accept_conditional_contract
rarity_diagnostic,2097152,256000000,0.0025,0.25,0.01,0.000010,,,,,,,5.22562064081e-2,fixed_U_class_excluded_conditional,absent,accept_conditional_contract
rarity_diagnostic,2097152,256000000,0.0025,0.25,0.1,0.000001,,,,,,,5.22562064081e-2,fixed_U_class_excluded_conditional,absent,accept_conditional_contract
rarity_diagnostic,2097152,256000000,0.0025,0.25,0.1,0.000003,,,,,,,5.22562064081e-2,fixed_U_class_excluded_conditional,absent,accept_conditional_contract
rarity_diagnostic,2097152,256000000,0.0025,0.25,0.1,0.000010,,,,,,,5.22562064081e-2,fixed_U_class_excluded_conditional,absent,accept_conditional_contract
rarity_diagnostic,2097152,256000000,0.0025,0.5,0.001,0.000001,,,,,,,5.22562064081e-2,fixed_U_class_excluded_conditional,absent,accept_conditional_contract
rarity_diagnostic,2097152,256000000,0.0025,0.5,0.001,0.000003,,,,,,,5.22562064081e-2,fixed_U_class_excluded_conditional,absent,accept_conditional_contract
rarity_diagnostic,2097152,256000000,0.0025,0.5,0.001,0.000010,,,,,,,5.22562064081e-2,fixed_U_class_excluded_conditional,absent,accept_conditional_contract
rarity_diagnostic,2097152,256000000,0.0025,0.5,0.01,0.000001,,,,,,,5.22562064081e-2,fixed_U_class_excluded_conditional,absent,accept_conditional_contract
rarity_diagnostic,2097152,256000000,0.0025,0.5,0.01,0.000003,,,,,,,5.22562064081e-2,fixed_U_class_excluded_conditional,absent,accept_conditional_contract
rarity_diagnostic,2097152,256000000,0.0025,0.5,0.01,0.000010,,,,,,,5.22562064081e-2,fixed_U_class_excluded_conditional,absent,accept_conditional_contract
rarity_diagnostic,2097152,256000000,0.0025,0.5,0.1,0.000001,,,,,,,5.22562064081e-2,fixed_U_class_excluded_conditional,absent,accept_conditional_contract
rarity_diagnostic,2097152,256000000,0.0025,0.5,0.1,0.000003,,,,,,,5.22562064081e-2,fixed_U_class_excluded_conditional,absent,accept_conditional_contract
rarity_diagnostic,2097152,256000000,0.0025,0.5,0.1,0.000010,,,,,,,5.22562064081e-2,fixed_U_class_excluded_conditional,absent,accept_conditional_contract
historical_moments,2097152,256000000,0.01,0.05,0.001,0.000001,,,,,,,,unresolved_no_certificate,absent,accept_conditional_contract
historical_moments,2097152,256000000,0.01,0.05,0.001,0.000003,,,,,,,,unresolved_no_certificate,absent,accept_conditional_contract
historical_moments,2097152,256000000,0.01,0.05,0.001,0.000010,,,,,,,,unresolved_no_certificate,absent,accept_conditional_contract
historical_moments,2097152,256000000,0.01,0.05,0.01,0.000001,,,,,,,,unresolved_no_certificate,absent,accept_conditional_contract
historical_moments,2097152,256000000,0.01,0.05,0.01,0.000003,,,,,,,,unresolved_no_certificate,absent,accept_conditional_contract
historical_moments,2097152,256000000,0.01,0.05,0.01,0.000010,,,,,,,,unresolved_no_certificate,absent,accept_conditional_contract
historical_moments,2097152,256000000,0.01,0.05,0.1,0.000001,,,,,,,,unresolved_no_certificate,absent,accept_conditional_contract
historical_moments,2097152,256000000,0.01,0.05,0.1,0.000003,,,,,,,,unresolved_no_certificate,absent,accept_conditional_contract
historical_moments,2097152,256000000,0.01,0.05,0.1,0.000010,,,,,,,,unresolved_no_certificate,absent,accept_conditional_contract
historical_moments,2097152,256000000,0.01,0.25,0.001,0.000001,,,,,,,,unresolved_no_certificate,absent,accept_conditional_contract
historical_moments,2097152,256000000,0.01,0.25,0.001,0.000003,,,,,,,,unresolved_no_certificate,absent,accept_conditional_contract
historical_moments,2097152,256000000,0.01,0.25,0.001,0.000010,,,,,,,,unresolved_no_certificate,absent,accept_conditional_contract
historical_moments,2097152,256000000,0.01,0.25,0.01,0.000001,,,,,,,,unresolved_no_certificate,absent,accept_conditional_contract
historical_moments,2097152,256000000,0.01,0.25,0.01,0.000003,,,,,,,,unresolved_no_certificate,absent,accept_conditional_contract
historical_moments,2097152,256000000,0.01,0.25,0.01,0.000010,,,,,,,,unresolved_no_certificate,absent,accept_conditional_contract
historical_moments,2097152,256000000,0.01,0.25,0.1,0.000001,,,,,,,,unresolved_no_certificate,absent,accept_conditional_contract
historical_moments,2097152,256000000,0.01,0.25,0.1,0.000003,,,,,,,,unresolved_no_certificate,absent,accept_conditional_contract
historical_moments,2097152,256000000,0.01,0.25,0.1,0.000010,,,,,,,,unresolved_no_certificate,absent,accept_conditional_contract
historical_moments,2097152,256000000,0.01,0.5,0.001,0.000001,,,,,,,,unresolved_no_certificate,absent,accept_conditional_contract
historical_moments,2097152,256000000,0.01,0.5,0.001,0.000003,,,,,,,,unresolved_no_certificate,absent,accept_conditional_contract
historical_moments,2097152,256000000,0.01,0.5,0.001,0.000010,,,,,,,,unresolved_no_certificate,absent,accept_conditional_contract
historical_moments,2097152,256000000,0.01,0.5,0.01,0.000001,,,,,,,,unresolved_no_certificate,absent,accept_conditional_contract
historical_moments,2097152,256000000,0.01,0.5,0.01,0.000003,,,,,,,,unresolved_no_certificate,absent,accept_conditional_contract
historical_moments,2097152,256000000,0.01,0.5,0.01,0.000010,,,,,,,,unresolved_no_certificate,absent,accept_conditional_contract
historical_moments,2097152,256000000,0.01,0.5,0.1,0.000001,,,,,,,,unresolved_no_certificate,absent,accept_conditional_contract
historical_moments,2097152,256000000,0.01,0.5,0.1,0.000003,,,,,,,,unresolved_no_certificate,absent,accept_conditional_contract
historical_moments,2097152,256000000,0.01,0.5,0.1,0.000010,,,,,,,,unresolved_no_certificate,absent,accept_conditional_contract
rarity_diagnostic,2097152,256000000,0.01,0.05,0.001,0.000001,,,,,,,1.33470373858e-2,fixed_U_class_excluded_conditional,absent,accept_conditional_contract
rarity_diagnostic,2097152,256000000,0.01,0.05,0.001,0.000003,,,,,,,1.33470373858e-2,fixed_U_class_excluded_conditional,absent,accept_conditional_contract
rarity_diagnostic,2097152,256000000,0.01,0.05,0.001,0.000010,,,,,,,1.33470373858e-2,fixed_U_class_excluded_conditional,absent,accept_conditional_contract
rarity_diagnostic,2097152,256000000,0.01,0.05,0.01,0.000001,,,,,,,1.33470373858e-2,fixed_U_class_excluded_conditional,absent,accept_conditional_contract
rarity_diagnostic,2097152,256000000,0.01,0.05,0.01,0.000003,,,,,,,1.33470373858e-2,fixed_U_class_excluded_conditional,absent,accept_conditional_contract
rarity_diagnostic,2097152,256000000,0.01,0.05,0.01,0.000010,,,,,,,1.33470373858e-2,fixed_U_class_excluded_conditional,absent,accept_conditional_contract
rarity_diagnostic,2097152,256000000,0.01,0.05,0.1,0.000001,,,,,,,1.33470373858e-2,fixed_U_class_excluded_conditional,absent,accept_conditional_contract
rarity_diagnostic,2097152,256000000,0.01,0.05,0.1,0.000003,,,,,,,1.33470373858e-2,fixed_U_class_excluded_conditional,absent,accept_conditional_contract
rarity_diagnostic,2097152,256000000,0.01,0.05,0.1,0.000010,,,,,,,1.33470373858e-2,fixed_U_class_excluded_conditional,absent,accept_conditional_contract
rarity_diagnostic,2097152,256000000,0.01,0.25,0.001,0.000001,,,,,,,1.33470373858e-2,fixed_U_class_excluded_conditional,absent,accept_conditional_contract
rarity_diagnostic,2097152,256000000,0.01,0.25,0.001,0.000003,,,,,,,1.33470373858e-2,fixed_U_class_excluded_conditional,absent,accept_conditional_contract
rarity_diagnostic,2097152,256000000,0.01,0.25,0.001,0.000010,,,,,,,1.33470373858e-2,fixed_U_class_excluded_conditional,absent,accept_conditional_contract
rarity_diagnostic,2097152,256000000,0.01,0.25,0.01,0.000001,,,,,,,1.33470373858e-2,fixed_U_class_excluded_conditional,absent,accept_conditional_contract
rarity_diagnostic,2097152,256000000,0.01,0.25,0.01,0.000003,,,,,,,1.33470373858e-2,fixed_U_class_excluded_conditional,absent,accept_conditional_contract
rarity_diagnostic,2097152,256000000,0.01,0.25,0.01,0.000010,,,,,,,1.33470373858e-2,fixed_U_class_excluded_conditional,absent,accept_conditional_contract
rarity_diagnostic,2097152,256000000,0.01,0.25,0.1,0.000001,,,,,,,1.33470373858e-2,fixed_U_class_excluded_conditional,absent,accept_conditional_contract
rarity_diagnostic,2097152,256000000,0.01,0.25,0.1,0.000003,,,,,,,1.33470373858e-2,fixed_U_class_excluded_conditional,absent,accept_conditional_contract
rarity_diagnostic,2097152,256000000,0.01,0.25,0.1,0.000010,,,,,,,1.33470373858e-2,fixed_U_class_excluded_conditional,absent,accept_conditional_contract
rarity_diagnostic,2097152,256000000,0.01,0.5,0.001,0.000001,,,,,,,1.33470373858e-2,fixed_U_class_excluded_conditional,absent,accept_conditional_contract
rarity_diagnostic,2097152,256000000,0.01,0.5,0.001,0.000003,,,,,,,1.33470373858e-2,fixed_U_class_excluded_conditional,absent,accept_conditional_contract
rarity_diagnostic,2097152,256000000,0.01,0.5,0.001,0.000010,,,,,,,1.33470373858e-2,fixed_U_class_excluded_conditional,absent,accept_conditional_contract
rarity_diagnostic,2097152,256000000,0.01,0.5,0.01,0.000001,,,,,,,1.33470373858e-2,fixed_U_class_excluded_conditional,absent,accept_conditional_contract
rarity_diagnostic,2097152,256000000,0.01,0.5,0.01,0.000003,,,,,,,1.33470373858e-2,fixed_U_class_excluded_conditional,absent,accept_conditional_contract
rarity_diagnostic,2097152,256000000,0.01,0.5,0.01,0.000010,,,,,,,1.33470373858e-2,fixed_U_class_excluded_conditional,absent,accept_conditional_contract
rarity_diagnostic,2097152,256000000,0.01,0.5,0.1,0.000001,,,,,,,1.33470373858e-2,fixed_U_class_excluded_conditional,absent,accept_conditional_contract
rarity_diagnostic,2097152,256000000,0.01,0.5,0.1,0.000003,,,,,,,1.33470373858e-2,fixed_U_class_excluded_conditional,absent,accept_conditional_contract
rarity_diagnostic,2097152,256000000,0.01,0.5,0.1,0.000010,,,,,,,1.33470373858e-2,fixed_U_class_excluded_conditional,absent,accept_conditional_contract
historical_moments,4194304,16000000,0.001,0.05,0.001,0.000001,,,,,,,,mandatory_U_block_exclusion_conditional,absent,accept_conditional_contract
historical_moments,4194304,16000000,0.001,0.05,0.001,0.000003,,,,,,,,unresolved_no_certificate,absent,accept_conditional_contract
historical_moments,4194304,16000000,0.001,0.05,0.001,0.000010,,,,,,,,unresolved_no_certificate,absent,accept_conditional_contract
historical_moments,4194304,16000000,0.001,0.05,0.01,0.000001,,,,,,,,mandatory_U_block_exclusion_conditional,absent,accept_conditional_contract
historical_moments,4194304,16000000,0.001,0.05,0.01,0.000003,,,,,,,,unresolved_no_certificate,absent,accept_conditional_contract
historical_moments,4194304,16000000,0.001,0.05,0.01,0.000010,,,,,,,,unresolved_no_certificate,absent,accept_conditional_contract
historical_moments,4194304,16000000,0.001,0.05,0.1,0.000001,,,,,,,,mandatory_U_block_exclusion_conditional,absent,accept_conditional_contract
historical_moments,4194304,16000000,0.001,0.05,0.1,0.000003,,,,,,,,unresolved_no_certificate,absent,accept_conditional_contract
historical_moments,4194304,16000000,0.001,0.05,0.1,0.000010,,,,,,,,unresolved_no_certificate,absent,accept_conditional_contract
historical_moments,4194304,16000000,0.001,0.25,0.001,0.000001,,,,,,,,mandatory_U_block_exclusion_conditional,absent,accept_conditional_contract
historical_moments,4194304,16000000,0.001,0.25,0.001,0.000003,,,,,,,,unresolved_no_certificate,absent,accept_conditional_contract
historical_moments,4194304,16000000,0.001,0.25,0.001,0.000010,,,,,,,,unresolved_no_certificate,absent,accept_conditional_contract
historical_moments,4194304,16000000,0.001,0.25,0.01,0.000001,,,,,,,,mandatory_U_block_exclusion_conditional,absent,accept_conditional_contract
historical_moments,4194304,16000000,0.001,0.25,0.01,0.000003,,,,,,,,unresolved_no_certificate,absent,accept_conditional_contract
historical_moments,4194304,16000000,0.001,0.25,0.01,0.000010,,,,,,,,unresolved_no_certificate,absent,accept_conditional_contract
historical_moments,4194304,16000000,0.001,0.25,0.1,0.000001,,,,,,,,mandatory_U_block_exclusion_conditional,absent,accept_conditional_contract
historical_moments,4194304,16000000,0.001,0.25,0.1,0.000003,,,,,,,,unresolved_no_certificate,absent,accept_conditional_contract
historical_moments,4194304,16000000,0.001,0.25,0.1,0.000010,,,,,,,,unresolved_no_certificate,absent,accept_conditional_contract
historical_moments,4194304,16000000,0.001,0.5,0.001,0.000001,,,,,,,,mandatory_U_block_exclusion_conditional,absent,accept_conditional_contract
historical_moments,4194304,16000000,0.001,0.5,0.001,0.000003,,,,,,,,unresolved_no_certificate,absent,accept_conditional_contract
historical_moments,4194304,16000000,0.001,0.5,0.001,0.000010,,,,,,,,unresolved_no_certificate,absent,accept_conditional_contract
historical_moments,4194304,16000000,0.001,0.5,0.01,0.000001,,,,,,,,mandatory_U_block_exclusion_conditional,absent,accept_conditional_contract
historical_moments,4194304,16000000,0.001,0.5,0.01,0.000003,,,,,,,,unresolved_no_certificate,absent,accept_conditional_contract
historical_moments,4194304,16000000,0.001,0.5,0.01,0.000010,,,,,,,,unresolved_no_certificate,absent,accept_conditional_contract
historical_moments,4194304,16000000,0.001,0.5,0.1,0.000001,,,,,,,,mandatory_U_block_exclusion_conditional,absent,accept_conditional_contract
historical_moments,4194304,16000000,0.001,0.5,0.1,0.000003,,,,,,,,unresolved_no_certificate,absent,accept_conditional_contract
historical_moments,4194304,16000000,0.001,0.5,0.1,0.000010,,,,,,,,unresolved_no_certificate,absent,accept_conditional_contract
rarity_diagnostic,4194304,16000000,0.001,0.05,0.001,0.000001,,,,,,,9.99617448500e-1,fixed_U_class_excluded_conditional,absent,accept_conditional_contract
rarity_diagnostic,4194304,16000000,0.001,0.05,0.001,0.000003,,,,,,,9.99617448500e-1,fixed_U_class_excluded_conditional,absent,accept_conditional_contract
rarity_diagnostic,4194304,16000000,0.001,0.05,0.001,0.000010,,,,,,,9.99617448500e-1,fixed_U_class_excluded_conditional,absent,accept_conditional_contract
rarity_diagnostic,4194304,16000000,0.001,0.05,0.01,0.000001,,,,,,,9.99617448500e-1,fixed_U_class_excluded_conditional,absent,accept_conditional_contract
rarity_diagnostic,4194304,16000000,0.001,0.05,0.01,0.000003,,,,,,,9.99617448500e-1,fixed_U_class_excluded_conditional,absent,accept_conditional_contract
rarity_diagnostic,4194304,16000000,0.001,0.05,0.01,0.000010,,,,,,,9.99617448500e-1,fixed_U_class_excluded_conditional,absent,accept_conditional_contract
rarity_diagnostic,4194304,16000000,0.001,0.05,0.1,0.000001,,,,,,,9.99617448500e-1,fixed_U_class_excluded_conditional,absent,accept_conditional_contract
rarity_diagnostic,4194304,16000000,0.001,0.05,0.1,0.000003,,,,,,,9.99617448500e-1,fixed_U_class_excluded_conditional,absent,accept_conditional_contract
rarity_diagnostic,4194304,16000000,0.001,0.05,0.1,0.000010,,,,,,,9.99617448500e-1,fixed_U_class_excluded_conditional,absent,accept_conditional_contract
rarity_diagnostic,4194304,16000000,0.001,0.25,0.001,0.000001,,,,,,,9.99617448500e-1,fixed_U_class_excluded_conditional,absent,accept_conditional_contract
rarity_diagnostic,4194304,16000000,0.001,0.25,0.001,0.000003,,,,,,,9.99617448500e-1,fixed_U_class_excluded_conditional,absent,accept_conditional_contract
rarity_diagnostic,4194304,16000000,0.001,0.25,0.001,0.000010,,,,,,,9.99617448500e-1,fixed_U_class_excluded_conditional,absent,accept_conditional_contract
rarity_diagnostic,4194304,16000000,0.001,0.25,0.01,0.000001,,,,,,,9.99617448500e-1,fixed_U_class_excluded_conditional,absent,accept_conditional_contract
rarity_diagnostic,4194304,16000000,0.001,0.25,0.01,0.000003,,,,,,,9.99617448500e-1,fixed_U_class_excluded_conditional,absent,accept_conditional_contract
rarity_diagnostic,4194304,16000000,0.001,0.25,0.01,0.000010,,,,,,,9.99617448500e-1,fixed_U_class_excluded_conditional,absent,accept_conditional_contract
rarity_diagnostic,4194304,16000000,0.001,0.25,0.1,0.000001,,,,,,,9.99617448500e-1,fixed_U_class_excluded_conditional,absent,accept_conditional_contract
rarity_diagnostic,4194304,16000000,0.001,0.25,0.1,0.000003,,,,,,,9.99617448500e-1,fixed_U_class_excluded_conditional,absent,accept_conditional_contract
rarity_diagnostic,4194304,16000000,0.001,0.25,0.1,0.000010,,,,,,,9.99617448500e-1,fixed_U_class_excluded_conditional,absent,accept_conditional_contract
rarity_diagnostic,4194304,16000000,0.001,0.5,0.001,0.000001,,,,,,,9.99617448500e-1,fixed_U_class_excluded_conditional,absent,accept_conditional_contract
rarity_diagnostic,4194304,16000000,0.001,0.5,0.001,0.000003,,,,,,,9.99617448500e-1,fixed_U_class_excluded_conditional,absent,accept_conditional_contract
rarity_diagnostic,4194304,16000000,0.001,0.5,0.001,0.000010,,,,,,,9.99617448500e-1,fixed_U_class_excluded_conditional,absent,accept_conditional_contract
rarity_diagnostic,4194304,16000000,0.001,0.5,0.01,0.000001,,,,,,,9.99617448500e-1,fixed_U_class_excluded_conditional,absent,accept_conditional_contract
rarity_diagnostic,4194304,16000000,0.001,0.5,0.01,0.000003,,,,,,,9.99617448500e-1,fixed_U_class_excluded_conditional,absent,accept_conditional_contract
rarity_diagnostic,4194304,16000000,0.001,0.5,0.01,0.000010,,,,,,,9.99617448500e-1,fixed_U_class_excluded_conditional,absent,accept_conditional_contract
rarity_diagnostic,4194304,16000000,0.001,0.5,0.1,0.000001,,,,,,,9.99617448500e-1,fixed_U_class_excluded_conditional,absent,accept_conditional_contract
rarity_diagnostic,4194304,16000000,0.001,0.5,0.1,0.000003,,,,,,,9.99617448500e-1,fixed_U_class_excluded_conditional,absent,accept_conditional_contract
rarity_diagnostic,4194304,16000000,0.001,0.5,0.1,0.000010,,,,,,,9.99617448500e-1,fixed_U_class_excluded_conditional,absent,accept_conditional_contract
historical_moments,4194304,16000000,0.0025,0.05,0.001,0.000001,,,,,,,,mandatory_U_block_exclusion_conditional,absent,accept_conditional_contract
historical_moments,4194304,16000000,0.0025,0.05,0.001,0.000003,,,,,,,,unresolved_no_certificate,absent,accept_conditional_contract
historical_moments,4194304,16000000,0.0025,0.05,0.001,0.000010,,,,,,,,unresolved_no_certificate,absent,accept_conditional_contract
historical_moments,4194304,16000000,0.0025,0.05,0.01,0.000001,,,,,,,,mandatory_U_block_exclusion_conditional,absent,accept_conditional_contract
historical_moments,4194304,16000000,0.0025,0.05,0.01,0.000003,,,,,,,,unresolved_no_certificate,absent,accept_conditional_contract
historical_moments,4194304,16000000,0.0025,0.05,0.01,0.000010,,,,,,,,unresolved_no_certificate,absent,accept_conditional_contract
historical_moments,4194304,16000000,0.0025,0.05,0.1,0.000001,,,,,,,,mandatory_U_block_exclusion_conditional,absent,accept_conditional_contract
historical_moments,4194304,16000000,0.0025,0.05,0.1,0.000003,,,,,,,,unresolved_no_certificate,absent,accept_conditional_contract
historical_moments,4194304,16000000,0.0025,0.05,0.1,0.000010,,,,,,,,unresolved_no_certificate,absent,accept_conditional_contract
historical_moments,4194304,16000000,0.0025,0.25,0.001,0.000001,,,,,,,,mandatory_U_block_exclusion_conditional,absent,accept_conditional_contract
historical_moments,4194304,16000000,0.0025,0.25,0.001,0.000003,,,,,,,,unresolved_no_certificate,absent,accept_conditional_contract
historical_moments,4194304,16000000,0.0025,0.25,0.001,0.000010,,,,,,,,unresolved_no_certificate,absent,accept_conditional_contract
historical_moments,4194304,16000000,0.0025,0.25,0.01,0.000001,,,,,,,,mandatory_U_block_exclusion_conditional,absent,accept_conditional_contract
historical_moments,4194304,16000000,0.0025,0.25,0.01,0.000003,,,,,,,,unresolved_no_certificate,absent,accept_conditional_contract
historical_moments,4194304,16000000,0.0025,0.25,0.01,0.000010,,,,,,,,unresolved_no_certificate,absent,accept_conditional_contract
historical_moments,4194304,16000000,0.0025,0.25,0.1,0.000001,,,,,,,,mandatory_U_block_exclusion_conditional,absent,accept_conditional_contract
historical_moments,4194304,16000000,0.0025,0.25,0.1,0.000003,,,,,,,,unresolved_no_certificate,absent,accept_conditional_contract
historical_moments,4194304,16000000,0.0025,0.25,0.1,0.000010,,,,,,,,unresolved_no_certificate,absent,accept_conditional_contract
historical_moments,4194304,16000000,0.0025,0.5,0.001,0.000001,,,,,,,,mandatory_U_block_exclusion_conditional,absent,accept_conditional_contract
historical_moments,4194304,16000000,0.0025,0.5,0.001,0.000003,,,,,,,,unresolved_no_certificate,absent,accept_conditional_contract
historical_moments,4194304,16000000,0.0025,0.5,0.001,0.000010,,,,,,,,unresolved_no_certificate,absent,accept_conditional_contract
historical_moments,4194304,16000000,0.0025,0.5,0.01,0.000001,,,,,,,,mandatory_U_block_exclusion_conditional,absent,accept_conditional_contract
historical_moments,4194304,16000000,0.0025,0.5,0.01,0.000003,,,,,,,,unresolved_no_certificate,absent,accept_conditional_contract
historical_moments,4194304,16000000,0.0025,0.5,0.01,0.000010,,,,,,,,unresolved_no_certificate,absent,accept_conditional_contract
historical_moments,4194304,16000000,0.0025,0.5,0.1,0.000001,,,,,,,,mandatory_U_block_exclusion_conditional,absent,accept_conditional_contract
historical_moments,4194304,16000000,0.0025,0.5,0.1,0.000003,,,,,,,,unresolved_no_certificate,absent,accept_conditional_contract
historical_moments,4194304,16000000,0.0025,0.5,0.1,0.000010,,,,,,,,unresolved_no_certificate,absent,accept_conditional_contract
rarity_diagnostic,4194304,16000000,0.0025,0.05,0.001,0.000001,,,,,,,9.61486897203e-1,fixed_U_class_excluded_conditional,absent,accept_conditional_contract
rarity_diagnostic,4194304,16000000,0.0025,0.05,0.001,0.000003,,,,,,,9.61486897203e-1,fixed_U_class_excluded_conditional,absent,accept_conditional_contract
rarity_diagnostic,4194304,16000000,0.0025,0.05,0.001,0.000010,,,,,,,9.61486897203e-1,fixed_U_class_excluded_conditional,absent,accept_conditional_contract
rarity_diagnostic,4194304,16000000,0.0025,0.05,0.01,0.000001,,,,,,,9.61486897203e-1,fixed_U_class_excluded_conditional,absent,accept_conditional_contract
rarity_diagnostic,4194304,16000000,0.0025,0.05,0.01,0.000003,,,,,,,9.61486897203e-1,fixed_U_class_excluded_conditional,absent,accept_conditional_contract
rarity_diagnostic,4194304,16000000,0.0025,0.05,0.01,0.000010,,,,,,,9.61486897203e-1,fixed_U_class_excluded_conditional,absent,accept_conditional_contract
rarity_diagnostic,4194304,16000000,0.0025,0.05,0.1,0.000001,,,,,,,9.61486897203e-1,fixed_U_class_excluded_conditional,absent,accept_conditional_contract
rarity_diagnostic,4194304,16000000,0.0025,0.05,0.1,0.000003,,,,,,,9.61486897203e-1,fixed_U_class_excluded_conditional,absent,accept_conditional_contract
rarity_diagnostic,4194304,16000000,0.0025,0.05,0.1,0.000010,,,,,,,9.61486897203e-1,fixed_U_class_excluded_conditional,absent,accept_conditional_contract
rarity_diagnostic,4194304,16000000,0.0025,0.25,0.001,0.000001,,,,,,,9.61486897203e-1,fixed_U_class_excluded_conditional,absent,accept_conditional_contract
rarity_diagnostic,4194304,16000000,0.0025,0.25,0.001,0.000003,,,,,,,9.61486897203e-1,fixed_U_class_excluded_conditional,absent,accept_conditional_contract
rarity_diagnostic,4194304,16000000,0.0025,0.25,0.001,0.000010,,,,,,,9.61486897203e-1,fixed_U_class_excluded_conditional,absent,accept_conditional_contract
rarity_diagnostic,4194304,16000000,0.0025,0.25,0.01,0.000001,,,,,,,9.61486897203e-1,fixed_U_class_excluded_conditional,absent,accept_conditional_contract
rarity_diagnostic,4194304,16000000,0.0025,0.25,0.01,0.000003,,,,,,,9.61486897203e-1,fixed_U_class_excluded_conditional,absent,accept_conditional_contract
rarity_diagnostic,4194304,16000000,0.0025,0.25,0.01,0.000010,,,,,,,9.61486897203e-1,fixed_U_class_excluded_conditional,absent,accept_conditional_contract
rarity_diagnostic,4194304,16000000,0.0025,0.25,0.1,0.000001,,,,,,,9.61486897203e-1,fixed_U_class_excluded_conditional,absent,accept_conditional_contract
rarity_diagnostic,4194304,16000000,0.0025,0.25,0.1,0.000003,,,,,,,9.61486897203e-1,fixed_U_class_excluded_conditional,absent,accept_conditional_contract
rarity_diagnostic,4194304,16000000,0.0025,0.25,0.1,0.000010,,,,,,,9.61486897203e-1,fixed_U_class_excluded_conditional,absent,accept_conditional_contract
rarity_diagnostic,4194304,16000000,0.0025,0.5,0.001,0.000001,,,,,,,9.61486897203e-1,fixed_U_class_excluded_conditional,absent,accept_conditional_contract
rarity_diagnostic,4194304,16000000,0.0025,0.5,0.001,0.000003,,,,,,,9.61486897203e-1,fixed_U_class_excluded_conditional,absent,accept_conditional_contract
rarity_diagnostic,4194304,16000000,0.0025,0.5,0.001,0.000010,,,,,,,9.61486897203e-1,fixed_U_class_excluded_conditional,absent,accept_conditional_contract
rarity_diagnostic,4194304,16000000,0.0025,0.5,0.01,0.000001,,,,,,,9.61486897203e-1,fixed_U_class_excluded_conditional,absent,accept_conditional_contract
rarity_diagnostic,4194304,16000000,0.0025,0.5,0.01,0.000003,,,,,,,9.61486897203e-1,fixed_U_class_excluded_conditional,absent,accept_conditional_contract
rarity_diagnostic,4194304,16000000,0.0025,0.5,0.01,0.000010,,,,,,,9.61486897203e-1,fixed_U_class_excluded_conditional,absent,accept_conditional_contract
rarity_diagnostic,4194304,16000000,0.0025,0.5,0.1,0.000001,,,,,,,9.61486897203e-1,fixed_U_class_excluded_conditional,absent,accept_conditional_contract
rarity_diagnostic,4194304,16000000,0.0025,0.5,0.1,0.000003,,,,,,,9.61486897203e-1,fixed_U_class_excluded_conditional,absent,accept_conditional_contract
rarity_diagnostic,4194304,16000000,0.0025,0.5,0.1,0.000010,,,,,,,9.61486897203e-1,fixed_U_class_excluded_conditional,absent,accept_conditional_contract
historical_moments,4194304,16000000,0.01,0.05,0.001,0.000001,,,,,,,,mandatory_U_block_exclusion_conditional,absent,accept_conditional_contract
historical_moments,4194304,16000000,0.01,0.05,0.001,0.000003,,,,,,,,unresolved_no_certificate,absent,accept_conditional_contract
historical_moments,4194304,16000000,0.01,0.05,0.001,0.000010,,,,,,,,unresolved_no_certificate,absent,accept_conditional_contract
historical_moments,4194304,16000000,0.01,0.05,0.01,0.000001,,,,,,,,mandatory_U_block_exclusion_conditional,absent,accept_conditional_contract
historical_moments,4194304,16000000,0.01,0.05,0.01,0.000003,,,,,,,,unresolved_no_certificate,absent,accept_conditional_contract
historical_moments,4194304,16000000,0.01,0.05,0.01,0.000010,,,,,,,,unresolved_no_certificate,absent,accept_conditional_contract
historical_moments,4194304,16000000,0.01,0.05,0.1,0.000001,,,,,,,,mandatory_U_block_exclusion_conditional,absent,accept_conditional_contract
historical_moments,4194304,16000000,0.01,0.05,0.1,0.000003,,,,,,,,unresolved_no_certificate,absent,accept_conditional_contract
historical_moments,4194304,16000000,0.01,0.05,0.1,0.000010,,,,,,,,unresolved_no_certificate,absent,accept_conditional_contract
historical_moments,4194304,16000000,0.01,0.25,0.001,0.000001,,,,,,,,mandatory_U_block_exclusion_conditional,absent,accept_conditional_contract
historical_moments,4194304,16000000,0.01,0.25,0.001,0.000003,,,,,,,,unresolved_no_certificate,absent,accept_conditional_contract
historical_moments,4194304,16000000,0.01,0.25,0.001,0.000010,,,,,,,,unresolved_no_certificate,absent,accept_conditional_contract
historical_moments,4194304,16000000,0.01,0.25,0.01,0.000001,,,,,,,,mandatory_U_block_exclusion_conditional,absent,accept_conditional_contract
historical_moments,4194304,16000000,0.01,0.25,0.01,0.000003,,,,,,,,unresolved_no_certificate,absent,accept_conditional_contract
historical_moments,4194304,16000000,0.01,0.25,0.01,0.000010,,,,,,,,unresolved_no_certificate,absent,accept_conditional_contract
historical_moments,4194304,16000000,0.01,0.25,0.1,0.000001,,,,,,,,mandatory_U_block_exclusion_conditional,absent,accept_conditional_contract
historical_moments,4194304,16000000,0.01,0.25,0.1,0.000003,,,,,,,,unresolved_no_certificate,absent,accept_conditional_contract
historical_moments,4194304,16000000,0.01,0.25,0.1,0.000010,,,,,,,,unresolved_no_certificate,absent,accept_conditional_contract
historical_moments,4194304,16000000,0.01,0.5,0.001,0.000001,,,,,,,,mandatory_U_block_exclusion_conditional,absent,accept_conditional_contract
historical_moments,4194304,16000000,0.01,0.5,0.001,0.000003,,,,,,,,unresolved_no_certificate,absent,accept_conditional_contract
historical_moments,4194304,16000000,0.01,0.5,0.001,0.000010,,,,,,,,unresolved_no_certificate,absent,accept_conditional_contract
historical_moments,4194304,16000000,0.01,0.5,0.01,0.000001,,,,,,,,mandatory_U_block_exclusion_conditional,absent,accept_conditional_contract
historical_moments,4194304,16000000,0.01,0.5,0.01,0.000003,,,,,,,,unresolved_no_certificate,absent,accept_conditional_contract
historical_moments,4194304,16000000,0.01,0.5,0.01,0.000010,,,,,,,,unresolved_no_certificate,absent,accept_conditional_contract
historical_moments,4194304,16000000,0.01,0.5,0.1,0.000001,,,,,,,,mandatory_U_block_exclusion_conditional,absent,accept_conditional_contract
historical_moments,4194304,16000000,0.01,0.5,0.1,0.000003,,,,,,,,unresolved_no_certificate,absent,accept_conditional_contract
historical_moments,4194304,16000000,0.01,0.5,0.1,0.000010,,,,,,,,unresolved_no_certificate,absent,accept_conditional_contract
rarity_diagnostic,4194304,16000000,0.01,0.05,0.001,0.000001,,,,,,,5.72998856862e-1,fixed_U_class_excluded_conditional,absent,accept_conditional_contract
rarity_diagnostic,4194304,16000000,0.01,0.05,0.001,0.000003,,,,,,,5.72998856862e-1,fixed_U_class_excluded_conditional,absent,accept_conditional_contract
rarity_diagnostic,4194304,16000000,0.01,0.05,0.001,0.000010,,,,,,,5.72998856862e-1,fixed_U_class_excluded_conditional,absent,accept_conditional_contract
rarity_diagnostic,4194304,16000000,0.01,0.05,0.01,0.000001,,,,,,,5.72998856862e-1,fixed_U_class_excluded_conditional,absent,accept_conditional_contract
rarity_diagnostic,4194304,16000000,0.01,0.05,0.01,0.000003,,,,,,,5.72998856862e-1,fixed_U_class_excluded_conditional,absent,accept_conditional_contract
rarity_diagnostic,4194304,16000000,0.01,0.05,0.01,0.000010,,,,,,,5.72998856862e-1,fixed_U_class_excluded_conditional,absent,accept_conditional_contract
rarity_diagnostic,4194304,16000000,0.01,0.05,0.1,0.000001,,,,,,,5.72998856862e-1,fixed_U_class_excluded_conditional,absent,accept_conditional_contract
rarity_diagnostic,4194304,16000000,0.01,0.05,0.1,0.000003,,,,,,,5.72998856862e-1,fixed_U_class_excluded_conditional,absent,accept_conditional_contract
rarity_diagnostic,4194304,16000000,0.01,0.05,0.1,0.000010,,,,,,,5.72998856862e-1,fixed_U_class_excluded_conditional,absent,accept_conditional_contract
rarity_diagnostic,4194304,16000000,0.01,0.25,0.001,0.000001,,,,,,,5.72998856862e-1,fixed_U_class_excluded_conditional,absent,accept_conditional_contract
rarity_diagnostic,4194304,16000000,0.01,0.25,0.001,0.000003,,,,,,,5.72998856862e-1,fixed_U_class_excluded_conditional,absent,accept_conditional_contract
rarity_diagnostic,4194304,16000000,0.01,0.25,0.001,0.000010,,,,,,,5.72998856862e-1,fixed_U_class_excluded_conditional,absent,accept_conditional_contract
rarity_diagnostic,4194304,16000000,0.01,0.25,0.01,0.000001,,,,,,,5.72998856862e-1,fixed_U_class_excluded_conditional,absent,accept_conditional_contract
rarity_diagnostic,4194304,16000000,0.01,0.25,0.01,0.000003,,,,,,,5.72998856862e-1,fixed_U_class_excluded_conditional,absent,accept_conditional_contract
rarity_diagnostic,4194304,16000000,0.01,0.25,0.01,0.000010,,,,,,,5.72998856862e-1,fixed_U_class_excluded_conditional,absent,accept_conditional_contract
rarity_diagnostic,4194304,16000000,0.01,0.25,0.1,0.000001,,,,,,,5.72998856862e-1,fixed_U_class_excluded_conditional,absent,accept_conditional_contract
rarity_diagnostic,4194304,16000000,0.01,0.25,0.1,0.000003,,,,,,,5.72998856862e-1,fixed_U_class_excluded_conditional,absent,accept_conditional_contract
rarity_diagnostic,4194304,16000000,0.01,0.25,0.1,0.000010,,,,,,,5.72998856862e-1,fixed_U_class_excluded_conditional,absent,accept_conditional_contract
rarity_diagnostic,4194304,16000000,0.01,0.5,0.001,0.000001,,,,,,,5.72998856862e-1,fixed_U_class_excluded_conditional,absent,accept_conditional_contract
rarity_diagnostic,4194304,16000000,0.01,0.5,0.001,0.000003,,,,,,,5.72998856862e-1,fixed_U_class_excluded_conditional,absent,accept_conditional_contract
rarity_diagnostic,4194304,16000000,0.01,0.5,0.001,0.000010,,,,,,,5.72998856862e-1,fixed_U_class_excluded_conditional,absent,accept_conditional_contract
rarity_diagnostic,4194304,16000000,0.01,0.5,0.01,0.000001,,,,,,,5.72998856862e-1,fixed_U_class_excluded_conditional,absent,accept_conditional_contract
rarity_diagnostic,4194304,16000000,0.01,0.5,0.01,0.000003,,,,,,,5.72998856862e-1,fixed_U_class_excluded_conditional,absent,accept_conditional_contract
rarity_diagnostic,4194304,16000000,0.01,0.5,0.01,0.000010,,,,,,,5.72998856862e-1,fixed_U_class_excluded_conditional,absent,accept_conditional_contract
rarity_diagnostic,4194304,16000000,0.01,0.5,0.1,0.000001,,,,,,,5.72998856862e-1,fixed_U_class_excluded_conditional,absent,accept_conditional_contract
rarity_diagnostic,4194304,16000000,0.01,0.5,0.1,0.000003,,,,,,,5.72998856862e-1,fixed_U_class_excluded_conditional,absent,accept_conditional_contract
rarity_diagnostic,4194304,16000000,0.01,0.5,0.1,0.000010,,,,,,,5.72998856862e-1,fixed_U_class_excluded_conditional,absent,accept_conditional_contract
historical_moments,4194304,64000000,0.001,0.05,0.001,0.000001,,,,,,,,unresolved_no_certificate,absent,accept_conditional_contract
historical_moments,4194304,64000000,0.001,0.05,0.001,0.000003,,,,,,,,unresolved_no_certificate,absent,accept_conditional_contract
historical_moments,4194304,64000000,0.001,0.05,0.001,0.000010,,,,,,,,unresolved_no_certificate,absent,accept_conditional_contract
historical_moments,4194304,64000000,0.001,0.05,0.01,0.000001,,,,,,,,unresolved_no_certificate,absent,accept_conditional_contract
historical_moments,4194304,64000000,0.001,0.05,0.01,0.000003,,,,,,,,unresolved_no_certificate,absent,accept_conditional_contract
historical_moments,4194304,64000000,0.001,0.05,0.01,0.000010,,,,,,,,unresolved_no_certificate,absent,accept_conditional_contract
historical_moments,4194304,64000000,0.001,0.05,0.1,0.000001,,,,,,,,unresolved_no_certificate,absent,accept_conditional_contract
historical_moments,4194304,64000000,0.001,0.05,0.1,0.000003,,,,,,,,unresolved_no_certificate,absent,accept_conditional_contract
historical_moments,4194304,64000000,0.001,0.05,0.1,0.000010,,,,,,,,unresolved_no_certificate,absent,accept_conditional_contract
historical_moments,4194304,64000000,0.001,0.25,0.001,0.000001,,,,,,,,unresolved_no_certificate,absent,accept_conditional_contract
historical_moments,4194304,64000000,0.001,0.25,0.001,0.000003,,,,,,,,unresolved_no_certificate,absent,accept_conditional_contract
historical_moments,4194304,64000000,0.001,0.25,0.001,0.000010,,,,,,,,unresolved_no_certificate,absent,accept_conditional_contract
historical_moments,4194304,64000000,0.001,0.25,0.01,0.000001,,,,,,,,unresolved_no_certificate,absent,accept_conditional_contract
historical_moments,4194304,64000000,0.001,0.25,0.01,0.000003,,,,,,,,unresolved_no_certificate,absent,accept_conditional_contract
historical_moments,4194304,64000000,0.001,0.25,0.01,0.000010,,,,,,,,unresolved_no_certificate,absent,accept_conditional_contract
historical_moments,4194304,64000000,0.001,0.25,0.1,0.000001,,,,,,,,unresolved_no_certificate,absent,accept_conditional_contract
historical_moments,4194304,64000000,0.001,0.25,0.1,0.000003,,,,,,,,unresolved_no_certificate,absent,accept_conditional_contract
historical_moments,4194304,64000000,0.001,0.25,0.1,0.000010,,,,,,,,unresolved_no_certificate,absent,accept_conditional_contract
historical_moments,4194304,64000000,0.001,0.5,0.001,0.000001,,,,,,,,unresolved_no_certificate,absent,accept_conditional_contract
historical_moments,4194304,64000000,0.001,0.5,0.001,0.000003,,,,,,,,unresolved_no_certificate,absent,accept_conditional_contract
historical_moments,4194304,64000000,0.001,0.5,0.001,0.000010,,,,,,,,unresolved_no_certificate,absent,accept_conditional_contract
historical_moments,4194304,64000000,0.001,0.5,0.01,0.000001,,,,,,,,unresolved_no_certificate,absent,accept_conditional_contract
historical_moments,4194304,64000000,0.001,0.5,0.01,0.000003,,,,,,,,unresolved_no_certificate,absent,accept_conditional_contract
historical_moments,4194304,64000000,0.001,0.5,0.01,0.000010,,,,,,,,unresolved_no_certificate,absent,accept_conditional_contract
historical_moments,4194304,64000000,0.001,0.5,0.1,0.000001,,,,,,,,unresolved_no_certificate,absent,accept_conditional_contract
historical_moments,4194304,64000000,0.001,0.5,0.1,0.000003,,,,,,,,unresolved_no_certificate,absent,accept_conditional_contract
historical_moments,4194304,64000000,0.001,0.5,0.1,0.000010,,,,,,,,unresolved_no_certificate,absent,accept_conditional_contract
rarity_diagnostic,4194304,64000000,0.001,0.05,0.001,0.000001,,,,,,,8.77411556545e-1,fixed_U_class_excluded_conditional,absent,accept_conditional_contract
rarity_diagnostic,4194304,64000000,0.001,0.05,0.001,0.000003,,,,,,,8.77411556545e-1,fixed_U_class_excluded_conditional,absent,accept_conditional_contract
rarity_diagnostic,4194304,64000000,0.001,0.05,0.001,0.000010,,,,,,,8.77411556545e-1,fixed_U_class_excluded_conditional,absent,accept_conditional_contract
rarity_diagnostic,4194304,64000000,0.001,0.05,0.01,0.000001,,,,,,,8.77411556545e-1,fixed_U_class_excluded_conditional,absent,accept_conditional_contract
rarity_diagnostic,4194304,64000000,0.001,0.05,0.01,0.000003,,,,,,,8.77411556545e-1,fixed_U_class_excluded_conditional,absent,accept_conditional_contract
rarity_diagnostic,4194304,64000000,0.001,0.05,0.01,0.000010,,,,,,,8.77411556545e-1,fixed_U_class_excluded_conditional,absent,accept_conditional_contract
rarity_diagnostic,4194304,64000000,0.001,0.05,0.1,0.000001,,,,,,,8.77411556545e-1,fixed_U_class_excluded_conditional,absent,accept_conditional_contract
rarity_diagnostic,4194304,64000000,0.001,0.05,0.1,0.000003,,,,,,,8.77411556545e-1,fixed_U_class_excluded_conditional,absent,accept_conditional_contract
rarity_diagnostic,4194304,64000000,0.001,0.05,0.1,0.000010,,,,,,,8.77411556545e-1,fixed_U_class_excluded_conditional,absent,accept_conditional_contract
rarity_diagnostic,4194304,64000000,0.001,0.25,0.001,0.000001,,,,,,,8.77411556545e-1,fixed_U_class_excluded_conditional,absent,accept_conditional_contract
rarity_diagnostic,4194304,64000000,0.001,0.25,0.001,0.000003,,,,,,,8.77411556545e-1,fixed_U_class_excluded_conditional,absent,accept_conditional_contract
rarity_diagnostic,4194304,64000000,0.001,0.25,0.001,0.000010,,,,,,,8.77411556545e-1,fixed_U_class_excluded_conditional,absent,accept_conditional_contract
rarity_diagnostic,4194304,64000000,0.001,0.25,0.01,0.000001,,,,,,,8.77411556545e-1,fixed_U_class_excluded_conditional,absent,accept_conditional_contract
rarity_diagnostic,4194304,64000000,0.001,0.25,0.01,0.000003,,,,,,,8.77411556545e-1,fixed_U_class_excluded_conditional,absent,accept_conditional_contract
rarity_diagnostic,4194304,64000000,0.001,0.25,0.01,0.000010,,,,,,,8.77411556545e-1,fixed_U_class_excluded_conditional,absent,accept_conditional_contract
rarity_diagnostic,4194304,64000000,0.001,0.25,0.1,0.000001,,,,,,,8.77411556545e-1,fixed_U_class_excluded_conditional,absent,accept_conditional_contract
rarity_diagnostic,4194304,64000000,0.001,0.25,0.1,0.000003,,,,,,,8.77411556545e-1,fixed_U_class_excluded_conditional,absent,accept_conditional_contract
rarity_diagnostic,4194304,64000000,0.001,0.25,0.1,0.000010,,,,,,,8.77411556545e-1,fixed_U_class_excluded_conditional,absent,accept_conditional_contract
rarity_diagnostic,4194304,64000000,0.001,0.5,0.001,0.000001,,,,,,,8.77411556545e-1,fixed_U_class_excluded_conditional,absent,accept_conditional_contract
rarity_diagnostic,4194304,64000000,0.001,0.5,0.001,0.000003,,,,,,,8.77411556545e-1,fixed_U_class_excluded_conditional,absent,accept_conditional_contract
rarity_diagnostic,4194304,64000000,0.001,0.5,0.001,0.000010,,,,,,,8.77411556545e-1,fixed_U_class_excluded_conditional,absent,accept_conditional_contract
rarity_diagnostic,4194304,64000000,0.001,0.5,0.01,0.000001,,,,,,,8.77411556545e-1,fixed_U_class_excluded_conditional,absent,accept_conditional_contract
rarity_diagnostic,4194304,64000000,0.001,0.5,0.01,0.000003,,,,,,,8.77411556545e-1,fixed_U_class_excluded_conditional,absent,accept_conditional_contract
rarity_diagnostic,4194304,64000000,0.001,0.5,0.01,0.000010,,,,,,,8.77411556545e-1,fixed_U_class_excluded_conditional,absent,accept_conditional_contract
rarity_diagnostic,4194304,64000000,0.001,0.5,0.1,0.000001,,,,,,,8.77411556545e-1,fixed_U_class_excluded_conditional,absent,accept_conditional_contract
rarity_diagnostic,4194304,64000000,0.001,0.5,0.1,0.000003,,,,,,,8.77411556545e-1,fixed_U_class_excluded_conditional,absent,accept_conditional_contract
rarity_diagnostic,4194304,64000000,0.001,0.5,0.1,0.000010,,,,,,,8.77411556545e-1,fixed_U_class_excluded_conditional,absent,accept_conditional_contract
historical_moments,4194304,64000000,0.0025,0.05,0.001,0.000001,,,,,,,,unresolved_no_certificate,absent,accept_conditional_contract
historical_moments,4194304,64000000,0.0025,0.05,0.001,0.000003,,,,,,,,unresolved_no_certificate,absent,accept_conditional_contract
historical_moments,4194304,64000000,0.0025,0.05,0.001,0.000010,,,,,,,,unresolved_no_certificate,absent,accept_conditional_contract
historical_moments,4194304,64000000,0.0025,0.05,0.01,0.000001,,,,,,,,unresolved_no_certificate,absent,accept_conditional_contract
historical_moments,4194304,64000000,0.0025,0.05,0.01,0.000003,,,,,,,,unresolved_no_certificate,absent,accept_conditional_contract
historical_moments,4194304,64000000,0.0025,0.05,0.01,0.000010,,,,,,,,unresolved_no_certificate,absent,accept_conditional_contract
historical_moments,4194304,64000000,0.0025,0.05,0.1,0.000001,,,,,,,,unresolved_no_certificate,absent,accept_conditional_contract
historical_moments,4194304,64000000,0.0025,0.05,0.1,0.000003,,,,,,,,unresolved_no_certificate,absent,accept_conditional_contract
historical_moments,4194304,64000000,0.0025,0.05,0.1,0.000010,,,,,,,,unresolved_no_certificate,absent,accept_conditional_contract
historical_moments,4194304,64000000,0.0025,0.25,0.001,0.000001,,,,,,,,unresolved_no_certificate,absent,accept_conditional_contract
historical_moments,4194304,64000000,0.0025,0.25,0.001,0.000003,,,,,,,,unresolved_no_certificate,absent,accept_conditional_contract
historical_moments,4194304,64000000,0.0025,0.25,0.001,0.000010,,,,,,,,unresolved_no_certificate,absent,accept_conditional_contract
historical_moments,4194304,64000000,0.0025,0.25,0.01,0.000001,,,,,,,,unresolved_no_certificate,absent,accept_conditional_contract
historical_moments,4194304,64000000,0.0025,0.25,0.01,0.000003,,,,,,,,unresolved_no_certificate,absent,accept_conditional_contract
historical_moments,4194304,64000000,0.0025,0.25,0.01,0.000010,,,,,,,,unresolved_no_certificate,absent,accept_conditional_contract
historical_moments,4194304,64000000,0.0025,0.25,0.1,0.000001,,,,,,,,unresolved_no_certificate,absent,accept_conditional_contract
historical_moments,4194304,64000000,0.0025,0.25,0.1,0.000003,,,,,,,,unresolved_no_certificate,absent,accept_conditional_contract
historical_moments,4194304,64000000,0.0025,0.25,0.1,0.000010,,,,,,,,unresolved_no_certificate,absent,accept_conditional_contract
historical_moments,4194304,64000000,0.0025,0.5,0.001,0.000001,,,,,,,,unresolved_no_certificate,absent,accept_conditional_contract
historical_moments,4194304,64000000,0.0025,0.5,0.001,0.000003,,,,,,,,unresolved_no_certificate,absent,accept_conditional_contract
historical_moments,4194304,64000000,0.0025,0.5,0.001,0.000010,,,,,,,,unresolved_no_certificate,absent,accept_conditional_contract
historical_moments,4194304,64000000,0.0025,0.5,0.01,0.000001,,,,,,,,unresolved_no_certificate,absent,accept_conditional_contract
historical_moments,4194304,64000000,0.0025,0.5,0.01,0.000003,,,,,,,,unresolved_no_certificate,absent,accept_conditional_contract
historical_moments,4194304,64000000,0.0025,0.5,0.01,0.000010,,,,,,,,unresolved_no_certificate,absent,accept_conditional_contract
historical_moments,4194304,64000000,0.0025,0.5,0.1,0.000001,,,,,,,,unresolved_no_certificate,absent,accept_conditional_contract
historical_moments,4194304,64000000,0.0025,0.5,0.1,0.000003,,,,,,,,unresolved_no_certificate,absent,accept_conditional_contract
historical_moments,4194304,64000000,0.0025,0.5,0.1,0.000010,,,,,,,,unresolved_no_certificate,absent,accept_conditional_contract
rarity_diagnostic,4194304,64000000,0.0025,0.05,0.001,0.000001,,,,,,,5.72998858175e-1,fixed_U_class_excluded_conditional,absent,accept_conditional_contract
rarity_diagnostic,4194304,64000000,0.0025,0.05,0.001,0.000003,,,,,,,5.72998858175e-1,fixed_U_class_excluded_conditional,absent,accept_conditional_contract
rarity_diagnostic,4194304,64000000,0.0025,0.05,0.001,0.000010,,,,,,,5.72998858175e-1,fixed_U_class_excluded_conditional,absent,accept_conditional_contract
rarity_diagnostic,4194304,64000000,0.0025,0.05,0.01,0.000001,,,,,,,5.72998858175e-1,fixed_U_class_excluded_conditional,absent,accept_conditional_contract
rarity_diagnostic,4194304,64000000,0.0025,0.05,0.01,0.000003,,,,,,,5.72998858175e-1,fixed_U_class_excluded_conditional,absent,accept_conditional_contract
rarity_diagnostic,4194304,64000000,0.0025,0.05,0.01,0.000010,,,,,,,5.72998858175e-1,fixed_U_class_excluded_conditional,absent,accept_conditional_contract
rarity_diagnostic,4194304,64000000,0.0025,0.05,0.1,0.000001,,,,,,,5.72998858175e-1,fixed_U_class_excluded_conditional,absent,accept_conditional_contract
rarity_diagnostic,4194304,64000000,0.0025,0.05,0.1,0.000003,,,,,,,5.72998858175e-1,fixed_U_class_excluded_conditional,absent,accept_conditional_contract
rarity_diagnostic,4194304,64000000,0.0025,0.05,0.1,0.000010,,,,,,,5.72998858175e-1,fixed_U_class_excluded_conditional,absent,accept_conditional_contract
rarity_diagnostic,4194304,64000000,0.0025,0.25,0.001,0.000001,,,,,,,5.72998858175e-1,fixed_U_class_excluded_conditional,absent,accept_conditional_contract
rarity_diagnostic,4194304,64000000,0.0025,0.25,0.001,0.000003,,,,,,,5.72998858175e-1,fixed_U_class_excluded_conditional,absent,accept_conditional_contract
rarity_diagnostic,4194304,64000000,0.0025,0.25,0.001,0.000010,,,,,,,5.72998858175e-1,fixed_U_class_excluded_conditional,absent,accept_conditional_contract
rarity_diagnostic,4194304,64000000,0.0025,0.25,0.01,0.000001,,,,,,,5.72998858175e-1,fixed_U_class_excluded_conditional,absent,accept_conditional_contract
rarity_diagnostic,4194304,64000000,0.0025,0.25,0.01,0.000003,,,,,,,5.72998858175e-1,fixed_U_class_excluded_conditional,absent,accept_conditional_contract
rarity_diagnostic,4194304,64000000,0.0025,0.25,0.01,0.000010,,,,,,,5.72998858175e-1,fixed_U_class_excluded_conditional,absent,accept_conditional_contract
rarity_diagnostic,4194304,64000000,0.0025,0.25,0.1,0.000001,,,,,,,5.72998858175e-1,fixed_U_class_excluded_conditional,absent,accept_conditional_contract
rarity_diagnostic,4194304,64000000,0.0025,0.25,0.1,0.000003,,,,,,,5.72998858175e-1,fixed_U_class_excluded_conditional,absent,accept_conditional_contract
rarity_diagnostic,4194304,64000000,0.0025,0.25,0.1,0.000010,,,,,,,5.72998858175e-1,fixed_U_class_excluded_conditional,absent,accept_conditional_contract
rarity_diagnostic,4194304,64000000,0.0025,0.5,0.001,0.000001,,,,,,,5.72998858175e-1,fixed_U_class_excluded_conditional,absent,accept_conditional_contract
rarity_diagnostic,4194304,64000000,0.0025,0.5,0.001,0.000003,,,,,,,5.72998858175e-1,fixed_U_class_excluded_conditional,absent,accept_conditional_contract
rarity_diagnostic,4194304,64000000,0.0025,0.5,0.001,0.000010,,,,,,,5.72998858175e-1,fixed_U_class_excluded_conditional,absent,accept_conditional_contract
rarity_diagnostic,4194304,64000000,0.0025,0.5,0.01,0.000001,,,,,,,5.72998858175e-1,fixed_U_class_excluded_conditional,absent,accept_conditional_contract
rarity_diagnostic,4194304,64000000,0.0025,0.5,0.01,0.000003,,,,,,,5.72998858175e-1,fixed_U_class_excluded_conditional,absent,accept_conditional_contract
rarity_diagnostic,4194304,64000000,0.0025,0.5,0.01,0.000010,,,,,,,5.72998858175e-1,fixed_U_class_excluded_conditional,absent,accept_conditional_contract
rarity_diagnostic,4194304,64000000,0.0025,0.5,0.1,0.000001,,,,,,,5.72998858175e-1,fixed_U_class_excluded_conditional,absent,accept_conditional_contract
rarity_diagnostic,4194304,64000000,0.0025,0.5,0.1,0.000003,,,,,,,5.72998858175e-1,fixed_U_class_excluded_conditional,absent,accept_conditional_contract
rarity_diagnostic,4194304,64000000,0.0025,0.5,0.1,0.000010,,,,,,,5.72998858175e-1,fixed_U_class_excluded_conditional,absent,accept_conditional_contract
historical_moments,4194304,64000000,0.01,0.05,0.001,0.000001,,,,,,,,unresolved_no_certificate,absent,accept_conditional_contract
historical_moments,4194304,64000000,0.01,0.05,0.001,0.000003,,,,,,,,unresolved_no_certificate,absent,accept_conditional_contract
historical_moments,4194304,64000000,0.01,0.05,0.001,0.000010,,,,,,,,unresolved_no_certificate,absent,accept_conditional_contract
historical_moments,4194304,64000000,0.01,0.05,0.01,0.000001,,,,,,,,unresolved_no_certificate,absent,accept_conditional_contract
historical_moments,4194304,64000000,0.01,0.05,0.01,0.000003,,,,,,,,unresolved_no_certificate,absent,accept_conditional_contract
historical_moments,4194304,64000000,0.01,0.05,0.01,0.000010,,,,,,,,unresolved_no_certificate,absent,accept_conditional_contract
historical_moments,4194304,64000000,0.01,0.05,0.1,0.000001,,,,,,,,unresolved_no_certificate,absent,accept_conditional_contract
historical_moments,4194304,64000000,0.01,0.05,0.1,0.000003,,,,,,,,unresolved_no_certificate,absent,accept_conditional_contract
historical_moments,4194304,64000000,0.01,0.05,0.1,0.000010,,,,,,,,unresolved_no_certificate,absent,accept_conditional_contract
historical_moments,4194304,64000000,0.01,0.25,0.001,0.000001,,,,,,,,unresolved_no_certificate,absent,accept_conditional_contract
historical_moments,4194304,64000000,0.01,0.25,0.001,0.000003,,,,,,,,unresolved_no_certificate,absent,accept_conditional_contract
historical_moments,4194304,64000000,0.01,0.25,0.001,0.000010,,,,,,,,unresolved_no_certificate,absent,accept_conditional_contract
historical_moments,4194304,64000000,0.01,0.25,0.01,0.000001,,,,,,,,unresolved_no_certificate,absent,accept_conditional_contract
historical_moments,4194304,64000000,0.01,0.25,0.01,0.000003,,,,,,,,unresolved_no_certificate,absent,accept_conditional_contract
historical_moments,4194304,64000000,0.01,0.25,0.01,0.000010,,,,,,,,unresolved_no_certificate,absent,accept_conditional_contract
historical_moments,4194304,64000000,0.01,0.25,0.1,0.000001,,,,,,,,unresolved_no_certificate,absent,accept_conditional_contract
historical_moments,4194304,64000000,0.01,0.25,0.1,0.000003,,,,,,,,unresolved_no_certificate,absent,accept_conditional_contract
historical_moments,4194304,64000000,0.01,0.25,0.1,0.000010,,,,,,,,unresolved_no_certificate,absent,accept_conditional_contract
historical_moments,4194304,64000000,0.01,0.5,0.001,0.000001,,,,,,,,unresolved_no_certificate,absent,accept_conditional_contract
historical_moments,4194304,64000000,0.01,0.5,0.001,0.000003,,,,,,,,unresolved_no_certificate,absent,accept_conditional_contract
historical_moments,4194304,64000000,0.01,0.5,0.001,0.000010,,,,,,,,unresolved_no_certificate,absent,accept_conditional_contract
historical_moments,4194304,64000000,0.01,0.5,0.01,0.000001,,,,,,,,unresolved_no_certificate,absent,accept_conditional_contract
historical_moments,4194304,64000000,0.01,0.5,0.01,0.000003,,,,,,,,unresolved_no_certificate,absent,accept_conditional_contract
historical_moments,4194304,64000000,0.01,0.5,0.01,0.000010,,,,,,,,unresolved_no_certificate,absent,accept_conditional_contract
historical_moments,4194304,64000000,0.01,0.5,0.1,0.000001,,,,,,,,unresolved_no_certificate,absent,accept_conditional_contract
historical_moments,4194304,64000000,0.01,0.5,0.1,0.000003,,,,,,,,unresolved_no_certificate,absent,accept_conditional_contract
historical_moments,4194304,64000000,0.01,0.5,0.1,0.000010,,,,,,,,unresolved_no_certificate,absent,accept_conditional_contract
rarity_diagnostic,4194304,64000000,0.01,0.05,0.001,0.000001,,,,,,,1.92810093879e-1,fixed_U_class_excluded_conditional,absent,accept_conditional_contract
rarity_diagnostic,4194304,64000000,0.01,0.05,0.001,0.000003,,,,,,,1.92810093879e-1,fixed_U_class_excluded_conditional,absent,accept_conditional_contract
rarity_diagnostic,4194304,64000000,0.01,0.05,0.001,0.000010,,,,,,,1.92810093879e-1,fixed_U_class_excluded_conditional,absent,accept_conditional_contract
rarity_diagnostic,4194304,64000000,0.01,0.05,0.01,0.000001,,,,,,,1.92810093879e-1,fixed_U_class_excluded_conditional,absent,accept_conditional_contract
rarity_diagnostic,4194304,64000000,0.01,0.05,0.01,0.000003,,,,,,,1.92810093879e-1,fixed_U_class_excluded_conditional,absent,accept_conditional_contract
rarity_diagnostic,4194304,64000000,0.01,0.05,0.01,0.000010,,,,,,,1.92810093879e-1,fixed_U_class_excluded_conditional,absent,accept_conditional_contract
rarity_diagnostic,4194304,64000000,0.01,0.05,0.1,0.000001,,,,,,,1.92810093879e-1,fixed_U_class_excluded_conditional,absent,accept_conditional_contract
rarity_diagnostic,4194304,64000000,0.01,0.05,0.1,0.000003,,,,,,,1.92810093879e-1,fixed_U_class_excluded_conditional,absent,accept_conditional_contract
rarity_diagnostic,4194304,64000000,0.01,0.05,0.1,0.000010,,,,,,,1.92810093879e-1,fixed_U_class_excluded_conditional,absent,accept_conditional_contract
rarity_diagnostic,4194304,64000000,0.01,0.25,0.001,0.000001,,,,,,,1.92810093879e-1,fixed_U_class_excluded_conditional,absent,accept_conditional_contract
rarity_diagnostic,4194304,64000000,0.01,0.25,0.001,0.000003,,,,,,,1.92810093879e-1,fixed_U_class_excluded_conditional,absent,accept_conditional_contract
rarity_diagnostic,4194304,64000000,0.01,0.25,0.001,0.000010,,,,,,,1.92810093879e-1,fixed_U_class_excluded_conditional,absent,accept_conditional_contract
rarity_diagnostic,4194304,64000000,0.01,0.25,0.01,0.000001,,,,,,,1.92810093879e-1,fixed_U_class_excluded_conditional,absent,accept_conditional_contract
rarity_diagnostic,4194304,64000000,0.01,0.25,0.01,0.000003,,,,,,,1.92810093879e-1,fixed_U_class_excluded_conditional,absent,accept_conditional_contract
rarity_diagnostic,4194304,64000000,0.01,0.25,0.01,0.000010,,,,,,,1.92810093879e-1,fixed_U_class_excluded_conditional,absent,accept_conditional_contract
rarity_diagnostic,4194304,64000000,0.01,0.25,0.1,0.000001,,,,,,,1.92810093879e-1,fixed_U_class_excluded_conditional,absent,accept_conditional_contract
rarity_diagnostic,4194304,64000000,0.01,0.25,0.1,0.000003,,,,,,,1.92810093879e-1,fixed_U_class_excluded_conditional,absent,accept_conditional_contract
rarity_diagnostic,4194304,64000000,0.01,0.25,0.1,0.000010,,,,,,,1.92810093879e-1,fixed_U_class_excluded_conditional,absent,accept_conditional_contract
rarity_diagnostic,4194304,64000000,0.01,0.5,0.001,0.000001,,,,,,,1.92810093879e-1,fixed_U_class_excluded_conditional,absent,accept_conditional_contract
rarity_diagnostic,4194304,64000000,0.01,0.5,0.001,0.000003,,,,,,,1.92810093879e-1,fixed_U_class_excluded_conditional,absent,accept_conditional_contract
rarity_diagnostic,4194304,64000000,0.01,0.5,0.001,0.000010,,,,,,,1.92810093879e-1,fixed_U_class_excluded_conditional,absent,accept_conditional_contract
rarity_diagnostic,4194304,64000000,0.01,0.5,0.01,0.000001,,,,,,,1.92810093879e-1,fixed_U_class_excluded_conditional,absent,accept_conditional_contract
rarity_diagnostic,4194304,64000000,0.01,0.5,0.01,0.000003,,,,,,,1.92810093879e-1,fixed_U_class_excluded_conditional,absent,accept_conditional_contract
rarity_diagnostic,4194304,64000000,0.01,0.5,0.01,0.000010,,,,,,,1.92810093879e-1,fixed_U_class_excluded_conditional,absent,accept_conditional_contract
rarity_diagnostic,4194304,64000000,0.01,0.5,0.1,0.000001,,,,,,,1.92810093879e-1,fixed_U_class_excluded_conditional,absent,accept_conditional_contract
rarity_diagnostic,4194304,64000000,0.01,0.5,0.1,0.000003,,,,,,,1.92810093879e-1,fixed_U_class_excluded_conditional,absent,accept_conditional_contract
rarity_diagnostic,4194304,64000000,0.01,0.5,0.1,0.000010,,,,,,,1.92810093879e-1,fixed_U_class_excluded_conditional,absent,accept_conditional_contract
historical_moments,4194304,256000000,0.001,0.05,0.001,0.000001,,,,,,,,unresolved_no_certificate,absent,accept_conditional_contract
historical_moments,4194304,256000000,0.001,0.05,0.001,0.000003,,,,,,,,unresolved_no_certificate,absent,accept_conditional_contract
historical_moments,4194304,256000000,0.001,0.05,0.001,0.000010,,,,,,,,unresolved_no_certificate,absent,accept_conditional_contract
historical_moments,4194304,256000000,0.001,0.05,0.01,0.000001,,,,,,,,unresolved_no_certificate,absent,accept_conditional_contract
historical_moments,4194304,256000000,0.001,0.05,0.01,0.000003,,,,,,,,unresolved_no_certificate,absent,accept_conditional_contract
historical_moments,4194304,256000000,0.001,0.05,0.01,0.000010,,,,,,,,unresolved_no_certificate,absent,accept_conditional_contract
historical_moments,4194304,256000000,0.001,0.05,0.1,0.000001,,,,,,,,unresolved_no_certificate,absent,accept_conditional_contract
historical_moments,4194304,256000000,0.001,0.05,0.1,0.000003,,,,,,,,unresolved_no_certificate,absent,accept_conditional_contract
historical_moments,4194304,256000000,0.001,0.05,0.1,0.000010,,,,,,,,unresolved_no_certificate,absent,accept_conditional_contract
historical_moments,4194304,256000000,0.001,0.25,0.001,0.000001,,,,,,,,unresolved_no_certificate,absent,accept_conditional_contract
historical_moments,4194304,256000000,0.001,0.25,0.001,0.000003,,,,,,,,unresolved_no_certificate,absent,accept_conditional_contract
historical_moments,4194304,256000000,0.001,0.25,0.001,0.000010,,,,,,,,unresolved_no_certificate,absent,accept_conditional_contract
historical_moments,4194304,256000000,0.001,0.25,0.01,0.000001,,,,,,,,unresolved_no_certificate,absent,accept_conditional_contract
historical_moments,4194304,256000000,0.001,0.25,0.01,0.000003,,,,,,,,unresolved_no_certificate,absent,accept_conditional_contract
historical_moments,4194304,256000000,0.001,0.25,0.01,0.000010,,,,,,,,unresolved_no_certificate,absent,accept_conditional_contract
historical_moments,4194304,256000000,0.001,0.25,0.1,0.000001,,,,,,,,unresolved_no_certificate,absent,accept_conditional_contract
historical_moments,4194304,256000000,0.001,0.25,0.1,0.000003,,,,,,,,unresolved_no_certificate,absent,accept_conditional_contract
historical_moments,4194304,256000000,0.001,0.25,0.1,0.000010,,,,,,,,unresolved_no_certificate,absent,accept_conditional_contract
historical_moments,4194304,256000000,0.001,0.5,0.001,0.000001,,,,,,,,unresolved_no_certificate,absent,accept_conditional_contract
historical_moments,4194304,256000000,0.001,0.5,0.001,0.000003,,,,,,,,unresolved_no_certificate,absent,accept_conditional_contract
historical_moments,4194304,256000000,0.001,0.5,0.001,0.000010,,,,,,,,unresolved_no_certificate,absent,accept_conditional_contract
historical_moments,4194304,256000000,0.001,0.5,0.01,0.000001,,,,,,,,unresolved_no_certificate,absent,accept_conditional_contract
historical_moments,4194304,256000000,0.001,0.5,0.01,0.000003,,,,,,,,unresolved_no_certificate,absent,accept_conditional_contract
historical_moments,4194304,256000000,0.001,0.5,0.01,0.000010,,,,,,,,unresolved_no_certificate,absent,accept_conditional_contract
historical_moments,4194304,256000000,0.001,0.5,0.1,0.000001,,,,,,,,unresolved_no_certificate,absent,accept_conditional_contract
historical_moments,4194304,256000000,0.001,0.5,0.1,0.000003,,,,,,,,unresolved_no_certificate,absent,accept_conditional_contract
historical_moments,4194304,256000000,0.001,0.5,0.1,0.000010,,,,,,,,unresolved_no_certificate,absent,accept_conditional_contract
rarity_diagnostic,4194304,256000000,0.001,0.05,0.001,0.000001,,,,,,,4.13549426836e-1,fixed_U_class_excluded_conditional,absent,accept_conditional_contract
rarity_diagnostic,4194304,256000000,0.001,0.05,0.001,0.000003,,,,,,,4.13549426836e-1,fixed_U_class_excluded_conditional,absent,accept_conditional_contract
rarity_diagnostic,4194304,256000000,0.001,0.05,0.001,0.000010,,,,,,,4.13549426836e-1,fixed_U_class_excluded_conditional,absent,accept_conditional_contract
rarity_diagnostic,4194304,256000000,0.001,0.05,0.01,0.000001,,,,,,,4.13549426836e-1,fixed_U_class_excluded_conditional,absent,accept_conditional_contract
rarity_diagnostic,4194304,256000000,0.001,0.05,0.01,0.000003,,,,,,,4.13549426836e-1,fixed_U_class_excluded_conditional,absent,accept_conditional_contract
rarity_diagnostic,4194304,256000000,0.001,0.05,0.01,0.000010,,,,,,,4.13549426836e-1,fixed_U_class_excluded_conditional,absent,accept_conditional_contract
rarity_diagnostic,4194304,256000000,0.001,0.05,0.1,0.000001,,,,,,,4.13549426836e-1,fixed_U_class_excluded_conditional,absent,accept_conditional_contract
rarity_diagnostic,4194304,256000000,0.001,0.05,0.1,0.000003,,,,,,,4.13549426836e-1,fixed_U_class_excluded_conditional,absent,accept_conditional_contract
rarity_diagnostic,4194304,256000000,0.001,0.05,0.1,0.000010,,,,,,,4.13549426836e-1,fixed_U_class_excluded_conditional,absent,accept_conditional_contract
rarity_diagnostic,4194304,256000000,0.001,0.25,0.001,0.000001,,,,,,,4.13549426836e-1,fixed_U_class_excluded_conditional,absent,accept_conditional_contract
rarity_diagnostic,4194304,256000000,0.001,0.25,0.001,0.000003,,,,,,,4.13549426836e-1,fixed_U_class_excluded_conditional,absent,accept_conditional_contract
rarity_diagnostic,4194304,256000000,0.001,0.25,0.001,0.000010,,,,,,,4.13549426836e-1,fixed_U_class_excluded_conditional,absent,accept_conditional_contract
rarity_diagnostic,4194304,256000000,0.001,0.25,0.01,0.000001,,,,,,,4.13549426836e-1,fixed_U_class_excluded_conditional,absent,accept_conditional_contract
rarity_diagnostic,4194304,256000000,0.001,0.25,0.01,0.000003,,,,,,,4.13549426836e-1,fixed_U_class_excluded_conditional,absent,accept_conditional_contract
rarity_diagnostic,4194304,256000000,0.001,0.25,0.01,0.000010,,,,,,,4.13549426836e-1,fixed_U_class_excluded_conditional,absent,accept_conditional_contract
rarity_diagnostic,4194304,256000000,0.001,0.25,0.1,0.000001,,,,,,,4.13549426836e-1,fixed_U_class_excluded_conditional,absent,accept_conditional_contract
rarity_diagnostic,4194304,256000000,0.001,0.25,0.1,0.000003,,,,,,,4.13549426836e-1,fixed_U_class_excluded_conditional,absent,accept_conditional_contract
rarity_diagnostic,4194304,256000000,0.001,0.25,0.1,0.000010,,,,,,,4.13549426836e-1,fixed_U_class_excluded_conditional,absent,accept_conditional_contract
rarity_diagnostic,4194304,256000000,0.001,0.5,0.001,0.000001,,,,,,,4.13549426836e-1,fixed_U_class_excluded_conditional,absent,accept_conditional_contract
rarity_diagnostic,4194304,256000000,0.001,0.5,0.001,0.000003,,,,,,,4.13549426836e-1,fixed_U_class_excluded_conditional,absent,accept_conditional_contract
rarity_diagnostic,4194304,256000000,0.001,0.5,0.001,0.000010,,,,,,,4.13549426836e-1,fixed_U_class_excluded_conditional,absent,accept_conditional_contract
rarity_diagnostic,4194304,256000000,0.001,0.5,0.01,0.000001,,,,,,,4.13549426836e-1,fixed_U_class_excluded_conditional,absent,accept_conditional_contract
rarity_diagnostic,4194304,256000000,0.001,0.5,0.01,0.000003,,,,,,,4.13549426836e-1,fixed_U_class_excluded_conditional,absent,accept_conditional_contract
rarity_diagnostic,4194304,256000000,0.001,0.5,0.01,0.000010,,,,,,,4.13549426836e-1,fixed_U_class_excluded_conditional,absent,accept_conditional_contract
rarity_diagnostic,4194304,256000000,0.001,0.5,0.1,0.000001,,,,,,,4.13549426836e-1,fixed_U_class_excluded_conditional,absent,accept_conditional_contract
rarity_diagnostic,4194304,256000000,0.001,0.5,0.1,0.000003,,,,,,,4.13549426836e-1,fixed_U_class_excluded_conditional,absent,accept_conditional_contract
rarity_diagnostic,4194304,256000000,0.001,0.5,0.1,0.000010,,,,,,,4.13549426836e-1,fixed_U_class_excluded_conditional,absent,accept_conditional_contract
historical_moments,4194304,256000000,0.0025,0.05,0.001,0.000001,,,,,,,,unresolved_no_certificate,absent,accept_conditional_contract
historical_moments,4194304,256000000,0.0025,0.05,0.001,0.000003,,,,,,,,unresolved_no_certificate,absent,accept_conditional_contract
historical_moments,4194304,256000000,0.0025,0.05,0.001,0.000010,,,,,,,,unresolved_no_certificate,absent,accept_conditional_contract
historical_moments,4194304,256000000,0.0025,0.05,0.01,0.000001,,,,,,,,unresolved_no_certificate,absent,accept_conditional_contract
historical_moments,4194304,256000000,0.0025,0.05,0.01,0.000003,,,,,,,,unresolved_no_certificate,absent,accept_conditional_contract
historical_moments,4194304,256000000,0.0025,0.05,0.01,0.000010,,,,,,,,unresolved_no_certificate,absent,accept_conditional_contract
historical_moments,4194304,256000000,0.0025,0.05,0.1,0.000001,,,,,,,,unresolved_no_certificate,absent,accept_conditional_contract
historical_moments,4194304,256000000,0.0025,0.05,0.1,0.000003,,,,,,,,unresolved_no_certificate,absent,accept_conditional_contract
historical_moments,4194304,256000000,0.0025,0.05,0.1,0.000010,,,,,,,,unresolved_no_certificate,absent,accept_conditional_contract
historical_moments,4194304,256000000,0.0025,0.25,0.001,0.000001,,,,,,,,unresolved_no_certificate,absent,accept_conditional_contract
historical_moments,4194304,256000000,0.0025,0.25,0.001,0.000003,,,,,,,,unresolved_no_certificate,absent,accept_conditional_contract
historical_moments,4194304,256000000,0.0025,0.25,0.001,0.000010,,,,,,,,unresolved_no_certificate,absent,accept_conditional_contract
historical_moments,4194304,256000000,0.0025,0.25,0.01,0.000001,,,,,,,,unresolved_no_certificate,absent,accept_conditional_contract
historical_moments,4194304,256000000,0.0025,0.25,0.01,0.000003,,,,,,,,unresolved_no_certificate,absent,accept_conditional_contract
historical_moments,4194304,256000000,0.0025,0.25,0.01,0.000010,,,,,,,,unresolved_no_certificate,absent,accept_conditional_contract
historical_moments,4194304,256000000,0.0025,0.25,0.1,0.000001,,,,,,,,unresolved_no_certificate,absent,accept_conditional_contract
historical_moments,4194304,256000000,0.0025,0.25,0.1,0.000003,,,,,,,,unresolved_no_certificate,absent,accept_conditional_contract
historical_moments,4194304,256000000,0.0025,0.25,0.1,0.000010,,,,,,,,unresolved_no_certificate,absent,accept_conditional_contract
historical_moments,4194304,256000000,0.0025,0.5,0.001,0.000001,,,,,,,,unresolved_no_certificate,absent,accept_conditional_contract
historical_moments,4194304,256000000,0.0025,0.5,0.001,0.000003,,,,,,,,unresolved_no_certificate,absent,accept_conditional_contract
historical_moments,4194304,256000000,0.0025,0.5,0.001,0.000010,,,,,,,,unresolved_no_certificate,absent,accept_conditional_contract
historical_moments,4194304,256000000,0.0025,0.5,0.01,0.000001,,,,,,,,unresolved_no_certificate,absent,accept_conditional_contract
historical_moments,4194304,256000000,0.0025,0.5,0.01,0.000003,,,,,,,,unresolved_no_certificate,absent,accept_conditional_contract
historical_moments,4194304,256000000,0.0025,0.5,0.01,0.000010,,,,,,,,unresolved_no_certificate,absent,accept_conditional_contract
historical_moments,4194304,256000000,0.0025,0.5,0.1,0.000001,,,,,,,,unresolved_no_certificate,absent,accept_conditional_contract
historical_moments,4194304,256000000,0.0025,0.5,0.1,0.000003,,,,,,,,unresolved_no_certificate,absent,accept_conditional_contract
historical_moments,4194304,256000000,0.0025,0.5,0.1,0.000010,,,,,,,,unresolved_no_certificate,absent,accept_conditional_contract
rarity_diagnostic,4194304,256000000,0.0025,0.05,0.001,0.000001,,,,,,,1.92810094500e-1,fixed_U_class_excluded_conditional,absent,accept_conditional_contract
rarity_diagnostic,4194304,256000000,0.0025,0.05,0.001,0.000003,,,,,,,1.92810094500e-1,fixed_U_class_excluded_conditional,absent,accept_conditional_contract
rarity_diagnostic,4194304,256000000,0.0025,0.05,0.001,0.000010,,,,,,,1.92810094500e-1,fixed_U_class_excluded_conditional,absent,accept_conditional_contract
rarity_diagnostic,4194304,256000000,0.0025,0.05,0.01,0.000001,,,,,,,1.92810094500e-1,fixed_U_class_excluded_conditional,absent,accept_conditional_contract
rarity_diagnostic,4194304,256000000,0.0025,0.05,0.01,0.000003,,,,,,,1.92810094500e-1,fixed_U_class_excluded_conditional,absent,accept_conditional_contract
rarity_diagnostic,4194304,256000000,0.0025,0.05,0.01,0.000010,,,,,,,1.92810094500e-1,fixed_U_class_excluded_conditional,absent,accept_conditional_contract
rarity_diagnostic,4194304,256000000,0.0025,0.05,0.1,0.000001,,,,,,,1.92810094500e-1,fixed_U_class_excluded_conditional,absent,accept_conditional_contract
rarity_diagnostic,4194304,256000000,0.0025,0.05,0.1,0.000003,,,,,,,1.92810094500e-1,fixed_U_class_excluded_conditional,absent,accept_conditional_contract
rarity_diagnostic,4194304,256000000,0.0025,0.05,0.1,0.000010,,,,,,,1.92810094500e-1,fixed_U_class_excluded_conditional,absent,accept_conditional_contract
rarity_diagnostic,4194304,256000000,0.0025,0.25,0.001,0.000001,,,,,,,1.92810094500e-1,fixed_U_class_excluded_conditional,absent,accept_conditional_contract
rarity_diagnostic,4194304,256000000,0.0025,0.25,0.001,0.000003,,,,,,,1.92810094500e-1,fixed_U_class_excluded_conditional,absent,accept_conditional_contract
rarity_diagnostic,4194304,256000000,0.0025,0.25,0.001,0.000010,,,,,,,1.92810094500e-1,fixed_U_class_excluded_conditional,absent,accept_conditional_contract
rarity_diagnostic,4194304,256000000,0.0025,0.25,0.01,0.000001,,,,,,,1.92810094500e-1,fixed_U_class_excluded_conditional,absent,accept_conditional_contract
rarity_diagnostic,4194304,256000000,0.0025,0.25,0.01,0.000003,,,,,,,1.92810094500e-1,fixed_U_class_excluded_conditional,absent,accept_conditional_contract
rarity_diagnostic,4194304,256000000,0.0025,0.25,0.01,0.000010,,,,,,,1.92810094500e-1,fixed_U_class_excluded_conditional,absent,accept_conditional_contract
rarity_diagnostic,4194304,256000000,0.0025,0.25,0.1,0.000001,,,,,,,1.92810094500e-1,fixed_U_class_excluded_conditional,absent,accept_conditional_contract
rarity_diagnostic,4194304,256000000,0.0025,0.25,0.1,0.000003,,,,,,,1.92810094500e-1,fixed_U_class_excluded_conditional,absent,accept_conditional_contract
rarity_diagnostic,4194304,256000000,0.0025,0.25,0.1,0.000010,,,,,,,1.92810094500e-1,fixed_U_class_excluded_conditional,absent,accept_conditional_contract
rarity_diagnostic,4194304,256000000,0.0025,0.5,0.001,0.000001,,,,,,,1.92810094500e-1,fixed_U_class_excluded_conditional,absent,accept_conditional_contract
rarity_diagnostic,4194304,256000000,0.0025,0.5,0.001,0.000003,,,,,,,1.92810094500e-1,fixed_U_class_excluded_conditional,absent,accept_conditional_contract
rarity_diagnostic,4194304,256000000,0.0025,0.5,0.001,0.000010,,,,,,,1.92810094500e-1,fixed_U_class_excluded_conditional,absent,accept_conditional_contract
rarity_diagnostic,4194304,256000000,0.0025,0.5,0.01,0.000001,,,,,,,1.92810094500e-1,fixed_U_class_excluded_conditional,absent,accept_conditional_contract
rarity_diagnostic,4194304,256000000,0.0025,0.5,0.01,0.000003,,,,,,,1.92810094500e-1,fixed_U_class_excluded_conditional,absent,accept_conditional_contract
rarity_diagnostic,4194304,256000000,0.0025,0.5,0.01,0.000010,,,,,,,1.92810094500e-1,fixed_U_class_excluded_conditional,absent,accept_conditional_contract
rarity_diagnostic,4194304,256000000,0.0025,0.5,0.1,0.000001,,,,,,,1.92810094500e-1,fixed_U_class_excluded_conditional,absent,accept_conditional_contract
rarity_diagnostic,4194304,256000000,0.0025,0.5,0.1,0.000003,,,,,,,1.92810094500e-1,fixed_U_class_excluded_conditional,absent,accept_conditional_contract
rarity_diagnostic,4194304,256000000,0.0025,0.5,0.1,0.000010,,,,,,,1.92810094500e-1,fixed_U_class_excluded_conditional,absent,accept_conditional_contract
historical_moments,4194304,256000000,0.01,0.05,0.001,0.000001,,,,,,,,unresolved_no_certificate,absent,accept_conditional_contract
historical_moments,4194304,256000000,0.01,0.05,0.001,0.000003,,,,,,,,unresolved_no_certificate,absent,accept_conditional_contract
historical_moments,4194304,256000000,0.01,0.05,0.001,0.000010,,,,,,,,unresolved_no_certificate,absent,accept_conditional_contract
historical_moments,4194304,256000000,0.01,0.05,0.01,0.000001,,,,,,,,unresolved_no_certificate,absent,accept_conditional_contract
historical_moments,4194304,256000000,0.01,0.05,0.01,0.000003,,,,,,,,unresolved_no_certificate,absent,accept_conditional_contract
historical_moments,4194304,256000000,0.01,0.05,0.01,0.000010,,,,,,,,unresolved_no_certificate,absent,accept_conditional_contract
historical_moments,4194304,256000000,0.01,0.05,0.1,0.000001,,,,,,,,unresolved_no_certificate,absent,accept_conditional_contract
historical_moments,4194304,256000000,0.01,0.05,0.1,0.000003,,,,,,,,unresolved_no_certificate,absent,accept_conditional_contract
historical_moments,4194304,256000000,0.01,0.05,0.1,0.000010,,,,,,,,unresolved_no_certificate,absent,accept_conditional_contract
historical_moments,4194304,256000000,0.01,0.25,0.001,0.000001,,,,,,,,unresolved_no_certificate,absent,accept_conditional_contract
historical_moments,4194304,256000000,0.01,0.25,0.001,0.000003,,,,,,,,unresolved_no_certificate,absent,accept_conditional_contract
historical_moments,4194304,256000000,0.01,0.25,0.001,0.000010,,,,,,,,unresolved_no_certificate,absent,accept_conditional_contract
historical_moments,4194304,256000000,0.01,0.25,0.01,0.000001,,,,,,,,unresolved_no_certificate,absent,accept_conditional_contract
historical_moments,4194304,256000000,0.01,0.25,0.01,0.000003,,,,,,,,unresolved_no_certificate,absent,accept_conditional_contract
historical_moments,4194304,256000000,0.01,0.25,0.01,0.000010,,,,,,,,unresolved_no_certificate,absent,accept_conditional_contract
historical_moments,4194304,256000000,0.01,0.25,0.1,0.000001,,,,,,,,unresolved_no_certificate,absent,accept_conditional_contract
historical_moments,4194304,256000000,0.01,0.25,0.1,0.000003,,,,,,,,unresolved_no_certificate,absent,accept_conditional_contract
historical_moments,4194304,256000000,0.01,0.25,0.1,0.000010,,,,,,,,unresolved_no_certificate,absent,accept_conditional_contract
historical_moments,4194304,256000000,0.01,0.5,0.001,0.000001,,,,,,,,unresolved_no_certificate,absent,accept_conditional_contract
historical_moments,4194304,256000000,0.01,0.5,0.001,0.000003,,,,,,,,unresolved_no_certificate,absent,accept_conditional_contract
historical_moments,4194304,256000000,0.01,0.5,0.001,0.000010,,,,,,,,unresolved_no_certificate,absent,accept_conditional_contract
historical_moments,4194304,256000000,0.01,0.5,0.01,0.000001,,,,,,,,unresolved_no_certificate,absent,accept_conditional_contract
historical_moments,4194304,256000000,0.01,0.5,0.01,0.000003,,,,,,,,unresolved_no_certificate,absent,accept_conditional_contract
historical_moments,4194304,256000000,0.01,0.5,0.01,0.000010,,,,,,,,unresolved_no_certificate,absent,accept_conditional_contract
historical_moments,4194304,256000000,0.01,0.5,0.1,0.000001,,,,,,,,unresolved_no_certificate,absent,accept_conditional_contract
historical_moments,4194304,256000000,0.01,0.5,0.1,0.000003,,,,,,,,unresolved_no_certificate,absent,accept_conditional_contract
historical_moments,4194304,256000000,0.01,0.5,0.1,0.000010,,,,,,,,unresolved_no_certificate,absent,accept_conditional_contract
rarity_diagnostic,4194304,256000000,0.01,0.05,0.001,0.000001,,,,,,,5.23142119781e-2,fixed_U_class_excluded_conditional,absent,accept_conditional_contract
rarity_diagnostic,4194304,256000000,0.01,0.05,0.001,0.000003,,,,,,,5.23142119781e-2,fixed_U_class_excluded_conditional,absent,accept_conditional_contract
rarity_diagnostic,4194304,256000000,0.01,0.05,0.001,0.000010,,,,,,,5.23142119781e-2,fixed_U_class_excluded_conditional,absent,accept_conditional_contract
rarity_diagnostic,4194304,256000000,0.01,0.05,0.01,0.000001,,,,,,,5.23142119781e-2,fixed_U_class_excluded_conditional,absent,accept_conditional_contract
rarity_diagnostic,4194304,256000000,0.01,0.05,0.01,0.000003,,,,,,,5.23142119781e-2,fixed_U_class_excluded_conditional,absent,accept_conditional_contract
rarity_diagnostic,4194304,256000000,0.01,0.05,0.01,0.000010,,,,,,,5.23142119781e-2,fixed_U_class_excluded_conditional,absent,accept_conditional_contract
rarity_diagnostic,4194304,256000000,0.01,0.05,0.1,0.000001,,,,,,,5.23142119781e-2,fixed_U_class_excluded_conditional,absent,accept_conditional_contract
rarity_diagnostic,4194304,256000000,0.01,0.05,0.1,0.000003,,,,,,,5.23142119781e-2,fixed_U_class_excluded_conditional,absent,accept_conditional_contract
rarity_diagnostic,4194304,256000000,0.01,0.05,0.1,0.000010,,,,,,,5.23142119781e-2,fixed_U_class_excluded_conditional,absent,accept_conditional_contract
rarity_diagnostic,4194304,256000000,0.01,0.25,0.001,0.000001,,,,,,,5.23142119781e-2,fixed_U_class_excluded_conditional,absent,accept_conditional_contract
rarity_diagnostic,4194304,256000000,0.01,0.25,0.001,0.000003,,,,,,,5.23142119781e-2,fixed_U_class_excluded_conditional,absent,accept_conditional_contract
rarity_diagnostic,4194304,256000000,0.01,0.25,0.001,0.000010,,,,,,,5.23142119781e-2,fixed_U_class_excluded_conditional,absent,accept_conditional_contract
rarity_diagnostic,4194304,256000000,0.01,0.25,0.01,0.000001,,,,,,,5.23142119781e-2,fixed_U_class_excluded_conditional,absent,accept_conditional_contract
rarity_diagnostic,4194304,256000000,0.01,0.25,0.01,0.000003,,,,,,,5.23142119781e-2,fixed_U_class_excluded_conditional,absent,accept_conditional_contract
rarity_diagnostic,4194304,256000000,0.01,0.25,0.01,0.000010,,,,,,,5.23142119781e-2,fixed_U_class_excluded_conditional,absent,accept_conditional_contract
rarity_diagnostic,4194304,256000000,0.01,0.25,0.1,0.000001,,,,,,,5.23142119781e-2,fixed_U_class_excluded_conditional,absent,accept_conditional_contract
rarity_diagnostic,4194304,256000000,0.01,0.25,0.1,0.000003,,,,,,,5.23142119781e-2,fixed_U_class_excluded_conditional,absent,accept_conditional_contract
rarity_diagnostic,4194304,256000000,0.01,0.25,0.1,0.000010,,,,,,,5.23142119781e-2,fixed_U_class_excluded_conditional,absent,accept_conditional_contract
rarity_diagnostic,4194304,256000000,0.01,0.5,0.001,0.000001,,,,,,,5.23142119781e-2,fixed_U_class_excluded_conditional,absent,accept_conditional_contract
rarity_diagnostic,4194304,256000000,0.01,0.5,0.001,0.000003,,,,,,,5.23142119781e-2,fixed_U_class_excluded_conditional,absent,accept_conditional_contract
rarity_diagnostic,4194304,256000000,0.01,0.5,0.001,0.000010,,,,,,,5.23142119781e-2,fixed_U_class_excluded_conditional,absent,accept_conditional_contract
rarity_diagnostic,4194304,256000000,0.01,0.5,0.01,0.000001,,,,,,,5.23142119781e-2,fixed_U_class_excluded_conditional,absent,accept_conditional_contract
rarity_diagnostic,4194304,256000000,0.01,0.5,0.01,0.000003,,,,,,,5.23142119781e-2,fixed_U_class_excluded_conditional,absent,accept_conditional_contract
rarity_diagnostic,4194304,256000000,0.01,0.5,0.01,0.000010,,,,,,,5.23142119781e-2,fixed_U_class_excluded_conditional,absent,accept_conditional_contract
rarity_diagnostic,4194304,256000000,0.01,0.5,0.1,0.000001,,,,,,,5.23142119781e-2,fixed_U_class_excluded_conditional,absent,accept_conditional_contract
rarity_diagnostic,4194304,256000000,0.01,0.5,0.1,0.000003,,,,,,,5.23142119781e-2,fixed_U_class_excluded_conditional,absent,accept_conditional_contract
rarity_diagnostic,4194304,256000000,0.01,0.5,0.1,0.000010,,,,,,,5.23142119781e-2,fixed_U_class_excluded_conditional,absent,accept_conditional_contract
