time_s,previous_period_s,own_count,D_cell_mask_before,D_cell_mask_after,next_period_s,slack_min,slack_max,completed_passes,physical_pending_words_diagnostic_only,local_previous_set_period,local_refined_set_period,PrH_D3000,PrH_D30,last_blocking_node,knownD_slack_unused_for_unknown,remaining_risk_potential_min,remaining_risk_potential_max
1.0,1.0,3.0,4294967295.0,4294967295.0,1.0,0.0116506907766811,0.011999794786343276,1.0,1.0,-1.0,-1.0,0.9996937875984881,0.973020250443843,0.0,0.023449721137260016,0.08755900815402341,0.11725067853058153
2.0,1.0,5.0,4294967295.0,4294967295.0,1.0,0.011650690776681086,0.011999794786343262,2.0,0.0,-1.0,-1.0,0.9996862814050179,0.9695945739099199,0.0,0.023449721137260016,0.08753580945052679,0.11722705112787626
3.0,1.0,4.0,4294967295.0,4294967295.0,1.0,0.0116506907766811,0.011999794786343249,3.0,0.0,-1.0,-1.0,0.9996862798937447,0.9695950457303693,0.0,0.023449721137260016,0.08751480234602889,0.1172038577387159
4.0,1.0,3.0,4294967295.0,4294967295.0,1.0,0.011650690776681086,0.011999794786343249,4.0,2.0,-1.0,-1.0,0.9996862798937005,0.9695950480869249,0.0,0.023449721137260016,0.08749379494375376,0.11718066314933996
5.0,1.0,5.0,4294967295.0,4294967295.0,1.0,0.011650690776681072,0.011999794786343276,5.0,0.0,-1.0,-1.0,0.9996862798937005,0.9695950480857498,0.0,0.023449721137260016,0.08747278753996963,0.11715746727123927
6.0,1.0,6.0,4294967295.0,4294967295.0,1.0,0.011650690776681072,0.01199979478634329,6.0,1.0,-1.0,-1.0,0.9996862798937005,0.9695950480857484,0.0,0.023449721137260016,0.08745178013618628,0.11713427010355182
7.0,1.0,7.0,4294967295.0,4294967295.0,1.0,0.011650690776681072,0.01199979478634329,7.0,0.0,-1.0,-1.0,0.9996862798937005,0.9695950480857485,0.0,0.023449721137260016,0.08743077273240292,0.11711107164541762
8.0,1.0,3.0,4294967295.0,4294967295.0,1.0,0.011650690776681058,0.01199979478634329,8.0,1.0,-1.0,-1.0,0.9996862798937005,0.9695950480857485,0.0,0.023449721137260016,0.08740976532861956,0.11708787189597608
9.0,1.0,7.0,4294967295.0,4294967295.0,1.0,0.011650690776681058,0.011999794786343304,9.0,1.0,-1.0,-1.0,0.9996862798937005,0.9695950480857485,0.0,0.023449721137260016,0.08738875792483619,0.11706467085436602
10.0,1.0,6.0,4294967295.0,4294967295.0,1.0,0.011650690776681058,0.01199979478634329,10.0,1.0,-1.0,-1.0,0.9996862798937005,0.9695950480857485,0.0,0.023449721137260016,0.08736775052105282,0.11704146851972573
11.0,1.0,6.0,4294967295.0,4294967295.0,1.0,0.011650690776681044,0.01199979478634329,11.0,0.0,-1.0,-1.0,0.9996862798937005,0.9695950480857485,0.0,0.023449721137260016,0.08734674311726943,0.1170182648911929
12.0,1.0,4.0,4294967295.0,4294967295.0,1.0,0.011650690776681044,0.011999794786343318,12.0,2.0,-1.0,-1.0,0.9996862798937005,0.9695950480857485,0.0,0.023449721137260016,0.08732573571348609,0.11699505996790462
13.0,1.0,9.0,4294967295.0,4294967295.0,1.0,0.011650690776681044,0.011999794786343318,13.0,1.0,-1.0,-1.0,0.9996862798937005,0.9695950480857485,0.0,0.023449721137260016,0.08730472830970272,0.11697185374899745
14.0,1.0,9.0,4294967295.0,4294967295.0,1.0,0.011650690776681044,0.011999794786343318,14.0,0.0,-1.0,-1.0,0.9996862798937005,0.9695950480857485,0.0,0.023449721137260016,0.08728372090591936,0.11694864623360737
15.0,1.0,7.0,4294967295.0,4294967295.0,1.0,0.011650690776681044,0.011999794786343332,15.0,0.0,-1.0,-1.0,0.9996862798937005,0.9695950480857485,0.0,0.023449721137260016,0.08726271350213598,0.11692543742086975
16.0,1.0,2.0,4294967295.0,4294967295.0,1.0,0.01165069077668103,0.011999794786343318,16.0,0.0,-1.0,-1.0,0.9996862798937005,0.9695950480857485,0.0,0.023449721137260016,0.0872417060983526,0.11690222730991941
17.0,1.0,4.0,4294967295.0,4294967295.0,1.0,0.011650690776681016,0.011999794786343304,17.0,0.0,-1.0,-1.0,0.9996862798937005,0.9695950480857485,0.0,0.023449721137260016,0.08722069869456923,0.1168790158998906
18.0,1.0,3.0,4294967295.0,4294967295.0,1.0,0.011650690776681016,0.011999794786343332,18.0,1.0,-1.0,-1.0,0.9996862798937005,0.9695950480857485,0.0,0.023449721137260016,0.08719969129078588,0.11685580318991695
19.0,1.0,8.0,4294967295.0,4294967295.0,1.0,0.011650690776681016,0.011999794786343332,19.0,0.0,-1.0,-1.0,0.9996862798937005,0.9695950480857485,0.0,0.023449721137260016,0.0871786838870025,0.11683258917913157
20.0,1.0,6.0,4294967295.0,4294967295.0,1.0,0.011650690776681016,0.011999794786343332,20.0,1.0,-1.0,-1.0,0.9996862798937005,0.9695950480857485,0.0,0.023449721137260016,0.08715767648321913,0.11680937386666695
21.0,1.0,12.0,4294967295.0,4294967295.0,1.0,0.011650690776681016,0.011999794786343346,21.0,0.0,-1.0,-1.0,0.9996862798937005,0.9695950480857485,0.0,0.023449721137260016,0.08713666907943579,0.11678615725165502
22.0,1.0,8.0,4294967295.0,4294967295.0,1.0,0.011650690776681016,0.011999794786343332,22.0,1.0,-1.0,-1.0,0.9996862798937005,0.9695950480857485,0.0,0.023449721137260016,0.08711566167565243,0.11676293933322712
23.0,1.0,5.0,4294967295.0,4294967295.0,1.0,0.011650690776681016,0.011999794786343318,23.0,1.0,-1.0,-1.0,0.9996862798937005,0.9695950480857485,0.0,0.023449721137260016,0.08709465427186908,0.11673972011051402
24.0,1.0,6.0,4294967295.0,4294967295.0,1.0,0.011650690776681016,0.011999794786343332,24.0,1.0,-1.0,-1.0,0.9996862798937005,0.9695950480857485,0.0,0.023449721137260016,0.0870736468680857,0.11671649958264589
25.0,1.0,7.0,4294967295.0,4294967295.0,1.0,0.011650690776681003,0.011999794786343332,25.0,1.0,-1.0,-1.0,0.9996862798937005,0.9695950480857485,0.0,0.023449721137260016,0.08705263946430233,0.11669327774875236
26.0,1.0,2.0,4294967295.0,4294967295.0,1.0,0.011650690776681003,0.011999794786343332,26.0,0.0,-1.0,-1.0,0.9996862798937005,0.9695950480857485,0.0,0.023449721137260016,0.08703163206051899,0.11667005460796244
27.0,1.0,6.0,4294967295.0,4294967295.0,1.0,0.011650690776681003,0.011999794786343346,27.0,0.0,-1.0,-1.0,0.9996862798937005,0.9695950480857485,0.0,0.023449721137260016,0.08701062465673563,0.1166468301594046
28.0,1.0,4.0,4294967295.0,4294967295.0,1.0,0.011650690776681003,0.011999794786343346,28.0,0.0,-1.0,-1.0,0.9996862798937005,0.9695950480857485,0.0,0.023449721137260016,0.08698961725295226,0.11662360440220666
29.0,1.0,7.0,4294967295.0,4294967295.0,1.0,0.011650690776681003,0.011999794786343332,29.0,0.0,-1.0,-1.0,0.9996862798937005,0.9695950480857485,0.0,0.023449721137260016,0.08696860984916889,0.11660037733549593
30.0,1.0,12.0,4294967295.0,4294967295.0,1.0,0.011650690776681003,0.011999794786343332,30.0,0.0,-1.0,-1.0,0.9996862798937005,0.9695950480857485,0.0,0.023449721137260016,0.08694760244538553,0.11657714895839912
31.0,1.0,6.0,4294967295.0,4294967295.0,1.0,0.011650690776681003,0.011999794786343332,31.0,0.0,-1.0,-1.0,0.9996862798937005,0.9695950480857485,0.0,0.023449721137260016,0.08692659504160218,0.11655391927004233
32.0,1.0,4.0,4294967295.0,4294967295.0,1.0,0.011650690776681003,0.011999794786343332,32.0,1.0,-1.0,-1.0,0.9996862798937005,0.9695950480857485,0.0,0.023449721137260016,0.0869055876378188,0.1165306882695511
33.0,1.0,5.0,4294967295.0,4294967295.0,1.0,0.011650690776681003,0.011999794786343346,33.0,0.0,-1.0,-1.0,0.9996862798937005,0.9695950480857485,0.0,0.023449721137260016,0.08688458023403543,0.11650745595605039
34.0,1.0,8.0,4294967295.0,4294967295.0,1.0,0.011650690776680989,0.01199979478634336,34.0,0.0,-1.0,-1.0,0.9996862798937005,0.9695950480857485,0.0,0.023449721137260016,0.08686357283025205,0.11648422232866454
35.0,1.0,6.0,4294967295.0,4294967295.0,1.0,0.011650690776680989,0.011999794786343346,35.0,1.0,-1.0,-1.0,0.9996862798937005,0.9695950480857485,0.0,0.023449721137260016,0.0868425654264687,0.11646098738651739
36.0,1.0,5.0,4294967295.0,4294967295.0,1.0,0.011650690776680989,0.011999794786343346,36.0,0.0,-1.0,-1.0,0.9996862798937005,0.9695950480857485,0.0,0.023449721137260016,0.08682155802268533,0.11643775112873211
37.0,1.0,6.0,4294967295.0,4294967295.0,1.0,0.011650690776680989,0.011999794786343346,37.0,3.0,-1.0,-1.0,0.9996862798937005,0.9695950480857485,0.0,0.023449721137260016,0.08680055061890198,0.1164145135544313
38.0,1.0,9.0,4294967295.0,4294967295.0,1.0,0.011650690776680989,0.011999794786343346,38.0,2.0,-1.0,-1.0,0.9996862798937005,0.9695950480857485,0.0,0.023449721137260016,0.08677954321511859,0.116391274662737
39.0,1.0,2.0,4294967295.0,4294967295.0,1.0,0.011650690776680989,0.01199979478634336,39.0,0.0,-1.0,-1.0,0.9996862798937005,0.9695950480857485,0.0,0.023449721137260016,0.08675853581133525,0.11636803445277065
40.0,1.0,0.0,4294967295.0,4294967295.0,1.0,0.011650690776680989,0.011999794786343373,40.0,0.0,-1.0,-1.0,0.867541277643506,0.06874293104515919,0.0,0.023449721137260016,0.08616110010832485,0.10869989763667587
41.0,1.0,0.0,4294967295.0,4294967295.0,2.0,0.011650690776681003,0.01199979478634336,41.0,0.0,-1.0,-1.0,0.014204893595178028,0.008388570143134403,0.0,0.023449721137260016,0.05931306944599309,0.08659882582033746
43.0,2.0,0.0,4294967295.0,4294967295.0,2.0,0.011649205389233308,0.011998932856253822,42.0,0.0,-1.0,-1.0,8.322821131341495e-05,0.008247717015336387,21.0,0.023449721137260016,0.05845657175741459,0.08655543241244641
45.0,2.0,0.0,4294967295.0,4294967295.0,2.0,0.011647729468041879,0.011998088498513831,43.0,0.0,-1.0,-1.0,8.315965605345438e-05,0.00824771634159882,21.0,0.023449721137260016,0.05841800037698546,0.08651234797302892
47.0,2.0,0.0,4294967295.0,4294967295.0,2.0,0.011646253546895732,0.011997244140857927,44.0,0.0,-1.0,-1.0,8.315965572534506e-05,0.0082477163415956,21.0,0.023449721137260016,0.05837943826690331,0.08646926353509023
49.0,2.0,0.0,4294967295.0,4294967295.0,2.0,0.011644777625749586,0.011996420004395728,45.0,0.0,-1.0,-1.0,8.315965572534348e-05,0.0082477163415956,21.0,0.023449721137260016,0.058340881464110234,0.08642617909715154
51.0,2.0,0.0,4294967295.0,4294967295.0,2.0,0.01164330170460344,0.011995636186274874,46.0,0.0,-1.0,-1.0,8.315965572534348e-05,0.0082477163415956,21.0,0.023449721137260016,0.058302329975668345,0.08638309465921284
53.0,2.0,0.0,4294967295.0,4294967295.0,2.0,0.011641825783457307,0.011994852368154035,47.0,0.0,-1.0,-1.0,8.315965572534348e-05,0.0082477163415956,21.0,0.023449721137260016,0.05826378380866815,0.08634001022127416
55.0,2.0,0.0,4294967295.0,4294967295.0,2.0,0.011640349862311189,0.011994068550033182,48.0,0.0,-1.0,-1.0,8.315965572534348e-05,0.0082477163415956,21.0,0.023449721137260016,0.058225242970209645,0.08629692578333546
57.0,2.0,0.0,4294967295.0,4294967295.0,2.0,0.01163887394116507,0.01199328473191233,49.0,0.0,-1.0,-1.0,8.315965572534348e-05,0.0082477163415956,21.0,0.023449721137260016,0.05818670746740229,0.08625384134539676
59.0,2.0,0.0,4294967295.0,4294967295.0,2.0,0.011637398020018924,0.011992500913791476,50.0,0.0,-1.0,-1.0,8.315965572534348e-05,0.0082477163415956,21.0,0.023449721137260016,0.05814817730736504,0.08621075690745807
61.0,2.0,0.0,4294967295.0,4294967295.0,2.0,0.011635922098872792,0.011991717095670623,51.0,0.0,-1.0,-1.0,8.315965572534348e-05,0.0082477163415956,21.0,0.023449721137260016,0.05810965249722632,0.08616767246951937
63.0,2.0,0.0,4294967295.0,4294967295.0,2.0,0.011634446177726646,0.01199093327754977,52.0,0.0,-1.0,-1.0,8.315965572534348e-05,0.0082477163415956,21.0,0.023449721137260016,0.0580711330441241,0.08612458803158067
65.0,2.0,0.0,4294967295.0,4294967295.0,2.0,0.0116329702565805,0.011990149459428931,53.0,0.0,-1.0,-1.0,8.315965572534348e-05,0.0082477163415956,21.0,0.023449721137260016,0.058032618955205846,0.08608150359364197
67.0,2.0,0.0,4294967295.0,4294967295.0,2.0,0.01163149433543434,0.011989365641308092,54.0,0.0,-1.0,-1.0,8.315965572534348e-05,0.0082477163415956,21.0,0.023449721137260016,0.05799411023762858,0.08603841915570327
69.0,2.0,0.0,4294967295.0,4294967295.0,2.0,0.011630018414288193,0.011988581823187239,55.0,0.0,-1.0,-1.0,8.315965572534348e-05,0.0082477163415956,21.0,0.023449721137260016,0.05795560689855887,0.08599533471776459
71.0,2.0,0.0,4294967295.0,4294967295.0,2.0,0.011628542493142074,0.0119877980050664,56.0,0.0,-1.0,-1.0,8.315965572534348e-05,0.0082477163415956,21.0,0.023449721137260016,0.057917108945172845,0.08595225027982592
73.0,2.0,0.0,4294967295.0,4294967295.0,2.0,0.011627066571995956,0.011987014186945547,57.0,0.0,-1.0,-1.0,8.315965572534348e-05,0.0082477163415956,21.0,0.023449721137260016,0.0578786163846562,0.08590916584188724
75.0,2.0,0.0,4294967295.0,4294967295.0,2.0,0.01162559065084981,0.011986230368824694,58.0,0.0,-1.0,-1.0,8.315965572534348e-05,0.0082477163415956,21.0,0.023449721137260016,0.05784012922420423,0.08586608140394857
77.0,2.0,0.0,4294967295.0,4294967295.0,2.0,0.011624114729703677,0.01198544655070384,59.0,0.0,-1.0,-1.0,8.315965572534348e-05,0.0082477163415956,21.0,0.023449721137260016,0.057801647471021816,0.08582299696600987
79.0,2.0,0.0,4294967295.0,4294967295.0,2.0,0.011622638808557545,0.011984662732582987,60.0,0.0,-1.0,-1.0,8.315965572534348e-05,0.0082477163415956,21.0,0.023449721137260016,0.05776317113232347,0.08577991252807117
81.0,2.0,0.0,4294967295.0,4294967295.0,2.0,0.011621162887411399,0.011983878914462134,61.0,0.0,-1.0,-1.0,8.315965572534348e-05,0.0082477163415956,21.0,0.023449721137260016,0.0577247002153333,0.08573682809013247
83.0,2.0,0.0,4294967295.0,4294967295.0,2.0,0.011619686966265252,0.011983095096341281,62.0,0.0,-1.0,-1.0,8.315965572534348e-05,0.0082477163415956,21.0,0.023449721137260016,0.05768623472728508,0.08569374365219377
85.0,2.0,0.0,4294967295.0,4294967295.0,2.0,0.011618211045119106,0.011982311278220428,63.0,0.0,-1.0,-1.0,8.315965572534348e-05,0.0082477163415956,21.0,0.023449721137260016,0.05764777467542223,0.08565065921425508
87.0,2.0,0.0,4294967295.0,4294967295.0,2.0,0.011616735123972988,0.01198152746009959,64.0,0.0,-1.0,-1.0,8.315965572534348e-05,0.0082477163415956,21.0,0.023449721137260016,0.05760932006699784,0.08560757477631638
89.0,2.0,0.0,4294967295.0,4294967295.0,2.0,0.01161525920282687,0.01198074364197875,65.0,0.0,-1.0,-1.0,8.315965572534348e-05,0.0082477163415956,21.0,0.023449721137260016,0.05757087090927466,0.08556449033837768
91.0,2.0,0.0,4294967295.0,4294967295.0,2.0,0.011613783281680737,0.011979959823857897,66.0,0.0,-1.0,-1.0,8.315965572534348e-05,0.0082477163415956,21.0,0.023449721137260016,0.05753242720952513,0.08552140590043898
93.0,2.0,0.0,4294967295.0,4294967295.0,2.0,0.011612307360534604,0.011979176005737044,67.0,0.0,-1.0,-1.0,8.315965572534348e-05,0.0082477163415956,21.0,0.023449721137260016,0.05749398897503141,0.08547832146250028
95.0,2.0,0.0,4294967295.0,4294967295.0,2.0,0.011610831439388472,0.01197839218761619,68.0,0.0,-1.0,-1.0,8.315965572534348e-05,0.0082477163415956,21.0,0.023449721137260016,0.057455556213085374,0.0854352370245616
97.0,2.0,0.0,4294967295.0,4294967295.0,2.0,0.011609355518242326,0.011977608369495338,69.0,0.0,-1.0,-1.0,8.315965572534348e-05,0.0082477163415956,21.0,0.023449721137260016,0.05741712893098861,0.08539215258662293
99.0,2.0,0.0,4294967295.0,4294967295.0,2.0,0.01160787959709618,0.011976824551374499,70.0,0.0,-1.0,-1.0,8.315965572534348e-05,0.0082477163415956,21.0,0.023449721137260016,0.05737870713605246,0.08534906814868425
101.0,2.0,0.0,4294967295.0,4294967295.0,2.0,0.011606403675950033,0.01197604073325366,71.0,0.0,-1.0,-1.0,8.315965572534348e-05,0.0082477163415956,21.0,0.023449721137260016,0.05734029083559803,0.08530598371074556
103.0,2.0,0.0,4294967295.0,4294967295.0,2.0,0.011604927754803901,0.01197525691513282,72.0,0.0,-1.0,-1.0,8.315965572534348e-05,0.0082477163415956,21.0,0.023449721137260016,0.05730188003695617,0.08526289927280686
105.0,2.0,0.0,4294967295.0,4294967295.0,2.0,0.011603451833657755,0.011974473097011967,73.0,0.0,-1.0,-1.0,8.315965572534348e-05,0.0082477163415956,21.0,0.023449721137260016,0.05726347474746751,0.08521981483486817
107.0,2.0,0.0,4294967295.0,4294967295.0,2.0,0.011601975912511622,0.011973689278891114,74.0,0.0,-1.0,-1.0,8.315965572534348e-05,0.0082477163415956,21.0,0.023449721137260016,0.05722507497448251,0.08517673039692947
109.0,2.0,0.0,4294967295.0,4294967295.0,2.0,0.01160049999136549,0.011972905460770261,75.0,0.0,-1.0,-1.0,8.315965572534348e-05,0.0082477163415956,21.0,0.023449721137260016,0.05718668072536139,0.08513364595899077
111.0,2.0,0.0,4294967295.0,4294967295.0,2.0,0.011599024070219358,0.011972121642649422,76.0,0.0,-1.0,-1.0,8.315965572534348e-05,0.0082477163415956,21.0,0.023449721137260016,0.05714829200747424,0.08509056152105207
113.0,2.0,0.0,4294967295.0,4294967295.0,2.0,0.011597548149073211,0.011971337824528597,77.0,0.0,-1.0,-1.0,8.315965572534348e-05,0.0082477163415956,21.0,0.023449721137260016,0.05710990882820094,0.08504747708311337
115.0,2.0,0.0,4294967295.0,4294967295.0,2.0,0.011596072227927079,0.011970554006407744,78.0,0.0,-1.0,-1.0,8.315965572534348e-05,0.0082477163415956,21.0,0.023449721137260016,0.05707153119493124,0.08500439264517468
117.0,2.0,0.0,4294967295.0,4294967295.0,2.0,0.011594596306780947,0.01196977018828689,79.0,0.0,-1.0,-1.0,8.315965572534348e-05,0.0082477163415956,21.0,0.023449721137260016,0.057033159115064735,0.08496130820723599
119.0,2.0,0.0,4294967295.0,4294967295.0,2.0,0.011593120385634814,0.011968986370166024,80.0,0.0,-1.0,-1.0,8.315965572534348e-05,0.0082477163415956,21.0,0.023449721137260016,0.05699479259601091,0.0849182237692973
121.0,2.0,0.0,4294967295.0,4294967295.0,2.0,0.011591644464488682,0.011968202552045157,81.0,0.0,-1.0,-1.0,8.315965572534348e-05,0.0082477163415956,21.0,0.023449721137260016,0.05695643164518913,0.08487513933135861
123.0,2.0,0.0,4294967295.0,4294967295.0,2.0,0.01159016854334255,0.011967418733924318,82.0,0.0,-1.0,-1.0,8.315965572534348e-05,0.0082477163415956,21.0,0.023449721137260016,0.05691807627002866,0.08483205489341994
125.0,2.0,0.0,4294967295.0,4294967295.0,2.0,0.011588692622196417,0.011966634915803478,83.0,0.0,-1.0,-1.0,8.315965572534348e-05,0.0082477163415956,21.0,0.023449721137260016,0.05687972647796866,0.08478897045548126
127.0,2.0,0.0,4294967295.0,4294967295.0,2.0,0.011587216701050285,0.011965851097682625,84.0,0.0,-1.0,-1.0,8.315965572534348e-05,0.0082477163415956,21.0,0.023449721137260016,0.056841382276458234,0.08474588601754257
129.0,2.0,0.0,4294967295.0,4294967295.0,2.0,0.011585740779904138,0.011965067279561772,85.0,0.0,-1.0,-1.0,8.315965572534348e-05,0.0082477163415956,21.0,0.023449721137260016,0.05680304367295642,0.08470280157960387
131.0,2.0,0.0,4294967295.0,4294967295.0,2.0,0.011584264858758006,0.01196428346144092,86.0,0.0,-1.0,-1.0,8.315965572534348e-05,0.0082477163415956,21.0,0.023449721137260016,0.0567647106749322,0.08465971714166518
133.0,2.0,0.0,4294967295.0,4294967295.0,2.0,0.011582788937611874,0.01196349964332008,87.0,0.0,-1.0,-1.0,8.315965572534348e-05,0.0082477163415956,21.0,0.023449721137260016,0.056726383289864554,0.08461663270372648
135.0,2.0,0.0,4294967295.0,4294967295.0,2.0,0.011581313016465727,0.011962715825199241,88.0,0.0,-1.0,-1.0,8.315965572534348e-05,0.0082477163415956,21.0,0.023449721137260016,0.05668806152524239,0.08457354826578778
137.0,2.0,0.0,4294967295.0,4294967295.0,2.0,0.011579837095319595,0.011961932007078388,89.0,0.0,-1.0,-1.0,8.315965572534348e-05,0.0082477163415956,21.0,0.023449721137260016,0.05664974538856463,0.08453046382784908
139.0,2.0,0.0,4294967295.0,4294967295.0,2.0,0.011578361174173449,0.011961148188957535,90.0,0.0,-1.0,-1.0,8.315965572534348e-05,0.0082477163415956,21.0,0.023449721137260016,0.056611434887340224,0.0844873793899104
141.0,2.0,0.0,4294967295.0,4294967295.0,2.0,0.011576885253027303,0.011960364370836682,91.0,0.0,-1.0,-1.0,8.315965572534348e-05,0.0082477163415956,21.0,0.023449721137260016,0.05657313002908812,0.0844442949519717
143.0,2.0,0.0,4294967295.0,4294967295.0,2.0,0.011575409331881142,0.011959580552715829,92.0,0.0,-1.0,-1.0,8.315965572534348e-05,0.0082477163415956,21.0,0.023449721137260016,0.056534830821337284,0.084401210514033
145.0,2.0,0.0,4294967295.0,4294967295.0,2.0,0.01157393341073501,0.011958796734594976,93.0,0.0,-1.0,-1.0,8.315965572534348e-05,0.0082477163415956,21.0,0.023449721137260016,0.056496537271626755,0.0843581260760943
147.0,2.0,0.0,4294967295.0,4294967295.0,2.0,0.011572457489588878,0.011958012916474137,94.0,0.0,-1.0,-1.0,8.315965572534348e-05,0.0082477163415956,21.0,0.023449721137260016,0.05645824938750561,0.08431504163815562
149.0,2.0,0.0,4294967295.0,4294967295.0,2.0,0.011570981568442745,0.011957229098353298,95.0,0.0,-1.0,-1.0,8.315965572534348e-05,0.0082477163415956,21.0,0.023449721137260016,0.056419967176533026,0.08427195720021695
151.0,2.0,0.0,4294967295.0,4294967295.0,2.0,0.011569505647296613,0.011956445280232444,96.0,0.0,-1.0,-1.0,8.315965572534348e-05,0.0082477163415956,21.0,0.023449721137260016,0.056381690646278224,0.08422887276227826
153.0,2.0,0.0,4294967295.0,4294967295.0,2.0,0.011568029726150494,0.011955661462111591,97.0,0.0,-1.0,-1.0,8.315965572534348e-05,0.0082477163415956,21.0,0.023449721137260016,0.05634341980432055,0.08418578832433958
155.0,2.0,0.0,4294967295.0,4294967295.0,2.0,0.011566553805004348,0.011954877643990752,98.0,0.0,-1.0,-1.0,8.315965572534348e-05,0.0082477163415956,21.0,0.023449721137260016,0.05630515465824947,0.08414270388640088
157.0,2.0,0.0,4294967295.0,4294967295.0,2.0,0.011565077883858202,0.011954093825869913,99.0,0.0,-1.0,-1.0,8.315965572534348e-05,0.0082477163415956,21.0,0.023449721137260016,0.05626689521566456,0.08409961944846218
159.0,2.0,0.0,4294967295.0,4294967295.0,2.0,0.011563601962712056,0.011953310007749074,100.0,0.0,-1.0,-1.0,8.315965572534348e-05,0.0082477163415956,21.0,0.023449721137260016,0.05622864148417552,0.08405653501052349
161.0,2.0,0.0,4294967295.0,4294967295.0,2.0,0.011562126041565923,0.011952526189628207,101.0,0.0,-1.0,-1.0,8.315965572534348e-05,0.0082477163415956,21.0,0.023449721137260016,0.05619039347140225,0.0840134505725848
163.0,2.0,0.0,4294967295.0,4294967295.0,2.0,0.011560650120419791,0.011951742371507326,102.0,0.0,-1.0,-1.0,8.315965572534348e-05,0.0082477163415956,21.0,0.023449721137260016,0.05615215118497479,0.0839703661346461
165.0,2.0,0.0,4294967295.0,4294967295.0,2.0,0.011559174199273659,0.01195095855338646,103.0,0.0,-1.0,-1.0,8.315965572534348e-05,0.0082477163415956,21.0,0.023449721137260016,0.05611391463253334,0.0839272816967074
167.0,2.0,0.0,4294967295.0,4294967295.0,2.0,0.01155769827812754,0.011950174735265592,104.0,0.0,-1.0,-1.0,8.315965572534348e-05,0.0082477163415956,21.0,0.023449721137260016,0.056075683821728325,0.08388419725876871
169.0,2.0,0.0,4294967295.0,4294967295.0,2.0,0.011556222356981422,0.01194939091714474,105.0,0.0,-1.0,-1.0,8.315965572534348e-05,0.0082477163415956,21.0,0.023449721137260016,0.056037458760220364,0.08384111282083001
171.0,2.0,0.0,4294967295.0,4294967295.0,2.0,0.011554746435835275,0.011948607099023886,106.0,0.0,-1.0,-1.0,8.315965572534348e-05,0.0082477163415956,21.0,0.023449721137260016,0.055999239455680305,0.08379802838289131
173.0,2.0,3.0,4294967295.0,4294967295.0,1.0,0.011553270514689115,0.01194782328090302,107.0,2.0,-1.0,-1.0,0.9199468679552478,0.9642684400400007,21.0,0.023449721137260016,0.08384270437432031,0.10867033619466024
174.0,1.0,6.0,4294967295.0,4294967295.0,1.0,0.011553270514689115,0.01194782328090302,108.0,0.0,-1.0,-1.0,0.999683885745438,0.9696073950447441,0.0,0.023449721137260016,0.08382512393493158,0.11321594923300177
175.0,1.0,3.0,4294967295.0,4294967295.0,1.0,0.011553270514689115,0.011947823280903005,109.0,1.0,-1.0,-1.0,0.9996862798326052,0.9695950477083302,0.0,0.023449721137260016,0.08380410863457416,0.11319265847100898
176.0,1.0,5.0,4294967295.0,4294967295.0,1.0,0.011553270514689101,0.01194782328090302,110.0,1.0,-1.0,-1.0,0.999686279893699,0.9695950480767632,0.0,0.023449721137260016,0.08378310123101707,0.11316922909374924
177.0,1.0,9.0,4294967295.0,4294967295.0,1.0,0.011553270514689087,0.01194782328090302,111.0,0.0,-1.0,-1.0,0.9996862798937005,0.969595048085752,0.0,0.023449721137260016,0.08376209382723945,0.11314579826768226
178.0,1.0,2.0,4294967295.0,4294967295.0,1.0,0.011553270514689074,0.01194782328090302,112.0,0.0,-1.0,-1.0,0.9996862798937005,0.9695950480857485,0.0,0.023449721137260016,0.08374108642345607,0.11312236599534425
179.0,1.0,5.0,4294967295.0,4294967295.0,1.0,0.011553270514689074,0.01194782328090302,113.0,1.0,-1.0,-1.0,0.9996862798937005,0.9695950480857485,0.0,0.023449721137260016,0.08372007901967271,0.11309893227577078
180.0,1.0,4.0,4294967295.0,4294967295.0,1.0,0.011553270514689074,0.01194782328090302,114.0,0.0,-1.0,-1.0,0.9996862798937005,0.9695950480857485,0.0,0.023449721137260016,0.08369907161588933,0.11307549710799669
181.0,1.0,3.0,4294967295.0,4294967295.0,1.0,0.01155327051468906,0.011947823280903033,115.0,0.0,-1.0,-1.0,0.9996862798937005,0.9695950480857485,0.0,0.023449721137260016,0.08367806421210597,0.11305206049105623
182.0,1.0,7.0,4294967295.0,4294967295.0,1.0,0.01155327051468906,0.011947823280903047,116.0,0.0,-1.0,-1.0,0.9996862798937005,0.9695950480857485,0.0,0.023449721137260016,0.0836570568083226,0.11302862242398293
183.0,1.0,9.0,4294967295.0,4294967295.0,1.0,0.01155327051468906,0.011947823280903047,117.0,0.0,-1.0,-1.0,0.9996862798937005,0.9695950480857485,0.0,0.023449721137260016,0.08363604940453924,0.11300518290580974
184.0,1.0,6.0,4294967295.0,4294967295.0,1.0,0.01155327051468906,0.011947823280903047,118.0,1.0,-1.0,-1.0,0.9996862798937005,0.9695950480857485,0.0,0.023449721137260016,0.08361504200075587,0.11298174193556892
185.0,1.0,5.0,4294967295.0,4294967295.0,1.0,0.011553270514689046,0.011947823280903047,119.0,1.0,-1.0,-1.0,0.9996862798937005,0.9695950480857485,0.0,0.023449721137260016,0.0835940345969725,0.11295829951229217
186.0,1.0,5.0,4294967295.0,4294967295.0,1.0,0.011553270514689046,0.011947823280903047,120.0,1.0,-1.0,-1.0,0.9996862798937005,0.9695950480857485,0.0,0.023449721137260016,0.08357302719318915,0.11293485563501038
187.0,1.0,6.0,4294967295.0,4294967295.0,1.0,0.011553270514689046,0.011947823280903061,121.0,0.0,-1.0,-1.0,0.9996862798937005,0.9695950480857485,0.0,0.023449721137260016,0.0835520197894058,0.11291141030275392
188.0,1.0,5.0,4294967295.0,4294967295.0,1.0,0.011553270514689046,0.011947823280903075,122.0,1.0,-1.0,-1.0,0.9996862798937005,0.9695950480857485,0.0,0.023449721137260016,0.08353101238562244,0.11288796351455246
189.0,1.0,7.0,4294967295.0,4294967295.0,1.0,0.011553270514689046,0.011947823280903075,123.0,2.0,-1.0,-1.0,0.9996862798937005,0.9695950480857485,0.0,0.023449721137260016,0.08351000498183907,0.11286451526943511
190.0,1.0,8.0,4294967295.0,4294967295.0,1.0,0.011553270514689032,0.011947823280903075,124.0,0.0,-1.0,-1.0,0.9996862798937005,0.9695950480857485,0.0,0.023449721137260016,0.0834889975780557,0.11284106556643023
191.0,1.0,8.0,4294967295.0,4294967295.0,1.0,0.011553270514689032,0.011947823280903075,125.0,0.0,-1.0,-1.0,0.9996862798937005,0.9695950480857485,0.0,0.023449721137260016,0.08346799017427234,0.11281761440456556
192.0,1.0,2.0,4294967295.0,4294967295.0,1.0,0.011553270514689032,0.011947823280903089,126.0,0.0,-1.0,-1.0,0.9996862798937005,0.9695950480857485,0.0,0.023449721137260016,0.08344698277048898,0.11279416178286825
193.0,1.0,9.0,4294967295.0,4294967295.0,1.0,0.011553270514689032,0.011947823280903103,127.0,0.0,-1.0,-1.0,0.9996862798937005,0.9695950480857485,0.0,0.023449721137260016,0.08342597536670561,0.11277070770036474
194.0,1.0,4.0,4294967295.0,4294967295.0,1.0,0.011553270514689032,0.011947823280903117,128.0,0.0,-1.0,-1.0,0.9996862798937005,0.9695950480857485,0.0,0.023449721137260016,0.08340496796292224,0.11274725215608078
195.0,1.0,4.0,4294967295.0,4294967295.0,1.0,0.011553270514689032,0.011947823280903117,129.0,1.0,-1.0,-1.0,0.9996862798937005,0.9695950480857485,0.0,0.023449721137260016,0.08338396055913888,0.11272379514904154
196.0,1.0,2.0,4294967295.0,4294967295.0,1.0,0.011553270514689032,0.011947823280903117,130.0,0.0,-1.0,-1.0,0.9996862798937005,0.9695950480857485,0.0,0.023449721137260016,0.08336295315535552,0.11270033667827162
197.0,1.0,2.0,4294967295.0,4294967295.0,1.0,0.011553270514689032,0.011947823280903117,131.0,0.0,-1.0,-1.0,0.9996862798937005,0.9695950480857485,0.0,0.023449721137260016,0.08334194575157215,0.11267687674279472
198.0,1.0,10.0,4294967295.0,4294967295.0,1.0,0.011553270514689032,0.01194782328090313,132.0,0.0,-1.0,-1.0,0.9996862798937005,0.9695950480857485,0.0,0.023449721137260016,0.08332093834778878,0.11265341534163417
199.0,1.0,9.0,4294967295.0,4294967295.0,1.0,0.011553270514689018,0.011947823280903144,133.0,2.0,-1.0,-1.0,0.9996862798937005,0.9695950480857485,0.0,0.023449721137260016,0.0832999309440054,0.11262995247381247
200.0,1.0,5.0,4294967295.0,4294967295.0,1.0,0.011553270514689004,0.011947823280903158,134.0,2.0,-1.0,-1.0,0.9996862798937005,0.9695950480857485,0.0,0.023449721137260016,0.08327892354022204,0.11260648813835153
201.0,1.0,6.0,4294967295.0,4294967295.0,1.0,0.011553270514689004,0.011947823280903158,135.0,3.0,-1.0,-1.0,0.9996862798937005,0.9695950480857485,0.0,0.023449721137260016,0.08325791613643867,0.11258302233427256
202.0,1.0,6.0,4294967295.0,4294967295.0,1.0,0.011553270514689004,0.011947823280903158,136.0,0.0,-1.0,-1.0,0.9996862798937005,0.9695950480857485,0.0,0.023449721137260016,0.08323690873265531,0.1125595550605962
203.0,1.0,6.0,4294967295.0,4294967295.0,1.0,0.011553270514689004,0.011947823280903158,137.0,0.0,-1.0,-1.0,0.9996862798937005,0.9695950480857485,0.0,0.023449721137260016,0.08321590132887194,0.1125360863163424
204.0,1.0,10.0,4294967295.0,4294967295.0,1.0,0.011553270514689004,0.011947823280903172,138.0,0.0,-1.0,-1.0,0.9996862798937005,0.9695950480857485,0.0,0.023449721137260016,0.0831948939250886,0.11251261610053043
205.0,1.0,4.0,4294967295.0,4294967295.0,1.0,0.011553270514689004,0.011947823280903186,139.0,2.0,-1.0,-1.0,0.9996862798937005,0.9695950480857485,0.0,0.023449721137260016,0.08317388652130524,0.11248914441217894
206.0,1.0,9.0,4294967295.0,4294967295.0,1.0,0.011553270514689004,0.011947823280903214,140.0,0.0,-1.0,-1.0,0.9996862798937005,0.9695950480857485,0.0,0.023449721137260016,0.08315287911752188,0.11246567125030588
207.0,1.0,6.0,4294967295.0,4294967295.0,1.0,0.011553270514689004,0.011947823280903214,141.0,1.0,-1.0,-1.0,0.9996862798937005,0.9695950480857485,0.0,0.023449721137260016,0.08313187171373851,0.11244219661392857
208.0,1.0,5.0,4294967295.0,4294967295.0,1.0,0.01155327051468899,0.011947823280903214,142.0,0.0,-1.0,-1.0,0.9996862798937005,0.9695950480857485,0.0,0.023449721137260016,0.08311086430995514,0.1124187205020637
209.0,1.0,9.0,4294967295.0,4294967295.0,1.0,0.01155327051468899,0.011947823280903214,143.0,1.0,-1.0,-1.0,0.9996862798937005,0.9695950480857485,0.0,0.023449721137260016,0.0830898569061718,0.11239524291372727
210.0,1.0,4.0,4294967295.0,4294967295.0,1.0,0.01155327051468899,0.011947823280903228,144.0,1.0,-1.0,-1.0,0.9996862798937005,0.9695950480857485,0.0,0.023449721137260016,0.08306884950238842,0.11237176384793465
211.0,1.0,10.0,4294967295.0,4294967295.0,1.0,0.01155327051468899,0.011947823280903241,145.0,0.0,-1.0,-1.0,0.9996862798937005,0.9695950480857485,0.0,0.023449721137260016,0.08304784209860507,0.11234828330370056
212.0,1.0,5.0,4294967295.0,4294967295.0,1.0,0.01155327051468899,0.01194782328090327,146.0,0.0,-1.0,-1.0,0.9996862798937005,0.9695950480857485,0.0,0.023449721137260016,0.08302683469482168,0.112324801280039
213.0,1.0,1.0,4294967295.0,4294967295.0,1.0,0.011553270514688976,0.01194782328090327,147.0,0.0,-1.0,-1.0,0.9996862798937005,0.9695950480857485,0.0,0.023449721137260016,0.08300582729103831,0.11230131777596339
214.0,1.0,7.0,4294967295.0,4294967295.0,1.0,0.011553270514688962,0.01194782328090327,148.0,1.0,-1.0,-1.0,0.9996862798937005,0.9695950480857485,0.0,0.023449721137260016,0.08298481988725494,0.11227783279048648
215.0,1.0,9.0,4294967295.0,4294967295.0,1.0,0.011553270514688962,0.01194782328090327,149.0,0.0,-1.0,-1.0,0.9996862798937005,0.9695950480857485,0.0,0.023449721137260016,0.08296381248347158,0.11225434632262027
216.0,1.0,6.0,4294967295.0,4294967295.0,1.0,0.011553270514688962,0.011947823280903297,150.0,0.0,-1.0,-1.0,0.9996862798937005,0.9695950480857485,0.0,0.023449721137260016,0.0829428050796882,0.11223085837137622
217.0,1.0,6.0,4294967295.0,4294967295.0,1.0,0.011553270514688949,0.01194782328090331,151.0,0.0,-1.0,-1.0,0.9996862798937005,0.9695950480857485,0.0,0.023449721137260016,0.08292179767590482,0.11220736893576508
218.0,1.0,5.0,4294967295.0,4294967295.0,1.0,0.011553270514688949,0.011947823280903325,152.0,0.0,-1.0,-1.0,0.9996862798937005,0.9695950480857485,0.0,0.023449721137260016,0.08290079027212147,0.11218387801479693
219.0,1.0,4.0,4294967295.0,4294967295.0,1.0,0.011553270514688949,0.011947823280903325,153.0,1.0,-1.0,-1.0,0.9996862798937005,0.9695950480857485,0.0,0.023449721137260016,0.08287978286833811,0.11216038560748118
220.0,1.0,7.0,4294967295.0,4294967295.0,1.0,0.011553270514688949,0.011947823280903325,154.0,0.0,-1.0,-1.0,0.9996862798937005,0.9695950480857485,0.0,0.023449721137260016,0.08285877546455474,0.11213689171282665
221.0,1.0,4.0,4294967295.0,4294967295.0,1.0,0.011553270514688949,0.011947823280903325,155.0,2.0,-1.0,-1.0,0.9996862798937005,0.9695950480857485,0.0,0.023449721137260016,0.08283776806077137,0.11211339632984141
222.0,1.0,8.0,4294967295.0,4294967295.0,1.0,0.011553270514688935,0.011947823280903339,156.0,0.0,-1.0,-1.0,0.9996862798937005,0.9695950480857485,0.0,0.023449721137260016,0.082816760656988,0.11208989945753292
223.0,1.0,5.0,4294967295.0,4294967295.0,1.0,0.01155327051468892,0.011947823280903352,157.0,2.0,-1.0,-1.0,0.9996862798937005,0.9695950480857485,0.0,0.023449721137260016,0.08279575325320464,0.11206640109490798
224.0,1.0,7.0,4294967295.0,4294967295.0,1.0,0.01155327051468892,0.011947823280903366,158.0,1.0,-1.0,-1.0,0.9996862798937005,0.9695950480857485,0.0,0.023449721137260016,0.08277474584942128,0.11204290124097269
225.0,1.0,2.0,4294967295.0,4294967295.0,1.0,0.01155327051468892,0.011947823280903366,159.0,0.0,-1.0,-1.0,0.9996862798937005,0.9695950480857485,0.0,0.023449721137260016,0.08275373844563791,0.11201939989473253
226.0,1.0,8.0,4294967295.0,4294967295.0,1.0,0.011553270514688907,0.011947823280903366,160.0,1.0,-1.0,-1.0,0.9996862798937005,0.9695950480857485,0.0,0.023449721137260016,0.08273273104185454,0.1119958970551923
227.0,1.0,9.0,4294967295.0,4294967295.0,1.0,0.011553270514688907,0.011947823280903366,161.0,0.0,-1.0,-1.0,0.9996862798937005,0.9695950480857485,0.0,0.023449721137260016,0.0827117236380712,0.11197239272135615
228.0,1.0,9.0,4294967295.0,4294967295.0,1.0,0.011553270514688907,0.01194782328090338,162.0,0.0,-1.0,-1.0,0.9996862798937005,0.9695950480857485,0.0,0.023449721137260016,0.08269071623428784,0.11194888689222751
229.0,1.0,4.0,4294967295.0,4294967295.0,1.0,0.011553270514688907,0.011947823280903394,163.0,1.0,-1.0,-1.0,0.9996862798937005,0.9695950480857485,0.0,0.023449721137260016,0.08266970883050447,0.1119253795668092
230.0,1.0,8.0,4294967295.0,4294967295.0,1.0,0.011553270514688907,0.011947823280903394,164.0,2.0,-1.0,-1.0,0.9996862798937005,0.9695950480857485,0.0,0.023449721137260016,0.0826487014267211,0.11190187074410338
231.0,1.0,8.0,4294967295.0,4294967295.0,1.0,0.011553270514688893,0.011947823280903394,165.0,1.0,-1.0,-1.0,0.9996862798937005,0.9695950480857485,0.0,0.023449721137260016,0.08262769402293771,0.11187836042311153
232.0,1.0,6.0,4294967295.0,4294967295.0,1.0,0.011553270514688893,0.011947823280903394,166.0,0.0,-1.0,-1.0,0.9996862798937005,0.9695950480857485,0.0,0.023449721137260016,0.08260668661915437,0.1118548486028344
233.0,1.0,4.0,4294967295.0,4294967295.0,1.0,0.011553270514688893,0.011947823280903394,167.0,0.0,-1.0,-1.0,0.9996862798937005,0.9695950480857485,0.0,0.023449721137260016,0.082585679215371,0.11183133528227221
234.0,1.0,6.0,4294967295.0,4294967295.0,1.0,0.011553270514688893,0.011947823280903408,168.0,0.0,-1.0,-1.0,0.9996862798937005,0.9695950480857485,0.0,0.023449721137260016,0.08256467181158764,0.1118078204604244
235.0,1.0,8.0,4294967295.0,4294967295.0,1.0,0.011553270514688893,0.011947823280903422,169.0,1.0,-1.0,-1.0,0.9996862798937005,0.9695950480857485,0.0,0.023449721137260016,0.08254366440780425,0.11178430413628976
236.0,1.0,7.0,4294967295.0,4294967295.0,1.0,0.011553270514688893,0.011947823280903422,170.0,0.0,-1.0,-1.0,0.9996862798937005,0.9695950480857485,0.0,0.023449721137260016,0.08252265700402091,0.11176078630886646
237.0,1.0,8.0,4294967295.0,4294967295.0,1.0,0.011553270514688893,0.011947823280903422,171.0,0.0,-1.0,-1.0,0.9996862798937005,0.9695950480857485,0.0,0.023449721137260016,0.08250164960023754,0.11173726697715197
238.0,1.0,4.0,4294967295.0,4294967295.0,1.0,0.011553270514688893,0.011947823280903422,172.0,0.0,-1.0,-1.0,0.9996862798937005,0.9695950480857485,0.0,0.023449721137260016,0.08248064219645418,0.1117137461401431
239.0,1.0,5.0,4294967295.0,4294967295.0,1.0,0.011553270514688893,0.011947823280903422,173.0,1.0,-1.0,-1.0,0.9996862798937005,0.9695950480857485,0.0,0.023449721137260016,0.0824596347926708,0.11169022379683596
240.0,1.0,5.0,4294967295.0,4294967295.0,1.0,0.01155327051468888,0.011947823280903436,174.0,0.0,-1.0,-1.0,0.9996862798937005,0.9695950480857485,0.0,0.023449721137260016,0.08243862738888742,0.11166669994622605
241.0,1.0,8.0,4294967295.0,4294967295.0,1.0,0.01155327051468888,0.01194782328090345,175.0,0.0,-1.0,-1.0,0.9996862798937005,0.9695950480857485,0.0,0.023449721137260016,0.08241761998510408,0.11164317458730813
242.0,1.0,6.0,4294967295.0,4294967295.0,1.0,0.01155327051468888,0.01194782328090345,176.0,0.0,-1.0,-1.0,0.9996862798937005,0.9695950480857485,0.0,0.023449721137260016,0.08239661258132072,0.11161964771907634
243.0,1.0,6.0,4294967295.0,4294967295.0,1.0,0.01155327051468888,0.01194782328090345,177.0,0.0,-1.0,-1.0,0.9996862798937005,0.9695950480857485,0.0,0.023449721137260016,0.08237560517753736,0.11159611934052416
244.0,1.0,7.0,4294967295.0,4294967295.0,1.0,0.01155327051468888,0.01194782328090345,178.0,0.0,-1.0,-1.0,0.9996862798937005,0.9695950480857485,0.0,0.023449721137260016,0.08235459777375399,0.11157258945064435
245.0,1.0,6.0,4294967295.0,4294967295.0,1.0,0.01155327051468888,0.01194782328090345,179.0,0.0,-1.0,-1.0,0.9996862798937005,0.9695950480857485,0.0,0.023449721137260016,0.08233359036997064,0.11154905804842902
246.0,1.0,4.0,4294967295.0,4294967295.0,1.0,0.01155327051468888,0.011947823280903463,180.0,1.0,-1.0,-1.0,0.9996862798937005,0.9695950480857485,0.0,0.023449721137260016,0.08231258296618728,0.11152552513286962
247.0,1.0,6.0,4294967295.0,4294967295.0,1.0,0.01155327051468888,0.011947823280903477,181.0,0.0,-1.0,-1.0,0.9996862798937005,0.9695950480857485,0.0,0.023449721137260016,0.08229157556240392,0.11150199070295691
248.0,1.0,6.0,4294967295.0,4294967295.0,1.0,0.01155327051468888,0.011947823280903477,182.0,1.0,-1.0,-1.0,0.9996862798937005,0.9695950480857485,0.0,0.023449721137260016,0.08227056815862055,0.111478454757681
249.0,1.0,7.0,4294967295.0,4294967295.0,1.0,0.01155327051468888,0.011947823280903477,183.0,1.0,-1.0,-1.0,0.9996862798937005,0.9695950480857485,0.0,0.023449721137260016,0.08224956075483718,0.11145491729603133
250.0,1.0,2.0,4294967295.0,4294967295.0,1.0,0.01155327051468888,0.011947823280903477,184.0,0.0,-1.0,-1.0,0.9996862798937005,0.9695950480857485,0.0,0.023449721137260016,0.08222855335105382,0.11143137831699657
251.0,1.0,10.0,4294967295.0,4294967295.0,1.0,0.01155327051468888,0.011947823280903491,185.0,0.0,-1.0,-1.0,0.9996862798937005,0.9695950480857485,0.0,0.023449721137260016,0.08220754594727046,0.11140783781956484
252.0,1.0,5.0,4294967295.0,4294967295.0,1.0,0.01155327051468888,0.011947823280903505,186.0,0.0,-1.0,-1.0,0.9996862798937005,0.9695950480857485,0.0,0.023449721137260016,0.08218653854348709,0.11138429580272355
253.0,1.0,2.0,4294967295.0,4294967295.0,1.0,0.01155327051468888,0.011947823280903519,187.0,0.0,-1.0,-1.0,0.9996862798937005,0.9695950480857485,0.0,0.023449721137260016,0.08216553113970372,0.11136075226545941
254.0,1.0,9.0,4294967295.0,4294967295.0,1.0,0.011553270514688865,0.011947823280903519,188.0,1.0,-1.0,-1.0,0.9996862798937005,0.9695950480857485,0.0,0.023449721137260016,0.08214452373592034,0.11133720720675847
255.0,1.0,5.0,4294967295.0,4294967295.0,1.0,0.011553270514688851,0.011947823280903519,189.0,1.0,-1.0,-1.0,0.9996862798937005,0.9695950480857485,0.0,0.023449721137260016,0.08212351633213698,0.1113136606256061
256.0,1.0,9.0,4294967295.0,4294967295.0,1.0,0.011553270514688851,0.011947823280903519,190.0,2.0,-1.0,-1.0,0.9996862798937005,0.9695950480857485,0.0,0.023449721137260016,0.0821025089283536,0.111290112520987
257.0,1.0,8.0,4294967295.0,4294967295.0,1.0,0.011553270514688851,0.011947823280903533,191.0,3.0,-1.0,-1.0,0.9996862798937005,0.9695950480857485,0.0,0.023449721137260016,0.08208150152457025,0.11126656289188516
258.0,1.0,10.0,4294967295.0,4294967295.0,1.0,0.011553270514688851,0.011947823280903547,192.0,0.0,-1.0,-1.0,0.9996862798937005,0.9695950480857485,0.0,0.023449721137260016,0.08206049412078688,0.11124301173728393
259.0,1.0,9.0,4294967295.0,4294967295.0,1.0,0.011553270514688851,0.01194782328090356,193.0,2.0,-1.0,-1.0,0.9996862798937005,0.9695950480857485,0.0,0.023449721137260016,0.08203948671700353,0.11121945905616601
260.0,1.0,7.0,4294967295.0,4294967295.0,1.0,0.011553270514688851,0.01194782328090356,194.0,2.0,-1.0,-1.0,0.9996862798937005,0.9695950480857485,0.0,0.023449721137260016,0.08201847931322018,0.11119590484751332
261.0,1.0,9.0,4294967295.0,4294967295.0,1.0,0.011553270514688851,0.01194782328090356,195.0,1.0,-1.0,-1.0,0.9996862798937005,0.9695950480857485,0.0,0.023449721137260016,0.08199747190943682,0.11117234911030724
262.0,1.0,6.0,4294967295.0,4294967295.0,1.0,0.011553270514688851,0.011947823280903574,196.0,1.0,-1.0,-1.0,0.9996862798937005,0.9695950480857485,0.0,0.023449721137260016,0.08197646450565345,0.11114879184352833
263.0,1.0,7.0,4294967295.0,4294967295.0,1.0,0.011553270514688838,0.011947823280903588,197.0,1.0,-1.0,-1.0,0.9996862798937005,0.9695950480857485,0.0,0.023449721137260016,0.08195545710187008,0.11112523304615654
264.0,1.0,5.0,4294967295.0,4294967295.0,1.0,0.011553270514688838,0.011947823280903602,198.0,1.0,-1.0,-1.0,0.9996862798937005,0.9695950480857485,0.0,0.023449721137260016,0.08193444969808673,0.11110167271717114
265.0,1.0,8.0,4294967295.0,4294967295.0,1.0,0.011553270514688838,0.011947823280903616,199.0,0.0,-1.0,-1.0,0.9996862798937005,0.9695950480857485,0.0,0.023449721137260016,0.08191344229430336,0.11107811085555075
266.0,1.0,5.0,4294967295.0,4294967295.0,1.0,0.011553270514688838,0.011947823280903616,200.0,0.0,-1.0,-1.0,0.9996862798937005,0.9695950480857485,0.0,0.023449721137260016,0.08189243489052,0.11105454746027327
267.0,1.0,3.0,4294967295.0,4294967295.0,1.0,0.011553270514688838,0.011947823280903616,201.0,1.0,-1.0,-1.0,0.9996862798937005,0.9695950480857485,0.0,0.023449721137260016,0.08187142748673662,0.11103098253031587
268.0,1.0,7.0,4294967295.0,4294967295.0,1.0,0.011553270514688824,0.011947823280903616,202.0,0.0,-1.0,-1.0,0.9996862798937005,0.9695950480857485,0.0,0.023449721137260016,0.08185042008295326,0.11100741606465514
269.0,1.0,7.0,4294967295.0,4294967295.0,1.0,0.011553270514688824,0.01194782328090363,203.0,0.0,-1.0,-1.0,0.9996862798937005,0.9695950480857485,0.0,0.023449721137260016,0.08182941267916989,0.11098384806226688
270.0,1.0,3.0,4294967295.0,4294967295.0,1.0,0.011553270514688824,0.011947823280903644,204.0,0.0,-1.0,-1.0,0.9996862798937005,0.9695950480857485,0.0,0.023449721137260016,0.08180840527538653,0.11096027852212634
271.0,1.0,2.0,4294967295.0,4294967295.0,1.0,0.011553270514688824,0.011947823280903658,205.0,0.0,-1.0,-1.0,0.9996862798937005,0.9695950480857485,0.0,0.023449721137260016,0.08178739787160315,0.11093670744320791
272.0,1.0,0.0,4294967295.0,4294967295.0,1.0,0.01155327051468881,0.011947823280903658,206.0,0.0,-1.0,-1.0,0.867541277643506,0.06874293104515919,0.0,0.023449721137260016,0.08118996216859278,0.10339962123814378
273.0,1.0,0.0,4294967295.0,4294967294.0,2.0,0.011553270514688824,0.011947823280903658,207.0,0.0,2.0,2.0,0.014204893595178028,0.008388570143134403,0.0,0.023449721137260016,0.06389028704377768,0.08164323132972706
275.0,2.0,0.0,4294967294.0,4294967294.0,2.0,0.01155178512724113,0.01194702042635222,208.0,0.0,-1.0,-1.0,8.322821131341495e-05,0.008247717015336387,22.0,0.023449721137260016,0.06352092033332768,0.081599837921836
277.0,2.0,0.0,4294967294.0,4294967294.0,2.0,0.0115503092060497,0.011946236608140245,209.0,0.0,-1.0,-1.0,8.315965605345438e-05,0.00824771634159882,22.0,0.023449721137260016,0.06347949090792981,0.0815567534824185
279.0,2.0,0.0,4294967294.0,4294967294.0,2.0,0.011548833284903581,0.011945452790019392,210.0,0.0,-1.0,-1.0,8.315965572534506e-05,0.0082477163415956,22.0,0.023449721137260016,0.06343806551698747,0.0815136690444798
281.0,2.0,0.0,4294967294.0,4294967294.0,2.0,0.011547357363757449,0.01194466897189854,211.0,0.0,-1.0,-1.0,8.315965572534348e-05,0.0082477163415956,22.0,0.023449721137260016,0.06339664258276351,0.08147058460654114
283.0,2.0,0.0,4294967294.0,4294967294.0,2.0,0.011545881442611317,0.011943885153777686,212.0,0.0,-1.0,-1.0,8.315965572534348e-05,0.0082477163415956,22.0,0.023449721137260016,0.06335522211063348,0.08142750016860247
285.0,2.0,0.0,4294967294.0,4294967294.0,2.0,0.01154440552146517,0.011943101335656833,213.0,0.0,-1.0,-1.0,8.315965572534348e-05,0.0082477163415956,22.0,0.023449721137260016,0.06331380410599236,0.08138441573066378
287.0,2.0,0.0,4294967294.0,4294967294.0,2.0,0.011542929600319024,0.011942337735920655,214.0,0.0,-1.0,-1.0,8.315965572534348e-05,0.0082477163415956,22.0,0.023449721137260016,0.06327238857424686,0.0813413312927251
289.0,2.0,0.0,4294967294.0,4294967294.0,2.0,0.011541453679172878,0.011941612407446206,215.0,0.0,-1.0,-1.0,8.315965572534348e-05,0.0082477163415956,22.0,0.023449721137260016,0.06323097552081564,0.0812982468547864
291.0,2.0,0.0,4294967294.0,4294967294.0,2.0,0.011539977758026745,0.011940887078971743,216.0,0.0,-1.0,-1.0,8.315965572534348e-05,0.0082477163415956,22.0,0.023449721137260016,0.06318956495112912,0.0812551624168477
293.0,2.0,0.0,4294967294.0,4294967294.0,2.0,0.011538501836880613,0.011940161750497294,217.0,0.0,-1.0,-1.0,8.315965572534348e-05,0.0082477163415956,22.0,0.023449721137260016,0.06314815687062976,0.081212077978909
295.0,2.0,0.0,4294967294.0,4294967294.0,2.0,0.011537025915734467,0.011939436422022831,218.0,0.0,-1.0,-1.0,8.315965572534348e-05,0.0082477163415956,22.0,0.023449721137260016,0.0631067512847718,0.0811689935409703
297.0,2.0,0.0,4294967294.0,4294967294.0,2.0,0.011535549994588348,0.011938711093548368,219.0,0.0,-1.0,-1.0,8.315965572534348e-05,0.0082477163415956,22.0,0.023449721137260016,0.06306534819902151,0.08112590910303161
299.0,2.0,0.0,4294967294.0,4294967294.0,2.0,0.01153407407344223,0.011937985765073891,220.0,0.0,-1.0,-1.0,8.315965572534348e-05,0.0082477163415956,22.0,0.023449721137260016,0.06302394761885713,0.08108282466509291
301.0,2.0,0.0,4294967294.0,4294967294.0,2.0,0.011532598152296097,0.011937260436599428,221.0,0.0,-1.0,-1.0,8.315965572534348e-05,0.0082477163415956,22.0,0.023449721137260016,0.0629825495497689,0.08103974022715421
303.0,2.0,0.0,4294967294.0,4294967294.0,2.0,0.011531122231149937,0.01193653510812498,222.0,0.0,-1.0,-1.0,8.315965572534348e-05,0.0082477163415956,22.0,0.023449721137260016,0.06294115399725908,0.08099665578921551
305.0,2.0,0.0,4294967294.0,4294967294.0,2.0,0.011529646310003791,0.01193580977965053,223.0,0.0,-1.0,-1.0,8.315965572534348e-05,0.0082477163415956,22.0,0.023449721137260016,0.06289976096684201,0.08095357135127683
307.0,2.0,0.0,4294967294.0,4294967294.0,2.0,0.011528170388857659,0.011935084451176081,224.0,0.0,-1.0,-1.0,8.315965572534348e-05,0.0082477163415956,22.0,0.023449721137260016,0.06285837046404408,0.08091048691333816
309.0,2.0,0.0,4294967294.0,4294967294.0,2.0,0.011526694467711526,0.011934359122701618,225.0,0.0,-1.0,-1.0,8.315965572534348e-05,0.0082477163415956,22.0,0.023449721137260016,0.06281698249440383,0.0808674024753995
311.0,2.0,3.0,4294967294.0,4294967292.0,1.0,0.01152521854656538,0.01193363379422717,226.0,1.0,1.0,1.0,0.9199468679552478,0.9642684400400007,22.0,0.023449721137260016,0.0809156306840926,0.09376042807707657
312.0,1.0,10.0,4294967292.0,4294967292.0,1.0,0.011525218546565366,0.01193363379422717,227.0,0.0,-1.0,-1.0,0.999683885745438,0.9696073950447441,2.0,0.023449721137260016,0.08089805024470388,0.09463208947910262
313.0,1.0,3.0,4294967292.0,4294967292.0,1.0,0.011525218546565366,0.01193363379422717,228.0,0.0,-1.0,-1.0,0.9996862798326052,0.9695950477083302,2.0,0.023449721137260016,0.08087703494434646,0.09461074988631207
314.0,1.0,2.0,4294967292.0,4294967292.0,1.0,0.011525218546565366,0.01193363379422717,229.0,0.0,-1.0,-1.0,0.999686279893699,0.9695950480767632,2.0,0.023449721137260016,0.08085602754078938,0.09458939060964314
315.0,1.0,7.0,4294967292.0,4294967292.0,1.0,0.011525218546565352,0.011933633794227155,230.0,3.0,-1.0,-1.0,0.9996862798937005,0.969595048085752,2.0,0.023449721137260016,0.08083502013701178,0.0945680311685552
316.0,1.0,8.0,4294967292.0,4294967292.0,1.0,0.011525218546565352,0.011933633794227155,231.0,1.0,-1.0,-1.0,0.9996862798937005,0.9695950480857485,2.0,0.023449721137260016,0.08081401273322841,0.0945466715628247
317.0,1.0,7.0,4294967292.0,4294967292.0,1.0,0.011525218546565352,0.011933633794227155,232.0,0.0,-1.0,-1.0,0.9996862798937005,0.9695950480857485,2.0,0.023449721137260016,0.08079300532944504,0.09452531179218346
318.0,1.0,6.0,4294967292.0,4294967292.0,1.0,0.011525218546565338,0.011933633794227141,233.0,1.0,-1.0,-1.0,0.9996862798937005,0.9695950480857485,2.0,0.023449721137260016,0.08077199792566167,0.09450395185636284
319.0,1.0,7.0,4294967292.0,4294967292.0,1.0,0.011525218546565338,0.011933633794227128,234.0,0.0,-1.0,-1.0,0.9996862798937005,0.9695950480857485,2.0,0.023449721137260016,0.08075099052187833,0.0944825917550938
320.0,1.0,4.0,4294967292.0,4294967292.0,1.0,0.011525218546565352,0.011933633794227128,235.0,0.0,-1.0,-1.0,0.9996862798937005,0.9695950480857485,2.0,0.023449721137260016,0.08072998311809497,0.09446123148810684
321.0,1.0,4.0,4294967292.0,4294967292.0,1.0,0.011525218546565352,0.011933633794227128,236.0,0.0,-1.0,-1.0,0.9996862798937005,0.9695950480857485,2.0,0.023449721137260016,0.0807089757143116,0.09443987105513199
322.0,1.0,5.0,4294967292.0,4294967292.0,1.0,0.011525218546565338,0.011933633794227141,237.0,0.0,-1.0,-1.0,0.9996862798937005,0.9695950480857485,2.0,0.023449721137260016,0.08068796831052821,0.09441851045589886
323.0,1.0,3.0,4294967292.0,4294967292.0,1.0,0.011525218546565338,0.011933633794227155,238.0,2.0,-1.0,-1.0,0.9996862798937005,0.9695950480857485,2.0,0.023449721137260016,0.08066696090674487,0.09439714969013666
324.0,1.0,6.0,4294967292.0,4294967292.0,1.0,0.011525218546565338,0.01193363379422717,239.0,1.0,-1.0,-1.0,0.9996862798937005,0.9695950480857485,2.0,0.023449721137260016,0.0806459535029615,0.0943757887575741
325.0,1.0,4.0,4294967292.0,4294967292.0,1.0,0.011525218546565338,0.01193363379422717,240.0,0.0,-1.0,-1.0,0.9996862798937005,0.9695950480857485,2.0,0.023449721137260016,0.08062494609917814,0.0943544276579395
326.0,1.0,10.0,4294967292.0,4294967292.0,1.0,0.011525218546565338,0.01193363379422717,241.0,0.0,-1.0,-1.0,0.9996862798937005,0.9695950480857485,2.0,0.023449721137260016,0.08060393869539476,0.09433306639096073
327.0,1.0,9.0,4294967292.0,4294967292.0,1.0,0.011525218546565325,0.01193363379422717,242.0,0.0,-1.0,-1.0,0.9996862798937005,0.9695950480857485,2.0,0.023449721137260016,0.08058293129161138,0.0943117049563651
328.0,1.0,4.0,4294967292.0,4294967292.0,1.0,0.011525218546565325,0.01193363379422717,243.0,0.0,-1.0,-1.0,0.9996862798937005,0.9695950480857485,2.0,0.023449721137260016,0.08056192388782803,0.09429034335387967
329.0,1.0,2.0,4294967292.0,4294967292.0,1.0,0.011525218546565325,0.011933633794227183,244.0,0.0,-1.0,-1.0,0.9996862798937005,0.9695950480857485,2.0,0.023449721137260016,0.08054091648404467,0.09426898158323094
330.0,1.0,5.0,4294967292.0,4294967292.0,1.0,0.011525218546565325,0.011933633794227197,245.0,0.0,-1.0,-1.0,0.9996862798937005,0.9695950480857485,2.0,0.023449721137260016,0.0805199090802613,0.09424761964414496
331.0,1.0,5.0,4294967292.0,4294967292.0,1.0,0.011525218546565325,0.01193363379422721,246.0,1.0,-1.0,-1.0,0.9996862798937005,0.9695950480857485,2.0,0.023449721137260016,0.08049890167647793,0.09422625753634736
332.0,1.0,8.0,4294967292.0,4294967292.0,1.0,0.011525218546565325,0.01193363379422721,247.0,0.0,-1.0,-1.0,0.9996862798937005,0.9695950480857485,2.0,0.023449721137260016,0.08047789427269458,0.09420489525956333
333.0,1.0,9.0,4294967292.0,4294967292.0,1.0,0.011525218546565325,0.01193363379422721,248.0,2.0,-1.0,-1.0,0.9996862798937005,0.9695950480857485,2.0,0.023449721137260016,0.08045688686891123,0.09418353281351757
334.0,1.0,5.0,4294967292.0,4294967292.0,1.0,0.011525218546565325,0.01193363379422721,249.0,1.0,-1.0,-1.0,0.9996862798937005,0.9695950480857485,2.0,0.023449721137260016,0.08043587946512787,0.09416217019793444
335.0,1.0,5.0,4294967292.0,4294967292.0,1.0,0.011525218546565325,0.01193363379422721,250.0,1.0,-1.0,-1.0,0.9996862798937005,0.9695950480857485,2.0,0.023449721137260016,0.0804148720613445,0.09414080741253772
336.0,1.0,9.0,4294967292.0,4294967292.0,1.0,0.01152521854656531,0.011933633794227225,251.0,0.0,-1.0,-1.0,0.9996862798937005,0.9695950480857485,2.0,0.023449721137260016,0.08039386465756113,0.09411944445705081
337.0,1.0,0.0,4294967292.0,4294967288.0,1.0,0.01152521854656531,0.011933633794227239,252.0,1.0,1.0,1.0,0.867541277643506,0.06874293104515919,2.0,0.023449721137260016,0.07979642895455072,0.08408450445931798
338.0,1.0,7.0,4294967288.0,4294967288.0,1.0,0.01152521854656531,0.011933633794227225,253.0,1.0,-1.0,-1.0,0.9996811680298321,0.9730334464906178,3.0,0.023449721137260016,0.08035404267302154,0.09045124206396449
339.0,1.0,5.0,4294967288.0,4294967288.0,1.0,0.01152521854656531,0.011933633794227239,254.0,2.0,-1.0,-1.0,0.999686279757283,0.9696008543925715,3.0,0.023449721137260016,0.08033084616412091,0.09043029435975058
340.0,1.0,6.0,4294967288.0,4294967288.0,1.0,0.01152521854656531,0.011933633794227252,255.0,0.0,-1.0,-1.0,0.999686279893697,0.9695950435186619,3.0,0.023449721137260016,0.0803098350395098,0.09040902538917989
341.0,1.0,4.0,4294967288.0,4294967288.0,1.0,0.011525218546565297,0.011933633794227252,256.0,0.0,-1.0,-1.0,0.9996862798937004,0.9695950480830628,3.0,0.023449721137260016,0.08028882763864259,0.09038775638806373
342.0,1.0,4.0,4294967288.0,4294967288.0,1.0,0.011525218546565283,0.011933633794227266,257.0,0.0,-1.0,-1.0,0.9996862798937005,0.969595048085753,3.0,0.023449721137260016,0.08026782023486095,0.09036648735712977
343.0,1.0,8.0,4294967288.0,4294967288.0,1.0,0.011525218546565283,0.011933633794227266,258.0,0.0,-1.0,-1.0,0.9996862798937005,0.9695950480857485,3.0,0.023449721137260016,0.08024681283107757,0.09034521829630995
344.0,1.0,8.0,4294967288.0,4294967288.0,1.0,0.011525218546565283,0.01193363379422728,259.0,1.0,-1.0,-1.0,0.9996862798937005,0.9695950480857485,3.0,0.023449721137260016,0.08022580542729421,0.09032394920553646
345.0,1.0,4.0,4294967288.0,4294967288.0,1.0,0.011525218546565283,0.01193363379422728,260.0,1.0,-1.0,-1.0,0.9996862798937005,0.9695950480857485,3.0,0.023449721137260016,0.08020479802351083,0.09030268008474132
346.0,1.0,5.0,4294967288.0,4294967288.0,1.0,0.011525218546565283,0.01193363379422728,261.0,1.0,-1.0,-1.0,0.9996862798937005,0.9695950480857485,3.0,0.023449721137260016,0.08018379061972748,0.09028141093385644
347.0,1.0,10.0,4294967288.0,4294967288.0,1.0,0.011525218546565283,0.01193363379422728,262.0,0.0,-1.0,-1.0,0.9996862798937005,0.9695950480857485,3.0,0.023449721137260016,0.08016278321594411,0.09026014175281358
348.0,1.0,12.0,4294967288.0,4294967288.0,1.0,0.011525218546565283,0.011933633794227266,263.0,1.0,-1.0,-1.0,0.9996862798937005,0.9695950480857485,3.0,0.023449721137260016,0.08014177581216075,0.09023887254154428
349.0,1.0,5.0,4294967288.0,4294967288.0,1.0,0.011525218546565283,0.011933633794227252,264.0,0.0,-1.0,-1.0,0.9996862798937005,0.9695950480857485,3.0,0.023449721137260016,0.08012076840837737,0.09021760329997994
350.0,1.0,7.0,4294967288.0,4294967288.0,1.0,0.011525218546565269,0.011933633794227239,265.0,0.0,-1.0,-1.0,0.9996862798937005,0.9695950480857485,3.0,0.023449721137260016,0.08009976100459401,0.09019633402805186
351.0,1.0,6.0,4294967288.0,4294967288.0,1.0,0.011525218546565269,0.011933633794227239,266.0,1.0,-1.0,-1.0,0.9996862798937005,0.9695950480857485,3.0,0.023449721137260016,0.08007875360081065,0.09017506472569115
352.0,1.0,6.0,4294967288.0,4294967288.0,1.0,0.011525218546565269,0.011933633794227239,267.0,1.0,-1.0,-1.0,0.9996862798937005,0.9695950480857485,3.0,0.023449721137260016,0.0800577461970273,0.09015379539282875
353.0,1.0,7.0,4294967288.0,4294967288.0,1.0,0.011525218546565269,0.011933633794227225,268.0,0.0,-1.0,-1.0,0.9996862798937005,0.9695950480857485,3.0,0.023449721137260016,0.08003673879324394,0.09013252602939545
354.0,1.0,5.0,4294967288.0,4294967288.0,1.0,0.011525218546565269,0.011933633794227225,269.0,1.0,-1.0,-1.0,0.9996862798937005,0.9695950480857485,3.0,0.023449721137260016,0.08001573138946057,0.09011125663532193
355.0,1.0,9.0,4294967288.0,4294967288.0,1.0,0.011525218546565269,0.011933633794227225,270.0,1.0,-1.0,-1.0,0.9996862798937005,0.9695950480857485,3.0,0.023449721137260016,0.07999472398567722,0.09008998721053862
356.0,1.0,6.0,4294967288.0,4294967288.0,1.0,0.011525218546565269,0.011933633794227225,271.0,0.0,-1.0,-1.0,0.9996862798937005,0.9695950480857485,3.0,0.023449721137260016,0.07997371658189387,0.09006871775497591
357.0,1.0,3.0,4294967288.0,4294967288.0,1.0,0.011525218546565269,0.011933633794227225,272.0,0.0,-1.0,-1.0,0.9996862798937005,0.9695950480857485,3.0,0.023449721137260016,0.07995270917811051,0.09004744826856387
358.0,1.0,5.0,4294967288.0,4294967288.0,1.0,0.011525218546565269,0.011933633794227225,273.0,1.0,-1.0,-1.0,0.9996862798937005,0.9695950480857485,3.0,0.023449721137260016,0.07993170177432712,0.09002617875123256
359.0,1.0,11.0,4294967288.0,4294967288.0,1.0,0.011525218546565255,0.011933633794227239,274.0,0.0,-1.0,-1.0,0.9996862798937005,0.9695950480857485,3.0,0.023449721137260016,0.07991069437054375,0.09000490920291188
360.0,1.0,3.0,4294967288.0,4294967288.0,1.0,0.011525218546565255,0.011933633794227252,275.0,2.0,-1.0,-1.0,0.9996862798937005,0.9695950480857485,3.0,0.023449721137260016,0.0798896869667604,0.08998363962353143
361.0,1.0,8.0,4294967288.0,4294967288.0,1.0,0.011525218546565255,0.011933633794227266,276.0,1.0,-1.0,-1.0,0.9996862798937005,0.9695950480857485,3.0,0.023449721137260016,0.07986867956297704,0.08996237001302079
362.0,1.0,7.0,4294967288.0,4294967288.0,1.0,0.011525218546565255,0.011933633794227266,277.0,2.0,-1.0,-1.0,0.9996862798937005,0.9695950480857485,3.0,0.023449721137260016,0.07984767215919367,0.08994110037130931
363.0,1.0,8.0,4294967288.0,4294967288.0,1.0,0.011525218546565255,0.011933633794227266,278.0,2.0,-1.0,-1.0,0.9996862798937005,0.9695950480857485,3.0,0.023449721137260016,0.0798266647554103,0.08991983069832621
364.0,1.0,9.0,4294967288.0,4294967288.0,1.0,0.011525218546565241,0.011933633794227266,279.0,0.0,-1.0,-1.0,0.9996862798937005,0.9695950480857485,3.0,0.023449721137260016,0.07980565735162692,0.08989856099400056
365.0,1.0,5.0,4294967288.0,4294967288.0,1.0,0.011525218546565241,0.011933633794227266,280.0,1.0,-1.0,-1.0,0.9996862798937005,0.9695950480857485,3.0,0.023449721137260016,0.07978464994784357,0.08987729125826122
366.0,1.0,10.0,4294967288.0,4294967288.0,1.0,0.011525218546565241,0.011933633794227266,281.0,0.0,-1.0,-1.0,0.9996862798937005,0.9695950480857485,3.0,0.023449721137260016,0.0797636425440602,0.08985602149103689
367.0,1.0,4.0,4294967288.0,4294967288.0,1.0,0.011525218546565241,0.01193363379422728,282.0,0.0,-1.0,-1.0,0.9996862798937005,0.9695950480857485,3.0,0.023449721137260016,0.07974263514027682,0.08983475169225619
368.0,1.0,6.0,4294967288.0,4294967288.0,1.0,0.011525218546565227,0.011933633794227294,283.0,0.0,-1.0,-1.0,0.9996862798937005,0.9695950480857485,3.0,0.023449721137260016,0.07972162773649344,0.08981348186184751
369.0,1.0,5.0,4294967288.0,4294967288.0,1.0,0.011525218546565227,0.011933633794227308,284.0,2.0,-1.0,-1.0,0.9996862798937005,0.9695950480857485,3.0,0.023449721137260016,0.0797006203327101,0.08979221199973908
370.0,1.0,3.0,4294967288.0,4294967288.0,1.0,0.011525218546565227,0.011933633794227308,285.0,2.0,-1.0,-1.0,0.9996862798937005,0.9695950480857485,3.0,0.023449721137260016,0.07967961292892674,0.08977094210585898
371.0,1.0,7.0,4294967288.0,4294967288.0,1.0,0.011525218546565227,0.011933633794227308,286.0,1.0,-1.0,-1.0,0.9996862798937005,0.9695950480857485,3.0,0.023449721137260016,0.07965860552514338,0.08974967218013516
372.0,1.0,4.0,4294967288.0,4294967288.0,1.0,0.011525218546565227,0.011933633794227308,287.0,2.0,-1.0,-1.0,0.9996862798937005,0.9695950480857485,3.0,0.023449721137260016,0.07963759812136001,0.08972840222249531
373.0,1.0,10.0,4294967288.0,4294967288.0,1.0,0.011525218546565213,0.011933633794227308,288.0,1.0,-1.0,-1.0,0.9996862798937005,0.9695950480857485,3.0,0.023449721137260016,0.07961659071757664,0.08970713223286705
374.0,1.0,8.0,4294967288.0,4294967288.0,1.0,0.0115252185465652,0.011933633794227322,289.0,0.0,-1.0,-1.0,0.9996862798937005,0.9695950480857485,3.0,0.023449721137260016,0.07959558331379328,0.0896858622111778
375.0,1.0,7.0,4294967288.0,4294967288.0,1.0,0.0115252185465652,0.011933633794227336,290.0,0.0,-1.0,-1.0,0.9996862798937005,0.9695950480857485,3.0,0.023449721137260016,0.07957457591000992,0.08966459215735484
376.0,1.0,4.0,4294967288.0,4294967288.0,1.0,0.0115252185465652,0.011933633794227336,291.0,1.0,-1.0,-1.0,0.9996862798937005,0.9695950480857485,3.0,0.023449721137260016,0.07955356850622655,0.08964332207132522
377.0,1.0,7.0,4294967288.0,4294967288.0,1.0,0.011525218546565186,0.01193363379422735,292.0,1.0,-1.0,-1.0,0.9996862798937005,0.9695950480857485,3.0,0.023449721137260016,0.07953256110244317,0.0896220519530159
378.0,1.0,5.0,4294967288.0,4294967288.0,1.0,0.011525218546565186,0.01193363379422735,293.0,1.0,-1.0,-1.0,0.9996862798937005,0.9695950480857485,3.0,0.023449721137260016,0.07951155369865982,0.08960078180235359
379.0,1.0,6.0,4294967288.0,4294967288.0,1.0,0.011525218546565186,0.01193363379422735,294.0,1.0,-1.0,-1.0,0.9996862798937005,0.9695950480857485,3.0,0.023449721137260016,0.07949054629487645,0.089579511619265
380.0,1.0,8.0,4294967288.0,4294967288.0,1.0,0.011525218546565186,0.01193363379422735,295.0,0.0,-1.0,-1.0,0.9996862798937005,0.9695950480857485,3.0,0.023449721137260016,0.0794695388910931,0.08955824140367646
381.0,1.0,9.0,4294967288.0,4294967288.0,1.0,0.011525218546565186,0.011933633794227363,296.0,0.0,-1.0,-1.0,0.9996862798937005,0.9695950480857485,3.0,0.023449721137260016,0.07944853148730971,0.08953697115551426
382.0,1.0,5.0,4294967288.0,4294967288.0,1.0,0.011525218546565172,0.011933633794227377,297.0,0.0,-1.0,-1.0,0.9996862798937005,0.9695950480857485,3.0,0.023449721137260016,0.07942752408352634,0.08951570087470448
383.0,1.0,3.0,4294967288.0,4294967288.0,1.0,0.011525218546565158,0.011933633794227363,298.0,0.0,-1.0,-1.0,0.9996862798937005,0.9695950480857485,3.0,0.023449721137260016,0.07940651667974297,0.08949443056117304
384.0,1.0,5.0,4294967288.0,4294967288.0,1.0,0.011525218546565158,0.01193363379422735,299.0,0.0,-1.0,-1.0,0.9996862798937005,0.9695950480857485,3.0,0.023449721137260016,0.07938550927595961,0.08947316021484578
385.0,1.0,5.0,4294967288.0,4294967288.0,1.0,0.011525218546565158,0.01193363379422735,300.0,0.0,-1.0,-1.0,0.9996862798937005,0.9695950480857485,3.0,0.023449721137260016,0.07936450187217622,0.0894518898356482
386.0,1.0,4.0,4294967288.0,4294967288.0,1.0,0.011525218546565144,0.011933633794227336,301.0,0.0,-1.0,-1.0,0.9996862798937005,0.9695950480857485,3.0,0.023449721137260016,0.07934349446839285,0.08943061942350575
387.0,1.0,7.0,4294967288.0,4294967288.0,1.0,0.011525218546565144,0.011933633794227322,302.0,1.0,-1.0,-1.0,0.9996862798937005,0.9695950480857485,3.0,0.023449721137260016,0.0793224870646095,0.08940934897834371
388.0,1.0,7.0,4294967288.0,4294967288.0,1.0,0.011525218546565144,0.011933633794227308,303.0,2.0,-1.0,-1.0,0.9996862798937005,0.9695950480857485,3.0,0.023449721137260016,0.07930147966082614,0.08938807850008715
389.0,1.0,6.0,4294967288.0,4294967288.0,1.0,0.011525218546565144,0.011933633794227308,304.0,0.0,-1.0,-1.0,0.9996862798937005,0.9695950480857485,3.0,0.023449721137260016,0.07928047225704278,0.08936680798866095
390.0,1.0,5.0,4294967288.0,4294967288.0,1.0,0.011525218546565144,0.011933633794227308,305.0,0.0,-1.0,-1.0,0.9996862798937005,0.9695950480857485,3.0,0.023449721137260016,0.07925946485325941,0.0893455374439899
391.0,1.0,3.0,4294967288.0,4294967288.0,1.0,0.01152521854656513,0.011933633794227294,306.0,0.0,-1.0,-1.0,0.9996862798937005,0.9695950480857485,3.0,0.023449721137260016,0.07923845744947604,0.08932426686599856
392.0,1.0,7.0,4294967288.0,4294967288.0,1.0,0.01152521854656513,0.011933633794227308,307.0,0.0,-1.0,-1.0,0.9996862798937005,0.9695950480857485,3.0,0.023449721137260016,0.0792174500456927,0.08930299625461133
393.0,1.0,2.0,4294967288.0,4294967288.0,1.0,0.01152521854656513,0.011933633794227308,308.0,0.0,-1.0,-1.0,0.9996862798937005,0.9695950480857485,3.0,0.023449721137260016,0.07919644264190934,0.08928172560975242
394.0,1.0,5.0,4294967288.0,4294967288.0,1.0,0.01152521854656513,0.011933633794227308,309.0,3.0,-1.0,-1.0,0.9996862798937005,0.9695950480857485,3.0,0.023449721137260016,0.07917543523812598,0.0892604549313459
395.0,1.0,10.0,4294967288.0,4294967288.0,1.0,0.01152521854656513,0.011933633794227308,310.0,0.0,-1.0,-1.0,0.9996862798937005,0.9695950480857485,3.0,0.023449721137260016,0.07915442783434261,0.08923918421931565
396.0,1.0,8.0,4294967288.0,4294967288.0,1.0,0.01152521854656513,0.011933633794227308,311.0,0.0,-1.0,-1.0,0.9996862798937005,0.9695950480857485,3.0,0.023449721137260016,0.07913342043055925,0.08921791347358543
397.0,1.0,3.0,4294967288.0,4294967288.0,1.0,0.01152521854656513,0.011933633794227322,312.0,0.0,-1.0,-1.0,0.9996862798937005,0.9695950480857485,3.0,0.023449721137260016,0.0791124130267759,0.08919664269407873
398.0,1.0,6.0,4294967288.0,4294967288.0,1.0,0.01152521854656513,0.011933633794227336,313.0,1.0,-1.0,-1.0,0.9996862798937005,0.9695950480857485,3.0,0.023449721137260016,0.07909140562299252,0.08917537188071892
399.0,1.0,8.0,4294967288.0,4294967288.0,1.0,0.01152521854656513,0.01193363379422735,314.0,3.0,-1.0,-1.0,0.9996862798937005,0.9695950480857485,3.0,0.023449721137260016,0.07907039821920916,0.08915410103342916
400.0,1.0,8.0,4294967288.0,4294967288.0,1.0,0.01152521854656513,0.01193363379422735,315.0,0.0,-1.0,-1.0,0.9996862798937005,0.9695950480857485,3.0,0.023449721137260016,0.07904939081542578,0.08913283015213255
401.0,1.0,6.0,4294967288.0,4294967288.0,1.0,0.01152521854656513,0.01193363379422735,316.0,0.0,-1.0,-1.0,0.9996862798937005,0.9695950480857485,3.0,0.023449721137260016,0.07902838341164244,0.0891115592367519
402.0,1.0,9.0,4294967288.0,4294967288.0,1.0,0.01152521854656513,0.01193363379422735,317.0,1.0,-1.0,-1.0,0.9996862798937005,0.9695950480857485,3.0,0.023449721137260016,0.07900737600785906,0.08909028828720988
403.0,1.0,3.0,4294967288.0,4294967288.0,1.0,0.01152521854656513,0.01193363379422735,318.0,1.0,-1.0,-1.0,0.9996862798937005,0.9695950480857485,3.0,0.023449721137260016,0.07898636860407571,0.08906901730342895
404.0,1.0,7.0,4294967288.0,4294967288.0,1.0,0.01152521854656513,0.011933633794227363,319.0,0.0,-1.0,-1.0,0.9996862798937005,0.9695950480857485,3.0,0.023449721137260016,0.07896536120029232,0.08904774628533144
405.0,1.0,7.0,4294967288.0,4294967288.0,1.0,0.01152521854656513,0.011933633794227377,320.0,2.0,-1.0,-1.0,0.9996862798937005,0.9695950480857485,3.0,0.023449721137260016,0.07894435379650898,0.08902647523283952
406.0,1.0,7.0,4294967288.0,4294967288.0,1.0,0.01152521854656513,0.011933633794227391,321.0,0.0,-1.0,-1.0,0.9996862798937005,0.9695950480857485,3.0,0.023449721137260016,0.07892334639272562,0.08900520414587512
407.0,1.0,6.0,4294967288.0,4294967288.0,1.0,0.01152521854656513,0.011933633794227405,322.0,2.0,-1.0,-1.0,0.9996862798937005,0.9695950480857485,3.0,0.023449721137260016,0.07890233898894226,0.08898393302436006
408.0,1.0,5.0,4294967288.0,4294967288.0,1.0,0.01152521854656513,0.011933633794227405,323.0,0.0,-1.0,-1.0,0.9996862798937005,0.9695950480857485,3.0,0.023449721137260016,0.07888133158515889,0.08896266186821591
409.0,1.0,8.0,4294967288.0,4294967288.0,1.0,0.011525218546565116,0.011933633794227405,324.0,0.0,-1.0,-1.0,0.9996862798937005,0.9695950480857485,3.0,0.023449721137260016,0.07886032418137552,0.08894139067736415
410.0,1.0,5.0,4294967288.0,4294967288.0,1.0,0.011525218546565116,0.011933633794227405,325.0,0.0,-1.0,-1.0,0.9996862798937005,0.9695950480857485,3.0,0.023449721137260016,0.07883931677759218,0.08892011945172598
411.0,1.0,7.0,4294967288.0,4294967288.0,1.0,0.011525218546565116,0.011933633794227405,326.0,0.0,-1.0,-1.0,0.9996862798937005,0.9695950480857485,3.0,0.023449721137260016,0.07881830937380882,0.08889884819122254
412.0,1.0,7.0,4294967288.0,4294967288.0,1.0,0.011525218546565116,0.011933633794227419,327.0,0.0,-1.0,-1.0,0.9996862798937005,0.9695950480857485,3.0,0.023449721137260016,0.07879730197002546,0.08887757689577469
413.0,1.0,4.0,4294967288.0,4294967288.0,1.0,0.01152521854656513,0.011933633794227433,328.0,0.0,-1.0,-1.0,0.9996862798937005,0.9695950480857485,3.0,0.023449721137260016,0.07877629456624209,0.0888563055653031
414.0,1.0,3.0,4294967288.0,4294967288.0,1.0,0.011525218546565116,0.011933633794227447,329.0,0.0,-1.0,-1.0,0.9996862798937005,0.9695950480857485,3.0,0.023449721137260016,0.07875528716245872,0.08883503419972841
415.0,1.0,0.0,4294967288.0,4294967288.0,1.0,0.011525218546565116,0.01193363379422746,330.0,0.0,-1.0,-1.0,0.867541277643506,0.06874293104515919,3.0,0.023449721137260016,0.07815785145944831,0.08242619443507596
416.0,1.0,0.0,4294967288.0,4294967288.0,2.0,0.011525218546565116,0.01193363379422746,331.0,0.0,-1.0,-1.0,0.014204893595178028,0.008388570143134403,3.0,0.023449721137260016,0.07014206980753177,0.07860700522152823
418.0,2.0,0.0,4294967288.0,4294967288.0,2.0,0.011523733159117408,0.011932887782666823,332.0,0.0,-1.0,-1.0,8.322821131341495e-05,0.008247717015336387,22.0,0.023449721137260016,0.07002057538596815,0.07856361181363719
420.0,2.0,0.0,4294967288.0,4294967288.0,2.0,0.011522257237925979,0.011932162454093384,333.0,0.0,-1.0,-1.0,8.315965605345438e-05,0.00824771634159882,22.0,0.023449721137260016,0.06997804170235203,0.0785205273742197
422.0,2.0,0.0,4294967288.0,4294967288.0,2.0,0.011520781316779846,0.011931437125618935,334.0,0.0,-1.0,-1.0,8.315965572534506e-05,0.0082477163415956,22.0,0.023449721137260016,0.06993550854111824,0.07847744293628099
424.0,2.0,0.0,4294967288.0,4294967288.0,2.0,0.011519305395633714,0.0119307117971445,335.0,0.0,-1.0,-1.0,8.315965572534348e-05,0.0082477163415956,22.0,0.023449721137260016,0.06989297552341733,0.07843435849834231
426.0,2.0,0.0,4294967288.0,4294967288.0,2.0,0.011517829474487581,0.011929986468670065,336.0,0.0,-1.0,-1.0,8.315965572534348e-05,0.0082477163415956,22.0,0.023449721137260016,0.06985044264989948,0.07839127406040362
428.0,2.0,0.0,4294967288.0,4294967288.0,2.0,0.011516353553341449,0.01192926114019563,337.0,0.0,-1.0,-1.0,8.315965572534348e-05,0.0082477163415956,22.0,0.023449721137260016,0.06980790992121974,0.07834818962246495
430.0,2.0,0.0,4294967288.0,4294967288.0,2.0,0.011514877632195317,0.011928535811721208,338.0,0.0,-1.0,-1.0,8.315965572534348e-05,0.0082477163415956,22.0,0.023449721137260016,0.06976537733803605,0.07830510518452627
432.0,2.0,4.0,4294967288.0,4294967264.0,1.0,0.011513401711049184,0.011927810483246787,339.0,0.0,1.0,1.0,0.9199468679552478,0.9642684400400007,22.0,0.023449721137260016,0.07836191799078966,0.0844144936127217
433.0,1.0,7.0,4294967264.0,4294967264.0,1.0,0.011513401711049184,0.0119278104832468,340.0,1.0,-1.0,-1.0,0.999683885745438,0.9696073950447441,5.0,0.023449721137260016,0.07834433755140094,0.0845581466933007
434.0,1.0,5.0,4294967264.0,4294967264.0,1.0,0.011513401711049184,0.011927810483246815,341.0,0.0,-1.0,-1.0,0.9996862798326052,0.9695950477083302,5.0,0.023449721137260016,0.0783233222510435,0.08453689455706
435.0,1.0,7.0,4294967264.0,4294967264.0,1.0,0.01151340171104917,0.011927810483246828,342.0,0.0,-1.0,-1.0,0.999686279893699,0.9695950480767632,5.0,0.023449721137260016,0.07830231484748643,0.08451564484870636
436.0,1.0,0.0,4294967264.0,4294967232.0,1.0,0.011513401711049157,0.011927810483246828,343.0,0.0,1.0,1.0,0.8675412776429925,0.06874293102889073,5.0,0.023449721137260016,0.07770487914447137,0.07878682078172701
437.0,1.0,0.0,4294967232.0,4294967232.0,2.0,0.011513401711049143,0.011927810483246828,344.0,0.0,-1.0,-1.0,0.014204893595115816,0.008388570143094074,6.0,0.023449721137260016,0.07458559883177271,0.07815671194479393
439.0,2.0,0.0,4294967232.0,4294967232.0,2.0,0.011511916323601462,0.011927064471686177,345.0,0.0,-1.0,-1.0,8.322821131341464e-05,0.008247717015336387,22.0,0.023449721137260016,0.07452538620531475,0.07811331853690293
441.0,2.0,0.0,4294967232.0,4294967232.0,2.0,0.011510440402410047,0.011926339143112738,346.0,0.0,-1.0,-1.0,8.315965605345438e-05,0.00824771634159882,22.0,0.023449721137260016,0.07448278197716096,0.07807023409748542
443.0,2.0,0.0,4294967232.0,4294967232.0,2.0,0.011508964481263914,0.011925613814638275,347.0,0.0,-1.0,-1.0,8.315965572534506e-05,0.0082477163415956,22.0,0.023449721137260016,0.07444017783355,0.07802714965954671
445.0,2.0,0.0,4294967232.0,4294967232.0,2.0,0.011507488560117782,0.011924888486163812,348.0,0.0,-1.0,-1.0,8.315965572534348e-05,0.0082477163415956,22.0,0.023449721137260016,0.07439757369004182,0.07798406522160801
447.0,2.0,0.0,4294967232.0,4294967232.0,2.0,0.01150601263897165,0.011924163157689335,349.0,0.0,-1.0,-1.0,8.315965572534348e-05,0.0082477163415956,22.0,0.023449721137260016,0.07435496954663699,0.07794098078366932
449.0,2.0,0.0,4294967232.0,4294967232.0,2.0,0.011504536717825503,0.011923437829214872,350.0,0.0,-1.0,-1.0,8.315965572534348e-05,0.0082477163415956,22.0,0.023449721137260016,0.0743123654033365,0.07789789634573062
451.0,2.0,0.0,4294967232.0,4294967232.0,2.0,0.01150306079667937,0.011922712500740423,351.0,0.0,-1.0,-1.0,8.315965572534348e-05,0.0082477163415956,22.0,0.023449721137260016,0.07426976126014131,0.07785481190779192
453.0,2.0,0.0,4294967232.0,4294967232.0,2.0,0.011501584875533225,0.011921987172265974,352.0,0.0,-1.0,-1.0,8.315965572534348e-05,0.0082477163415956,22.0,0.023449721137260016,0.07422715711705252,0.07781172746985322
455.0,2.0,0.0,4294967232.0,4294967232.0,2.0,0.011500108954387092,0.011921261843791525,353.0,0.0,-1.0,-1.0,8.315965572534348e-05,0.0082477163415956,22.0,0.023449721137260016,0.07418455297407112,0.07776864303191452
457.0,2.0,0.0,4294967232.0,4294967232.0,2.0,0.011498633033240974,0.01192053651531709,354.0,0.0,-1.0,-1.0,8.315965572534348e-05,0.0082477163415956,22.0,0.023449721137260016,0.07414194883119814,0.07772555859397584
459.0,2.0,0.0,4294967232.0,4294967232.0,2.0,0.011497157112094855,0.011919811186842655,355.0,0.0,-1.0,-1.0,8.315965572534348e-05,0.0082477163415956,22.0,0.023449721137260016,0.07409934468843465,0.07768247415603714
461.0,2.0,0.0,4294967232.0,4294967232.0,2.0,0.011495681190948723,0.01191908585836822,356.0,0.0,-1.0,-1.0,8.315965572534348e-05,0.0082477163415956,22.0,0.023449721137260016,0.0740567405457817,0.07763938971809844
463.0,2.0,0.0,4294967232.0,4294967232.0,2.0,0.01149420526980259,0.011918360529893784,357.0,0.0,-1.0,-1.0,8.315965572534348e-05,0.0082477163415956,22.0,0.023449721137260016,0.07401413640324035,0.07759630528015976
465.0,2.0,0.0,4294967232.0,4294967232.0,2.0,0.011492729348656458,0.011917635201419363,358.0,0.0,-1.0,-1.0,8.315965572534348e-05,0.0082477163415956,22.0,0.023449721137260016,0.07397153226081171,0.07755322084222108
467.0,2.0,0.0,4294967232.0,4294967232.0,2.0,0.011491253427510326,0.011916909872944942,359.0,0.0,-1.0,-1.0,8.315965572534348e-05,0.0082477163415956,22.0,0.023449721137260016,0.07392892811849683,0.0775101364042824
469.0,2.0,0.0,4294967232.0,4294967232.0,2.0,0.01148977750636418,0.01191618454447052,360.0,0.0,-1.0,-1.0,8.315965572534348e-05,0.0082477163415956,22.0,0.023449721137260016,0.07388632397629685,0.07746705196634372
471.0,2.0,0.0,4294967232.0,4294967232.0,2.0,0.011488301585218033,0.011915459215996044,361.0,0.0,-1.0,-1.0,8.315965572534348e-05,0.0082477163415956,22.0,0.023449721137260016,0.07384371983421288,0.07742396752840502
473.0,2.0,0.0,4294967232.0,4294967232.0,2.0,0.0114868256640719,0.01191473388752158,362.0,0.0,-1.0,-1.0,8.315965572534348e-05,0.0082477163415956,22.0,0.023449721137260016,0.07380111569224601,0.07738088309046633
475.0,2.0,0.0,4294967232.0,4294967232.0,2.0,0.011485349742925782,0.011914008559047118,363.0,0.0,-1.0,-1.0,8.315965572534348e-05,0.0082477163415956,23.0,0.023449721137260016,0.0737585115503974,0.07733779865252763
477.0,2.0,0.0,4294967232.0,4294967232.0,2.0,0.01148387382177965,0.011913283230572669,364.0,0.0,-1.0,-1.0,8.315965572534348e-05,0.0082477163415956,23.0,0.023449721137260016,0.07371590740866815,0.07729471421458894
479.0,2.0,0.0,4294967232.0,4294967232.0,2.0,0.011482397900633518,0.01191255790209822,365.0,0.0,-1.0,-1.0,8.315965572534348e-05,0.0082477163415956,23.0,0.023449721137260016,0.07367330326705948,0.07725162977665025
481.0,2.0,0.0,4294967232.0,4294967232.0,2.0,0.011480921979487385,0.011911832573623757,366.0,0.0,-1.0,-1.0,8.315965572534348e-05,0.0082477163415956,23.0,0.023449721137260016,0.07363069912557252,0.07720854533871155
483.0,2.0,0.0,4294967232.0,4294967232.0,2.0,0.011479446058341253,0.011911107245149294,367.0,0.0,-1.0,-1.0,8.315965572534348e-05,0.0082477163415956,23.0,0.023449721137260016,0.07358809498420846,0.07716546090077285
485.0,2.0,0.0,4294967232.0,4294967232.0,2.0,0.01147797013719512,0.011910381916674831,368.0,0.0,-1.0,-1.0,8.315965572534348e-05,0.0082477163415956,23.0,0.023449721137260016,0.07354549084296846,0.07712237646283415
487.0,2.0,0.0,4294967232.0,4294967232.0,2.0,0.011476494216048974,0.011909656588200368,369.0,0.0,-1.0,-1.0,8.315965572534348e-05,0.0082477163415956,23.0,0.023449721137260016,0.07350288670185379,0.07707929202489545
489.0,2.0,0.0,4294967232.0,4294967232.0,2.0,0.011475018294902842,0.011908931259725919,370.0,0.0,-1.0,-1.0,8.315965572534348e-05,0.0082477163415956,23.0,0.023449721137260016,0.07346028256086558,0.07703620758695677
491.0,2.0,0.0,4294967232.0,4294967232.0,2.0,0.011473542373756723,0.01190820593125147,371.0,0.0,-1.0,-1.0,8.315965572534348e-05,0.0082477163415956,23.0,0.023449721137260016,0.0734176784200051,0.07699312314901809
493.0,2.0,0.0,4294967232.0,4294967232.0,2.0,0.011472066452610591,0.01190748060277702,372.0,0.0,-1.0,-1.0,8.315965572534348e-05,0.0082477163415956,23.0,0.023449721137260016,0.07337507427927359,0.07695003871107942
495.0,2.0,0.0,4294967232.0,4294967232.0,2.0,0.011470590531464459,0.011906755274302586,373.0,0.0,-1.0,-1.0,8.315965572534348e-05,0.0082477163415956,23.0,0.023449721137260016,0.07333247013867228,0.07690695427314073
497.0,2.0,0.0,4294967232.0,4294967232.0,2.0,0.011469114610318326,0.011906029945828137,374.0,0.0,-1.0,-1.0,8.315965572534348e-05,0.0082477163415956,23.0,0.023449721137260016,0.07328986599820242,0.07686386983520205
499.0,2.0,0.0,4294967232.0,4294967232.0,2.0,0.011467638689172194,0.011905304617353701,375.0,0.0,-1.0,-1.0,8.315965572534348e-05,0.0082477163415956,23.0,0.023449721137260016,0.07324726185786531,0.07682078539726336
501.0,2.0,0.0,4294967232.0,4294967232.0,2.0,0.011466162768026061,0.011904579288879266,376.0,0.0,-1.0,-1.0,8.315965572534348e-05,0.0082477163415956,23.0,0.023449721137260016,0.07320465771766221,0.07677770095932467
503.0,2.0,0.0,4294967232.0,4294967232.0,2.0,0.011464686846879929,0.011903853960404845,377.0,0.0,-1.0,-1.0,8.315965572534348e-05,0.0082477163415956,23.0,0.023449721137260016,0.07316205357759442,0.07673461652138597
505.0,2.0,0.0,4294967232.0,4294967232.0,2.0,0.01146321092573381,0.01190312863193041,378.0,0.0,-1.0,-1.0,8.315965572534348e-05,0.0082477163415956,23.0,0.023449721137260016,0.07311944943766327,0.07669153208344727
507.0,2.0,0.0,4294967232.0,4294967232.0,2.0,0.011461735004587678,0.01190240330345596,379.0,0.0,-1.0,-1.0,8.315965572534348e-05,0.0082477163415956,23.0,0.023449721137260016,0.07307684529787009,0.07664844764550857
509.0,2.0,0.0,4294967232.0,4294967232.0,2.0,0.011460259083441546,0.011901677974981498,380.0,0.0,-1.0,-1.0,8.315965572534348e-05,0.0082477163415956,23.0,0.023449721137260016,0.07303424115821616,0.07660536320756987
511.0,2.0,0.0,4294967232.0,4294967232.0,2.0,0.011458783162295413,0.011900952646507035,381.0,0.0,-1.0,-1.0,8.315965572534348e-05,0.0082477163415956,23.0,0.023449721137260016,0.07299163701870288,0.07656227876963118
513.0,2.0,0.0,4294967232.0,4294967232.0,2.0,0.011457307241149267,0.011900227318032572,382.0,0.0,-1.0,-1.0,8.315965572534348e-05,0.0082477163415956,23.0,0.023449721137260016,0.0729490328793316,0.07651919433169248
515.0,2.0,0.0,4294967232.0,4294967232.0,2.0,0.011455831320003121,0.011899501989558123,383.0,0.0,-1.0,-1.0,8.315965572534348e-05,0.0082477163415956,23.0,0.023449721137260016,0.07290642874010368,0.0764761098937538
517.0,2.0,0.0,4294967232.0,4294967232.0,2.0,0.011454355398856975,0.011898776661083674,384.0,0.0,-1.0,-1.0,8.315965572534348e-05,0.0082477163415956,23.0,0.023449721137260016,0.07286382460102052,0.07643302545581511
519.0,2.0,0.0,4294967232.0,4294967232.0,2.0,0.011452879477710828,0.011898064216891435,385.0,0.0,-1.0,-1.0,8.315965572534348e-05,0.0082477163415956,23.0,0.023449721137260016,0.0728212204620835,0.07638994101787644
521.0,2.0,0.0,4294967232.0,4294967232.0,2.0,0.011451403556564696,0.01189739529732775,386.0,0.0,-1.0,-1.0,8.315965572534348e-05,0.0082477163415956,23.0,0.023449721137260016,0.07277861632329405,0.07634685657993776
523.0,2.0,0.0,4294967232.0,4294967232.0,2.0,0.011449927635418564,0.01189672637776408,387.0,0.0,-1.0,-1.0,8.315965572534348e-05,0.0082477163415956,23.0,0.023449721137260016,0.07273601218465361,0.07630377214199907
525.0,2.0,0.0,4294967232.0,4294967232.0,2.0,0.011448451714272417,0.01189605745820041,388.0,0.0,-1.0,-1.0,8.315965572534348e-05,0.0082477163415956,23.0,0.023449721137260016,0.07269340804616362,0.07626068770406037
527.0,2.0,0.0,4294967232.0,4294967232.0,2.0,0.011446975793126271,0.011895388538636725,389.0,0.0,-1.0,-1.0,8.315965572534348e-05,0.0082477163415956,23.0,0.023449721137260016,0.0726508039078255,0.07621760326612168
529.0,2.0,0.0,4294967232.0,4294967232.0,2.0,0.011445499871980125,0.011894719619073041,390.0,0.0,-1.0,-1.0,8.315965572534348e-05,0.0082477163415956,23.0,0.023449721137260016,0.07260819976964075,0.07617451882818298
531.0,2.0,0.0,4294967232.0,4294967232.0,2.0,0.011444023950833979,0.01189405069950937,391.0,0.0,-1.0,-1.0,8.315965572534348e-05,0.0082477163415956,23.0,0.023449721137260016,0.07256559563161086,0.07613143439024428
533.0,2.0,0.0,4294967232.0,4294967232.0,2.0,0.011442548029687832,0.011893381779945686,392.0,0.0,-1.0,-1.0,8.315965572534348e-05,0.0082477163415956,23.0,0.023449721137260016,0.07252299149373731,0.07608834995230558
535.0,2.0,0.0,4294967232.0,4294967232.0,2.0,0.011441072108541686,0.011892712860382001,393.0,0.0,-1.0,-1.0,8.315965572534348e-05,0.0082477163415956,23.0,0.023449721137260016,0.07248038735602164,0.07604526551436688
537.0,2.0,0.0,4294967232.0,4294967232.0,2.0,0.011439596187395554,0.011892043940818331,394.0,0.0,-1.0,-1.0,8.315965572534348e-05,0.0082477163415956,23.0,0.023449721137260016,0.07243778321846533,0.0760021810764282
539.0,2.0,0.0,4294967232.0,4294967232.0,2.0,0.011438120266249421,0.011891375021254647,395.0,0.0,-1.0,-1.0,8.315965572534348e-05,0.0082477163415956,23.0,0.023449721137260016,0.07239517908106996,0.07595909663848951
541.0,2.0,0.0,4294967232.0,4294967232.0,2.0,0.011436644345103275,0.011890706101690962,396.0,0.0,-1.0,-1.0,8.315965572534348e-05,0.0082477163415956,23.0,0.023449721137260016,0.07235257494383707,0.07591601220055083
543.0,2.0,0.0,4294967232.0,4294967232.0,2.0,0.011435168423957143,0.011890037182127292,397.0,0.0,-1.0,-1.0,8.315965572534348e-05,0.0082477163415956,23.0,0.023449721137260016,0.07230997080676825,0.07587292776261215
545.0,2.0,0.0,4294967232.0,4294967232.0,2.0,0.011433692502810996,0.011889368262563607,398.0,0.0,-1.0,-1.0,8.315965572534348e-05,0.0082477163415956,23.0,0.023449721137260016,0.07226736666986508,0.07582984332467349
547.0,2.0,0.0,4294967232.0,4294967232.0,2.0,0.01143221658166485,0.011888699342999881,399.0,0.0,-1.0,-1.0,8.315965572534348e-05,0.0082477163415956,23.0,0.023449721137260016,0.07222476253312915,0.07578675888673482
549.0,2.0,0.0,4294967232.0,4294967232.0,2.0,0.011430740660518704,0.011888030423436155,400.0,0.0,-1.0,-1.0,8.315965572534348e-05,0.0082477163415956,23.0,0.023449721137260016,0.07218215839656208,0.07574367444879615
551.0,2.0,0.0,4294967232.0,4294967232.0,2.0,0.011429264739372558,0.011887361503872457,401.0,0.0,-1.0,-1.0,8.315965572534348e-05,0.0082477163415956,23.0,0.023449721137260016,0.07213955426016554,0.07570059001085747
553.0,2.0,0.0,4294967232.0,4294967232.0,2.0,0.011427788818226425,0.011886692584308745,402.0,0.0,-1.0,-1.0,8.315965572534348e-05,0.0082477163415956,23.0,0.023449721137260016,0.07209695012394113,0.07565750557291877
555.0,2.0,0.0,4294967232.0,4294967232.0,2.0,0.011426312897080293,0.011886023664745032,403.0,0.0,-1.0,-1.0,8.315965572534348e-05,0.0082477163415956,23.0,0.023449721137260016,0.07205434598789055,0.07561442113498008
557.0,2.0,0.0,4294967232.0,4294967232.0,2.0,0.011424836975934147,0.011885354745181334,404.0,0.0,-1.0,-1.0,8.315965572534348e-05,0.0082477163415956,23.0,0.023449721137260016,0.07201174185201548,0.0755713366970414
559.0,2.0,0.0,4294967232.0,4294967232.0,2.0,0.011423361054788,0.01188468582561765,405.0,0.0,-1.0,-1.0,8.315965572534348e-05,0.0082477163415956,23.0,0.023449721137260016,0.07196913771631758,0.07552825225910272
561.0,2.0,0.0,4294967232.0,4294967232.0,2.0,0.011421885133641854,0.011884016906053965,406.0,0.0,-1.0,-1.0,8.315965572534348e-05,0.0082477163415956,23.0,0.023449721137260016,0.07192653358079862,0.07548516782116403
563.0,2.0,0.0,4294967232.0,4294967232.0,2.0,0.011420409212495708,0.01188334798649028,407.0,0.0,-1.0,-1.0,8.315965572534348e-05,0.0082477163415956,23.0,0.023449721137260016,0.07188392944546029,0.07544208338322535
565.0,2.0,0.0,4294967232.0,4294967232.0,2.0,0.011418933291349562,0.011882679066926582,408.0,0.0,-1.0,-1.0,8.315965572534348e-05,0.0082477163415956,23.0,0.023449721137260016,0.07184132531030438,0.07539899894528666
567.0,2.0,0.0,4294967232.0,4294967232.0,2.0,0.01141745737020343,0.011882010147362884,409.0,0.0,-1.0,-1.0,8.315965572534348e-05,0.0082477163415956,23.0,0.023449721137260016,0.07179872117533259,0.07535591450734798
569.0,2.0,0.0,4294967232.0,4294967232.0,2.0,0.011415981449057297,0.011881341227799186,410.0,0.0,-1.0,-1.0,8.315965572534348e-05,0.0082477163415956,23.0,0.023449721137260016,0.07175611704054677,0.07531283006940931
571.0,2.0,0.0,4294967232.0,4294967232.0,2.0,0.01141450552791115,0.011880672308235474,411.0,0.0,-1.0,-1.0,8.315965572534348e-05,0.0082477163415956,23.0,0.023449721137260016,0.07171351290594867,0.07526974563147064
573.0,2.0,0.0,4294967232.0,4294967232.0,2.0,0.011413029606765004,0.011880003388671762,412.0,0.0,-1.0,-1.0,8.315965572534348e-05,0.0082477163415956,23.0,0.023449721137260016,0.07167090877154014,0.07522666119353198
575.0,2.0,0.0,4294967232.0,4294967232.0,2.0,0.011411553685618858,0.01187933446910805,413.0,0.0,-1.0,-1.0,8.315965572534348e-05,0.0082477163415956,23.0,0.023449721137260016,0.07162830463732299,0.07518357675559331
577.0,2.0,0.0,4294967232.0,4294967232.0,2.0,0.011410077764472712,0.011878665549544351,414.0,0.0,-1.0,-1.0,8.315965572534348e-05,0.0082477163415956,23.0,0.023449721137260016,0.0715857005032991,0.07514049231765464
579.0,2.0,5.0,4294967232.0,4294967232.0,1.0,0.011408601843326566,0.011877996629980639,415.0,1.0,-1.0,-1.0,0.9199468679552478,0.9642684400400007,23.0,0.023449721137260016,0.07516902976691313,0.08024496599874006
580.0,1.0,6.0,4294967232.0,4294967232.0,1.0,0.011408601843326566,0.011877996629980653,416.0,0.0,-1.0,-1.0,0.999683885745438,0.9696073950447441,6.0,0.023449721137260016,0.0751514493275244,0.08033099532690074
581.0,1.0,5.0,4294967232.0,4294967232.0,1.0,0.011408601843326566,0.011877996629980667,417.0,1.0,-1.0,-1.0,0.9996862798326052,0.9695950477083302,6.0,0.023449721137260016,0.075130434027167,0.08030974533198026
582.0,1.0,5.0,4294967232.0,4294967232.0,1.0,0.011408601843326566,0.011877996629980653,418.0,1.0,-1.0,-1.0,0.999686279893699,0.9695950480767632,6.0,0.023449721137260016,0.07510942662360992,0.08028849946393343
583.0,1.0,4.0,4294967232.0,4294967232.0,1.0,0.011408601843326552,0.011877996629980667,419.0,1.0,-1.0,-1.0,0.9996862798937005,0.969595048085752,6.0,0.023449721137260016,0.07508841921983231,0.0802672535964756
584.0,1.0,9.0,4294967232.0,4294967232.0,1.0,0.011408601843326552,0.011877996629980653,420.0,1.0,-1.0,-1.0,0.9996862798937005,0.9695950480857485,6.0,0.023449721137260016,0.07506741181604895,0.08024600772896776
585.0,1.0,5.0,4294967232.0,4294967232.0,1.0,0.011408601843326552,0.011877996629980653,421.0,0.0,-1.0,-1.0,0.9996862798937005,0.9695950480857485,6.0,0.023449721137260016,0.07504640441226558,0.08022476186140964
586.0,1.0,5.0,4294967232.0,4294967232.0,1.0,0.011408601843326538,0.011877996629980639,422.0,0.0,-1.0,-1.0,0.9996862798937005,0.9695950480857485,6.0,0.023449721137260016,0.07502539700848222,0.08020351599380102
587.0,1.0,7.0,4294967232.0,4294967232.0,1.0,0.011408601843326538,0.011877996629980639,423.0,0.0,-1.0,-1.0,0.9996862798937005,0.9695950480857485,6.0,0.023449721137260016,0.07500438960469885,0.0801822701261416
588.0,1.0,5.0,4294967232.0,4294967232.0,1.0,0.011408601843326524,0.011877996629980639,424.0,2.0,-1.0,-1.0,0.9996862798937005,0.9695950480857485,6.0,0.023449721137260016,0.07498338220091551,0.08016102425843119
589.0,1.0,8.0,4294967232.0,4294967232.0,1.0,0.011408601843326538,0.011877996629980639,425.0,2.0,-1.0,-1.0,0.9996862798937005,0.9695950480857485,6.0,0.023449721137260016,0.07496237479713216,0.08013977839066949
590.0,1.0,10.0,4294967232.0,4294967232.0,1.0,0.011408601843326538,0.011877996629980639,426.0,0.0,-1.0,-1.0,0.9996862798937005,0.9695950480857485,6.0,0.023449721137260016,0.07494136739334879,0.0801185325228563
591.0,1.0,8.0,4294967232.0,4294967232.0,1.0,0.011408601843326524,0.011877996629980639,427.0,1.0,-1.0,-1.0,0.9996862798937005,0.9695950480857485,6.0,0.023449721137260016,0.07492035998956544,0.08009728665499136
592.0,1.0,8.0,4294967232.0,4294967232.0,1.0,0.011408601843326524,0.011877996629980639,428.0,0.0,-1.0,-1.0,0.9996862798937005,0.9695950480857485,6.0,0.023449721137260016,0.07489935258578206,0.08007604078707442
593.0,1.0,6.0,4294967232.0,4294967232.0,1.0,0.01140860184332651,0.011877996629980639,429.0,0.0,-1.0,-1.0,0.9996862798937005,0.9695950480857485,6.0,0.023449721137260016,0.0748783451819987,0.08005479491910522
594.0,1.0,4.0,4294967232.0,4294967232.0,1.0,0.01140860184332651,0.011877996629980639,430.0,0.0,-1.0,-1.0,0.9996862798937005,0.9695950480857485,6.0,0.023449721137260016,0.07485733777821535,0.08003354905108351
595.0,1.0,7.0,4294967232.0,4294967232.0,1.0,0.01140860184332651,0.011877996629980639,431.0,1.0,-1.0,-1.0,0.9996862798937005,0.9695950480857485,6.0,0.023449721137260016,0.07483633037443198,0.08001230318300903
596.0,1.0,4.0,4294967232.0,4294967232.0,1.0,0.011408601843326496,0.011877996629980639,432.0,0.0,-1.0,-1.0,0.9996862798937005,0.9695950480857485,6.0,0.023449721137260016,0.07481532297064862,0.07999105731488151
597.0,1.0,3.0,4294967232.0,4294967232.0,1.0,0.011408601843326496,0.011877996629980639,433.0,0.0,-1.0,-1.0,0.9996862798937005,0.9695950480857485,6.0,0.023449721137260016,0.07479431556686525,0.07996981144670073
598.0,1.0,2.0,4294967232.0,4294967232.0,1.0,0.011408601843326482,0.011877996629980653,434.0,2.0,-1.0,-1.0,0.9996862798937005,0.9695950480857485,6.0,0.023449721137260016,0.07477330816308189,0.07994856557846644
599.0,1.0,9.0,4294967232.0,4294967232.0,1.0,0.011408601843326482,0.011877996629980653,435.0,0.0,-1.0,-1.0,0.9996862798937005,0.9695950480857485,6.0,0.023449721137260016,0.07475230075929852,0.07992731971017833
600.0,1.0,5.0,4294967232.0,4294967232.0,1.0,0.011408601843326469,0.011877996629980639,436.0,0.0,-1.0,-1.0,0.9996862798937005,0.9695950480857485,6.0,0.023449721137260016,0.07473129335551516,0.0799060738418362
601.0,1.0,7.0,4294967232.0,4294967232.0,1.0,0.011408601843326469,0.011877996629980639,437.0,1.0,-1.0,-1.0,0.9996862798937005,0.9695950480857485,6.0,0.023449721137260016,0.0747102859517318,0.07988482797343976
602.0,1.0,5.0,4294967232.0,4294967232.0,1.0,0.011408601843326482,0.011877996629980639,438.0,1.0,-1.0,-1.0,0.9996862798937005,0.9695950480857485,6.0,0.023449721137260016,0.07468927854794845,0.07986358210498873
603.0,1.0,4.0,4294967232.0,4294967232.0,1.0,0.011408601843326469,0.011877996629980639,439.0,1.0,-1.0,-1.0,0.9996862798937005,0.9695950480857485,6.0,0.023449721137260016,0.07466827114416509,0.07984233623648287
604.0,1.0,6.0,4294967232.0,4294967232.0,1.0,0.011408601843326469,0.011877996629980639,440.0,2.0,-1.0,-1.0,0.9996862798937005,0.9695950480857485,6.0,0.023449721137260016,0.07464726374038172,0.0798210903679219
605.0,1.0,7.0,4294967232.0,4294967232.0,1.0,0.011408601843326455,0.011877996629980653,441.0,1.0,-1.0,-1.0,0.9996862798937005,0.9695950480857485,6.0,0.023449721137260016,0.07462625633659836,0.07979984449930558
606.0,1.0,6.0,4294967232.0,4294967232.0,1.0,0.011408601843326455,0.011877996629980653,442.0,1.0,-1.0,-1.0,0.9996862798937005,0.9695950480857485,6.0,0.023449721137260016,0.074605248932815,0.07977859863063363
607.0,1.0,4.0,4294967232.0,4294967232.0,1.0,0.011408601843326455,0.011877996629980653,443.0,3.0,-1.0,-1.0,0.9996862798937005,0.9695950480857485,6.0,0.023449721137260016,0.07458424152903163,0.07975735276190579
608.0,1.0,7.0,4294967232.0,4294967232.0,1.0,0.01140860184332644,0.011877996629980653,444.0,0.0,-1.0,-1.0,0.9996862798937005,0.9695950480857485,6.0,0.023449721137260016,0.07456323412524828,0.07973610689312177
609.0,1.0,1.0,4294967232.0,4294967232.0,1.0,0.01140860184332644,0.011877996629980653,445.0,0.0,-1.0,-1.0,0.9996862798937005,0.9695950480857485,6.0,0.023449721137260016,0.0745422267214649,0.0797148610242813
610.0,1.0,0.0,4294967232.0,4294967168.0,1.0,0.011408601843326427,0.011877996629980653,446.0,0.0,1.0,1.0,0.867541277643506,0.06874293104515919,6.0,0.023449721137260016,0.07394479101845447,0.07475992131396392
611.0,1.0,0.0,4294967168.0,4294967168.0,2.0,0.011408601843326413,0.011877996629980653,447.0,0.0,-1.0,-1.0,0.014204893595178028,0.008388570143134403,7.0,0.023449721137260016,0.07166737667621562,0.07442185799410493
613.0,2.0,0.0,4294967168.0,4294967168.0,2.0,0.011407116455878712,0.01187730516637487,448.0,0.0,-1.0,-1.0,8.322821131341495e-05,0.008247717015336387,23.0,0.023449721137260016,0.07161290828192218,0.0743784645862139
615.0,2.0,0.0,4294967168.0,4294967168.0,2.0,0.011405640534687282,0.011876636246703251,449.0,0.0,-1.0,-1.0,8.315965605345438e-05,0.00824771634159882,23.0,0.023449721137260016,0.07157028774836371,0.07433538014679644
617.0,2.0,0.0,4294967168.0,4294967168.0,2.0,0.011404164613541136,0.011875967327139546,450.0,0.0,-1.0,-1.0,8.315965572534506e-05,0.0082477163415956,23.0,0.023449721137260016,0.07152766727161361,0.07429229570885776
619.0,2.0,0.0,4294967168.0,4294967168.0,2.0,0.01140268869239499,0.011875298407575834,451.0,0.0,-1.0,-1.0,8.315965572534348e-05,0.0082477163415956,23.0,0.023449721137260016,0.07148504679487597,0.0742492112709191
621.0,2.0,0.0,4294967168.0,4294967168.0,2.0,0.01140121277124883,0.011874629488012128,452.0,0.0,-1.0,-1.0,8.315965572534348e-05,0.0082477163415956,23.0,0.023449721137260016,0.07144242631815068,0.07420612683298045
623.0,2.0,4.0,4294967168.0,4294967040.0,1.0,0.011399736850102662,0.011873960568448437,453.0,0.0,1.0,1.0,0.9199468679552478,0.9642684400400007,23.0,0.023449721137260016,0.0742358390072215,0.07795810302435655
624.0,1.0,5.0,4294967040.0,4294967040.0,1.0,0.011399736850102649,0.011873960568448423,454.0,1.0,-1.0,-1.0,0.999683885745438,0.9696073950447441,8.0,0.023449721137260016,0.07421825856783278,0.07798873107548766
625.0,1.0,4.0,4294967040.0,4294967040.0,1.0,0.011399736850102649,0.011873960568448423,455.0,1.0,-1.0,-1.0,0.9996862798326052,0.9695950477083302,8.0,0.023449721137260016,0.07419724326747537,0.0779674881944966
626.0,1.0,2.0,4294967040.0,4294967040.0,1.0,0.011399736850102649,0.011873960568448395,456.0,0.0,-1.0,-1.0,0.999686279893699,0.9695950480767632,8.0,0.023449721137260016,0.07417623586391829,0.07794625106221283
627.0,1.0,0.0,4294967040.0,4294966784.0,1.0,0.011399736850102635,0.011873960568448381,457.0,0.0,1.0,1.0,0.8675412776429925,0.06874293102889073,8.0,0.023449721137260016,0.07357880016090323,0.0742201180691376
628.0,1.0,0.0,4294966784.0,4294966784.0,2.0,0.011399736850102628,0.011873960568448375,458.0,0.0,-1.0,-1.0,0.014204893595115816,0.008388570143094074,9.0,0.023449721137260016,0.0723489971685184,0.07405773359324819
630.0,2.0,0.0,4294966784.0,4294966784.0,2.0,0.011398251462654926,0.011873269104842585,459.0,0.0,-1.0,-1.0,8.322821131341464e-05,0.008247717015336387,23.0,0.023449721137260016,0.07230039712462821,0.07401434018535719
632.0,2.0,0.0,4294966784.0,4294966784.0,2.0,0.011396775541463504,0.011872600185170959,460.0,0.0,-1.0,-1.0,8.315965605345438e-05,0.00824771634159882,23.0,0.023449721137260016,0.0722577392554973,0.07397125574593973
634.0,2.0,0.0,4294966784.0,4294966784.0,2.0,0.011395299620317344,0.011871931265607254,461.0,0.0,-1.0,-1.0,8.315965572534506e-05,0.0082477163415956,23.0,0.023449721137260016,0.07221508141483832,0.07392817130800104
636.0,2.0,0.0,4294966784.0,4294966784.0,2.0,0.011393823699171184,0.011871262346043548,462.0,0.0,-1.0,-1.0,8.315965572534348e-05,0.0082477163415956,23.0,0.023449721137260016,0.07217242357417947,0.07388508687006237
638.0,2.0,0.0,4294966784.0,4294966784.0,2.0,0.011392347778025037,0.011870593426479836,463.0,0.0,-1.0,-1.0,8.315965572534348e-05,0.0082477163415956,23.0,0.023449721137260016,0.07212976573352063,0.07384200243212372
640.0,2.0,0.0,4294966784.0,4294966784.0,2.0,0.011390871856878891,0.011869924506916138,464.0,0.0,-1.0,-1.0,8.315965572534348e-05,0.0082477163415956,23.0,0.023449721137260016,0.07208710789286182,0.07379891799418503
642.0,2.0,0.0,4294966784.0,4294966784.0,2.0,0.011389395935732752,0.01186925558735244,465.0,0.0,-1.0,-1.0,8.315965572534348e-05,0.0082477163415956,23.0,0.023449721137260016,0.07204445005220303,0.07375583355624635
644.0,2.0,0.0,4294966784.0,4294966784.0,2.0,0.011387920014586599,0.011868586667788734,466.0,0.0,-1.0,-1.0,8.315965572534348e-05,0.0082477163415956,23.0,0.023449721137260016,0.07200179221154424,0.07371274911830769
646.0,2.0,0.0,4294966784.0,4294966784.0,2.0,0.011386444093440432,0.011867917748225022,467.0,0.0,-1.0,-1.0,8.315965572534348e-05,0.0082477163415956,23.0,0.023449721137260016,0.07195913437088547,0.07366966468036902
648.0,2.0,0.0,4294966784.0,4294966784.0,2.0,0.011384968172294278,0.01186724882866131,468.0,0.0,-1.0,-1.0,8.315965572534348e-05,0.0082477163415956,23.0,0.023449721137260016,0.0719164765302267,0.07362658024243035
650.0,2.0,0.0,4294966784.0,4294966784.0,2.0,0.011383492251148132,0.011866579909097605,469.0,0.0,-1.0,-1.0,8.315965572534348e-05,0.0082477163415956,23.0,0.023449721137260016,0.07187381868956798,0.0735834958044917
652.0,2.0,0.0,4294966784.0,4294966784.0,2.0,0.011382016330001986,0.0118659109895339,470.0,0.0,-1.0,-1.0,8.315965572534348e-05,0.0082477163415956,23.0,0.023449721137260016,0.07183116084890925,0.07354041136655301
654.0,2.0,0.0,4294966784.0,4294966784.0,2.0,0.01138054040885584,0.011865242069970194,471.0,0.0,-1.0,-1.0,8.315965572534348e-05,0.0082477163415956,23.0,0.023449721137260016,0.07178850300825056,0.07349732692861434
656.0,2.0,0.0,4294966784.0,4294966784.0,2.0,0.011379064487709693,0.011864573150406496,472.0,0.0,-1.0,-1.0,8.315965572534348e-05,0.0082477163415956,23.0,0.023449721137260016,0.07174584516759186,0.07345424249067567
658.0,2.0,0.0,4294966784.0,4294966784.0,2.0,0.011377588566563533,0.01186390423084279,473.0,0.0,-1.0,-1.0,8.315965572534348e-05,0.0082477163415956,23.0,0.023449721137260016,0.07170318732693318,0.073411158052737
660.0,2.0,0.0,4294966784.0,4294966784.0,2.0,0.01137611264541738,0.011863235311279086,474.0,0.0,-1.0,-1.0,8.315965572534348e-05,0.0082477163415956,23.0,0.023449721137260016,0.07166052948627452,0.07336807361479833
662.0,2.0,0.0,4294966784.0,4294966784.0,2.0,0.011374636724271227,0.01186256639171538,475.0,0.0,-1.0,-1.0,8.315965572534348e-05,0.0082477163415956,23.0,0.023449721137260016,0.07161787164561588,0.07332498917685967
664.0,2.0,0.0,4294966784.0,4294966784.0,2.0,0.011373160803125087,0.011861914716346511,476.0,0.0,-1.0,-1.0,8.315965572534348e-05,0.0082477163415956,23.0,0.023449721137260016,0.07157521380495727,0.07328190473892099
666.0,2.0,0.0,4294966784.0,4294966784.0,2.0,0.011371684881978948,0.011861300095094153,477.0,0.0,-1.0,-1.0,8.315965572534348e-05,0.0082477163415956,23.0,0.023449721137260016,0.07153255596429865,0.07323882030098232
668.0,2.0,0.0,4294966784.0,4294966784.0,2.0,0.011370208960832788,0.011860685473841795,478.0,0.0,-1.0,-1.0,8.315965572534348e-05,0.0082477163415956,23.0,0.023449721137260016,0.07148989812364007,0.07319573586304365
670.0,2.0,0.0,4294966784.0,4294966784.0,2.0,0.011368733039686635,0.011860070852589444,479.0,0.0,-1.0,-1.0,8.315965572534348e-05,0.0082477163415956,23.0,0.023449721137260016,0.0714472402829815,0.07315265142510496
672.0,2.0,0.0,4294966784.0,4294966784.0,2.0,0.011367257118540489,0.011859456231337086,480.0,0.0,-1.0,-1.0,8.315965572534348e-05,0.0082477163415956,23.0,0.023449721137260016,0.07140458244232295,0.07310956698716631
674.0,2.0,2.0,4294966784.0,4294966272.0,1.0,0.011365781197394335,0.011858841610084735,481.0,1.0,1.0,1.0,0.9199468679552478,0.9642684400400007,23.0,0.023449721137260016,0.07313050576156205,0.07605474253791132
675.0,1.0,5.0,4294966272.0,4294966272.0,1.0,0.011365781197394335,0.011858841610084735,482.0,1.0,-1.0,-1.0,0.999683885745438,0.9696073950447441,10.0,0.023449721137260016,0.07311292532217331,0.0760623347309244
676.0,1.0,8.0,4294966272.0,4294966272.0,1.0,0.011365781197394328,0.011858841610084749,483.0,1.0,-1.0,-1.0,0.9996862798326052,0.9695950477083302,10.0,0.023449721137260016,0.07309191002181592,0.07604110154553871
677.0,1.0,6.0,4294966272.0,4294966272.0,1.0,0.011365781197394322,0.011858841610084749,484.0,0.0,-1.0,-1.0,0.999686279893699,0.9695950480767632,10.0,0.023449721137260016,0.07307090261825885,0.0760198747780782
678.0,1.0,6.0,4294966272.0,4294966272.0,1.0,0.011365781197394328,0.011858841610084749,485.0,1.0,-1.0,-1.0,0.9996862798937005,0.969595048085752,10.0,0.023449721137260016,0.07304989521448126,0.07599864801131191
679.0,1.0,4.0,4294966272.0,4294966272.0,1.0,0.011365781197394328,0.011858841610084749,486.0,1.0,-1.0,-1.0,0.9996862798937005,0.9695950480857485,10.0,0.023449721137260016,0.0730288878106979,0.07597742124454555
680.0,1.0,7.0,4294966272.0,4294966272.0,1.0,0.011365781197394342,0.011858841610084749,487.0,2.0,-1.0,-1.0,0.9996862798937005,0.9695950480857485,10.0,0.023449721137260016,0.07300788040691455,0.07595619447777917
681.0,1.0,11.0,4294966272.0,4294966272.0,1.0,0.011365781197394342,0.011858841610084735,488.0,0.0,-1.0,-1.0,0.9996862798937005,0.9695950480857485,10.0,0.023449721137260016,0.0729868730031312,0.0759349677110128
682.0,1.0,6.0,4294966272.0,4294966272.0,1.0,0.011365781197394342,0.011858841610084735,489.0,1.0,-1.0,-1.0,0.9996862798937005,0.9695950480857485,10.0,0.023449721137260016,0.07296586559934784,0.07591374094424642
683.0,1.0,12.0,4294966272.0,4294966272.0,1.0,0.01136578119739435,0.011858841610084749,490.0,1.0,-1.0,-1.0,0.9996862798937005,0.9695950480857485,10.0,0.023449721137260016,0.0729448581955645,0.07589251417748005
684.0,1.0,10.0,4294966272.0,4294966272.0,1.0,0.011365781197394356,0.011858841610084742,491.0,0.0,-1.0,-1.0,0.9996862798937005,0.9695950480857485,10.0,0.023449721137260016,0.07292385079178114,0.07587128741071368
685.0,1.0,5.0,4294966272.0,4294966272.0,1.0,0.011365781197394356,0.011858841610084749,492.0,0.0,-1.0,-1.0,0.9996862798937005,0.9695950480857485,10.0,0.023449721137260016,0.0729028433879978,0.07585006064394731
686.0,1.0,4.0,4294966272.0,4294966272.0,1.0,0.011365781197394363,0.011858841610084755,493.0,0.0,-1.0,-1.0,0.9996862798937005,0.9695950480857485,10.0,0.023449721137260016,0.07288183598421444,0.07582883387718094
687.0,1.0,4.0,4294966272.0,4294966272.0,1.0,0.011365781197394363,0.011858841610084755,494.0,1.0,-1.0,-1.0,0.9996862798937005,0.9695950480857485,10.0,0.023449721137260016,0.07286082858043108,0.07580760711041458
688.0,1.0,6.0,4294966272.0,4294966272.0,1.0,0.01136578119739437,0.011858841610084755,495.0,0.0,-1.0,-1.0,0.9996862798937005,0.9695950480857485,10.0,0.023449721137260016,0.07283982117664774,0.07578638034364822
689.0,1.0,9.0,4294966272.0,4294966272.0,1.0,0.011365781197394377,0.011858841610084749,496.0,0.0,-1.0,-1.0,0.9996862798937005,0.9695950480857485,10.0,0.023449721137260016,0.0728188137728644,0.07576515357688185
690.0,1.0,3.0,4294966272.0,4294966272.0,1.0,0.011365781197394377,0.011858841610084755,497.0,0.0,-1.0,-1.0,0.9996862798937005,0.9695950480857485,10.0,0.023449721137260016,0.07279780636908104,0.07574392681011548
691.0,1.0,4.0,4294966272.0,4294966272.0,1.0,0.011365781197394384,0.011858841610084755,498.0,0.0,-1.0,-1.0,0.9996862798937005,0.9695950480857485,10.0,0.023449721137260016,0.07277679896529769,0.0757227000433491
692.0,1.0,8.0,4294966272.0,4294966272.0,1.0,0.011365781197394384,0.011858841610084755,499.0,0.0,-1.0,-1.0,0.9996862798937005,0.9695950480857485,10.0,0.023449721137260016,0.07275579156151434,0.07570147327658273
693.0,1.0,6.0,4294966272.0,4294966272.0,1.0,0.011365781197394391,0.011858841610084762,500.0,1.0,-1.0,-1.0,0.9996862798937005,0.9695950480857485,10.0,0.023449721137260016,0.07273478415773099,0.07568024650981636
694.0,1.0,6.0,4294966272.0,4294966272.0,1.0,0.011365781197394398,0.011858841610084762,501.0,0.0,-1.0,-1.0,0.9996862798937005,0.9695950480857485,10.0,0.023449721137260016,0.07271377675394763,0.07565901974304998
695.0,1.0,7.0,4294966272.0,4294966272.0,1.0,0.011365781197394405,0.01185884161008477,502.0,0.0,-1.0,-1.0,0.9996862798937005,0.9695950480857485,10.0,0.023449721137260016,0.07269276935016429,0.0756377929762836
696.0,1.0,10.0,4294966272.0,4294966272.0,1.0,0.011365781197394412,0.011858841610084762,503.0,1.0,-1.0,-1.0,0.9996862798937005,0.9695950480857485,10.0,0.023449721137260016,0.07267176194638093,0.07561656620951723
697.0,1.0,7.0,4294966272.0,4294966272.0,1.0,0.011365781197394412,0.01185884161008477,504.0,1.0,-1.0,-1.0,0.9996862798937005,0.9695950480857485,10.0,0.023449721137260016,0.07265075454259758,0.07559533944275088
698.0,1.0,11.0,4294966272.0,4294966272.0,1.0,0.011365781197394412,0.01185884161008477,505.0,1.0,-1.0,-1.0,0.9996862798937005,0.9695950480857485,10.0,0.023449721137260016,0.07262974713881422,0.07557411267598452
699.0,1.0,8.0,4294966272.0,4294966272.0,1.0,0.011365781197394412,0.01185884161008477,506.0,0.0,-1.0,-1.0,0.9996862798937005,0.9695950480857485,10.0,0.023449721137260016,0.07260873973503086,0.07555288590921815
700.0,1.0,6.0,4294966272.0,4294966272.0,1.0,0.011365781197394419,0.011858841610084776,507.0,0.0,-1.0,-1.0,0.9996862798937005,0.9695950480857485,10.0,0.023449721137260016,0.07258773233124752,0.07553165914245177
701.0,1.0,6.0,4294966272.0,4294966272.0,1.0,0.011365781197394426,0.011858841610084776,508.0,1.0,-1.0,-1.0,0.9996862798937005,0.9695950480857485,10.0,0.023449721137260016,0.07256672492746417,0.07551043237568539
702.0,1.0,3.0,4294966272.0,4294966272.0,1.0,0.011365781197394426,0.011858841610084783,509.0,1.0,-1.0,-1.0,0.9996862798937005,0.9695950480857485,10.0,0.023449721137260016,0.07254571752368083,0.07548920560891902
703.0,1.0,12.0,4294966272.0,4294966272.0,1.0,0.011365781197394426,0.011858841610084783,510.0,0.0,-1.0,-1.0,0.9996862798937005,0.9695950480857485,10.0,0.023449721137260016,0.07252471011989747,0.07546797884215264
704.0,1.0,5.0,4294966272.0,4294966272.0,1.0,0.011365781197394426,0.011858841610084783,511.0,0.0,-1.0,-1.0,0.9996862798937005,0.9695950480857485,10.0,0.023449721137260016,0.07250370271611412,0.07544675207538626
705.0,1.0,4.0,4294966272.0,4294966272.0,1.0,0.011365781197394433,0.011858841610084783,512.0,0.0,-1.0,-1.0,0.9996862798937005,0.9695950480857485,10.0,0.023449721137260016,0.07248269531233077,0.07542552530861989
706.0,1.0,9.0,4294966272.0,4294966272.0,1.0,0.01136578119739444,0.011858841610084783,513.0,0.0,-1.0,-1.0,0.9996862798937005,0.9695950480857485,10.0,0.023449721137260016,0.07246168790854741,0.07540429854185353
707.0,1.0,8.0,4294966272.0,4294966272.0,1.0,0.01136578119739444,0.01185884161008479,514.0,1.0,-1.0,-1.0,0.9996862798937005,0.9695950480857485,10.0,0.023449721137260016,0.07244068050476407,0.07538307177508716
708.0,1.0,5.0,4294966272.0,4294966272.0,1.0,0.011365781197394446,0.01185884161008479,515.0,0.0,-1.0,-1.0,0.9996862798937005,0.9695950480857485,10.0,0.023449721137260016,0.07241967310098071,0.07536184500832079
709.0,1.0,4.0,4294966272.0,4294966272.0,1.0,0.011365781197394446,0.011858841610084797,516.0,0.0,-1.0,-1.0,0.9996862798937005,0.9695950480857485,10.0,0.023449721137260016,0.07239866569719736,0.07534061824155441
710.0,1.0,5.0,4294966272.0,4294966272.0,1.0,0.011365781197394453,0.011858841610084797,517.0,0.0,-1.0,-1.0,0.9996862798937005,0.9695950480857485,10.0,0.023449721137260016,0.072377658293414,0.07531939147478804
711.0,1.0,5.0,4294966272.0,4294966272.0,1.0,0.01136578119739446,0.011858841610084797,518.0,2.0,-1.0,-1.0,0.9996862798937005,0.9695950480857485,10.0,0.023449721137260016,0.07235665088963066,0.07529816470802166
712.0,1.0,6.0,4294966272.0,4294966272.0,1.0,0.01136578119739446,0.011858841610084797,519.0,0.0,-1.0,-1.0,0.9996862798937005,0.9695950480857485,10.0,0.023449721137260016,0.07233564348584731,0.07527693794125528
713.0,1.0,8.0,4294966272.0,4294966272.0,1.0,0.011365781197394467,0.011858841610084797,520.0,0.0,-1.0,-1.0,0.9996862798937005,0.9695950480857485,10.0,0.023449721137260016,0.07231463608206395,0.07525571117448891
714.0,1.0,6.0,4294966272.0,4294966272.0,1.0,0.011365781197394467,0.011858841610084804,521.0,0.0,-1.0,-1.0,0.9996862798937005,0.9695950480857485,10.0,0.023449721137260016,0.07229362867828061,0.07523448440772253
715.0,1.0,5.0,4294966272.0,4294966272.0,1.0,0.011365781197394474,0.011858841610084804,522.0,0.0,-1.0,-1.0,0.9996862798937005,0.9695950480857485,10.0,0.023449721137260016,0.07227262127449727,0.07521325764095615
716.0,1.0,3.0,4294966272.0,4294966272.0,1.0,0.011365781197394481,0.011858841610084811,523.0,2.0,-1.0,-1.0,0.9996862798937005,0.9695950480857485,10.0,0.023449721137260016,0.07225161387071391,0.0751920308741898
717.0,1.0,8.0,4294966272.0,4294966272.0,1.0,0.011365781197394488,0.011858841610084811,524.0,0.0,-1.0,-1.0,0.9996862798937005,0.9695950480857485,10.0,0.023449721137260016,0.07223060646693058,0.07517080410742343
718.0,1.0,7.0,4294966272.0,4294966272.0,1.0,0.011365781197394495,0.011858841610084811,525.0,0.0,-1.0,-1.0,0.9996862798937005,0.9695950480857485,10.0,0.023449721137260016,0.07220959906314722,0.07514957734065705
719.0,1.0,7.0,4294966272.0,4294966272.0,1.0,0.011365781197394495,0.011858841610084804,526.0,0.0,-1.0,-1.0,0.9996862798937005,0.9695950480857485,10.0,0.023449721137260016,0.07218859165936387,0.07512835057389068
720.0,1.0,5.0,4294966272.0,4294966272.0,1.0,0.011365781197394502,0.011858841610084804,527.0,1.0,-1.0,-1.0,0.9996862798937005,0.9695950480857485,10.0,0.023449721137260016,0.07216758425558051,0.0751071238071243
721.0,1.0,5.0,4294966272.0,4294966272.0,1.0,0.011365781197394509,0.011858841610084811,528.0,0.0,-1.0,-1.0,0.9996862798937005,0.9695950480857485,10.0,0.023449721137260016,0.07214657685179715,0.07508589704035791
722.0,1.0,7.0,4294966272.0,4294966272.0,1.0,0.011365781197394516,0.011858841610084811,529.0,0.0,-1.0,-1.0,0.9996862798937005,0.9695950480857485,10.0,0.023449721137260016,0.07212556944801382,0.07506467027359154
723.0,1.0,5.0,4294966272.0,4294966272.0,1.0,0.011365781197394523,0.011858841610084811,530.0,0.0,-1.0,-1.0,0.9996862798937005,0.9695950480857485,10.0,0.023449721137260016,0.07210456204423046,0.07504344350682517
724.0,1.0,4.0,4294966272.0,4294966272.0,1.0,0.011365781197394523,0.011858841610084818,531.0,0.0,-1.0,-1.0,0.9996862798937005,0.9695950480857485,10.0,0.023449721137260016,0.0720835546404471,0.07502221674005877
725.0,1.0,8.0,4294966272.0,4294966272.0,1.0,0.01136578119739453,0.011858841610084818,532.0,0.0,-1.0,-1.0,0.9996862798937005,0.9695950480857485,10.0,0.023449721137260016,0.07206254723666378,0.07500098997329241
726.0,1.0,3.0,4294966272.0,4294966272.0,1.0,0.01136578119739453,0.011858841610084811,533.0,0.0,-1.0,-1.0,0.9996862798937005,0.9695950480857485,10.0,0.023449721137260016,0.07204153983288042,0.07497976320652605
727.0,1.0,5.0,4294966272.0,4294966272.0,1.0,0.011365781197394544,0.011858841610084811,534.0,1.0,-1.0,-1.0,0.9996862798937005,0.9695950480857485,10.0,0.023449721137260016,0.07202053242909709,0.07495853643975968
728.0,1.0,3.0,4294966272.0,4294966272.0,1.0,0.01136578119739455,0.011858841610084818,535.0,1.0,-1.0,-1.0,0.9996862798937005,0.9695950480857485,10.0,0.023449721137260016,0.07199952502531373,0.07493730967299331
729.0,1.0,4.0,4294966272.0,4294966272.0,1.0,0.01136578119739455,0.011858841610084818,536.0,0.0,-1.0,-1.0,0.9996862798937005,0.9695950480857485,10.0,0.023449721137260016,0.07197851762153037,0.07491608290622694
730.0,1.0,0.0,4294966272.0,4294966272.0,1.0,0.01136578119739455,0.011858841610084818,537.0,0.0,-1.0,-1.0,0.867541277643506,0.06874293104515919,10.0,0.023449721137260016,0.07138108191851998,0.07202619403146325
731.0,1.0,0.0,4294966272.0,4294966272.0,2.0,0.01136578119739455,0.011858841610084811,538.0,0.0,-1.0,-1.0,0.014204893595178028,0.008388570143134403,10.0,0.023449721137260016,0.07051231187822721,0.07186293166008134
733.0,2.0,0.0,4294966272.0,4294966272.0,2.0,0.011364295809946849,0.011858202330731107,539.0,0.0,-1.0,-1.0,8.322821131341495e-05,0.008247717015336387,24.0,0.023449721137260016,0.07046525030791176,0.07181953825219034
735.0,2.0,0.0,4294966272.0,4294966272.0,2.0,0.01136281988875542,0.011857587709360719,540.0,0.0,-1.0,-1.0,8.315965605345438e-05,0.00824771634159882,24.0,0.023449721137260016,0.07042257143457673,0.07177645381277287
737.0,2.0,0.0,4294966272.0,4294966272.0,2.0,0.011361343967609273,0.01185697308810836,541.0,0.0,-1.0,-1.0,8.315965572534506e-05,0.0082477163415956,24.0,0.023449721137260016,0.07037989258223784,0.0717333693748342
739.0,2.0,0.0,4294966272.0,4294966272.0,2.0,0.011359868046463113,0.011856358466856003,542.0,0.0,-1.0,-1.0,8.315965572534348e-05,0.0082477163415956,24.0,0.023449721137260016,0.07033721372989904,0.07169028493689553
741.0,2.0,0.0,4294966272.0,4294966272.0,2.0,0.01135839212531696,0.011855743845603652,543.0,0.0,-1.0,-1.0,8.315965572534348e-05,0.0082477163415956,24.0,0.023449721137260016,0.07029453487756027,0.07164720049895687
743.0,2.0,0.0,4294966272.0,4294966272.0,2.0,0.011356916204170814,0.011855129224351293,544.0,0.0,-1.0,-1.0,8.315965572534348e-05,0.0082477163415956,24.0,0.023449721137260016,0.07025185602522148,0.0716041160610182
745.0,2.0,0.0,4294966272.0,4294966272.0,2.0,0.01135544028302466,0.011854514603098942,545.0,0.0,-1.0,-1.0,8.315965572534348e-05,0.0082477163415956,24.0,0.023449721137260016,0.07020917717288269,0.07156103162307953
747.0,2.0,0.0,4294966272.0,4294966272.0,2.0,0.011353964361878521,0.011853899981846591,546.0,0.0,-1.0,-1.0,8.315965572534348e-05,0.0082477163415956,24.0,0.023449721137260016,0.07016649832054392,0.07151794718514085
749.0,2.0,0.0,4294966272.0,4294966272.0,2.0,0.011352488440732368,0.01185328536059424,547.0,0.0,-1.0,-1.0,8.315965572534348e-05,0.0082477163415956,24.0,0.023449721137260016,0.07012381946820515,0.07147486274720218
751.0,2.0,0.0,4294966272.0,4294966272.0,2.0,0.011351012519586201,0.011852670739341882,548.0,0.0,-1.0,-1.0,8.315965572534348e-05,0.0082477163415956,24.0,0.023449721137260016,0.07008114061586637,0.0714317783092635
753.0,2.0,0.0,4294966272.0,4294966272.0,2.0,0.011349536598440055,0.011852056118089538,549.0,0.0,-1.0,-1.0,8.315965572534348e-05,0.0082477163415956,24.0,0.023449721137260016,0.0700384617635276,0.07138869387132485
755.0,2.0,0.0,4294966272.0,4294966272.0,2.0,0.011348060677293909,0.011851441496837173,550.0,0.0,-1.0,-1.0,8.315965572534348e-05,0.0082477163415956,24.0,0.023449721137260016,0.06999578291118883,0.07134560943338618
757.0,2.0,0.0,4294966272.0,4294966272.0,2.0,0.011346584756147762,0.011850826875584822,551.0,0.0,-1.0,-1.0,8.315965572534348e-05,0.0082477163415956,24.0,0.023449721137260016,0.06995310405885005,0.07130252499544751
759.0,2.0,0.0,4294966272.0,4294966272.0,2.0,0.011345108835001616,0.011850212254332464,552.0,0.0,-1.0,-1.0,8.315965572534348e-05,0.0082477163415956,24.0,0.023449721137260016,0.06991042520651128,0.07125944055750882
761.0,2.0,0.0,4294966272.0,4294966272.0,2.0,0.011343632913855463,0.011849597633080113,553.0,0.0,-1.0,-1.0,8.315965572534348e-05,0.0082477163415956,24.0,0.023449721137260016,0.06986774635417252,0.07121635611957014
763.0,2.0,0.0,4294966272.0,4294966272.0,2.0,0.011342156992709303,0.011848983011827761,554.0,0.0,-1.0,-1.0,8.315965572534348e-05,0.0082477163415956,24.0,0.023449721137260016,0.06982506750183376,0.07117327168163148
765.0,2.0,0.0,4294966272.0,4294966272.0,2.0,0.01134068107156315,0.011848368390575403,555.0,0.0,-1.0,-1.0,8.315965572534348e-05,0.0082477163415956,24.0,0.023449721137260016,0.06978238864949499,0.07113018724369283
767.0,2.0,0.0,4294966272.0,4294966272.0,2.0,0.011339205150416996,0.011847753769323045,556.0,0.0,-1.0,-1.0,8.315965572534348e-05,0.0082477163415956,24.0,0.023449721137260016,0.06973970979715624,0.07108710280575414
769.0,2.0,0.0,4294966272.0,4294966272.0,2.0,0.011337729229270857,0.011847139148070694,557.0,0.0,-1.0,-1.0,8.315965572534348e-05,0.0082477163415956,24.0,0.023449721137260016,0.06969703094481747,0.07104401836781549
771.0,2.0,0.0,4294966272.0,4294966272.0,2.0,0.011336253308124718,0.011846524526818343,558.0,0.0,-1.0,-1.0,8.315965572534348e-05,0.0082477163415956,24.0,0.023449721137260016,0.06965435209247872,0.0710009339298768
773.0,2.0,0.0,4294966272.0,4294966272.0,2.0,0.011334777386978558,0.011845909905565985,559.0,0.0,-1.0,-1.0,8.315965572534348e-05,0.0082477163415956,24.0,0.023449721137260016,0.06961167324013995,0.07095784949193813
775.0,2.0,0.0,4294966272.0,4294966272.0,2.0,0.011333301465832404,0.01184529528431364,560.0,0.0,-1.0,-1.0,8.315965572534348e-05,0.0082477163415956,24.0,0.023449721137260016,0.0695689943878012,0.07091476505399946
777.0,2.0,0.0,4294966272.0,4294966272.0,2.0,0.011331825544686258,0.011844680663061276,561.0,0.0,-1.0,-1.0,8.315965572534348e-05,0.0082477163415956,24.0,0.023449721137260016,0.06952631553546243,0.0708716806160608
779.0,2.0,0.0,4294966272.0,4294966272.0,2.0,0.011330349623540112,0.011844066041808932,562.0,0.0,-1.0,-1.0,8.315965572534348e-05,0.0082477163415956,24.0,0.023449721137260016,0.06948363668312368,0.07082859617812214
781.0,2.0,0.0,4294966272.0,4294966272.0,2.0,0.011328873702393966,0.011843451420556574,563.0,0.0,-1.0,-1.0,8.315965572534348e-05,0.0082477163415956,24.0,0.023449721137260016,0.06944095783078492,0.07078551174018347
783.0,2.0,0.0,4294966272.0,4294966272.0,2.0,0.011327397781247812,0.011842836799304216,564.0,0.0,-1.0,-1.0,8.315965572534348e-05,0.0082477163415956,24.0,0.023449721137260016,0.06939827897844617,0.0707424273022448
785.0,2.0,0.0,4294966272.0,4294966272.0,2.0,0.011325921860101652,0.011842222178051864,565.0,0.0,-1.0,-1.0,8.315965572534348e-05,0.0082477163415956,24.0,0.023449721137260016,0.06935560012610742,0.07069934286430613
787.0,2.0,0.0,4294966272.0,4294966272.0,2.0,0.011324445938955492,0.011841607556799506,566.0,0.0,-1.0,-1.0,8.315965572534348e-05,0.0082477163415956,24.0,0.023449721137260016,0.06931292127376866,0.07065625842636744
789.0,2.0,0.0,4294966272.0,4294966272.0,2.0,0.011322970017809346,0.011840992935547148,567.0,0.0,-1.0,-1.0,8.315965572534348e-05,0.0082477163415956,24.0,0.023449721137260016,0.0692702424214299,0.07061317398842878
791.0,2.0,0.0,4294966272.0,4294966272.0,2.0,0.011321494096663207,0.011840378314294797,568.0,0.0,-1.0,-1.0,8.315965572534348e-05,0.0082477163415956,24.0,0.023449721137260016,0.06922756356909116,0.07057008955049011
793.0,2.0,0.0,4294966272.0,4294966272.0,2.0,0.011320018175517067,0.011839763693042446,569.0,0.0,-1.0,-1.0,8.315965572534348e-05,0.0082477163415956,24.0,0.023449721137260016,0.0691848847167524,0.07052700511255144
795.0,2.0,0.0,4294966272.0,4294966272.0,2.0,0.011318542254370914,0.011839149071790088,570.0,0.0,-1.0,-1.0,8.315965572534348e-05,0.0082477163415956,24.0,0.023449721137260016,0.06914220586441364,0.07048392067461279
797.0,2.0,0.0,4294966272.0,4294966272.0,2.0,0.011317066333224747,0.01183853445053775,571.0,0.0,-1.0,-1.0,8.315965572534348e-05,0.0082477163415956,24.0,0.023449721137260016,0.06909952701207489,0.0704408362366741
799.0,2.0,0.0,4294966272.0,4294966272.0,2.0,0.011315590412078594,0.011837919829285386,572.0,0.0,-1.0,-1.0,8.315965572534348e-05,0.0082477163415956,24.0,0.023449721137260016,0.06905684815973614,0.07039775179873542
801.0,2.0,0.0,4294966272.0,4294966272.0,2.0,0.011314114490932448,0.011837305208033035,573.0,0.0,-1.0,-1.0,8.315965572534348e-05,0.0082477163415956,24.0,0.023449721137260016,0.0690141693073974,0.07035466736079676
803.0,2.0,0.0,4294966272.0,4294966272.0,2.0,0.011312638569786301,0.011836690586780677,574.0,0.0,-1.0,-1.0,8.315965572534348e-05,0.0082477163415956,24.0,0.023449721137260016,0.06897149045505864,0.07031158292285808
805.0,2.0,0.0,4294966272.0,4294966272.0,2.0,0.011311162648640155,0.011836075965528318,575.0,0.0,-1.0,-1.0,8.315965572534348e-05,0.0082477163415956,24.0,0.023449721137260016,0.0689288116027199,0.07026849848491942
807.0,2.0,0.0,4294966272.0,4294966272.0,2.0,0.011309686727494009,0.011835461344275967,576.0,0.0,-1.0,-1.0,8.315965572534348e-05,0.0082477163415956,24.0,0.023449721137260016,0.06888613275038113,0.07022541404698077
809.0,2.0,8.0,4294966272.0,4294966272.0,1.0,0.011308210806347856,0.01183484672302361,577.0,1.0,-1.0,-1.0,0.9199468679552478,0.9642684400400007,24.0,0.023449721137260016,0.07023693585976265,0.07318027194910774
810.0,1.0,2.0,4294966272.0,4294966272.0,1.0,0.011308210806347856,0.011834846723023616,578.0,0.0,-1.0,-1.0,0.999683885745438,0.9696073950447441,10.0,0.023449721137260016,0.07021935542037391,0.07318786414212075
811.0,1.0,9.0,4294966272.0,4294966272.0,1.0,0.011308210806347856,0.011834846723023623,579.0,0.0,-1.0,-1.0,0.9996862798326052,0.9695950477083302,10.0,0.023449721137260016,0.07019834012001652,0.07316663095673506
812.0,1.0,9.0,4294966272.0,4294966272.0,1.0,0.011308210806347856,0.011834846723023623,580.0,0.0,-1.0,-1.0,0.999686279893699,0.9695950480767632,10.0,0.023449721137260016,0.07017733271645946,0.07314540418927451
813.0,1.0,7.0,4294966272.0,4294966272.0,1.0,0.011308210806347856,0.011834846723023616,581.0,1.0,-1.0,-1.0,0.9996862798937005,0.969595048085752,10.0,0.023449721137260016,0.07015632531268186,0.07312417742250821
814.0,1.0,4.0,4294966272.0,4294966272.0,1.0,0.011308210806347863,0.011834846723023623,582.0,2.0,-1.0,-1.0,0.9996862798937005,0.9695950480857485,10.0,0.023449721137260016,0.07013531790889849,0.07310295065574182
815.0,1.0,5.0,4294966272.0,4294966272.0,1.0,0.01130821080634787,0.011834846723023616,583.0,0.0,-1.0,-1.0,0.9996862798937005,0.9695950480857485,10.0,0.023449721137260016,0.07011431050511516,0.07308172388897544
816.0,1.0,9.0,4294966272.0,4294966272.0,1.0,0.011308210806347876,0.011834846723023623,584.0,0.0,-1.0,-1.0,0.9996862798937005,0.9695950480857485,10.0,0.023449721137260016,0.0700933031013318,0.07306049712220905
817.0,1.0,5.0,4294966272.0,4294966272.0,1.0,0.011308210806347876,0.011834846723023623,585.0,0.0,-1.0,-1.0,0.9996862798937005,0.9695950480857485,10.0,0.023449721137260016,0.07007229569754844,0.07303927035544266
818.0,1.0,5.0,4294966272.0,4294966272.0,1.0,0.011308210806347883,0.01183484672302363,586.0,1.0,-1.0,-1.0,0.9996862798937005,0.9695950480857485,10.0,0.023449721137260016,0.07005128829376511,0.07301804358867629
819.0,1.0,5.0,4294966272.0,4294966272.0,1.0,0.01130821080634789,0.01183484672302363,587.0,0.0,-1.0,-1.0,0.9996862798937005,0.9695950480857485,10.0,0.023449721137260016,0.07003028088998176,0.07299681682190991
820.0,1.0,5.0,4294966272.0,4294966272.0,1.0,0.011308210806347897,0.01183484672302363,588.0,2.0,-1.0,-1.0,0.9996862798937005,0.9695950480857485,10.0,0.023449721137260016,0.07000927348619841,0.07297559005514352
821.0,1.0,10.0,4294966272.0,4294966272.0,1.0,0.011308210806347897,0.011834846723023637,589.0,0.0,-1.0,-1.0,0.9996862798937005,0.9695950480857485,10.0,0.023449721137260016,0.06998826608241505,0.07295436328837712
822.0,1.0,4.0,4294966272.0,4294966272.0,1.0,0.011308210806347897,0.01183484672302363,590.0,1.0,-1.0,-1.0,0.9996862798937005,0.9695950480857485,10.0,0.023449721137260016,0.0699672586786317,0.07293313652161074
823.0,1.0,10.0,4294966272.0,4294966272.0,1.0,0.011308210806347904,0.01183484672302363,591.0,0.0,-1.0,-1.0,0.9996862798937005,0.9695950480857485,10.0,0.023449721137260016,0.06994625127484835,0.07291190975484435
824.0,1.0,4.0,4294966272.0,4294966272.0,1.0,0.011308210806347911,0.01183484672302363,592.0,0.0,-1.0,-1.0,0.9996862798937005,0.9695950480857485,10.0,0.023449721137260016,0.069925243871065,0.07289068298807796
825.0,1.0,10.0,4294966272.0,4294966272.0,1.0,0.011308210806347911,0.011834846723023637,593.0,1.0,-1.0,-1.0,0.9996862798937005,0.9695950480857485,10.0,0.023449721137260016,0.06990423646728164,0.07286945622131158
826.0,1.0,2.0,4294966272.0,4294966272.0,1.0,0.011308210806347918,0.011834846723023637,594.0,1.0,-1.0,-1.0,0.9996862798937005,0.9695950480857485,10.0,0.023449721137260016,0.06988322906349828,0.0728482294545452
827.0,1.0,8.0,4294966272.0,4294966272.0,1.0,0.011308210806347918,0.011834846723023637,595.0,2.0,-1.0,-1.0,0.9996862798937005,0.9695950480857485,10.0,0.023449721137260016,0.06986222165971492,0.0728270026877788
828.0,1.0,9.0,4294966272.0,4294966272.0,1.0,0.011308210806347918,0.011834846723023644,596.0,1.0,-1.0,-1.0,0.9996862798937005,0.9695950480857485,10.0,0.023449721137260016,0.0698412142559316,0.0728057759210124
829.0,1.0,4.0,4294966272.0,4294966272.0,1.0,0.011308210806347925,0.011834846723023644,597.0,1.0,-1.0,-1.0,0.9996862798937005,0.9695950480857485,10.0,0.023449721137260016,0.06982020685214824,0.07278454915424601
830.0,1.0,6.0,4294966272.0,4294966272.0,1.0,0.011308210806347932,0.011834846723023637,598.0,0.0,-1.0,-1.0,0.9996862798937005,0.9695950480857485,10.0,0.023449721137260016,0.06979919944836491,0.07276332238747962
831.0,1.0,4.0,4294966272.0,4294966272.0,1.0,0.011308210806347939,0.011834846723023644,599.0,0.0,-1.0,-1.0,0.9996862798937005,0.9695950480857485,10.0,0.023449721137260016,0.06977819204458155,0.07274209562071324
832.0,1.0,4.0,4294966272.0,4294966272.0,1.0,0.011308210806347939,0.011834846723023651,600.0,1.0,-1.0,-1.0,0.9996862798937005,0.9695950480857485,10.0,0.023449721137260016,0.06975718464079819,0.07272086885394684
833.0,1.0,8.0,4294966272.0,4294966272.0,1.0,0.011308210806347946,0.011834846723023658,601.0,1.0,-1.0,-1.0,0.9996862798937005,0.9695950480857485,10.0,0.023449721137260016,0.06973617723701483,0.07269964208718044
834.0,1.0,7.0,4294966272.0,4294966272.0,1.0,0.011308210806347946,0.011834846723023658,602.0,0.0,-1.0,-1.0,0.9996862798937005,0.9695950480857485,10.0,0.023449721137260016,0.06971516983323148,0.07267841532041405
835.0,1.0,8.0,4294966272.0,4294966272.0,1.0,0.011308210806347953,0.011834846723023665,603.0,0.0,-1.0,-1.0,0.9996862798937005,0.9695950480857485,10.0,0.023449721137260016,0.06969416242944815,0.07265718855364767
836.0,1.0,5.0,4294966272.0,4294966272.0,1.0,0.01130821080634796,0.011834846723023665,604.0,0.0,-1.0,-1.0,0.9996862798937005,0.9695950480857485,10.0,0.023449721137260016,0.06967315502566479,0.07263596178688127
837.0,1.0,7.0,4294966272.0,4294966272.0,1.0,0.01130821080634796,0.011834846723023658,605.0,0.0,-1.0,-1.0,0.9996862798937005,0.9695950480857485,10.0,0.023449721137260016,0.06965214762188143,0.07261473502011487
838.0,1.0,7.0,4294966272.0,4294966272.0,1.0,0.01130821080634796,0.011834846723023658,606.0,2.0,-1.0,-1.0,0.9996862798937005,0.9695950480857485,10.0,0.023449721137260016,0.06963114021809808,0.07259350825334848
839.0,1.0,3.0,4294966272.0,4294966272.0,1.0,0.01130821080634796,0.011834846723023658,607.0,1.0,-1.0,-1.0,0.9996862798937005,0.9695950480857485,10.0,0.023449721137260016,0.06961013281431472,0.07257228148658208
840.0,1.0,6.0,4294966272.0,4294966272.0,1.0,0.011308210806347967,0.011834846723023665,608.0,0.0,-1.0,-1.0,0.9996862798937005,0.9695950480857485,10.0,0.023449721137260016,0.06958912541053137,0.07255105471981568
841.0,1.0,8.0,4294966272.0,4294966272.0,1.0,0.011308210806347974,0.011834846723023665,609.0,1.0,-1.0,-1.0,0.9996862798937005,0.9695950480857485,10.0,0.023449721137260016,0.06956811800674803,0.0725298279530493
842.0,1.0,6.0,4294966272.0,4294966272.0,1.0,0.011308210806347974,0.011834846723023672,610.0,0.0,-1.0,-1.0,0.9996862798937005,0.9695950480857485,10.0,0.023449721137260016,0.06954711060296467,0.07250860118628288
843.0,1.0,3.0,4294966272.0,4294966272.0,1.0,0.011308210806347974,0.011834846723023672,611.0,0.0,-1.0,-1.0,0.9996862798937005,0.9695950480857485,10.0,0.023449721137260016,0.06952610319918132,0.07248737441951648
844.0,1.0,2.0,4294966272.0,4294966272.0,1.0,0.011308210806347974,0.011834846723023672,612.0,2.0,-1.0,-1.0,0.9996862798937005,0.9695950480857485,10.0,0.023449721137260016,0.06950509579539796,0.07246614765275008
845.0,1.0,8.0,4294966272.0,4294966272.0,1.0,0.01130821080634798,0.011834846723023672,613.0,2.0,-1.0,-1.0,0.9996862798937005,0.9695950480857485,10.0,0.023449721137260016,0.06948408839161463,0.0724449208859837
846.0,1.0,6.0,4294966272.0,4294966272.0,1.0,0.011308210806347987,0.011834846723023672,614.0,0.0,-1.0,-1.0,0.9996862798937005,0.9695950480857485,10.0,0.023449721137260016,0.06946308098783127,0.0724236941192173
847.0,1.0,11.0,4294966272.0,4294966272.0,1.0,0.011308210806347987,0.011834846723023679,615.0,1.0,-1.0,-1.0,0.9996862798937005,0.9695950480857485,10.0,0.023449721137260016,0.06944207358404791,0.0724024673524509
848.0,1.0,4.0,4294966272.0,4294966272.0,1.0,0.011308210806347994,0.011834846723023679,616.0,0.0,-1.0,-1.0,0.9996862798937005,0.9695950480857485,10.0,0.023449721137260016,0.06942106618026456,0.07238124058568449
849.0,1.0,9.0,4294966272.0,4294966272.0,1.0,0.011308210806347994,0.011834846723023686,617.0,0.0,-1.0,-1.0,0.9996862798937005,0.9695950480857485,10.0,0.023449721137260016,0.0694000587764812,0.0723600138189181
850.0,1.0,4.0,4294966272.0,4294966272.0,1.0,0.011308210806348001,0.011834846723023686,618.0,2.0,-1.0,-1.0,0.9996862798937005,0.9695950480857485,10.0,0.023449721137260016,0.06937905137269786,0.07233878705215169
851.0,1.0,11.0,4294966272.0,4294966272.0,1.0,0.011308210806348008,0.011834846723023686,619.0,0.0,-1.0,-1.0,0.9996862798937005,0.9695950480857485,10.0,0.023449721137260016,0.06935804396891451,0.0723175602853853
852.0,1.0,3.0,4294966272.0,4294966272.0,1.0,0.011308210806348008,0.011834846723023686,620.0,1.0,-1.0,-1.0,0.9996862798937005,0.9695950480857485,10.0,0.023449721137260016,0.06933703656513115,0.07229633351861889
853.0,1.0,9.0,4294966272.0,4294966272.0,1.0,0.011308210806348015,0.011834846723023686,621.0,0.0,-1.0,-1.0,0.9996862798937005,0.9695950480857485,10.0,0.023449721137260016,0.06931602916134781,0.07227510675185249
854.0,1.0,4.0,4294966272.0,4294966272.0,1.0,0.011308210806348015,0.011834846723023693,622.0,0.0,-1.0,-1.0,0.9996862798937005,0.9695950480857485,10.0,0.023449721137260016,0.06929502175756447,0.07225387998508609
855.0,1.0,6.0,4294966272.0,4294966272.0,1.0,0.011308210806348029,0.011834846723023693,623.0,2.0,-1.0,-1.0,0.9996862798937005,0.9695950480857485,10.0,0.023449721137260016,0.06927401435378112,0.07223265321831968
856.0,1.0,6.0,4294966272.0,4294966272.0,1.0,0.011308210806348036,0.0118348467230237,624.0,0.0,-1.0,-1.0,0.9996862798937005,0.9695950480857485,10.0,0.023449721137260016,0.06925300694999777,0.07221142645155328
857.0,1.0,4.0,4294966272.0,4294966272.0,1.0,0.011308210806348043,0.0118348467230237,625.0,0.0,-1.0,-1.0,0.9996862798937005,0.9695950480857485,10.0,0.023449721137260016,0.06923199954621442,0.07219019968478688
858.0,1.0,10.0,4294966272.0,4294966272.0,1.0,0.01130821080634805,0.0118348467230237,626.0,0.0,-1.0,-1.0,0.9996862798937005,0.9695950480857485,10.0,0.023449721137260016,0.06921099214243107,0.07216897291802046
859.0,1.0,4.0,4294966272.0,4294966272.0,1.0,0.01130821080634805,0.0118348467230237,627.0,2.0,-1.0,-1.0,0.9996862798937005,0.9695950480857485,10.0,0.023449721137260016,0.06918998473864771,0.07214774615125405
860.0,1.0,7.0,4294966272.0,4294966272.0,1.0,0.01130821080634805,0.011834846723023693,628.0,2.0,-1.0,-1.0,0.9996862798937005,0.9695950480857485,10.0,0.023449721137260016,0.06916897733486435,0.07212651938448765
861.0,1.0,7.0,4294966272.0,4294966272.0,1.0,0.01130821080634805,0.011834846723023693,629.0,1.0,-1.0,-1.0,0.9996862798937005,0.9695950480857485,10.0,0.023449721137260016,0.069147969931081,0.07210529261772125
862.0,1.0,7.0,4294966272.0,4294966272.0,1.0,0.011308210806348057,0.011834846723023693,630.0,1.0,-1.0,-1.0,0.9996862798937005,0.9695950480857485,10.0,0.023449721137260016,0.06912696252729765,0.07208406585095484
863.0,1.0,9.0,4294966272.0,4294966272.0,1.0,0.011308210806348064,0.0118348467230237,631.0,0.0,-1.0,-1.0,0.9996862798937005,0.9695950480857485,10.0,0.023449721137260016,0.0691059551235143,0.07206283908418842
864.0,1.0,4.0,4294966272.0,4294966272.0,1.0,0.011308210806348064,0.0118348467230237,632.0,0.0,-1.0,-1.0,0.9996862798937005,0.9695950480857485,10.0,0.023449721137260016,0.06908494771973095,0.07204161231742201
865.0,1.0,8.0,4294966272.0,4294966272.0,1.0,0.011308210806348064,0.0118348467230237,633.0,2.0,-1.0,-1.0,0.9996862798937005,0.9695950480857485,10.0,0.023449721137260016,0.06906394031594759,0.0720203855506556
866.0,1.0,15.0,4294966272.0,4294966272.0,1.0,0.011308210806348064,0.011834846723023706,634.0,2.0,-1.0,-1.0,0.9996862798937005,0.9695950480857485,10.0,0.023449721137260016,0.06904293291216425,0.0719991587838892
867.0,1.0,8.0,4294966272.0,4294966272.0,1.0,0.01130821080634807,0.0118348467230237,635.0,0.0,-1.0,-1.0,0.9996862798937005,0.9695950480857485,10.0,0.023449721137260016,0.0690219255083809,0.07197793201712278
868.0,1.0,9.0,4294966272.0,4294966272.0,1.0,0.011308210806348078,0.0118348467230237,636.0,0.0,-1.0,-1.0,0.9996862798937005,0.9695950480857485,10.0,0.023449721137260016,0.06900091810459755,0.07195670525035638
869.0,1.0,8.0,4294966272.0,4294966272.0,1.0,0.011308210806348078,0.011834846723023706,637.0,1.0,-1.0,-1.0,0.9996862798937005,0.9695950480857485,10.0,0.023449721137260016,0.06897991070081419,0.07193547848358997
870.0,1.0,7.0,4294966272.0,4294966272.0,1.0,0.011308210806348078,0.011834846723023713,638.0,0.0,-1.0,-1.0,0.9996862798937005,0.9695950480857485,10.0,0.023449721137260016,0.06895890329703083,0.07191425171682354
871.0,1.0,6.0,4294966272.0,4294966272.0,1.0,0.011308210806348078,0.01183484672302372,639.0,1.0,-1.0,-1.0,0.9996862798937005,0.9695950480857485,10.0,0.023449721137260016,0.06893789589324748,0.07189302495005713
872.0,1.0,7.0,4294966272.0,4294966272.0,1.0,0.011308210806348085,0.01183484672302372,640.0,0.0,-1.0,-1.0,0.9996862798937005,0.9695950480857485,10.0,0.023449721137260016,0.06891688848946413,0.07187179818329072
873.0,1.0,7.0,4294966272.0,4294966272.0,1.0,0.011308210806348092,0.011834846723023727,641.0,1.0,-1.0,-1.0,0.9996862798937005,0.9695950480857485,10.0,0.023449721137260016,0.06889588108568077,0.0718505714165243
874.0,1.0,5.0,4294966272.0,4294966272.0,1.0,0.011308210806348092,0.01183484672302372,642.0,1.0,-1.0,-1.0,0.9996862798937005,0.9695950480857485,10.0,0.023449721137260016,0.06887487368189743,0.07182934464975789
875.0,1.0,9.0,4294966272.0,4294966272.0,1.0,0.011308210806348098,0.01183484672302372,643.0,1.0,-1.0,-1.0,0.9996862798937005,0.9695950480857485,10.0,0.023449721137260016,0.06885386627811407,0.07180811788299146
876.0,1.0,6.0,4294966272.0,4294966272.0,1.0,0.011308210806348098,0.01183484672302372,644.0,0.0,-1.0,-1.0,0.9996862798937005,0.9695950480857485,10.0,0.023449721137260016,0.06883285887433072,0.07178689111622505
877.0,1.0,3.0,4294966272.0,4294966272.0,1.0,0.011308210806348105,0.01183484672302372,645.0,2.0,-1.0,-1.0,0.9996862798937005,0.9695950480857485,10.0,0.023449721137260016,0.06881185147054739,0.07176566434945864
878.0,1.0,4.0,4294966272.0,4294966272.0,1.0,0.011308210806348112,0.011834846723023727,646.0,0.0,-1.0,-1.0,0.9996862798937005,0.9695950480857485,10.0,0.023449721137260016,0.06879084406676403,0.07174443758269222
879.0,1.0,5.0,4294966272.0,4294966272.0,1.0,0.01130821080634812,0.011834846723023727,647.0,0.0,-1.0,-1.0,0.9996862798937005,0.9695950480857485,10.0,0.023449721137260016,0.0687698366629807,0.0717232108159258
880.0,1.0,6.0,4294966272.0,4294966272.0,1.0,0.011308210806348126,0.011834846723023734,648.0,1.0,-1.0,-1.0,0.9996862798937005,0.9695950480857485,10.0,0.023449721137260016,0.06874882925919734,0.07170198404915937
881.0,1.0,7.0,4294966272.0,4294966272.0,1.0,0.011308210806348126,0.011834846723023734,649.0,1.0,-1.0,-1.0,0.9996862798937005,0.9695950480857485,10.0,0.023449721137260016,0.06872782185541398,0.07168075728239295
882.0,1.0,7.0,4294966272.0,4294966272.0,1.0,0.011308210806348133,0.011834846723023727,650.0,0.0,-1.0,-1.0,0.9996862798937005,0.9695950480857485,10.0,0.023449721137260016,0.06870681445163063,0.07165953051562651
883.0,1.0,7.0,4294966272.0,4294966272.0,1.0,0.01130821080634814,0.011834846723023734,651.0,0.0,-1.0,-1.0,0.9996862798937005,0.9695950480857485,10.0,0.023449721137260016,0.06868580704784727,0.0716383037488601
884.0,1.0,4.0,4294966272.0,4294966272.0,1.0,0.011308210806348147,0.011834846723023734,652.0,0.0,-1.0,-1.0,0.9996862798937005,0.9695950480857485,10.0,0.023449721137260016,0.06866479964406394,0.07161707698209367
885.0,1.0,4.0,4294966272.0,4294966272.0,1.0,0.011308210806348154,0.011834846723023741,653.0,0.0,-1.0,-1.0,0.9996862798937005,0.9695950480857485,10.0,0.023449721137260016,0.06864379224028058,0.07159585021532724
886.0,1.0,3.0,4294966272.0,4294966272.0,1.0,0.011308210806348154,0.011834846723023741,654.0,0.0,-1.0,-1.0,0.9996862798937005,0.9695950480857485,10.0,0.023449721137260016,0.06862278483649722,0.07157462344856083
887.0,1.0,6.0,4294966272.0,4294966272.0,1.0,0.011308210806348154,0.011834846723023748,655.0,0.0,-1.0,-1.0,0.9996862798937005,0.9695950480857485,10.0,0.023449721137260016,0.06860177743271387,0.07155339668179439
888.0,1.0,2.0,4294966272.0,4294966272.0,1.0,0.011308210806348154,0.011834846723023748,656.0,0.0,-1.0,-1.0,0.9996862798937005,0.9695950480857485,10.0,0.023449721137260016,0.06858077002893052,0.07153216991502798
889.0,1.0,9.0,4294966272.0,4294966272.0,1.0,0.011308210806348161,0.011834846723023741,657.0,0.0,-1.0,-1.0,0.9996862798937005,0.9695950480857485,10.0,0.023449721137260016,0.06855976262514718,0.07151094314826154
890.0,1.0,7.0,4294966272.0,4294966272.0,1.0,0.011308210806348175,0.011834846723023748,658.0,0.0,-1.0,-1.0,0.9996862798937005,0.9695950480857485,10.0,0.023449721137260016,0.06853875522136384,0.07148971638149512
891.0,1.0,6.0,4294966272.0,4294966272.0,1.0,0.011308210806348175,0.011834846723023748,659.0,2.0,-1.0,-1.0,0.9996862798937005,0.9695950480857485,10.0,0.023449721137260016,0.06851774781758048,0.0714684896147287
892.0,1.0,6.0,4294966272.0,4294966272.0,1.0,0.011308210806348175,0.011834846723023755,660.0,0.0,-1.0,-1.0,0.9996862798937005,0.9695950480857485,10.0,0.023449721137260016,0.06849674041379712,0.07144726284796227
893.0,1.0,6.0,4294966272.0,4294966272.0,1.0,0.011308210806348175,0.011834846723023755,661.0,0.0,-1.0,-1.0,0.9996862798937005,0.9695950480857485,10.0,0.023449721137260016,0.06847573301001376,0.07142603608119583
894.0,1.0,4.0,4294966272.0,4294966272.0,1.0,0.011308210806348182,0.011834846723023762,662.0,0.0,-1.0,-1.0,0.9996862798937005,0.9695950480857485,10.0,0.023449721137260016,0.06845472560623042,0.07140480931442938
895.0,1.0,9.0,4294966272.0,4294966272.0,1.0,0.011308210806348189,0.011834846723023762,663.0,1.0,-1.0,-1.0,0.9996862798937005,0.9695950480857485,10.0,0.023449721137260016,0.06843371820244706,0.07138358254766296
896.0,1.0,6.0,4294966272.0,4294966272.0,1.0,0.011308210806348189,0.011834846723023755,664.0,1.0,-1.0,-1.0,0.9996862798937005,0.9695950480857485,10.0,0.023449721137260016,0.0684127107986637,0.07136235578089653
897.0,1.0,6.0,4294966272.0,4294966272.0,1.0,0.011308210806348196,0.011834846723023755,665.0,0.0,-1.0,-1.0,0.9996862798937005,0.9695950480857485,10.0,0.023449721137260016,0.06839170339488035,0.07134112901413009
898.0,1.0,8.0,4294966272.0,4294966272.0,1.0,0.011308210806348196,0.011834846723023755,666.0,0.0,-1.0,-1.0,0.9996862798937005,0.9695950480857485,10.0,0.023449721137260016,0.068370695991097,0.07131990224736368
899.0,1.0,4.0,4294966272.0,4294966272.0,1.0,0.011308210806348203,0.011834846723023755,667.0,0.0,-1.0,-1.0,0.9996862798937005,0.9695950480857485,10.0,0.023449721137260016,0.06834968858731366,0.07129867548059723
900.0,1.0,6.0,4294966272.0,4294966272.0,1.0,0.01130821080634821,0.011834846723023755,668.0,0.0,-1.0,-1.0,0.9996862798937005,0.9695950480857485,10.0,0.023449721137260016,0.06832868118353032,0.0712774487138308
901.0,1.0,3.0,4294966272.0,4294966272.0,1.0,0.01130821080634821,0.011834846723023755,669.0,1.0,-1.0,-1.0,0.9996862798937005,0.9695950480857485,10.0,0.023449721137260016,0.06830767377974697,0.07125622194706435
902.0,1.0,2.0,4294966272.0,4294966272.0,1.0,0.01130821080634821,0.011834846723023755,670.0,1.0,-1.0,-1.0,0.9996862798937005,0.9695950480857485,10.0,0.023449721137260016,0.06828666637596362,0.07123499518029791
903.0,1.0,7.0,4294966272.0,4294966272.0,1.0,0.01130821080634821,0.011834846723023755,671.0,0.0,-1.0,-1.0,0.9996862798937005,0.9695950480857485,10.0,0.023449721137260016,0.06826565897218026,0.07121376841353148
904.0,1.0,6.0,4294966272.0,4294966272.0,1.0,0.011308210806348216,0.011834846723023755,672.0,1.0,-1.0,-1.0,0.9996862798937005,0.9695950480857485,10.0,0.023449721137260016,0.0682446515683969,0.07119254164676506
905.0,1.0,9.0,4294966272.0,4294966272.0,1.0,0.011308210806348223,0.011834846723023755,673.0,1.0,-1.0,-1.0,0.9996862798937005,0.9695950480857485,10.0,0.023449721137260016,0.06822364416461354,0.0711713148799986
906.0,1.0,8.0,4294966272.0,4294966272.0,1.0,0.011308210806348223,0.011834846723023755,674.0,0.0,-1.0,-1.0,0.9996862798937005,0.9695950480857485,10.0,0.023449721137260016,0.0682026367608302,0.07115008811323216
907.0,1.0,4.0,4294966272.0,4294966272.0,1.0,0.01130821080634823,0.011834846723023762,675.0,0.0,-1.0,-1.0,0.9996862798937005,0.9695950480857485,10.0,0.023449721137260016,0.06818162935704684,0.0711288613464657
908.0,1.0,9.0,4294966272.0,4294966272.0,1.0,0.01130821080634823,0.011834846723023769,676.0,1.0,-1.0,-1.0,0.9996862798937005,0.9695950480857485,10.0,0.023449721137260016,0.06816062195326349,0.07110763457969926
909.0,1.0,10.0,4294966272.0,4294966272.0,1.0,0.01130821080634823,0.011834846723023776,677.0,0.0,-1.0,-1.0,0.9996862798937005,0.9695950480857485,10.0,0.023449721137260016,0.06813961454948013,0.07108640781293282
910.0,1.0,6.0,4294966272.0,4294966272.0,1.0,0.01130821080634823,0.011834846723023776,678.0,0.0,-1.0,-1.0,0.9996862798937005,0.9695950480857485,10.0,0.023449721137260016,0.06811860714569679,0.07106518104616638
911.0,1.0,5.0,4294966272.0,4294966272.0,1.0,0.011308210806348237,0.011834846723023776,679.0,0.0,-1.0,-1.0,0.9996862798937005,0.9695950480857485,10.0,0.023449721137260016,0.06809759974191344,0.07104395427939994
912.0,1.0,11.0,4294966272.0,4294966272.0,1.0,0.011308210806348244,0.011834846723023776,680.0,2.0,-1.0,-1.0,0.9996862798937005,0.9695950480857485,10.0,0.023449721137260016,0.0680765923381301,0.07102272751263347
913.0,1.0,9.0,4294966272.0,4294966272.0,1.0,0.011308210806348251,0.011834846723023776,681.0,1.0,-1.0,-1.0,0.9996862798937005,0.9695950480857485,10.0,0.023449721137260016,0.06805558493434674,0.07100150074586703
914.0,1.0,5.0,4294966272.0,4294966272.0,1.0,0.011308210806348251,0.011834846723023776,682.0,0.0,-1.0,-1.0,0.9996862798937005,0.9695950480857485,10.0,0.023449721137260016,0.06803457753056338,0.07098027397910057
915.0,1.0,9.0,4294966272.0,4294966272.0,1.0,0.011308210806348251,0.011834846723023776,683.0,0.0,-1.0,-1.0,0.9996862798937005,0.9695950480857485,10.0,0.023449721137260016,0.06801357012678003,0.07095904721233412
916.0,1.0,8.0,4294966272.0,4294966272.0,1.0,0.011308210806348251,0.011834846723023783,684.0,0.0,-1.0,-1.0,0.9996862798937005,0.9695950480857485,10.0,0.023449721137260016,0.06799256272299667,0.07093782044556768
917.0,1.0,5.0,4294966272.0,4294966272.0,1.0,0.011308210806348258,0.011834846723023783,685.0,0.0,-1.0,-1.0,0.9996862798937005,0.9695950480857485,10.0,0.023449721137260016,0.06797155531921331,0.07091659367880124
918.0,1.0,5.0,4294966272.0,4294966272.0,1.0,0.011308210806348258,0.01183484672302379,686.0,0.0,-1.0,-1.0,0.9996862798937005,0.9695950480857485,10.0,0.023449721137260016,0.06795054791542997,0.07089536691203477
919.0,1.0,4.0,4294966272.0,4294966272.0,1.0,0.011308210806348265,0.011834846723023783,687.0,1.0,-1.0,-1.0,0.9996862798937005,0.9695950480857485,10.0,0.023449721137260016,0.06792954051164661,0.07087414014526831
920.0,1.0,5.0,4294966272.0,4294966272.0,1.0,0.011308210806348265,0.011834846723023783,688.0,1.0,-1.0,-1.0,0.9996862798937005,0.9695950480857485,10.0,0.023449721137260016,0.06790853310786325,0.07085291337850186
921.0,1.0,9.0,4294966272.0,4294966272.0,1.0,0.011308210806348272,0.01183484672302379,689.0,0.0,-1.0,-1.0,0.9996862798937005,0.9695950480857485,10.0,0.023449721137260016,0.06788752570407991,0.07083168661173539
922.0,1.0,6.0,4294966272.0,4294966272.0,1.0,0.011308210806348279,0.01183484672302379,690.0,0.0,-1.0,-1.0,0.9996862798937005,0.9695950480857485,10.0,0.023449721137260016,0.06786651830029657,0.07081045984496893
923.0,1.0,5.0,4294966272.0,4294966272.0,1.0,0.011308210806348279,0.011834846723023797,691.0,0.0,-1.0,-1.0,0.9996862798937005,0.9695950480857485,10.0,0.023449721137260016,0.06784551089651322,0.07078923307820248
924.0,1.0,7.0,4294966272.0,4294966272.0,1.0,0.011308210806348286,0.011834846723023797,692.0,1.0,-1.0,-1.0,0.9996862798937005,0.9695950480857485,10.0,0.023449721137260016,0.06782450349272987,0.07076800631143601
925.0,1.0,8.0,4294966272.0,4294966272.0,1.0,0.011308210806348286,0.011834846723023804,693.0,0.0,-1.0,-1.0,0.9996862798937005,0.9695950480857485,10.0,0.023449721137260016,0.06780349608894651,0.07074677954466956
926.0,1.0,5.0,4294966272.0,4294966272.0,1.0,0.011308210806348293,0.011834846723023797,694.0,0.0,-1.0,-1.0,0.9996862798937005,0.9695950480857485,10.0,0.023449721137260016,0.06778248868516318,0.07072555277790309
927.0,1.0,5.0,4294966272.0,4294966272.0,1.0,0.0113082108063483,0.011834846723023797,695.0,1.0,-1.0,-1.0,0.9996862798937005,0.9695950480857485,10.0,0.023449721137260016,0.06776148128137982,0.07070432601113662
928.0,1.0,3.0,4294966272.0,4294966272.0,1.0,0.0113082108063483,0.011834846723023804,696.0,0.0,-1.0,-1.0,0.9996862798937005,0.9695950480857485,10.0,0.023449721137260016,0.06774047387759646,0.07068309924437016
929.0,1.0,4.0,4294966272.0,4294966272.0,1.0,0.011308210806348307,0.011834846723023804,697.0,0.0,-1.0,-1.0,0.9996862798937005,0.9695950480857485,10.0,0.023449721137260016,0.0677194664738131,0.0706618724776037
930.0,1.0,1.0,4294966272.0,4294966272.0,1.0,0.011308210806348307,0.01183484672302381,698.0,1.0,-1.0,-1.0,0.9996862798937005,0.9695950480857485,10.0,0.023449721137260016,0.06769845907002975,0.07064064571083722
931.0,1.0,4.0,4294966272.0,4294966272.0,1.0,0.011308210806348314,0.01183484672302381,699.0,1.0,-1.0,-1.0,0.9996862798937005,0.9695950480857485,10.0,0.023449721137260016,0.0676774516662464,0.07061941894407077
932.0,1.0,10.0,4294966272.0,4294966272.0,1.0,0.01130821080634832,0.011834846723023817,700.0,0.0,-1.0,-1.0,0.9996862798937005,0.9695950480857485,10.0,0.023449721137260016,0.06765644426246305,0.0705981921773043
933.0,1.0,8.0,4294966272.0,4294966272.0,1.0,0.01130821080634832,0.011834846723023817,701.0,1.0,-1.0,-1.0,0.9996862798937005,0.9695950480857485,10.0,0.023449721137260016,0.0676354368586797,0.07057696541053782
934.0,1.0,8.0,4294966272.0,4294966272.0,1.0,0.011308210806348327,0.01183484672302381,702.0,0.0,-1.0,-1.0,0.9996862798937005,0.9695950480857485,10.0,0.023449721137260016,0.06761442945489635,0.07055573864377135
935.0,1.0,5.0,4294966272.0,4294966272.0,1.0,0.011308210806348327,0.011834846723023817,703.0,2.0,-1.0,-1.0,0.9996862798937005,0.9695950480857485,10.0,0.023449721137260016,0.067593422051113,0.07053451187700488
936.0,1.0,8.0,4294966272.0,4294966272.0,1.0,0.011308210806348334,0.011834846723023817,704.0,1.0,-1.0,-1.0,0.9996862798937005,0.9695950480857485,10.0,0.023449721137260016,0.06757241464732966,0.07051328511023841
937.0,1.0,9.0,4294966272.0,4294966272.0,1.0,0.011308210806348341,0.011834846723023824,705.0,0.0,-1.0,-1.0,0.9996862798937005,0.9695950480857485,10.0,0.023449721137260016,0.0675514072435463,0.07049205834347193
938.0,1.0,4.0,4294966272.0,4294966272.0,1.0,0.011308210806348348,0.011834846723023824,706.0,0.0,-1.0,-1.0,0.9996862798937005,0.9695950480857485,10.0,0.023449721137260016,0.06753039983976297,0.07047083157670546
939.0,1.0,9.0,4294966272.0,4294966272.0,1.0,0.011308210806348355,0.011834846723023824,707.0,1.0,-1.0,-1.0,0.9996862798937005,0.9695950480857485,10.0,0.023449721137260016,0.06750939243597961,0.07044960480993898
940.0,1.0,8.0,4294966272.0,4294966272.0,1.0,0.011308210806348355,0.011834846723023831,708.0,0.0,-1.0,-1.0,0.9996862798937005,0.9695950480857485,10.0,0.023449721137260016,0.06748838503219626,0.07042837804317251
941.0,1.0,6.0,4294966272.0,4294966272.0,1.0,0.011308210806348355,0.011834846723023824,709.0,0.0,-1.0,-1.0,0.9996862798937005,0.9695950480857485,10.0,0.023449721137260016,0.0674673776284129,0.07040715127640601
942.0,1.0,7.0,4294966272.0,4294966272.0,1.0,0.011308210806348362,0.011834846723023831,710.0,0.0,-1.0,-1.0,0.9996862798937005,0.9695950480857485,10.0,0.023449721137260016,0.06744637022462954,0.07038592450963953
943.0,1.0,7.0,4294966272.0,4294966272.0,1.0,0.011308210806348369,0.011834846723023831,711.0,0.0,-1.0,-1.0,0.9996862798937005,0.9695950480857485,10.0,0.023449721137260016,0.0674253628208462,0.07036469774287304
944.0,1.0,3.0,4294966272.0,4294966272.0,1.0,0.011308210806348376,0.011834846723023831,712.0,0.0,-1.0,-1.0,0.9996862798937005,0.9695950480857485,10.0,0.023449721137260016,0.06740435541706286,0.07034347097610658
945.0,1.0,3.0,4294966272.0,4294966272.0,1.0,0.011308210806348376,0.011834846723023838,713.0,0.0,-1.0,-1.0,0.9996862798937005,0.9695950480857485,10.0,0.023449721137260016,0.0673833480132795,0.07032224420934008
946.0,1.0,3.0,4294966272.0,4294966272.0,1.0,0.011308210806348376,0.011834846723023845,714.0,0.0,-1.0,-1.0,0.9996862798937005,0.9695950480857485,10.0,0.023449721137260016,0.06736234060949614,0.07030101744257361
947.0,1.0,4.0,4294966272.0,4294966272.0,1.0,0.011308210806348376,0.011834846723023852,715.0,0.0,-1.0,-1.0,0.9996862798937005,0.9695950480857485,10.0,0.023449721137260016,0.0673413332057128,0.07027979067580711
948.0,1.0,6.0,4294966272.0,4294966272.0,1.0,0.01130821080634839,0.011834846723023845,716.0,0.0,-1.0,-1.0,0.9996862798937005,0.9695950480857485,10.0,0.023449721137260016,0.06732032580192945,0.07025856390904062
949.0,1.0,6.0,4294966272.0,4294966272.0,1.0,0.011308210806348397,0.011834846723023852,717.0,0.0,-1.0,-1.0,0.9996862798937005,0.9695950480857485,10.0,0.023449721137260016,0.0672993183981461,0.07023733714227412
950.0,1.0,6.0,4294966272.0,4294966272.0,1.0,0.011308210806348397,0.011834846723023852,718.0,0.0,-1.0,-1.0,0.9996862798937005,0.9695950480857485,10.0,0.023449721137260016,0.06727831099436275,0.07021611037550762
951.0,1.0,5.0,4294966272.0,4294966272.0,1.0,0.011308210806348404,0.011834846723023852,719.0,1.0,-1.0,-1.0,0.9996862798937005,0.9695950480857485,10.0,0.023449721137260016,0.0672573035905794,0.07019488360874113
952.0,1.0,5.0,4294966272.0,4294966272.0,1.0,0.011308210806348404,0.011834846723023852,720.0,1.0,-1.0,-1.0,0.9996862798937005,0.9695950480857485,10.0,0.023449721137260016,0.06723629618679604,0.07017365684197464
953.0,1.0,12.0,4294966272.0,4294966272.0,1.0,0.01130821080634841,0.011834846723023852,721.0,0.0,-1.0,-1.0,0.9996862798937005,0.9695950480857485,10.0,0.023449721137260016,0.0672152887830127,0.07015243007520815
954.0,1.0,7.0,4294966272.0,4294966272.0,1.0,0.011308210806348418,0.011834846723023859,722.0,1.0,-1.0,-1.0,0.9996862798937005,0.9695950480857485,10.0,0.023449721137260016,0.06719428137922934,0.07013120330844165
955.0,1.0,6.0,4294966272.0,4294966272.0,1.0,0.011308210806348418,0.011834846723023859,723.0,0.0,-1.0,-1.0,0.9996862798937005,0.9695950480857485,10.0,0.023449721137260016,0.06717327397544598,0.07010997654167515
956.0,1.0,6.0,4294966272.0,4294966272.0,1.0,0.011308210806348425,0.011834846723023859,724.0,0.0,-1.0,-1.0,0.9996862798937005,0.9695950480857485,10.0,0.023449721137260016,0.06715226657166264,0.07008874977490864
957.0,1.0,4.0,4294966272.0,4294966272.0,1.0,0.011308210806348425,0.011834846723023859,725.0,0.0,-1.0,-1.0,0.9996862798937005,0.9695950480857485,10.0,0.023449721137260016,0.06713125916787929,0.07006752300814215
958.0,1.0,9.0,4294966272.0,4294966272.0,1.0,0.011308210806348432,0.011834846723023859,726.0,1.0,-1.0,-1.0,0.9996862798937005,0.9695950480857485,10.0,0.023449721137260016,0.06711025176409595,0.07004629624137562
959.0,1.0,5.0,4294966272.0,4294966272.0,1.0,0.011308210806348439,0.011834846723023866,727.0,1.0,-1.0,-1.0,0.9996862798937005,0.9695950480857485,10.0,0.023449721137260016,0.0670892443603126,0.07002506947460913
960.0,1.0,11.0,4294966272.0,4294966272.0,1.0,0.011308210806348439,0.011834846723023873,728.0,2.0,-1.0,-1.0,0.9996862798937005,0.9695950480857485,10.0,0.023449721137260016,0.06706823695652925,0.07000384270784261
961.0,1.0,8.0,4294966272.0,4294966272.0,1.0,0.011308210806348445,0.01183484672302388,729.0,0.0,-1.0,-1.0,0.9996862798937005,0.9695950480857485,10.0,0.023449721137260016,0.06704722955274589,0.0699826159410761
962.0,1.0,6.0,4294966272.0,4294966272.0,1.0,0.011308210806348445,0.01183484672302388,730.0,3.0,-1.0,-1.0,0.9996862798937005,0.9695950480857485,10.0,0.023449721137260016,0.06702622214896253,0.06996138917430961
963.0,1.0,7.0,4294966272.0,4294966272.0,1.0,0.011308210806348445,0.01183484672302388,731.0,0.0,-1.0,-1.0,0.9996862798937005,0.9695950480857485,10.0,0.023449721137260016,0.06700521474517918,0.06994016240754308
964.0,1.0,6.0,4294966272.0,4294966272.0,1.0,0.011308210806348452,0.01183484672302388,732.0,0.0,-1.0,-1.0,0.9996862798937005,0.9695950480857485,10.0,0.023449721137260016,0.06698420734139582,0.06991893564077659
965.0,1.0,9.0,4294966272.0,4294966272.0,1.0,0.011308210806348452,0.01183484672302388,733.0,0.0,-1.0,-1.0,0.9996862798937005,0.9695950480857485,10.0,0.023449721137260016,0.06696319993761247,0.06989770887401006
966.0,1.0,8.0,4294966272.0,4294966272.0,1.0,0.01130821080634846,0.011834846723023887,734.0,1.0,-1.0,-1.0,0.9996862798937005,0.9695950480857485,10.0,0.023449721137260016,0.06694219253382912,0.06987648210724354
967.0,1.0,11.0,4294966272.0,4294966272.0,1.0,0.01130821080634846,0.011834846723023887,735.0,0.0,-1.0,-1.0,0.9996862798937005,0.9695950480857485,10.0,0.023449721137260016,0.06692118513004577,0.06985525534047701
968.0,1.0,5.0,4294966272.0,4294966272.0,1.0,0.011308210806348466,0.011834846723023894,736.0,0.0,-1.0,-1.0,0.9996862798937005,0.9695950480857485,10.0,0.023449721137260016,0.06690017772626242,0.06983402857371049
969.0,1.0,9.0,4294966272.0,4294966272.0,1.0,0.011308210806348466,0.011834846723023894,737.0,2.0,-1.0,-1.0,0.9996862798937005,0.9695950480857485,10.0,0.023449721137260016,0.06687917032247906,0.06981280180694396
970.0,1.0,6.0,4294966272.0,4294966272.0,1.0,0.011308210806348473,0.0118348467230239,738.0,0.0,-1.0,-1.0,0.9996862798937005,0.9695950480857485,10.0,0.023449721137260016,0.06685816291869573,0.06979157504017744
971.0,1.0,5.0,4294966272.0,4294966272.0,1.0,0.01130821080634848,0.011834846723023894,739.0,0.0,-1.0,-1.0,0.9996862798937005,0.9695950480857485,10.0,0.023449721137260016,0.06683715551491237,0.06977034827341091
972.0,1.0,7.0,4294966272.0,4294966272.0,1.0,0.01130821080634848,0.011834846723023894,740.0,0.0,-1.0,-1.0,0.9996862798937005,0.9695950480857485,10.0,0.023449721137260016,0.06681614811112901,0.06974912150664439
973.0,1.0,5.0,4294966272.0,4294966272.0,1.0,0.01130821080634848,0.0118348467230239,741.0,1.0,-1.0,-1.0,0.9996862798937005,0.9695950480857485,10.0,0.023449721137260016,0.06679514070734566,0.06972789473987787
974.0,1.0,6.0,4294966272.0,4294966272.0,1.0,0.01130821080634848,0.0118348467230239,742.0,1.0,-1.0,-1.0,0.9996862798937005,0.9695950480857485,10.0,0.023449721137260016,0.0667741333035623,0.06970666797311134
975.0,1.0,6.0,4294966272.0,4294966272.0,1.0,0.011308210806348487,0.0118348467230239,743.0,0.0,-1.0,-1.0,0.9996862798937005,0.9695950480857485,10.0,0.023449721137260016,0.06675312589977897,0.0696854412063448
976.0,1.0,6.0,4294966272.0,4294966272.0,1.0,0.011308210806348494,0.0118348467230239,744.0,0.0,-1.0,-1.0,0.9996862798937005,0.9695950480857485,10.0,0.023449721137260016,0.06673211849599561,0.06966421443957826
977.0,1.0,5.0,4294966272.0,4294966272.0,1.0,0.011308210806348494,0.0118348467230239,745.0,1.0,-1.0,-1.0,0.9996862798937005,0.9695950480857485,10.0,0.023449721137260016,0.06671111109221226,0.06964298767281171
978.0,1.0,7.0,4294966272.0,4294966272.0,1.0,0.011308210806348501,0.0118348467230239,746.0,0.0,-1.0,-1.0,0.9996862798937005,0.9695950480857485,10.0,0.023449721137260016,0.0666901036884289,0.06962176090604517
979.0,1.0,11.0,4294966272.0,4294966272.0,1.0,0.011308210806348501,0.0118348467230239,747.0,3.0,-1.0,-1.0,0.9996862798937005,0.9695950480857485,10.0,0.023449721137260016,0.06666909628464554,0.06960053413927864
980.0,1.0,12.0,4294966272.0,4294966272.0,1.0,0.011308210806348508,0.011834846723023908,748.0,1.0,-1.0,-1.0,0.9996862798937005,0.9695950480857485,10.0,0.023449721137260016,0.06664808888086221,0.06957930737251208
981.0,1.0,8.0,4294966272.0,4294966272.0,1.0,0.011308210806348515,0.011834846723023908,749.0,0.0,-1.0,-1.0,0.9996862798937005,0.9695950480857485,10.0,0.023449721137260016,0.06662708147707885,0.06955808060574556
982.0,1.0,5.0,4294966272.0,4294966272.0,1.0,0.011308210806348515,0.011834846723023908,750.0,0.0,-1.0,-1.0,0.9996862798937005,0.9695950480857485,10.0,0.023449721137260016,0.06660607407329552,0.06953685383897901
983.0,1.0,7.0,4294966272.0,4294966272.0,1.0,0.011308210806348529,0.011834846723023915,751.0,0.0,-1.0,-1.0,0.9996862798937005,0.9695950480857485,10.0,0.023449721137260016,0.06658506666951217,0.06951562707221245
984.0,1.0,5.0,4294966272.0,4294966272.0,1.0,0.011308210806348529,0.011834846723023922,752.0,0.0,-1.0,-1.0,0.9996862798937005,0.9695950480857485,10.0,0.023449721137260016,0.06656405926572881,0.0694944003054459
985.0,1.0,4.0,4294966272.0,4294966272.0,1.0,0.011308210806348536,0.011834846723023928,753.0,0.0,-1.0,-1.0,0.9996862798937005,0.9695950480857485,10.0,0.023449721137260016,0.06654305186194547,0.06947317353867936
986.0,1.0,5.0,4294966272.0,4294966272.0,1.0,0.011308210806348543,0.011834846723023922,754.0,1.0,-1.0,-1.0,0.9996862798937005,0.9695950480857485,10.0,0.023449721137260016,0.06652204445816211,0.0694519467719128
987.0,1.0,6.0,4294966272.0,4294966272.0,1.0,0.011308210806348543,0.011834846723023928,755.0,0.0,-1.0,-1.0,0.9996862798937005,0.9695950480857485,10.0,0.023449721137260016,0.06650103705437876,0.06943072000514625
988.0,1.0,7.0,4294966272.0,4294966272.0,1.0,0.01130821080634855,0.011834846723023928,756.0,1.0,-1.0,-1.0,0.9996862798937005,0.9695950480857485,10.0,0.023449721137260016,0.0664800296505954,0.06940949323837968
989.0,1.0,5.0,4294966272.0,4294966272.0,1.0,0.01130821080634855,0.011834846723023928,757.0,0.0,-1.0,-1.0,0.9996862798937005,0.9695950480857485,10.0,0.023449721137260016,0.06645902224681205,0.06938826647161311
990.0,1.0,5.0,4294966272.0,4294966272.0,1.0,0.01130821080634855,0.011834846723023928,758.0,1.0,-1.0,-1.0,0.9996862798937005,0.9695950480857485,10.0,0.023449721137260016,0.06643801484302869,0.06936703970484656
991.0,1.0,6.0,4294966272.0,4294966272.0,1.0,0.011308210806348556,0.011834846723023928,759.0,0.0,-1.0,-1.0,0.9996862798937005,0.9695950480857485,10.0,0.023449721137260016,0.06641700743924533,0.06934581293807998
992.0,1.0,2.0,4294966272.0,4294966272.0,1.0,0.011308210806348563,0.011834846723023935,760.0,2.0,-1.0,-1.0,0.9996862798937005,0.9695950480857485,10.0,0.023449721137260016,0.066396000035462,0.06932458617131342
993.0,1.0,8.0,4294966272.0,4294966272.0,1.0,0.01130821080634857,0.011834846723023928,761.0,2.0,-1.0,-1.0,0.9996862798937005,0.9695950480857485,10.0,0.023449721137260016,0.06637499263167865,0.06930335940454685
994.0,1.0,10.0,4294966272.0,4294966272.0,1.0,0.01130821080634857,0.011834846723023935,762.0,0.0,-1.0,-1.0,0.9996862798937005,0.9695950480857485,10.0,0.023449721137260016,0.0663539852278953,0.06928213263778028
995.0,1.0,3.0,4294966272.0,4294966272.0,1.0,0.01130821080634857,0.011834846723023935,763.0,2.0,-1.0,-1.0,0.9996862798937005,0.9695950480857485,10.0,0.023449721137260016,0.06633297782411196,0.06926090587101372
996.0,1.0,9.0,4294966272.0,4294966272.0,1.0,0.011308210806348577,0.011834846723023935,764.0,3.0,-1.0,-1.0,0.9996862798937005,0.9695950480857485,10.0,0.023449721137260016,0.0663119704203286,0.06923967910424714
997.0,1.0,7.0,4294966272.0,4294966272.0,1.0,0.011308210806348584,0.011834846723023942,765.0,0.0,-1.0,-1.0,0.9996862798937005,0.9695950480857485,10.0,0.023449721137260016,0.06629096301654525,0.06921845233748057
998.0,1.0,6.0,4294966272.0,4294966272.0,1.0,0.011308210806348591,0.01183484672302395,766.0,1.0,-1.0,-1.0,0.9996862798937005,0.9695950480857485,10.0,0.023449721137260016,0.06626995561276189,0.06919722557071399
999.0,1.0,8.0,4294966272.0,4294966272.0,1.0,0.011308210806348591,0.011834846723023956,767.0,0.0,-1.0,-1.0,0.9996862798937005,0.9695950480857485,10.0,0.023449721137260016,0.06624894820897854,0.06917599880394741
1000.0,1.0,9.0,4294966272.0,4294966272.0,1.0,0.011308210806348598,0.01183484672302395,768.0,0.0,-1.0,-1.0,0.9996862798937005,0.9695950480857485,10.0,0.023449721137260016,0.06622794080519519,0.06915477203718082
1001.0,1.0,3.0,4294966272.0,4294966272.0,1.0,0.011308210806348598,0.01183484672302395,769.0,0.0,-1.0,-1.0,0.9996862798937005,0.9695950480857485,10.0,0.023449721137260016,0.06620693340141183,0.06913354527041422
1002.0,1.0,3.0,4294966272.0,4294966272.0,1.0,0.011308210806348605,0.01183484672302395,770.0,1.0,-1.0,-1.0,0.9996862798937005,0.9695950480857485,10.0,0.023449721137260016,0.06618592599762849,0.06911231850364763
1003.0,1.0,7.0,4294966272.0,4294966272.0,1.0,0.011308210806348612,0.01183484672302395,771.0,0.0,-1.0,-1.0,0.9996862798937005,0.9695950480857485,10.0,0.023449721137260016,0.06616491859384513,0.06909109173688104
1004.0,1.0,8.0,4294966272.0,4294966272.0,1.0,0.011308210806348612,0.011834846723023956,772.0,0.0,-1.0,-1.0,0.9996862798937005,0.9695950480857485,10.0,0.023449721137260016,0.0661439111900618,0.06906986497011444
1005.0,1.0,8.0,4294966272.0,4294966272.0,1.0,0.011308210806348619,0.011834846723023956,773.0,1.0,-1.0,-1.0,0.9996862798937005,0.9695950480857485,10.0,0.023449721137260016,0.06612290378627844,0.06904863820334783
1006.0,1.0,8.0,4294966272.0,4294966272.0,1.0,0.011308210806348619,0.011834846723023963,774.0,0.0,-1.0,-1.0,0.9996862798937005,0.9695950480857485,10.0,0.023449721137260016,0.06610189638249508,0.06902741143658123
1007.0,1.0,7.0,4294966272.0,4294966272.0,1.0,0.011308210806348626,0.011834846723023963,775.0,0.0,-1.0,-1.0,0.9996862798937005,0.9695950480857485,10.0,0.023449721137260016,0.06608088897871175,0.06900618466981462
1008.0,1.0,3.0,4294966272.0,4294966272.0,1.0,0.011308210806348633,0.011834846723023963,776.0,1.0,-1.0,-1.0,0.9996862798937005,0.9695950480857485,10.0,0.023449721137260016,0.0660598815749284,0.06898495790304802
1009.0,1.0,1.0,4294966272.0,4294966272.0,1.0,0.011308210806348633,0.011834846723023963,777.0,0.0,-1.0,-1.0,0.9996862798937005,0.9695950480857485,10.0,0.023449721137260016,0.06603887417114504,0.06896373113628142
1010.0,1.0,4.0,4294966272.0,4294966272.0,1.0,0.01130821080634864,0.011834846723023963,778.0,0.0,-1.0,-1.0,0.9996862798937005,0.9695950480857485,10.0,0.023449721137260016,0.06601786676736168,0.06894250436951481
1011.0,1.0,7.0,4294966272.0,4294966272.0,1.0,0.01130821080634864,0.01183484672302397,779.0,0.0,-1.0,-1.0,0.9996862798937005,0.9695950480857485,10.0,0.023449721137260016,0.06599685936357833,0.0689212776027482
1012.0,1.0,7.0,4294966272.0,4294966272.0,1.0,0.011308210806348647,0.01183484672302397,780.0,1.0,-1.0,-1.0,0.9996862798937005,0.9695950480857485,10.0,0.023449721137260016,0.06597585195979498,0.06890005083598158
1013.0,1.0,11.0,4294966272.0,4294966272.0,1.0,0.011308210806348654,0.01183484672302397,781.0,0.0,-1.0,-1.0,0.9996862798937005,0.9695950480857485,10.0,0.023449721137260016,0.06595484455601162,0.06887882406921497
1014.0,1.0,7.0,4294966272.0,4294966272.0,1.0,0.011308210806348654,0.01183484672302397,782.0,1.0,-1.0,-1.0,0.9996862798937005,0.9695950480857485,10.0,0.023449721137260016,0.06593383715222828,0.06885759730244835
1015.0,1.0,4.0,4294966272.0,4294966272.0,1.0,0.01130821080634866,0.011834846723023963,783.0,1.0,-1.0,-1.0,0.9996862798937005,0.9695950480857485,10.0,0.023449721137260016,0.06591282974844492,0.06883637053568173
1016.0,1.0,2.0,4294966272.0,4294966272.0,1.0,0.01130821080634866,0.01183484672302397,784.0,1.0,-1.0,-1.0,0.9996862798937005,0.9695950480857485,10.0,0.023449721137260016,0.06589182234466158,0.06881514376891511
1017.0,1.0,9.0,4294966272.0,4294966272.0,1.0,0.011308210806348667,0.01183484672302397,785.0,0.0,-1.0,-1.0,0.9996862798937005,0.9695950480857485,10.0,0.023449721137260016,0.06587081494087824,0.06879391700214849
1018.0,1.0,5.0,4294966272.0,4294966272.0,1.0,0.011308210806348674,0.011834846723023977,786.0,0.0,-1.0,-1.0,0.9996862798937005,0.9695950480857485,10.0,0.023449721137260016,0.06584980753709488,0.06877269023538185
1019.0,1.0,6.0,4294966272.0,4294966272.0,1.0,0.011308210806348681,0.011834846723023977,787.0,1.0,-1.0,-1.0,0.9996862798937005,0.9695950480857485,10.0,0.023449721137260016,0.06582880013331155,0.06875146346861521
1020.0,1.0,4.0,4294966272.0,4294966272.0,1.0,0.011308210806348688,0.011834846723023977,788.0,2.0,-1.0,-1.0,0.9996862798937005,0.9695950480857485,10.0,0.023449721137260016,0.06580779272952819,0.06873023670184858
1021.0,1.0,7.0,4294966272.0,4294966272.0,1.0,0.011308210806348688,0.011834846723023984,789.0,1.0,-1.0,-1.0,0.9996862798937005,0.9695950480857485,10.0,0.023449721137260016,0.06578678532574483,0.06870900993508194
1022.0,1.0,9.0,4294966272.0,4294966272.0,1.0,0.011308210806348688,0.011834846723023991,790.0,0.0,-1.0,-1.0,0.9996862798937005,0.9695950480857485,10.0,0.023449721137260016,0.06576577792196148,0.06868778316831531
1023.0,1.0,7.0,4294966272.0,4294966272.0,1.0,0.011308210806348695,0.011834846723023991,791.0,1.0,-1.0,-1.0,0.9996862798937005,0.9695950480857485,10.0,0.023449721137260016,0.06574477051817812,0.06866655640154867
1024.0,1.0,6.0,4294966272.0,4294966272.0,1.0,0.011308210806348702,0.011834846723023991,792.0,0.0,-1.0,-1.0,0.9996862798937005,0.9695950480857485,10.0,0.023449721137260016,0.06572376311439478,0.06864532963478201
1025.0,1.0,4.0,4294966272.0,4294966272.0,1.0,0.011308210806348709,0.011834846723023998,793.0,1.0,-1.0,-1.0,0.9996862798937005,0.9695950480857485,10.0,0.023449721137260016,0.06570275571061142,0.06862410286801537
1026.0,1.0,7.0,4294966272.0,4294966272.0,1.0,0.011308210806348709,0.011834846723023998,794.0,0.0,-1.0,-1.0,0.9996862798937005,0.9695950480857485,10.0,0.023449721137260016,0.06568174830682807,0.06860287610124871
1027.0,1.0,13.0,4294966272.0,4294966272.0,1.0,0.011308210806348716,0.011834846723023998,795.0,0.0,-1.0,-1.0,0.9996862798937005,0.9695950480857485,10.0,0.023449721137260016,0.06566074090304472,0.06858164933448205
1028.0,1.0,4.0,4294966272.0,4294966272.0,1.0,0.011308210806348716,0.011834846723023998,796.0,0.0,-1.0,-1.0,0.9996862798937005,0.9695950480857485,10.0,0.023449721137260016,0.06563973349926137,0.06856042256771538
1029.0,1.0,9.0,4294966272.0,4294966272.0,1.0,0.011308210806348723,0.011834846723023998,797.0,0.0,-1.0,-1.0,0.9996862798937005,0.9695950480857485,10.0,0.023449721137260016,0.06561872609547803,0.06853919580094872
1030.0,1.0,5.0,4294966272.0,4294966272.0,1.0,0.01130821080634873,0.011834846723023998,798.0,0.0,-1.0,-1.0,0.9996862798937005,0.9695950480857485,10.0,0.023449721137260016,0.06559771869169467,0.06851796903418206
1031.0,1.0,7.0,4294966272.0,4294966272.0,1.0,0.01130821080634873,0.011834846723023998,799.0,0.0,-1.0,-1.0,0.9996862798937005,0.9695950480857485,10.0,0.023449721137260016,0.06557671128791133,0.06849674226741537
1032.0,1.0,6.0,4294966272.0,4294966272.0,1.0,0.011308210806348737,0.011834846723024005,800.0,0.0,-1.0,-1.0,0.9996862798937005,0.9695950480857485,10.0,0.023449721137260016,0.06555570388412797,0.0684755155006487
1033.0,1.0,2.0,4294966272.0,4294966272.0,1.0,0.011308210806348737,0.011834846723024005,801.0,1.0,-1.0,-1.0,0.9996862798937005,0.9695950480857485,10.0,0.023449721137260016,0.06553469648034461,0.06845428873388201
1034.0,1.0,8.0,4294966272.0,4294966272.0,1.0,0.011308210806348744,0.011834846723024005,802.0,0.0,-1.0,-1.0,0.9996862798937005,0.9695950480857485,10.0,0.023449721137260016,0.06551368907656127,0.06843306196711534
1035.0,1.0,1.0,4294966272.0,4294966272.0,1.0,0.01130821080634875,0.011834846723024012,803.0,1.0,-1.0,-1.0,0.9996862798937005,0.9695950480857485,10.0,0.023449721137260016,0.06549268167277791,0.06841183520034864
1036.0,1.0,5.0,4294966272.0,4294966272.0,1.0,0.01130821080634875,0.011834846723024019,804.0,0.0,-1.0,-1.0,0.9996862798937005,0.9695950480857485,10.0,0.023449721137260016,0.06547167426899456,0.06839060843358195
1037.0,1.0,6.0,4294966272.0,4294966272.0,1.0,0.011308210806348758,0.011834846723024026,805.0,0.0,-1.0,-1.0,0.9996862798937005,0.9695950480857485,10.0,0.023449721137260016,0.0654506668652112,0.06836938166681525
1038.0,1.0,4.0,4294966272.0,4294966272.0,1.0,0.011308210806348758,0.011834846723024019,806.0,0.0,-1.0,-1.0,0.9996862798937005,0.9695950480857485,10.0,0.023449721137260016,0.06542965946142786,0.06834815490004856
1039.0,1.0,5.0,4294966272.0,4294966272.0,1.0,0.011308210806348758,0.011834846723024026,807.0,2.0,-1.0,-1.0,0.9996862798937005,0.9695950480857485,10.0,0.023449721137260016,0.06540865205764451,0.06832692813328187
1040.0,1.0,4.0,4294966272.0,4294966272.0,1.0,0.011308210806348765,0.011834846723024026,808.0,1.0,-1.0,-1.0,0.9996862798937005,0.9695950480857485,10.0,0.023449721137260016,0.06538764465386115,0.06830570136651516
1041.0,1.0,4.0,4294966272.0,4294966272.0,1.0,0.011308210806348772,0.011834846723024026,809.0,0.0,-1.0,-1.0,0.9996862798937005,0.9695950480857485,10.0,0.023449721137260016,0.06536663725007782,0.06828447459974847
1042.0,1.0,12.0,4294966272.0,4294966272.0,1.0,0.011308210806348779,0.011834846723024026,810.0,0.0,-1.0,-1.0,0.9996862798937005,0.9695950480857485,10.0,0.023449721137260016,0.06534562984629447,0.06826324783298177
1043.0,1.0,4.0,4294966272.0,4294966272.0,1.0,0.011308210806348779,0.011834846723024026,811.0,0.0,-1.0,-1.0,0.9996862798937005,0.9695950480857485,10.0,0.023449721137260016,0.06532462244251111,0.06824202106621506
1044.0,1.0,3.0,4294966272.0,4294966272.0,1.0,0.011308210806348779,0.011834846723024026,812.0,0.0,-1.0,-1.0,0.9996862798937005,0.9695950480857485,10.0,0.023449721137260016,0.06530361503872775,0.06822079429944836
1045.0,1.0,5.0,4294966272.0,4294966272.0,1.0,0.011308210806348785,0.011834846723024019,813.0,0.0,-1.0,-1.0,0.9996862798937005,0.9695950480857485,10.0,0.023449721137260016,0.0652826076349444,0.06819956753268164
1046.0,1.0,1.0,4294966272.0,4294966272.0,1.0,0.011308210806348785,0.011834846723024026,814.0,0.0,-1.0,-1.0,0.9996862798937005,0.9695950480857485,10.0,0.023449721137260016,0.06526160023116105,0.06817834076591492
1047.0,1.0,4.0,4294966272.0,4294966272.0,1.0,0.011308210806348792,0.011834846723024026,815.0,0.0,-1.0,-1.0,0.9996862798937005,0.9695950480857485,10.0,0.023449721137260016,0.0652405928273777,0.0681571139991482
1048.0,1.0,5.0,4294966272.0,4294966272.0,1.0,0.011308210806348792,0.011834846723024026,816.0,0.0,-1.0,-1.0,0.9996862798937005,0.9695950480857485,10.0,0.023449721137260016,0.06521958542359435,0.06813588723238147
1049.0,1.0,8.0,4294966272.0,4294966272.0,1.0,0.0113082108063488,0.011834846723024033,817.0,0.0,-1.0,-1.0,0.9996862798937005,0.9695950480857485,10.0,0.023449721137260016,0.065198578019811,0.06811466046561473
1050.0,1.0,5.0,4294966272.0,4294966272.0,1.0,0.0113082108063488,0.011834846723024033,818.0,0.0,-1.0,-1.0,0.9996862798937005,0.9695950480857485,10.0,0.023449721137260016,0.06517757061602764,0.068093433698848
1051.0,1.0,4.0,4294966272.0,4294966272.0,1.0,0.011308210806348806,0.011834846723024033,819.0,1.0,-1.0,-1.0,0.9996862798937005,0.9695950480857485,10.0,0.023449721137260016,0.0651565632122443,0.06807220693208127
1052.0,1.0,6.0,4294966272.0,4294966272.0,1.0,0.011308210806348813,0.011834846723024026,820.0,0.0,-1.0,-1.0,0.9996862798937005,0.9695950480857485,10.0,0.023449721137260016,0.06513555580846095,0.06805098016531452
1053.0,1.0,4.0,4294966272.0,4294966272.0,1.0,0.01130821080634882,0.011834846723024019,821.0,0.0,-1.0,-1.0,0.9996862798937005,0.9695950480857485,10.0,0.023449721137260016,0.0651145484046776,0.06802975339854778
1054.0,1.0,6.0,4294966272.0,4294966272.0,1.0,0.01130821080634882,0.011834846723024026,822.0,0.0,-1.0,-1.0,0.9996862798937005,0.9695950480857485,10.0,0.023449721137260016,0.06509354100089425,0.06800852663178103
1055.0,1.0,7.0,4294966272.0,4294966272.0,1.0,0.01130821080634882,0.011834846723024026,823.0,0.0,-1.0,-1.0,0.9996862798937005,0.9695950480857485,10.0,0.023449721137260016,0.06507253359711089,0.06798729986501427
1056.0,1.0,1.0,4294966272.0,4294966272.0,1.0,0.011308210806348827,0.011834846723024033,824.0,0.0,-1.0,-1.0,0.9996862798937005,0.9695950480857485,10.0,0.023449721137260016,0.06505152619332755,0.06796607309824752
1057.0,1.0,4.0,4294966272.0,4294966272.0,1.0,0.011308210806348834,0.011834846723024033,825.0,2.0,-1.0,-1.0,0.9996862798937005,0.9695950480857485,10.0,0.023449721137260016,0.06503051878954419,0.06794484633148076
1058.0,1.0,7.0,4294966272.0,4294966272.0,1.0,0.011308210806348834,0.011834846723024033,826.0,0.0,-1.0,-1.0,0.9996862798937005,0.9695950480857485,10.0,0.023449721137260016,0.06500951138576083,0.067923619564714
1059.0,1.0,5.0,4294966272.0,4294966272.0,1.0,0.011308210806348841,0.01183484672302404,827.0,1.0,-1.0,-1.0,0.9996862798937005,0.9695950480857485,10.0,0.023449721137260016,0.06498850398197747,0.06790239279794723
1060.0,1.0,10.0,4294966272.0,4294966272.0,1.0,0.011308210806348841,0.01183484672302404,828.0,0.0,-1.0,-1.0,0.9996862798937005,0.9695950480857485,10.0,0.023449721137260016,0.06496749657819412,0.06788116603118045
1061.0,1.0,4.0,4294966272.0,4294966272.0,1.0,0.011308210806348848,0.011834846723024046,829.0,0.0,-1.0,-1.0,0.9996862798937005,0.9695950480857485,10.0,0.023449721137260016,0.06494648917441079,0.06785993926441367
1062.0,1.0,8.0,4294966272.0,4294966272.0,1.0,0.011308210806348855,0.011834846723024046,830.0,2.0,-1.0,-1.0,0.9996862798937005,0.9695950480857485,10.0,0.023449721137260016,0.06492548177062743,0.06783871249764688
1063.0,1.0,4.0,4294966272.0,4294966272.0,1.0,0.011308210806348855,0.011834846723024053,831.0,0.0,-1.0,-1.0,0.9996862798937005,0.9695950480857485,10.0,0.023449721137260016,0.06490447436684409,0.06781748573088009
1064.0,1.0,3.0,4294966272.0,4294966272.0,1.0,0.011308210806348862,0.011834846723024053,832.0,0.0,-1.0,-1.0,0.9996862798937005,0.9695950480857485,10.0,0.023449721137260016,0.06488346696306074,0.06779625896411329
1065.0,1.0,6.0,4294966272.0,4294966272.0,1.0,0.011308210806348869,0.011834846723024053,833.0,1.0,-1.0,-1.0,0.9996862798937005,0.9695950480857485,10.0,0.023449721137260016,0.06486245955927739,0.0677750321973465
1066.0,1.0,5.0,4294966272.0,4294966272.0,1.0,0.011308210806348876,0.011834846723024053,834.0,1.0,-1.0,-1.0,0.9996862798937005,0.9695950480857485,10.0,0.023449721137260016,0.06484145215549404,0.06775380543057971
1067.0,1.0,3.0,4294966272.0,4294966272.0,1.0,0.011308210806348883,0.011834846723024046,835.0,0.0,-1.0,-1.0,0.9996862798937005,0.9695950480857485,10.0,0.023449721137260016,0.06482044475171068,0.06773257866381291
1068.0,1.0,10.0,4294966272.0,4294966272.0,1.0,0.011308210806348883,0.011834846723024053,836.0,1.0,-1.0,-1.0,0.9996862798937005,0.9695950480857485,10.0,0.023449721137260016,0.06479943734792734,0.0677113518970461
1069.0,1.0,4.0,4294966272.0,4294966272.0,1.0,0.01130821080634889,0.011834846723024053,837.0,0.0,-1.0,-1.0,0.9996862798937005,0.9695950480857485,10.0,0.023449721137260016,0.06477842994414398,0.06769012513027928
1070.0,1.0,8.0,4294966272.0,4294966272.0,1.0,0.01130821080634889,0.01183484672302406,838.0,0.0,-1.0,-1.0,0.9996862798937005,0.9695950480857485,10.0,0.023449721137260016,0.06475742254036063,0.06766889836351246
1071.0,1.0,8.0,4294966272.0,4294966272.0,1.0,0.01130821080634889,0.01183484672302406,839.0,1.0,-1.0,-1.0,0.9996862798937005,0.9695950480857485,10.0,0.023449721137260016,0.06473641513657727,0.06764767159674565
1072.0,1.0,5.0,4294966272.0,4294966272.0,1.0,0.011308210806348896,0.01183484672302406,840.0,0.0,-1.0,-1.0,0.9996862798937005,0.9695950480857485,10.0,0.023449721137260016,0.06471540773279391,0.0676264448299788
1073.0,1.0,8.0,4294966272.0,4294966272.0,1.0,0.011308210806348903,0.011834846723024067,841.0,0.0,-1.0,-1.0,0.9996862798937005,0.9695950480857485,10.0,0.023449721137260016,0.06469440032901058,0.06760521806321197
1074.0,1.0,2.0,4294966272.0,4294966272.0,1.0,0.01130821080634891,0.011834846723024074,842.0,0.0,-1.0,-1.0,0.9996862798937005,0.9695950480857485,10.0,0.023449721137260016,0.06467339292522722,0.06758399129644513
1075.0,1.0,7.0,4294966272.0,4294966272.0,1.0,0.01130821080634891,0.011834846723024074,843.0,0.0,-1.0,-1.0,0.9996862798937005,0.9695950480857485,10.0,0.023449721137260016,0.06465238552144387,0.0675627645296783
1076.0,1.0,6.0,4294966272.0,4294966272.0,1.0,0.01130821080634891,0.011834846723024074,844.0,0.0,-1.0,-1.0,0.9996862798937005,0.9695950480857485,10.0,0.023449721137260016,0.06463137811766052,0.06754153776291144
1077.0,1.0,7.0,4294966272.0,4294966272.0,1.0,0.01130821080634891,0.011834846723024081,845.0,0.0,-1.0,-1.0,0.9996862798937005,0.9695950480857485,10.0,0.023449721137260016,0.06461037071387717,0.0675203109961446
1078.0,1.0,11.0,4294966272.0,4294966272.0,1.0,0.011308210806348917,0.011834846723024081,846.0,0.0,-1.0,-1.0,0.9996862798937005,0.9695950480857485,10.0,0.023449721137260016,0.06458936331009382,0.06749908422937774
1079.0,1.0,2.0,4294966272.0,4294966272.0,1.0,0.011308210806348924,0.011834846723024081,847.0,0.0,-1.0,-1.0,0.9996862798937005,0.9695950480857485,10.0,0.023449721137260016,0.06456835590631047,0.06747785746261087
1080.0,1.0,5.0,4294966272.0,4294966272.0,1.0,0.011308210806348924,0.011834846723024081,848.0,1.0,-1.0,-1.0,0.9996862798937005,0.9695950480857485,10.0,0.023449721137260016,0.06454734850252711,0.06745663069584401
1081.0,1.0,9.0,4294966272.0,4294966272.0,1.0,0.011308210806348931,0.011834846723024081,849.0,1.0,-1.0,-1.0,0.9996862798937005,0.9695950480857485,10.0,0.023449721137260016,0.06452634109874375,0.06743540392907713
1082.0,1.0,10.0,4294966272.0,4294966272.0,1.0,0.011308210806348931,0.011834846723024074,850.0,0.0,-1.0,-1.0,0.9996862798937005,0.9695950480857485,10.0,0.023449721137260016,0.06450533369496039,0.06741417716231024
1083.0,1.0,4.0,4294966272.0,4294966272.0,1.0,0.011308210806348938,0.011834846723024074,851.0,0.0,-1.0,-1.0,0.9996862798937005,0.9695950480857485,10.0,0.023449721137260016,0.06448432629117706,0.06739295039554336
1084.0,1.0,4.0,4294966272.0,4294966272.0,1.0,0.011308210806348945,0.011834846723024081,852.0,1.0,-1.0,-1.0,0.9996862798937005,0.9695950480857485,10.0,0.023449721137260016,0.0644633188873937,0.06737172362877647
1085.0,1.0,8.0,4294966272.0,4294966272.0,1.0,0.011308210806348945,0.011834846723024081,853.0,1.0,-1.0,-1.0,0.9996862798937005,0.9695950480857485,10.0,0.023449721137260016,0.06444231148361035,0.06735049686200958
1086.0,1.0,3.0,4294966272.0,4294966272.0,1.0,0.011308210806348952,0.011834846723024081,854.0,0.0,-1.0,-1.0,0.9996862798937005,0.9695950480857485,10.0,0.023449721137260016,0.064421304079827,0.06732927009524267
1087.0,1.0,0.0,4294966272.0,4294966272.0,1.0,0.011308210806348952,0.011834846723024088,855.0,0.0,-1.0,-1.0,0.867541277643506,0.06874293104515919,10.0,0.023449721137260016,0.06382386837681661,0.06444992867393473
1088.0,1.0,0.0,4294966272.0,4294966272.0,2.0,0.011308210806348945,0.011834846723024088,856.0,0.0,-1.0,-1.0,0.014204893595178028,0.008388570143134403,10.0,0.023449721137260016,0.06292549906735506,0.06429012980850533
1090.0,2.0,9.0,4294966272.0,4294966272.0,1.0,0.011306725418901223,0.011834207443670391,857.0,1.0,-1.0,-1.0,0.9955323450155331,0.9642134337326946,25.0,0.023449721137260016,0.064332334835945,0.06721597772299623
1091.0,1.0,5.0,4294966272.0,4294966272.0,1.0,0.011306725418901223,0.011834207443670391,858.0,2.0,-1.0,-1.0,0.9996861627522755,0.9696073927532233,10.0,0.023449721137260016,0.06431478956829559,0.06722284707850382
1092.0,1.0,10.0,4294966272.0,4294966272.0,1.0,0.011306725418901216,0.011834207443670398,859.0,2.0,-1.0,-1.0,0.9996862798906989,0.9695950477501876,10.0,0.023449721137260016,0.0642937742694739,0.06720161453492379
1093.0,1.0,11.0,4294966272.0,4294966272.0,1.0,0.011306725418901223,0.011834207443670391,860.0,1.0,-1.0,-1.0,0.9996862798937005,0.9695950480767503,10.0,0.023449721137260016,0.06427276686589004,0.0671803877674971
1094.0,1.0,8.0,4294966272.0,4294966272.0,1.0,0.01130672541890123,0.011834207443670398,861.0,0.0,-1.0,-1.0,0.9996862798937005,0.969595048085752,10.0,0.023449721137260016,0.06425175946211245,0.06715916100073023
1095.0,1.0,6.0,4294966272.0,4294966272.0,1.0,0.01130672541890123,0.011834207443670398,862.0,1.0,-1.0,-1.0,0.9996862798937005,0.9695950480857485,10.0,0.023449721137260016,0.0642307520583291,0.06713793423396328
1096.0,1.0,8.0,4294966272.0,4294966272.0,1.0,0.011306725418901237,0.011834207443670398,863.0,2.0,-1.0,-1.0,0.9996862798937005,0.9695950480857485,10.0,0.023449721137260016,0.06420974465454574,0.06711670746719631
1097.0,1.0,5.0,4294966272.0,4294966272.0,1.0,0.011306725418901237,0.011834207443670391,864.0,1.0,-1.0,-1.0,0.9996862798937005,0.9695950480857485,10.0,0.023449721137260016,0.06418873725076238,0.06709548070042937
1098.0,1.0,5.0,4294966272.0,4294966272.0,1.0,0.011306725418901237,0.011834207443670391,865.0,0.0,-1.0,-1.0,0.9996862798937005,0.9695950480857485,10.0,0.023449721137260016,0.06416772984697904,0.0670742539336624
1099.0,1.0,11.0,4294966272.0,4294966272.0,1.0,0.011306725418901237,0.011834207443670398,866.0,1.0,-1.0,-1.0,0.9996862798937005,0.9695950480857485,10.0,0.023449721137260016,0.06414672244319569,0.06705302716689543
1100.0,1.0,6.0,4294966272.0,4294966272.0,1.0,0.01130672541890125,0.011834207443670398,867.0,1.0,-1.0,-1.0,0.9996862798937005,0.9695950480857485,10.0,0.023449721137260016,0.06412571503941235,0.06703180040012843
1101.0,1.0,7.0,4294966272.0,4294966272.0,1.0,0.011306725418901258,0.011834207443670405,868.0,1.0,-1.0,-1.0,0.9996862798937005,0.9695950480857485,10.0,0.023449721137260016,0.06410470763562899,0.06701057363336144
1102.0,1.0,6.0,4294966272.0,4294966272.0,1.0,0.011306725418901258,0.011834207443670405,869.0,0.0,-1.0,-1.0,0.9996862798937005,0.9695950480857485,10.0,0.023449721137260016,0.06408370023184563,0.06698934686659447
1103.0,1.0,6.0,4294966272.0,4294966272.0,1.0,0.011306725418901258,0.011834207443670405,870.0,1.0,-1.0,-1.0,0.9996862798937005,0.9695950480857485,10.0,0.023449721137260016,0.06406269282806228,0.06696812009982747
1104.0,1.0,9.0,4294966272.0,4294966272.0,1.0,0.011306725418901258,0.011834207443670405,871.0,0.0,-1.0,-1.0,0.9996862798937005,0.9695950480857485,10.0,0.023449721137260016,0.06404168542427892,0.06694689333306046
1105.0,1.0,8.0,4294966272.0,4294966272.0,1.0,0.011306725418901264,0.011834207443670405,872.0,0.0,-1.0,-1.0,0.9996862798937005,0.9695950480857485,10.0,0.023449721137260016,0.06402067802049557,0.06692566656629345
1106.0,1.0,5.0,4294966272.0,4294966272.0,1.0,0.011306725418901271,0.011834207443670412,873.0,0.0,-1.0,-1.0,0.9996862798937005,0.9695950480857485,10.0,0.023449721137260016,0.06399967061671222,0.06690443979952643
1107.0,1.0,6.0,4294966272.0,4294966272.0,1.0,0.011306725418901271,0.011834207443670412,874.0,2.0,-1.0,-1.0,0.9996862798937005,0.9695950480857485,10.0,0.023449721137260016,0.06397866321292886,0.0668832130327594
1108.0,1.0,8.0,4294966272.0,4294966272.0,1.0,0.011306725418901278,0.01183420744367042,875.0,1.0,-1.0,-1.0,0.9996862798937005,0.9695950480857485,10.0,0.023449721137260016,0.06395765580914552,0.06686198626599238
1109.0,1.0,6.0,4294966272.0,4294966272.0,1.0,0.011306725418901278,0.01183420744367042,876.0,1.0,-1.0,-1.0,0.9996862798937005,0.9695950480857485,10.0,0.023449721137260016,0.06393664840536217,0.06684075949922534
1110.0,1.0,8.0,4294966272.0,4294966272.0,1.0,0.011306725418901285,0.01183420744367042,877.0,2.0,-1.0,-1.0,0.9996862798937005,0.9695950480857485,10.0,0.023449721137260016,0.06391564100157883,0.0668195327324583
1111.0,1.0,6.0,4294966272.0,4294966272.0,1.0,0.011306725418901292,0.01183420744367042,878.0,1.0,-1.0,-1.0,0.9996862798937005,0.9695950480857485,10.0,0.023449721137260016,0.06389463359779549,0.06679830596569125
1112.0,1.0,9.0,4294966272.0,4294966272.0,1.0,0.0113067254189013,0.011834207443670412,879.0,1.0,-1.0,-1.0,0.9996862798937005,0.9695950480857485,10.0,0.023449721137260016,0.06387362619401213,0.0667770791989242
1113.0,1.0,6.0,4294966272.0,4294966272.0,1.0,0.011306725418901306,0.01183420744367042,880.0,0.0,-1.0,-1.0,0.9996862798937005,0.9695950480857485,10.0,0.023449721137260016,0.06385261879022877,0.06675585243215712
1114.0,1.0,4.0,4294966272.0,4294966272.0,1.0,0.011306725418901306,0.01183420744367042,881.0,0.0,-1.0,-1.0,0.9996862798937005,0.9695950480857485,10.0,0.023449721137260016,0.06383161138644541,0.06673462566539007
1115.0,1.0,5.0,4294966272.0,4294966272.0,1.0,0.011306725418901313,0.011834207443670426,882.0,0.0,-1.0,-1.0,0.9996862798937005,0.9695950480857485,10.0,0.023449721137260016,0.06381060398266208,0.06671339889862299
1116.0,1.0,6.0,4294966272.0,4294966272.0,1.0,0.01130672541890132,0.011834207443670426,883.0,0.0,-1.0,-1.0,0.9996862798937005,0.9695950480857485,10.0,0.023449721137260016,0.06378959657887873,0.0666921721318559
1117.0,1.0,4.0,4294966272.0,4294966272.0,1.0,0.011306725418901327,0.011834207443670426,884.0,1.0,-1.0,-1.0,0.9996862798937005,0.9695950480857485,10.0,0.023449721137260016,0.06376858917509537,0.0666709453650888
1118.0,1.0,6.0,4294966272.0,4294966272.0,1.0,0.011306725418901334,0.011834207443670433,885.0,1.0,-1.0,-1.0,0.9996862798937005,0.9695950480857485,10.0,0.023449721137260016,0.06374758177131201,0.0666497185983217
1119.0,1.0,6.0,4294966272.0,4294966272.0,1.0,0.011306725418901334,0.011834207443670433,886.0,2.0,-1.0,-1.0,0.9996862798937005,0.9695950480857485,10.0,0.023449721137260016,0.06372657436752865,0.06662849183155459
1120.0,1.0,6.0,4294966272.0,4294966272.0,1.0,0.011306725418901334,0.01183420744367044,887.0,0.0,-1.0,-1.0,0.9996862798937005,0.9695950480857485,10.0,0.023449721137260016,0.06370556696374531,0.06660726506478748
1121.0,1.0,7.0,4294966272.0,4294966272.0,1.0,0.011306725418901334,0.01183420744367044,888.0,1.0,-1.0,-1.0,0.9996862798937005,0.9695950480857485,10.0,0.023449721137260016,0.06368455955996197,0.06658603829802036
1122.0,1.0,3.0,4294966272.0,4294966272.0,1.0,0.01130672541890134,0.011834207443670447,889.0,2.0,-1.0,-1.0,0.9996862798937005,0.9695950480857485,10.0,0.023449721137260016,0.06366355215617862,0.06656481153125324
1123.0,1.0,5.0,4294966272.0,4294966272.0,1.0,0.011306725418901348,0.011834207443670447,890.0,0.0,-1.0,-1.0,0.9996862798937005,0.9695950480857485,10.0,0.023449721137260016,0.06364254475239528,0.0665435847644861
1124.0,1.0,4.0,4294966272.0,4294966272.0,1.0,0.011306725418901348,0.011834207443670447,891.0,1.0,-1.0,-1.0,0.9996862798937005,0.9695950480857485,10.0,0.023449721137260016,0.06362153734861192,0.06652235799771897
1125.0,1.0,10.0,4294966272.0,4294966272.0,1.0,0.011306725418901348,0.011834207443670447,892.0,1.0,-1.0,-1.0,0.9996862798937005,0.9695950480857485,10.0,0.023449721137260016,0.06360052994482857,0.0665011312309518
1126.0,1.0,3.0,4294966272.0,4294966272.0,1.0,0.011306725418901348,0.011834207443670447,893.0,0.0,-1.0,-1.0,0.9996862798937005,0.9695950480857485,10.0,0.023449721137260016,0.06357952254104521,0.06647990446418466
1127.0,1.0,2.0,4294966272.0,4294966272.0,1.0,0.011306725418901355,0.01183420744367044,894.0,0.0,-1.0,-1.0,0.9996862798937005,0.9695950480857485,10.0,0.023449721137260016,0.06355851513726185,0.06645867769741748
1128.0,1.0,6.0,4294966272.0,4294966272.0,1.0,0.011306725418901362,0.011834207443670447,895.0,0.0,-1.0,-1.0,0.9996862798937005,0.9695950480857485,10.0,0.023449721137260016,0.0635375077334785,0.0664374509306503
1129.0,1.0,4.0,4294966272.0,4294966272.0,1.0,0.011306725418901362,0.011834207443670454,896.0,1.0,-1.0,-1.0,0.9996862798937005,0.9695950480857485,10.0,0.023449721137260016,0.06351650032969515,0.06641622416388313
1130.0,1.0,4.0,4294966272.0,4294966272.0,1.0,0.011306725418901369,0.01183420744367046,897.0,0.0,-1.0,-1.0,0.9996862798937005,0.9695950480857485,10.0,0.023449721137260016,0.06349549292591179,0.06639499739711593
1131.0,1.0,5.0,4294966272.0,4294966272.0,1.0,0.011306725418901369,0.01183420744367046,898.0,0.0,-1.0,-1.0,0.9996862798937005,0.9695950480857485,10.0,0.023449721137260016,0.06347448552212843,0.06637377063034873
1132.0,1.0,4.0,4294966272.0,4294966272.0,1.0,0.011306725418901376,0.011834207443670468,899.0,0.0,-1.0,-1.0,0.9996862798937005,0.9695950480857485,10.0,0.023449721137260016,0.06345347811834509,0.06635254386358153
1133.0,1.0,6.0,4294966272.0,4294966272.0,1.0,0.011306725418901382,0.011834207443670468,900.0,1.0,-1.0,-1.0,0.9996862798937005,0.9695950480857485,10.0,0.023449721137260016,0.06343247071456175,0.06633131709681431
1134.0,1.0,4.0,4294966272.0,4294966272.0,1.0,0.011306725418901382,0.01183420744367046,901.0,0.0,-1.0,-1.0,0.9996862798937005,0.9695950480857485,10.0,0.023449721137260016,0.0634114633107784,0.06631009033004709
1135.0,1.0,5.0,4294966272.0,4294966272.0,1.0,0.01130672541890139,0.01183420744367046,902.0,1.0,-1.0,-1.0,0.9996862798937005,0.9695950480857485,10.0,0.023449721137260016,0.06339045590699505,0.06628886356327986
1136.0,1.0,5.0,4294966272.0,4294966272.0,1.0,0.01130672541890139,0.01183420744367046,903.0,1.0,-1.0,-1.0,0.9996862798937005,0.9695950480857485,10.0,0.023449721137260016,0.06336944850321169,0.06626763679651261
1137.0,1.0,4.0,4294966272.0,4294966272.0,1.0,0.011306725418901396,0.011834207443670468,904.0,1.0,-1.0,-1.0,0.9996862798937005,0.9695950480857485,10.0,0.023449721137260016,0.06334844109942836,0.06624641002974535
1138.0,1.0,6.0,4294966272.0,4294966272.0,1.0,0.011306725418901403,0.011834207443670468,905.0,2.0,-1.0,-1.0,0.9996862798937005,0.9695950480857485,10.0,0.023449721137260016,0.063327433695645,0.0662251832629781
1139.0,1.0,6.0,4294966272.0,4294966272.0,1.0,0.011306725418901403,0.011834207443670475,906.0,1.0,-1.0,-1.0,0.9996862798937005,0.9695950480857485,10.0,0.023449721137260016,0.06330642629186164,0.06620395649621083
1140.0,1.0,6.0,4294966272.0,4294966272.0,1.0,0.01130672541890141,0.011834207443670475,907.0,1.0,-1.0,-1.0,0.9996862798937005,0.9695950480857485,10.0,0.023449721137260016,0.06328541888807829,0.06618272972944356
1141.0,1.0,9.0,4294966272.0,4294966272.0,1.0,0.01130672541890141,0.011834207443670468,908.0,0.0,-1.0,-1.0,0.9996862798937005,0.9695950480857485,10.0,0.023449721137260016,0.06326441148429493,0.06616150296267628
1142.0,1.0,10.0,4294966272.0,4294966272.0,1.0,0.01130672541890141,0.011834207443670468,909.0,0.0,-1.0,-1.0,0.9996862798937005,0.9695950480857485,10.0,0.023449721137260016,0.06324340408051157,0.06614027619590898
1143.0,1.0,3.0,4294966272.0,4294966272.0,1.0,0.011306725418901417,0.011834207443670475,910.0,1.0,-1.0,-1.0,0.9996862798937005,0.9695950480857485,10.0,0.023449721137260016,0.06322239667672822,0.06611904942914168
1144.0,1.0,9.0,4294966272.0,4294966272.0,1.0,0.011306725418901424,0.011834207443670482,911.0,0.0,-1.0,-1.0,0.9996862798937005,0.9695950480857485,10.0,0.023449721137260016,0.06320138927294489,0.06609782266237436
1145.0,1.0,3.0,4294966272.0,4294966272.0,1.0,0.011306725418901431,0.011834207443670482,912.0,2.0,-1.0,-1.0,0.9996862798937005,0.9695950480857485,10.0,0.023449721137260016,0.06318038186916153,0.06607659589560705
1146.0,1.0,6.0,4294966272.0,4294966272.0,1.0,0.011306725418901431,0.011834207443670489,913.0,0.0,-1.0,-1.0,0.9996862798937005,0.9695950480857485,10.0,0.023449721137260016,0.06315937446537818,0.0660553691288397
1147.0,1.0,4.0,4294966272.0,4294966272.0,1.0,0.011306725418901438,0.011834207443670489,914.0,0.0,-1.0,-1.0,0.9996862798937005,0.9695950480857485,10.0,0.023449721137260016,0.06313836706159484,0.06603414236207236
1148.0,1.0,7.0,4294966272.0,4294966272.0,1.0,0.011306725418901438,0.011834207443670489,915.0,0.0,-1.0,-1.0,0.9996862798937005,0.9695950480857485,10.0,0.023449721137260016,0.06311735965781148,0.06601291559530502
1149.0,1.0,4.0,4294966272.0,4294966272.0,1.0,0.011306725418901445,0.011834207443670482,916.0,0.0,-1.0,-1.0,0.9996862798937005,0.9695950480857485,10.0,0.023449721137260016,0.06309635225402813,0.06599168882853765
1150.0,1.0,4.0,4294966272.0,4294966272.0,1.0,0.011306725418901452,0.011834207443670482,917.0,0.0,-1.0,-1.0,0.9996862798937005,0.9695950480857485,10.0,0.023449721137260016,0.06307534485024477,0.06597046206177028
1151.0,1.0,10.0,4294966272.0,4294966272.0,1.0,0.011306725418901452,0.011834207443670489,918.0,0.0,-1.0,-1.0,0.9996862798937005,0.9695950480857485,10.0,0.023449721137260016,0.06305433744646143,0.06594923529500289
1152.0,1.0,7.0,4294966272.0,4294966272.0,1.0,0.011306725418901459,0.011834207443670489,919.0,0.0,-1.0,-1.0,0.9996862798937005,0.9695950480857485,10.0,0.023449721137260016,0.06303333004267807,0.0659280085282355
1153.0,1.0,8.0,4294966272.0,4294966272.0,1.0,0.011306725418901459,0.011834207443670496,920.0,1.0,-1.0,-1.0,0.9996862798937005,0.9695950480857485,10.0,0.023449721137260016,0.06301232263889471,0.0659067817614681
1154.0,1.0,5.0,4294966272.0,4294966272.0,1.0,0.011306725418901466,0.011834207443670496,921.0,0.0,-1.0,-1.0,0.9996862798937005,0.9695950480857485,10.0,0.023449721137260016,0.06299131523511137,0.06588555499470068
1155.0,1.0,2.0,4294966272.0,4294966272.0,1.0,0.011306725418901473,0.011834207443670496,922.0,2.0,-1.0,-1.0,0.9996862798937005,0.9695950480857485,10.0,0.023449721137260016,0.06297030783132801,0.06586432822793326
1156.0,1.0,5.0,4294966272.0,4294966272.0,1.0,0.011306725418901473,0.011834207443670496,923.0,0.0,-1.0,-1.0,0.9996862798937005,0.9695950480857485,10.0,0.023449721137260016,0.06294930042754467,0.06584310146116581
1157.0,1.0,7.0,4294966272.0,4294966272.0,1.0,0.01130672541890148,0.011834207443670502,924.0,0.0,-1.0,-1.0,0.9996862798937005,0.9695950480857485,10.0,0.023449721137260016,0.06292829302376132,0.06582187469439837
1158.0,1.0,3.0,4294966272.0,4294966272.0,1.0,0.01130672541890148,0.011834207443670502,925.0,0.0,-1.0,-1.0,0.9996862798937005,0.9695950480857485,10.0,0.023449721137260016,0.06290728561997797,0.06580064792763093
1159.0,1.0,5.0,4294966272.0,4294966272.0,1.0,0.011306725418901493,0.011834207443670502,926.0,1.0,-1.0,-1.0,0.9996862798937005,0.9695950480857485,10.0,0.023449721137260016,0.06288627821619464,0.06577942116086347
1160.0,1.0,2.0,4294966272.0,4294966272.0,1.0,0.0113067254189015,0.01183420744367051,927.0,0.0,-1.0,-1.0,0.9996862798937005,0.9695950480857485,10.0,0.023449721137260016,0.06286527081241128,0.065758194394096
1161.0,1.0,4.0,4294966272.0,4294966272.0,1.0,0.0113067254189015,0.011834207443670516,928.0,1.0,-1.0,-1.0,0.9996862798937005,0.9695950480857485,10.0,0.023449721137260016,0.06284426340862792,0.0657369676273285
1162.0,1.0,6.0,4294966272.0,4294966272.0,1.0,0.011306725418901507,0.011834207443670516,929.0,2.0,-1.0,-1.0,0.9996862798937005,0.9695950480857485,10.0,0.023449721137260016,0.06282325600484456,0.065715740860561
1163.0,1.0,13.0,4294966272.0,4294966272.0,1.0,0.011306725418901507,0.011834207443670516,930.0,0.0,-1.0,-1.0,0.9996862798937005,0.9695950480857485,10.0,0.023449721137260016,0.0628022486010612,0.0656945140937935
1164.0,1.0,4.0,4294966272.0,4294966272.0,1.0,0.011306725418901507,0.01183420744367051,931.0,0.0,-1.0,-1.0,0.9996862798937005,0.9695950480857485,10.0,0.023449721137260016,0.06278124119727785,0.06567328732702599
1165.0,1.0,7.0,4294966272.0,4294966272.0,1.0,0.011306725418901514,0.01183420744367051,932.0,0.0,-1.0,-1.0,0.9996862798937005,0.9695950480857485,10.0,0.023449721137260016,0.06276023379349449,0.06565206056025845
1166.0,1.0,9.0,4294966272.0,4294966272.0,1.0,0.011306725418901514,0.011834207443670516,933.0,0.0,-1.0,-1.0,0.9996862798937005,0.9695950480857485,10.0,0.023449721137260016,0.06273922638971115,0.06563083379349091
1167.0,1.0,7.0,4294966272.0,4294966272.0,1.0,0.011306725418901521,0.011834207443670523,934.0,2.0,-1.0,-1.0,0.9996862798937005,0.9695950480857485,10.0,0.023449721137260016,0.06271821898592779,0.06560960702672336
1168.0,1.0,7.0,4294966272.0,4294966272.0,1.0,0.011306725418901521,0.01183420744367053,935.0,0.0,-1.0,-1.0,0.9996862798937005,0.9695950480857485,10.0,0.023449721137260016,0.06269721158214445,0.06558838025995578
1169.0,1.0,5.0,4294966272.0,4294966272.0,1.0,0.011306725418901528,0.01183420744367053,936.0,0.0,-1.0,-1.0,0.9996862798937005,0.9695950480857485,10.0,0.023449721137260016,0.06267620417836109,0.06556715349318822
1170.0,1.0,9.0,4294966272.0,4294966272.0,1.0,0.011306725418901528,0.011834207443670537,937.0,0.0,-1.0,-1.0,0.9996862798937005,0.9695950480857485,10.0,0.023449721137260016,0.06265519677457775,0.06554592672642062
1171.0,1.0,8.0,4294966272.0,4294966272.0,1.0,0.011306725418901535,0.01183420744367053,938.0,0.0,-1.0,-1.0,0.9996862798937005,0.9695950480857485,10.0,0.023449721137260016,0.0626341893707944,0.06552469995965303
1172.0,1.0,9.0,4294966272.0,4294966272.0,1.0,0.011306725418901542,0.01183420744367053,939.0,0.0,-1.0,-1.0,0.9996862798937005,0.9695950480857485,10.0,0.023449721137260016,0.06261318196701104,0.06550347319288541
1173.0,1.0,3.0,4294966272.0,4294966272.0,1.0,0.011306725418901542,0.01183420744367053,940.0,0.0,-1.0,-1.0,0.9996862798937005,0.9695950480857485,10.0,0.023449721137260016,0.06259217456322769,0.06548224642611777
1174.0,1.0,3.0,4294966272.0,4294966272.0,1.0,0.011306725418901549,0.01183420744367053,941.0,0.0,-1.0,-1.0,0.9996862798937005,0.9695950480857485,10.0,0.023449721137260016,0.06257116715944434,0.06546101965935014
1175.0,1.0,4.0,4294966272.0,4294966272.0,1.0,0.011306725418901556,0.011834207443670537,942.0,1.0,-1.0,-1.0,0.9996862798937005,0.9695950480857485,10.0,0.023449721137260016,0.06255015975566099,0.0654397928925825
1176.0,1.0,7.0,4294966272.0,4294966272.0,1.0,0.011306725418901563,0.011834207443670537,943.0,0.0,-1.0,-1.0,0.9996862798937005,0.9695950480857485,10.0,0.023449721137260016,0.06252915235187764,0.06541856612581483
1177.0,1.0,4.0,4294966272.0,4294966272.0,1.0,0.01130672541890157,0.011834207443670544,944.0,0.0,-1.0,-1.0,0.9996862798937005,0.9695950480857485,10.0,0.023449721137260016,0.06250814494809429,0.06539733935904715
1178.0,1.0,10.0,4294966272.0,4294966272.0,1.0,0.01130672541890157,0.011834207443670544,945.0,2.0,-1.0,-1.0,0.9996862798937005,0.9695950480857485,10.0,0.023449721137260016,0.062487137544310935,0.06537611259227946
1179.0,1.0,10.0,4294966272.0,4294966272.0,1.0,0.011306725418901577,0.011834207443670537,946.0,0.0,-1.0,-1.0,0.9996862798937005,0.9695950480857485,10.0,0.023449721137260016,0.062466130140527584,0.06535488582551174
1180.0,1.0,5.0,4294966272.0,4294966272.0,1.0,0.011306725418901577,0.011834207443670544,947.0,0.0,-1.0,-1.0,0.9996862798937005,0.9695950480857485,10.0,0.023449721137260016,0.062445122736744234,0.06533365905874404
1181.0,1.0,4.0,4294966272.0,4294966272.0,1.0,0.011306725418901584,0.011834207443670551,948.0,2.0,-1.0,-1.0,0.9996862798937005,0.9695950480857485,10.0,0.023449721137260016,0.0624241153329609,0.06531243229197631
1182.0,1.0,8.0,4294966272.0,4294966272.0,1.0,0.01130672541890159,0.011834207443670558,949.0,1.0,-1.0,-1.0,0.9996862798937005,0.9695950480857485,10.0,0.023449721137260016,0.06240310792917755,0.06529120552520856
1183.0,1.0,9.0,4294966272.0,4294966272.0,1.0,0.01130672541890159,0.011834207443670558,950.0,1.0,-1.0,-1.0,0.9996862798937005,0.9695950480857485,10.0,0.023449721137260016,0.062382100525394196,0.0652699787584408
1184.0,1.0,3.0,4294966272.0,4294966272.0,1.0,0.011306725418901598,0.011834207443670565,951.0,1.0,-1.0,-1.0,0.9996862798937005,0.9695950480857485,10.0,0.023449721137260016,0.06236109312161084,0.06524875199167302
1185.0,1.0,7.0,4294966272.0,4294966272.0,1.0,0.011306725418901598,0.011834207443670565,952.0,0.0,-1.0,-1.0,0.9996862798937005,0.9695950480857485,10.0,0.023449721137260016,0.06234008571782748,0.06522752522490524
1186.0,1.0,4.0,4294966272.0,4294966272.0,1.0,0.011306725418901598,0.011834207443670558,953.0,0.0,-1.0,-1.0,0.9996862798937005,0.9695950480857485,10.0,0.023449721137260016,0.06231907831404413,0.06520629845813744
1187.0,1.0,5.0,4294966272.0,4294966272.0,1.0,0.011306725418901604,0.011834207443670558,954.0,1.0,-1.0,-1.0,0.9996862798937005,0.9695950480857485,10.0,0.023449721137260016,0.062298070910260774,0.06518507169136963
1188.0,1.0,12.0,4294966272.0,4294966272.0,1.0,0.011306725418901604,0.011834207443670558,955.0,1.0,-1.0,-1.0,0.9996862798937005,0.9695950480857485,10.0,0.023449721137260016,0.06227706350647742,0.0651638449246018
1189.0,1.0,5.0,4294966272.0,4294966272.0,1.0,0.011306725418901611,0.011834207443670565,956.0,0.0,-1.0,-1.0,0.9996862798937005,0.9695950480857485,10.0,0.023449721137260016,0.062256056102694066,0.06514261815783395
1190.0,1.0,6.0,4294966272.0,4294966272.0,1.0,0.011306725418901611,0.011834207443670565,957.0,0.0,-1.0,-1.0,0.9996862798937005,0.9695950480857485,10.0,0.023449721137260016,0.062235048698910715,0.0651213913910661
1191.0,1.0,6.0,4294966272.0,4294966272.0,1.0,0.011306725418901618,0.011834207443670572,958.0,1.0,-1.0,-1.0,0.9996862798937005,0.9695950480857485,10.0,0.023449721137260016,0.06221404129512736,0.06510016462429821
1192.0,1.0,7.0,4294966272.0,4294966272.0,1.0,0.011306725418901618,0.011834207443670572,959.0,1.0,-1.0,-1.0,0.9996862798937005,0.9695950480857485,10.0,0.023449721137260016,0.06219303389134401,0.06507893785753033
1193.0,1.0,7.0,4294966272.0,4294966272.0,1.0,0.011306725418901625,0.011834207443670565,960.0,1.0,-1.0,-1.0,0.9996862798937005,0.9695950480857485,10.0,0.023449721137260016,0.06217202648756067,0.06505771109076243
1194.0,1.0,7.0,4294966272.0,4294966272.0,1.0,0.011306725418901632,0.011834207443670565,961.0,1.0,-1.0,-1.0,0.9996862798937005,0.9695950480857485,10.0,0.023449721137260016,0.06215101908377732,0.0650364843239945
1195.0,1.0,7.0,4294966272.0,2147482624.0,1.0,0.011410570610021611,0.011834207443670572,962.0,0.0,1.0,1.0,0.9996862798937005,0.9695950480857485,10.0,0.023449721137260016,0.06228628955167689,0.06501525755722656
1196.0,1.0,5.0,2147482624.0,2147482624.0,1.0,0.011410570610021611,0.011834207443670572,963.0,0.0,-1.0,-1.0,0.9996862798937005,0.9695950480857485,10.0,0.023449721137260016,0.06226526812043877,0.06499403079045862
1197.0,1.0,0.0,2147482624.0,2147482624.0,1.0,0.011410570610021611,0.011834207443670572,964.0,0.0,-1.0,-1.0,0.867541277643506,0.06874293104515919,10.0,0.023449721137260016,0.0616349502802802,0.062123690766290825
1198.0,1.0,0.0,2147482624.0,2147482624.0,2.0,0.011410570610021611,0.011834207443670572,965.0,0.0,-1.0,-1.0,0.014204893595178028,0.008388570143134403,10.0,0.023449721137260016,0.06059025976279158,0.06196606346286198
1200.0,2.0,0.0,2147482624.0,2147482624.0,2.0,0.011409162076240612,0.011833568164316882,966.0,0.0,-1.0,-1.0,8.322821131341495e-05,0.008247717015336387,26.0,0.023449721137260016,0.06054319819247976,0.06192267005497096
1202.0,2.0,0.0,2147482624.0,2147482624.0,2.0,0.011407763608384143,0.011832953542946487,967.0,0.0,-1.0,-1.0,8.315965605345438e-05,0.00824771634159882,26.0,0.023449721137260016,0.0605005193191481,0.0618795856155535
1204.0,2.0,0.0,2147482624.0,2147482624.0,2.0,0.01140636514057581,0.011832386667818488,968.0,0.0,-1.0,-1.0,8.315965572534506e-05,0.0082477163415956,26.0,0.023449721137260016,0.06045784046681265,0.06183650117761483
1206.0,2.0,0.0,2147482624.0,2147482624.0,2.0,0.011404966672767462,0.011831824205426528,969.0,0.0,-1.0,-1.0,8.315965572534348e-05,0.0082477163415956,26.0,0.023449721137260016,0.060415161614477374,0.06179341673967616
1208.0,2.0,0.0,2147482624.0,2147482624.0,2.0,0.011403568204959108,0.011831261743034574,970.0,0.0,-1.0,-1.0,8.315965572534348e-05,0.0082477163415956,26.0,0.023449721137260016,0.06037248276214216,0.06175033230173748
1210.0,2.0,0.0,2147482624.0,2147482624.0,2.0,0.01140216973715076,0.01183069928064262,971.0,0.0,-1.0,-1.0,8.315965572534348e-05,0.0082477163415956,26.0,0.023449721137260016,0.060329803909807016,0.0617072478637988
1212.0,2.0,0.0,2147482624.0,2147482624.0,2.0,0.01140077126934242,0.011830136818250674,972.0,0.0,-1.0,-1.0,8.315965572534348e-05,0.0082477163415956,26.0,0.023449721137260016,0.060287125057471955,0.06166416342586013
1214.0,2.0,0.0,2147482624.0,2147482624.0,2.0,0.01139937280153408,0.011829574355858713,973.0,0.0,-1.0,-1.0,8.315965572534348e-05,0.0082477163415956,26.0,0.023449721137260016,0.060244446205136956,0.06162107898792147
1216.0,2.0,0.0,2147482624.0,2147482624.0,2.0,0.011397974333725747,0.011829011893466752,974.0,0.0,-1.0,-1.0,8.315965572534348e-05,0.0082477163415956,26.0,0.023449721137260016,0.060201767352802034,0.061577994549982806
1218.0,2.0,0.0,2147482624.0,2147482624.0,2.0,0.011396575865917406,0.011828449431074792,975.0,0.0,-1.0,-1.0,8.315965572534348e-05,0.0082477163415956,26.0,0.023449721137260016,0.060159088500467195,0.061534910112044136
1220.0,2.0,0.0,2147482624.0,2147482624.0,2.0,0.011395177398109066,0.011827886968682845,976.0,0.0,-1.0,-1.0,8.315965572534348e-05,0.0082477163415956,26.0,0.023449721137260016,0.06011640964813243,0.06149182567410546
1222.0,2.0,0.0,2147482624.0,2147482624.0,2.0,0.011393778930300733,0.011827324506290891,977.0,0.0,-1.0,-1.0,8.315965572534348e-05,0.0082477163415956,26.0,0.023449721137260016,0.06007373079579774,0.06144874123616678
1224.0,2.0,0.0,2147482624.0,2147482624.0,2.0,0.011392380462492399,0.011826762043898938,978.0,0.0,-1.0,-1.0,8.315965572534348e-05,0.0082477163415956,26.0,0.023449721137260016,0.060031051943463136,0.06140565679822812
1226.0,2.0,0.0,2147482624.0,2147482624.0,2.0,0.011390981994684066,0.011826199581506991,979.0,0.0,-1.0,-1.0,8.315965572534348e-05,0.0082477163415956,26.0,0.023449721137260016,0.05998837309112861,0.061362572360289455
1228.0,2.0,0.0,2147482624.0,2147482624.0,2.0,0.011389583526875725,0.011825637119115023,980.0,0.0,-1.0,-1.0,8.315965572534348e-05,0.0082477163415956,26.0,0.023449721137260016,0.05994569423879417,0.061319487922350785
1230.0,2.0,0.0,2147482624.0,2147482624.0,2.0,0.011388185059067378,0.011825074656723063,981.0,0.0,-1.0,-1.0,8.315965572534348e-05,0.0082477163415956,26.0,0.023449721137260016,0.05990301538645981,0.06127640348441212
1232.0,2.0,0.0,2147482624.0,2147482624.0,2.0,0.011386786591259045,0.011824512194331102,982.0,0.0,-1.0,-1.0,8.315965572534348e-05,0.0082477163415956,26.0,0.023449721137260016,0.05986033653412555,0.06123331904647345
1234.0,2.0,0.0,2147482624.0,2147482624.0,2.0,0.011385388123450718,0.011823949731939155,983.0,0.0,-1.0,-1.0,8.315965572534348e-05,0.0082477163415956,26.0,0.023449721137260016,0.05981765768179138,0.06119023460853478
1236.0,2.0,0.0,2147482624.0,2147482624.0,2.0,0.011383989655642385,0.011823387269547202,984.0,0.0,-1.0,-1.0,8.315965572534348e-05,0.0082477163415956,26.0,0.023449721137260016,0.059774978829457294,0.06114715017059611
1238.0,2.0,0.0,2147482624.0,2147482624.0,2.0,0.01138259118783403,0.011822824807155248,985.0,0.0,-1.0,-1.0,8.315965572534348e-05,0.0082477163415956,26.0,0.023449721137260016,0.0597322999771233,0.06110406573265744
1240.0,2.0,0.0,2147482624.0,2147482624.0,2.0,0.011381192720025676,0.011822262344763294,986.0,0.0,-1.0,-1.0,8.315965572534348e-05,0.0082477163415956,26.0,0.023449721137260016,0.05968962112478941,0.06106098129471877
1242.0,2.0,0.0,2147482624.0,2147482624.0,2.0,0.011379794252217336,0.01182169988237134,987.0,0.0,-1.0,-1.0,8.315965572534348e-05,0.0082477163415956,26.0,0.023449721137260016,0.05964694227245561,0.0610178968567801
1244.0,2.0,0.0,2147482624.0,2147482624.0,2.0,0.011378395784409003,0.01182113741997938,988.0,0.0,-1.0,-1.0,8.315965572534348e-05,0.0082477163415956,26.0,0.023449721137260016,0.059604263420121914,0.060974812418841444
1246.0,2.0,0.0,2147482624.0,2147482624.0,2.0,0.011376997316600669,0.01182057495758742,989.0,0.0,-1.0,-1.0,8.315965572534348e-05,0.0082477163415956,26.0,0.023449721137260016,0.05956158456778831,0.06093172798090278
1248.0,2.0,0.0,2147482624.0,2147482624.0,2.0,0.011375598848792322,0.011820012495195466,990.0,0.0,-1.0,-1.0,8.315965572534348e-05,0.0082477163415956,26.0,0.023449721137260016,0.05951890571545482,0.060888643542964103
1250.0,2.0,0.0,2147482624.0,2147482624.0,2.0,0.011374200380983975,0.011819450032803505,991.0,0.0,-1.0,-1.0,8.315965572534348e-05,0.0082477163415956,26.0,0.023449721137260016,0.059476226863121415,0.060845559105025426
1252.0,2.0,0.0,2147482624.0,2147482624.0,2.0,0.011372801913175648,0.011818887570411551,992.0,0.0,-1.0,-1.0,8.315965572534348e-05,0.0082477163415956,26.0,0.023449721137260016,0.05943354801078812,0.060802474667086756
1254.0,2.0,0.0,2147482624.0,2147482624.0,2.0,0.011371403445367315,0.011818325108019605,993.0,0.0,-1.0,-1.0,8.315965572534348e-05,0.0082477163415956,27.0,0.023449721137260016,0.05939086915845495,0.06075939022914809
1256.0,2.0,0.0,2147482624.0,2147482624.0,2.0,0.011370004977558981,0.011817762645627651,994.0,0.0,-1.0,-1.0,8.315965572534348e-05,0.0082477163415956,27.0,0.023449721137260016,0.05934819030612187,0.060716305791209436
1258.0,2.0,0.0,2147482624.0,2147482624.0,2.0,0.011368606509750634,0.01181720018323569,995.0,0.0,-1.0,-1.0,8.315965572534348e-05,0.0082477163415956,27.0,0.023449721137260016,0.059305511453788914,0.060673221353270766
1260.0,2.0,0.0,2147482624.0,2147482624.0,2.0,0.011367208041942294,0.01181663772084373,996.0,0.0,-1.0,-1.0,8.315965572534348e-05,0.0082477163415956,27.0,0.023449721137260016,0.059262832601456074,0.06063013691533209
1262.0,2.0,0.0,2147482624.0,2147482624.0,2.0,0.01136580957413396,0.01181607525845177,997.0,0.0,-1.0,-1.0,8.315965572534348e-05,0.0082477163415956,27.0,0.023449721137260016,0.059220153749123344,0.06058705247739341
1264.0,2.0,0.0,2147482624.0,2147482624.0,2.0,0.011364411106325627,0.011815512796059816,998.0,0.0,-1.0,-1.0,8.315965572534348e-05,0.0082477163415956,27.0,0.023449721137260016,0.05917747489679073,0.06054396803945474
1266.0,2.0,0.0,2147482624.0,2147482624.0,2.0,0.011363012638517286,0.011814950333667862,999.0,0.0,-1.0,-1.0,8.315965572534348e-05,0.0082477163415956,27.0,0.023449721137260016,0.05913479604445824,0.06050088360151608
1268.0,2.0,0.0,2147482624.0,2147482624.0,2.0,0.011361614170708939,0.011814387871275908,1000.0,0.0,-1.0,-1.0,8.315965572534348e-05,0.0082477163415956,27.0,0.023449721137260016,0.059092117192125884,0.06045779916357741
1270.0,2.0,0.0,2147482624.0,2147482624.0,2.0,0.011360215702900592,0.011813825408883954,1001.0,0.0,-1.0,-1.0,8.315965572534348e-05,0.0082477163415956,27.0,0.023449721137260016,0.05904943833979365,0.060414714725638745
1272.0,2.0,0.0,2147482624.0,2147482624.0,2.0,0.011358817235092251,0.011813262946491994,1002.0,0.0,-1.0,-1.0,8.315965572534348e-05,0.0082477163415956,27.0,0.023449721137260016,0.059006759487461535,0.060371630287700075
1274.0,2.0,0.0,2147482624.0,2147482624.0,2.0,0.011357418767283911,0.011812700484100033,1003.0,0.0,-1.0,-1.0,8.315965572534348e-05,0.0082477163415956,27.0,0.023449721137260016,0.058964080635129555,0.0603285458497614
1276.0,2.0,0.0,2147482624.0,2147482624.0,2.0,0.011356020299475585,0.01181213802170808,1004.0,0.0,-1.0,-1.0,8.315965572534348e-05,0.0082477163415956,27.0,0.023449721137260016,0.05892140178279771,0.06028546141182273
1278.0,2.0,0.0,2147482624.0,2147482624.0,2.0,0.011354621831667244,0.011811575559316119,1005.0,0.0,-1.0,-1.0,8.315965572534348e-05,0.0082477163415956,27.0,0.023449721137260016,0.058878722930466,0.06024237697388406
1280.0,2.0,0.0,2147482624.0,2147482624.0,2.0,0.011353223363858897,0.011811013096924158,1006.0,0.0,-1.0,-1.0,8.315965572534348e-05,0.0082477163415956,27.0,0.023449721137260016,0.058836044078134433,0.06019929253594539
1282.0,2.0,0.0,2147482624.0,2147482624.0,2.0,0.011351824896050564,0.011810450634532205,1007.0,0.0,-1.0,-1.0,8.315965572534348e-05,0.0082477163415956,27.0,0.023449721137260016,0.058793365225803,0.06015620809800672
1284.0,2.0,0.0,2147482624.0,2147482624.0,2.0,0.01135042642824223,0.011809888172140258,1008.0,0.0,-1.0,-1.0,8.315965572534348e-05,0.0082477163415956,27.0,0.023449721137260016,0.058750686373471715,0.06011312366006805
1286.0,2.0,0.0,2147482624.0,2147482624.0,2.0,0.011349027960433897,0.011809355673381157,1009.0,0.0,-1.0,-1.0,8.315965572534348e-05,0.0082477163415956,27.0,0.023449721137260016,0.058708007521140575,0.06007003922212938
1288.0,2.0,0.0,2147482624.0,2147482624.0,2.0,0.01134762949262555,0.011808843202586815,1010.0,0.0,-1.0,-1.0,8.315965572534348e-05,0.0082477163415956,27.0,0.023449721137260016,0.05866532866880959,0.060026954784190706
1290.0,2.0,0.0,2147482624.0,2147482624.0,2.0,0.011346231024817202,0.01180833073179248,1011.0,0.0,-1.0,-1.0,8.315965572534348e-05,0.0082477163415956,27.0,0.023449721137260016,0.05862264981647875,0.05998387034625203
1292.0,2.0,0.0,2147482624.0,2147482624.0,2.0,0.011344832557008869,0.011807818260998137,1012.0,0.0,-1.0,-1.0,8.315965572534348e-05,0.0082477163415956,27.0,0.023449721137260016,0.05857997096414808,0.05994078590831336
1294.0,2.0,0.0,2147482624.0,2147482624.0,2.0,0.011343434089200535,0.011807305790203802,1013.0,0.0,-1.0,-1.0,8.315965572534348e-05,0.0082477163415956,27.0,0.023449721137260016,0.058537292111817574,0.059897701470374695
1296.0,2.0,0.0,2147482624.0,2147482624.0,2.0,0.011342035621392195,0.011806793319409467,1014.0,0.0,-1.0,-1.0,8.315965572534348e-05,0.0082477163415956,27.0,0.023449721137260016,0.05849461325948722,0.05985461703243604
1298.0,2.0,0.0,2147482624.0,2147482624.0,2.0,0.011340637153583848,0.011806280848615132,1015.0,0.0,-1.0,-1.0,8.315965572534348e-05,0.0082477163415956,27.0,0.023449721137260016,0.05845193440715703,0.05981153259449737
1300.0,2.0,0.0,2147482624.0,2147482624.0,2.0,0.011339238685775493,0.01180576837782081,1016.0,0.0,-1.0,-1.0,8.315965572534348e-05,0.0082477163415956,27.0,0.023449721137260016,0.05840925555482701,0.05976844815655869
1302.0,2.0,0.0,2147482624.0,2147482624.0,2.0,0.011337840217967153,0.011805255907026482,1017.0,0.0,-1.0,-1.0,8.315965572534348e-05,0.0082477163415956,27.0,0.023449721137260016,0.05836657670249716,0.059725363718620014
1304.0,2.0,0.0,2147482624.0,2147482624.0,2.0,0.01133644175015882,0.01180474343623214,1018.0,0.0,-1.0,-1.0,8.315965572534348e-05,0.0082477163415956,27.0,0.023449721137260016,0.058323897850167485,0.059682279280681344
1306.0,2.0,0.0,2147482624.0,2147482624.0,2.0,0.011335043282350486,0.011804230965437798,1019.0,0.0,-1.0,-1.0,8.315965572534348e-05,0.0082477163415956,27.0,0.023449721137260016,0.05828121899783799,0.05963919484274268
1308.0,2.0,0.0,2147482624.0,2147482624.0,2.0,0.011333644814542139,0.011803718494643463,1020.0,0.0,-1.0,-1.0,8.315965572534348e-05,0.0082477163415956,27.0,0.023449721137260016,0.058238540145508666,0.05959611040480401
1310.0,2.0,0.0,2147482624.0,2147482624.0,2.0,0.011332246346733799,0.011803206023849128,1021.0,0.0,-1.0,-1.0,8.315965572534348e-05,0.0082477163415956,27.0,0.023449721137260016,0.05819586129317954,0.05955302596686535
1312.0,2.0,0.0,2147482624.0,2147482624.0,2.0,0.011330847878925465,0.011802693553054792,1022.0,0.0,-1.0,-1.0,8.315965572534348e-05,0.0082477163415956,27.0,0.023449721137260016,0.0581531824408506,0.05950994152892668
1314.0,2.0,0.0,2147482624.0,1073740800.0,2.0,0.011421853201579388,0.011802181082260464,1023.0,0.0,2.0,2.0,8.315965572534348e-05,0.0082477163415956,27.0,0.023449721137260016,0.05811050358852185,0.059466857090988
1316.0,2.0,0.0,1073740800.0,1073740800.0,2.0,0.011420530453989816,0.011801668611466136,1024.0,0.0,-1.0,-1.0,8.315965572534348e-05,0.0082477163415956,27.0,0.023449721137260016,0.05806782473619332,0.05942377265304933
1318.0,2.0,0.0,1073740800.0,1073740800.0,2.0,0.011419207706400245,0.011801156140671794,1025.0,0.0,-1.0,-1.0,8.315965572534348e-05,0.0082477163415956,27.0,0.023449721137260016,0.058025145883864974,0.05938068821511066
1320.0,2.0,0.0,1073740800.0,1073740800.0,2.0,0.011417884958810673,0.011800643669877459,1026.0,0.0,-1.0,-1.0,8.315965572534348e-05,0.0082477163415956,27.0,0.023449721137260016,0.05798246703153684,0.05933760377717199
1322.0,2.0,0.0,1073740800.0,1073740800.0,2.0,0.011416562211221094,0.011800131199083116,1027.0,0.0,-1.0,-1.0,8.315965572534348e-05,0.0082477163415956,27.0,0.023449721137260016,0.05793978817920891,0.05929451933923332
1324.0,2.0,0.0,1073740800.0,1073740800.0,2.0,0.01141523946363153,0.011799618728288788,1028.0,0.0,-1.0,-1.0,8.315965572534348e-05,0.0082477163415956,27.0,0.023449721137260016,0.0578971093268812,0.059251434901294656
1326.0,2.0,0.0,1073740800.0,1073740800.0,2.0,0.011413916716041958,0.011799106257494453,1029.0,0.0,-1.0,-1.0,8.315965572534348e-05,0.0082477163415956,27.0,0.023449721137260016,0.0578544304745537,0.059208350463355985
1328.0,2.0,0.0,1073740800.0,1073740800.0,2.0,0.011412593968452386,0.011798593786700132,1030.0,0.0,-1.0,-1.0,8.315965572534348e-05,0.0082477163415956,27.0,0.023449721137260016,0.057811751622226425,0.05916526602541731
1330.0,2.0,0.0,1073740800.0,1073740800.0,2.0,0.011411271220862815,0.011798081315905797,1031.0,0.0,-1.0,-1.0,8.315965572534348e-05,0.0082477163415956,27.0,0.023449721137260016,0.05776907276989938,0.05912218158747864
1332.0,2.0,0.0,1073740800.0,1073740800.0,2.0,0.011409948473273243,0.011797568845111461,1032.0,0.0,-1.0,-1.0,8.315965572534348e-05,0.0082477163415956,27.0,0.023449721137260016,0.05772639391757256,0.05907909714953997
1334.0,2.0,0.0,1073740800.0,1073740800.0,2.0,0.011408625725683672,0.01179705637431712,1033.0,0.0,-1.0,-1.0,8.315965572534348e-05,0.0082477163415956,27.0,0.023449721137260016,0.057683715065245965,0.0590360127116013
1336.0,2.0,0.0,1073740800.0,1073740800.0,2.0,0.0114073029780941,0.011796543903522784,1034.0,0.0,-1.0,-1.0,8.315965572534348e-05,0.0082477163415956,27.0,0.023449721137260016,0.057641036212919626,0.05899292827366264
1338.0,2.0,0.0,1073740800.0,1073740800.0,2.0,0.011405980230504535,0.011796031432728449,1035.0,0.0,-1.0,-1.0,8.315965572534348e-05,0.0082477163415956,27.0,0.023449721137260016,0.05759835736059352,0.05894984383572397
1340.0,2.0,0.0,1073740800.0,1073740800.0,2.0,0.011404657482914957,0.011795518961934114,1036.0,0.0,-1.0,-1.0,8.315965572534348e-05,0.0082477163415956,27.0,0.023449721137260016,0.05755567850826768,0.058906759397785294
1342.0,2.0,0.0,1073740800.0,1073740800.0,2.0,0.011403334735325385,0.0117950064911398,1037.0,0.0,-1.0,-1.0,8.315965572534348e-05,0.0082477163415956,27.0,0.023449721137260016,0.05751299965594207,0.05886367495984662
1344.0,2.0,0.0,1073740800.0,1073740800.0,2.0,0.01140201198773582,0.011794494020345464,1038.0,0.0,-1.0,-1.0,8.315965572534348e-05,0.0082477163415956,27.0,0.023449721137260016,0.05747032080361672,0.058820590521907946
1346.0,2.0,0.0,1073740800.0,1073740800.0,2.0,0.011400689240146249,0.011793981549551122,1039.0,0.0,-1.0,-1.0,8.315965572534348e-05,0.0082477163415956,27.0,0.023449721137260016,0.057427641951291644,0.05877750608396928
1348.0,2.0,0.0,1073740800.0,1073740800.0,2.0,0.011399366492556684,0.01179346907875678,1040.0,0.0,-1.0,-1.0,8.315965572534348e-05,0.0082477163415956,27.0,0.023449721137260016,0.057384963098966825,0.05873442164603061
1350.0,2.0,0.0,1073740800.0,1073740800.0,2.0,0.011398043744967112,0.011792956607962445,1041.0,0.0,-1.0,-1.0,8.315965572534348e-05,0.0082477163415956,27.0,0.023449721137260016,0.05734228424664229,0.05869133720809195
1352.0,2.0,0.0,1073740800.0,1073740800.0,2.0,0.01139672099737754,0.011792444137168116,1042.0,0.0,-1.0,-1.0,8.315965572534348e-05,0.0082477163415956,27.0,0.023449721137260016,0.05729960539431803,0.05864825277015328
1354.0,2.0,0.0,1073740800.0,1073740800.0,2.0,0.011395398249787969,0.011791931666373788,1043.0,0.0,-1.0,-1.0,8.315965572534348e-05,0.0082477163415956,27.0,0.023449721137260016,0.05725692654199407,0.0586051683322146
1356.0,2.0,0.0,1073740800.0,1073740800.0,2.0,0.011394075502198397,0.01179141919557946,1044.0,0.0,-1.0,-1.0,8.315965572534348e-05,0.0082477163415956,27.0,0.023449721137260016,0.057214247689670386,0.05856208389427593
1358.0,2.0,0.0,1073740800.0,1073740800.0,2.0,0.011392752754608826,0.011790939229304541,1045.0,0.0,-1.0,-1.0,8.315965572534348e-05,0.0082477163415956,27.0,0.023449721137260016,0.057171568837347,0.05851899945633726
1360.0,2.0,0.0,1073740800.0,1073740800.0,2.0,0.011391430007019254,0.011790474556100106,1046.0,0.0,-1.0,-1.0,8.315965572534348e-05,0.0082477163415956,27.0,0.023449721137260016,0.057128889985023926,0.05847591501839859
1362.0,2.0,0.0,1073740800.0,1073740800.0,2.0,0.01139010725942969,0.011790009882895656,1047.0,0.0,-1.0,-1.0,8.315965572534348e-05,0.0082477163415956,27.0,0.023449721137260016,0.05708621113270115,0.05843283058045992
1364.0,2.0,0.0,1073740800.0,1073740800.0,2.0,0.011388784511840111,0.011789545209691228,1048.0,0.0,-1.0,-1.0,8.315965572534348e-05,0.0082477163415956,27.0,0.023449721137260016,0.0570435322803787,0.05838974614252126
1366.0,2.0,0.0,1073740800.0,1073740800.0,2.0,0.011387461764250532,0.011789080536486786,1049.0,0.0,-1.0,-1.0,8.315965572534348e-05,0.0082477163415956,27.0,0.023449721137260016,0.057000853428056567,0.05834666170458259
1368.0,2.0,0.0,1073740800.0,1073740800.0,2.0,0.01138613901666096,0.011788615863282344,1050.0,0.0,-1.0,-1.0,8.315965572534348e-05,0.0082477163415956,27.0,0.023449721137260016,0.056958174575734745,0.05830357726664391
1370.0,2.0,0.0,1073740800.0,1073740800.0,2.0,0.01138481626907139,0.011788151190077902,1051.0,0.0,-1.0,-1.0,8.315965572534348e-05,0.0082477163415956,27.0,0.023449721137260016,0.05691549572341326,0.05826049282870524
1372.0,2.0,0.0,1073740800.0,1073740800.0,2.0,0.011383493521481824,0.011787686516873473,1052.0,0.0,-1.0,-1.0,8.315965572534348e-05,0.0082477163415956,27.0,0.023449721137260016,0.05687281687109213,0.05821740839076657
1374.0,2.0,0.0,1073740800.0,1073740800.0,2.0,0.011382170773892253,0.011787221843669038,1053.0,0.0,-1.0,-1.0,8.315965572534348e-05,0.0082477163415956,27.0,0.023449721137260016,0.056830138018771334,0.05817432395282791
1376.0,2.0,0.0,1073740800.0,1073740800.0,2.0,0.011380848026302681,0.011786757170464596,1054.0,0.0,-1.0,-1.0,8.315965572534348e-05,0.0082477163415956,27.0,0.023449721137260016,0.05678745916645089,0.05813123951488925
1378.0,2.0,0.0,1073740800.0,1073740800.0,2.0,0.01137952527871311,0.011786292497260153,1055.0,0.0,-1.0,-1.0,8.315965572534348e-05,0.0082477163415956,27.0,0.023449721137260016,0.056744780314130806,0.05808815507695058
1380.0,2.0,0.0,1073740800.0,1073740800.0,2.0,0.011378202531123538,0.011785827824055718,1056.0,0.0,-1.0,-1.0,8.315965572534348e-05,0.0082477163415956,27.0,0.023449721137260016,0.05670210146181109,0.0580450706390119
1382.0,2.0,0.0,1073740800.0,1073740800.0,2.0,0.011376879783533966,0.011785363150851283,1057.0,0.0,-1.0,-1.0,8.315965572534348e-05,0.0082477163415956,27.0,0.023449721137260016,0.05665942260949175,0.058001986201073226
1384.0,2.0,0.0,1073740800.0,1073740800.0,2.0,0.011375557035944395,0.011784898477646834,1058.0,0.0,-1.0,-1.0,8.315965572534348e-05,0.0082477163415956,27.0,0.023449721137260016,0.056616743757172794,0.057958901763134556
1386.0,2.0,0.0,1073740800.0,1073740800.0,2.0,0.01137423428835483,0.011784433804442399,1059.0,0.0,-1.0,-1.0,8.315965572534348e-05,0.0082477163415956,27.0,0.023449721137260016,0.05657406490485423,0.05791581732519589
1388.0,2.0,11.0,1073740800.0,1073740800.0,1.0,0.011372911540765251,0.011783969131237963,1060.0,1.0,-1.0,-1.0,0.9199468679552478,0.9642684400400007,27.0,0.023449721137260016,0.05823851748755901,0.06086820410147978
1389.0,1.0,5.0,1073740800.0,1073740800.0,1.0,0.011372911540765258,0.011783969131237963,1061.0,0.0,-1.0,-1.0,0.999683885745438,0.9696073950447441,10.0,0.023449721137260016,0.05822106750066012,0.060875796294468335
1390.0,1.0,7.0,1073740800.0,1073740800.0,1.0,0.011372911540765258,0.01178396913123797,1062.0,0.0,-1.0,-1.0,0.9996862798326052,0.9695950477083302,10.0,0.023449721137260016,0.05820002470413492,0.06085456310907217
1391.0,1.0,2.0,1073740800.0,1073740800.0,1.0,0.011372911540765258,0.01178396913123797,1063.0,0.0,-1.0,-1.0,0.999686279893699,0.9695950480767632,10.0,0.023449721137260016,0.058178989618315566,0.060833336341601055
1392.0,1.0,5.0,1073740800.0,1073740800.0,1.0,0.011372911540765265,0.011783969131237963,1064.0,0.0,-1.0,-1.0,0.9996862798937005,0.969595048085752,10.0,0.023449721137260016,0.058157954532535944,0.06081210957482407
1393.0,1.0,6.0,1073740800.0,1073740800.0,1.0,0.011372911540765272,0.011783969131237956,1065.0,0.0,-1.0,-1.0,0.9996862798937005,0.9695950480857485,10.0,0.023449721137260016,0.05813691944675179,0.060790882808046905
1394.0,1.0,6.0,1073740800.0,1073740800.0,1.0,0.01137291154076528,0.01178396913123795,1066.0,1.0,-1.0,-1.0,0.9996862798937005,0.9695950480857485,10.0,0.023449721137260016,0.05811588436096762,0.06076965604126963
1395.0,1.0,5.0,1073740800.0,1073740800.0,1.0,0.011372911540765286,0.01178396913123795,1067.0,1.0,-1.0,-1.0,0.9996862798937005,0.9695950480857485,10.0,0.023449721137260016,0.05809484927518347,0.060748429274492255
1396.0,1.0,9.0,1073740800.0,1073740800.0,1.0,0.011372911540765293,0.011783969131237956,1068.0,1.0,-1.0,-1.0,0.9996862798937005,0.9695950480857485,10.0,0.023449721137260016,0.058073814189399296,0.06072720250771477
1397.0,1.0,6.0,1073740800.0,1073740800.0,1.0,0.0113729115407653,0.011783969131237956,1069.0,1.0,-1.0,-1.0,0.9996862798937005,0.9695950480857485,10.0,0.023449721137260016,0.05805277910361514,0.06070597574093718
1398.0,1.0,10.0,1073740800.0,1073740800.0,1.0,0.011372911540765307,0.011783969131237963,1070.0,1.0,-1.0,-1.0,0.9996862798937005,0.9695950480857485,10.0,0.023449721137260016,0.058031744017830976,0.060684748974159486
1399.0,1.0,6.0,1073740800.0,1073740800.0,1.0,0.011372911540765314,0.011783969131237956,1071.0,1.0,-1.0,-1.0,0.9996862798937005,0.9695950480857485,10.0,0.023449721137260016,0.05801070893204682,0.06066352220738168
1400.0,1.0,5.0,1073740800.0,1073740800.0,1.0,0.01137291154076532,0.01178396913123795,1072.0,1.0,-1.0,-1.0,0.9996862798937005,0.9695950480857485,10.0,0.023449721137260016,0.057989673846262656,0.060642295440603754
1401.0,1.0,4.0,1073740800.0,1073740800.0,1.0,0.011372911540765328,0.011783969131237942,1073.0,0.0,-1.0,-1.0,0.9996862798937005,0.9695950480857485,10.0,0.023449721137260016,0.057968638760478496,0.06062106867382572
1402.0,1.0,2.0,1073740800.0,1073740800.0,1.0,0.011372911540765335,0.011783969131237942,1074.0,1.0,-1.0,-1.0,0.9996862798937005,0.9695950480857485,10.0,0.023449721137260016,0.05794760367469433,0.060599841907047564
1403.0,1.0,3.0,1073740800.0,1073740800.0,1.0,0.011372911540765342,0.011783969131237942,1075.0,0.0,-1.0,-1.0,0.9996862798937005,0.9695950480857485,10.0,0.023449721137260016,0.05792656858891017,0.06057861514026929
1404.0,1.0,2.0,1073740800.0,1073740800.0,1.0,0.011372911540765342,0.01178396913123795,1076.0,0.0,-1.0,-1.0,0.9996862798937005,0.9695950480857485,10.0,0.023449721137260016,0.057905533503126,0.060557388373490915
1405.0,1.0,4.0,1073740800.0,1073740800.0,1.0,0.011372911540765342,0.01178396913123795,1077.0,0.0,-1.0,-1.0,0.9996862798937005,0.9695950480857485,10.0,0.023449721137260016,0.057884498417341834,0.06053616160671243
1406.0,1.0,2.0,1073740800.0,1073740800.0,1.0,0.011372911540765342,0.01178396913123795,1078.0,0.0,-1.0,-1.0,0.9996862798937005,0.9695950480857485,10.0,0.023449721137260016,0.05786346333155767,0.06051493483993382
1407.0,1.0,3.0,1073740800.0,1073740800.0,1.0,0.011372911540765342,0.011783969131237942,1079.0,0.0,-1.0,-1.0,0.9996862798937005,0.9695950480857485,10.0,0.023449721137260016,0.0578424282457735,0.0604937080731551
1408.0,1.0,7.0,1073740800.0,1073740800.0,1.0,0.011372911540765342,0.011783969131237942,1080.0,0.0,-1.0,-1.0,0.9996862798937005,0.9695950480857485,10.0,0.023449721137260016,0.05782139315998934,0.060472481306376245
1409.0,1.0,6.0,1073740800.0,1073740800.0,1.0,0.011372911540765349,0.011783969131237935,1081.0,1.0,-1.0,-1.0,0.9996862798937005,0.9695950480857485,10.0,0.023449721137260016,0.05780035807420517,0.06045125453959728
1410.0,1.0,3.0,1073740800.0,1073740800.0,1.0,0.011372911540765349,0.011783969131237935,1082.0,1.0,-1.0,-1.0,0.9996862798937005,0.9695950480857485,10.0,0.023449721137260016,0.05777932298842101,0.06043002777281818
1411.0,1.0,7.0,1073740800.0,1073740800.0,1.0,0.011372911540765356,0.011783969131237935,1083.0,0.0,-1.0,-1.0,0.9996862798937005,0.9695950480857485,10.0,0.023449721137260016,0.057758287902636846,0.060408801006038966
1412.0,1.0,3.0,1073740800.0,1073740800.0,1.0,0.011372911540765362,0.011783969131237935,1084.0,2.0,-1.0,-1.0,0.9996862798937005,0.9695950480857485,10.0,0.023449721137260016,0.05773725281685269,0.060387574239259625
1413.0,1.0,5.0,1073740800.0,1073740800.0,1.0,0.01137291154076537,0.011783969131237935,1085.0,2.0,-1.0,-1.0,0.9996862798937005,0.9695950480857485,10.0,0.023449721137260016,0.057716217731068525,0.06036634747248015
1414.0,1.0,7.0,1073740800.0,1073740800.0,1.0,0.011372911540765376,0.011783969131237942,1086.0,0.0,-1.0,-1.0,0.9996862798937005,0.9695950480857485,10.0,0.023449721137260016,0.05769518264528437,0.060345120705700556
1415.0,1.0,4.0,1073740800.0,1073740800.0,1.0,0.011372911540765383,0.011783969131237935,1087.0,0.0,-1.0,-1.0,0.9996862798937005,0.9695950480857485,10.0,0.023449721137260016,0.0576741475595002,0.060323893938920826
1416.0,1.0,8.0,1073740800.0,1073740800.0,1.0,0.01137291154076539,0.011783969131237935,1088.0,0.0,-1.0,-1.0,0.9996862798937005,0.9695950480857485,10.0,0.023449721137260016,0.057653112473716045,0.060302667172140965
1417.0,1.0,2.0,1073740800.0,1073740800.0,1.0,0.011372911540765397,0.011783969131237929,1089.0,1.0,-1.0,-1.0,0.9996862798937005,0.9695950480857485,10.0,0.023449721137260016,0.05763207738793188,0.06028144040536098
1418.0,1.0,8.0,1073740800.0,1073740800.0,1.0,0.011372911540765404,0.011783969131237922,1090.0,1.0,-1.0,-1.0,0.9996862798937005,0.9695950480857485,10.0,0.023449721137260016,0.057611042302147725,0.06026021363858086
1419.0,1.0,7.0,1073740800.0,1073740800.0,1.0,0.011372911540765411,0.011783969131237922,1091.0,0.0,-1.0,-1.0,0.9996862798937005,0.9695950480857485,10.0,0.023449721137260016,0.05759000721636356,0.060238986871800605
1420.0,1.0,5.0,1073740800.0,1073740800.0,1.0,0.011372911540765418,0.011783969131237929,1092.0,0.0,-1.0,-1.0,0.9996862798937005,0.9695950480857485,10.0,0.023449721137260016,0.0575689721305794,0.06021776010502022
1421.0,1.0,3.0,1073740800.0,1073740800.0,1.0,0.011372911540765425,0.011783969131237929,1093.0,1.0,-1.0,-1.0,0.9996862798937005,0.9695950480857485,10.0,0.023449721137260016,0.05754793704479523,0.06019653333823969
1422.0,1.0,5.0,1073740800.0,1073740800.0,1.0,0.011372911540765432,0.011783969131237935,1094.0,2.0,-1.0,-1.0,0.9996862798937005,0.9695950480857485,10.0,0.023449721137260016,0.05752690195901107,0.060175306571459024
1423.0,1.0,11.0,1073740800.0,1073740800.0,1.0,0.011372911540765432,0.011783969131237929,1095.0,1.0,-1.0,-1.0,0.9996862798937005,0.9695950480857485,10.0,0.023449721137260016,0.0575058668732269,0.060154079804678205
1424.0,1.0,5.0,1073740800.0,1073740800.0,1.0,0.011372911540765425,0.011783969131237922,1096.0,1.0,-1.0,-1.0,0.9996862798937005,0.9695950480857485,10.0,0.023449721137260016,0.05748483178744273,0.06013285303789726
1425.0,1.0,7.0,1073740800.0,1073740800.0,1.0,0.011372911540765425,0.011783969131237915,1097.0,0.0,-1.0,-1.0,0.9996862798937005,0.9695950480857485,10.0,0.023449721137260016,0.057463796701658555,0.06011162627111617
1426.0,1.0,3.0,1073740800.0,1073740800.0,1.0,0.011372911540765425,0.011783969131237915,1098.0,0.0,-1.0,-1.0,0.9996862798937005,0.9695950480857485,10.0,0.023449721137260016,0.05744276161587439,0.06009039950433494
1427.0,1.0,7.0,1073740800.0,1073740800.0,1.0,0.011372911540765425,0.011783969131237908,1099.0,0.0,-1.0,-1.0,0.9996862798937005,0.9695950480857485,10.0,0.023449721137260016,0.05742172653009022,0.060069172737553564
1428.0,1.0,5.0,1073740800.0,1073740800.0,1.0,0.011372911540765425,0.011783969131237915,1100.0,1.0,-1.0,-1.0,0.9996862798937005,0.9695950480857485,10.0,0.023449721137260016,0.057400691444306054,0.060047945970772044
1429.0,1.0,3.0,1073740800.0,1073740800.0,1.0,0.011372911540765425,0.011783969131237908,1101.0,1.0,-1.0,-1.0,0.9996862798937005,0.9695950480857485,10.0,0.023449721137260016,0.057379656358521894,0.060026719203990365
1430.0,1.0,6.0,1073740800.0,1073740800.0,1.0,0.011372911540765432,0.011783969131237908,1102.0,0.0,-1.0,-1.0,0.9996862798937005,0.9695950480857485,10.0,0.023449721137260016,0.05735862127273772,0.06000549243720854
1431.0,1.0,6.0,1073740800.0,1073740800.0,1.0,0.011372911540765439,0.011783969131237894,1103.0,0.0,-1.0,-1.0,0.9996862798937005,0.9695950480857485,10.0,0.023449721137260016,0.05733758618695357,0.05998426567042656
1432.0,1.0,2.0,1073740800.0,1073740800.0,1.0,0.011372911540765446,0.011783969131237894,1104.0,0.0,-1.0,-1.0,0.9996862798937005,0.9695950480857485,10.0,0.023449721137260016,0.0573165511011694,0.05996303890364444
1433.0,1.0,11.0,1073740800.0,1073740800.0,1.0,0.011372911540765453,0.01178396913123788,1105.0,0.0,-1.0,-1.0,0.9996862798937005,0.9695950480857485,10.0,0.023449721137260016,0.057295516015385246,0.05994181213686216
1434.0,1.0,3.0,1073740800.0,1073740800.0,1.0,0.011372911540765453,0.01178396913123788,1106.0,1.0,-1.0,-1.0,0.9996862798937005,0.9695950480857485,10.0,0.023449721137260016,0.05727448092960107,0.05992058537007973
1435.0,1.0,5.0,1073740800.0,1073740800.0,1.0,0.01137291154076546,0.011783969131237873,1107.0,2.0,-1.0,-1.0,0.9996862798937005,0.9695950480857485,10.0,0.023449721137260016,0.05725344584381692,0.05989935860329714
1436.0,1.0,8.0,1073740800.0,1073740800.0,1.0,0.011372911540765467,0.011783969131237873,1108.0,2.0,-1.0,-1.0,0.9996862798937005,0.9695950480857485,10.0,0.023449721137260016,0.05723241075803275,0.0598781318365144
1437.0,1.0,8.0,1073740800.0,1073740800.0,1.0,0.011372911540765474,0.011783969131237866,1109.0,1.0,-1.0,-1.0,0.9996862798937005,0.9695950480857485,10.0,0.023449721137260016,0.0572113756722486,0.05985690506973149
1438.0,1.0,8.0,1073740800.0,1073740800.0,1.0,0.01137291154076548,0.011783969131237873,1110.0,2.0,-1.0,-1.0,0.9996862798937005,0.9695950480857485,10.0,0.023449721137260016,0.05719034058646443,0.05983567830294842
1439.0,1.0,6.0,1073740800.0,1073740800.0,1.0,0.01137291154076548,0.01178396913123786,1111.0,0.0,-1.0,-1.0,0.9996862798937005,0.9695950480857485,10.0,0.023449721137260016,0.057169305500680265,0.05981445153616519
1440.0,1.0,3.0,1073740800.0,1073740800.0,1.0,0.01137291154076548,0.01178396913123786,1112.0,1.0,-1.0,-1.0,0.9996862798937005,0.9695950480857485,10.0,0.023449721137260016,0.0571482704148961,0.05979322476938179
1441.0,1.0,5.0,1073740800.0,1073740800.0,1.0,0.011372911540765487,0.011783969131237845,1113.0,0.0,-1.0,-1.0,0.9996862798937005,0.9695950480857485,10.0,0.023449721137260016,0.05712723532911194,0.059771998002598234
1442.0,1.0,0.0,1073740800.0,1073740800.0,1.0,0.011372911540765487,0.011783969131237838,1114.0,0.0,-1.0,-1.0,0.867541277643506,0.06874293104515919,10.0,0.023449721137260016,0.05646131847196697,0.05687656365005984
1443.0,1.0,0.0,1073740800.0,1073740800.0,2.0,0.01137291154076548,0.011783969131237838,1115.0,0.0,-1.0,-1.0,0.014204893595178028,0.008388570143134403,10.0,0.023449721137260016,0.05536822697820885,0.05671142207839369
1445.0,2.0,0.0,1073740800.0,1073740800.0,2.0,0.011371578072898542,0.011783471395647088,1116.0,0.0,-1.0,-1.0,8.322821131341495e-05,0.008247717015336387,28.0,0.023449721137260016,0.05532116540793282,0.05666802867050268
1447.0,2.0,0.0,1073740800.0,1073740800.0,2.0,0.011370255325257685,0.011783006722284342,1117.0,0.0,-1.0,-1.0,8.315965605345438e-05,0.00824771634159882,28.0,0.023449721137260016,0.055278486534634304,0.056624944231085224
1449.0,2.0,0.0,1073740800.0,1073740800.0,2.0,0.01136893257766812,0.011782542049079893,1118.0,0.0,-1.0,-1.0,8.315965572534506e-05,0.0082477163415956,28.0,0.023449721137260016,0.05523580768233266,0.05658185979314654
1451.0,2.0,0.0,1073740800.0,1073740800.0,2.0,0.011367609830078548,0.01178207737587545,1119.0,0.0,-1.0,-1.0,8.315965572534348e-05,0.0082477163415956,28.0,0.023449721137260016,0.05519312883003186,0.05653877535520787
1453.0,2.0,0.0,1073740800.0,1073740800.0,2.0,0.011366287082488977,0.011781612702671015,1120.0,0.0,-1.0,-1.0,8.315965572534348e-05,0.0082477163415956,28.0,0.023449721137260016,0.05515044997773179,0.0564956909172692
1455.0,2.0,0.0,1073740800.0,1073740800.0,2.0,0.011364964334899405,0.011781148029466566,1121.0,0.0,-1.0,-1.0,8.315965572534348e-05,0.0082477163415956,28.0,0.023449721137260016,0.055107771125432484,0.056452606479330536
1457.0,2.0,0.0,1073740800.0,1073740800.0,2.0,0.011363641587309833,0.011780683356262131,1122.0,0.0,-1.0,-1.0,8.315965572534348e-05,0.0082477163415956,28.0,0.023449721137260016,0.05506509227313394,0.05640952204139187
1459.0,2.0,0.0,1073740800.0,1073740800.0,2.0,0.011362318839720262,0.011780218683057689,1123.0,0.0,-1.0,-1.0,8.315965572534348e-05,0.0082477163415956,28.0,0.023449721137260016,0.0550224134208362,0.056366437603453196
1461.0,2.0,0.0,1073740800.0,1073740800.0,2.0,0.011360996092130683,0.011779754009853254,1124.0,0.0,-1.0,-1.0,8.315965572534348e-05,0.0082477163415956,28.0,0.023449721137260016,0.05497973456853925,0.05632335316551452
1463.0,2.0,0.0,1073740800.0,1073740800.0,2.0,0.011359673344541119,0.011779289336648811,1125.0,0.0,-1.0,-1.0,8.315965572534348e-05,0.0082477163415956,28.0,0.023449721137260016,0.054937055716243126,0.05628026872757585
1465.0,2.0,0.0,1073740800.0,1073740800.0,2.0,0.011358350596951547,0.011778824663444376,1126.0,0.0,-1.0,-1.0,8.315965572534348e-05,0.0082477163415956,28.0,0.023449721137260016,0.05489437686394784,0.056237184289637185
1467.0,2.0,9.0,1073740800.0,1073740800.0,1.0,0.011357027849361975,0.01177835999023994,1127.0,0.0,-1.0,-1.0,0.9199468679552478,0.9642684400400007,28.0,0.023449721137260016,0.05656086201920646,0.05918851605814799
1468.0,1.0,9.0,1073740800.0,1073740800.0,1.0,0.011357027849361975,0.011778359990239934,1128.0,0.0,-1.0,-1.0,0.999683885745438,0.9696073950447441,10.0,0.023449721137260016,0.056543412032307554,0.05919610825110832
1469.0,1.0,7.0,1073740800.0,1073740800.0,1.0,0.011357027849361968,0.01177835999023994,1129.0,2.0,-1.0,-1.0,0.9996862798326052,0.9695950477083302,10.0,0.023449721137260016,0.056522369235782355,0.05917487506570006
1470.0,1.0,11.0,1073740800.0,1073740800.0,1.0,0.011357027849361975,0.01177835999023994,1130.0,1.0,-1.0,-1.0,0.999686279893699,0.9695950480767632,10.0,0.023449721137260016,0.056501334149963015,0.05915364829821675
1471.0,1.0,10.0,1073740800.0,1073740800.0,1.0,0.011357027849361982,0.011778359990239934,1131.0,0.0,-1.0,-1.0,0.9996862798937005,0.969595048085752,10.0,0.023449721137260016,0.05648029906418339,0.059132421531427455
1472.0,1.0,6.0,1073740800.0,1073740800.0,1.0,0.01135702784936199,0.011778359990239934,1132.0,0.0,-1.0,-1.0,0.9996862798937005,0.9695950480857485,10.0,0.023449721137260016,0.05645926397839923,0.059111194764637866
1473.0,1.0,6.0,1073740800.0,1073740800.0,1.0,0.011357027849361996,0.01177835999023992,1133.0,1.0,-1.0,-1.0,0.9996862798937005,0.9695950480857485,10.0,0.023449721137260016,0.05643822889261507,0.05908996799784804
1474.0,1.0,6.0,1073740800.0,1073740800.0,1.0,0.011357027849362003,0.01177835999023992,1134.0,0.0,-1.0,-1.0,0.9996862798937005,0.9695950480857485,10.0,0.023449721137260016,0.056417193806830905,0.059068741231057986
1475.0,1.0,5.0,1073740800.0,1073740800.0,1.0,0.01135702784936201,0.011778359990239913,1135.0,1.0,-1.0,-1.0,0.9996862798937005,0.9695950480857485,10.0,0.023449721137260016,0.056396158721046745,0.059047514464267696
1476.0,1.0,8.0,1073740800.0,1073740800.0,1.0,0.01135702784936201,0.01177835999023992,1136.0,2.0,-1.0,-1.0,0.9996862798937005,0.9695950480857485,10.0,0.023449721137260016,0.05637512363526258,0.059026287697477184
1477.0,1.0,8.0,1073740800.0,1073740800.0,1.0,0.011357027849362017,0.011778359990239913,1137.0,1.0,-1.0,-1.0,0.9996862798937005,0.9695950480857485,10.0,0.023449721137260016,0.05635408854947842,0.05900506093068643
1478.0,1.0,2.0,1073740800.0,1073740800.0,1.0,0.011357027849362017,0.011778359990239913,1138.0,0.0,-1.0,-1.0,0.9996862798937005,0.9695950480857485,10.0,0.023449721137260016,0.056333053463694244,0.05898383416389544
1479.0,1.0,8.0,1073740800.0,1073740800.0,1.0,0.011357027849362017,0.0117783599902399,1139.0,1.0,-1.0,-1.0,0.9996862798937005,0.9695950480857485,10.0,0.023449721137260016,0.05631201837791008,0.058962607397104204
1480.0,1.0,8.0,1073740800.0,1073740800.0,1.0,0.011357027849362017,0.011778359990239892,1140.0,1.0,-1.0,-1.0,0.9996862798937005,0.9695950480857485,10.0,0.023449721137260016,0.05629098329212591,0.058941380630312734
1481.0,1.0,7.0,1073740800.0,1073740800.0,1.0,0.011357027849362017,0.011778359990239878,1141.0,0.0,-1.0,-1.0,0.9996862798937005,0.9695950480857485,10.0,0.023449721137260016,0.05626994820634174,0.05892015386352103
1482.0,1.0,4.0,1073740800.0,1073740800.0,1.0,0.011357027849362017,0.011778359990239878,1142.0,1.0,-1.0,-1.0,0.9996862798937005,0.9695950480857485,10.0,0.023449721137260016,0.05624891312055758,0.058898927096729066
1483.0,1.0,5.0,1073740800.0,1073740800.0,1.0,0.011357027849362024,0.011778359990239871,1143.0,0.0,-1.0,-1.0,0.9996862798937005,0.9695950480857485,10.0,0.023449721137260016,0.056227878034773415,0.05887770032993685
1484.0,1.0,4.0,1073740800.0,1073740800.0,1.0,0.01135702784936203,0.011778359990239871,1144.0,0.0,-1.0,-1.0,0.9996862798937005,0.9695950480857485,10.0,0.023449721137260016,0.05620684294898926,0.05885647356314438
1485.0,1.0,5.0,1073740800.0,1073740800.0,1.0,0.011357027849362038,0.011778359990239864,1145.0,0.0,-1.0,-1.0,0.9996862798937005,0.9695950480857485,10.0,0.023449721137260016,0.056185807863205095,0.05883524679635165
1486.0,1.0,4.0,1073740800.0,1073740800.0,1.0,0.011357027849362045,0.011778359990239864,1146.0,0.0,-1.0,-1.0,0.9996862798937005,0.9695950480857485,10.0,0.023449721137260016,0.05616477277742094,0.058814020029558677
1487.0,1.0,11.0,1073740800.0,1073740800.0,1.0,0.011357027849362045,0.01177835999023985,1147.0,1.0,-1.0,-1.0,0.9996862798937005,0.9695950480857485,10.0,0.023449721137260016,0.05614373769163677,0.058792793262765444
1488.0,1.0,10.0,1073740800.0,1073740800.0,1.0,0.011357027849362052,0.01177835999023985,1148.0,0.0,-1.0,-1.0,0.9996862798937005,0.9695950480857485,10.0,0.023449721137260016,0.056122702605852615,0.05877156649597195
1489.0,1.0,9.0,1073740800.0,1073740800.0,1.0,0.011357027849362059,0.011778359990239837,1149.0,0.0,-1.0,-1.0,0.9996862798937005,0.9695950480857485,10.0,0.023449721137260016,0.05610166752006845,0.05875033972917819
1490.0,1.0,4.0,1073740800.0,1073740800.0,1.0,0.011357027849362065,0.01177835999023983,1150.0,0.0,-1.0,-1.0,0.9996862798937005,0.9695950480857485,10.0,0.023449721137260016,0.056080632434284294,0.058729112962384165
1491.0,1.0,3.0,1073740800.0,1073740800.0,1.0,0.011357027849362072,0.011778359990239823,1151.0,0.0,-1.0,-1.0,0.9996862798937005,0.9695950480857485,10.0,0.023449721137260016,0.05605959734850013,0.05870788619558988
1492.0,1.0,6.0,1073740800.0,1073740800.0,1.0,0.011357027849362072,0.011778359990239823,1152.0,0.0,-1.0,-1.0,0.9996862798937005,0.9695950480857485,10.0,0.023449721137260016,0.05603856226271596,0.05868665942879531
1493.0,1.0,3.0,1073740800.0,1073740800.0,1.0,0.011357027849362072,0.011778359990239816,1153.0,0.0,-1.0,-1.0,0.9996862798937005,0.9695950480857485,10.0,0.023449721137260016,0.05601752717693179,0.058665432662000465
1494.0,1.0,5.0,1073740800.0,1073740800.0,1.0,0.01135702784936208,0.011778359990239823,1154.0,0.0,-1.0,-1.0,0.9996862798937005,0.9695950480857485,10.0,0.023449721137260016,0.05599649209114763,0.05864420589520534
1495.0,1.0,6.0,1073740800.0,1073740800.0,1.0,0.01135702784936208,0.011778359990239809,1155.0,0.0,-1.0,-1.0,0.9996862798937005,0.9695950480857485,10.0,0.023449721137260016,0.055975457005363466,0.05862297912840994
1496.0,1.0,6.0,1073740800.0,1073740800.0,1.0,0.011357027849362086,0.011778359990239802,1156.0,0.0,-1.0,-1.0,0.9996862798937005,0.9695950480857485,10.0,0.023449721137260016,0.055954421919579306,0.05860175236161426
1497.0,1.0,7.0,1073740800.0,1073740800.0,1.0,0.011357027849362086,0.011778359990239788,1157.0,0.0,-1.0,-1.0,0.9996862798937005,0.9695950480857485,10.0,0.023449721137260016,0.05593338683379513,0.0585805255948183
1498.0,1.0,2.0,1073740800.0,1073740800.0,1.0,0.011357027849362086,0.011778359990239781,1158.0,0.0,-1.0,-1.0,0.9996862798937005,0.9695950480857485,10.0,0.023449721137260016,0.055912351748010965,0.05855929882802204
1499.0,1.0,3.0,1073740800.0,1073740800.0,1.0,0.011357027849362093,0.011778359990239774,1159.0,1.0,-1.0,-1.0,0.9996862798937005,0.9695950480857485,10.0,0.023449721137260016,0.055891316662226805,0.0585380720612255
1500.0,1.0,4.0,1073740800.0,1073740800.0,1.0,0.011357027849362093,0.011778359990239781,1160.0,1.0,-1.0,-1.0,0.9996862798937005,0.9695950480857485,10.0,0.023449721137260016,0.05587028157644264,0.05851684529442866
1501.0,1.0,7.0,1073740800.0,1073740800.0,1.0,0.0113570278493621,0.011778359990239774,1161.0,0.0,-1.0,-1.0,0.9996862798937005,0.9695950480857485,10.0,0.023449721137260016,0.055849246490658484,0.05849561852763153
1502.0,1.0,6.0,1073740800.0,1073740800.0,1.0,0.011357027849362107,0.011778359990239774,1162.0,2.0,-1.0,-1.0,0.9996862798937005,0.9695950480857485,10.0,0.023449721137260016,0.05582821140487431,0.05847439176083409
1503.0,1.0,7.0,1073740800.0,1073740800.0,1.0,0.011357027849362114,0.01177835999023976,1163.0,1.0,-1.0,-1.0,0.9996862798937005,0.9695950480857485,10.0,0.023449721137260016,0.05580717631909016,0.05845316499403635
1504.0,1.0,5.0,1073740800.0,1073740800.0,1.0,0.011357027849362121,0.011778359990239753,1164.0,1.0,-1.0,-1.0,0.9996862798937005,0.9695950480857485,10.0,0.023449721137260016,0.05578614123330599,0.0584319382272383
1505.0,1.0,10.0,1073740800.0,1073740800.0,1.0,0.011357027849362128,0.01177835999023974,1165.0,0.0,-1.0,-1.0,0.9996862798937005,0.9695950480857485,10.0,0.023449721137260016,0.05576510614752184,0.05841071146043994
1506.0,1.0,5.0,1073740800.0,1073740800.0,1.0,0.011357027849362128,0.01177835999023974,1166.0,0.0,-1.0,-1.0,0.9996862798937005,0.9695950480857485,10.0,0.023449721137260016,0.05574407106173766,0.058389484693641275
1507.0,1.0,6.0,1073740800.0,1073740800.0,1.0,0.011357027849362135,0.011778359990239733,1167.0,1.0,-1.0,-1.0,0.9996862798937005,0.9695950480857485,10.0,0.023449721137260016,0.05572303597595351,0.05836825792684228
1508.0,1.0,2.0,1073740800.0,1073740800.0,1.0,0.011357027849362142,0.011778359990239733,1168.0,2.0,-1.0,-1.0,0.9996862798937005,0.9695950480857485,10.0,0.023449721137260016,0.05570200089016934,0.05834703116004298
1509.0,1.0,10.0,1073740800.0,1073740800.0,1.0,0.011357027849362149,0.011778359990239726,1169.0,0.0,-1.0,-1.0,0.9996862798937005,0.9695950480857485,10.0,0.023449721137260016,0.05568096580438519,0.05832580439324335
1510.0,1.0,3.0,1073740800.0,1073740800.0,1.0,0.011357027849362156,0.011778359990239726,1170.0,1.0,-1.0,-1.0,0.9996862798937005,0.9695950480857485,10.0,0.023449721137260016,0.05565993071860102,0.0583045776264434
1511.0,1.0,5.0,1073740800.0,1073740800.0,1.0,0.011357027849362156,0.011778359990239712,1171.0,1.0,-1.0,-1.0,0.9996862798937005,0.9695950480857485,10.0,0.023449721137260016,0.055638895632816855,0.058283350859643125
1512.0,1.0,5.0,1073740800.0,1073740800.0,1.0,0.011357027849362156,0.011778359990239712,1172.0,1.0,-1.0,-1.0,0.9996862798937005,0.9695950480857485,10.0,0.023449721137260016,0.05561786054703269,0.05826212409284252
1513.0,1.0,9.0,1073740800.0,1073740800.0,1.0,0.011357027849362163,0.011778359990239698,1173.0,0.0,-1.0,-1.0,0.9996862798937005,0.9695950480857485,10.0,0.023449721137260016,0.05559682546124853,0.058240897326041575
1514.0,1.0,11.0,1073740800.0,1073740800.0,1.0,0.011357027849362163,0.011778359990239691,1174.0,0.0,-1.0,-1.0,0.9996862798937005,0.9695950480857485,10.0,0.023449721137260016,0.05557579037546436,0.05821967055924031
1515.0,1.0,4.0,1073740800.0,1073740800.0,1.0,0.011357027849362163,0.011778359990239684,1175.0,2.0,-1.0,-1.0,0.9996862798937005,0.9695950480857485,10.0,0.023449721137260016,0.055554755289680194,0.058198443792438694
1516.0,1.0,8.0,1073740800.0,1073740800.0,1.0,0.01135702784936217,0.011778359990239684,1176.0,0.0,-1.0,-1.0,0.9996862798937005,0.9695950480857485,10.0,0.023449721137260016,0.05553372020389603,0.058177217025636746
1517.0,1.0,7.0,1073740800.0,1073740800.0,1.0,0.01135702784936217,0.011778359990239677,1177.0,1.0,-1.0,-1.0,0.9996862798937005,0.9695950480857485,10.0,0.023449721137260016,0.05551268511811186,0.058155990258834445
1518.0,1.0,8.0,1073740800.0,1073740800.0,1.0,0.011357027849362177,0.011778359990239684,1178.0,0.0,-1.0,-1.0,0.9996862798937005,0.9695950480857485,10.0,0.023449721137260016,0.055491650032327706,0.058134763492031796
1519.0,1.0,4.0,1073740800.0,1073740800.0,1.0,0.011357027849362183,0.01177835999023967,1179.0,1.0,-1.0,-1.0,0.9996862798937005,0.9695950480857485,10.0,0.023449721137260016,0.05547061494654354,0.058113536725228794
1520.0,1.0,9.0,1073740800.0,1073740800.0,1.0,0.01135702784936219,0.011778359990239663,1180.0,0.0,-1.0,-1.0,0.9996862798937005,0.9695950480857485,10.0,0.023449721137260016,0.055449579860759386,0.05809230995842543
1521.0,1.0,7.0,1073740800.0,1073740800.0,1.0,0.011357027849362197,0.01177835999023965,1181.0,1.0,-1.0,-1.0,0.9996862798937005,0.9695950480857485,10.0,0.023449721137260016,0.05542854477497521,0.05807108319162171
1522.0,1.0,9.0,1073740800.0,1073740800.0,1.0,0.011357027849362204,0.011778359990239642,1182.0,0.0,-1.0,-1.0,0.9996862798937005,0.9695950480857485,10.0,0.023449721137260016,0.05540750968919106,0.058049856424817615
1523.0,1.0,6.0,1073740800.0,1073740800.0,1.0,0.011357027849362211,0.011778359990239635,1183.0,1.0,-1.0,-1.0,0.9996862798937005,0.9695950480857485,10.0,0.023449721137260016,0.05538647460340689,0.05802862965801317
1524.0,1.0,1.0,1073740800.0,1073740800.0,1.0,0.011357027849362218,0.011778359990239642,1184.0,0.0,-1.0,-1.0,0.9996862798937005,0.9695950480857485,10.0,0.023449721137260016,0.05536543951762274,0.05800740289120834
1525.0,1.0,0.0,1073740800.0,1073740800.0,1.0,0.011357027849362225,0.011778359990239635,1185.0,1.0,-1.0,-1.0,0.867541277643506,0.06874293104515919,10.0,0.023449721137260016,0.05469952266047777,0.05511301060982401
1526.0,1.0,10.0,1073740800.0,1073740800.0,1.0,0.011357027849362232,0.011778359990239635,1186.0,2.0,-1.0,-1.0,0.9996811680298321,0.9730334464906178,10.0,0.023449721137260016,0.05532520466875495,0.057964708363263395
1527.0,1.0,5.0,1073740800.0,1073740800.0,1.0,0.011357027849362225,0.011778359990239629,1187.0,0.0,-1.0,-1.0,0.999686279757283,0.9696008543925715,10.0,0.023449721137260016,0.05530233761904159,0.057943722736193234
1528.0,1.0,6.0,1073740800.0,1073740800.0,1.0,0.011357027849362225,0.011778359990239622,1188.0,0.0,-1.0,-1.0,0.999686279893697,0.9695950435186619,10.0,0.023449721137260016,0.055281299172507826,0.05792249582399427
1529.0,1.0,3.0,1073740800.0,1073740800.0,1.0,0.011357027849362232,0.011778359990239615,1189.0,0.0,-1.0,-1.0,0.9996862798937004,0.9695950480830628,10.0,0.023449721137260016,0.05526026408870046,0.05790126905717852
1530.0,1.0,3.0,1073740800.0,1073740800.0,1.0,0.011357027849362232,0.011778359990239615,1190.0,0.0,-1.0,-1.0,0.9996862798937005,0.969595048085753,10.0,0.023449721137260016,0.05523922900291773,0.05788004229037139
1531.0,1.0,7.0,1073740800.0,1073740800.0,1.0,0.011357027849362232,0.011778359990239615,1191.0,1.0,-1.0,-1.0,0.9996862798937005,0.9695950480857485,10.0,0.023449721137260016,0.05521819391713356,0.05785881552356387
1532.0,1.0,5.0,1073740800.0,1073740800.0,1.0,0.011357027849362239,0.011778359990239622,1192.0,0.0,-1.0,-1.0,0.9996862798937005,0.9695950480857485,10.0,0.023449721137260016,0.0551971588313494,0.05783758875675594
1533.0,1.0,2.0,1073740800.0,1073740800.0,1.0,0.011357027849362239,0.011778359990239622,1193.0,0.0,-1.0,-1.0,0.9996862798937005,0.9695950480857485,10.0,0.023449721137260016,0.055176123745565235,0.0578163619899476
1534.0,1.0,6.0,1073740800.0,1073740800.0,1.0,0.011357027849362246,0.011778359990239622,1194.0,0.0,-1.0,-1.0,0.9996862798937005,0.9695950480857485,10.0,0.023449721137260016,0.055155088659781075,0.05779513522313885
1535.0,1.0,2.0,1073740800.0,1073740800.0,1.0,0.011357027849362246,0.011778359990239608,1195.0,1.0,-1.0,-1.0,0.9996862798937005,0.9695950480857485,10.0,0.023449721137260016,0.05513405357399691,0.0577739084563297
1536.0,1.0,8.0,1073740800.0,1073740800.0,1.0,0.011357027849362246,0.0117783599902396,1196.0,3.0,-1.0,-1.0,0.9996862798937005,0.9695950480857485,10.0,0.023449721137260016,0.055113018488212734,0.057752681689520136
1537.0,1.0,14.0,1073740800.0,1073740800.0,1.0,0.011357027849362253,0.011778359990239594,1197.0,0.0,-1.0,-1.0,0.9996862798937005,0.9695950480857485,10.0,0.023449721137260016,0.055091983402428574,0.05773145492271014
1538.0,1.0,8.0,1073740800.0,1073740800.0,1.0,0.011357027849362253,0.011778359990239594,1198.0,0.0,-1.0,-1.0,0.9996862798937005,0.9695950480857485,10.0,0.023449721137260016,0.05507094831664441,0.057710228155899726
1539.0,1.0,5.0,1073740800.0,1073740800.0,1.0,0.01135702784936226,0.011778359990239594,1199.0,0.0,-1.0,-1.0,0.9996862798937005,0.9695950480857485,10.0,0.023449721137260016,0.05504991323086025,0.05768900138908888
1540.0,1.0,3.0,1073740800.0,1073740800.0,1.0,0.01135702784936226,0.011778359990239594,1200.0,1.0,-1.0,-1.0,0.9996862798937005,0.9695950480857485,10.0,0.023449721137260016,0.05502887814507608,0.05766777462227761
1541.0,1.0,9.0,1073740800.0,1073740800.0,1.0,0.011357027849362267,0.011778359990239587,1201.0,3.0,-1.0,-1.0,0.9996862798937005,0.9695950480857485,10.0,0.023449721137260016,0.055007843059291926,0.05764654785546589
1542.0,1.0,9.0,1073740800.0,1073740800.0,1.0,0.011357027849362274,0.011778359990239587,1202.0,1.0,-1.0,-1.0,0.9996862798937005,0.9695950480857485,10.0,0.023449721137260016,0.05498680797350776,0.05762532108865372
1543.0,1.0,9.0,1073740800.0,1073740800.0,1.0,0.01135702784936228,0.01177835999023958,1203.0,1.0,-1.0,-1.0,0.9996862798937005,0.9695950480857485,10.0,0.023449721137260016,0.054965772887723606,0.05760409432184112
1544.0,1.0,6.0,1073740800.0,1073740800.0,1.0,0.011357027849362288,0.01177835999023958,1204.0,0.0,-1.0,-1.0,0.9996862798937005,0.9695950480857485,10.0,0.023449721137260016,0.05494473780193944,0.05758286755502807
1545.0,1.0,5.0,1073740800.0,1073740800.0,1.0,0.011357027849362294,0.011778359990239573,1205.0,0.0,-1.0,-1.0,0.9996862798937005,0.9695950480857485,10.0,0.023449721137260016,0.05492370271615528,0.05756164078821456
1546.0,1.0,0.0,1073740800.0,1073740800.0,1.0,0.011357027849362301,0.011778359990239566,1206.0,0.0,-1.0,-1.0,0.867541277643506,0.06874293104515919,10.0,0.023449721137260016,0.05425778585901031,0.0546688470834656
1547.0,1.0,0.0,1073740800.0,1073740800.0,2.0,0.011357027849362301,0.011778359990239573,1207.0,0.0,-1.0,-1.0,0.014204893595178028,0.008388570143134403,10.0,0.023449721137260016,0.053157869770112005,0.054504788039300006
1549.0,2.0,0.0,1073740800.0,1073740800.0,2.0,0.011355694381495356,0.01177786225464883,1208.0,0.0,-1.0,-1.0,8.322821131341495e-05,0.008247717015336387,28.0,0.023449721137260016,0.05311080819990463,0.054461394631408984
1551.0,2.0,0.0,1073740800.0,1073740800.0,2.0,0.011354371633854506,0.01177739758128609,1209.0,0.0,-1.0,-1.0,8.315965605345438e-05,0.00824771634159882,29.0,0.023449721137260016,0.053068129326669725,0.054418310191991524
1553.0,2.0,0.0,1073740800.0,1073740800.0,2.0,0.011353048886264934,0.011776932908081655,1210.0,0.0,-1.0,-1.0,8.315965572534506e-05,0.0082477163415956,29.0,0.023449721137260016,0.05302545047443292,0.05437522575405284
1555.0,2.0,0.0,1073740800.0,1073740800.0,2.0,0.01135172613867537,0.011776488906539144,1211.0,0.0,-1.0,-1.0,8.315965572534348e-05,0.0082477163415956,29.0,0.023449721137260016,0.05298277162219822,0.05433214131611417
1557.0,2.0,0.0,1073740800.0,1073740800.0,2.0,0.01135040339108579,0.011776069811264597,1212.0,0.0,-1.0,-1.0,8.315965572534348e-05,0.0082477163415956,29.0,0.023449721137260016,0.05294009276996555,0.0542890568781755
1559.0,2.0,0.0,1073740800.0,1073740800.0,2.0,0.011349080643496219,0.01177565071599005,1213.0,0.0,-1.0,-1.0,8.315965572534348e-05,0.0082477163415956,29.0,0.023449721137260016,0.05289741391773497,0.05424597244023683
1561.0,2.0,0.0,1073740800.0,1073740800.0,2.0,0.011347757895906647,0.011775231620715504,1214.0,0.0,-1.0,-1.0,8.315965572534348e-05,0.0082477163415956,29.0,0.023449721137260016,0.0528547350655065,0.05420288800229816
1563.0,2.0,0.0,1073740800.0,1073740800.0,2.0,0.011346435148317076,0.01177481252544095,1215.0,0.0,-1.0,-1.0,8.315965572534348e-05,0.0082477163415956,29.0,0.023449721137260016,0.0528120562132802,0.054159803564359496
1565.0,2.0,0.0,1073740800.0,1073740800.0,2.0,0.011345112400727511,0.01177439343016641,1216.0,0.0,-1.0,-1.0,8.315965572534348e-05,0.0082477163415956,29.0,0.023449721137260016,0.0527693773610561,0.054116719126420826
1567.0,2.0,0.0,1073740800.0,1073740800.0,2.0,0.01134378965313794,0.01177397433489185,1217.0,0.0,-1.0,-1.0,8.315965572534348e-05,0.0082477163415956,29.0,0.023449721137260016,0.05272669850883424,0.05407363468848215
1569.0,2.0,0.0,1073740800.0,1073740800.0,2.0,0.011342466905548368,0.01177355523961729,1218.0,0.0,-1.0,-1.0,8.315965572534348e-05,0.0082477163415956,29.0,0.023449721137260016,0.05268401965661467,0.05403055025054348
1571.0,2.0,0.0,1073740800.0,1073740800.0,2.0,0.011341144157958796,0.011773136144342736,1219.0,0.0,-1.0,-1.0,8.315965572534348e-05,0.0082477163415956,29.0,0.023449721137260016,0.05264134080439744,0.05398746581260481
1573.0,2.0,0.0,1073740800.0,1073740800.0,2.0,0.011339821410369225,0.011772717049068175,1220.0,0.0,-1.0,-1.0,8.315965572534348e-05,0.0082477163415956,29.0,0.023449721137260016,0.05259866195218258,0.05394438137466614
1575.0,2.0,0.0,1073740800.0,1073740800.0,2.0,0.01133849866277966,0.011772297953793621,1221.0,0.0,-1.0,-1.0,8.315965572534348e-05,0.0082477163415956,29.0,0.023449721137260016,0.052555983099970144,0.053901296936727475
1577.0,2.0,0.0,1073740800.0,1073740800.0,2.0,0.011337175915190081,0.011771878858519068,1222.0,0.0,-1.0,-1.0,8.315965572534348e-05,0.0082477163415956,29.0,0.023449721137260016,0.052513304247760184,0.05385821249878881
1579.0,2.0,0.0,1073740800.0,1073740800.0,2.0,0.01133585316760051,0.011771459763244521,1223.0,0.0,-1.0,-1.0,8.315965572534348e-05,0.0082477163415956,29.0,0.023449721137260016,0.05247062539555276,0.053815128060850134
1581.0,2.0,0.0,1073740800.0,1073740800.0,2.0,0.011334530420010931,0.011771040667969968,1224.0,0.0,-1.0,-1.0,8.315965572534348e-05,0.0082477163415956,29.0,0.023449721137260016,0.05242794654334789,0.05377204362291146
1583.0,2.0,0.0,1073740800.0,1073740800.0,2.0,0.01133320767242136,0.011770621572695414,1225.0,0.0,-1.0,-1.0,8.315965572534348e-05,0.0082477163415956,29.0,0.023449721137260016,0.05238526769114564,0.05372895918497279
1585.0,2.0,0.0,1073740800.0,1073740800.0,2.0,0.011331884924831795,0.01177020247742086,1226.0,0.0,-1.0,-1.0,8.315965572534348e-05,0.0082477163415956,29.0,0.023449721137260016,0.052342588838946075,0.053685874747034124
1587.0,2.0,0.0,1073740800.0,1073740800.0,2.0,0.011330562177242223,0.011769783382146314,1227.0,0.0,-1.0,-1.0,8.315965572534348e-05,0.0082477163415956,29.0,0.023449721137260016,0.05229990998674923,0.05364279030909545
1589.0,2.0,0.0,1073740800.0,1073740800.0,2.0,0.011329239429652652,0.01176936428687176,1228.0,0.0,-1.0,-1.0,8.315965572534348e-05,0.0082477163415956,29.0,0.023449721137260016,0.05225723113455516,0.05359970587115678
1591.0,2.0,0.0,1073740800.0,1073740800.0,2.0,0.01132791668206308,0.0117689451915972,1229.0,0.0,-1.0,-1.0,8.315965572534348e-05,0.0082477163415956,29.0,0.023449721137260016,0.05221455228236393,0.05355662143321812
1593.0,2.0,0.0,1073740800.0,1073740800.0,2.0,0.011326593934473515,0.011768526096322646,1230.0,0.0,-1.0,-1.0,8.315965572534348e-05,0.0082477163415956,29.0,0.023449721137260016,0.052171873430175576,0.05351353699527944
1595.0,2.0,0.0,1073740800.0,1073740800.0,2.0,0.011325271186883937,0.011768107001048092,1231.0,0.0,-1.0,-1.0,8.315965572534348e-05,0.0082477163415956,29.0,0.023449721137260016,0.05212919457799017,0.05347045255734077
1597.0,2.0,0.0,1073740800.0,1073740800.0,2.0,0.011323948439294365,0.011767687905773538,1232.0,0.0,-1.0,-1.0,8.315965572534348e-05,0.0082477163415956,29.0,0.023449721137260016,0.05208651572580778,0.0534273681194021
1599.0,2.0,0.0,1073740800.0,1073740800.0,2.0,0.0113226256917048,0.011767268810498992,1233.0,0.0,-1.0,-1.0,8.315965572534348e-05,0.0082477163415956,29.0,0.023449721137260016,0.05204383687362844,0.05338428368146343
1601.0,2.0,0.0,1073740800.0,1073740800.0,2.0,0.011321302944115229,0.011766849715224445,1234.0,0.0,-1.0,-1.0,8.315965572534348e-05,0.0082477163415956,29.0,0.023449721137260016,0.05200115802145222,0.05334119924352476
1603.0,2.0,0.0,1073740800.0,1073740800.0,2.0,0.011319980196525664,0.011766430619949898,1235.0,0.0,-1.0,-1.0,8.315965572534348e-05,0.0082477163415956,29.0,0.023449721137260016,0.05195847916927918,0.0532981148055861
1605.0,2.0,0.0,1073740800.0,1073740800.0,2.0,0.011318657448936086,0.011766011524675352,1236.0,0.0,-1.0,-1.0,8.315965572534348e-05,0.0082477163415956,29.0,0.023449721137260016,0.05191580031710939,0.05325503036764743
1607.0,2.0,0.0,1073740800.0,1073740800.0,2.0,0.011317334701346507,0.011765592429400798,1237.0,0.0,-1.0,-1.0,8.315965572534348e-05,0.0082477163415956,29.0,0.023449721137260016,0.051873121464942905,0.05321194592970875
1609.0,2.0,0.0,1073740800.0,1073740800.0,2.0,0.011316011953756942,0.011765203715051256,1238.0,0.0,-1.0,-1.0,8.315965572534348e-05,0.0082477163415956,29.0,0.023449721137260016,0.051830442612779797,0.05316886149177008
1611.0,2.0,0.0,1073740800.0,1073740800.0,2.0,0.01131468920616737,0.011764827953511935,1239.0,0.0,-1.0,-1.0,8.315965572534348e-05,0.0082477163415956,29.0,0.023449721137260016,0.05178776376062013,0.05312577705383141
1613.0,2.0,0.0,1073740800.0,1073740800.0,2.0,0.011313366458577806,0.011764452191972627,1240.0,0.0,-1.0,-1.0,8.315965572534348e-05,0.0082477163415956,29.0,0.023449721137260016,0.05174508490846397,0.05308269261589274
1615.0,2.0,0.0,1073740800.0,1073740800.0,2.0,0.011312043710988234,0.01176407643043332,1241.0,0.0,-1.0,-1.0,8.315965572534348e-05,0.0082477163415956,29.0,0.023449721137260016,0.051702406056311365,0.05303960817795408
1617.0,2.0,0.0,1073740800.0,1073740800.0,2.0,0.011310720963398663,0.011763700668894018,1242.0,0.0,-1.0,-1.0,8.315965572534348e-05,0.0082477163415956,29.0,0.023449721137260016,0.05165972720416241,0.052996523740015414
1619.0,2.0,0.0,1073740800.0,1073740800.0,2.0,0.011309398215809091,0.011763324907354704,1243.0,0.0,-1.0,-1.0,8.315965572534348e-05,0.0082477163415956,29.0,0.023449721137260016,0.05161704835201718,0.05295343930207674
1621.0,2.0,0.0,1073740800.0,1073740800.0,2.0,0.011308075468219513,0.011762949145815382,1244.0,0.0,-1.0,-1.0,8.315965572534348e-05,0.0082477163415956,29.0,0.023449721137260016,0.05157436949987573,0.05291035486413806
1623.0,2.0,0.0,1073740800.0,536869888.0,2.0,0.011391429442324977,0.01176257338427606,1245.0,0.0,2.0,2.0,8.315965572534348e-05,0.0082477163415956,29.0,0.023449721137260016,0.051531690647738146,0.05286727042619939
1625.0,2.0,0.0,536869888.0,536869888.0,2.0,0.011390180643550372,0.011762197622736753,1246.0,0.0,-1.0,-1.0,8.315965572534348e-05,0.0082477163415956,29.0,0.023449721137260016,0.05148901179560451,0.052824185988260726
1627.0,2.0,0.0,536869888.0,536869888.0,2.0,0.011388931844775768,0.011761821861197445,1247.0,0.0,-1.0,-1.0,8.315965572534348e-05,0.0082477163415956,29.0,0.023449721137260016,0.05144633294347488,0.052781101550322056
1629.0,2.0,0.0,536869888.0,536869888.0,2.0,0.011387683046001157,0.011761446099658145,1248.0,0.0,-1.0,-1.0,8.315965572534348e-05,0.0082477163415956,29.0,0.023449721137260016,0.05140365409134934,0.052738017112383385
1631.0,2.0,0.0,536869888.0,536869888.0,2.0,0.011386434247226553,0.01176107033811883,1249.0,0.0,-1.0,-1.0,8.315965572534348e-05,0.0082477163415956,29.0,0.023449721137260016,0.051360975239227974,0.052694932674444715
1633.0,2.0,0.0,536869888.0,536869888.0,2.0,0.011385185448451948,0.011760694576579508,1250.0,0.0,-1.0,-1.0,8.315965572534348e-05,0.0082477163415956,29.0,0.023449721137260016,0.05131829638711087,0.05265184823650604
1635.0,2.0,0.0,536869888.0,536869888.0,2.0,0.011383936649677337,0.011760318815040187,1251.0,0.0,-1.0,-1.0,8.315965572534348e-05,0.0082477163415956,29.0,0.023449721137260016,0.0512756175349981,0.05260876379856737
1637.0,2.0,0.0,536869888.0,536869888.0,2.0,0.011382687850902719,0.011759943053500872,1252.0,0.0,-1.0,-1.0,8.315965572534348e-05,0.0082477163415956,29.0,0.023449721137260016,0.05123293868288975,0.0525656793606287
1639.0,2.0,0.0,536869888.0,536869888.0,2.0,0.011381439052128108,0.011759567291961565,1253.0,0.0,-1.0,-1.0,8.315965572534348e-05,0.0082477163415956,29.0,0.023449721137260016,0.051190259830785914,0.05252259492269003
1641.0,2.0,0.0,536869888.0,536869888.0,2.0,0.011380190253353482,0.011759191530422264,1254.0,0.0,-1.0,-1.0,8.315965572534348e-05,0.0082477163415956,29.0,0.023449721137260016,0.05114758097868668,0.05247951048475136
1643.0,2.0,0.0,536869888.0,536869888.0,2.0,0.011378941454578878,0.01175881576888295,1255.0,0.0,-1.0,-1.0,8.315965572534348e-05,0.0082477163415956,29.0,0.023449721137260016,0.05110490212659213,0.052436426046812694
1645.0,2.0,0.0,536869888.0,536869888.0,2.0,0.011377692655804274,0.01175844000734362,1256.0,0.0,-1.0,-1.0,8.315965572534348e-05,0.0082477163415956,29.0,0.023449721137260016,0.051062223274502355,0.052393341608874024
1647.0,2.0,0.0,536869888.0,536869888.0,2.0,0.011376443857029662,0.0117580642458043,1257.0,0.0,-1.0,-1.0,8.315965572534348e-05,0.0082477163415956,29.0,0.023449721137260016,0.05101954442241745,0.052350257170935346
1649.0,2.0,0.0,536869888.0,536869888.0,2.0,0.011375195058255058,0.011757688484264985,1258.0,0.0,-1.0,-1.0,8.315965572534348e-05,0.0082477163415956,29.0,0.023449721137260016,0.05097686557033752,0.052307172732996676
1651.0,2.0,0.0,536869888.0,536869888.0,2.0,0.011373946259480454,0.011757312722725677,1259.0,0.0,-1.0,-1.0,8.315965572534348e-05,0.0082477163415956,29.0,0.023449721137260016,0.05093418671826266,0.052264088295058006
1653.0,2.0,0.0,536869888.0,536869888.0,2.0,0.011372697460705843,0.011756936961186376,1260.0,0.0,-1.0,-1.0,8.315965572534348e-05,0.0082477163415956,29.0,0.023449721137260016,0.05089150786619296,0.052221003857119336
1655.0,2.0,0.0,536869888.0,536869888.0,2.0,0.011371448661931238,0.011756594221001268,1261.0,0.0,-1.0,-1.0,8.315965572534348e-05,0.0082477163415956,29.0,0.023449721137260016,0.05084882901412854,0.05217791941918067
1657.0,2.0,0.0,536869888.0,536869888.0,2.0,0.011370199863156634,0.011756259525609603,1262.0,0.0,-1.0,-1.0,8.315965572534348e-05,0.0082477163415956,29.0,0.023449721137260016,0.05080615016206948,0.05213483498124201
1659.0,2.0,0.0,536869888.0,536869888.0,2.0,0.011368951064382023,0.01175592483021793,1263.0,0.0,-1.0,-1.0,8.315965572534348e-05,0.0082477163415956,29.0,0.023449721137260016,0.05076347131001589,0.05209175054330333
1661.0,2.0,0.0,536869888.0,536869888.0,2.0,0.011367702265607404,0.011755590134826265,1264.0,0.0,-1.0,-1.0,8.315965572534348e-05,0.0082477163415956,29.0,0.023449721137260016,0.0507207924579679,0.052048666105364655
1663.0,2.0,0.0,536869888.0,536869888.0,2.0,0.011366453466832786,0.011755255439434592,1265.0,0.0,-1.0,-1.0,8.315965572534348e-05,0.0082477163415956,29.0,0.023449721137260016,0.050678113605925584,0.05200558166742599
1665.0,2.0,0.0,536869888.0,536869888.0,2.0,0.011365204668058168,0.01175492074404292,1266.0,0.0,-1.0,-1.0,8.315965572534348e-05,0.0082477163415956,29.0,0.023449721137260016,0.050635434753889076,0.05196249722948733
1667.0,2.0,0.0,536869888.0,536869888.0,2.0,0.011363955869283564,0.011754586048651247,1267.0,0.0,-1.0,-1.0,8.315965572534348e-05,0.0082477163415956,29.0,0.023449721137260016,0.05059275590185847,0.05191941279154866
1669.0,2.0,0.0,536869888.0,536869888.0,2.0,0.01136270707050896,0.011754251353259589,1268.0,0.0,-1.0,-1.0,8.315965572534348e-05,0.0082477163415956,29.0,0.023449721137260016,0.050550077049833914,0.05187632835360999
1671.0,2.0,0.0,536869888.0,536869888.0,2.0,0.011361458271734348,0.011753916657867923,1269.0,0.0,-1.0,-1.0,8.315965572534348e-05,0.0082477163415956,29.0,0.023449721137260016,0.0505073981978155,0.05183324391567132
1673.0,2.0,0.0,536869888.0,536869888.0,2.0,0.011360209472959744,0.011753581962476244,1270.0,0.0,-1.0,-1.0,8.315965572534348e-05,0.0082477163415956,29.0,0.023449721137260016,0.05046471934580337,0.05179015947773265
1675.0,2.0,0.0,536869888.0,536869888.0,2.0,0.01135896067418514,0.011753247267084564,1271.0,0.0,-1.0,-1.0,8.315965572534348e-05,0.0082477163415956,29.0,0.023449721137260016,0.05042204049379762,0.05174707503979398
1677.0,2.0,0.0,536869888.0,536869888.0,2.0,0.011357711875410528,0.011752912571692899,1272.0,0.0,-1.0,-1.0,8.315965572534348e-05,0.0082477163415956,29.0,0.023449721137260016,0.0503793616417984,0.05170399060185531
1679.0,2.0,0.0,536869888.0,536869888.0,2.0,0.011356463076635924,0.01175257787630124,1273.0,0.0,-1.0,-1.0,8.315965572534348e-05,0.0082477163415956,29.0,0.023449721137260016,0.05033668278980581,0.05166090616391664
1681.0,2.0,0.0,536869888.0,536869888.0,2.0,0.01135521427786132,0.011752243180909575,1274.0,0.0,-1.0,-1.0,8.315965572534348e-05,0.0082477163415956,29.0,0.023449721137260016,0.050294003937820006,0.051617821725977966
1683.0,2.0,0.0,536869888.0,536869888.0,2.0,0.011353965479086708,0.011751908485517895,1275.0,0.0,-1.0,-1.0,8.315965572534348e-05,0.0082477163415956,29.0,0.023449721137260016,0.050251325085841105,0.05157473728803931
1685.0,2.0,0.0,536869888.0,536869888.0,5.0,0.01135271668031209,0.011751573790126223,1276.0,0.0,-1.0,-1.0,8.315965572534348e-05,0.0082477163415956,29.0,0.023449721137260016,0.05020864623386925,0.05153165285010064
1690.0,5.0,0.0,536869888.0,536869888.0,5.0,0.011323082698052128,0.011744222779641406,1277.0,0.0,-1.0,-1.0,8.315965572541127e-05,0.008247716341804077,12.0,0.023449721137260016,0.05009688499676749,0.05140614519770296
1695.0,5.0,0.0,536869888.0,536869888.0,5.0,0.01129344871579211,0.011738266201231244,1278.0,0.0,-1.0,-1.0,8.315965572541127e-05,0.008247716341804075,12.0,0.023449721137260016,0.04998512375971283,0.05128145179778585
1700.0,5.0,0.0,536869888.0,536869888.0,5.0,0.011263814733532093,0.011732638797012099,1279.0,0.0,-1.0,-1.0,8.315965572541127e-05,0.008247716341804077,12.0,0.023449721137260016,0.04987336252270763,0.05115675839786875
1705.0,5.0,0.0,536869888.0,536869888.0,5.0,0.011234180751272076,0.01172701139279294,1280.0,0.0,-1.0,-1.0,8.315965572541127e-05,0.008247716341804077,12.0,0.023449721137260016,0.04976160128575434,0.05103206499795165
1710.0,5.0,0.0,536869888.0,536869888.0,5.0,0.011204546769012044,0.011721383988573801,1281.0,0.0,-1.0,-1.0,8.315965572541127e-05,0.008247716341804077,12.0,0.023449721137260016,0.04964984004885554,0.050907371598034545
1715.0,5.0,0.0,536869888.0,536869888.0,5.0,0.011174912786751999,0.011715756584354649,1282.0,0.0,-1.0,-1.0,8.315965572541127e-05,0.008247716341804077,12.0,0.023449721137260016,0.04953807881201393,0.05078267819811744
1720.0,5.0,0.0,536869888.0,536869888.0,5.0,0.011145278804491975,0.011710129180135496,1283.0,0.0,-1.0,-1.0,8.315965572541127e-05,0.008247716341804077,12.0,0.023449721137260016,0.04942631757523236,0.05065798479820034
1725.0,5.0,0.0,536869888.0,268434432.0,5.0,0.01120274584941363,0.011704501775916344,1284.0,0.0,5.0,5.0,8.315965572541127e-05,0.008247716341804077,12.0,0.023449721137260016,0.049314556338513796,0.05053329139828324
1730.0,5.0,0.0,268434432.0,268434432.0,5.0,0.01117472174451866,0.011698874371697185,1285.0,0.0,-1.0,-1.0,8.315965572541127e-05,0.008247716341804077,12.0,0.023449721137260016,0.049202795101861374,0.05040859799836614
1735.0,5.0,0.0,268434432.0,268434432.0,5.0,0.011146697639623691,0.011693246967478019,1286.0,0.0,-1.0,-1.0,8.315965572541127e-05,0.008247716341804077,12.0,0.023449721137260016,0.049091033865278376,0.05028496944408004
1740.0,5.0,0.0,268434432.0,268434432.0,5.0,0.011118673534728729,0.011687619563258873,1287.0,0.0,-1.0,-1.0,8.315965572541127e-05,0.008247716341804077,12.0,0.023449721137260016,0.048979272628768264,0.05016159424676548
1745.0,5.0,0.0,268434432.0,268434432.0,5.0,0.011090649429833732,0.011681992159039735,1288.0,0.0,-1.0,-1.0,8.315965572541127e-05,0.008247716341804077,12.0,0.023449721137260016,0.04886751139233463,0.050038219049450904
1750.0,5.0,0.0,268434432.0,268434432.0,5.0,0.011062625324938728,0.011676364754820576,1289.0,0.0,-1.0,-1.0,8.315965572541127e-05,0.008247716341804077,12.0,0.023449721137260016,0.04875575015598129,0.04991484385213635
1755.0,5.0,0.0,268434432.0,268434432.0,5.0,0.011034601220043745,0.01167073735060143,1290.0,0.0,-1.0,-1.0,8.315965572541127e-05,0.008247716341804077,12.0,0.023449721137260016,0.04864398891971222,0.049791468654821786
1760.0,5.0,8.0,268434432.0,268434432.0,1.0,0.011006577115148769,0.011665109946382285,1291.0,2.0,-1.0,-1.0,0.9195271168608681,0.9200949295447014,12.0,0.023449721137260016,0.05011290555271556,0.05283807461180542
1761.0,1.0,14.0,268434432.0,268434432.0,1.0,0.011006577115148776,0.011665109946382278,1292.0,0.0,-1.0,-1.0,0.9996838039462109,0.9696181658632155,10.0,0.023449721137260016,0.05012460650210839,0.05287663292745508
1762.0,1.0,4.0,268434432.0,268434432.0,1.0,0.011006577115148776,0.011665109946382278,1293.0,0.0,-1.0,-1.0,0.9996862798292867,0.9695950784340946,10.0,0.023449721137260016,0.050103535258356785,0.05285540466297265
1763.0,1.0,7.0,268434432.0,268434432.0,1.0,0.011006577115148776,0.011665109946382278,1294.0,3.0,-1.0,-1.0,0.999686279893699,0.9695950480580318,10.0,0.023449721137260016,0.05008247397770246,0.05283417789478778
1764.0,1.0,10.0,268434432.0,268434432.0,1.0,0.011006577115148783,0.011665109946382278,1295.0,1.0,-1.0,-1.0,0.9996862798937005,0.9695950480857358,10.0,0.023449721137260016,0.050061412710716485,0.052812951127627655
1765.0,1.0,10.0,268434432.0,268434432.0,1.0,0.011006577115148797,0.011665109946382285,1296.0,3.0,-1.0,-1.0,0.9996862798937005,0.9695950480857485,10.0,0.023449721137260016,0.05004035144372318,0.052791724360463706
1766.0,1.0,6.0,268434432.0,268434432.0,1.0,0.011006577115148804,0.011665109946382285,1297.0,0.0,-1.0,-1.0,0.9996862798937005,0.9695950480857485,10.0,0.023449721137260016,0.05001929017672986,0.05277049759329588
1767.0,1.0,3.0,268434432.0,268434432.0,1.0,0.01100657711514881,0.011665109946382285,1298.0,1.0,-1.0,-1.0,0.9996862798937005,0.9695950480857485,10.0,0.023449721137260016,0.049998228909736556,0.05274927082612415
1768.0,1.0,3.0,268434432.0,268434432.0,1.0,0.011006577115148818,0.011665109946382292,1299.0,0.0,-1.0,-1.0,0.9996862798937005,0.9695950480857485,10.0,0.023449721137260016,0.049977167642743243,0.05272804405894847
1769.0,1.0,7.0,268434432.0,268434432.0,1.0,0.011006577115148825,0.011665109946382292,1300.0,0.0,-1.0,-1.0,0.9996862798937005,0.9695950480857485,10.0,0.023449721137260016,0.049956106375749924,0.052706817291768814
1770.0,1.0,8.0,268434432.0,268434432.0,1.0,0.011006577115148831,0.011665109946382299,1301.0,0.0,-1.0,-1.0,0.9996862798937005,0.9695950480857485,10.0,0.023449721137260016,0.04993504510875662,0.05268559052458512
1771.0,1.0,8.0,268434432.0,268434432.0,1.0,0.011006577115148838,0.011665109946382299,1302.0,0.0,-1.0,-1.0,0.9996862798937005,0.9695950480857485,10.0,0.023449721137260016,0.04991398384176331,0.05266436375739737
1772.0,1.0,5.0,268434432.0,268434432.0,1.0,0.011006577115148845,0.011665109946382306,1303.0,0.0,-1.0,-1.0,0.9996862798937005,0.9695950480857485,10.0,0.023449721137260016,0.04989292257476999,0.05264313699020552
1773.0,1.0,3.0,268434432.0,268434432.0,1.0,0.011006577115148852,0.011665109946382313,1304.0,0.0,-1.0,-1.0,0.9996862798937005,0.9695950480857485,10.0,0.023449721137260016,0.04987186130777668,0.05262191022300953
1774.0,1.0,10.0,268434432.0,268434432.0,1.0,0.01100657711514886,0.011665109946382313,1305.0,0.0,-1.0,-1.0,0.9996862798937005,0.9695950480857485,10.0,0.023449721137260016,0.04985080004078337,0.05260068345580935
1775.0,1.0,12.0,268434432.0,268434432.0,1.0,0.011006577115148866,0.011665109946382327,1306.0,1.0,-1.0,-1.0,0.9996862798937005,0.9695950480857485,10.0,0.023449721137260016,0.04982973877379005,0.05257945668860495
1776.0,1.0,3.0,268434432.0,268434432.0,1.0,0.011006577115148866,0.011665109946382327,1307.0,1.0,-1.0,-1.0,0.9996862798937005,0.9695950480857485,10.0,0.023449721137260016,0.04980867750679674,0.052558229921396284
1777.0,1.0,3.0,268434432.0,268434432.0,1.0,0.011006577115148866,0.011665109946382334,1308.0,1.0,-1.0,-1.0,0.9996862798937005,0.9695950480857485,10.0,0.023449721137260016,0.04978761623980342,0.052537003154183304
1778.0,1.0,10.0,268434432.0,268434432.0,1.0,0.011006577115148866,0.011665109946382334,1309.0,0.0,-1.0,-1.0,0.9996862798937005,0.9695950480857485,10.0,0.023449721137260016,0.049766554972810094,0.05251577638696598
1779.0,1.0,9.0,268434432.0,268434432.0,1.0,0.011006577115148866,0.01166510994638234,1310.0,0.0,-1.0,-1.0,0.9996862798937005,0.9695950480857485,10.0,0.023449721137260016,0.04974549370581679,0.052494549619744264
1780.0,1.0,5.0,268434432.0,268434432.0,1.0,0.011006577115148866,0.01166510994638234,1311.0,2.0,-1.0,-1.0,0.9996862798937005,0.9695950480857485,10.0,0.023449721137260016,0.049724432438823477,0.052473322852518114
1781.0,1.0,4.0,268434432.0,268434432.0,1.0,0.011006577115148866,0.011665109946382347,1312.0,0.0,-1.0,-1.0,0.9996862798937005,0.9695950480857485,10.0,0.023449721137260016,0.04970337117183016,0.05245209608528748
1782.0,1.0,7.0,268434432.0,268434432.0,1.0,0.011006577115148866,0.011665109946382347,1313.0,0.0,-1.0,-1.0,0.9996862798937005,0.9695950480857485,10.0,0.023449721137260016,0.04968230990483685,0.052430869318052326
1783.0,1.0,6.0,268434432.0,268434432.0,1.0,0.011006577115148866,0.011665109946382347,1314.0,0.0,-1.0,-1.0,0.9996862798937005,0.9695950480857485,10.0,0.023449721137260016,0.04966124863784354,0.05240964255081262
1784.0,1.0,5.0,268434432.0,268434432.0,1.0,0.011006577115148866,0.011665109946382354,1315.0,1.0,-1.0,-1.0,0.9996862798937005,0.9695950480857485,10.0,0.023449721137260016,0.04964018737085022,0.052388415783568294
1785.0,1.0,6.0,268434432.0,268434432.0,1.0,0.011006577115148866,0.011665109946382354,1316.0,2.0,-1.0,-1.0,0.9996862798937005,0.9695950480857485,10.0,0.023449721137260016,0.049619126103856916,0.052367189016319315
1786.0,1.0,4.0,268434432.0,268434432.0,1.0,0.011006577115148866,0.011665109946382361,1317.0,0.0,-1.0,-1.0,0.9996862798937005,0.9695950480857485,10.0,0.023449721137260016,0.0495980648368636,0.05234596224906564
1787.0,1.0,5.0,268434432.0,268434432.0,1.0,0.011006577115148873,0.011665109946382361,1318.0,0.0,-1.0,-1.0,0.9996862798937005,0.9695950480857485,10.0,0.023449721137260016,0.04957700356987029,0.052324735481807216
1788.0,1.0,6.0,268434432.0,268434432.0,1.0,0.011006577115148873,0.011665109946382368,1319.0,1.0,-1.0,-1.0,0.9996862798937005,0.9695950480857485,10.0,0.023449721137260016,0.049555942302876986,0.052303508714544006
1789.0,1.0,3.0,268434432.0,268434432.0,1.0,0.01100657711514888,0.011665109946382368,1320.0,1.0,-1.0,-1.0,0.9996862798937005,0.9695950480857485,10.0,0.023449721137260016,0.049534881035883674,0.05228228194727596
1790.0,1.0,6.0,268434432.0,268434432.0,1.0,0.011006577115148894,0.011665109946382375,1321.0,0.0,-1.0,-1.0,0.9996862798937005,0.9695950480857485,10.0,0.023449721137260016,0.04951381976889036,0.05226105518000303
1791.0,1.0,5.0,268434432.0,268434432.0,1.0,0.0110065771151489,0.011665109946382375,1322.0,0.0,-1.0,-1.0,0.9996862798937005,0.9695950480857485,10.0,0.023449721137260016,0.049492758501897056,0.052239828412725155
1792.0,1.0,9.0,268434432.0,268434432.0,1.0,0.011006577115148908,0.011665109946382382,1323.0,0.0,-1.0,-1.0,0.9996862798937005,0.9695950480857485,10.0,0.023449721137260016,0.049471697234903744,0.05221860164544231
1793.0,1.0,10.0,268434432.0,268434432.0,1.0,0.011006577115148922,0.011665109946382389,1324.0,0.0,-1.0,-1.0,0.9996862798937005,0.9695950480857485,10.0,0.023449721137260016,0.04945063596791043,0.05219737487815443
1794.0,1.0,8.0,268434432.0,268434432.0,1.0,0.011006577115148929,0.011665109946382403,1325.0,3.0,-1.0,-1.0,0.9996862798937005,0.9695950480857485,10.0,0.023449721137260016,0.04942957470091713,0.05217614811086148
1795.0,1.0,10.0,268434432.0,268434432.0,1.0,0.011006577115148936,0.01166510994638241,1326.0,1.0,-1.0,-1.0,0.9996862798937005,0.9695950480857485,10.0,0.023449721137260016,0.049408513433923815,0.052154921343563386
1796.0,1.0,7.0,268434432.0,268434432.0,1.0,0.01100657711514895,0.01166510994638241,1327.0,0.0,-1.0,-1.0,0.9996862798937005,0.9695950480857485,10.0,0.023449721137260016,0.0493874521669305,0.052133694576260124
1797.0,1.0,8.0,268434432.0,268434432.0,1.0,0.011006577115148956,0.011665109946382417,1328.0,1.0,-1.0,-1.0,0.9996862798937005,0.9695950480857485,10.0,0.023449721137260016,0.0493663908999372,0.05211246780895164
1798.0,1.0,9.0,268434432.0,268434432.0,1.0,0.011006577115148963,0.01166510994638243,1329.0,1.0,-1.0,-1.0,0.9996862798937005,0.9695950480857485,10.0,0.023449721137260016,0.049345329632943885,0.05209124104163788
1799.0,1.0,10.0,268434432.0,268434432.0,1.0,0.011006577115148977,0.011665109946382445,1330.0,1.0,-1.0,-1.0,0.9996862798937005,0.9695950480857485,10.0,0.023449721137260016,0.04932426836595057,0.05207001427431878
1800.0,1.0,5.0,268434432.0,268434432.0,1.0,0.011006577115148984,0.011665109946382451,1331.0,1.0,-1.0,-1.0,0.9996862798937005,0.9695950480857485,10.0,0.023449721137260016,0.04930320709895727,0.0520487875069943
1801.0,1.0,5.0,268434432.0,268434432.0,1.0,0.011006577115148991,0.011665109946382458,1332.0,0.0,-1.0,-1.0,0.9996862798937005,0.9695950480857485,10.0,0.023449721137260016,0.049282145831963955,0.052027560739664386
1802.0,1.0,10.0,268434432.0,268434432.0,1.0,0.011006577115149005,0.011665109946382465,1333.0,0.0,-1.0,-1.0,0.9996862798937005,0.9695950480857485,10.0,0.023449721137260016,0.04926108456497064,0.05200633397232899
1803.0,1.0,7.0,268434432.0,268434432.0,1.0,0.011006577115149012,0.01166510994638248,1334.0,0.0,-1.0,-1.0,0.9996862798937005,0.9695950480857485,10.0,0.023449721137260016,0.04924002329797734,0.05198510720498805
1804.0,1.0,6.0,268434432.0,268434432.0,1.0,0.011006577115149019,0.011665109946382486,1335.0,1.0,-1.0,-1.0,0.9996862798937005,0.9695950480857485,10.0,0.023449721137260016,0.049218962030984026,0.05196388043764151
1805.0,1.0,9.0,268434432.0,268434432.0,1.0,0.011006577115149026,0.011665109946382493,1336.0,1.0,-1.0,-1.0,0.9996862798937005,0.9695950480857485,10.0,0.023449721137260016,0.04919790076399071,0.05194265367028932
1806.0,1.0,7.0,268434432.0,268434432.0,1.0,0.011006577115149026,0.011665109946382493,1337.0,0.0,-1.0,-1.0,0.9996862798937005,0.9695950480857485,10.0,0.023449721137260016,0.049176839496997395,0.05192142690293143
1807.0,1.0,10.0,268434432.0,268434432.0,1.0,0.011006577115149026,0.011665109946382507,1338.0,1.0,-1.0,-1.0,0.9996862798937005,0.9695950480857485,10.0,0.023449721137260016,0.049155778230004075,0.05190020013556779
1808.0,1.0,6.0,268434432.0,268434432.0,1.0,0.011006577115149033,0.011665109946382514,1339.0,1.0,-1.0,-1.0,0.9996862798937005,0.9695950480857485,10.0,0.023449721137260016,0.04913471696301077,0.051878973368198314
1809.0,1.0,4.0,268434432.0,268434432.0,1.0,0.01100657711514904,0.01166510994638252,1340.0,0.0,-1.0,-1.0,0.9996862798937005,0.9695950480857485,10.0,0.023449721137260016,0.049113655696017465,0.05185774660082298
1810.0,1.0,6.0,268434432.0,268434432.0,1.0,0.01100657711514904,0.011665109946382528,1341.0,2.0,-1.0,-1.0,0.9996862798937005,0.9695950480857485,10.0,0.023449721137260016,0.04909259442902415,0.05183651983344171
1811.0,1.0,5.0,268434432.0,268434432.0,1.0,0.011006577115149047,0.011665109946382535,1342.0,2.0,-1.0,-1.0,0.9996862798937005,0.9695950480857485,10.0,0.023449721137260016,0.04907153316203085,0.05181529306605445
1812.0,1.0,7.0,268434432.0,268434432.0,1.0,0.011006577115149047,0.011665109946382542,1343.0,0.0,-1.0,-1.0,0.9996862798937005,0.9695950480857485,10.0,0.023449721137260016,0.049050471895037535,0.05179406629866114
1813.0,1.0,7.0,268434432.0,268434432.0,1.0,0.011006577115149047,0.011665109946382535,1344.0,1.0,-1.0,-1.0,0.9996862798937005,0.9695950480857485,10.0,0.023449721137260016,0.04902941062804422,0.05177283953126172
1814.0,1.0,5.0,268434432.0,268434432.0,1.0,0.011006577115149054,0.011665109946382535,1345.0,1.0,-1.0,-1.0,0.9996862798937005,0.9695950480857485,10.0,0.023449721137260016,0.04900834936105092,0.05175161276385614
1815.0,1.0,3.0,268434432.0,268434432.0,1.0,0.01100657711514906,0.011665109946382535,1346.0,0.0,-1.0,-1.0,0.9996862798937005,0.9695950480857485,10.0,0.023449721137260016,0.04898728809405761,0.051730385996444334
1816.0,1.0,4.0,268434432.0,268434432.0,1.0,0.01100657711514906,0.011665109946382528,1347.0,1.0,-1.0,-1.0,0.9996862798937005,0.9695950480857485,10.0,0.023449721137260016,0.0489662268270643,0.05170915922902624
1817.0,1.0,7.0,268434432.0,268434432.0,1.0,0.011006577115149067,0.011665109946382528,1348.0,1.0,-1.0,-1.0,0.9996862798937005,0.9695950480857485,10.0,0.023449721137260016,0.048945165560070995,0.05168793246160181
1818.0,1.0,10.0,268434432.0,268434432.0,1.0,0.011006577115149081,0.011665109946382535,1349.0,0.0,-1.0,-1.0,0.9996862798937005,0.9695950480857485,10.0,0.023449721137260016,0.04892410429307769,0.05166670569417097
1819.0,1.0,9.0,268434432.0,268434432.0,1.0,0.011006577115149088,0.011665109946382535,1350.0,2.0,-1.0,-1.0,0.9996862798937005,0.9695950480857485,10.0,0.023449721137260016,0.04890304302608438,0.05164547892673366
1820.0,1.0,5.0,268434432.0,268434432.0,1.0,0.011006577115149102,0.011665109946382535,1351.0,3.0,-1.0,-1.0,0.9996862798937005,0.9695950480857485,10.0,0.023449721137260016,0.04888198175909107,0.05162425215928981
1821.0,1.0,7.0,268434432.0,268434432.0,1.0,0.011006577115149116,0.011665109946382535,1352.0,0.0,-1.0,-1.0,0.9996862798937005,0.9695950480857485,10.0,0.023449721137260016,0.04886092049209777,0.05160302539183937
1822.0,1.0,6.0,268434432.0,268434432.0,1.0,0.011006577115149123,0.011665109946382542,1353.0,0.0,-1.0,-1.0,0.9996862798937005,0.9695950480857485,10.0,0.023449721137260016,0.048839859225104455,0.051581798624382266
1823.0,1.0,5.0,268434432.0,268434432.0,1.0,0.011006577115149137,0.011665109946382549,1354.0,0.0,-1.0,-1.0,0.9996862798937005,0.9695950480857485,10.0,0.023449721137260016,0.04881879795811115,0.051560571856918445
1824.0,1.0,7.0,268434432.0,268434432.0,1.0,0.01100657711514915,0.011665109946382549,1355.0,0.0,-1.0,-1.0,0.9996862798937005,0.9695950480857485,10.0,0.023449721137260016,0.048797736691117845,0.051539345089447824
1825.0,1.0,7.0,268434432.0,268434432.0,1.0,0.011006577115149158,0.011665109946382556,1356.0,2.0,-1.0,-1.0,0.9996862798937005,0.9695950480857485,10.0,0.023449721137260016,0.04877667542412453,0.05151811832197035
1826.0,1.0,8.0,268434432.0,268434432.0,1.0,0.011006577115149171,0.011665109946382556,1357.0,1.0,-1.0,-1.0,0.9996862798937005,0.9695950480857485,10.0,0.023449721137260016,0.04875561415713122,0.05149689155448595
1827.0,1.0,12.0,268434432.0,268434432.0,1.0,0.011006577115149178,0.011665109946382556,1358.0,0.0,-1.0,-1.0,0.9996862798937005,0.9695950480857485,10.0,0.023449721137260016,0.048734552890137915,0.051475664786994564
1828.0,1.0,4.0,268434432.0,268434432.0,1.0,0.011006577115149185,0.011665109946382562,1359.0,0.0,-1.0,-1.0,0.9996862798937005,0.9695950480857485,10.0,0.023449721137260016,0.0487134916231446,0.05145443801949611
1829.0,1.0,9.0,268434432.0,268434432.0,1.0,0.0110065771151492,0.011665109946382562,1360.0,1.0,-1.0,-1.0,0.9996862798937005,0.9695950480857485,10.0,0.023449721137260016,0.0486924303561513,0.05143321125199053
1830.0,1.0,6.0,268434432.0,268434432.0,1.0,0.011006577115149213,0.01166510994638257,1361.0,0.0,-1.0,-1.0,0.9996862798937005,0.9695950480857485,10.0,0.023449721137260016,0.04867136908915799,0.05141198448447776
1831.0,1.0,4.0,268434432.0,268434432.0,1.0,0.01100657711514922,0.011665109946382583,1362.0,0.0,-1.0,-1.0,0.9996862798937005,0.9695950480857485,10.0,0.023449721137260016,0.04865030782216468,0.05139075771695772
1832.0,1.0,10.0,268434432.0,268434432.0,1.0,0.011006577115149234,0.01166510994638259,1363.0,0.0,-1.0,-1.0,0.9996862798937005,0.9695950480857485,10.0,0.023449721137260016,0.048629246555171375,0.05136953094943033
1833.0,1.0,3.0,268434432.0,268434432.0,1.0,0.01100657711514924,0.01166510994638259,1364.0,2.0,-1.0,-1.0,0.9996862798937005,0.9695950480857485,10.0,0.023449721137260016,0.04860818528817806,0.05134830418189553
1834.0,1.0,8.0,268434432.0,268434432.0,1.0,0.011006577115149248,0.011665109946382597,1365.0,0.0,-1.0,-1.0,0.9996862798937005,0.9695950480857485,10.0,0.023449721137260016,0.04858712402118475,0.05132707741435326
1835.0,1.0,10.0,268434432.0,268434432.0,1.0,0.011006577115149255,0.011665109946382604,1366.0,0.0,-1.0,-1.0,0.9996862798937005,0.9695950480857485,10.0,0.023449721137260016,0.04856606275419144,0.05130585064680342
1836.0,1.0,4.0,268434432.0,268434432.0,1.0,0.011006577115149255,0.011665109946382597,1367.0,1.0,-1.0,-1.0,0.9996862798937005,0.9695950480857485,10.0,0.023449721137260016,0.04854500148719812,0.05128462387924596
1837.0,1.0,12.0,268434432.0,268434432.0,1.0,0.011006577115149255,0.011665109946382604,1368.0,0.0,-1.0,-1.0,0.9996862798937005,0.9695950480857485,10.0,0.023449721137260016,0.04852394022020481,0.0512633971116808
1838.0,1.0,5.0,268434432.0,268434432.0,1.0,0.011006577115149262,0.011665109946382611,1369.0,1.0,-1.0,-1.0,0.9996862798937005,0.9695950480857485,10.0,0.023449721137260016,0.0485028789532115,0.05124217034410786
1839.0,1.0,12.0,268434432.0,268434432.0,1.0,0.011006577115149262,0.011665109946382611,1370.0,0.0,-1.0,-1.0,0.9996862798937005,0.9695950480857485,10.0,0.023449721137260016,0.04848181768621819,0.05122094357652706
1840.0,1.0,4.0,268434432.0,268434432.0,1.0,0.011006577115149262,0.011665109946382625,1371.0,1.0,-1.0,-1.0,0.9996862798937005,0.9695950480857485,10.0,0.023449721137260016,0.04846075641922488,0.05119971680893834
1841.0,1.0,4.0,268434432.0,268434432.0,1.0,0.011006577115149269,0.011665109946382632,1372.0,2.0,-1.0,-1.0,0.9996862798937005,0.9695950480857485,10.0,0.023449721137260016,0.04843969515223157,0.05117849004134161
1842.0,1.0,6.0,268434432.0,268434432.0,1.0,0.011006577115149269,0.011665109946382646,1373.0,0.0,-1.0,-1.0,0.9996862798937005,0.9695950480857485,10.0,0.023449721137260016,0.04841863388523826,0.051157263273736785
1843.0,1.0,5.0,268434432.0,268434432.0,1.0,0.011006577115149269,0.011665109946382639,1374.0,1.0,-1.0,-1.0,0.9996862798937005,0.9695950480857485,10.0,0.023449721137260016,0.04839757261824494,0.05113603650612379
1844.0,1.0,8.0,268434432.0,268434432.0,1.0,0.011006577115149269,0.011665109946382646,1375.0,1.0,-1.0,-1.0,0.9996862798937005,0.9695950480857485,10.0,0.023449721137260016,0.048376511351251636,0.05111480973850257
1845.0,1.0,7.0,268434432.0,268434432.0,1.0,0.011006577115149269,0.011665109946382653,1376.0,0.0,-1.0,-1.0,0.9996862798937005,0.9695950480857485,10.0,0.023449721137260016,0.048355450084258324,0.05109358297087301
1846.0,1.0,6.0,268434432.0,268434432.0,1.0,0.011006577115149269,0.011665109946382653,1377.0,1.0,-1.0,-1.0,0.9996862798937005,0.9695950480857485,10.0,0.023449721137260016,0.048334388817265005,0.05107235620323505
1847.0,1.0,6.0,268434432.0,268434432.0,1.0,0.011006577115149276,0.01166510994638266,1378.0,0.0,-1.0,-1.0,0.9996862798937005,0.9695950480857485,10.0,0.023449721137260016,0.0483133275502717,0.05105112943558861
1848.0,1.0,13.0,268434432.0,268434432.0,1.0,0.011006577115149282,0.011665109946382667,1379.0,0.0,-1.0,-1.0,0.9996862798937005,0.9695950480857485,10.0,0.023449721137260016,0.04829226628327839,0.051029902667933585
1849.0,1.0,2.0,268434432.0,268434432.0,1.0,0.01100657711514929,0.011665109946382674,1380.0,2.0,-1.0,-1.0,0.9996862798937005,0.9695950480857485,10.0,0.023449721137260016,0.04827120501628507,0.051008675900269924
1850.0,1.0,8.0,268434432.0,268434432.0,1.0,0.011006577115149296,0.01166510994638268,1381.0,0.0,-1.0,-1.0,0.9996862798937005,0.9695950480857485,10.0,0.023449721137260016,0.04825014374929176,0.05098744913259752
1851.0,1.0,3.0,268434432.0,268434432.0,1.0,0.011006577115149303,0.01166510994638268,1382.0,0.0,-1.0,-1.0,0.9996862798937005,0.9695950480857485,10.0,0.023449721137260016,0.04822908248229845,0.0509662223649163
1852.0,1.0,6.0,268434432.0,268434432.0,1.0,0.01100657711514931,0.011665109946382694,1383.0,0.0,-1.0,-1.0,0.9996862798937005,0.9695950480857485,10.0,0.023449721137260016,0.04820802121530513,0.050944995597226164
1853.0,1.0,4.0,268434432.0,268434432.0,1.0,0.011006577115149317,0.011665109946382701,1384.0,0.0,-1.0,-1.0,0.9996862798937005,0.9695950480857485,10.0,0.023449721137260016,0.048186959948311826,0.050923768829527025
1854.0,1.0,4.0,268434432.0,268434432.0,1.0,0.011006577115149324,0.011665109946382694,1385.0,1.0,-1.0,-1.0,0.9996862798937005,0.9695950480857485,10.0,0.023449721137260016,0.048165898681318514,0.050902542061818795
1855.0,1.0,8.0,268434432.0,268434432.0,1.0,0.011006577115149331,0.011665109946382694,1386.0,0.0,-1.0,-1.0,0.9996862798937005,0.9695950480857485,10.0,0.023449721137260016,0.048144837414325195,0.05088131529410141
1856.0,1.0,4.0,268434432.0,268434432.0,1.0,0.011006577115149338,0.011665109946382701,1387.0,1.0,-1.0,-1.0,0.9996862798937005,0.9695950480857485,10.0,0.023449721137260016,0.04812377614733189,0.05086008852637477
1857.0,1.0,5.0,268434432.0,268434432.0,1.0,0.011006577115149345,0.011665109946382708,1388.0,0.0,-1.0,-1.0,0.9996862798937005,0.9695950480857485,10.0,0.023449721137260016,0.04810271488033858,0.050838861758638776
1858.0,1.0,5.0,268434432.0,268434432.0,1.0,0.011006577115149352,0.011665109946382715,1389.0,0.0,-1.0,-1.0,0.9996862798937005,0.9695950480857485,10.0,0.023449721137260016,0.04808165361334526,0.05081763499089333
1859.0,1.0,8.0,268434432.0,268434432.0,1.0,0.011006577115149359,0.011665109946382708,1390.0,0.0,-1.0,-1.0,0.9996862798937005,0.9695950480857485,10.0,0.023449721137260016,0.04806059234635195,0.050796408223138356
1860.0,1.0,7.0,268434432.0,268434432.0,1.0,0.011006577115149366,0.011665109946382715,1391.0,1.0,-1.0,-1.0,0.9996862798937005,0.9695950480857485,10.0,0.023449721137260016,0.04803953107935864,0.05077518145537376
1861.0,1.0,6.0,268434432.0,268434432.0,1.0,0.011006577115149373,0.011665109946382729,1392.0,1.0,-1.0,-1.0,0.9996862798937005,0.9695950480857485,10.0,0.023449721137260016,0.04801846981236532,0.05075395468759945
1862.0,1.0,5.0,268434432.0,268434432.0,1.0,0.01100657711514938,0.011665109946382729,1393.0,1.0,-1.0,-1.0,0.9996862798937005,0.9695950480857485,10.0,0.023449721137260016,0.04799740854537202,0.050732727919815306
1863.0,1.0,5.0,268434432.0,268434432.0,1.0,0.011006577115149387,0.011665109946382729,1394.0,0.0,-1.0,-1.0,0.9996862798937005,0.9695950480857485,10.0,0.023449721137260016,0.047976347278378705,0.050711501152021256
1864.0,1.0,9.0,268434432.0,268434432.0,1.0,0.011006577115149387,0.011665109946382736,1395.0,0.0,-1.0,-1.0,0.9996862798937005,0.9695950480857485,10.0,0.023449721137260016,0.04795528601138538,0.05069027438421721
1865.0,1.0,6.0,268434432.0,268434432.0,1.0,0.011006577115149387,0.011665109946382743,1396.0,0.0,-1.0,-1.0,0.9996862798937005,0.9695950480857485,10.0,0.023449721137260016,0.047934224744392066,0.05066904761640305
1866.0,1.0,9.0,268434432.0,268434432.0,1.0,0.011006577115149387,0.011665109946382743,1397.0,1.0,-1.0,-1.0,0.9996862798937005,0.9695950480857485,10.0,0.023449721137260016,0.04791316347739875,0.05064782084857869
1867.0,1.0,6.0,268434432.0,268434432.0,1.0,0.011006577115149387,0.01166510994638275,1398.0,0.0,-1.0,-1.0,0.9996862798937005,0.9695950480857485,10.0,0.023449721137260016,0.04789210221040543,0.050626594080744027
1868.0,1.0,2.0,268434432.0,268434432.0,1.0,0.011006577115149387,0.01166510994638275,1399.0,1.0,-1.0,-1.0,0.9996862798937005,0.9695950480857485,10.0,0.023449721137260016,0.04787104094341212,0.050605367312898955
1869.0,1.0,9.0,268434432.0,268434432.0,1.0,0.011006577115149387,0.01166510994638275,1400.0,0.0,-1.0,-1.0,0.9996862798937005,0.9695950480857485,10.0,0.023449721137260016,0.04784997967641881,0.05058414054504338
1870.0,1.0,5.0,268434432.0,268434432.0,1.0,0.011006577115149387,0.01166510994638275,1401.0,0.0,-1.0,-1.0,0.9996862798937005,0.9695950480857485,10.0,0.023449721137260016,0.04782891840942549,0.0505629137771772
1871.0,1.0,8.0,268434432.0,268434432.0,1.0,0.011006577115149387,0.01166510994638275,1402.0,0.0,-1.0,-1.0,0.9996862798937005,0.9695950480857485,10.0,0.023449721137260016,0.047807857142432186,0.05054168700930031
1872.0,1.0,9.0,268434432.0,268434432.0,1.0,0.011006577115149387,0.01166510994638275,1403.0,0.0,-1.0,-1.0,0.9996862798937005,0.9695950480857485,10.0,0.023449721137260016,0.047786795875438874,0.050520460241412615
1873.0,1.0,3.0,268434432.0,268434432.0,1.0,0.011006577115149387,0.011665109946382757,1404.0,1.0,-1.0,-1.0,0.9996862798937005,0.9695950480857485,10.0,0.023449721137260016,0.047765734608445555,0.050499233473513996
1874.0,1.0,6.0,268434432.0,268434432.0,1.0,0.011006577115149387,0.011665109946382757,1405.0,0.0,-1.0,-1.0,0.9996862798937005,0.9695950480857485,10.0,0.023449721137260016,0.04774467334145225,0.05047800670560435
1875.0,1.0,4.0,268434432.0,268434432.0,1.0,0.011006577115149387,0.011665109946382757,1406.0,1.0,-1.0,-1.0,0.9996862798937005,0.9695950480857485,10.0,0.023449721137260016,0.04772361207445894,0.05045677993768358
1876.0,1.0,12.0,268434432.0,268434432.0,1.0,0.011006577115149394,0.011665109946382757,1407.0,1.0,-1.0,-1.0,0.9996862798937005,0.9695950480857485,10.0,0.023449721137260016,0.047702550807465625,0.05043555316975156
1877.0,1.0,3.0,268434432.0,268434432.0,1.0,0.0110065771151494,0.011665109946382764,1408.0,0.0,-1.0,-1.0,0.9996862798937005,0.9695950480857485,10.0,0.023449721137260016,0.04768148954047232,0.0504143264018082
1878.0,1.0,10.0,268434432.0,268434432.0,1.0,0.011006577115149407,0.011665109946382764,1409.0,0.0,-1.0,-1.0,0.9996862798937005,0.9695950480857485,10.0,0.023449721137260016,0.04766042827347901,0.05039309963385337
1879.0,1.0,2.0,268434432.0,268434432.0,1.0,0.011006577115149421,0.011665109946382757,1410.0,0.0,-1.0,-1.0,0.9996862798937005,0.9695950480857485,10.0,0.023449721137260016,0.047639367006485696,0.05037187286588697
1880.0,1.0,3.0,268434432.0,268434432.0,1.0,0.011006577115149428,0.011665109946382764,1411.0,0.0,-1.0,-1.0,0.9996862798937005,0.9695950480857485,10.0,0.023449721137260016,0.04761830573949239,0.050350646097908895
1881.0,1.0,6.0,268434432.0,268434432.0,1.0,0.011006577115149435,0.011665109946382778,1412.0,1.0,-1.0,-1.0,0.9996862798937005,0.9695950480857485,10.0,0.023449721137260016,0.04759724447249908,0.050329419329919016
1882.0,1.0,5.0,268434432.0,268434432.0,1.0,0.011006577115149449,0.011665109946382778,1413.0,0.0,-1.0,-1.0,0.9996862798937005,0.9695950480857485,10.0,0.023449721137260016,0.047576183205505766,0.05030819256191722
1883.0,1.0,5.0,268434432.0,268434432.0,1.0,0.011006577115149456,0.011665109946382791,1414.0,0.0,-1.0,-1.0,0.9996862798937005,0.9695950480857485,10.0,0.023449721137260016,0.04755512193851246,0.050286965793903404
1884.0,1.0,2.0,268434432.0,268434432.0,1.0,0.011006577115149463,0.011665109946382798,1415.0,0.0,-1.0,-1.0,0.9996862798937005,0.9695950480857485,10.0,0.023449721137260016,0.04753406067151915,0.050265739025877436
1885.0,1.0,0.0,268434432.0,268434432.0,1.0,0.01100657711514947,0.011665109946382805,1416.0,0.0,-1.0,-1.0,0.867541277643506,0.06874293104515919,10.0,0.023449721137260016,0.04678755956292694,0.0472400241357883
1886.0,1.0,0.0,268434432.0,268434432.0,5.0,0.01100657711514947,0.011665109946382812,1417.0,0.0,-1.0,-1.0,0.014204893595178028,0.008388570143134403,10.0,0.023449721137260016,0.04586196826230514,0.047004747198156206
1891.0,5.0,0.0,268434432.0,268434432.0,5.0,0.010978439775230373,0.011658796117205147,1418.0,0.0,-1.0,-1.0,8.31596557261291e-05,0.008247716341804082,13.0,0.023449721137260016,0.04574520750914715,0.046880775620234925
1896.0,5.0,0.0,268434432.0,268434432.0,5.0,0.010950415670335362,0.011653168712986002,1419.0,0.0,-1.0,-1.0,8.315965572541127e-05,0.008247716341804075,13.0,0.023449721137260016,0.04563344627808254,0.04675740042292035
1901.0,5.0,0.0,268434432.0,268434432.0,5.0,0.010922391565440372,0.011647541308766864,1420.0,0.0,-1.0,-1.0,8.315965572541127e-05,0.008247716341804077,13.0,0.023449721137260016,0.04552168504736475,0.04663402522560579
1906.0,5.0,0.0,268434432.0,268434432.0,5.0,0.010894367460545402,0.011641913904547711,1421.0,0.0,-1.0,-1.0,8.315965572541127e-05,0.008247716341804077,13.0,0.023449721137260016,0.045409923817011005,0.04651065002829123
1911.0,5.0,0.0,268434432.0,268434432.0,5.0,0.010866343355650426,0.011636286500328559,1422.0,0.0,-1.0,-1.0,8.315965572541127e-05,0.008247716341804077,13.0,0.023449721137260016,0.04529816258703938,0.04638791701752711
1916.0,5.0,0.0,268434432.0,268434432.0,5.0,0.01083831925075545,0.011630659096109407,1423.0,0.0,-1.0,-1.0,8.315965572541127e-05,0.008247716341804077,13.0,0.023449721137260016,0.045186401357468826,0.04626582109426186
1921.0,5.0,0.0,268434432.0,268434432.0,5.0,0.010810295145860467,0.011625031691890254,1424.0,0.0,-1.0,-1.0,8.315965572541127e-05,0.008247716341804077,13.0,0.023449721137260016,0.04507464012831927,0.04614372517099661
1926.0,5.0,0.0,268434432.0,268434432.0,5.0,0.01078227104096547,0.011619404287671102,1425.0,0.0,-1.0,-1.0,8.315965572541127e-05,0.008247716341804077,13.0,0.023449721137260016,0.04496287889961161,0.04602162924773135
1931.0,5.0,0.0,268434432.0,268434432.0,5.0,0.01075424693607048,0.01161377688345195,1426.0,0.0,-1.0,-1.0,8.315965572541127e-05,0.008247716341804077,13.0,0.023449721137260016,0.04485111767136779,0.0458995333244661
1936.0,5.0,0.0,268434432.0,268434432.0,5.0,0.010726222831175511,0.011608149479232811,1427.0,0.0,-1.0,-1.0,8.315965572541127e-05,0.008247716341804077,13.0,0.023449721137260016,0.04473935644361083,0.04577743740120085
1941.0,5.0,0.0,268434432.0,268434432.0,5.0,0.010698198726280535,0.011602522075013666,1428.0,0.0,-1.0,-1.0,8.315965572541127e-05,0.008247716341804077,13.0,0.023449721137260016,0.04462759521636488,0.045655341477935596
1946.0,5.0,22.0,268434432.0,268434432.0,1.0,0.010670174621385559,0.011596894670794507,1429.0,0.0,-1.0,-1.0,0.9195271168608681,0.9200949295447014,13.0,0.023449721137260016,0.04585910739819541,0.04882168052422738
1947.0,1.0,3.0,268434432.0,268434432.0,1.0,0.010670174621385566,0.01159689467079452,1430.0,0.0,-1.0,-1.0,0.9996838039462109,0.9696181658632155,10.0,0.023449721137260016,0.04587080834758824,0.04886023883247419
1948.0,1.0,8.0,268434432.0,268434432.0,1.0,0.010670174621385566,0.011596894670794514,1431.0,0.0,-1.0,-1.0,0.9996862798292867,0.9695950784340946,10.0,0.023449721137260016,0.04584973710383664,0.04883901056603616
1949.0,1.0,7.0,268434432.0,268434432.0,1.0,0.010670174621385566,0.01159689467079452,1432.0,0.0,-1.0,-1.0,0.999686279893699,0.9695950480580318,10.0,0.023449721137260016,0.04582867582318231,0.04881778379587652
1950.0,1.0,5.0,268434432.0,268434432.0,1.0,0.01067017462138558,0.01159689467079452,1433.0,1.0,-1.0,-1.0,0.9996862798937005,0.9695950480857358,10.0,0.023449721137260016,0.045807614556196335,0.048796557026722386
1951.0,1.0,6.0,268434432.0,268434432.0,1.0,0.010670174621385586,0.01159689467079452,1434.0,2.0,-1.0,-1.0,0.9996862798937005,0.9695950480857485,10.0,0.023449721137260016,0.04578655328920303,0.04877533025754502
1952.0,1.0,5.0,268434432.0,268434432.0,1.0,0.010670174621385593,0.011596894670794528,1435.0,2.0,-1.0,-1.0,0.9996862798937005,0.9695950480857485,10.0,0.023449721137260016,0.04576549202220972,0.04875410348834418
1953.0,1.0,5.0,268434432.0,268434432.0,1.0,0.0106701746213856,0.011596894670794541,1436.0,2.0,-1.0,-1.0,0.9996862798937005,0.9695950480857485,10.0,0.023449721137260016,0.045744430755216406,0.048732876719119626
1954.0,1.0,10.0,268434432.0,268434432.0,1.0,0.010670174621385607,0.011596894670794555,1437.0,0.0,-1.0,-1.0,0.9996862798937005,0.9695950480857485,10.0,0.023449721137260016,0.045723369488223094,0.04871164994987115
1955.0,1.0,7.0,268434432.0,268434432.0,1.0,0.010670174621385607,0.01159689467079457,1438.0,1.0,-1.0,-1.0,0.9996862798937005,0.9695950480857485,10.0,0.023449721137260016,0.045702308221229775,0.0486904231805985
1956.0,1.0,5.0,268434432.0,268434432.0,1.0,0.010670174621385607,0.011596894670794583,1439.0,0.0,-1.0,-1.0,0.9996862798937005,0.9695950480857485,10.0,0.023449721137260016,0.04568124695423646,0.04866919641130144
1957.0,1.0,3.0,268434432.0,268434432.0,1.0,0.010670174621385614,0.011596894670794583,1440.0,0.0,-1.0,-1.0,0.9996862798937005,0.9695950480857485,10.0,0.023449721137260016,0.04566018568724316,0.04864796964197973
1958.0,1.0,11.0,268434432.0,268434432.0,1.0,0.010670174621385614,0.011596894670794597,1441.0,2.0,-1.0,-1.0,0.9996862798937005,0.9695950480857485,10.0,0.023449721137260016,0.045639124420249845,0.048626742872633154
1959.0,1.0,9.0,268434432.0,268434432.0,1.0,0.010670174621385614,0.011596894670794604,1442.0,1.0,-1.0,-1.0,0.9996862798937005,0.9695950480857485,10.0,0.023449721137260016,0.045618063153256526,0.04860551610326145
1960.0,1.0,7.0,268434432.0,268434432.0,1.0,0.010670174621385614,0.01159689467079461,1443.0,0.0,-1.0,-1.0,0.9996862798937005,0.9695950480857485,10.0,0.023449721137260016,0.04559700188626322,0.04858428933386437
1961.0,1.0,4.0,268434432.0,268434432.0,1.0,0.010670174621385614,0.01159689467079461,1444.0,0.0,-1.0,-1.0,0.9996862798937005,0.9695950480857485,10.0,0.023449721137260016,0.04557594061926991,0.04856306256444168
1962.0,1.0,7.0,268434432.0,268434432.0,1.0,0.010670174621385614,0.011596894670794625,1445.0,1.0,-1.0,-1.0,0.9996862798937005,0.9695950480857485,10.0,0.023449721137260016,0.04555487935227659,0.048541835794993125
1963.0,1.0,7.0,268434432.0,268434432.0,1.0,0.010670174621385614,0.011596894670794632,1446.0,0.0,-1.0,-1.0,0.9996862798937005,0.9695950480857485,10.0,0.023449721137260016,0.045533818085283284,0.048520609025518455
1964.0,1.0,4.0,268434432.0,268434432.0,1.0,0.010670174621385614,0.011596894670794632,1447.0,0.0,-1.0,-1.0,0.9996862798937005,0.9695950480857485,10.0,0.023449721137260016,0.04551275681828997,0.0484993822560174
1965.0,1.0,8.0,268434432.0,268434432.0,1.0,0.010670174621385621,0.011596894670794639,1448.0,3.0,-1.0,-1.0,0.9996862798937005,0.9695950480857485,10.0,0.023449721137260016,0.04549169555129665,0.048478155486489725
1966.0,1.0,10.0,268434432.0,268434432.0,1.0,0.010670174621385628,0.011596894670794645,1449.0,0.0,-1.0,-1.0,0.9996862798937005,0.9695950480857485,10.0,0.023449721137260016,0.04547063428430335,0.04845692871693516
1967.0,1.0,1.0,268434432.0,268434432.0,1.0,0.010670174621385635,0.011596894670794645,1450.0,1.0,-1.0,-1.0,0.9996862798937005,0.9695950480857485,10.0,0.023449721137260016,0.045449573017310035,0.04843570194735345
1968.0,1.0,3.0,268434432.0,268434432.0,1.0,0.010670174621385642,0.011596894670794645,1451.0,0.0,-1.0,-1.0,0.9996862798937005,0.9695950480857485,10.0,0.023449721137260016,0.045428511750316716,0.04841447517774432
1969.0,1.0,6.0,268434432.0,268434432.0,1.0,0.010670174621385649,0.011596894670794645,1452.0,0.0,-1.0,-1.0,0.9996862798937005,0.9695950480857485,10.0,0.023449721137260016,0.04540745048332341,0.04839324840810751
1970.0,1.0,6.0,268434432.0,268434432.0,1.0,0.010670174621385656,0.011596894670794652,1453.0,0.0,-1.0,-1.0,0.9996862798937005,0.9695950480857485,10.0,0.023449721137260016,0.0453863892163301,0.04837202163844276
1971.0,1.0,8.0,268434432.0,268434432.0,1.0,0.010670174621385663,0.01159689467079466,1454.0,0.0,-1.0,-1.0,0.9996862798937005,0.9695950480857485,10.0,0.023449721137260016,0.04536532794933678,0.048350794868749776
1972.0,1.0,9.0,268434432.0,268434432.0,1.0,0.01067017462138567,0.011596894670794673,1455.0,1.0,-1.0,-1.0,0.9996862798937005,0.9695950480857485,10.0,0.023449721137260016,0.045344266682343475,0.0483295680990283
1973.0,1.0,6.0,268434432.0,268434432.0,1.0,0.010670174621385677,0.011596894670794673,1456.0,1.0,-1.0,-1.0,0.9996862798937005,0.9695950480857485,10.0,0.023449721137260016,0.04532320541535016,0.04830834132927804
1974.0,1.0,7.0,268434432.0,268434432.0,1.0,0.010670174621385684,0.011596894670794673,1457.0,1.0,-1.0,-1.0,0.9996862798937005,0.9695950480857485,10.0,0.023449721137260016,0.04530214414835684,0.04828711455949873
1975.0,1.0,10.0,268434432.0,268434432.0,1.0,0.01067017462138569,0.011596894670794673,1458.0,0.0,-1.0,-1.0,0.9996862798937005,0.9695950480857485,10.0,0.023449721137260016,0.04528108288136354,0.04826588778969009
1976.0,1.0,6.0,268434432.0,268434432.0,1.0,0.010670174621385697,0.01159689467079468,1459.0,0.0,-1.0,-1.0,0.9996862798937005,0.9695950480857485,10.0,0.023449721137260016,0.045260021614370226,0.048244661019851816
1977.0,1.0,5.0,268434432.0,268434432.0,1.0,0.010670174621385704,0.01159689467079468,1460.0,0.0,-1.0,-1.0,0.9996862798937005,0.9695950480857485,10.0,0.023449721137260016,0.04523896034737691,0.048223434249983634
1978.0,1.0,6.0,268434432.0,268434432.0,1.0,0.010670174621385711,0.01159689467079468,1461.0,0.0,-1.0,-1.0,0.9996862798937005,0.9695950480857485,10.0,0.023449721137260016,0.0452178990803836,0.04820220748008524
1979.0,1.0,4.0,268434432.0,268434432.0,1.0,0.010670174621385718,0.011596894670794673,1462.0,0.0,-1.0,-1.0,0.9996862798937005,0.9695950480857485,10.0,0.023449721137260016,0.04519683781339029,0.048180980710156356
1980.0,1.0,4.0,268434432.0,268434432.0,1.0,0.010670174621385725,0.01159689467079468,1463.0,1.0,-1.0,-1.0,0.9996862798937005,0.9695950480857485,10.0,0.023449721137260016,0.04517577654639697,0.04815975394019668
1981.0,1.0,4.0,268434432.0,268434432.0,1.0,0.010670174621385732,0.011596894670794687,1464.0,1.0,-1.0,-1.0,0.9996862798937005,0.9695950480857485,10.0,0.023449721137260016,0.045154715279403665,0.04813852717020592
1982.0,1.0,5.0,268434432.0,268434432.0,1.0,0.010670174621385739,0.011596894670794687,1465.0,0.0,-1.0,-1.0,0.9996862798937005,0.9695950480857485,10.0,0.023449721137260016,0.04513365401241035,0.04811730040018375
1983.0,1.0,3.0,268434432.0,268434432.0,1.0,0.010670174621385746,0.011596894670794694,1466.0,0.0,-1.0,-1.0,0.9996862798937005,0.9695950480857485,10.0,0.023449721137260016,0.045112592745417034,0.04809607363012988
1984.0,1.0,8.0,268434432.0,268434432.0,1.0,0.010670174621385753,0.011596894670794701,1467.0,1.0,-1.0,-1.0,0.9996862798937005,0.9695950480857485,10.0,0.023449721137260016,0.04509153147842373,0.048074846860044
1985.0,1.0,4.0,268434432.0,268434432.0,1.0,0.010670174621385753,0.011596894670794701,1468.0,1.0,-1.0,-1.0,0.9996862798937005,0.9695950480857485,10.0,0.023449721137260016,0.04507047021143041,0.04805362008992579
1986.0,1.0,4.0,268434432.0,268434432.0,1.0,0.010670174621385753,0.011596894670794708,1469.0,0.0,-1.0,-1.0,0.9996862798937005,0.9695950480857485,10.0,0.023449721137260016,0.04504940894443708,0.04803239331977495
1987.0,1.0,7.0,268434432.0,268434432.0,1.0,0.010670174621385753,0.011596894670794708,1470.0,1.0,-1.0,-1.0,0.9996862798937005,0.9695950480857485,10.0,0.023449721137260016,0.04502834767744378,0.048011166549591144
1988.0,1.0,10.0,268434432.0,268434432.0,1.0,0.010670174621385753,0.011596894670794708,1471.0,1.0,-1.0,-1.0,0.9996862798937005,0.9695950480857485,10.0,0.023449721137260016,0.045007286410450466,0.04798993977937407
1989.0,1.0,4.0,268434432.0,268434432.0,1.0,0.010670174621385753,0.011596894670794708,1472.0,0.0,-1.0,-1.0,0.9996862798937005,0.9695950480857485,10.0,0.023449721137260016,0.044986225143457154,0.04796871300912339
1990.0,1.0,5.0,268434432.0,268434432.0,1.0,0.010670174621385753,0.011596894670794708,1473.0,1.0,-1.0,-1.0,0.9996862798937005,0.9695950480857485,10.0,0.023449721137260016,0.04496516387646384,0.047947486238838787
1991.0,1.0,4.0,268434432.0,268434432.0,1.0,0.010670174621385753,0.011596894670794715,1474.0,0.0,-1.0,-1.0,0.9996862798937005,0.9695950480857485,10.0,0.023449721137260016,0.04494410260947053,0.04792625946851993
1992.0,1.0,4.0,268434432.0,268434432.0,1.0,0.010670174621385753,0.011596894670794708,1475.0,0.0,-1.0,-1.0,0.9996862798937005,0.9695950480857485,10.0,0.023449721137260016,0.04492304134247722,0.04790503269816647
1993.0,1.0,10.0,268434432.0,268434432.0,1.0,0.01067017462138576,0.011596894670794708,1476.0,1.0,-1.0,-1.0,0.9996862798937005,0.9695950480857485,10.0,0.023449721137260016,0.04490198007548391,0.04788380592777809
1994.0,1.0,7.0,268434432.0,268434432.0,1.0,0.01067017462138576,0.011596894670794715,1477.0,0.0,-1.0,-1.0,0.9996862798937005,0.9695950480857485,10.0,0.023449721137260016,0.0448809188084906,0.04786257915735445
1995.0,1.0,7.0,268434432.0,268434432.0,1.0,0.010670174621385767,0.011596894670794729,1478.0,0.0,-1.0,-1.0,0.9996862798937005,0.9695950480857485,10.0,0.023449721137260016,0.044859857541497294,0.04784135238689519
1996.0,1.0,5.0,268434432.0,268434432.0,1.0,0.01067017462138578,0.011596894670794736,1479.0,0.0,-1.0,-1.0,0.9996862798937005,0.9695950480857485,10.0,0.023449721137260016,0.04483879627450399,0.04782012561639997
1997.0,1.0,4.0,268434432.0,268434432.0,1.0,0.010670174621385788,0.011596894670794729,1480.0,1.0,-1.0,-1.0,0.9996862798937005,0.9695950480857485,10.0,0.023449721137260016,0.04481773500751068,0.04779889884586844
1998.0,1.0,6.0,268434432.0,268434432.0,1.0,0.010670174621385801,0.011596894670794729,1481.0,0.0,-1.0,-1.0,0.9996862798937005,0.9695950480857485,10.0,0.023449721137260016,0.04479667374051737,0.04777767207530025
1999.0,1.0,4.0,268434432.0,268434432.0,1.0,0.010670174621385815,0.011596894670794736,1482.0,0.0,-1.0,-1.0,0.9996862798937005,0.9695950480857485,10.0,0.023449721137260016,0.04477561247352407,0.04775644530469505
2000.0,1.0,6.0,268434432.0,268434432.0,1.0,0.010670174621385822,0.011596894670794743,1483.0,0.0,-1.0,-1.0,0.9996862798937005,0.9695950480857485,10.0,0.023449721137260016,0.044754551206530754,0.04773521853405246
2001.0,1.0,7.0,268434432.0,268434432.0,1.0,0.010670174621385836,0.011596894670794743,1484.0,0.0,-1.0,-1.0,0.9996862798937005,0.9695950480857485,10.0,0.023449721137260016,0.04473348993953744,0.04771399176337213
2002.0,1.0,6.0,268434432.0,268434432.0,1.0,0.010670174621385843,0.011596894670794756,1485.0,0.0,-1.0,-1.0,0.9996862798937005,0.9695950480857485,10.0,0.023449721137260016,0.04471242867254414,0.04769276499265369
2003.0,1.0,13.0,268434432.0,268434432.0,1.0,0.01067017462138585,0.011596894670794756,1486.0,0.0,-1.0,-1.0,0.9996862798937005,0.9695950480857485,10.0,0.023449721137260016,0.044691367405550825,0.04767153822189676
2004.0,1.0,3.0,268434432.0,268434432.0,1.0,0.010670174621385864,0.01159689467079475,1487.0,1.0,-1.0,-1.0,0.9996862798937005,0.9695950480857485,10.0,0.023449721137260016,0.04467030613855751,0.04765031145110098
2005.0,1.0,4.0,268434432.0,268434432.0,1.0,0.01067017462138587,0.011596894670794756,1488.0,0.0,-1.0,-1.0,0.9996862798937005,0.9695950480857485,10.0,0.023449721137260016,0.04464924487156421,0.047629084680265964
2006.0,1.0,5.0,268434432.0,268434432.0,1.0,0.010670174621385878,0.011596894670794763,1489.0,1.0,-1.0,-1.0,0.9996862798937005,0.9695950480857485,10.0,0.023449721137260016,0.044628183604570895,0.04760785790939132
2007.0,1.0,10.0,268434432.0,268434432.0,1.0,0.010670174621385885,0.01159689467079477,1490.0,0.0,-1.0,-1.0,0.9996862798937005,0.9695950480857485,10.0,0.023449721137260016,0.044607122337577576,0.047586631138476686
2008.0,1.0,4.0,268434432.0,268434432.0,1.0,0.010670174621385892,0.01159689467079477,1491.0,1.0,-1.0,-1.0,0.9996862798937005,0.9695950480857485,10.0,0.023449721137260016,0.04458606107058427,0.04756540436752165
2009.0,1.0,11.0,268434432.0,268434432.0,1.0,0.010670174621385899,0.01159689467079477,1492.0,1.0,-1.0,-1.0,0.9996862798937005,0.9695950480857485,10.0,0.023449721137260016,0.04456499980359096,0.047544177596525836
2010.0,1.0,4.0,268434432.0,268434432.0,1.0,0.010670174621385906,0.011596894670794777,1493.0,0.0,-1.0,-1.0,0.9996862798937005,0.9695950480857485,10.0,0.023449721137260016,0.04454393853659764,0.04752295082548883
2011.0,1.0,3.0,268434432.0,268434432.0,1.0,0.010670174621385912,0.01159689467079477,1494.0,0.0,-1.0,-1.0,0.9996862798937005,0.9695950480857485,10.0,0.023449721137260016,0.044522877269604334,0.04750172405441024
2012.0,1.0,6.0,268434432.0,268434432.0,1.0,0.01067017462138592,0.01159689467079477,1495.0,1.0,-1.0,-1.0,0.9996862798937005,0.9695950480857485,10.0,0.023449721137260016,0.04450181600261102,0.047480497283289666
2013.0,1.0,5.0,268434432.0,134216704.0,1.0,0.010775796984228841,0.011596894670794777,1496.0,0.0,1.0,1.0,0.9996862798937005,0.9695950480857485,10.0,0.023449721137260016,0.044633161977069465,0.0474592705121267
2014.0,1.0,7.0,134216704.0,134216704.0,1.0,0.010775796984228835,0.011596894670794784,1497.0,2.0,-1.0,-1.0,0.9996862798937005,0.9695950480857485,10.0,0.023449721137260016,0.04461208818784359,0.04743804374092091
2015.0,1.0,12.0,134216704.0,134216704.0,1.0,0.010775796984228828,0.011596894670794784,1498.0,0.0,-1.0,-1.0,0.9996862798937005,0.9695950480857485,10.0,0.023449721137260016,0.044591014398617713,0.04741681696967189
2016.0,1.0,9.0,134216704.0,134216704.0,1.0,0.010775796984228828,0.011596894670794784,1499.0,1.0,-1.0,-1.0,0.9996862798937005,0.9695950480857485,10.0,0.023449721137260016,0.044569940609391845,0.04739559019837923
2017.0,1.0,7.0,134216704.0,134216704.0,1.0,0.01077579698422882,0.011596894670794784,1500.0,1.0,-1.0,-1.0,0.9996862798937005,0.9695950480857485,10.0,0.023449721137260016,0.04454886682016597,0.0473743634270425
2018.0,1.0,10.0,134216704.0,134216704.0,1.0,0.010775796984228814,0.011596894670794791,1501.0,0.0,-1.0,-1.0,0.9996862798937005,0.9695950480857485,10.0,0.023449721137260016,0.044527793030940094,0.04735313665566126
2019.0,1.0,5.0,134216704.0,134216704.0,1.0,0.010775796984228814,0.011596894670794784,1502.0,0.0,-1.0,-1.0,0.9996862798937005,0.9695950480857485,10.0,0.023449721137260016,0.044506719241714225,0.04733190988423508
2020.0,1.0,4.0,134216704.0,134216704.0,1.0,0.010775796984228814,0.011596894670794784,1503.0,0.0,-1.0,-1.0,0.9996862798937005,0.9695950480857485,10.0,0.023449721137260016,0.04448564545248836,0.04731068311276353
2021.0,1.0,6.0,134216704.0,134216704.0,1.0,0.01077579698422882,0.011596894670794784,1504.0,0.0,-1.0,-1.0,0.9996862798937005,0.9695950480857485,10.0,0.023449721137260016,0.044464571663262495,0.04728945634124617
2022.0,1.0,5.0,134216704.0,134216704.0,1.0,0.01077579698422882,0.011596894670794791,1505.0,0.0,-1.0,-1.0,0.9996862798937005,0.9695950480857485,10.0,0.023449721137260016,0.04444349787403663,0.047268229569682546
2023.0,1.0,4.0,134216704.0,134216704.0,1.0,0.010775796984228828,0.011596894670794791,1506.0,1.0,-1.0,-1.0,0.9996862798937005,0.9695950480857485,10.0,0.023449721137260016,0.04442242408481077,0.047247002798072216
2024.0,1.0,8.0,134216704.0,134216704.0,1.0,0.010775796984228835,0.011596894670794798,1507.0,1.0,-1.0,-1.0,0.9996862798937005,0.9695950480857485,10.0,0.023449721137260016,0.04440135029558491,0.047225776026414715
2025.0,1.0,3.0,134216704.0,134216704.0,1.0,0.010775796984228841,0.011596894670794805,1508.0,0.0,-1.0,-1.0,0.9996862798937005,0.9695950480857485,10.0,0.023449721137260016,0.04438027650635905,0.04720454925470959
2026.0,1.0,9.0,134216704.0,134216704.0,1.0,0.010775796984228848,0.011596894670794812,1509.0,1.0,-1.0,-1.0,0.9996862798937005,0.9695950480857485,10.0,0.023449721137260016,0.04435920271713319,0.047183322482956376
2027.0,1.0,6.0,134216704.0,134216704.0,1.0,0.010775796984228855,0.011596894670794819,1510.0,1.0,-1.0,-1.0,0.9996862798937005,0.9695950480857485,10.0,0.023449721137260016,0.04433812892790733,0.04716209571115461
2028.0,1.0,7.0,134216704.0,134216704.0,1.0,0.010775796984228862,0.011596894670794826,1511.0,0.0,-1.0,-1.0,0.9996862798937005,0.9695950480857485,10.0,0.023449721137260016,0.04431705513868146,0.0471408689393038
2029.0,1.0,5.0,134216704.0,134216704.0,1.0,0.010775796984228862,0.011596894670794826,1512.0,0.0,-1.0,-1.0,0.9996862798937005,0.9695950480857485,10.0,0.023449721137260016,0.044295981349455595,0.047119642167403476
2030.0,1.0,4.0,134216704.0,134216704.0,1.0,0.010775796984228855,0.011596894670794826,1513.0,0.0,-1.0,-1.0,0.9996862798937005,0.9695950480857485,10.0,0.023449721137260016,0.04427490756022972,0.04709841539545317
2031.0,1.0,9.0,134216704.0,134216704.0,1.0,0.010775796984228848,0.011596894670794826,1514.0,1.0,-1.0,-1.0,0.9996862798937005,0.9695950480857485,10.0,0.023449721137260016,0.04425383377100385,0.04707718862345238
2032.0,1.0,7.0,134216704.0,134216704.0,1.0,0.010775796984228841,0.011596894670794826,1515.0,1.0,-1.0,-1.0,0.9996862798937005,0.9695950480857485,10.0,0.023449721137260016,0.044232759981777975,0.047055961851400624
2033.0,1.0,9.0,134216704.0,134216704.0,1.0,0.010775796984228835,0.011596894670794833,1516.0,0.0,-1.0,-1.0,0.9996862798937005,0.9695950480857485,10.0,0.023449721137260016,0.0442116861925521,0.0470347350792974
2034.0,1.0,2.0,134216704.0,134216704.0,1.0,0.010775796984228835,0.011596894670794833,1517.0,1.0,-1.0,-1.0,0.9996862798937005,0.9695950480857485,10.0,0.023449721137260016,0.04419061240332623,0.04701350830714222
2035.0,1.0,7.0,134216704.0,134216704.0,1.0,0.010775796984228828,0.011596894670794826,1518.0,2.0,-1.0,-1.0,0.9996862798937005,0.9695950480857485,10.0,0.023449721137260016,0.044169538614100355,0.04699228153493456
2036.0,1.0,4.0,134216704.0,134216704.0,1.0,0.01077579698422882,0.011596894670794833,1519.0,1.0,-1.0,-1.0,0.9996862798937005,0.9695950480857485,10.0,0.023449721137260016,0.04414846482487449,0.04697105476267392
2037.0,1.0,9.0,134216704.0,134216704.0,1.0,0.01077579698422882,0.011596894670794833,1520.0,1.0,-1.0,-1.0,0.9996862798937005,0.9695950480857485,10.0,0.023449721137260016,0.04412739103564862,0.04694982799035978
2038.0,1.0,8.0,134216704.0,134216704.0,1.0,0.01077579698422882,0.011596894670794847,1521.0,0.0,-1.0,-1.0,0.9996862798937005,0.9695950480857485,10.0,0.023449721137260016,0.04410631724642275,0.04692860121799163
2039.0,1.0,3.0,134216704.0,134216704.0,1.0,0.010775796984228828,0.011596894670794854,1522.0,1.0,-1.0,-1.0,0.9996862798937005,0.9695950480857485,10.0,0.023449721137260016,0.04408524345719689,0.04690737444556893
2040.0,1.0,6.0,134216704.0,134216704.0,1.0,0.010775796984228828,0.01159689467079486,1523.0,0.0,-1.0,-1.0,0.9996862798937005,0.9695950480857485,10.0,0.023449721137260016,0.04406416966797102,0.04688614767309115
2041.0,1.0,5.0,134216704.0,134216704.0,1.0,0.010775796984228828,0.01159689467079486,1524.0,0.0,-1.0,-1.0,0.9996862798937005,0.9695950480857485,10.0,0.023449721137260016,0.04404309587874516,0.046864920900557765
2042.0,1.0,8.0,134216704.0,134216704.0,1.0,0.010775796984228828,0.011596894670794868,1525.0,1.0,-1.0,-1.0,0.9996862798937005,0.9695950480857485,10.0,0.023449721137260016,0.044022022089519296,0.04684369412796822
2043.0,1.0,9.0,134216704.0,134216704.0,1.0,0.010775796984228835,0.011596894670794868,1526.0,1.0,-1.0,-1.0,0.9996862798937005,0.9695950480857485,10.0,0.023449721137260016,0.044000948300293434,0.046822467355321966
2044.0,1.0,7.0,134216704.0,134216704.0,1.0,0.010775796984228841,0.011596894670794868,1527.0,0.0,-1.0,-1.0,0.9996862798937005,0.9695950480857485,10.0,0.023449721137260016,0.04397987451106758,0.046801240582618454
2045.0,1.0,7.0,134216704.0,134216704.0,1.0,0.010775796984228848,0.011596894670794868,1528.0,0.0,-1.0,-1.0,0.9996862798937005,0.9695950480857485,10.0,0.023449721137260016,0.04395880072184171,0.046780013809857135
2046.0,1.0,9.0,134216704.0,134216704.0,1.0,0.010775796984228848,0.011596894670794868,1529.0,1.0,-1.0,-1.0,0.9996862798937005,0.9695950480857485,10.0,0.023449721137260016,0.04393772693261585,0.046758787037037446
2047.0,1.0,7.0,134216704.0,134216704.0,1.0,0.010775796984228855,0.011596894670794874,1530.0,0.0,-1.0,-1.0,0.9996862798937005,0.9695950480857485,10.0,0.023449721137260016,0.04391665314338999,0.04673756026415882
2048.0,1.0,0.0,134216704.0,134216704.0,1.0,0.010775796984228855,0.011596894670794881,1531.0,0.0,-1.0,-1.0,0.867541277643506,0.06874293104515919,10.0,0.023449721137260016,0.043124440433070586,0.04371184607090643
2049.0,1.0,0.0,134216704.0,134216704.0,5.0,0.010775796984228855,0.011596894670794895,1532.0,0.0,-1.0,-1.0,0.014204893595178028,0.008388570143134403,10.0,0.023449721137260016,0.04233379051929916,0.04335520064302563
2054.0,5.0,0.0,134216704.0,134216704.0,5.0,0.010749231620060369,0.011590580841617234,1533.0,0.0,-1.0,-1.0,8.31596557261291e-05,0.008247716341804082,13.0,0.023449721137260016,0.04221702979279991,0.04323241736150415
2059.0,5.0,0.0,134216704.0,134216704.0,5.0,0.010722788053702026,0.011584953437398085,1534.0,0.0,-1.0,-1.0,8.315965572541127e-05,0.008247716341804075,14.0,0.023449721137260016,0.0421052685886498,0.043110321438238904
2064.0,5.0,8.0,134216704.0,134216704.0,1.0,0.010696344487343669,0.01157932603317894,1535.0,1.0,-1.0,-1.0,0.9195271168608681,0.9200949295447014,14.0,0.023449721137260016,0.043445900425432005,0.04629935291302571
2065.0,1.0,4.0,134216704.0,134216704.0,1.0,0.010696344487343662,0.01157932603317894,1536.0,0.0,-1.0,-1.0,0.9996838039462109,0.9696181658632155,10.0,0.023449721137260016,0.04345788147505154,0.046337911202323945
2066.0,1.0,2.0,134216704.0,134216704.0,1.0,0.010696344487343669,0.01157932603317894,1537.0,1.0,-1.0,-1.0,0.9996862798292867,0.9695950784340946,10.0,0.023449721137260016,0.04343679866353117,0.04631668293088033
2067.0,1.0,8.0,134216704.0,134216704.0,1.0,0.010696344487343669,0.011579326033178947,1538.0,0.0,-1.0,-1.0,0.999686279893699,0.9695950480580318,10.0,0.023449721137260016,0.04341572486198173,0.046295456155666
2068.0,1.0,5.0,134216704.0,134216704.0,1.0,0.010696344487343655,0.011579326033178947,1539.0,1.0,-1.0,-1.0,0.9996862798937005,0.9695950480857358,10.0,0.023449721137260016,0.04339465107276162,0.04627422938140797
2069.0,1.0,12.0,134216704.0,134216704.0,1.0,0.010696344487343648,0.011579326033178954,1540.0,0.0,-1.0,-1.0,0.9996862798937005,0.9695950480857485,10.0,0.023449721137260016,0.043373577283535754,0.04625300260707699
2070.0,1.0,4.0,134216704.0,134216704.0,1.0,0.010696344487343648,0.01157932603317896,1541.0,2.0,-1.0,-1.0,0.9996862798937005,0.9695950480857485,10.0,0.023449721137260016,0.043352503494309885,0.046231775832672364
2071.0,1.0,7.0,134216704.0,134216704.0,1.0,0.010696344487343648,0.01157932603317896,1542.0,1.0,-1.0,-1.0,0.9996862798937005,0.9695950480857485,10.0,0.023449721137260016,0.043331429705084024,0.046210549058193356
2072.0,1.0,3.0,134216704.0,134216704.0,1.0,0.010696344487343648,0.011579326033178967,1543.0,0.0,-1.0,-1.0,0.9996862798937005,0.9695950480857485,10.0,0.023449721137260016,0.04331035591585816,0.04618932228363925
2073.0,1.0,11.0,134216704.0,134216704.0,1.0,0.010696344487343648,0.011579326033178967,1544.0,0.0,-1.0,-1.0,0.9996862798937005,0.9695950480857485,10.0,0.023449721137260016,0.04328928212663229,0.04616809550900931
2074.0,1.0,6.0,134216704.0,134216704.0,1.0,0.010696344487343648,0.011579326033178974,1545.0,1.0,-1.0,-1.0,0.9996862798937005,0.9695950480857485,10.0,0.023449721137260016,0.04326820833740643,0.04614686873430281
2075.0,1.0,5.0,134216704.0,134216704.0,1.0,0.010696344487343648,0.011579326033178981,1546.0,1.0,-1.0,-1.0,0.9996862798937005,0.9695950480857485,10.0,0.023449721137260016,0.04324713454818056,0.04612564195951898
2076.0,1.0,4.0,134216704.0,134216704.0,1.0,0.010696344487343648,0.011579326033178974,1547.0,0.0,-1.0,-1.0,0.9996862798937005,0.9695950480857485,10.0,0.023449721137260016,0.0432260607589547,0.046104415184657084
2077.0,1.0,6.0,134216704.0,134216704.0,1.0,0.010696344487343655,0.011579326033178974,1548.0,0.0,-1.0,-1.0,0.9996862798937005,0.9695950480857485,10.0,0.023449721137260016,0.04320498696972884,0.04608318840971636
2078.0,1.0,8.0,134216704.0,134216704.0,1.0,0.010696344487343655,0.011579326033178981,1549.0,0.0,-1.0,-1.0,0.9996862798937005,0.9695950480857485,10.0,0.023449721137260016,0.04318391318050297,0.04606196163469606
2079.0,1.0,4.0,134216704.0,134216704.0,1.0,0.010696344487343655,0.011579326033178995,1550.0,1.0,-1.0,-1.0,0.9996862798937005,0.9695950480857485,10.0,0.023449721137260016,0.04316283939127711,0.04604073485959538
2080.0,1.0,9.0,134216704.0,134216704.0,1.0,0.010696344487343655,0.011579326033179002,1551.0,1.0,-1.0,-1.0,0.9996862798937005,0.9695950480857485,10.0,0.023449721137260016,0.04314176560205124,0.046019508084413546
2081.0,1.0,7.0,134216704.0,134216704.0,1.0,0.010696344487343655,0.011579326033178995,1552.0,1.0,-1.0,-1.0,0.9996862798937005,0.9695950480857485,10.0,0.023449721137260016,0.04312069181282538,0.045998281309149756
2082.0,1.0,4.0,134216704.0,134216704.0,1.0,0.010696344487343662,0.011579326033179002,1553.0,1.0,-1.0,-1.0,0.9996862798937005,0.9695950480857485,10.0,0.023449721137260016,0.04309961802359952,0.045977054533803234
2083.0,1.0,3.0,134216704.0,134216704.0,1.0,0.010696344487343662,0.011579326033178995,1554.0,0.0,-1.0,-1.0,0.9996862798937005,0.9695950480857485,10.0,0.023449721137260016,0.04307854423437364,0.04595582775837316
2084.0,1.0,8.0,134216704.0,134216704.0,1.0,0.010696344487343655,0.011579326033178995,1555.0,0.0,-1.0,-1.0,0.9996862798937005,0.9695950480857485,10.0,0.023449721137260016,0.04305747044514777,0.04593460098285873
2085.0,1.0,4.0,134216704.0,134216704.0,1.0,0.010696344487343648,0.011579326033179002,1556.0,2.0,-1.0,-1.0,0.9996862798937005,0.9695950480857485,10.0,0.023449721137260016,0.0430363966559219,0.04591337420725912
2086.0,1.0,7.0,134216704.0,134216704.0,1.0,0.010696344487343641,0.011579326033179002,1557.0,0.0,-1.0,-1.0,0.9996862798937005,0.9695950480857485,10.0,0.023449721137260016,0.04301532286669603,0.0458921474315735
2087.0,1.0,8.0,134216704.0,134216704.0,1.0,0.010696344487343641,0.011579326033179009,1558.0,3.0,-1.0,-1.0,0.9996862798937005,0.9695950480857485,10.0,0.023449721137260016,0.04299424907747017,0.04587092065580103
2088.0,1.0,6.0,134216704.0,134216704.0,1.0,0.010696344487343641,0.011579326033179016,1559.0,0.0,-1.0,-1.0,0.9996862798937005,0.9695950480857485,10.0,0.023449721137260016,0.0429731752882443,0.04584969387994087
2089.0,1.0,4.0,134216704.0,134216704.0,1.0,0.010696344487343641,0.011579326033179023,1560.0,1.0,-1.0,-1.0,0.9996862798937005,0.9695950480857485,10.0,0.023449721137260016,0.04295210149901844,0.04582846710399216
2090.0,1.0,9.0,134216704.0,134216704.0,1.0,0.010696344487343641,0.011579326033179037,1561.0,2.0,-1.0,-1.0,0.9996862798937005,0.9695950480857485,10.0,0.023449721137260016,0.04293102770979257,0.04580724032795404
2091.0,1.0,8.0,134216704.0,134216704.0,1.0,0.010696344487343641,0.011579326033179044,1562.0,1.0,-1.0,-1.0,0.9996862798937005,0.9695950480857485,10.0,0.023449721137260016,0.04290995392056671,0.04578601355182563
2092.0,1.0,6.0,134216704.0,134216704.0,1.0,0.010696344487343648,0.011579326033179037,1563.0,0.0,-1.0,-1.0,0.9996862798937005,0.9695950480857485,10.0,0.023449721137260016,0.042888880131340845,0.04576478677560606
2093.0,1.0,3.0,134216704.0,134216704.0,1.0,0.010696344487343648,0.011579326033179044,1564.0,1.0,-1.0,-1.0,0.9996862798937005,0.9695950480857485,10.0,0.023449721137260016,0.04286780634211498,0.045743559999294456
2094.0,1.0,6.0,134216704.0,134216704.0,1.0,0.010696344487343641,0.01157932603317905,1565.0,0.0,-1.0,-1.0,0.9996862798937005,0.9695950480857485,10.0,0.023449721137260016,0.04284673255288911,0.0457223332228899
2095.0,1.0,3.0,134216704.0,134216704.0,1.0,0.010696344487343634,0.01157932603317905,1566.0,1.0,-1.0,-1.0,0.9996862798937005,0.9695950480857485,10.0,0.023449721137260016,0.04282565876366323,0.04570110644639149
2096.0,1.0,8.0,134216704.0,134216704.0,1.0,0.010696344487343634,0.011579326033179058,1567.0,0.0,-1.0,-1.0,0.9996862798937005,0.9695950480857485,10.0,0.023449721137260016,0.04280458497443737,0.04567987966979832
2097.0,1.0,9.0,134216704.0,134216704.0,1.0,0.010696344487343641,0.011579326033179058,1568.0,0.0,-1.0,-1.0,0.9996862798937005,0.9695950480857485,10.0,0.023449721137260016,0.04278351118521151,0.04565865289310946
2098.0,1.0,10.0,134216704.0,134216704.0,1.0,0.010696344487343641,0.011579326033179058,1569.0,0.0,-1.0,-1.0,0.9996862798937005,0.9695950480857485,10.0,0.023449721137260016,0.04276243739598565,0.045637426116323994
2099.0,1.0,8.0,134216704.0,134216704.0,1.0,0.010696344487343641,0.011579326033179058,1570.0,0.0,-1.0,-1.0,0.9996862798937005,0.9695950480857485,10.0,0.023449721137260016,0.042741363606759786,0.045616199339440965
2100.0,1.0,6.0,134216704.0,134216704.0,1.0,0.010696344487343641,0.011579326033179065,1571.0,3.0,-1.0,-1.0,0.9996862798937005,0.9695950480857485,10.0,0.023449721137260016,0.04272028981753392,0.04559497256245943
2101.0,1.0,11.0,134216704.0,134216704.0,1.0,0.010696344487343641,0.011579326033179071,1572.0,1.0,-1.0,-1.0,0.9996862798937005,0.9695950480857485,10.0,0.023449721137260016,0.042699216028308055,0.04557374578537842
2102.0,1.0,3.0,134216704.0,134216704.0,1.0,0.010696344487343648,0.011579326033179071,1573.0,1.0,-1.0,-1.0,0.9996862798937005,0.9695950480857485,10.0,0.023449721137260016,0.042678142239082194,0.04555251900819697
2103.0,1.0,5.0,134216704.0,134216704.0,1.0,0.010696344487343655,0.011579326033179065,1574.0,1.0,-1.0,-1.0,0.9996862798937005,0.9695950480857485,10.0,0.023449721137260016,0.04265706844985633,0.04553129223091411
2104.0,1.0,4.0,134216704.0,134216704.0,1.0,0.010696344487343655,0.011579326033179065,1575.0,3.0,-1.0,-1.0,0.9996862798937005,0.9695950480857485,10.0,0.023449721137260016,0.04263599466063047,0.04551006545352885
2105.0,1.0,7.0,134216704.0,134216704.0,1.0,0.010696344487343655,0.011579326033179071,1576.0,0.0,-1.0,-1.0,0.9996862798937005,0.9695950480857485,10.0,0.023449721137260016,0.04261492087140461,0.0454888386760402
2106.0,1.0,6.0,134216704.0,134216704.0,1.0,0.010696344487343655,0.011579326033179078,1577.0,2.0,-1.0,-1.0,0.9996862798937005,0.9695950480857485,10.0,0.023449721137260016,0.04259384708217875,0.045467611898447134
2107.0,1.0,6.0,134216704.0,134216704.0,1.0,0.010696344487343655,0.011579326033179085,1578.0,1.0,-1.0,-1.0,0.9996862798937005,0.9695950480857485,10.0,0.023449721137260016,0.04257277329295288,0.04544638512074865
2108.0,1.0,8.0,134216704.0,134216704.0,1.0,0.010696344487343662,0.011579326033179092,1579.0,0.0,-1.0,-1.0,0.9996862798937005,0.9695950480857485,10.0,0.023449721137260016,0.04255169950372702,0.04542515834294372
2109.0,1.0,1.0,134216704.0,134216704.0,1.0,0.010696344487343662,0.011579326033179092,1580.0,0.0,-1.0,-1.0,0.9996862798937005,0.9695950480857485,10.0,0.023449721137260016,0.042530625714501155,0.04540393156503131
2110.0,1.0,2.0,134216704.0,134216704.0,1.0,0.010696344487343662,0.0115793260331791,1581.0,0.0,-1.0,-1.0,0.9996862798937005,0.9695950480857485,10.0,0.023449721137260016,0.042509551925275293,0.04538270478701036
2111.0,1.0,4.0,134216704.0,134216704.0,1.0,0.010696344487343662,0.011579326033179106,1582.0,0.0,-1.0,-1.0,0.9996862798937005,0.9695950480857485,10.0,0.023449721137260016,0.04248847813604943,0.045361478008879824
2112.0,1.0,8.0,134216704.0,134216704.0,1.0,0.010696344487343662,0.011579326033179113,1583.0,0.0,-1.0,-1.0,0.9996862798937005,0.9695950480857485,10.0,0.023449721137260016,0.04246740434682356,0.04534025123063863
2113.0,1.0,4.0,134216704.0,134216704.0,1.0,0.010696344487343669,0.011579326033179113,1584.0,0.0,-1.0,-1.0,0.9996862798937005,0.9695950480857485,10.0,0.023449721137260016,0.0424463305575977,0.0453190244522857
2114.0,1.0,5.0,134216704.0,134216704.0,1.0,0.010696344487343676,0.011579326033179113,1585.0,2.0,-1.0,-1.0,0.9996862798937005,0.9695950480857485,10.0,0.023449721137260016,0.04242525676837184,0.045297797673819945
2115.0,1.0,7.0,134216704.0,134216704.0,1.0,0.010696344487343676,0.011579326033179106,1586.0,0.0,-1.0,-1.0,0.9996862798937005,0.9695950480857485,10.0,0.023449721137260016,0.04240418297914598,0.04527657089524027
2116.0,1.0,3.0,134216704.0,134216704.0,1.0,0.010696344487343676,0.011579326033179106,1587.0,1.0,-1.0,-1.0,0.9996862798937005,0.9695950480857485,10.0,0.023449721137260016,0.042383109189920116,0.045255344116545575
2117.0,1.0,7.0,134216704.0,134216704.0,1.0,0.010696344487343676,0.011579326033179113,1588.0,0.0,-1.0,-1.0,0.9996862798937005,0.9695950480857485,10.0,0.023449721137260016,0.04236203540069425,0.04523411733773473
2118.0,1.0,8.0,134216704.0,134216704.0,1.0,0.010696344487343683,0.01157932603317912,1589.0,1.0,-1.0,-1.0,0.9996862798937005,0.9695950480857485,10.0,0.023449721137260016,0.042340961611468386,0.04521289055880662
2119.0,1.0,8.0,134216704.0,134216704.0,1.0,0.01069634448734369,0.011579326033179127,1590.0,1.0,-1.0,-1.0,0.9996862798937005,0.9695950480857485,10.0,0.023449721137260016,0.042319887822242525,0.04519166377976007
2120.0,1.0,5.0,134216704.0,134216704.0,1.0,0.01069634448734369,0.011579326033179127,1591.0,2.0,-1.0,-1.0,0.9996862798937005,0.9695950480857485,10.0,0.023449721137260016,0.04229881403301666,0.04517043700059394
2121.0,1.0,8.0,134216704.0,134216704.0,1.0,0.01069634448734369,0.011579326033179127,1592.0,0.0,-1.0,-1.0,0.9996862798937005,0.9695950480857485,10.0,0.023449721137260016,0.0422777402437908,0.04514921022130708
2122.0,1.0,3.0,134216704.0,134216704.0,1.0,0.01069634448734369,0.011579326033179127,1593.0,0.0,-1.0,-1.0,0.9996862798937005,0.9695950480857485,10.0,0.023449721137260016,0.04225666645456494,0.045127983441898306
2123.0,1.0,7.0,134216704.0,134216704.0,1.0,0.01069634448734369,0.011579326033179127,1594.0,0.0,-1.0,-1.0,0.9996862798937005,0.9695950480857485,10.0,0.023449721137260016,0.04223559266533907,0.04510675666236642
2124.0,1.0,3.0,134216704.0,134216704.0,1.0,0.010696344487343697,0.01157932603317912,1595.0,0.0,-1.0,-1.0,0.9996862798937005,0.9695950480857485,10.0,0.023449721137260016,0.04221451887611321,0.045085529882710244
2125.0,1.0,6.0,134216704.0,134216704.0,1.0,0.010696344487343697,0.011579326033179127,1596.0,0.0,-1.0,-1.0,0.9996862798937005,0.9695950480857485,10.0,0.023449721137260016,0.04219344508688735,0.04506430310292856
2126.0,1.0,4.0,134216704.0,134216704.0,1.0,0.010696344487343697,0.011579326033179134,1597.0,2.0,-1.0,-1.0,0.9996862798937005,0.9695950480857485,10.0,0.023449721137260016,0.042172371297661486,0.04504307632302014
2127.0,1.0,10.0,134216704.0,134216704.0,1.0,0.010696344487343697,0.011579326033179134,1598.0,0.0,-1.0,-1.0,0.9996862798937005,0.9695950480857485,10.0,0.023449721137260016,0.042151297508435624,0.045021849542983744
2128.0,1.0,7.0,134216704.0,134216704.0,1.0,0.010696344487343697,0.011579326033179141,1599.0,0.0,-1.0,-1.0,0.9996862798937005,0.9695950480857485,10.0,0.023449721137260016,0.042130223719209756,0.045000622762818146
2129.0,1.0,3.0,134216704.0,134216704.0,1.0,0.010696344487343704,0.011579326033179141,1600.0,0.0,-1.0,-1.0,0.9996862798937005,0.9695950480857485,10.0,0.023449721137260016,0.042109149929983894,0.044979395982522076
2130.0,1.0,3.0,134216704.0,134216704.0,1.0,0.010696344487343704,0.011579326033179155,1601.0,2.0,-1.0,-1.0,0.9996862798937005,0.9695950480857485,10.0,0.023449721137260016,0.04208807614075803,0.044958169202094264
2131.0,1.0,10.0,134216704.0,134216704.0,1.0,0.010696344487343704,0.011579326033179155,1602.0,1.0,-1.0,-1.0,0.9996862798937005,0.9695950480857485,10.0,0.023449721137260016,0.04206700235153217,0.04493694242153343
2132.0,1.0,4.0,134216704.0,134216704.0,1.0,0.010696344487343704,0.011579326033179155,1603.0,0.0,-1.0,-1.0,0.9996862798937005,0.9695950480857485,10.0,0.023449721137260016,0.04204592856230631,0.044915715640838266
2133.0,1.0,3.0,134216704.0,134216704.0,1.0,0.010696344487343704,0.011579326033179148,1604.0,0.0,-1.0,-1.0,0.9996862798937005,0.9695950480857485,10.0,0.023449721137260016,0.04202485477308044,0.04489448886000747
2134.0,1.0,4.0,134216704.0,134216704.0,1.0,0.01069634448734371,0.011579326033179148,1605.0,1.0,-1.0,-1.0,0.9996862798937005,0.9695950480857485,10.0,0.023449721137260016,0.04200378098385458,0.04487326207903974
2135.0,1.0,2.0,134216704.0,134216704.0,1.0,0.01069634448734371,0.011579326033179155,1606.0,0.0,-1.0,-1.0,0.9996862798937005,0.9695950480857485,10.0,0.023449721137260016,0.04198270719462872,0.04485203529793372
2136.0,1.0,5.0,134216704.0,134216704.0,1.0,0.01069634448734371,0.011579326033179155,1607.0,0.0,-1.0,-1.0,0.9996862798937005,0.9695950480857485,10.0,0.023449721137260016,0.041961633405402855,0.04483080851668807
2137.0,1.0,9.0,134216704.0,134216704.0,1.0,0.01069634448734371,0.011579326033179148,1608.0,0.0,-1.0,-1.0,0.9996862798937005,0.9695950480857485,10.0,0.023449721137260016,0.04194055961617699,0.044809581735301425
2138.0,1.0,4.0,134216704.0,134216704.0,1.0,0.010696344487343707,0.011579326033179148,1609.0,0.0,-1.0,-1.0,0.9996862798937005,0.9695950480857485,10.0,0.023449721137260016,0.041919485826951125,0.04478835495377243
2139.0,1.0,4.0,134216704.0,134216704.0,1.0,0.010696344487343704,0.011579326033179155,1610.0,1.0,-1.0,-1.0,0.9996862798937005,0.9695950480857485,10.0,0.023449721137260016,0.04189841203772526,0.04476712817209969
2140.0,1.0,6.0,134216704.0,134216704.0,1.0,0.010696344487343704,0.011579326033179155,1611.0,1.0,-1.0,-1.0,0.9996862798937005,0.9695950480857485,10.0,0.023449721137260016,0.041877338248499395,0.0447459013902818
2141.0,1.0,8.0,134216704.0,134216704.0,1.0,0.010696344487343704,0.011579326033179155,1612.0,0.0,-1.0,-1.0,0.9996862798937005,0.9695950480857485,10.0,0.023449721137260016,0.041856264459273526,0.044724674608317354
2142.0,1.0,2.0,134216704.0,134216704.0,1.0,0.010696344487343707,0.011579326033179162,1613.0,2.0,-1.0,-1.0,0.9996862798937005,0.9695950480857485,10.0,0.023449721137260016,0.041835190670047664,0.04470344782620492
2143.0,1.0,10.0,134216704.0,134216704.0,1.0,0.01069634448734371,0.011579326033179162,1614.0,0.0,-1.0,-1.0,0.9996862798937005,0.9695950480857485,10.0,0.023449721137260016,0.0418141168808218,0.04468222104394305
2144.0,1.0,7.0,134216704.0,134216704.0,1.0,0.01069634448734371,0.011579326033179169,1615.0,0.0,-1.0,-1.0,0.9996862798937005,0.9695950480857485,10.0,0.023449721137260016,0.04179304309159594,0.044660994261530314
2145.0,1.0,6.0,134216704.0,134216704.0,1.0,0.01069634448734371,0.011579326033179176,1616.0,0.0,-1.0,-1.0,0.9996862798937005,0.9695950480857485,10.0,0.023449721137260016,0.04177196930237008,0.044639767478965225
2146.0,1.0,6.0,134216704.0,134216704.0,1.0,0.010696344487343707,0.011579326033179183,1617.0,1.0,-1.0,-1.0,0.9996862798937005,0.9695950480857485,10.0,0.023449721137260016,0.041750895513144204,0.044618540696246295
2147.0,1.0,8.0,134216704.0,134216704.0,1.0,0.01069634448734371,0.011579326033179183,1618.0,1.0,-1.0,-1.0,0.9996862798937005,0.9695950480857485,10.0,0.023449721137260016,0.04172982172391834,0.04459731391337202
2148.0,1.0,16.0,134216704.0,134216704.0,1.0,0.01069634448734371,0.011579326033179183,1619.0,0.0,-1.0,-1.0,0.9996862798937005,0.9695950480857485,10.0,0.023449721137260016,0.04170874793469248,0.04457608713034091
2149.0,1.0,4.0,134216704.0,134216704.0,1.0,0.010696344487343707,0.01157932603317919,1620.0,0.0,-1.0,-1.0,0.9996862798937005,0.9695950480857485,10.0,0.023449721137260016,0.041687674145466605,0.044554860347151434
2150.0,1.0,10.0,134216704.0,134216704.0,1.0,0.010696344487343704,0.011579326033179196,1621.0,0.0,-1.0,-1.0,0.9996862798937005,0.9695950480857485,10.0,0.023449721137260016,0.04166660035624074,0.04453363356380204
2151.0,1.0,5.0,134216704.0,134216704.0,1.0,0.010696344487343704,0.01157932603317921,1622.0,0.0,-1.0,-1.0,0.9996862798937005,0.9695950480857485,10.0,0.023449721137260016,0.04164552656701488,0.04451240678029117
2152.0,1.0,3.0,134216704.0,134216704.0,1.0,0.010696344487343707,0.01157932603317921,1623.0,0.0,-1.0,-1.0,0.9996862798937005,0.9695950480857485,10.0,0.023449721137260016,0.04162445277778902,0.04449117999661725
2153.0,1.0,8.0,134216704.0,134216704.0,1.0,0.01069634448734371,0.011579326033179217,1624.0,0.0,-1.0,-1.0,0.9996862798937005,0.9695950480857485,10.0,0.023449721137260016,0.04160337898856316,0.04446995321277871
2154.0,1.0,3.0,134216704.0,134216704.0,1.0,0.01069634448734371,0.011579326033179224,1625.0,1.0,-1.0,-1.0,0.9996862798937005,0.9695950480857485,10.0,0.023449721137260016,0.04158230519933729,0.04444872642877393
2155.0,1.0,5.0,134216704.0,134216704.0,1.0,0.01069634448734371,0.011579326033179231,1626.0,1.0,-1.0,-1.0,0.9996862798937005,0.9695950480857485,10.0,0.023449721137260016,0.04156123141011142,0.04442749964460129
2156.0,1.0,5.0,134216704.0,134216704.0,1.0,0.01069634448734371,0.011579326033179238,1627.0,4.0,-1.0,-1.0,0.9996862798937005,0.9695950480857485,10.0,0.023449721137260016,0.04154015762088556,0.044406272860259166
2157.0,1.0,10.0,134216704.0,134216704.0,1.0,0.01069634448734371,0.011579326033179245,1628.0,1.0,-1.0,-1.0,0.9996862798937005,0.9695950480857485,10.0,0.023449721137260016,0.0415190838316597,0.04438504607574589
2158.0,1.0,9.0,134216704.0,134216704.0,1.0,0.010696344487343714,0.011579326033179252,1629.0,0.0,-1.0,-1.0,0.9996862798937005,0.9695950480857485,10.0,0.023449721137260016,0.041498010042433836,0.04436381929105983
2159.0,1.0,8.0,134216704.0,134216704.0,1.0,0.010696344487343714,0.011579326033179259,1630.0,0.0,-1.0,-1.0,0.9996862798937005,0.9695950480857485,10.0,0.023449721137260016,0.04147693625320797,0.04434259250619927
2160.0,1.0,8.0,134216704.0,134216704.0,1.0,0.01069634448734371,0.011579326033179259,1631.0,1.0,-1.0,-1.0,0.9996862798937005,0.9695950480857485,10.0,0.023449721137260016,0.0414558624639821,0.04432136572116252
2161.0,1.0,4.0,134216704.0,134216704.0,1.0,0.010696344487343707,0.011579326033179259,1632.0,1.0,-1.0,-1.0,0.9996862798937005,0.9695950480857485,10.0,0.023449721137260016,0.04143478867475623,0.04430013893594787
2162.0,1.0,4.0,134216704.0,134216704.0,1.0,0.010696344487343704,0.011579326033179266,1633.0,0.0,-1.0,-1.0,0.9996862798937005,0.9695950480857485,10.0,0.023449721137260016,0.04141371488553036,0.04427891215055358
2163.0,1.0,3.0,134216704.0,134216704.0,1.0,0.010696344487343707,0.011579326033179273,1634.0,0.0,-1.0,-1.0,0.9996862798937005,0.9695950480857485,10.0,0.023449721137260016,0.0413926410963045,0.044257685364977914
2164.0,1.0,8.0,134216704.0,134216704.0,1.0,0.01069634448734371,0.011579326033179273,1635.0,1.0,-1.0,-1.0,0.9996862798937005,0.9695950480857485,10.0,0.023449721137260016,0.04137156730707864,0.04423645857921909
2165.0,1.0,4.0,134216704.0,134216704.0,1.0,0.01069634448734371,0.011579326033179273,1636.0,0.0,-1.0,-1.0,0.9996862798937005,0.9695950480857485,10.0,0.023449721137260016,0.04135049351785278,0.04421523179327533
2166.0,1.0,5.0,134216704.0,134216704.0,1.0,0.01069634448734371,0.01157932603317928,1637.0,1.0,-1.0,-1.0,0.9996862798937005,0.9695950480857485,10.0,0.023449721137260016,0.041329419728626915,0.04419400500714485
2167.0,1.0,4.0,134216704.0,134216704.0,1.0,0.01069634448734371,0.011579326033179287,1638.0,2.0,-1.0,-1.0,0.9996862798937005,0.9695950480857485,10.0,0.023449721137260016,0.041308345939401046,0.044172778220825805
2168.0,1.0,14.0,134216704.0,134216704.0,1.0,0.010696344487343714,0.011579326033179287,1639.0,0.0,-1.0,-1.0,0.9996862798937005,0.9695950480857485,10.0,0.023449721137260016,0.041287272150175185,0.04415155143431638
2169.0,1.0,7.0,134216704.0,134216704.0,1.0,0.010696344487343714,0.011579326033179294,1640.0,0.0,-1.0,-1.0,0.9996862798937005,0.9695950480857485,10.0,0.023449721137260016,0.041266198360949316,0.04413032464761471
2170.0,1.0,2.0,134216704.0,134216704.0,1.0,0.010696344487343714,0.011579326033179294,1641.0,2.0,-1.0,-1.0,0.9996862798937005,0.9695950480857485,10.0,0.023449721137260016,0.041245124571723454,0.04410909786071893
2171.0,1.0,12.0,134216704.0,134216704.0,1.0,0.01069634448734371,0.0115793260331793,1642.0,0.0,-1.0,-1.0,0.9996862798937005,0.9695950480857485,10.0,0.023449721137260016,0.04122405078249758,0.04408787107362714
2172.0,1.0,3.0,134216704.0,134216704.0,1.0,0.010696344487343707,0.0115793260331793,1643.0,0.0,-1.0,-1.0,0.9996862798937005,0.9695950480857485,10.0,0.023449721137260016,0.04120297699327172,0.044066644286337435
2173.0,1.0,9.0,134216704.0,134216704.0,1.0,0.010696344487343707,0.011579326033179307,1644.0,1.0,-1.0,-1.0,0.9996862798937005,0.9695950480857485,10.0,0.023449721137260016,0.041181903204045855,0.0440454174988479
2174.0,1.0,7.0,134216704.0,134216704.0,1.0,0.01069634448734371,0.011579326033179314,1645.0,0.0,-1.0,-1.0,0.9996862798937005,0.9695950480857485,10.0,0.023449721137260016,0.041160829414819994,0.04402419071115657
2175.0,1.0,4.0,134216704.0,134216704.0,1.0,0.01069634448734371,0.011579326033179321,1646.0,1.0,-1.0,-1.0,0.9996862798937005,0.9695950480857485,10.0,0.023449721137260016,0.041139755625594125,0.04400296392326149
2176.0,1.0,6.0,134216704.0,134216704.0,1.0,0.01069634448734371,0.011579326033179328,1647.0,0.0,-1.0,-1.0,0.9996862798937005,0.9695950480857485,10.0,0.023449721137260016,0.04111868183636826,0.043981737135160674
2177.0,1.0,8.0,134216704.0,134216704.0,1.0,0.01069634448734371,0.011579326033179328,1648.0,0.0,-1.0,-1.0,0.9996862798937005,0.9695950480857485,10.0,0.023449721137260016,0.041097608047142395,0.043960510346852125
2178.0,1.0,5.0,134216704.0,134216704.0,1.0,0.01069634448734371,0.011579326033179335,1649.0,0.0,-1.0,-1.0,0.9996862798937005,0.9695950480857485,10.0,0.023449721137260016,0.04107653425791653,0.04393928355833382
2179.0,1.0,5.0,134216704.0,134216704.0,1.0,0.010696344487343714,0.011579326033179335,1650.0,2.0,-1.0,-1.0,0.9996862798937005,0.9695950480857485,10.0,0.023449721137260016,0.04105546046869067,0.0439180567696037
2180.0,1.0,9.0,134216704.0,134216704.0,1.0,0.01069634448734371,0.011579326033179342,1651.0,1.0,-1.0,-1.0,0.9996862798937005,0.9695950480857485,10.0,0.023449721137260016,0.0410343866794648,0.04389682998065972
2181.0,1.0,6.0,134216704.0,134216704.0,1.0,0.01069634448734371,0.011579326033179342,1652.0,2.0,-1.0,-1.0,0.9996862798937005,0.9695950480857485,10.0,0.023449721137260016,0.041013312890238934,0.04387560319149979
2182.0,1.0,13.0,134216704.0,134216704.0,1.0,0.010696344487343707,0.011579326033179349,1653.0,0.0,-1.0,-1.0,0.9996862798937005,0.9695950480857485,10.0,0.023449721137260016,0.040992239101013066,0.04385437640212181
2183.0,1.0,5.0,134216704.0,134216704.0,1.0,0.010696344487343704,0.011579326033179356,1654.0,0.0,-1.0,-1.0,0.9996862798937005,0.9695950480857485,10.0,0.023449721137260016,0.0409711653117872,0.04383314961252366
2184.0,1.0,12.0,134216704.0,134216704.0,1.0,0.010696344487343704,0.011579326033179363,1655.0,0.0,-1.0,-1.0,0.9996862798937005,0.9695950480857485,10.0,0.023449721137260016,0.040950091522561335,0.043811922822703186
2185.0,1.0,3.0,134216704.0,134216704.0,1.0,0.010696344487343704,0.011579326033179363,1656.0,0.0,-1.0,-1.0,0.9996862798937005,0.9695950480857485,10.0,0.023449721137260016,0.040929017733335474,0.04379069603265823
2186.0,1.0,6.0,134216704.0,134216704.0,1.0,0.010696344487343704,0.01157932603317937,1657.0,1.0,-1.0,-1.0,0.9996862798937005,0.9695950480857485,10.0,0.023449721137260016,0.040907943944109605,0.0437694692423866
2187.0,1.0,6.0,134216704.0,134216704.0,1.0,0.010696344487343704,0.011579326033179363,1658.0,3.0,-1.0,-1.0,0.9996862798937005,0.9695950480857485,10.0,0.023449721137260016,0.04088687015488374,0.0437482424518861
2188.0,1.0,9.0,134216704.0,134216704.0,1.0,0.010696344487343704,0.011579326033179363,1659.0,0.0,-1.0,-1.0,0.9996862798937005,0.9695950480857485,10.0,0.023449721137260016,0.040865796365657875,0.04372701566115449
2189.0,1.0,6.0,134216704.0,134216704.0,1.0,0.010696344487343707,0.011579326033179377,1660.0,0.0,-1.0,-1.0,0.9996862798937005,0.9695950480857485,10.0,0.023449721137260016,0.04084472257643201,0.04370578887018954
2190.0,1.0,2.0,134216704.0,134216704.0,1.0,0.01069634448734371,0.011579326033179384,1661.0,0.0,-1.0,-1.0,0.9996862798937005,0.9695950480857485,10.0,0.023449721137260016,0.04082364878720615,0.04368456207898896
2191.0,1.0,8.0,134216704.0,134216704.0,1.0,0.01069634448734371,0.011579326033179384,1662.0,0.0,-1.0,-1.0,0.9996862798937005,0.9695950480857485,10.0,0.023449721137260016,0.04080257499798029,0.043663335287550446
2192.0,1.0,0.0,134216704.0,134216704.0,1.0,0.010696344487343707,0.01157932603317939,1663.0,0.0,-1.0,-1.0,0.867541277643506,0.06874293104515919,10.0,0.023449721137260016,0.04001036228766082,0.040637623759476466
2193.0,1.0,5.0,134216704.0,134216704.0,1.0,0.01069634448734371,0.011579326033179394,1664.0,1.0,-1.0,-1.0,0.9996811680298321,0.9730334464906178,10.0,0.023449721137260016,0.04076174910001651,0.04362064070990443
2194.0,1.0,4.0,134216704.0,134216704.0,1.0,0.010696344487343714,0.011579326033179394,1665.0,0.0,-1.0,-1.0,0.999686279757283,0.9696008543925715,10.0,0.023449721137260016,0.04073935634336384,0.04359965505718556
2195.0,1.0,9.0,134216704.0,134216704.0,1.0,0.010696344487343717,0.011579326033179387,1666.0,0.0,-1.0,-1.0,0.999686279893697,0.9695950435186619,10.0,0.023449721137260016,0.04071827984007831,0.04357842811937952
2196.0,1.0,3.0,134216704.0,134216704.0,1.0,0.010696344487343717,0.011579326033179387,1667.0,0.0,-1.0,-1.0,0.9996862798937004,0.9695950480830628,10.0,0.023449721137260016,0.04069720605185005,0.04355720132670719
2197.0,1.0,3.0,134216704.0,134216704.0,1.0,0.010696344487343717,0.011579326033179394,1668.0,2.0,-1.0,-1.0,0.9996862798937005,0.969595048085753,10.0,0.023449721137260016,0.040676132262625106,0.04353597453379171
2198.0,1.0,12.0,134216704.0,134216704.0,1.0,0.010696344487343714,0.011579326033179408,1669.0,0.0,-1.0,-1.0,0.9996862798937005,0.9695950480857485,10.0,0.023449721137260016,0.04065505847339924,0.04351474774062161
2199.0,1.0,3.0,134216704.0,134216704.0,1.0,0.010696344487343714,0.011579326033179408,1670.0,1.0,-1.0,-1.0,0.9996862798937005,0.9695950480857485,10.0,0.023449721137260016,0.04063398468417337,0.043493520947194414
2200.0,1.0,7.0,134216704.0,134216704.0,1.0,0.010696344487343717,0.011579326033179415,1671.0,0.0,-1.0,-1.0,0.9996862798937005,0.9695950480857485,10.0,0.023449721137260016,0.04061291089494751,0.043472294153507604
2201.0,1.0,7.0,134216704.0,134216704.0,1.0,0.010696344487343717,0.011579326033179422,1672.0,0.0,-1.0,-1.0,0.9996862798937005,0.9695950480857485,10.0,0.023449721137260016,0.040591837105721645,0.04345106735955867
2202.0,1.0,8.0,134216704.0,134216704.0,1.0,0.010696344487343717,0.011579326033179422,1673.0,0.0,-1.0,-1.0,0.9996862798937005,0.9695950480857485,10.0,0.023449721137260016,0.040570763316495784,0.04342984056534506
2203.0,1.0,5.0,134216704.0,134216704.0,1.0,0.010696344487343714,0.011579326033179422,1674.0,3.0,-1.0,-1.0,0.9996862798937005,0.9695950480857485,10.0,0.023449721137260016,0.04054968952726991,0.04340861377086418
2204.0,1.0,7.0,134216704.0,134216704.0,1.0,0.01069634448734371,0.011579326033179429,1675.0,2.0,-1.0,-1.0,0.9996862798937005,0.9695950480857485,10.0,0.023449721137260016,0.04052861573804404,0.043387386976113454
2205.0,1.0,7.0,134216704.0,134216704.0,1.0,0.01069634448734371,0.011579326033179436,1676.0,1.0,-1.0,-1.0,0.9996862798937005,0.9695950480857485,10.0,0.023449721137260016,0.04050754194881817,0.04336616018109023
2206.0,1.0,7.0,134216704.0,134216704.0,1.0,0.01069634448734371,0.011579326033179443,1677.0,0.0,-1.0,-1.0,0.9996862798937005,0.9695950480857485,10.0,0.023449721137260016,0.04048646815959231,0.04334493338579186
2207.0,1.0,6.0,134216704.0,134216704.0,1.0,0.010696344487343707,0.01157932603317945,1678.0,1.0,-1.0,-1.0,0.9996862798937005,0.9695950480857485,10.0,0.023449721137260016,0.04046539437036645,0.04332370659021567
2208.0,1.0,8.0,134216704.0,134216704.0,1.0,0.010696344487343707,0.011579326033179457,1679.0,0.0,-1.0,-1.0,0.9996862798937005,0.9695950480857485,10.0,0.023449721137260016,0.04044432058114058,0.04330247979435896
2209.0,1.0,6.0,134216704.0,134216704.0,1.0,0.010696344487343707,0.011579326033179464,1680.0,0.0,-1.0,-1.0,0.9996862798937005,0.9695950480857485,10.0,0.023449721137260016,0.04042324679191471,0.04328125299821897
2210.0,1.0,4.0,134216704.0,134216704.0,1.0,0.01069634448734371,0.011579326033179457,1681.0,1.0,-1.0,-1.0,0.9996862798937005,0.9695950480857485,10.0,0.023449721137260016,0.04040217300268885,0.04326002620179298
2211.0,1.0,6.0,134216704.0,134216704.0,1.0,0.010696344487343714,0.011579326033179457,1682.0,0.0,-1.0,-1.0,0.9996862798937005,0.9695950480857485,10.0,0.023449721137260016,0.04038109921346299,0.043238799405078174
2212.0,1.0,4.0,134216704.0,134216704.0,1.0,0.010696344487343714,0.01157932603317945,1683.0,0.0,-1.0,-1.0,0.9996862798937005,0.9695950480857485,10.0,0.023449721137260016,0.040360025424237125,0.043217572608071755
2213.0,1.0,11.0,134216704.0,134216704.0,1.0,0.010696344487343714,0.011579326033179457,1684.0,0.0,-1.0,-1.0,0.9996862798937005,0.9695950480857485,10.0,0.023449721137260016,0.040338951635011264,0.04319634581077088
2214.0,1.0,2.0,134216704.0,134216704.0,1.0,0.010696344487343714,0.01157932603317945,1685.0,1.0,-1.0,-1.0,0.9996862798937005,0.9695950480857485,10.0,0.023449721137260016,0.040317877845785395,0.0431751190131727
2215.0,1.0,8.0,134216704.0,134216704.0,1.0,0.010696344487343714,0.011579326033179464,1686.0,0.0,-1.0,-1.0,0.9996862798937005,0.9695950480857485,10.0,0.023449721137260016,0.040296804056559526,0.0431538922152743
2216.0,1.0,5.0,134216704.0,134216704.0,1.0,0.010696344487343717,0.011579326033179477,1687.0,0.0,-1.0,-1.0,0.9996862798937005,0.9695950480857485,10.0,0.023449721137260016,0.040275730267333665,0.043132665417072766
2217.0,1.0,4.0,134216704.0,134216704.0,1.0,0.010696344487343714,0.011579326033179484,1688.0,1.0,-1.0,-1.0,0.9996862798937005,0.9695950480857485,10.0,0.023449721137260016,0.040254656478107796,0.04311143861856513
2218.0,1.0,5.0,134216704.0,134216704.0,1.0,0.01069634448734371,0.011579326033179484,1689.0,2.0,-1.0,-1.0,0.9996862798937005,0.9695950480857485,10.0,0.023449721137260016,0.04023358268888193,0.043090211819748425
2219.0,1.0,6.0,134216704.0,134216704.0,1.0,0.010696344487343707,0.011579326033179477,1690.0,2.0,-1.0,-1.0,0.9996862798937005,0.9695950480857485,10.0,0.023449721137260016,0.040212508899656066,0.043068985020619635
2220.0,1.0,6.0,134216704.0,134216704.0,1.0,0.010696344487343707,0.011579326033179477,1691.0,1.0,-1.0,-1.0,0.9996862798937005,0.9695950480857485,10.0,0.023449721137260016,0.0401914351104302,0.04304775822117572
2221.0,1.0,6.0,134216704.0,134216704.0,1.0,0.01069634448734371,0.011579326033179477,1692.0,0.0,-1.0,-1.0,0.9996862798937005,0.9695950480857485,10.0,0.023449721137260016,0.040170361321204336,0.04302653142141363
2222.0,1.0,0.0,134216704.0,134216704.0,1.0,0.01069634448734371,0.011579326033179477,1693.0,0.0,-1.0,-1.0,0.867541277643506,0.06874293104515919,10.0,0.023449721137260016,0.03937814861088487,0.04000082108859754
2223.0,1.0,0.0,134216704.0,134216704.0,5.0,0.010696344487343714,0.011579326033179484,1694.0,0.0,-1.0,-1.0,0.014204893595178028,0.008388570143134403,10.0,0.023449721137260016,0.03862276732016465,0.039625744533039436
2228.0,5.0,0.0,134216704.0,134216704.0,5.0,0.010669779123175193,0.011573012204001813,1695.0,0.0,-1.0,-1.0,8.31596557261291e-05,0.008247716341804082,14.0,0.023449721137260016,0.03850600674135332,0.03950296125151795
2233.0,5.0,0.0,134216704.0,134216704.0,5.0,0.010643335556816829,0.011567384799782678,1696.0,0.0,-1.0,-1.0,8.315965572541127e-05,0.008247716341804075,15.0,0.023449721137260016,0.03839424568630797,0.03938095840363085
2238.0,5.0,0.0,134216704.0,134216704.0,5.0,0.010616891990458458,0.01156175739556354,1697.0,0.0,-1.0,-1.0,8.315965572541127e-05,0.008247716341804077,15.0,0.023449721137260016,0.03828248464034764,0.039260101292202164
2243.0,5.0,0.0,134216704.0,134216704.0,5.0,0.010590448424100084,0.011556129991344397,1698.0,0.0,-1.0,-1.0,8.315965572541127e-05,0.008247716341804077,15.0,0.023449721137260016,0.038170723603923346,0.03913924418077348
2248.0,5.0,0.0,134216704.0,134216704.0,5.0,0.010564004857741716,0.011550502587125259,1699.0,0.0,-1.0,-1.0,8.315965572541127e-05,0.008247716341804077,15.0,0.023449721137260016,0.03805896257750849,0.039018387069344795
2253.0,5.0,0.0,134216704.0,134216704.0,5.0,0.010537561291383342,0.01154487518290612,1700.0,0.0,-1.0,-1.0,8.315965572541127e-05,0.008247716341804077,15.0,0.023449721137260016,0.03794720156159996,0.0388975299579161
2258.0,5.0,0.0,134216704.0,134216704.0,5.0,0.010511117725024971,0.011539247778686985,1701.0,0.0,-1.0,-1.0,8.315965572541127e-05,0.008247716341804077,15.0,0.023449721137260016,0.03783544055671936,0.03877667284648741
2263.0,5.0,0.0,134216704.0,134216704.0,5.0,0.010484674158666597,0.011533620374467847,1702.0,0.0,-1.0,-1.0,8.315965572541127e-05,0.008247716341804077,15.0,0.023449721137260016,0.03772367956341413,0.03865581573505873
2268.0,5.0,0.0,134216704.0,134216704.0,5.0,0.01045823059230823,0.011527992970248705,1703.0,0.0,-1.0,-1.0,8.315965572541127e-05,0.008247716341804077,15.0,0.023449721137260016,0.037611918582258916,0.038534958623630045
2273.0,5.0,0.0,134216704.0,134216704.0,5.0,0.010431787025949858,0.011522365566029574,1704.0,0.0,-1.0,-1.0,8.315965572541127e-05,0.008247716341804077,15.0,0.023449721137260016,0.03750015761385689,0.03841410151220136
2278.0,5.0,0.0,134216704.0,134216704.0,5.0,0.01040534345959148,0.011516738161810435,1705.0,0.0,-1.0,-1.0,8.315965572541127e-05,0.008247716341804077,15.0,0.023449721137260016,0.03738839665884115,0.03829324440077267
2283.0,5.0,0.0,134216704.0,134216704.0,5.0,0.010378899893233113,0.0115111107575913,1706.0,0.0,-1.0,-1.0,8.315965572541127e-05,0.008247716341804077,15.0,0.023449721137260016,0.03727663571787626,0.03817238728934398
2288.0,5.0,0.0,134216704.0,134216704.0,5.0,0.010352456326874739,0.011505483353372162,1707.0,0.0,-1.0,-1.0,8.315965572541127e-05,0.008247716341804077,15.0,0.023449721137260016,0.03716487479165974,0.03805153017791531
2293.0,5.0,5.0,134216704.0,134216704.0,1.0,0.010326012760516364,0.01149985594915302,1708.0,1.0,-1.0,-1.0,0.9195271168608681,0.9200949295447014,15.0,0.023449721137260016,0.03824967096588164,0.04135894728082448
2294.0,1.0,9.0,134216704.0,134216704.0,1.0,0.01032601276051636,0.01149985594915302,1709.0,1.0,-1.0,-1.0,0.9996838039462109,0.9696181658632155,10.0,0.023449721137260016,0.03826165201550116,0.04139750534209701
2295.0,1.0,7.0,134216704.0,134216704.0,1.0,0.01032601276051636,0.011499855949153016,1710.0,0.0,-1.0,-1.0,0.9996862798292867,0.9695950784340946,10.0,0.023449721137260016,0.0382405692039808,0.04137627701041646
2296.0,1.0,8.0,134216704.0,134216704.0,1.0,0.010326012760516357,0.011499855949153016,1711.0,1.0,-1.0,-1.0,0.999686279893699,0.9695950480580318,10.0,0.023449721137260016,0.03821949540243137,0.041355050174374366
2297.0,1.0,6.0,134216704.0,134216704.0,1.0,0.010326012760516357,0.011499855949153013,1712.0,1.0,-1.0,-1.0,0.9996862798937005,0.9695950480857358,10.0,0.023449721137260016,0.03819842161321126,0.04133382333869626
2298.0,1.0,7.0,134216704.0,134216704.0,1.0,0.010326012760516354,0.011499855949153013,1713.0,1.0,-1.0,-1.0,0.9996862798937005,0.9695950480857485,10.0,0.023449721137260016,0.038177347823985394,0.04131259650234716
2299.0,1.0,7.0,134216704.0,134216704.0,1.0,0.01032601276051635,0.011499855949153016,1714.0,0.0,-1.0,-1.0,0.9996862798937005,0.9695950480857485,10.0,0.023449721137260016,0.03815627403475952,0.04129136966532052
2300.0,1.0,3.0,134216704.0,134216704.0,1.0,0.01032601276051635,0.011499855949153023,1715.0,0.0,-1.0,-1.0,0.9996862798937005,0.9695950480857485,10.0,0.023449721137260016,0.03813520024553366,0.04127014282760974
2301.0,1.0,7.0,134216704.0,134216704.0,1.0,0.01032601276051635,0.011499855949153023,1716.0,2.0,-1.0,-1.0,0.9996862798937005,0.9695950480857485,10.0,0.023449721137260016,0.038114126456307795,0.041248915989208164
2302.0,1.0,7.0,134216704.0,134216704.0,1.0,0.01032601276051635,0.01149985594915302,1717.0,0.0,-1.0,-1.0,0.9996862798937005,0.9695950480857485,10.0,0.023449721137260016,0.038093052667081934,0.04122768915010905
2303.0,1.0,4.0,134216704.0,134216704.0,1.0,0.01032601276051635,0.011499855949153016,1718.0,0.0,-1.0,-1.0,0.9996862798937005,0.9695950480857485,10.0,0.023449721137260016,0.03807197887785607,0.04120646231030563
2304.0,1.0,3.0,134216704.0,134216704.0,1.0,0.01032601276051635,0.01149985594915302,1719.0,0.0,-1.0,-1.0,0.9996862798937005,0.9695950480857485,10.0,0.023449721137260016,0.0380509050886302,0.041185235469791026
2305.0,1.0,6.0,134216704.0,134216704.0,1.0,0.010326012760516354,0.011499855949153016,1720.0,0.0,-1.0,-1.0,0.9996862798937005,0.9695950480857485,10.0,0.023449721137260016,0.03802983129940434,0.04116400862855832
2306.0,1.0,6.0,134216704.0,134216704.0,1.0,0.010326012760516357,0.01149985594915302,1721.0,0.0,-1.0,-1.0,0.9996862798937005,0.9695950480857485,10.0,0.023449721137260016,0.03800875751017848,0.041142781786600524
2307.0,1.0,3.0,134216704.0,134216704.0,1.0,0.010326012760516357,0.01149985594915302,1722.0,1.0,-1.0,-1.0,0.9996862798937005,0.9695950480857485,10.0,0.023449721137260016,0.03798768372095261,0.041121554943910565
2308.0,1.0,7.0,134216704.0,134216704.0,1.0,0.010326012760516354,0.011499855949153016,1723.0,1.0,-1.0,-1.0,0.9996862798937005,0.9695950480857485,10.0,0.023449721137260016,0.03796660993172675,0.04110032810048132
2309.0,1.0,6.0,134216704.0,134216704.0,1.0,0.01032601276051635,0.011499855949153013,1724.0,0.0,-1.0,-1.0,0.9996862798937005,0.9695950480857485,10.0,0.023449721137260016,0.037945536142500874,0.04107910125630561
2310.0,1.0,7.0,134216704.0,134216704.0,1.0,0.01032601276051635,0.01149985594915301,1725.0,2.0,-1.0,-1.0,0.9996862798937005,0.9695950480857485,10.0,0.023449721137260016,0.03792446235327501,0.041057874411376136
2311.0,1.0,10.0,134216704.0,134216704.0,1.0,0.01032601276051635,0.01149985594915301,1726.0,0.0,-1.0,-1.0,0.9996862798937005,0.9695950480857485,10.0,0.023449721137260016,0.03790338856404915,0.04103664756568558
2312.0,1.0,8.0,134216704.0,134216704.0,1.0,0.01032601276051635,0.011499855949153016,1727.0,1.0,-1.0,-1.0,0.9996862798937005,0.9695950480857485,10.0,0.023449721137260016,0.03788231477482329,0.041015420719226516
2313.0,1.0,10.0,134216704.0,134216704.0,1.0,0.01032601276051635,0.011499855949153013,1728.0,0.0,-1.0,-1.0,0.9996862798937005,0.9695950480857485,10.0,0.023449721137260016,0.03786124098559742,0.04099419387199147
2314.0,1.0,5.0,134216704.0,134216704.0,1.0,0.01032601276051635,0.011499855949153013,1729.0,0.0,-1.0,-1.0,0.9996862798937005,0.9695950480857485,10.0,0.023449721137260016,0.03784016719637155,0.04097296702397288
2315.0,1.0,3.0,134216704.0,134216704.0,1.0,0.01032601276051635,0.01149985594915301,1730.0,1.0,-1.0,-1.0,0.9996862798937005,0.9695950480857485,10.0,0.023449721137260016,0.03781909340714569,0.04095174017516312
2316.0,1.0,5.0,134216704.0,134216704.0,1.0,0.010326012760516354,0.011499855949153006,1731.0,0.0,-1.0,-1.0,0.9996862798937005,0.9695950480857485,10.0,0.023449721137260016,0.03779801961791983,0.04093051332555449
2317.0,1.0,9.0,134216704.0,134216704.0,1.0,0.010326012760516354,0.011499855949153006,1732.0,1.0,-1.0,-1.0,0.9996862798937005,0.9695950480857485,10.0,0.023449721137260016,0.03777694582869397,0.04090928647513921
2318.0,1.0,10.0,134216704.0,134216704.0,1.0,0.010326012760516354,0.011499855949153006,1733.0,0.0,-1.0,-1.0,0.9996862798937005,0.9695950480857485,10.0,0.023449721137260016,0.037755872039468105,0.04088805962390943
2319.0,1.0,6.0,134216704.0,134216704.0,1.0,0.01032601276051635,0.011499855949153003,1734.0,0.0,-1.0,-1.0,0.9996862798937005,0.9695950480857485,10.0,0.023449721137260016,0.03773479825024223,0.040866832771857195
2320.0,1.0,3.0,134216704.0,134216704.0,1.0,0.010326012760516347,0.01149985594915301,1735.0,0.0,-1.0,-1.0,0.9996862798937005,0.9695950480857485,10.0,0.023449721137260016,0.03771372446101637,0.04084560591897453
2321.0,1.0,4.0,134216704.0,134216704.0,1.0,0.01032601276051635,0.011499855949153006,1736.0,0.0,-1.0,-1.0,0.9996862798937005,0.9695950480857485,10.0,0.023449721137260016,0.0376926506717905,0.040824379065253324
2322.0,1.0,4.0,134216704.0,134216704.0,1.0,0.01032601276051635,0.011499855949153006,1737.0,0.0,-1.0,-1.0,0.9996862798937005,0.9695950480857485,10.0,0.023449721137260016,0.03767157688256463,0.04080315221068542
2323.0,1.0,2.0,134216704.0,134216704.0,1.0,0.010326012760516347,0.011499855949153006,1738.0,2.0,-1.0,-1.0,0.9996862798937005,0.9695950480857485,10.0,0.023449721137260016,0.03765050309333877,0.04078192535526258
2324.0,1.0,6.0,134216704.0,134216704.0,1.0,0.010326012760516347,0.01149985594915301,1739.0,0.0,-1.0,-1.0,0.9996862798937005,0.9695950480857485,10.0,0.023449721137260016,0.03762942930411291,0.04076069849897647
2325.0,1.0,0.0,134216704.0,134215680.0,1.0,0.010326012760516347,0.011464275860763363,1740.0,0.0,1.0,1.0,0.867541277643506,0.06874293104515919,10.0,0.023449721137260016,0.03683721659379344,0.03768966453523684
2326.0,1.0,0.0,134215680.0,134215680.0,5.0,0.010326012760516347,0.011464275860763363,1741.0,0.0,-1.0,-1.0,0.014204893595178028,0.008388570143134403,11.0,0.023449721137260016,0.03660407901346008,0.03723295218252244
2331.0,5.0,0.0,134215680.0,134215680.0,5.0,0.010299447396347819,0.011457213780395117,1742.0,0.0,-1.0,-1.0,8.31596557261291e-05,0.008247716341804082,15.0,0.023449721137260016,0.036487668245427575,0.03711235165017816
2336.0,5.0,0.0,134215680.0,134215680.0,5.0,0.010273003829989448,0.01145074476345083,1743.0,0.0,-1.0,-1.0,8.315965572541127e-05,0.008247716341804075,15.0,0.023449721137260016,0.03637509444530718,0.0369926913911317
2341.0,5.0,0.0,134215680.0,134215680.0,5.0,0.010246560263631074,0.011444275746506541,1744.0,0.0,-1.0,-1.0,8.315965572541127e-05,0.008247716341804077,15.0,0.023449721137260016,0.036262520649549254,0.03687303113208523
2346.0,5.0,0.0,134215680.0,134215680.0,5.0,0.010220116697272703,0.011437806729562253,1745.0,0.0,-1.0,-1.0,8.315965572541127e-05,0.008247716341804077,15.0,0.023449721137260016,0.03614994685840445,0.03675337087303876
2351.0,5.0,0.0,134215680.0,134215680.0,5.0,0.010193673130914328,0.011431337712617964,1746.0,0.0,-1.0,-1.0,8.315965572541127e-05,0.008247716341804077,15.0,0.023449721137260016,0.036037373072137786,0.0366337106139923
2356.0,5.0,0.0,134215680.0,134215680.0,5.0,0.010167229564555954,0.011424868695673673,1747.0,0.0,-1.0,-1.0,8.315965572541127e-05,0.008247716341804077,15.0,0.023449721137260016,0.03592479929102954,0.03651405035494583
2361.0,5.0,0.0,134215680.0,134215680.0,5.0,0.01014078599819758,0.01141839967872937,1748.0,0.0,-1.0,-1.0,8.315965572541127e-05,0.008247716341804077,15.0,0.023449721137260016,0.035812225515376064,0.03639439009589937
2366.0,5.0,0.0,134215680.0,134215680.0,5.0,0.010114342431839209,0.011411930661785079,1749.0,0.0,-1.0,-1.0,8.315965572541127e-05,0.008247716341804077,16.0,0.023449721137260016,0.035691820101609525,0.036274729836852905
2371.0,5.0,0.0,134215680.0,134215680.0,5.0,0.010087898865480841,0.01140546164484079,1750.0,0.0,-1.0,-1.0,8.315965572541127e-05,0.008247716341804077,16.0,0.023449721137260016,0.035560007589121825,0.03615506957780645
2376.0,5.0,0.0,134215680.0,134215680.0,5.0,0.010061455299122463,0.011398992627896502,1751.0,0.0,-1.0,-1.0,8.315965572541127e-05,0.008247716341804077,16.0,0.023449721137260016,0.03542819507663413,0.036035409318759995
2381.0,5.0,0.0,134215680.0,134215680.0,5.0,0.010035011732764092,0.011392523610952214,1752.0,0.0,-1.0,-1.0,8.315965572541127e-05,0.008247716341804077,16.0,0.023449721137260016,0.03529638256414644,0.035915749059713536
2386.0,5.0,0.0,134215680.0,134215680.0,5.0,0.010008568166405721,0.011386054594007926,1753.0,0.0,-1.0,-1.0,8.315965572541127e-05,0.008247716341804077,16.0,0.023449721137260016,0.03516457005165874,0.03579608880066709
2391.0,5.0,0.0,134215680.0,134215680.0,5.0,0.009982124600047347,0.011379585577063641,1754.0,0.0,-1.0,-1.0,8.315965572541127e-05,0.008247716341804077,16.0,0.023449721137260016,0.035032757539171046,0.03567642854162063
2396.0,5.0,0.0,134215680.0,134215680.0,5.0,0.00995568103368898,0.011373116560119353,1755.0,0.0,-1.0,-1.0,8.315965572541127e-05,0.008247716341804077,16.0,0.023449721137260016,0.03490094502668335,0.03555676828257419
2401.0,5.0,0.0,134215680.0,134215680.0,5.0,0.009929237467330602,0.011366647543175068,1756.0,0.0,-1.0,-1.0,8.315965572541127e-05,0.008247716341804077,16.0,0.023449721137260016,0.03476913251419565,0.035438057526292546
2406.0,5.0,0.0,134215680.0,134215680.0,5.0,0.009902793900972234,0.01136017852623078,1757.0,0.0,-1.0,-1.0,8.315965572541127e-05,0.008247716341804077,16.0,0.023449721137260016,0.03463732000170796,0.035319550702445926
2411.0,5.0,0.0,134215680.0,134215680.0,5.0,0.009876350334613856,0.011353709509286495,1758.0,0.0,-1.0,-1.0,8.315965572541127e-05,0.008247716341804077,16.0,0.023449721137260016,0.034505507489220266,0.03520104387859935
2416.0,5.0,0.0,134215680.0,134215680.0,5.0,0.009849906768255482,0.011347240492342203,1759.0,0.0,-1.0,-1.0,8.315965572541127e-05,0.008247716341804077,16.0,0.023449721137260016,0.034373694976732566,0.035082537054752796
2421.0,5.0,0.0,134215680.0,134215680.0,5.0,0.009823463201897111,0.011340771475397911,1760.0,0.0,-1.0,-1.0,8.315965572541127e-05,0.008247716341804077,16.0,0.023449721137260016,0.034241882464244866,0.03496403023090629
2426.0,5.0,0.0,134215680.0,134215680.0,5.0,0.009797019635538737,0.011334302458453623,1761.0,0.0,-1.0,-1.0,8.315965572541127e-05,0.008247716341804077,16.0,0.023449721137260016,0.03411006995175717,0.034845523407059834
2431.0,5.0,0.0,134215680.0,134215680.0,5.0,0.009770576069180366,0.011327833441509335,1762.0,0.0,-1.0,-1.0,8.315965572541127e-05,0.008247716341804077,16.0,0.023449721137260016,0.03397825743926948,0.03472701658321342
2436.0,5.0,19.0,134215680.0,134215680.0,1.0,0.009744132502821988,0.011321364424565047,1763.0,1.0,-1.0,-1.0,0.9195271168608681,0.9200949295447014,16.0,0.023449721137260016,0.034654238848888616,0.03785355669847945
2437.0,1.0,7.0,134215680.0,134215680.0,1.0,0.009744132502821985,0.01132136442456505,1764.0,2.0,-1.0,-1.0,0.9996838039462109,0.9696181658632155,11.0,0.023449721137260016,0.03466621989850815,0.037885688534777216
2438.0,1.0,6.0,134215680.0,134215680.0,1.0,0.009744132502821985,0.011321364424565054,1765.0,0.0,-1.0,-1.0,0.9996862798292867,0.9695950784340946,11.0,0.023449721137260016,0.034645137086987784,0.03786446573887188
2439.0,1.0,4.0,134215680.0,134215680.0,1.0,0.009744132502821988,0.011321364424565057,1766.0,0.0,-1.0,-1.0,0.999686279893699,0.9695950480580318,11.0,0.023449721137260016,0.03462406328543835,0.037843244717143246
2440.0,1.0,5.0,134215680.0,134215680.0,1.0,0.009744132502821988,0.011321364424565057,1767.0,2.0,-1.0,-1.0,0.9996862798937005,0.9695950480857358,11.0,0.023449721137260016,0.03460298949621825,0.037822023696075374
2441.0,1.0,7.0,134215680.0,134215680.0,1.0,0.009744132502821985,0.011321364424565057,1768.0,1.0,-1.0,-1.0,0.9996862798937005,0.9695950480857485,11.0,0.023449721137260016,0.03458191570699238,0.03780080267445421
2442.0,1.0,6.0,134215680.0,134215680.0,1.0,0.009744132502821985,0.011321364424565054,1769.0,0.0,-1.0,-1.0,0.9996862798937005,0.9695950480857485,11.0,0.023449721137260016,0.03456084191776651,0.03777958165227352
2443.0,1.0,5.0,134215680.0,134215680.0,1.0,0.009744132502821988,0.01132136442456505,1770.0,0.0,-1.0,-1.0,0.9996862798937005,0.9695950480857485,11.0,0.023449721137260016,0.03453976812854065,0.03775836062952706
2444.0,1.0,3.0,134215680.0,134215680.0,1.0,0.009744132502821991,0.011321364424565047,1771.0,0.0,-1.0,-1.0,0.9996862798937005,0.9695950480857485,11.0,0.023449721137260016,0.03451869433931479,0.037737139606208434
2445.0,1.0,11.0,134215680.0,134215680.0,1.0,0.009744132502821991,0.011321364424565043,1772.0,1.0,-1.0,-1.0,0.9996862798937005,0.9695950480857485,11.0,0.023449721137260016,0.034497620550088925,0.03771591858231124
2446.0,1.0,4.0,134215680.0,134215680.0,1.0,0.009744132502821991,0.01132136442456504,1773.0,0.0,-1.0,-1.0,0.9996862798937005,0.9695950480857485,11.0,0.023449721137260016,0.034476546760863064,0.03769469755782896
2447.0,1.0,2.0,134215680.0,134215680.0,1.0,0.009744132502821991,0.011321364424565036,1774.0,0.0,-1.0,-1.0,0.9996862798937005,0.9695950480857485,11.0,0.023449721137260016,0.0344554729716372,0.03767347653275503
2448.0,1.0,3.0,134215680.0,134215680.0,1.0,0.009744132502821988,0.011321364424565033,1775.0,1.0,-1.0,-1.0,0.9996862798937005,0.9695950480857485,11.0,0.023449721137260016,0.03443439918241133,0.0376522555070828
2449.0,1.0,9.0,134215680.0,134215680.0,1.0,0.009744132502821988,0.011321364424565033,1776.0,0.0,-1.0,-1.0,0.9996862798937005,0.9695950480857485,11.0,0.023449721137260016,0.034413325393185465,0.03763103448080556
2450.0,1.0,5.0,134215680.0,134215680.0,1.0,0.009744132502821988,0.011321364424565033,1777.0,1.0,-1.0,-1.0,0.9996862798937005,0.9695950480857485,11.0,0.023449721137260016,0.0343922516039596,0.037609813453916494
2451.0,1.0,7.0,134215680.0,134215680.0,1.0,0.009744132502821988,0.01132136442456503,1778.0,1.0,-1.0,-1.0,0.9996862798937005,0.9695950480857485,11.0,0.023449721137260016,0.034371177814733735,0.037588592426408746
2452.0,1.0,6.0,134215680.0,134215680.0,1.0,0.009744132502821985,0.011321364424565026,1779.0,0.0,-1.0,-1.0,0.9996862798937005,0.9695950480857485,11.0,0.023449721137260016,0.034350104025507866,0.037567371398275345
2453.0,1.0,9.0,134215680.0,134215680.0,1.0,0.009744132502821985,0.011321364424565022,1780.0,1.0,-1.0,-1.0,0.9996862798937005,0.9695950480857485,11.0,0.023449721137260016,0.034329030236282004,0.03754615036950927
2454.0,1.0,5.0,134215680.0,134215680.0,1.0,0.009744132502821988,0.011321364424565019,1781.0,1.0,-1.0,-1.0,0.9996862798937005,0.9695950480857485,11.0,0.023449721137260016,0.03430795644705614,0.037524929340103416
2455.0,1.0,4.0,134215680.0,134215680.0,1.0,0.009744132502821988,0.011321364424565016,1782.0,1.0,-1.0,-1.0,0.9996862798937005,0.9695950480857485,11.0,0.023449721137260016,0.03428688265783028,0.03750370831005059
2456.0,1.0,5.0,134215680.0,134215680.0,1.0,0.009744132502821988,0.011321364424565012,1783.0,1.0,-1.0,-1.0,0.9996862798937005,0.9695950480857485,11.0,0.023449721137260016,0.03426580886860442,0.037482487279343536
2457.0,1.0,6.0,134215680.0,134215680.0,1.0,0.009744132502821988,0.011321364424565009,1784.0,0.0,-1.0,-1.0,0.9996862798937005,0.9695950480857485,11.0,0.023449721137260016,0.03424473507937855,0.03746126624797489
2458.0,1.0,6.0,134215680.0,134215680.0,1.0,0.009744132502821988,0.011321364424565005,1785.0,2.0,-1.0,-1.0,0.9996862798937005,0.9695950480857485,11.0,0.023449721137260016,0.03422366129015268,0.03744004521593722
2459.0,1.0,6.0,134215680.0,134215680.0,1.0,0.009744132502821991,0.011321364424564998,1786.0,0.0,-1.0,-1.0,0.9996862798937005,0.9695950480857485,11.0,0.023449721137260016,0.03420258750092682,0.03741882418322301
2460.0,1.0,3.0,134215680.0,134215680.0,1.0,0.009744132502821991,0.011321364424564991,1787.0,0.0,-1.0,-1.0,0.9996862798937005,0.9695950480857485,11.0,0.023449721137260016,0.03418151371170096,0.03739760314982467
2461.0,1.0,6.0,134215680.0,134215680.0,1.0,0.009744132502821988,0.011321364424564991,1788.0,0.0,-1.0,-1.0,0.9996862798937005,0.9695950480857485,11.0,0.023449721137260016,0.0341604399224751,0.037376382115734505
2462.0,1.0,8.0,134215680.0,134215680.0,1.0,0.009744132502821988,0.011321364424564988,1789.0,1.0,-1.0,-1.0,0.9996862798937005,0.9695950480857485,11.0,0.023449721137260016,0.03413936613324922,0.037355161080944735
2463.0,1.0,5.0,134215680.0,134215680.0,1.0,0.009744132502821985,0.011321364424564984,1790.0,1.0,-1.0,-1.0,0.9996862798937005,0.9695950480857485,11.0,0.023449721137260016,0.03411829234402336,0.03733394004544751
2464.0,1.0,4.0,134215680.0,134215680.0,1.0,0.009744132502821985,0.01132136442456498,1791.0,1.0,-1.0,-1.0,0.9996862798937005,0.9695950480857485,11.0,0.023449721137260016,0.0340972185547975,0.03731271900923488
2465.0,1.0,9.0,134215680.0,134215680.0,1.0,0.009744132502821988,0.01132136442456498,1792.0,0.0,-1.0,-1.0,0.9996862798937005,0.9695950480857485,11.0,0.023449721137260016,0.034076144765571637,0.037291497972298804
2466.0,1.0,3.0,134215680.0,134215680.0,1.0,0.009744132502821988,0.011321364424564977,1793.0,1.0,-1.0,-1.0,0.9996862798937005,0.9695950480857485,11.0,0.023449721137260016,0.034055070976345775,0.03727027693463116
2467.0,1.0,12.0,134215680.0,134215680.0,1.0,0.009744132502821988,0.011321364424564977,1794.0,0.0,-1.0,-1.0,0.9996862798937005,0.9695950480857485,11.0,0.023449721137260016,0.034033997187119906,0.03724905589622373
2468.0,1.0,6.0,134215680.0,134215680.0,1.0,0.009744132502821988,0.011321364424564974,1795.0,0.0,-1.0,-1.0,0.9996862798937005,0.9695950480857485,11.0,0.023449721137260016,0.03401292339789404,0.03722783485706819
2469.0,1.0,3.0,134215680.0,134215680.0,1.0,0.009744132502821988,0.01132136442456497,1796.0,0.0,-1.0,-1.0,0.9996862798937005,0.9695950480857485,11.0,0.023449721137260016,0.033991849608668176,0.03720661381715615
2470.0,1.0,4.0,134215680.0,134215680.0,1.0,0.009744132502821991,0.01132136442456497,1797.0,1.0,-1.0,-1.0,0.9996862798937005,0.9695950480857485,11.0,0.023449721137260016,0.033970775819442314,0.03718539277647909
2471.0,1.0,7.0,134215680.0,134215680.0,1.0,0.009744132502821991,0.011321364424564967,1798.0,0.0,-1.0,-1.0,0.9996862798937005,0.9695950480857485,11.0,0.023449721137260016,0.03394970203021645,0.03716417173502844
2472.0,1.0,6.0,134215680.0,134215680.0,1.0,0.009744132502821988,0.011321364424564963,1799.0,1.0,-1.0,-1.0,0.9996862798937005,0.9695950480857485,11.0,0.023449721137260016,0.033928628240990584,0.03714295069279548
2473.0,1.0,7.0,134215680.0,134215680.0,1.0,0.009744132502821985,0.01132136442456496,1800.0,2.0,-1.0,-1.0,0.9996862798937005,0.9695950480857485,11.0,0.023449721137260016,0.033907554451764715,0.037121729649771444
2474.0,1.0,9.0,134215680.0,134215680.0,1.0,0.009744132502821981,0.011321364424564953,1801.0,0.0,-1.0,-1.0,0.9996862798937005,0.9695950480857485,11.0,0.023449721137260016,0.03388648066253884,0.037100508605947435
2475.0,1.0,7.0,134215680.0,134215680.0,1.0,0.009744132502821981,0.01132136442456495,1802.0,0.0,-1.0,-1.0,0.9996862798937005,0.9695950480857485,11.0,0.023449721137260016,0.03386540687331298,0.03707928756131447
2476.0,1.0,7.0,134215680.0,134215680.0,1.0,0.009744132502821981,0.011321364424564946,1803.0,0.0,-1.0,-1.0,0.9996862798937005,0.9695950480857485,11.0,0.023449721137260016,0.033844333084087116,0.037058066515863464
2477.0,1.0,5.0,134215680.0,134215680.0,1.0,0.009744132502821981,0.011321364424564946,1804.0,1.0,-1.0,-1.0,0.9996862798937005,0.9695950480857485,11.0,0.023449721137260016,0.033823259294861255,0.03703684546958521
2478.0,1.0,6.0,134215680.0,134215680.0,1.0,0.009744132502821981,0.011321364424564943,1805.0,0.0,-1.0,-1.0,0.9996862798937005,0.9695950480857485,11.0,0.023449721137260016,0.03380218550563539,0.037015624422470424
2479.0,1.0,3.0,134215680.0,134215680.0,1.0,0.009744132502821981,0.011321364424564943,1806.0,0.0,-1.0,-1.0,0.9996862798937005,0.9695950480857485,11.0,0.023449721137260016,0.033781111716409525,0.03699440337450971
2480.0,1.0,2.0,134215680.0,134215680.0,1.0,0.009744132502821981,0.01132136442456494,1807.0,0.0,-1.0,-1.0,0.9996862798937005,0.9695950480857485,11.0,0.023449721137260016,0.033760037927183656,0.03697318232569355
2481.0,1.0,3.0,134215680.0,134215680.0,1.0,0.009744132502821985,0.011321364424564936,1808.0,1.0,-1.0,-1.0,0.9996862798937005,0.9695950480857485,11.0,0.023449721137260016,0.033738964137957794,0.03695196127601236
2482.0,1.0,7.0,134215680.0,134215680.0,1.0,0.009744132502821985,0.011321364424564932,1809.0,0.0,-1.0,-1.0,0.9996862798937005,0.9695950480857485,11.0,0.023449721137260016,0.03371789034873193,0.03693074022545639
2483.0,1.0,5.0,134215680.0,134215680.0,1.0,0.009744132502821985,0.011321364424564929,1810.0,0.0,-1.0,-1.0,0.9996862798937005,0.9695950480857485,11.0,0.023449721137260016,0.03369681655950607,0.03690951917401583
2484.0,1.0,4.0,134215680.0,134215680.0,1.0,0.009744132502821981,0.011321364424564922,1811.0,0.0,-1.0,-1.0,0.9996862798937005,0.9695950480857485,11.0,0.023449721137260016,0.0336757427702802,0.03688829812168074
2485.0,1.0,5.0,134215680.0,134215680.0,1.0,0.009744132502821978,0.011321364424564918,1812.0,0.0,-1.0,-1.0,0.9996862798937005,0.9695950480857485,11.0,0.023449721137260016,0.033654668981054334,0.03686707706844107
2486.0,1.0,8.0,134215680.0,134215680.0,1.0,0.009744132502821981,0.011321364424564911,1813.0,2.0,-1.0,-1.0,0.9996862798937005,0.9695950480857485,11.0,0.023449721137260016,0.03363359519182847,0.03684585601428665
2487.0,1.0,5.0,134215680.0,134215680.0,1.0,0.009744132502821981,0.011321364424564908,1814.0,1.0,-1.0,-1.0,0.9996862798937005,0.9695950480857485,11.0,0.023449721137260016,0.0336125214026026,0.03682463495920721
2488.0,1.0,5.0,134215680.0,134215680.0,1.0,0.009744132502821978,0.011321364424564904,1815.0,1.0,-1.0,-1.0,0.9996862798937005,0.9695950480857485,11.0,0.023449721137260016,0.033591447613376735,0.03680341390319235
2489.0,1.0,8.0,134215680.0,134215680.0,1.0,0.009744132502821978,0.011321364424564901,1816.0,1.0,-1.0,-1.0,0.9996862798937005,0.9695950480857485,11.0,0.023449721137260016,0.03357037382415087,0.036782192846231576
2490.0,1.0,7.0,134215680.0,134215680.0,1.0,0.009744132502821978,0.011321364424564901,1817.0,1.0,-1.0,-1.0,0.9996862798937005,0.9695950480857485,11.0,0.023449721137260016,0.03354930003492501,0.03676097178831424
2491.0,1.0,6.0,134215680.0,134215680.0,1.0,0.009744132502821981,0.011321364424564898,1818.0,1.0,-1.0,-1.0,0.9996862798937005,0.9695950480857485,11.0,0.023449721137260016,0.03352822624569915,0.03673975072942961
2492.0,1.0,6.0,134215680.0,134215680.0,1.0,0.009744132502821985,0.011321364424564894,1819.0,0.0,-1.0,-1.0,0.9996862798937005,0.9695950480857485,11.0,0.023449721137260016,0.03350715245647329,0.036718529669566805
2493.0,1.0,4.0,134215680.0,134215680.0,1.0,0.009744132502821985,0.01132136442456489,1820.0,1.0,-1.0,-1.0,0.9996862798937005,0.9695950480857485,11.0,0.023449721137260016,0.033486078667247426,0.03669730860871485
2494.0,1.0,4.0,134215680.0,134215680.0,1.0,0.009744132502821985,0.011321364424564887,1821.0,0.0,-1.0,-1.0,0.9996862798937005,0.9695950480857485,11.0,0.023449721137260016,0.03346500487802156,0.03667608754686262
2495.0,1.0,6.0,134215680.0,134215680.0,1.0,0.009744132502821981,0.011321364424564887,1822.0,0.0,-1.0,-1.0,0.9996862798937005,0.9695950480857485,11.0,0.023449721137260016,0.03344393108879569,0.036654866483998884
2496.0,1.0,5.0,134215680.0,134215680.0,1.0,0.009744132502821978,0.011321364424564884,1823.0,1.0,-1.0,-1.0,0.9996862798937005,0.9695950480857485,11.0,0.023449721137260016,0.03342285729956982,0.03663364542011227
2497.0,1.0,6.0,134215680.0,134215680.0,1.0,0.009744132502821978,0.01132136442456488,1824.0,0.0,-1.0,-1.0,0.9996862798937005,0.9695950480857485,11.0,0.023449721137260016,0.03340178351034395,0.0366124243551913
2498.0,1.0,9.0,134215680.0,134215680.0,1.0,0.009744132502821978,0.01132136442456488,1825.0,0.0,-1.0,-1.0,0.9996862798937005,0.9695950480857485,11.0,0.023449721137260016,0.03338070972111809,0.03659120328922433
2499.0,1.0,7.0,134215680.0,134215680.0,1.0,0.009744132502821974,0.011321364424564877,1826.0,0.0,-1.0,-1.0,0.9996862798937005,0.9695950480857485,11.0,0.023449721137260016,0.03335963593189223,0.036569982222199635
2500.0,1.0,5.0,134215680.0,134215680.0,1.0,0.009744132502821974,0.011321364424564873,1827.0,1.0,-1.0,-1.0,0.9996862798937005,0.9695950480857485,11.0,0.023449721137260016,0.03333856214266636,0.0365487611541053
2501.0,1.0,3.0,134215680.0,134215680.0,1.0,0.009744132502821974,0.01132136442456487,1828.0,0.0,-1.0,-1.0,0.9996862798937005,0.9695950480857485,11.0,0.023449721137260016,0.03331748835344049,0.03652754008492933
2502.0,1.0,6.0,134215680.0,134215680.0,1.0,0.009744132502821978,0.011321364424564866,1829.0,3.0,-1.0,-1.0,0.9996862798937005,0.9695950480857485,11.0,0.023449721137260016,0.03329641456421463,0.036506319014659575
2503.0,1.0,8.0,134215680.0,134215680.0,1.0,0.009744132502821978,0.011321364424564866,1830.0,0.0,-1.0,-1.0,0.9996862798937005,0.9695950480857485,11.0,0.023449721137260016,0.03327534077498877,0.03648509794328374
2504.0,1.0,8.0,134215680.0,134215680.0,1.0,0.009744132502821978,0.011321364424564863,1831.0,0.0,-1.0,-1.0,0.9996862798937005,0.9695950480857485,11.0,0.023449721137260016,0.033254266985762906,0.03646387687078938
2505.0,1.0,6.0,134215680.0,134215680.0,1.0,0.009744132502821978,0.01132136442456486,1832.0,0.0,-1.0,-1.0,0.9996862798937005,0.9695950480857485,11.0,0.023449721137260016,0.033233193196537045,0.036442655797163964
2506.0,1.0,10.0,134215680.0,134215680.0,1.0,0.009744132502821978,0.011321364424564856,1833.0,1.0,-1.0,-1.0,0.9996862798937005,0.9695950480857485,11.0,0.023449721137260016,0.033212119407311176,0.03642143472239475
2507.0,1.0,9.0,134215680.0,134215680.0,1.0,0.009744132502821978,0.011321364424564856,1834.0,1.0,-1.0,-1.0,0.9996862798937005,0.9695950480857485,11.0,0.023449721137260016,0.03319104561808531,0.03640021364646892
2508.0,1.0,6.0,134215680.0,134215680.0,1.0,0.009744132502821978,0.011321364424564856,1835.0,1.0,-1.0,-1.0,0.9996862798937005,0.9695950480857485,11.0,0.023449721137260016,0.033169971828859446,0.03637899256937344
2509.0,1.0,8.0,134215680.0,134215680.0,1.0,0.009744132502821974,0.011321364424564852,1836.0,0.0,-1.0,-1.0,0.9996862798937005,0.9695950480857485,11.0,0.023449721137260016,0.033148898039633584,0.0363577714910952
2510.0,1.0,1.0,134215680.0,134215680.0,1.0,0.009744132502821974,0.011321364424564849,1837.0,0.0,-1.0,-1.0,0.9996862798937005,0.9695950480857485,11.0,0.023449721137260016,0.03312782425040771,0.036336550411620906
2511.0,1.0,8.0,134215680.0,134215680.0,1.0,0.00974413250282197,0.011321364424564849,1838.0,1.0,-1.0,-1.0,0.9996862798937005,0.9695950480857485,11.0,0.023449721137260016,0.03310675046118185,0.03631532933093712
2512.0,1.0,4.0,134215680.0,134215680.0,1.0,0.009744132502821974,0.011321364424564846,1839.0,0.0,-1.0,-1.0,0.9996862798937005,0.9695950480857485,11.0,0.023449721137260016,0.033085676671955985,0.03629410824903023
2513.0,1.0,7.0,134215680.0,134215680.0,1.0,0.009744132502821978,0.011321364424564846,1840.0,1.0,-1.0,-1.0,0.9996862798937005,0.9695950480857485,11.0,0.023449721137260016,0.033064602882730124,0.03627288716588653
2514.0,1.0,5.0,134215680.0,134215680.0,1.0,0.009744132502821978,0.011321364424564842,1841.0,1.0,-1.0,-1.0,0.9996862798937005,0.9695950480857485,11.0,0.023449721137260016,0.03304352909350426,0.0362516660814921
2515.0,1.0,8.0,134215680.0,134215680.0,1.0,0.009744132502821978,0.011321364424564842,1842.0,0.0,-1.0,-1.0,0.9996862798937005,0.9695950480857485,11.0,0.023449721137260016,0.0330224553042784,0.0362304449958329
2516.0,1.0,10.0,134215680.0,134215680.0,1.0,0.009744132502821978,0.011321364424564842,1843.0,3.0,-1.0,-1.0,0.9996862798937005,0.9695950480857485,11.0,0.023449721137260016,0.03300138151505253,0.03620922390889471
2517.0,1.0,5.0,134215680.0,134215680.0,1.0,0.009744132502821978,0.011321364424564839,1844.0,0.0,-1.0,-1.0,0.9996862798937005,0.9695950480857485,11.0,0.023449721137260016,0.03298030772582666,0.03618800282066317
2518.0,1.0,3.0,134215680.0,134215680.0,1.0,0.009744132502821981,0.011321364424564835,1845.0,0.0,-1.0,-1.0,0.9996862798937005,0.9695950480857485,11.0,0.023449721137260016,0.0329592339366008,0.03616678173112374
2519.0,1.0,6.0,134215680.0,134215680.0,1.0,0.009744132502821978,0.011321364424564828,1846.0,0.0,-1.0,-1.0,0.9996862798937005,0.9695950480857485,11.0,0.023449721137260016,0.03293816014737494,0.03614556064026174
2520.0,1.0,3.0,134215680.0,134215680.0,1.0,0.009744132502821974,0.011321364424564825,1847.0,1.0,-1.0,-1.0,0.9996862798937005,0.9695950480857485,11.0,0.023449721137260016,0.03291708635814907,0.036124339548062295
2521.0,1.0,3.0,134215680.0,134215680.0,1.0,0.009744132502821974,0.011321364424564825,1848.0,1.0,-1.0,-1.0,0.9996862798937005,0.9695950480857485,11.0,0.023449721137260016,0.0328960125689232,0.03610311845451039
2522.0,1.0,4.0,134215680.0,134215680.0,1.0,0.00974413250282197,0.011321364424564821,1849.0,0.0,-1.0,-1.0,0.9996862798937005,0.9695950480857485,11.0,0.023449721137260016,0.032874938779697334,0.03608189735959082
2523.0,1.0,4.0,134215680.0,134215680.0,1.0,0.00974413250282197,0.011321364424564818,1850.0,0.0,-1.0,-1.0,0.9996862798937005,0.9695950480857485,11.0,0.023449721137260016,0.03285386499047147,0.036060676263288224
2524.0,1.0,4.0,134215680.0,134215680.0,1.0,0.009744132502821974,0.011321364424564814,1851.0,1.0,-1.0,-1.0,0.9996862798937005,0.9695950480857485,11.0,0.023449721137260016,0.03283279120124561,0.036039455165587056
2525.0,1.0,9.0,134215680.0,134215680.0,1.0,0.009744132502821974,0.011321364424564814,1852.0,0.0,-1.0,-1.0,0.9996862798937005,0.9695950480857485,11.0,0.023449721137260016,0.03281171741201975,0.03601823406647162
2526.0,1.0,8.0,134215680.0,134215680.0,1.0,0.009744132502821974,0.01132136442456481,1853.0,1.0,-1.0,-1.0,0.9996862798937005,0.9695950480857485,11.0,0.023449721137260016,0.03279064362279388,0.03599701296592601
2527.0,1.0,9.0,134215680.0,134215680.0,1.0,0.009744132502821974,0.011321364424564807,1854.0,0.0,-1.0,-1.0,0.9996862798937005,0.9695950480857485,11.0,0.023449721137260016,0.03276956983356802,0.03597579186393417
2528.0,1.0,4.0,134215680.0,134215680.0,1.0,0.009744132502821974,0.011321364424564804,1855.0,1.0,-1.0,-1.0,0.9996862798937005,0.9695950480857485,11.0,0.023449721137260016,0.03274849604434216,0.03595457076047983
2529.0,1.0,6.0,134215680.0,134215680.0,1.0,0.009744132502821978,0.011321364424564797,1856.0,0.0,-1.0,-1.0,0.9996862798937005,0.9695950480857485,11.0,0.023449721137260016,0.032727422255116295,0.035933349655546586
2530.0,1.0,5.0,134215680.0,134215680.0,1.0,0.009744132502821978,0.011321364424564793,1857.0,0.0,-1.0,-1.0,0.9996862798937005,0.9695950480857485,11.0,0.023449721137260016,0.032706348465890434,0.03591212854911781
2531.0,1.0,10.0,134215680.0,134215680.0,1.0,0.009744132502821974,0.01132136442456479,1858.0,0.0,-1.0,-1.0,0.9996862798937005,0.9695950480857485,11.0,0.023449721137260016,0.03268527467666456,0.0358909074411767
2532.0,1.0,10.0,134215680.0,134215680.0,1.0,0.00974413250282197,0.011321364424564787,1859.0,0.0,-1.0,-1.0,0.9996862798937005,0.9695950480857485,11.0,0.023449721137260016,0.032664200887438696,0.03586968633170626
2533.0,1.0,1.0,134215680.0,134215680.0,1.0,0.009744132502821967,0.011321364424564783,1860.0,1.0,-1.0,-1.0,0.9996862798937005,0.9695950480857485,11.0,0.023449721137260016,0.03264312709821282,0.03584846522068931
2534.0,1.0,10.0,134215680.0,134215680.0,1.0,0.009744132502821967,0.011321364424564783,1861.0,0.0,-1.0,-1.0,0.9996862798937005,0.9695950480857485,11.0,0.023449721137260016,0.03262205330898696,0.03582724410810848
2535.0,1.0,4.0,134215680.0,134215680.0,1.0,0.009744132502821964,0.01132136442456478,1862.0,0.0,-1.0,-1.0,0.9996862798937005,0.9695950480857485,11.0,0.023449721137260016,0.0326009795197611,0.03580602299394621
2536.0,1.0,5.0,134215680.0,134215680.0,1.0,0.009744132502821964,0.01132136442456478,1863.0,1.0,-1.0,-1.0,0.9996862798937005,0.9695950480857485,11.0,0.023449721137260016,0.032579905730535236,0.0357848018781847
2537.0,1.0,12.0,134215680.0,67106816.0,1.0,0.009899401799249741,0.01132136442456478,1864.0,0.0,1.0,1.0,0.9996862798937005,0.9695950480857485,11.0,0.023449721137260016,0.032756700102665265,0.03576358076080602
2538.0,1.0,7.0,67106816.0,67106816.0,1.0,0.009899401799249741,0.01132136442456478,1865.0,0.0,-1.0,-1.0,0.9996862798937005,0.9695950480857485,11.0,0.023449721137260016,0.032735614172975186,0.03574235964179197
2539.0,1.0,5.0,67106816.0,67106816.0,1.0,0.009899401799249741,0.011321364424564776,1866.0,0.0,-1.0,-1.0,0.9996862798937005,0.9695950480857485,11.0,0.023449721137260016,0.03271452824328509,0.035721138521124185
2540.0,1.0,7.0,67106816.0,67106816.0,1.0,0.009899401799249741,0.011321364424564773,1867.0,0.0,-1.0,-1.0,0.9996862798937005,0.9695950480857485,11.0,0.023449721137260016,0.032693442313595014,0.03569991739878409
2541.0,1.0,3.0,67106816.0,67106816.0,1.0,0.009899401799249738,0.011321364424564766,1868.0,1.0,-1.0,-1.0,0.9996862798937005,0.9695950480857485,11.0,0.023449721137260016,0.03267235638390492,0.03567869627475289
2542.0,1.0,6.0,67106816.0,67106816.0,1.0,0.009899401799249734,0.011321364424564766,1869.0,2.0,-1.0,-1.0,0.9996862798937005,0.9695950480857485,11.0,0.023449721137260016,0.03265127045421483,0.03565747514901159
2543.0,1.0,5.0,67106816.0,67106816.0,1.0,0.009899401799249734,0.011321364424564762,1870.0,0.0,-1.0,-1.0,0.9996862798937005,0.9695950480857485,11.0,0.023449721137260016,0.03263018452452474,0.03563625402154099
2544.0,1.0,10.0,67106816.0,67106816.0,1.0,0.009899401799249731,0.011321364424564766,1871.0,0.0,-1.0,-1.0,0.9996862798937005,0.9695950480857485,11.0,0.023449721137260016,0.03260909859483466,0.03561503289232164
2545.0,1.0,3.0,67106816.0,67106816.0,1.0,0.009899401799249734,0.011321364424564766,1872.0,0.0,-1.0,-1.0,0.9996862798937005,0.9695950480857485,11.0,0.023449721137260016,0.03258801266514457,0.0355938117613339
2546.0,1.0,8.0,67106816.0,67106816.0,1.0,0.009899401799249734,0.011321364424564762,1873.0,0.0,-1.0,-1.0,0.9996862798937005,0.9695950480857485,11.0,0.023449721137260016,0.032566926735454485,0.0355725906285579
2547.0,1.0,8.0,67106816.0,67106816.0,1.0,0.009899401799249731,0.011321364424564766,1874.0,0.0,-1.0,-1.0,0.9996862798937005,0.9695950480857485,11.0,0.023449721137260016,0.03254584080576439,0.035551369493973556
2548.0,1.0,10.0,67106816.0,67106816.0,1.0,0.009899401799249731,0.011321364424564762,1875.0,0.0,-1.0,-1.0,0.9996862798937005,0.9695950480857485,11.0,0.023449721137260016,0.03252475487607431,0.035530148357560534
2549.0,1.0,2.0,67106816.0,67106816.0,1.0,0.009899401799249731,0.011321364424564759,1876.0,0.0,-1.0,-1.0,0.9996862798937005,0.9695950480857485,11.0,0.023449721137260016,0.03250366894638422,0.035508927219298304
2550.0,1.0,6.0,67106816.0,67106816.0,1.0,0.009899401799249731,0.011321364424564752,1877.0,1.0,-1.0,-1.0,0.9996862798937005,0.9695950480857485,11.0,0.023449721137260016,0.03248258301669414,0.035487706079166084
2551.0,1.0,7.0,67106816.0,67106816.0,1.0,0.009899401799249728,0.011321364424564748,1878.0,1.0,-1.0,-1.0,0.9996862798937005,0.9695950480857485,11.0,0.023449721137260016,0.03246149708700405,0.03546648493714287
2552.0,1.0,7.0,67106816.0,67106816.0,1.0,0.009899401799249724,0.011321364424564748,1879.0,0.0,-1.0,-1.0,0.9996862798937005,0.9695950480857485,11.0,0.023449721137260016,0.032440411157313956,0.03544526379320741
2553.0,1.0,5.0,67106816.0,67106816.0,1.0,0.00989940179924972,0.011321364424564745,1880.0,0.0,-1.0,-1.0,0.9996862798937005,0.9695950480857485,11.0,0.023449721137260016,0.03241932522762386,0.03542404264733822
2554.0,1.0,10.0,67106816.0,67106816.0,1.0,0.009899401799249717,0.011321364424564741,1881.0,0.0,-1.0,-1.0,0.9996862798937005,0.9695950480857485,11.0,0.023449721137260016,0.032398239297933784,0.03540282149951358
2555.0,1.0,6.0,67106816.0,67106816.0,1.0,0.009899401799249714,0.011321364424564741,1882.0,1.0,-1.0,-1.0,0.9996862798937005,0.9695950480857485,11.0,0.023449721137260016,0.03237715336824369,0.03538160034971152
2556.0,1.0,4.0,67106816.0,67106816.0,1.0,0.009899401799249714,0.011321364424564738,1883.0,0.0,-1.0,-1.0,0.9996862798937005,0.9695950480857485,11.0,0.023449721137260016,0.032356067438553605,0.035360379197909804
2557.0,1.0,4.0,67106816.0,67106816.0,1.0,0.00989940179924971,0.011321364424564734,1884.0,0.0,-1.0,-1.0,0.9996862798937005,0.9695950480857485,11.0,0.023449721137260016,0.03233498150886351,0.035339158044085994
2558.0,1.0,8.0,67106816.0,67106816.0,1.0,0.009899401799249707,0.011321364424564734,1885.0,2.0,-1.0,-1.0,0.9996862798937005,0.9695950480857485,11.0,0.023449721137260016,0.03231389557917343,0.035317936888217355
2559.0,1.0,9.0,67106816.0,67106816.0,1.0,0.00989940179924971,0.011321364424564731,1886.0,0.0,-1.0,-1.0,0.9996862798937005,0.9695950480857485,11.0,0.023449721137260016,0.03229280964948335,0.03529671573028091
2560.0,1.0,6.0,67106816.0,67106816.0,1.0,0.00989940179924971,0.011321364424564728,1887.0,1.0,-1.0,-1.0,0.9996862798937005,0.9695950480857485,11.0,0.023449721137260016,0.032271723719793255,0.035275494570253446
2561.0,1.0,9.0,67106816.0,67106816.0,1.0,0.009899401799249707,0.011321364424564724,1888.0,1.0,-1.0,-1.0,0.9996862798937005,0.9695950480857485,11.0,0.023449721137260016,0.03225063779010316,0.03525427340811145
2562.0,1.0,5.0,67106816.0,67106816.0,1.0,0.009899401799249703,0.01132136442456472,1889.0,1.0,-1.0,-1.0,0.9996862798937005,0.9695950480857485,11.0,0.023449721137260016,0.03222955186041308,0.03523305224383117
2563.0,1.0,10.0,67106816.0,67106816.0,1.0,0.009899401799249703,0.011321364424564717,1890.0,0.0,-1.0,-1.0,0.9996862798937005,0.9695950480857485,11.0,0.023449721137260016,0.03220846593072299,0.035211831077388595
2564.0,1.0,4.0,67106816.0,67106816.0,1.0,0.009899401799249707,0.011321364424564717,1891.0,1.0,-1.0,-1.0,0.9996862798937005,0.9695950480857485,11.0,0.023449721137260016,0.03218738000103291,0.03519060990875941
2565.0,1.0,6.0,67106816.0,67106816.0,1.0,0.009899401799249703,0.011321364424564714,1892.0,0.0,-1.0,-1.0,0.9996862798937005,0.9695950480857485,11.0,0.023449721137260016,0.03216629407134282,0.035169388737919055
2566.0,1.0,5.0,67106816.0,67106816.0,1.0,0.0098994017992497,0.01132136442456471,1893.0,0.0,-1.0,-1.0,0.9996862798937005,0.9695950480857485,11.0,0.023449721137260016,0.03214520814165273,0.035148167564842694
2567.0,1.0,4.0,67106816.0,67106816.0,1.0,0.009899401799249693,0.011321364424564707,1894.0,0.0,-1.0,-1.0,0.9996862798937005,0.9695950480857485,11.0,0.023449721137260016,0.03212412221196263,0.03512694638950521
2568.0,1.0,7.0,67106816.0,67106816.0,1.0,0.00989940179924969,0.011321364424564707,1895.0,0.0,-1.0,-1.0,0.9996862798937005,0.9695950480857485,11.0,0.023449721137260016,0.032103036282272554,0.035105725211881184
2569.0,1.0,4.0,67106816.0,67106816.0,1.0,0.009899401799249693,0.011321364424564707,1896.0,0.0,-1.0,-1.0,0.9996862798937005,0.9695950480857485,11.0,0.023449721137260016,0.03208195035258247,0.035084504031944935
2570.0,1.0,7.0,67106816.0,67106816.0,1.0,0.009899401799249693,0.011321364424564707,1897.0,0.0,-1.0,-1.0,0.9996862798937005,0.9695950480857485,11.0,0.023449721137260016,0.03206086442289238,0.03506328284967048
2571.0,1.0,2.0,67106816.0,67106816.0,1.0,0.00989940179924969,0.0113213644245647,1898.0,0.0,-1.0,-1.0,0.9996862798937005,0.9695950480857485,11.0,0.023449721137260016,0.03203977849320229,0.03504206166503156
2572.0,1.0,4.0,67106816.0,67106816.0,1.0,0.009899401799249682,0.011321364424564703,1899.0,0.0,-1.0,-1.0,0.9996862798937005,0.9695950480857485,11.0,0.023449721137260016,0.032018692563512204,0.035020840478001594
2573.0,1.0,7.0,67106816.0,67106816.0,1.0,0.009899401799249686,0.0113213644245647,1900.0,0.0,-1.0,-1.0,0.9996862798937005,0.9695950480857485,11.0,0.023449721137260016,0.03199760663382212,0.03499961928855372
2574.0,1.0,7.0,67106816.0,67106816.0,1.0,0.00989940179924969,0.011321364424564696,1901.0,1.0,-1.0,-1.0,0.9996862798937005,0.9695950480857485,11.0,0.023449721137260016,0.03197652070413204,0.034978398096660784
2575.0,1.0,4.0,67106816.0,67106816.0,1.0,0.009899401799249686,0.011321364424564693,1902.0,0.0,-1.0,-1.0,0.9996862798937005,0.9695950480857485,11.0,0.023449721137260016,0.031955434774441946,0.03495717690229531
2576.0,1.0,7.0,67106816.0,67106816.0,1.0,0.009899401799249682,0.01132136442456469,1903.0,1.0,-1.0,-1.0,0.9996862798937005,0.9695950480857485,11.0,0.023449721137260016,0.03193434884475185,0.03493595570542951
2577.0,1.0,4.0,67106816.0,67106816.0,1.0,0.009899401799249679,0.011321364424564686,1904.0,1.0,-1.0,-1.0,0.9996862798937005,0.9695950480857485,11.0,0.023449721137260016,0.03191326291506177,0.034914734506035314
2578.0,1.0,5.0,67106816.0,67106816.0,1.0,0.009899401799249679,0.011321364424564686,1905.0,0.0,-1.0,-1.0,0.9996862798937005,0.9695950480857485,11.0,0.023449721137260016,0.03189217698537168,0.034893513304084287
2579.0,1.0,0.0,67106816.0,67106816.0,2.0,0.009899401799249679,0.011321364424564682,1906.0,0.0,-1.0,-1.0,0.867541277643506,0.06874293104515919,11.0,0.023449721137260016,0.031050068680345655,0.0321566349563291
2581.0,2.0,0.0,67106816.0,67106816.0,5.0,0.009892496882237745,0.011301258892102903,1907.0,0.0,-1.0,-1.0,0.00011449542776694236,0.008248024420262816,11.0,0.023449721137260016,0.030921762400049808,0.031525812819191604
2586.0,5.0,0.0,67106816.0,67106816.0,5.0,0.00986760251860417,0.011294788576618857,1908.0,0.0,-1.0,-1.0,8.315965572541285e-05,0.008247716341804075,17.0,0.023449721137260016,0.030791437973225193,0.03140730358166544
2591.0,5.0,14.0,67106816.0,67106816.0,1.0,0.009842708442129103,0.011288319559674603,1909.0,0.0,-1.0,-1.0,0.9195271168608681,0.9200949295447014,17.0,0.023449721137260016,0.03152801095626003,0.034531242047094846
2592.0,1.0,3.0,67106816.0,67106816.0,1.0,0.009842708442129103,0.011288319559674607,1910.0,0.0,-1.0,-1.0,0.999683803946211,0.9696181658632155,11.0,0.023449721137260016,0.03154028877556099,0.03456337310383866
2593.0,1.0,2.0,67106816.0,67106816.0,1.0,0.009842708442129103,0.01128831955967461,1911.0,0.0,-1.0,-1.0,0.9996862798292867,0.9695950784340946,11.0,0.023449721137260016,0.03151919469394973,0.03454215008399386
2594.0,1.0,3.0,67106816.0,67106816.0,1.0,0.009842708442129103,0.011288319559674607,1912.0,0.0,-1.0,-1.0,0.999686279893699,0.9695950480580318,11.0,0.023449721137260016,0.031498108753205245,0.03452092883579076
2595.0,1.0,9.0,67106816.0,67106816.0,1.0,0.0098427084421291,0.011288319559674607,1913.0,0.0,-1.0,-1.0,0.9996862798937005,0.9695950480857358,11.0,0.023449721137260016,0.031477022823519635,0.034499707585703934
2596.0,1.0,3.0,67106816.0,67106816.0,1.0,0.009842708442129092,0.011288319559674603,1914.0,0.0,-1.0,-1.0,0.9996862798937005,0.9695950480857485,11.0,0.023449721137260016,0.031455936893829556,0.03447848633249073
2597.0,1.0,5.0,67106816.0,67106816.0,1.0,0.009842708442129089,0.0112883195596746,1915.0,0.0,-1.0,-1.0,0.9996862798937005,0.9695950480857485,11.0,0.023449721137260016,0.03143485096413946,0.03445726507611605
2598.0,1.0,4.0,67106816.0,67106816.0,1.0,0.009842708442129089,0.011288319559674596,1916.0,1.0,-1.0,-1.0,0.9996862798937005,0.9695950480857485,11.0,0.023449721137260016,0.03141376503444937,0.03443604381654437
2599.0,1.0,7.0,67106816.0,67106816.0,1.0,0.009842708442129089,0.011288319559674593,1917.0,1.0,-1.0,-1.0,0.9996862798937005,0.9695950480857485,11.0,0.023449721137260016,0.03139267910475929,0.034414822553739774
2600.0,1.0,4.0,67106816.0,67106816.0,1.0,0.009842708442129082,0.01128831955967459,1918.0,0.0,-1.0,-1.0,0.9996862798937005,0.9695950480857485,11.0,0.023449721137260016,0.03137159317506919,0.03439360128766593
2601.0,1.0,6.0,67106816.0,67106816.0,1.0,0.009842708442129075,0.011288319559674586,1919.0,0.0,-1.0,-1.0,0.9996862798937005,0.9695950480857485,11.0,0.023449721137260016,0.031350507245379106,0.0343723800182861
2602.0,1.0,9.0,67106816.0,67106816.0,1.0,0.009842708442129075,0.011288319559674583,1920.0,1.0,-1.0,-1.0,0.9996862798937005,0.9695950480857485,11.0,0.023449721137260016,0.03132942131568901,0.034351158745563166
2603.0,1.0,4.0,67106816.0,67106816.0,1.0,0.009842708442129078,0.011288319559674579,1921.0,0.0,-1.0,-1.0,0.9996862798937005,0.9695950480857485,11.0,0.023449721137260016,0.031308335385998934,0.034329937469459545
2604.0,1.0,5.0,67106816.0,67106816.0,1.0,0.009842708442129078,0.011288319559674576,1922.0,0.0,-1.0,-1.0,0.9996862798937005,0.9695950480857485,11.0,0.023449721137260016,0.03128724945630884,0.03430871618993728
2605.0,1.0,1.0,67106816.0,67106816.0,1.0,0.009842708442129072,0.011288319559674572,1923.0,0.0,-1.0,-1.0,0.9996862798937005,0.9695950480857485,11.0,0.023449721137260016,0.03126616352661876,0.03428749490695793
2606.0,1.0,6.0,67106816.0,67106816.0,1.0,0.009842708442129072,0.011288319559674569,1924.0,1.0,-1.0,-1.0,0.9996862798937005,0.9695950480857485,11.0,0.023449721137260016,0.03124507759692867,0.03426627362048267
2607.0,1.0,12.0,67106816.0,67106816.0,1.0,0.009842708442129072,0.011288319559674565,1925.0,0.0,-1.0,-1.0,0.9996862798937005,0.9695950480857485,11.0,0.023449721137260016,0.031223991667238583,0.03424505233047223
2608.0,1.0,9.0,67106816.0,67106816.0,1.0,0.009842708442129072,0.011288319559674562,1926.0,0.0,-1.0,-1.0,0.9996862798937005,0.9695950480857485,11.0,0.023449721137260016,0.031202905737548494,0.03422383103688688
2609.0,1.0,1.0,67106816.0,67106816.0,1.0,0.009842708442129072,0.011288319559674558,1927.0,1.0,-1.0,-1.0,0.9996862798937005,0.9695950480857485,11.0,0.023449721137260016,0.03118181980785841,0.03420260973968646
2610.0,1.0,8.0,67106816.0,67106816.0,1.0,0.009842708442129068,0.011288319559674558,1928.0,0.0,-1.0,-1.0,0.9996862798937005,0.9695950480857485,11.0,0.023449721137260016,0.031160733878168322,0.03418138843883036
2611.0,1.0,8.0,67106816.0,67106816.0,1.0,0.009842708442129065,0.011288319559674555,1929.0,1.0,-1.0,-1.0,0.9996862798937005,0.9695950480857485,11.0,0.023449721137260016,0.031139647948478233,0.0341601671342775
2612.0,1.0,8.0,67106816.0,67106816.0,1.0,0.009842708442129061,0.011288319559674551,1930.0,2.0,-1.0,-1.0,0.9996862798937005,0.9695950480857485,11.0,0.023449721137260016,0.031118562018788144,0.03413894582598634
2613.0,1.0,5.0,67106816.0,67106816.0,1.0,0.009842708442129065,0.011288319559674548,1931.0,0.0,-1.0,-1.0,0.9996862798937005,0.9695950480857485,11.0,0.023449721137260016,0.03109747608909806,0.03411772451391489
2614.0,1.0,6.0,67106816.0,67106816.0,1.0,0.009842708442129061,0.011288319559674544,1932.0,2.0,-1.0,-1.0,0.9996862798937005,0.9695950480857485,11.0,0.023449721137260016,0.03107639015940797,0.03409650319802068
2615.0,1.0,2.0,67106816.0,67106816.0,1.0,0.009842708442129054,0.011288319559674544,1933.0,2.0,-1.0,-1.0,0.9996862798937005,0.9695950480857485,11.0,0.023449721137260016,0.031055304229717882,0.034075281878260755
2616.0,1.0,8.0,67106816.0,67106816.0,1.0,0.009842708442129054,0.011288319559674541,1934.0,1.0,-1.0,-1.0,0.9996862798937005,0.9695950480857485,11.0,0.023449721137260016,0.031034218300027793,0.034054060554591675
2617.0,1.0,8.0,67106816.0,67106816.0,1.0,0.009842708442129054,0.011288319559674537,1935.0,1.0,-1.0,-1.0,0.9996862798937005,0.9695950480857485,11.0,0.023449721137260016,0.031013132370337707,0.034032839226969536
2618.0,1.0,5.0,67106816.0,67106816.0,1.0,0.009842708442129054,0.011288319559674534,1936.0,0.0,-1.0,-1.0,0.9996862798937005,0.9695950480857485,11.0,0.023449721137260016,0.030992046440647618,0.03401161789534991
2619.0,1.0,2.0,67106816.0,67106816.0,1.0,0.00984270844212905,0.01128831955967453,1937.0,0.0,-1.0,-1.0,0.9996862798937005,0.9695950480857485,11.0,0.023449721137260016,0.030970960510957532,0.033990396559687906
2620.0,1.0,9.0,67106816.0,67106816.0,1.0,0.009842708442129047,0.011288319559674534,1938.0,0.0,-1.0,-1.0,0.9996862798937005,0.9695950480857485,11.0,0.023449721137260016,0.030949874581267443,0.033969175219938086
2621.0,1.0,5.0,67106816.0,67106816.0,1.0,0.009842708442129047,0.01128831955967453,1939.0,0.0,-1.0,-1.0,0.9996862798937005,0.9695950480857485,11.0,0.023449721137260016,0.030928788651577357,0.03394795387605453
2622.0,1.0,7.0,67106816.0,67106816.0,1.0,0.009842708442129044,0.011288319559674527,1940.0,3.0,-1.0,-1.0,0.9996862798937005,0.9695950480857485,11.0,0.023449721137260016,0.030907702721887264,0.03392673252799079
2623.0,1.0,12.0,67106816.0,67106816.0,1.0,0.009842708442129044,0.011288319559674527,1941.0,0.0,-1.0,-1.0,0.9996862798937005,0.9695950480857485,11.0,0.023449721137260016,0.03088661679219718,0.03390551117569991
2624.0,1.0,4.0,67106816.0,67106816.0,1.0,0.009842708442129044,0.011288319559674527,1942.0,0.0,-1.0,-1.0,0.9996862798937005,0.9695950480857485,11.0,0.023449721137260016,0.030865530862507092,0.0338842898191344
2625.0,1.0,6.0,67106816.0,67106816.0,1.0,0.009842708442129037,0.01128831955967452,1943.0,0.0,-1.0,-1.0,0.9996862798937005,0.9695950480857485,11.0,0.023449721137260016,0.030844444932817003,0.033863068458246215
2626.0,1.0,8.0,67106816.0,67106816.0,1.0,0.009842708442129033,0.011288319559674517,1944.0,1.0,-1.0,-1.0,0.9996862798937005,0.9695950480857485,11.0,0.023449721137260016,0.030823359003126913,0.03384184709298681
2627.0,1.0,7.0,67106816.0,67106816.0,1.0,0.009842708442129033,0.011288319559674517,1945.0,0.0,-1.0,-1.0,0.9996862798937005,0.9695950480857485,11.0,0.023449721137260016,0.030802273073436828,0.03382062572330706
2628.0,1.0,5.0,67106816.0,67106816.0,1.0,0.009842708442129033,0.011288319559674513,1946.0,1.0,-1.0,-1.0,0.9996862798937005,0.9695950480857485,11.0,0.023449721137260016,0.030781187143746738,0.033799404349157305
2629.0,1.0,4.0,67106816.0,67106816.0,1.0,0.00984270844212903,0.011288319559674513,1947.0,0.0,-1.0,-1.0,0.9996862798937005,0.9695950480857485,11.0,0.023449721137260016,0.030760101214056656,0.03377818297048732
2630.0,1.0,0.0,67106816.0,67106816.0,2.0,0.00984270844212903,0.01128831955967451,1948.0,0.0,-1.0,-1.0,0.867541277643506,0.06874293104515919,11.0,0.023449721137260016,0.029917992909030623,0.031041327624865278
2632.0,2.0,0.0,67106816.0,67106816.0,5.0,0.009835803525117093,0.01126821402721273,1949.0,0.0,-1.0,-1.0,0.00011449542776694236,0.008248024420262816,11.0,0.023449721137260016,0.02978968662873478,0.030408580035846334
2637.0,5.0,0.0,67106816.0,67106816.0,5.0,0.009810909161483524,0.011261743711728705,1950.0,0.0,-1.0,-1.0,8.315965572541285e-05,0.008247716341804075,18.0,0.023449721137260016,0.029659362201910167,0.030290070798352803
2642.0,5.0,0.0,67106816.0,67106816.0,5.0,0.009786015085008454,0.011255274694784486,1951.0,0.0,-1.0,-1.0,8.315965572541127e-05,0.008247716341804077,18.0,0.023449721137260016,0.029529038476984664,0.030171563974559636
2647.0,5.0,0.0,67106816.0,67106816.0,5.0,0.009761121008533383,0.011248805677840264,1952.0,0.0,-1.0,-1.0,8.315965572541127e-05,0.008247716341804077,18.0,0.023449721137260016,0.029398714752059164,0.0300530571507728
2652.0,5.0,0.0,67106816.0,67106816.0,5.0,0.009736226932058313,0.011242336660896048,1953.0,0.0,-1.0,-1.0,8.315965572541127e-05,0.008247716341804077,18.0,0.023449721137260016,0.029268391027133665,0.029934550326993048
2657.0,5.0,0.0,67106816.0,67106816.0,5.0,0.009711332855583243,0.011235867643951826,1954.0,0.0,-1.0,-1.0,8.315965572541127e-05,0.008247716341804077,18.0,0.023449721137260016,0.029138067302208165,0.0298160435032212
2662.0,5.0,0.0,67106816.0,67106816.0,5.0,0.009686438779108172,0.011229398627007614,1955.0,0.0,-1.0,-1.0,8.315965572541127e-05,0.008247716341804077,18.0,0.023449721137260016,0.029007743577282665,0.029697536679458198
2667.0,5.0,0.0,67106816.0,67106816.0,5.0,0.009661544702633102,0.011222929610063406,1956.0,0.0,-1.0,-1.0,8.315965572541127e-05,0.008247716341804077,18.0,0.023449721137260016,0.028877419852357165,0.029579029855705086
2672.0,5.0,0.0,67106816.0,67106816.0,5.0,0.009636650626158032,0.011216460593119204,1957.0,0.0,-1.0,-1.0,8.315965572541127e-05,0.008247716341804077,18.0,0.023449721137260016,0.028747096127431666,0.029460523031963025
2677.0,5.0,0.0,67106816.0,67106816.0,5.0,0.009611756549682961,0.011209991576175003,1958.0,0.0,-1.0,-1.0,8.315965572541127e-05,0.008247716341804077,18.0,0.023449721137260016,0.028616772402506166,0.029342016208233318
2682.0,5.0,0.0,67106816.0,67106816.0,5.0,0.009586862473207895,0.011203522559230818,1959.0,0.0,-1.0,-1.0,8.315965572541127e-05,0.008247716341804077,18.0,0.023449721137260016,0.02848644867758067,0.029223509384517427
2687.0,5.0,0.0,67106816.0,67106816.0,5.0,0.009561968396732824,0.011197053542286641,1960.0,0.0,-1.0,-1.0,8.315965572541127e-05,0.008247716341804077,18.0,0.023449721137260016,0.02835612495265517,0.02910578507571981
2692.0,5.0,0.0,67106816.0,67106816.0,5.0,0.009537074320257754,0.011190584525342464,1961.0,0.0,-1.0,-1.0,8.315965572541127e-05,0.008247716341804077,18.0,0.023449721137260016,0.02822580122772967,0.02898838685583862
2697.0,5.0,0.0,67106816.0,67106816.0,5.0,0.009512180243782684,0.011184115508398294,1962.0,0.0,-1.0,-1.0,8.315965572541127e-05,0.008247716341804077,18.0,0.023449721137260016,0.02809547750280417,0.028870988636076633
2702.0,5.0,0.0,67106816.0,67106816.0,5.0,0.009487286167307613,0.011177646491454127,1963.0,0.0,-1.0,-1.0,8.315965572541127e-05,0.008247716341804077,18.0,0.023449721137260016,0.02796515377787867,0.0287535904164465
2707.0,5.0,0.0,67106816.0,67106816.0,5.0,0.009462392090832543,0.01117117747450997,1964.0,0.0,-1.0,-1.0,8.315965572541127e-05,0.008247716341804077,18.0,0.023449721137260016,0.02783483005295317,0.02863619219696221
2712.0,5.0,0.0,67106816.0,67106816.0,5.0,0.009437498014357473,0.011164708457565817,1965.0,0.0,-1.0,-1.0,8.315965572541127e-05,0.008247716341804077,18.0,0.023449721137260016,0.02770450632802767,0.028518793977639234
2717.0,5.0,0.0,67106816.0,67106816.0,5.0,0.009412603937882402,0.011158239440621668,1966.0,0.0,-1.0,-1.0,8.315965572541127e-05,0.008247716341804077,18.0,0.023449721137260016,0.02757418260310217,0.028401395758494687
2722.0,5.0,0.0,67106816.0,67106816.0,5.0,0.009387709861407332,0.011151770423677536,1967.0,0.0,-1.0,-1.0,8.315965572541127e-05,0.008247716341804077,19.0,0.023449721137260016,0.027443858878176672,0.028283997539547502
2727.0,5.0,0.0,67106816.0,67106816.0,5.0,0.009362815784932262,0.011145301406733414,1968.0,0.0,-1.0,-1.0,8.315965572541127e-05,0.008247716341804077,19.0,0.023449721137260016,0.027313535153251172,0.028166599320818612
2732.0,5.0,0.0,67106816.0,67106816.0,5.0,0.009337921708457191,0.0111388323897893,1969.0,0.0,-1.0,-1.0,8.315965572541127e-05,0.008247716341804077,19.0,0.023449721137260016,0.027183211428325672,0.02804920110233118
2737.0,5.0,0.0,67106816.0,67106816.0,5.0,0.009313027631982121,0.011132363372845192,1970.0,0.0,-1.0,-1.0,8.315965572541127e-05,0.008247716341804077,19.0,0.023449721137260016,0.027052887703400173,0.027931802884110825
2742.0,5.0,0.0,67106816.0,67106816.0,5.0,0.00928813355550705,0.01112589435590109,1971.0,0.0,-1.0,-1.0,8.315965572541127e-05,0.008247716341804077,19.0,0.023449721137260016,0.026922563978474673,0.027814404666185875
2747.0,5.0,0.0,67106816.0,67106816.0,5.0,0.009263239479031984,0.011119425338957007,1972.0,0.0,-1.0,-1.0,8.315965572541127e-05,0.008247716341804077,19.0,0.023449721137260016,0.026792240253549177,0.02769700644858767
2752.0,5.0,0.0,67106816.0,67106816.0,5.0,0.009238345402556913,0.011112956322012937,1973.0,0.0,-1.0,-1.0,8.315965572541127e-05,0.008247716341804077,19.0,0.023449721137260016,0.026661916528623677,0.027579608231350885
2757.0,5.0,0.0,67106816.0,67106816.0,5.0,0.009213451326081843,0.011106487305068878,1974.0,0.0,-1.0,-1.0,8.315965572541127e-05,0.008247716341804077,19.0,0.023449721137260016,0.026531592803698177,0.027462210014513856
2762.0,5.0,0.0,67106816.0,67106816.0,5.0,0.009188557249606773,0.011100018288124833,1975.0,0.0,-1.0,-1.0,8.315965572541127e-05,0.008247716341804077,19.0,0.023449721137260016,0.026401269078772677,0.027344811798118998
2767.0,5.0,0.0,67106816.0,67106816.0,5.0,0.009163663173131702,0.011093549271180801,1976.0,0.0,-1.0,-1.0,8.315965572541127e-05,0.008247716341804077,19.0,0.023449721137260016,0.026270945353847178,0.027227413582213218
2772.0,5.0,0.0,67106816.0,67106816.0,5.0,0.009138769096656632,0.011087080254236777,1977.0,0.0,-1.0,-1.0,8.315965572541127e-05,0.008247716341804077,19.0,0.023449721137260016,0.026140621628921678,0.027110015366848404
2777.0,5.0,2.0,67106816.0,67106816.0,1.0,0.009113875020181562,0.011080611237292766,1978.0,1.0,-1.0,-1.0,0.9195271168608681,0.9200949295447014,19.0,0.023449721137260016,0.026877194611956513,0.03037627030722899
2778.0,1.0,9.0,67106816.0,67106816.0,1.0,0.009113875020181565,0.01108061123729277,1979.0,0.0,-1.0,-1.0,0.9996838039462109,0.9696181658632155,11.0,0.023449721137260016,0.026889472431257475,0.030408394743931682
2779.0,1.0,6.0,67106816.0,67106816.0,1.0,0.009113875020181572,0.011080611237292773,1980.0,0.0,-1.0,-1.0,0.9996862798292867,0.9695950784340946,11.0,0.023449721137260016,0.026868378349646223,0.03038716982237316
2780.0,1.0,8.0,67106816.0,67106816.0,1.0,0.009113875020181569,0.011080611237292773,1981.0,1.0,-1.0,-1.0,0.999686279893699,0.9695950480580318,11.0,0.023449721137260016,0.02684729240890173,0.030365946650928868
2781.0,1.0,3.0,67106816.0,67106816.0,1.0,0.009113875020181565,0.01108061123729277,1982.0,2.0,-1.0,-1.0,0.9996862798937005,0.9695950480857358,11.0,0.023449721137260016,0.026826206479216127,0.030344723455992782
2782.0,1.0,9.0,67106816.0,67106816.0,1.0,0.009113875020181565,0.011080611237292766,1983.0,0.0,-1.0,-1.0,0.9996862798937005,0.9695950480857485,11.0,0.023449721137260016,0.026805120549526048,0.030323500236079628
2783.0,1.0,4.0,67106816.0,67106816.0,1.0,0.009113875020181569,0.011080611237292766,1984.0,2.0,-1.0,-1.0,0.9996862798937005,0.9695950480857485,11.0,0.023449721137260016,0.026784034619835962,0.03030227699090877
2784.0,1.0,8.0,67106816.0,67106816.0,1.0,0.009113875020181569,0.011080611237292759,1985.0,0.0,-1.0,-1.0,0.9996862798937005,0.9695950480857485,11.0,0.023449721137260016,0.026762948690145873,0.03028105372019645
2785.0,1.0,4.0,67106816.0,67106816.0,1.0,0.009113875020181562,0.011080611237292756,1986.0,1.0,-1.0,-1.0,0.9996862798937005,0.9695950480857485,11.0,0.023449721137260016,0.026741862760455787,0.030259830423655692
2786.0,1.0,12.0,67106816.0,67106816.0,1.0,0.009113875020181562,0.011080611237292752,1987.0,0.0,-1.0,-1.0,0.9996862798937005,0.9695950480857485,11.0,0.023449721137260016,0.026720776830765697,0.030238607100996323
2787.0,1.0,7.0,67106816.0,67106816.0,1.0,0.009113875020181562,0.011080611237292749,1988.0,0.0,-1.0,-1.0,0.9996862798937005,0.9695950480857485,11.0,0.023449721137260016,0.02669969090107561,0.030217383751924887
2788.0,1.0,3.0,67106816.0,67106816.0,1.0,0.009113875020181562,0.011080611237292745,1989.0,3.0,-1.0,-1.0,0.9996862798937005,0.9695950480857485,11.0,0.023449721137260016,0.026678604971385522,0.030196160376144646
2789.0,1.0,8.0,67106816.0,67106816.0,1.0,0.009113875020181558,0.011080611237292745,1990.0,0.0,-1.0,-1.0,0.9996862798937005,0.9695950480857485,11.0,0.023449721137260016,0.026657519041695436,0.030174936973355514
2790.0,1.0,7.0,67106816.0,67106816.0,1.0,0.009113875020181555,0.011080611237292742,1991.0,1.0,-1.0,-1.0,0.9996862798937005,0.9695950480857485,11.0,0.023449721137260016,0.026636433112005347,0.030153713543254048
2791.0,1.0,6.0,67106816.0,67106816.0,1.0,0.009113875020181551,0.011080611237292735,1992.0,1.0,-1.0,-1.0,0.9996862798937005,0.9695950480857485,11.0,0.023449721137260016,0.026615347182315258,0.030132490085533384
2792.0,1.0,4.0,67106816.0,67106816.0,1.0,0.009113875020181548,0.011080611237292735,1993.0,0.0,-1.0,-1.0,0.9996862798937005,0.9695950480857485,11.0,0.023449721137260016,0.02659426125262517,0.030111266599883224
2793.0,1.0,4.0,67106816.0,67106816.0,1.0,0.009113875020181551,0.011080611237292735,1994.0,0.0,-1.0,-1.0,0.9996862798937005,0.9695950480857485,11.0,0.023449721137260016,0.026573175322935086,0.030090043085989768
2794.0,1.0,6.0,67106816.0,67106816.0,1.0,0.009113875020181548,0.011080611237292731,1995.0,0.0,-1.0,-1.0,0.9996862798937005,0.9695950480857485,11.0,0.023449721137260016,0.026552089393244993,0.0300688195435357
2795.0,1.0,7.0,67106816.0,67106816.0,1.0,0.009113875020181541,0.011080611237292724,1996.0,1.0,-1.0,-1.0,0.9996862798937005,0.9695950480857485,11.0,0.023449721137260016,0.026531003463554904,0.03004759597220013
2796.0,1.0,8.0,67106816.0,67106816.0,1.0,0.009113875020181537,0.01108061123729272,1997.0,1.0,-1.0,-1.0,0.9996862798937005,0.9695950480857485,11.0,0.023449721137260016,0.026509917533864814,0.030026372371658578
2797.0,1.0,9.0,67106816.0,67106816.0,1.0,0.009113875020181537,0.011080611237292717,1998.0,0.0,-1.0,-1.0,0.9996862798937005,0.9695950480857485,11.0,0.023449721137260016,0.02648883160417473,0.030005148741582905
2798.0,1.0,4.0,67106816.0,67106816.0,1.0,0.009113875020181537,0.011080611237292714,1999.0,1.0,-1.0,-1.0,0.9996862798937005,0.9695950480857485,11.0,0.023449721137260016,0.02646774567448464,0.0299839250816413
2799.0,1.0,10.0,67106816.0,67106816.0,1.0,0.009113875020181534,0.011080611237292714,2000.0,0.0,-1.0,-1.0,0.9996862798937005,0.9695950480857485,11.0,0.023449721137260016,0.026446659744794557,0.0299627013914982
2800.0,1.0,11.0,67106816.0,67106816.0,1.0,0.009113875020181534,0.011080611237292714,2001.0,1.0,-1.0,-1.0,0.9996862798937005,0.9695950480857485,11.0,0.023449721137260016,0.026425573815104467,0.029941477670814294
2801.0,1.0,4.0,67106816.0,67106816.0,1.0,0.009113875020181534,0.01108061123729271,2002.0,0.0,-1.0,-1.0,0.9996862798937005,0.9695950480857485,11.0,0.023449721137260016,0.02640448788541438,0.02992025391924645
2802.0,1.0,3.0,67106816.0,67106816.0,1.0,0.00911387502018153,0.011080611237292707,2003.0,1.0,-1.0,-1.0,0.9996862798937005,0.9695950480857485,11.0,0.023449721137260016,0.02638340195572429,0.029899030136447687
2803.0,1.0,10.0,67106816.0,67106816.0,1.0,0.00911387502018153,0.011080611237292707,2004.0,0.0,-1.0,-1.0,0.9996862798937005,0.9695950480857485,11.0,0.023449721137260016,0.026362316026034206,0.029877806322067105
2804.0,1.0,5.0,67106816.0,67106816.0,1.0,0.00911387502018153,0.011080611237292707,2005.0,2.0,-1.0,-1.0,0.9996862798937005,0.9695950480857485,11.0,0.023449721137260016,0.02634123009634412,0.02985658247574989
2805.0,1.0,6.0,67106816.0,67106816.0,1.0,0.009113875020181527,0.011080611237292703,2006.0,2.0,-1.0,-1.0,0.9996862798937005,0.9695950480857485,11.0,0.023449721137260016,0.02632014416665403,0.029835358597137224
2806.0,1.0,5.0,67106816.0,67106816.0,1.0,0.009113875020181524,0.011080611237292703,2007.0,1.0,-1.0,-1.0,0.9996862798937005,0.9695950480857485,11.0,0.023449721137260016,0.02629905823696394,0.029814134685866266
2807.0,1.0,7.0,67106816.0,67106816.0,1.0,0.009113875020181524,0.0110806112372927,2008.0,1.0,-1.0,-1.0,0.9996862798937005,0.9695950480857485,11.0,0.023449721137260016,0.026277972307273856,0.029792910741570082
2808.0,1.0,9.0,67106816.0,67106816.0,1.0,0.00911387502018152,0.011080611237292697,2009.0,0.0,-1.0,-1.0,0.9996862798937005,0.9695950480857485,11.0,0.023449721137260016,0.026256886377583763,0.029771686763877644
2809.0,1.0,5.0,67106816.0,67106816.0,1.0,0.009113875020181517,0.011080611237292697,2010.0,1.0,-1.0,-1.0,0.9996862798937005,0.9695950480857485,11.0,0.023449721137260016,0.02623580044789368,0.029750462752413727
2810.0,1.0,4.0,67106816.0,67106816.0,1.0,0.009113875020181517,0.011080611237292693,2011.0,0.0,-1.0,-1.0,0.9996862798937005,0.9695950480857485,11.0,0.023449721137260016,0.02621471451820359,0.029729238706798916
2811.0,1.0,5.0,67106816.0,67106816.0,1.0,0.009113875020181517,0.011080611237292693,2012.0,1.0,-1.0,-1.0,0.9996862798937005,0.9695950480857485,11.0,0.023449721137260016,0.026193628588513505,0.029708014626649504
2812.0,1.0,9.0,67106816.0,67106816.0,1.0,0.009113875020181513,0.01108061123729269,2013.0,1.0,-1.0,-1.0,0.9996862798937005,0.9695950480857485,11.0,0.023449721137260016,0.026172542658823413,0.0296867905115775
2813.0,1.0,5.0,67106816.0,67106816.0,1.0,0.00911387502018151,0.011080611237292686,2014.0,1.0,-1.0,-1.0,0.9996862798937005,0.9695950480857485,11.0,0.023449721137260016,0.026151456729133327,0.029665566361190533
2814.0,1.0,5.0,67106816.0,67106816.0,1.0,0.00911387502018151,0.011080611237292683,2015.0,2.0,-1.0,-1.0,0.9996862798937005,0.9695950480857485,11.0,0.023449721137260016,0.02613037079944324,0.029644342175091844
2815.0,1.0,6.0,67106816.0,67106816.0,1.0,0.00911387502018151,0.01108061123729268,2016.0,1.0,-1.0,-1.0,0.9996862798937005,0.9695950480857485,11.0,0.023449721137260016,0.026109284869753155,0.029623117952880203
2816.0,1.0,4.0,67106816.0,67106816.0,1.0,0.009113875020181506,0.011080611237292676,2017.0,1.0,-1.0,-1.0,0.9996862798937005,0.9695950480857485,11.0,0.023449721137260016,0.026088198940063062,0.029601893694149874
2817.0,1.0,9.0,67106816.0,67106816.0,1.0,0.009113875020181503,0.011080611237292676,2018.0,1.0,-1.0,-1.0,0.9996862798937005,0.9695950480857485,11.0,0.023449721137260016,0.026067113010372976,0.02958066939849056
2818.0,1.0,7.0,67106816.0,67106816.0,1.0,0.009113875020181503,0.011080611237292672,2019.0,0.0,-1.0,-1.0,0.9996862798937005,0.9695950480857485,11.0,0.023449721137260016,0.02604602708068289,0.029559445065487366
2819.0,1.0,4.0,67106816.0,67106816.0,1.0,0.009113875020181503,0.011080611237292672,2020.0,1.0,-1.0,-1.0,0.9996862798937005,0.9695950480857485,11.0,0.023449721137260016,0.026024941150992804,0.029538220694720715
2820.0,1.0,3.0,67106816.0,67106816.0,1.0,0.0091138750201815,0.011080611237292669,2021.0,0.0,-1.0,-1.0,0.9996862798937005,0.9695950480857485,11.0,0.023449721137260016,0.026003855221302715,0.029516996285766334
2821.0,1.0,10.0,67106816.0,67106816.0,1.0,0.0091138750201815,0.011080611237292665,2022.0,0.0,-1.0,-1.0,0.9996862798937005,0.9695950480857485,11.0,0.023449721137260016,0.02598276929161263,0.029495771838195177
2822.0,1.0,4.0,67106816.0,67106816.0,1.0,0.009113875020181492,0.011080611237292662,2023.0,1.0,-1.0,-1.0,0.9996862798937005,0.9695950480857485,11.0,0.023449721137260016,0.025961683361922533,0.02947454735157338
2823.0,1.0,8.0,67106816.0,67106816.0,1.0,0.009113875020181489,0.011080611237292655,2024.0,1.0,-1.0,-1.0,0.9996862798937005,0.9695950480857485,11.0,0.023449721137260016,0.02594059743223245,0.029453322825462192
2824.0,1.0,3.0,67106816.0,67106816.0,1.0,0.009113875020181492,0.011080611237292651,2025.0,0.0,-1.0,-1.0,0.9996862798937005,0.9695950480857485,11.0,0.023449721137260016,0.025919511502542365,0.029432098259417967
2825.0,1.0,7.0,67106816.0,67106816.0,1.0,0.009113875020181492,0.011080611237292651,2026.0,0.0,-1.0,-1.0,0.9996862798937005,0.9695950480857485,11.0,0.023449721137260016,0.02589842557285228,0.029410873652992026
2826.0,1.0,7.0,67106816.0,67106816.0,1.0,0.009113875020181489,0.011080611237292651,2027.0,0.0,-1.0,-1.0,0.9996862798937005,0.9695950480857485,11.0,0.023449721137260016,0.025877339643162186,0.029389649005730687
2827.0,1.0,9.0,67106816.0,67106816.0,1.0,0.009113875020181482,0.011080611237292651,2028.0,0.0,-1.0,-1.0,0.9996862798937005,0.9695950480857485,11.0,0.023449721137260016,0.025856253713472097,0.02936842431717515
2828.0,1.0,2.0,67106816.0,67106816.0,1.0,0.009113875020181482,0.011080611237292655,2029.0,0.0,-1.0,-1.0,0.9996862798937005,0.9695950480857485,11.0,0.023449721137260016,0.02583516778378201,0.029347199586861477
2829.0,1.0,4.0,67106816.0,67106816.0,1.0,0.009113875020181482,0.011080611237292655,2030.0,1.0,-1.0,-1.0,0.9996862798937005,0.9695950480857485,11.0,0.023449721137260016,0.025814081854091925,0.029325974814320498
2830.0,1.0,7.0,67106816.0,67106816.0,1.0,0.009113875020181478,0.011080611237292651,2031.0,1.0,-1.0,-1.0,0.9996862798937005,0.9695950480857485,11.0,0.023449721137260016,0.025792995924401835,0.029304749999077787
2831.0,1.0,8.0,67106816.0,67106816.0,1.0,0.009113875020181478,0.011080611237292651,2032.0,1.0,-1.0,-1.0,0.9996862798937005,0.9695950480857485,11.0,0.023449721137260016,0.02577190999471175,0.029283525140653577
2832.0,1.0,5.0,67106816.0,67106816.0,1.0,0.009113875020181475,0.011080611237292644,2033.0,0.0,-1.0,-1.0,0.9996862798937005,0.9695950480857485,11.0,0.023449721137260016,0.02575082406502166,0.029262300238562723
2833.0,1.0,4.0,67106816.0,67106816.0,1.0,0.009113875020181475,0.011080611237292641,2034.0,0.0,-1.0,-1.0,0.9996862798937005,0.9695950480857485,11.0,0.023449721137260016,0.025729738135331574,0.02924107529231462
2834.0,1.0,3.0,67106816.0,67106816.0,1.0,0.009113875020181475,0.011080611237292638,2035.0,1.0,-1.0,-1.0,0.9996862798937005,0.9695950480857485,11.0,0.023449721137260016,0.02570865220564149,0.029219850301413157
2835.0,1.0,8.0,67106816.0,67106816.0,1.0,0.009113875020181475,0.011080611237292638,2036.0,0.0,-1.0,-1.0,0.9996862798937005,0.9695950480857485,11.0,0.023449721137260016,0.025687566275951403,0.02919862526535664
2836.0,1.0,6.0,67106816.0,67106816.0,1.0,0.009113875020181472,0.011080611237292634,2037.0,1.0,-1.0,-1.0,0.9996862798937005,0.9695950480857485,11.0,0.023449721137260016,0.02566648034626131,0.02917740018363775
2837.0,1.0,12.0,67106816.0,67106816.0,1.0,0.009113875020181465,0.01108061123729263,2038.0,0.0,-1.0,-1.0,0.9996862798937005,0.9695950480857485,11.0,0.023449721137260016,0.025645394416571224,0.029156175055743458
2838.0,1.0,6.0,67106816.0,67106816.0,1.0,0.009113875020181468,0.01108061123729263,2039.0,0.0,-1.0,-1.0,0.9996862798937005,0.9695950480857485,11.0,0.023449721137260016,0.025624308486881138,0.02913494988115498
2839.0,1.0,6.0,67106816.0,67106816.0,1.0,0.009113875020181472,0.011080611237292627,2040.0,0.0,-1.0,-1.0,0.9996862798937005,0.9695950480857485,11.0,0.023449721137260016,0.025603222557191056,0.029113724659347688
2840.0,1.0,5.0,67106816.0,67106816.0,1.0,0.009113875020181468,0.011080611237292624,2041.0,0.0,-1.0,-1.0,0.9996862798937005,0.9695950480857485,11.0,0.023449721137260016,0.025582136627500963,0.02909249938979109
2841.0,1.0,6.0,67106816.0,67106816.0,1.0,0.009113875020181465,0.01108061123729262,2042.0,0.0,-1.0,-1.0,0.9996862798937005,0.9695950480857485,11.0,0.023449721137260016,0.025561050697810877,0.02907127407194869
2842.0,1.0,7.0,67106816.0,67106816.0,1.0,0.009113875020181461,0.011080611237292617,2043.0,0.0,-1.0,-1.0,0.9996862798937005,0.9695950480857485,11.0,0.023449721137260016,0.025539964768120788,0.02905004870527801
2843.0,1.0,11.0,67106816.0,67106816.0,1.0,0.009113875020181461,0.011080611237292613,2044.0,0.0,-1.0,-1.0,0.9996862798937005,0.9695950480857485,11.0,0.023449721137260016,0.0255188788384307,0.029028823289230444
2844.0,1.0,1.0,67106816.0,67106816.0,1.0,0.009113875020181461,0.01108061123729261,2045.0,1.0,-1.0,-1.0,0.9996862798937005,0.9695950480857485,11.0,0.023449721137260016,0.025497792908740616,0.029007597823251245
2845.0,1.0,4.0,67106816.0,67106816.0,1.0,0.009113875020181461,0.01108061123729261,2046.0,0.0,-1.0,-1.0,0.9996862798937005,0.9695950480857485,11.0,0.023449721137260016,0.02547670697905053,0.028986372306779414
2846.0,1.0,8.0,67106816.0,67106816.0,1.0,0.009113875020181458,0.011080611237292606,2047.0,0.0,-1.0,-1.0,0.9996862798937005,0.9695950480857485,11.0,0.023449721137260016,0.025455621049360437,0.028965146739247657
2847.0,1.0,3.0,67106816.0,67106816.0,1.0,0.00911387502018145,0.011080611237292603,2048.0,0.0,-1.0,-1.0,0.9996862798937005,0.9695950480857485,11.0,0.023449721137260016,0.025434535119670348,0.028943921120082306
2848.0,1.0,8.0,67106816.0,67106816.0,1.0,0.00911387502018145,0.0110806112372926,2049.0,0.0,-1.0,-1.0,0.9996862798937005,0.9695950480857485,11.0,0.023449721137260016,0.025413449189980262,0.028922695448703257
2849.0,1.0,8.0,67106816.0,67106816.0,1.0,0.009113875020181454,0.011080611237292596,2050.0,0.0,-1.0,-1.0,0.9996862798937005,0.9695950480857485,11.0,0.023449721137260016,0.02539236326029018,0.028901469724523867
2850.0,1.0,7.0,67106816.0,67106816.0,1.0,0.00911387502018145,0.011080611237292592,2051.0,0.0,-1.0,-1.0,0.9996862798937005,0.9695950480857485,11.0,0.023449721137260016,0.025371277330600087,0.02888024394695093
2851.0,1.0,5.0,67106816.0,67106816.0,1.0,0.009113875020181444,0.011080611237292589,2052.0,0.0,-1.0,-1.0,0.9996862798937005,0.9695950480857485,11.0,0.023449721137260016,0.02535019140091,0.02885901811538455
2852.0,1.0,3.0,67106816.0,67106816.0,1.0,0.009113875020181444,0.011080611237292589,2053.0,1.0,-1.0,-1.0,0.9996862798937005,0.9695950480857485,11.0,0.023449721137260016,0.02532910547121991,0.028837792229218107
2853.0,1.0,5.0,67106816.0,67106816.0,1.0,0.009113875020181447,0.011080611237292589,2054.0,1.0,-1.0,-1.0,0.9996862798937005,0.9695950480857485,11.0,0.023449721137260016,0.02530801954152983,0.02881656628783816
2854.0,1.0,7.0,67106816.0,67106816.0,1.0,0.009113875020181447,0.011080611237292589,2055.0,0.0,-1.0,-1.0,0.9996862798937005,0.9695950480857485,11.0,0.023449721137260016,0.02528693361183974,0.028795340290624374
2855.0,1.0,8.0,67106816.0,67106816.0,1.0,0.009113875020181444,0.011080611237292586,2056.0,0.0,-1.0,-1.0,0.9996862798937005,0.9695950480857485,11.0,0.023449721137260016,0.025265847682149654,0.02877411423694944
2856.0,1.0,6.0,67106816.0,67106816.0,1.0,0.00911387502018144,0.011080611237292586,2057.0,0.0,-1.0,-1.0,0.9996862798937005,0.9695950480857485,11.0,0.023449721137260016,0.025244761752459564,0.02875288812617902
2857.0,1.0,5.0,67106816.0,67106816.0,1.0,0.009113875020181437,0.011080611237292582,2058.0,1.0,-1.0,-1.0,0.9996862798937005,0.9695950480857485,11.0,0.023449721137260016,0.025223675822769475,0.02873166195767162
2858.0,1.0,2.0,67106816.0,67106816.0,1.0,0.009113875020181437,0.011080611237292579,2059.0,0.0,-1.0,-1.0,0.9996862798937005,0.9695950480857485,11.0,0.023449721137260016,0.02520258989307939,0.028710435730778572
2859.0,1.0,5.0,67106816.0,67106816.0,1.0,0.00911387502018144,0.011080611237292575,2060.0,0.0,-1.0,-1.0,0.9996862798937005,0.9695950480857485,11.0,0.023449721137260016,0.025181503963389307,0.028689209444843895
2860.0,1.0,3.0,67106816.0,67106816.0,1.0,0.009113875020181433,0.011080611237292575,2061.0,0.0,-1.0,-1.0,0.9996862798937005,0.9695950480857485,11.0,0.023449721137260016,0.02516041803369921,0.028667983099204247
2861.0,1.0,5.0,67106816.0,67106816.0,1.0,0.009113875020181426,0.011080611237292572,2062.0,0.0,-1.0,-1.0,0.9996862798937005,0.9695950480857485,11.0,0.023449721137260016,0.02513933210400912,0.02864675669318883
2862.0,1.0,3.0,67106816.0,67106816.0,1.0,0.009113875020181423,0.011080611237292572,2063.0,1.0,-1.0,-1.0,0.9996862798937005,0.9695950480857485,11.0,0.023449721137260016,0.025118246174319032,0.02862553022611932
2863.0,1.0,8.0,67106816.0,67106816.0,1.0,0.009113875020181426,0.011080611237292568,2064.0,0.0,-1.0,-1.0,0.9996862798937005,0.9695950480857485,11.0,0.023449721137260016,0.02509716024462895,0.028604303697309753
2864.0,1.0,7.0,67106816.0,67106816.0,1.0,0.009113875020181423,0.011080611237292565,2065.0,0.0,-1.0,-1.0,0.9996862798937005,0.9695950480857485,11.0,0.023449721137260016,0.025076074314938857,0.028583077106066477
2865.0,1.0,6.0,67106816.0,67106816.0,1.0,0.00911387502018142,0.011080611237292561,2066.0,0.0,-1.0,-1.0,0.9996862798937005,0.9695950480857485,11.0,0.023449721137260016,0.02505498838524877,0.02856185045168803
2866.0,1.0,3.0,67106816.0,67106816.0,1.0,0.00911387502018142,0.011080611237292558,2067.0,1.0,-1.0,-1.0,0.9996862798937005,0.9695950480857485,11.0,0.023449721137260016,0.025033902455558685,0.02854062373346509
2867.0,1.0,9.0,67106816.0,67106816.0,1.0,0.00911387502018142,0.011080611237292558,2068.0,1.0,-1.0,-1.0,0.9996862798937005,0.9695950480857485,11.0,0.023449721137260016,0.0250128165258686,0.02851939695068034
2868.0,1.0,6.0,67106816.0,67106816.0,1.0,0.00911387502018142,0.011080611237292554,2069.0,0.0,-1.0,-1.0,0.9996862798937005,0.9695950480857485,11.0,0.023449721137260016,0.024991730596178513,0.02849817010260843
2869.0,1.0,6.0,67106816.0,67106816.0,1.0,0.00911387502018142,0.011080611237292554,2070.0,0.0,-1.0,-1.0,0.9996862798937005,0.9695950480857485,11.0,0.023449721137260016,0.024970644666488427,0.028476943188515836
2870.0,1.0,4.0,67106816.0,67106816.0,1.0,0.00911387502018142,0.01108061123729255,2071.0,0.0,-1.0,-1.0,0.9996862798937005,0.9695950480857485,11.0,0.023449721137260016,0.02494955873679834,0.028455716207660818
2871.0,1.0,6.0,67106816.0,67106816.0,1.0,0.009113875020181423,0.01108061123729255,2072.0,0.0,-1.0,-1.0,0.9996862798937005,0.9695950480857485,11.0,0.023449721137260016,0.02492847280710826,0.028434489159293273
2872.0,1.0,8.0,67106816.0,67106816.0,1.0,0.00911387502018142,0.01108061123729255,2073.0,0.0,-1.0,-1.0,0.9996862798937005,0.9695950480857485,11.0,0.023449721137260016,0.024907386877418166,0.028413262042654694
2873.0,1.0,5.0,67106816.0,67106816.0,1.0,0.009113875020181416,0.011080611237292547,2074.0,1.0,-1.0,-1.0,0.9996862798937005,0.9695950480857485,11.0,0.023449721137260016,0.02488630094772808,0.028392034856978044
2874.0,1.0,5.0,67106816.0,67106816.0,1.0,0.009113875020181413,0.01108061123729255,2075.0,0.0,-1.0,-1.0,0.9996862798937005,0.9695950480857485,11.0,0.023449721137260016,0.024865215018037987,0.02837080760148767
2875.0,1.0,13.0,67106816.0,67106816.0,1.0,0.009113875020181409,0.01108061123729255,2076.0,0.0,-1.0,-1.0,0.9996862798937005,0.9695950480857485,11.0,0.023449721137260016,0.0248441290883479,0.028349580275399196
2876.0,1.0,9.0,67106816.0,67106816.0,1.0,0.009113875020181409,0.011080611237292547,2077.0,0.0,-1.0,-1.0,0.9996862798937005,0.9695950480857485,11.0,0.023449721137260016,0.024823043158657816,0.02832835287791945
2877.0,1.0,7.0,67106816.0,67106816.0,1.0,0.009113875020181406,0.011080611237292547,2078.0,0.0,-1.0,-1.0,0.9996862798937005,0.9695950480857485,11.0,0.023449721137260016,0.024801957228967726,0.02830712540824633
2878.0,1.0,9.0,67106816.0,67106816.0,1.0,0.009113875020181406,0.011080611237292547,2079.0,0.0,-1.0,-1.0,0.9996862798937005,0.9695950480857485,11.0,0.023449721137260016,0.02478087129927764,0.028285897865568742
2879.0,1.0,3.0,67106816.0,67106816.0,1.0,0.009113875020181402,0.011080611237292547,2080.0,1.0,-1.0,-1.0,0.9996862798937005,0.9695950480857485,11.0,0.023449721137260016,0.02475978536958755,0.028264670249066454
2880.0,1.0,9.0,67106816.0,67106816.0,1.0,0.009113875020181399,0.011080611237292544,2081.0,0.0,-1.0,-1.0,0.9996862798937005,0.9695950480857485,11.0,0.023449721137260016,0.02473869943989746,0.028243442557910038
2881.0,1.0,4.0,67106816.0,67106816.0,1.0,0.009113875020181399,0.01108061123729254,2082.0,1.0,-1.0,-1.0,0.9996862798937005,0.9695950480857485,11.0,0.023449721137260016,0.02471761351020738,0.028222214791260747
2882.0,1.0,12.0,67106816.0,67106816.0,1.0,0.0091138750201814,0.011080611237292537,2083.0,1.0,-1.0,-1.0,0.9996862798937005,0.9695950480857485,11.0,0.023449721137260016,0.02469652758051729,0.0282009869482704
2883.0,1.0,6.0,67106816.0,67106816.0,1.0,0.0091138750201814,0.011080611237292533,2084.0,1.0,-1.0,-1.0,0.9996862798937005,0.9695950480857485,11.0,0.023449721137260016,0.02467544165082721,0.028179759028081296
2884.0,1.0,10.0,67106816.0,67106816.0,1.0,0.009113875020181402,0.01108061123729253,2085.0,0.0,-1.0,-1.0,0.9996862798937005,0.9695950480857485,11.0,0.023449721137260016,0.02465435572113712,0.028158531029826094
2885.0,1.0,5.0,67106816.0,67106816.0,1.0,0.009113875020181402,0.011080611237292527,2086.0,2.0,-1.0,-1.0,0.9996862798937005,0.9695950480857485,11.0,0.023449721137260016,0.02463326979144704,0.028137302952627702
2886.0,1.0,7.0,67106816.0,67106816.0,1.0,0.009113875020181402,0.011080611237292527,2087.0,0.0,-1.0,-1.0,0.9996862798937005,0.9695950480857485,11.0,0.023449721137260016,0.02461218386175695,0.028116074795599192
2887.0,1.0,5.0,67106816.0,67106816.0,1.0,0.0091138750201814,0.011080611237292523,2088.0,0.0,-1.0,-1.0,0.9996862798937005,0.9695950480857485,11.0,0.023449721137260016,0.024591097932066864,0.028094846557843643
2888.0,1.0,5.0,67106816.0,67106816.0,1.0,0.0091138750201814,0.011080611237292523,2089.0,0.0,-1.0,-1.0,0.9996862798937005,0.9695950480857485,11.0,0.023449721137260016,0.024570012002376778,0.028073618238454088
2889.0,1.0,6.0,67106816.0,67106816.0,1.0,0.009113875020181402,0.01108061123729252,2090.0,0.0,-1.0,-1.0,0.9996862798937005,0.9695950480857485,11.0,0.023449721137260016,0.024548926072686696,0.02805238983651334
2890.0,1.0,7.0,67106816.0,67106816.0,1.0,0.009113875020181402,0.01108061123729252,2091.0,1.0,-1.0,-1.0,0.9996862798937005,0.9695950480857485,11.0,0.023449721137260016,0.02452784014299661,0.028031161351093944
2891.0,1.0,4.0,67106816.0,67106816.0,1.0,0.009113875020181404,0.01108061123729252,2092.0,0.0,-1.0,-1.0,0.9996862798937005,0.9695950480857485,11.0,0.023449721137260016,0.024506754213306524,0.02800993278125798
2892.0,1.0,4.0,67106816.0,67106816.0,1.0,0.009113875020181404,0.01108061123729252,2093.0,0.0,-1.0,-1.0,0.9996862798937005,0.9695950480857485,11.0,0.023449721137260016,0.024485668283616438,0.027988704126057026
2893.0,1.0,4.0,67106816.0,67106816.0,1.0,0.009113875020181406,0.011080611237292516,2094.0,2.0,-1.0,-1.0,0.9996862798937005,0.9695950480857485,11.0,0.023449721137260016,0.024464582353926352,0.027967475384531985
2894.0,1.0,6.0,67106816.0,67106816.0,1.0,0.009113875020181404,0.011080611237292513,2095.0,2.0,-1.0,-1.0,0.9996862798937005,0.9695950480857485,11.0,0.023449721137260016,0.024443496424236266,0.027946246555713
2895.0,1.0,8.0,67106816.0,67106816.0,1.0,0.009113875020181404,0.011080611237292513,2096.0,0.0,-1.0,-1.0,0.9996862798937005,0.9695950480857485,11.0,0.023449721137260016,0.02442241049454618,0.027925017638619293
2896.0,1.0,2.0,67106816.0,67106816.0,1.0,0.009113875020181406,0.011080611237292506,2097.0,0.0,-1.0,-1.0,0.9996862798937005,0.9695950480857485,11.0,0.023449721137260016,0.024401324564856094,0.027903788632259095
2897.0,1.0,11.0,67106816.0,67106816.0,1.0,0.009113875020181406,0.011080611237292506,2098.0,2.0,-1.0,-1.0,0.9996862798937005,0.9695950480857485,11.0,0.023449721137260016,0.024380238635166012,0.02788255953562948
2898.0,1.0,10.0,67106816.0,67106816.0,1.0,0.009113875020181407,0.011080611237292502,2099.0,1.0,-1.0,-1.0,0.9996862798937005,0.9695950480857485,11.0,0.023449721137260016,0.024359152705475923,0.02786133034771626
2899.0,1.0,10.0,67106816.0,67106816.0,1.0,0.009113875020181406,0.011080611237292499,2100.0,0.0,-1.0,-1.0,0.9996862798937005,0.9695950480857485,11.0,0.023449721137260016,0.024338066775785837,0.027840101067493832
2900.0,1.0,10.0,67106816.0,67106816.0,1.0,0.009113875020181406,0.011080611237292495,2101.0,0.0,-1.0,-1.0,0.9996862798937005,0.9695950480857485,11.0,0.023449721137260016,0.02431698084609575,0.027818871693925103
2901.0,1.0,3.0,67106816.0,67106816.0,1.0,0.009113875020181407,0.011080611237292492,2102.0,1.0,-1.0,-1.0,0.9996862798937005,0.9695950480857485,11.0,0.023449721137260016,0.02429589491640567,0.027797642225961306
2902.0,1.0,10.0,67106816.0,67106816.0,1.0,0.009113875020181407,0.011080611237292488,2103.0,0.0,-1.0,-1.0,0.9996862798937005,0.9695950480857485,11.0,0.023449721137260016,0.024274808986715583,0.027776412662541897
2903.0,1.0,3.0,67106816.0,67106816.0,1.0,0.009113875020181409,0.011080611237292485,2104.0,0.0,-1.0,-1.0,0.9996862798937005,0.9695950480857485,11.0,0.023449721137260016,0.0242537230570255,0.02775518300259441
2904.0,1.0,7.0,67106816.0,67106816.0,1.0,0.009113875020181409,0.011080611237292481,2105.0,1.0,-1.0,-1.0,0.9996862798937005,0.9695950480857485,11.0,0.023449721137260016,0.024232637127335414,0.027733953245034346
2905.0,1.0,4.0,67106816.0,67106816.0,1.0,0.00911387502018141,0.011080611237292478,2106.0,0.0,-1.0,-1.0,0.9996862798937005,0.9695950480857485,11.0,0.023449721137260016,0.02421155119764533,0.027712723388765
2906.0,1.0,11.0,67106816.0,67106816.0,1.0,0.009113875020181409,0.011080611237292478,2107.0,0.0,-1.0,-1.0,0.9996862798937005,0.9695950480857485,11.0,0.023449721137260016,0.024190465267955236,0.027691493432677367
2907.0,1.0,6.0,67106816.0,67106816.0,1.0,0.009113875020181409,0.011080611237292481,2108.0,0.0,-1.0,-1.0,0.9996862798937005,0.9695950480857485,11.0,0.023449721137260016,0.024169379338265157,0.027670263375649963
2908.0,1.0,7.0,67106816.0,67106816.0,1.0,0.009113875020181409,0.011080611237292478,2109.0,0.0,-1.0,-1.0,0.9996862798937005,0.9695950480857485,11.0,0.023449721137260016,0.024148293408575064,0.027649033216548713
2909.0,1.0,5.0,67106816.0,67106816.0,1.0,0.009113875020181409,0.011080611237292474,2110.0,0.0,-1.0,-1.0,0.9996862798937005,0.9695950480857485,11.0,0.023449721137260016,0.024127207478884985,0.0276278029542268
2910.0,1.0,10.0,67106816.0,67106816.0,1.0,0.00911387502018141,0.011080611237292471,2111.0,0.0,-1.0,-1.0,0.9996862798937005,0.9695950480857485,11.0,0.023449721137260016,0.024106121549194896,0.02760657258752453
2911.0,1.0,6.0,67106816.0,67106816.0,1.0,0.009113875020181409,0.011080611237292471,2112.0,0.0,-1.0,-1.0,0.9996862798937005,0.9695950480857485,11.0,0.023449721137260016,0.02408503561950481,0.027585342115269165
2912.0,1.0,9.0,67106816.0,67106816.0,1.0,0.00911387502018141,0.011080611237292471,2113.0,0.0,-1.0,-1.0,0.9996862798937005,0.9695950480857485,11.0,0.023449721137260016,0.02406394968981472,0.027564111536274794
2913.0,1.0,2.0,67106816.0,67106816.0,1.0,0.009113875020181409,0.011080611237292468,2114.0,0.0,-1.0,-1.0,0.9996862798937005,0.9695950480857485,11.0,0.023449721137260016,0.024042863760124634,0.027542880849342193
2914.0,1.0,5.0,67106816.0,67106816.0,1.0,0.009113875020181407,0.011080611237292468,2115.0,1.0,-1.0,-1.0,0.9996862798937005,0.9695950480857485,11.0,0.023449721137260016,0.02402177783043455,0.027521650053258656
2915.0,1.0,7.0,67106816.0,67106816.0,1.0,0.009113875020181409,0.011080611237292464,2116.0,0.0,-1.0,-1.0,0.9996862798937005,0.9695950480857485,11.0,0.023449721137260016,0.024000691900744463,0.027500419146797846
2916.0,1.0,8.0,67106816.0,67106816.0,1.0,0.009113875020181409,0.01108061123729246,2117.0,0.0,-1.0,-1.0,0.9996862798937005,0.9695950480857485,11.0,0.023449721137260016,0.023979605971054377,0.02747918812871967
2917.0,1.0,6.0,67106816.0,67106816.0,1.0,0.00911387502018141,0.011080611237292457,2118.0,1.0,-1.0,-1.0,0.9996862798937005,0.9695950480857485,11.0,0.023449721137260016,0.02395852004136429,0.027457956997770074
2918.0,1.0,9.0,67106816.0,67106816.0,1.0,0.009113875020181409,0.011080611237292457,2119.0,0.0,-1.0,-1.0,0.9996862798937005,0.9695950480857485,11.0,0.023449721137260016,0.023937434111674205,0.027436725752680937
2919.0,1.0,10.0,67106816.0,67106816.0,1.0,0.00911387502018141,0.011080611237292457,2120.0,0.0,-1.0,-1.0,0.9996862798937005,0.9695950480857485,11.0,0.023449721137260016,0.02391634818198412,0.02741549439216988
2920.0,1.0,4.0,67106816.0,67106816.0,1.0,0.009113875020181409,0.01108061123729245,2121.0,0.0,-1.0,-1.0,0.9996862798937005,0.9695950480857485,11.0,0.023449721137260016,0.023895262252294033,0.027394262914940112
2921.0,1.0,6.0,67106816.0,67106816.0,1.0,0.009113875020181409,0.01108061123729245,2122.0,1.0,-1.0,-1.0,0.9996862798937005,0.9695950480857485,11.0,0.023449721137260016,0.023874176322603947,0.027373031319680288
2922.0,1.0,7.0,67106816.0,67106816.0,1.0,0.009113875020181409,0.011080611237292447,2123.0,0.0,-1.0,-1.0,0.9996862798937005,0.9695950480857485,11.0,0.023449721137260016,0.023853090392913858,0.027351799605064314
2923.0,1.0,6.0,67106816.0,67106816.0,1.0,0.009113875020181407,0.011080611237292443,2124.0,1.0,-1.0,-1.0,0.9996862798937005,0.9695950480857485,11.0,0.023449721137260016,0.023832004463223776,0.0273305677697512
2924.0,1.0,5.0,67106816.0,67106816.0,1.0,0.009113875020181409,0.01108061123729244,2125.0,1.0,-1.0,-1.0,0.9996862798937005,0.9695950480857485,11.0,0.023449721137260016,0.023810918533533683,0.027309335812384903
2925.0,1.0,3.0,67106816.0,67106816.0,1.0,0.009113875020181407,0.011080611237292436,2126.0,0.0,-1.0,-1.0,0.9996862798937005,0.9695950480857485,11.0,0.023449721137260016,0.0237898326038436,0.027288103731594127
2926.0,1.0,6.0,67106816.0,67106816.0,1.0,0.009113875020181409,0.011080611237292433,2127.0,2.0,-1.0,-1.0,0.9996862798937005,0.9695950480857485,11.0,0.023449721137260016,0.02376874667415351,0.02726687152599218
2927.0,1.0,13.0,67106816.0,67106816.0,1.0,0.009113875020181409,0.011080611237292433,2128.0,1.0,-1.0,-1.0,0.9996862798937005,0.9695950480857485,11.0,0.023449721137260016,0.023747660744463425,0.02724563919417678
2928.0,1.0,11.0,67106816.0,67106816.0,1.0,0.009113875020181409,0.01108061123729243,2129.0,0.0,-1.0,-1.0,0.9996862798937005,0.9695950480857485,11.0,0.023449721137260016,0.02372657481477334,0.02722440673472991
2929.0,1.0,2.0,67106816.0,67106816.0,1.0,0.00911387502018141,0.011080611237292426,2130.0,1.0,-1.0,-1.0,0.9996862798937005,0.9695950480857485,11.0,0.023449721137260016,0.023705488885083253,0.027203174146217594
2930.0,1.0,4.0,67106816.0,67106816.0,1.0,0.009113875020181409,0.011080611237292422,2131.0,2.0,-1.0,-1.0,0.9996862798937005,0.9695950480857485,11.0,0.023449721137260016,0.023684402955393168,0.02718194142718977
2931.0,1.0,8.0,67106816.0,67106816.0,1.0,0.00911387502018141,0.011080611237292419,2132.0,0.0,-1.0,-1.0,0.9996862798937005,0.9695950480857485,11.0,0.023449721137260016,0.02366331702570308,0.02716070857618007
2932.0,1.0,6.0,67106816.0,67106816.0,1.0,0.00911387502018141,0.011080611237292419,2133.0,1.0,-1.0,-1.0,0.9996862798937005,0.9695950480857485,11.0,0.023449721137260016,0.023642231096012996,0.02713947559170566
2933.0,1.0,7.0,67106816.0,67106816.0,1.0,0.009113875020181413,0.011080611237292416,2134.0,0.0,-1.0,-1.0,0.9996862798937005,0.9695950480857485,11.0,0.023449721137260016,0.02362114516632291,0.027118242472267032
2934.0,1.0,4.0,67106816.0,67106816.0,1.0,0.009113875020181413,0.011080611237292412,2135.0,0.0,-1.0,-1.0,0.9996862798937005,0.9695950480857485,11.0,0.023449721137260016,0.023600059236632824,0.02709700921634785
2935.0,1.0,6.0,67106816.0,67106816.0,1.0,0.009113875020181413,0.011080611237292412,2136.0,2.0,-1.0,-1.0,0.9996862798937005,0.9695950480857485,11.0,0.023449721137260016,0.023578973306942738,0.027075775822414723
2936.0,1.0,6.0,67106816.0,67106816.0,1.0,0.009113875020181413,0.011080611237292409,2137.0,0.0,-1.0,-1.0,0.9996862798937005,0.9695950480857485,11.0,0.023449721137260016,0.02355788737725265,0.02705454228891705
2937.0,1.0,11.0,67106816.0,67106816.0,1.0,0.009113875020181413,0.011080611237292405,2138.0,0.0,-1.0,-1.0,0.9996862798937005,0.9695950480857485,11.0,0.023449721137260016,0.023536801447562566,0.027033308614286787
2938.0,1.0,3.0,67106816.0,67106816.0,1.0,0.009113875020181414,0.011080611237292402,2139.0,1.0,-1.0,-1.0,0.9996862798937005,0.9695950480857485,11.0,0.023449721137260016,0.023515715517872477,0.027012074796938297
2939.0,1.0,8.0,67106816.0,67106816.0,1.0,0.009113875020181414,0.011080611237292398,2140.0,0.0,-1.0,-1.0,0.9996862798937005,0.9695950480857485,11.0,0.023449721137260016,0.02349462958818239,0.02699084083526811
2940.0,1.0,0.0,67106816.0,67106816.0,2.0,0.009113875020181416,0.011080611237292398,2141.0,2.0,-1.0,-1.0,0.867541277643506,0.06874293104515919,11.0,0.023449721137260016,0.022652521283156413,0.024255623320952328
2942.0,2.0,9.0,67106816.0,67106816.0,1.0,0.00910697010316948,0.011060505704830817,2142.0,0.0,-1.0,-1.0,0.9993445129529954,0.9517246496564054,11.0,0.023449721137260016,0.023409653907916876,0.026886070687341976
2943.0,1.0,4.0,67106816.0,67106816.0,1.0,0.009106970103169479,0.011060505704830817,2143.0,1.0,-1.0,-1.0,0.9996862684717387,0.969606865804171,11.0,0.023449721137260016,0.0234033855007013,0.02688579770300176
2944.0,1.0,7.0,67106816.0,67106816.0,1.0,0.009106970103169477,0.011060505704830813,2144.0,1.0,-1.0,-1.0,0.9996862798933959,0.9695950573755342,11.0,0.023449721137260016,0.023382295027383024,0.026864563272676327
2945.0,1.0,7.0,67106816.0,67106816.0,1.0,0.009106970103169477,0.01106050570483081,2145.0,1.0,-1.0,-1.0,0.9996862798937005,0.969595048073763,11.0,0.023449721137260016,0.023361209093027645,0.026843328409940234
2946.0,1.0,9.0,67106816.0,67106816.0,1.0,0.009106970103169475,0.011060505704830807,2146.0,0.0,-1.0,-1.0,0.9996862798937005,0.9695950480857458,11.0,0.023449721137260016,0.02334012316333984,0.026822093391582102
2947.0,1.0,6.0,67106816.0,67106816.0,1.0,0.009106970103169477,0.011060505704830803,2147.0,1.0,-1.0,-1.0,0.9996862798937005,0.9695950480857485,11.0,0.023449721137260016,0.023319037233649753,0.026800858215408747
2948.0,1.0,4.0,67106816.0,67106816.0,1.0,0.009106970103169477,0.0110605057048308,2148.0,3.0,-1.0,-1.0,0.9996862798937005,0.9695950480857485,11.0,0.023449721137260016,0.023297951303959667,0.02677962287964706
2949.0,1.0,14.0,67106816.0,67106816.0,1.0,0.009106970103169479,0.011060505704830796,2149.0,0.0,-1.0,-1.0,0.9996862798937005,0.9695950480857485,11.0,0.023449721137260016,0.02327686537426958,0.026758387382504044
2950.0,1.0,6.0,67106816.0,67106816.0,1.0,0.009106970103169477,0.011060505704830793,2150.0,0.0,-1.0,-1.0,0.9996862798937005,0.9695950480857485,11.0,0.023449721137260016,0.023255779444579492,0.026737151722166556
2951.0,1.0,0.0,67106816.0,67106816.0,2.0,0.009106970103169479,0.01106050570483079,2151.0,0.0,-1.0,-1.0,0.867541277643506,0.06874293104515919,11.0,0.023449721137260016,0.022413671139553545,0.02400215531016647
2953.0,2.0,0.0,67106816.0,67106816.0,5.0,0.009100065186157543,0.011040400172369232,2152.0,0.0,-1.0,-1.0,0.00011449542776694236,0.008248024420262816,11.0,0.023449721137260016,0.022285364859257722,0.023238098326388897
2958.0,5.0,0.0,67106816.0,67106816.0,5.0,0.009075170822523973,0.011033929856887299,2153.0,0.0,-1.0,-1.0,8.315965572541285e-05,0.008247716341804075,22.0,0.023449721137260016,0.02215504043243312,0.02312069746720844
2963.0,5.0,0.0,67106816.0,67106816.0,5.0,0.009050276746048908,0.011027460839945281,2154.0,0.0,-1.0,-1.0,8.315965572541127e-05,0.008247716341804077,22.0,0.023449721137260016,0.022024716707507642,0.023003299511730156
2968.0,5.0,0.0,67106816.0,67106816.0,5.0,0.00902538266957384,0.011020991823003392,2155.0,0.0,-1.0,-1.0,8.315965572541127e-05,0.008247716341804077,22.0,0.023449721137260016,0.021894392982582167,0.022885901584422184
2973.0,5.0,0.0,67106816.0,67106816.0,5.0,0.009000488593098769,0.011014522806061642,2156.0,0.0,-1.0,-1.0,8.315965572541127e-05,0.008247716341804077,22.0,0.023449721137260016,0.021764069257656695,0.022768503688273177
2978.0,5.0,0.0,67106816.0,67106816.0,5.0,0.008975594516623702,0.011008053789120039,2157.0,0.0,-1.0,-1.0,8.315965572541127e-05,0.008247716341804077,22.0,0.023449721137260016,0.02163374553273123,0.022651105826588858
2983.0,5.0,0.0,67106816.0,67106816.0,5.0,0.008950700440148635,0.011001584772178592,2158.0,0.0,-1.0,-1.0,8.315965572541127e-05,0.008247716341804077,22.0,0.023449721137260016,0.021503421807805775,0.02253373021464134
2988.0,5.0,0.0,67106816.0,67106816.0,5.0,0.008925806363673567,0.010995115755237308,2159.0,0.0,-1.0,-1.0,8.315965572541127e-05,0.008247716341804077,22.0,0.023449721137260016,0.021373098082880335,0.022417395906512167
2993.0,5.0,0.0,67106816.0,67106816.0,5.0,0.008900912287198498,0.010988646738296198,2160.0,1.0,-1.0,-1.0,8.315965572541127e-05,0.008247716341804077,22.0,0.023449721137260016,0.021242774357954908,0.02230106174207635
2998.0,5.0,29.0,67106816.0,67106816.0,1.0,0.00887601821072343,0.010982177721355273,2161.0,0.0,-1.0,-1.0,0.9195271168608681,0.9200949295447014,22.0,0.023449721137260016,0.021979347340989046,0.025585991700081696
2999.0,1.0,0.0,67106816.0,67106816.0,5.0,0.00887601821072343,0.010982177721355272,2162.0,0.0,-1.0,-1.0,0.024471830898776213,0.03186850299674837,11.0,0.023449721137260016,0.02112247165133855,0.022348343734191648
3004.0,5.0,0.0,67106816.0,67106816.0,5.0,0.008829586276114056,0.010907075060807314,2163.0,0.0,-1.0,-1.0,8.3159655726664e-05,0.008247716341805284,11.0,0.023449721137260016,0.020939503120279743,0.021996452732605143
3009.0,5.0,0.0,67106816.0,67106816.0,5.0,0.008804692199638989,0.010900606043866822,2164.0,0.0,-1.0,-1.0,8.315965572541127e-05,0.008247716341804077,22.0,0.023449721137260016,0.020809179395354385,0.021880119126332007
3014.0,5.0,0.0,67106816.0,67106816.0,5.0,0.008779798123163924,0.010894137026926553,2165.0,0.0,-1.0,-1.0,8.315965572541127e-05,0.008247716341804075,23.0,0.023449721137260016,0.02067885567042907,0.021763785730451728
3019.0,5.0,4.0,67106816.0,67104768.0,1.0,0.008754904046688853,0.01080202136709749,2166.0,0.0,1.0,1.0,0.9195271168608681,0.9200949295447014,23.0,0.023449721137260016,0.021415428653462062,0.024725577827044775
3020.0,1.0,6.0,67104768.0,67104768.0,1.0,0.008754904046688857,0.01080202136709749,2167.0,1.0,-1.0,-1.0,0.9996838039462109,0.9696181658632155,12.0,0.023449721137260016,0.02142770647276289,0.02475308875386894
3021.0,1.0,6.0,67104768.0,67104768.0,1.0,0.008754904046688858,0.010802021367097488,2168.0,2.0,-1.0,-1.0,0.9996862798292867,0.9695950784340946,12.0,0.023449721137260016,0.02140661239115159,0.02473185904494183
3022.0,1.0,7.0,67104768.0,67104768.0,1.0,0.008754904046688858,0.010802021367097488,2169.0,0.0,-1.0,-1.0,0.999686279893699,0.9695950480580318,12.0,0.023449721137260016,0.021385526450407043,0.024710631188619575
3023.0,1.0,5.0,67104768.0,67104768.0,1.0,0.00875490404668886,0.010802021367097486,2170.0,0.0,-1.0,-1.0,0.9996862798937005,0.9695950480857358,12.0,0.023449721137260016,0.021364440520721388,0.02468940316568017
3024.0,1.0,6.0,67104768.0,67104768.0,1.0,0.008754904046688862,0.010802021367097488,2171.0,1.0,-1.0,-1.0,0.9996862798937005,0.9695950480857485,12.0,0.023449721137260016,0.021343354591031247,0.02466817497254207
3025.0,1.0,6.0,67104768.0,67104768.0,1.0,0.008754904046688862,0.010802021367097488,2172.0,3.0,-1.0,-1.0,0.9996862798937005,0.9695950480857485,12.0,0.023449721137260016,0.0213222686613411,0.024646946607019566
3026.0,1.0,12.0,67104768.0,67104768.0,1.0,0.008754904046688864,0.010802021367097488,2173.0,2.0,-1.0,-1.0,0.9996862798937005,0.9695950480857485,12.0,0.023449721137260016,0.02130118273165095,0.024625718066898866
3027.0,1.0,8.0,67104768.0,67104768.0,1.0,0.008754904046688864,0.01080202136709749,2174.0,1.0,-1.0,-1.0,0.9996862798937005,0.9695950480857485,12.0,0.023449721137260016,0.021280096801960795,0.02460448934993775
3028.0,1.0,4.0,67104768.0,67104768.0,1.0,0.008754904046688864,0.01080202136709749,2175.0,1.0,-1.0,-1.0,0.9996862798937005,0.9695950480857485,12.0,0.023449721137260016,0.02125901087227064,0.024583260453865198
3029.0,1.0,6.0,67104768.0,67104768.0,1.0,0.008754904046688865,0.01080202136709749,2176.0,1.0,-1.0,-1.0,0.9996862798937005,0.9695950480857485,12.0,0.023449721137260016,0.021237924942580477,0.024562031376381036
3030.0,1.0,8.0,67104768.0,67104768.0,1.0,0.008754904046688865,0.01080202136709749,2177.0,0.0,-1.0,-1.0,0.9996862798937005,0.9695950480857485,12.0,0.023449721137260016,0.02121683901289031,0.024540802115155542
3031.0,1.0,8.0,67104768.0,67104768.0,1.0,0.008754904046688864,0.010802021367097491,2178.0,2.0,-1.0,-1.0,0.9996862798937005,0.9695950480857485,12.0,0.023449721137260016,0.021195753083200146,0.02451957266782908
3032.0,1.0,8.0,67104768.0,67104768.0,1.0,0.008754904046688864,0.010802021367097495,2179.0,0.0,-1.0,-1.0,0.9996862798937005,0.9695950480857485,12.0,0.023449721137260016,0.02117466715350997,0.024498343032011698
3033.0,1.0,4.0,67104768.0,67104768.0,1.0,0.008754904046688864,0.010802021367097493,2180.0,0.0,-1.0,-1.0,0.9996862798937005,0.9695950480857485,12.0,0.023449721137260016,0.021153581223819797,0.02447711320528277
3034.0,1.0,7.0,67104768.0,67104768.0,1.0,0.008754904046688864,0.010802021367097493,2181.0,0.0,-1.0,-1.0,0.9996862798937005,0.9695950480857485,12.0,0.023449721137260016,0.021132495294129618,0.024455883185190576
3035.0,1.0,4.0,67104768.0,67104768.0,1.0,0.008754904046688865,0.010802021367097495,2182.0,1.0,-1.0,-1.0,0.9996862798937005,0.9695950480857485,12.0,0.023449721137260016,0.02111140936443943,0.02443465296925191
3036.0,1.0,6.0,67104768.0,67104768.0,1.0,0.008754904046688865,0.010802021367097495,2183.0,0.0,-1.0,-1.0,0.9996862798937005,0.9695950480857485,12.0,0.023449721137260016,0.021090323434749238,0.024413422554951675
3037.0,1.0,3.0,67104768.0,67104768.0,1.0,0.008754904046688864,0.010802021367097495,2184.0,1.0,-1.0,-1.0,0.9996862798937005,0.9695950480857485,12.0,0.023449721137260016,0.021069237505059048,0.02439219193974248
3038.0,1.0,4.0,67104768.0,67104768.0,1.0,0.008754904046688864,0.010802021367097493,2185.0,0.0,-1.0,-1.0,0.9996862798937005,0.9695950480857485,12.0,0.023449721137260016,0.021048151575368844,0.024370961121044206
3039.0,1.0,4.0,67104768.0,67104768.0,1.0,0.008754904046688864,0.010802021367097493,2186.0,3.0,-1.0,-1.0,0.9996862798937005,0.9695950480857485,12.0,0.023449721137260016,0.021027065645678644,0.024349730096243628
3040.0,1.0,5.0,67104768.0,67104768.0,1.0,0.008754904046688865,0.010802021367097493,2187.0,0.0,-1.0,-1.0,0.9996862798937005,0.9695950480857485,12.0,0.023449721137260016,0.021005979715988436,0.024328498862693927
3041.0,1.0,6.0,67104768.0,67104768.0,1.0,0.008754904046688867,0.010802021367097491,2188.0,1.0,-1.0,-1.0,0.9996862798937005,0.9695950480857485,12.0,0.023449721137260016,0.02098489378629822,0.024307267417714322
3042.0,1.0,6.0,67104768.0,67104768.0,1.0,0.008754904046688867,0.010802021367097493,2189.0,1.0,-1.0,-1.0,0.9996862798937005,0.9695950480857485,12.0,0.023449721137260016,0.020963807856607994,0.02428603575858958
3043.0,1.0,8.0,67104768.0,67104768.0,1.0,0.008754904046688867,0.010802021367097493,2190.0,0.0,-1.0,-1.0,0.9996862798937005,0.9695950480857485,12.0,0.023449721137260016,0.02094272192691777,0.024264803882569623
3044.0,1.0,5.0,67104768.0,67104768.0,1.0,0.008754904046688865,0.010802021367097491,2191.0,0.0,-1.0,-1.0,0.9996862798937005,0.9695950480857485,12.0,0.023449721137260016,0.02092163599722753,0.02424357178686904
3045.0,1.0,3.0,67104768.0,67104768.0,1.0,0.008754904046688867,0.010802021367097491,2192.0,0.0,-1.0,-1.0,0.9996862798937005,0.9695950480857485,12.0,0.023449721137260016,0.02090055006753729,0.02422233946866665
3046.0,1.0,5.0,67104768.0,67104768.0,1.0,0.008754904046688865,0.010802021367097491,2193.0,0.0,-1.0,-1.0,0.9996862798937005,0.9695950480857485,12.0,0.023449721137260016,0.020879464137847036,0.024201106925105048
3047.0,1.0,5.0,67104768.0,67104768.0,1.0,0.008754904046688865,0.010802021367097493,2194.0,2.0,-1.0,-1.0,0.9996862798937005,0.9695950480857485,12.0,0.023449721137260016,0.02085837820815678,0.024179874153290135
3048.0,1.0,8.0,67104768.0,67104768.0,1.0,0.008754904046688865,0.010802021367097493,2195.0,0.0,-1.0,-1.0,0.9996862798937005,0.9695950480857485,12.0,0.023449721137260016,0.020837292278466514,0.024158641150290636
3049.0,1.0,6.0,67104768.0,67104768.0,1.0,0.008754904046688867,0.010802021367097497,2196.0,3.0,-1.0,-1.0,0.9996862798937005,0.9695950480857485,12.0,0.023449721137260016,0.02081620634877624,0.02413740791313764
3050.0,1.0,8.0,67104768.0,67104768.0,1.0,0.008754904046688869,0.010802021367097497,2197.0,0.0,-1.0,-1.0,0.9996862798937005,0.9695950480857485,12.0,0.023449721137260016,0.02079512041908596,0.024116174438824103
3051.0,1.0,3.0,67104768.0,67104768.0,1.0,0.00875490404668887,0.010802021367097498,2198.0,1.0,-1.0,-1.0,0.9996862798937005,0.9695950480857485,12.0,0.023449721137260016,0.020774034489395667,0.02409494072430437
3052.0,1.0,6.0,67104768.0,67104768.0,1.0,0.008754904046688872,0.010802021367097498,2199.0,1.0,-1.0,-1.0,0.9996862798937005,0.9695950480857485,12.0,0.023449721137260016,0.020752948559705366,0.024073706766493667
3053.0,1.0,7.0,67104768.0,67104768.0,1.0,0.008754904046688872,0.010802021367097498,2200.0,0.0,-1.0,-1.0,0.9996862798937005,0.9695950480857485,12.0,0.023449721137260016,0.020731862630015054,0.024052472562267613
3054.0,1.0,6.0,67104768.0,67104768.0,1.0,0.008754904046688872,0.010802021367097497,2201.0,0.0,-1.0,-1.0,0.9996862798937005,0.9695950480857485,12.0,0.023449721137260016,0.02071077670032473,0.024031238108461694
3055.0,1.0,5.0,67104768.0,67104768.0,1.0,0.008754904046688874,0.010802021367097495,2202.0,1.0,-1.0,-1.0,0.9996862798937005,0.9695950480857485,12.0,0.023449721137260016,0.020689690770634397,0.024010003401870764
3056.0,1.0,5.0,67104768.0,67104768.0,1.0,0.008754904046688874,0.010802021367097495,2203.0,0.0,-1.0,-1.0,0.9996862798937005,0.9695950480857485,12.0,0.023449721137260016,0.02066860484094405,0.023988768439248513
3057.0,1.0,11.0,67104768.0,67104768.0,1.0,0.008754904046688872,0.010802021367097498,2204.0,0.0,-1.0,-1.0,0.9996862798937005,0.9695950480857485,12.0,0.023449721137260016,0.020647518911253687,0.023967533217306942
3058.0,1.0,5.0,67104768.0,67104768.0,1.0,0.008754904046688872,0.010802021367097498,2205.0,1.0,-1.0,-1.0,0.9996862798937005,0.9695950480857485,12.0,0.023449721137260016,0.020626432981563317,0.023946297732715824
3059.0,1.0,6.0,67104768.0,67104768.0,1.0,0.008754904046688872,0.0108020213670975,2206.0,2.0,-1.0,-1.0,0.9996862798937005,0.9695950480857485,12.0,0.023449721137260016,0.020605347051872933,0.023925061982102168
3060.0,1.0,9.0,67104768.0,67104768.0,1.0,0.008754904046688872,0.010802021367097504,2207.0,2.0,-1.0,-1.0,0.9996862798937005,0.9695950480857485,12.0,0.023449721137260016,0.02058426112218253,0.023903825962049666
3061.0,1.0,6.0,67104768.0,67104768.0,1.0,0.008754904046688874,0.010802021367097505,2208.0,1.0,-1.0,-1.0,0.9996862798937005,0.9695950480857485,12.0,0.023449721137260016,0.020563175192492116,0.023882589669098137
3062.0,1.0,8.0,67104768.0,67104768.0,1.0,0.008754904046688874,0.010802021367097507,2209.0,1.0,-1.0,-1.0,0.9996862798937005,0.9695950480857485,12.0,0.023449721137260016,0.020542089262801686,0.02386135309974296
3063.0,1.0,7.0,67104768.0,67104768.0,1.0,0.008754904046688872,0.010802021367097505,2210.0,0.0,-1.0,-1.0,0.9996862798937005,0.9695950480857485,12.0,0.023449721137260016,0.020521003333111243,0.023840116250434508
3064.0,1.0,3.0,67104768.0,67104768.0,1.0,0.00875490404668887,0.010802021367097505,2211.0,0.0,-1.0,-1.0,0.9996862798937005,0.9695950480857485,12.0,0.023449721137260016,0.020499917403420775,0.023818879117577574
3065.0,1.0,5.0,67104768.0,67104768.0,1.0,0.00875490404668887,0.010802021367097507,2212.0,0.0,-1.0,-1.0,0.9996862798937005,0.9695950480857485,12.0,0.023449721137260016,0.020478831473730294,0.023797641697530784
3066.0,1.0,3.0,67104768.0,67104768.0,1.0,0.008754904046688869,0.010802021367097507,2213.0,0.0,-1.0,-1.0,0.9996862798937005,0.9695950480857485,12.0,0.023449721137260016,0.020457745544039795,0.02377640398660599
3067.0,1.0,7.0,67104768.0,67104768.0,1.0,0.00875490404668887,0.010802021367097509,2214.0,0.0,-1.0,-1.0,0.9996862798937005,0.9695950480857485,12.0,0.023449721137260016,0.020436659614349276,0.023755165981067687
3068.0,1.0,3.0,67104768.0,67104768.0,1.0,0.00875490404668887,0.01080202136709751,2215.0,1.0,-1.0,-1.0,0.9996862798937005,0.9695950480857485,12.0,0.023449721137260016,0.02041557368465874,0.023733927677132387
3069.0,1.0,9.0,67104768.0,67104768.0,1.0,0.00875490404668887,0.010802021367097512,2216.0,1.0,-1.0,-1.0,0.9996862798937005,0.9695950480857485,12.0,0.023449721137260016,0.020394487754968178,0.02371268907096804
3070.0,1.0,6.0,67104768.0,67104768.0,1.0,0.008754904046688869,0.01080202136709751,2217.0,0.0,-1.0,-1.0,0.9996862798937005,0.9695950480857485,12.0,0.023449721137260016,0.020373401825277592,0.023691450158693346
3071.0,1.0,5.0,67104768.0,67104768.0,1.0,0.008754904046688867,0.01080202136709751,2218.0,1.0,-1.0,-1.0,0.9996862798937005,0.9695950480857485,12.0,0.023449721137260016,0.020352315895586986,0.0236702109363772
3072.0,1.0,6.0,67104768.0,67104768.0,1.0,0.008754904046688865,0.010802021367097512,2219.0,1.0,-1.0,-1.0,0.9996862798937005,0.9695950480857485,12.0,0.023449721137260016,0.020331229965896352,0.02364897140003798
3073.0,1.0,3.0,67104768.0,67104768.0,1.0,0.008754904046688865,0.010802021367097512,2220.0,1.0,-1.0,-1.0,0.9996862798937005,0.9695950480857485,12.0,0.023449721137260016,0.020310144036205693,0.02362773154564296
3074.0,1.0,6.0,67104768.0,67104768.0,1.0,0.008754904046688864,0.01080202136709751,2221.0,0.0,-1.0,-1.0,0.9996862798937005,0.9695950480857485,12.0,0.023449721137260016,0.02028905810651501,0.0236064913691076
3075.0,1.0,7.0,67104768.0,67104768.0,1.0,0.008754904046688862,0.01080202136709751,2222.0,1.0,-1.0,-1.0,0.9996862798937005,0.9695950480857485,12.0,0.023449721137260016,0.0202679721768243,0.023585250866294927
3076.0,1.0,7.0,67104768.0,67104768.0,1.0,0.008754904046688864,0.010802021367097512,2223.0,1.0,-1.0,-1.0,0.9996862798937005,0.9695950480857485,12.0,0.023449721137260016,0.020246886247133555,0.023564010033014816
3077.0,1.0,5.0,67104768.0,67104768.0,1.0,0.008754904046688865,0.010802021367097514,2224.0,3.0,-1.0,-1.0,0.9996862798937005,0.9695950480857485,12.0,0.023449721137260016,0.02022580031744279,0.023542768865023357
3078.0,1.0,7.0,67104768.0,67104768.0,1.0,0.008754904046688867,0.010802021367097516,2225.0,0.0,-1.0,-1.0,0.9996862798937005,0.9695950480857485,12.0,0.023449721137260016,0.020204714387751982,0.02352152735802212
3079.0,1.0,4.0,67104768.0,67104768.0,1.0,0.008754904046688867,0.010802021367097514,2226.0,0.0,-1.0,-1.0,0.9996862798937005,0.9695950480857485,12.0,0.023449721137260016,0.020183628458061147,0.02350028550765748
3080.0,1.0,5.0,67104768.0,67104768.0,1.0,0.008754904046688867,0.010802021367097516,2227.0,1.0,-1.0,-1.0,0.9996862798937005,0.9695950480857485,12.0,0.023449721137260016,0.020162542528370273,0.023479043309519915
3081.0,1.0,9.0,67104768.0,67104768.0,1.0,0.008754904046688869,0.010802021367097518,2228.0,0.0,-1.0,-1.0,0.9996862798937005,0.9695950480857485,12.0,0.023449721137260016,0.020141456598679365,0.023457800759143256
3082.0,1.0,4.0,67104768.0,67104768.0,1.0,0.008754904046688869,0.01080202136709752,2229.0,1.0,-1.0,-1.0,0.9996862798937005,0.9695950480857485,12.0,0.023449721137260016,0.020120370668988412,0.023436557852003985
3083.0,1.0,9.0,67104768.0,67104768.0,1.0,0.008754904046688869,0.01080202136709752,2230.0,1.0,-1.0,-1.0,0.9996862798937005,0.9695950480857485,12.0,0.023449721137260016,0.020099284739297424,0.023415314583520495
3084.0,1.0,4.0,67104768.0,67104768.0,1.0,0.008754904046688867,0.010802021367097521,2231.0,0.0,-1.0,-1.0,0.9996862798937005,0.9695950480857485,12.0,0.023449721137260016,0.020078198809606387,0.023394070949052336
3085.0,1.0,1.0,67104768.0,67104768.0,1.0,0.008754904046688867,0.010802021367097523,2232.0,1.0,-1.0,-1.0,0.9996862798937005,0.9695950480857485,12.0,0.023449721137260016,0.02005711287991531,0.023372826943899472
3086.0,1.0,3.0,67104768.0,67104768.0,1.0,0.008754904046688865,0.010802021367097521,2233.0,2.0,-1.0,-1.0,0.9996862798937005,0.9695950480857485,12.0,0.023449721137260016,0.020036026950224183,0.0233515825633015
3087.0,1.0,5.0,67104768.0,67104768.0,1.0,0.008754904046688865,0.01080202136709752,2234.0,0.0,-1.0,-1.0,0.9996862798937005,0.9695950480857485,12.0,0.023449721137260016,0.02001494102053301,0.023330337802436887
3088.0,1.0,1.0,67104768.0,67104768.0,1.0,0.008754904046688865,0.01080202136709752,2235.0,0.0,-1.0,-1.0,0.9996862798937005,0.9695950480857485,12.0,0.023449721137260016,0.019993855090841783,0.023309092656422184
3089.0,1.0,2.0,67104768.0,67104768.0,1.0,0.008754904046688865,0.010802021367097518,2236.0,1.0,-1.0,-1.0,0.9996862798937005,0.9695950480857485,12.0,0.023449721137260016,0.019972769161150504,0.02328784712031123
3090.0,1.0,12.0,67104768.0,67104768.0,1.0,0.008754904046688867,0.01080202136709752,2237.0,0.0,-1.0,-1.0,0.9996862798937005,0.9695950480857485,12.0,0.023449721137260016,0.01995168323145917,0.023266601189094332
3091.0,1.0,8.0,67104768.0,67104768.0,1.0,0.008754904046688865,0.010802021367097521,2238.0,1.0,-1.0,-1.0,0.9996862798937005,0.9695950480857485,12.0,0.023449721137260016,0.019930597301767772,0.02324535485769748
3092.0,1.0,6.0,67104768.0,67104768.0,1.0,0.008754904046688864,0.010802021367097524,2239.0,1.0,-1.0,-1.0,0.9996862798937005,0.9695950480857485,12.0,0.023449721137260016,0.019909511372076315,0.023224108120981475
3093.0,1.0,12.0,67104768.0,67104768.0,1.0,0.008754904046688864,0.010802021367097524,2240.0,2.0,-1.0,-1.0,0.9996862798937005,0.9695950480857485,12.0,0.023449721137260016,0.019888425442384797,0.02320286097374115
3094.0,1.0,5.0,67104768.0,67104768.0,1.0,0.008754904046688864,0.010802021367097524,2241.0,0.0,-1.0,-1.0,0.9996862798937005,0.9695950480857485,12.0,0.023449721137260016,0.019867339512693205,0.023181613410704467
3095.0,1.0,4.0,67104768.0,67104768.0,1.0,0.008754904046688864,0.010802021367097524,2242.0,0.0,-1.0,-1.0,0.9996862798937005,0.9695950480857485,12.0,0.023449721137260016,0.019846253583001548,0.023160365426531708
3096.0,1.0,1.0,67104768.0,67104768.0,1.0,0.008754904046688864,0.010802021367097524,2243.0,1.0,-1.0,-1.0,0.9996862798937005,0.9695950480857485,12.0,0.023449721137260016,0.019825167653309814,0.023139117015814566
3097.0,1.0,9.0,67104768.0,67104768.0,1.0,0.008754904046688864,0.010802021367097524,2244.0,1.0,-1.0,-1.0,0.9996862798937005,0.9695950480857485,12.0,0.023449721137260016,0.019804081723618,0.023117868173075276
3098.0,1.0,7.0,67104768.0,67104768.0,1.0,0.008754904046688864,0.010802021367097526,2245.0,0.0,-1.0,-1.0,0.9996862798937005,0.9695950480857485,12.0,0.023449721137260016,0.019782995793926107,0.023096618892765736
3099.0,1.0,5.0,67104768.0,67104768.0,1.0,0.008754904046688864,0.010802021367097526,2246.0,0.0,-1.0,-1.0,0.9996862798937005,0.9695950480857485,12.0,0.023449721137260016,0.01976190986423413,0.023075369169266596
3100.0,1.0,5.0,67104768.0,67104768.0,1.0,0.008754904046688864,0.01080202136709753,2247.0,1.0,-1.0,-1.0,0.9996862798937005,0.9695950480857485,12.0,0.023449721137260016,0.019740823934542066,0.02305411899688633
3101.0,1.0,8.0,67104768.0,67104768.0,1.0,0.008754904046688865,0.01080202136709753,2248.0,1.0,-1.0,-1.0,0.9996862798937005,0.9695950480857485,12.0,0.023449721137260016,0.019719738004849906,0.023032868369860328
3102.0,1.0,7.0,67104768.0,67104768.0,1.0,0.008754904046688865,0.01080202136709753,2249.0,0.0,-1.0,-1.0,0.9996862798937005,0.9695950480857485,12.0,0.023449721137260016,0.019698652075157648,0.023011617282349947
3103.0,1.0,2.0,67104768.0,67104768.0,1.0,0.008754904046688867,0.010802021367097533,2250.0,1.0,-1.0,-1.0,0.9996862798937005,0.9695950480857485,12.0,0.023449721137260016,0.01967756614546529,0.022990365728441577
3104.0,1.0,8.0,67104768.0,67104768.0,1.0,0.008754904046688864,0.010802021367097535,2251.0,1.0,-1.0,-1.0,0.9996862798937005,0.9695950480857485,12.0,0.023449721137260016,0.01965648021577282,0.022969113702145633
3105.0,1.0,6.0,67104768.0,67104768.0,1.0,0.008754904046688864,0.010802021367097537,2252.0,0.0,-1.0,-1.0,0.9996862798937005,0.9695950480857485,12.0,0.023449721137260016,0.019635394286080243,0.02294786119739564
3106.0,1.0,6.0,67104768.0,67104768.0,1.0,0.008754904046688865,0.010802021367097537,2253.0,0.0,-1.0,-1.0,0.9996862798937005,0.9695950480857485,12.0,0.023449721137260016,0.019614308356387545,0.02292660820804721
3107.0,1.0,8.0,67104768.0,67104768.0,1.0,0.008754904046688865,0.010802021367097535,2254.0,1.0,-1.0,-1.0,0.9996862798937005,0.9695950480857485,12.0,0.023449721137260016,0.019593222426694725,0.02290535472787704
3108.0,1.0,5.0,67104768.0,67104768.0,1.0,0.008754904046688867,0.010802021367097538,2255.0,0.0,-1.0,-1.0,0.9996862798937005,0.9695950480857485,12.0,0.023449721137260016,0.019572136497001777,0.022884100750581907
3109.0,1.0,4.0,67104768.0,67104768.0,1.0,0.008754904046688869,0.01080202136709754,2256.0,1.0,-1.0,-1.0,0.9996862798937005,0.9695950480857485,12.0,0.023449721137260016,0.019551050567308693,0.022862846269777647
3110.0,1.0,8.0,67104768.0,67104768.0,1.0,0.008754904046688867,0.010802021367097542,2257.0,1.0,-1.0,-1.0,0.9996862798937005,0.9695950480857485,12.0,0.023449721137260016,0.019529964637615464,0.022841591278998104
3111.0,1.0,5.0,67104768.0,67104768.0,1.0,0.008754904046688869,0.010802021367097542,2258.0,1.0,-1.0,-1.0,0.9996862798937005,0.9695950480857485,12.0,0.023449721137260016,0.019508878707922096,0.02282033577169409
3112.0,1.0,7.0,67104768.0,67104768.0,1.0,0.008754904046688869,0.010802021367097542,2259.0,0.0,-1.0,-1.0,0.9996862798937005,0.9695950480857485,12.0,0.023449721137260016,0.019487792778228562,0.0227990797412323
3113.0,1.0,7.0,67104768.0,67104768.0,1.0,0.008754904046688869,0.010802021367097542,2260.0,0.0,-1.0,-1.0,0.9996862798937005,0.9695950480857485,12.0,0.023449721137260016,0.019466706848534875,0.022777823180894254
3114.0,1.0,6.0,67104768.0,67104768.0,1.0,0.008754904046688869,0.010802021367097542,2261.0,0.0,-1.0,-1.0,0.9996862798937005,0.9695950480857485,12.0,0.023449721137260016,0.019445620918841014,0.022756566083875183
3115.0,1.0,4.0,67104768.0,67104768.0,1.0,0.00875490404668887,0.010802021367097542,2262.0,1.0,-1.0,-1.0,0.9996862798937005,0.9695950480857485,12.0,0.023449721137260016,0.019424534989146976,0.022735308443282934
3116.0,1.0,10.0,67104768.0,67104768.0,1.0,0.008754904046688872,0.01080202136709754,2263.0,0.0,-1.0,-1.0,0.9996862798937005,0.9695950480857485,12.0,0.023449721137260016,0.01940344905945275,0.022714050252136846
3117.0,1.0,2.0,67104768.0,67104768.0,1.0,0.00875490404668887,0.010802021367097538,2264.0,1.0,-1.0,-1.0,0.9996862798937005,0.9695950480857485,12.0,0.023449721137260016,0.01938236312975833,0.02269279150336661
3118.0,1.0,5.0,67104768.0,67104768.0,1.0,0.008754904046688872,0.01080202136709754,2265.0,1.0,-1.0,-1.0,0.9996862798937005,0.9695950480857485,12.0,0.023449721137260016,0.019361277200063705,0.022671532189811116
3119.0,1.0,4.0,67104768.0,67104768.0,1.0,0.008754904046688872,0.01080202136709754,2266.0,1.0,-1.0,-1.0,0.9996862798937005,0.9695950480857485,12.0,0.023449721137260016,0.01934019127036887,0.022650272304217293
3120.0,1.0,8.0,67104768.0,67104768.0,1.0,0.008754904046688872,0.010802021367097542,2267.0,0.0,-1.0,-1.0,0.9996862798937005,0.9695950480857485,12.0,0.023449721137260016,0.019319105340673805,0.02262901183923892
3121.0,1.0,5.0,67104768.0,67104768.0,1.0,0.008754904046688872,0.010802021367097544,2268.0,2.0,-1.0,-1.0,0.9996862798937005,0.9695950480857485,12.0,0.023449721137260016,0.019298019410978508,0.02260775078743544
3122.0,1.0,7.0,67104768.0,67104768.0,1.0,0.008754904046688872,0.010802021367097545,2269.0,3.0,-1.0,-1.0,0.9996862798937005,0.9695950480857485,12.0,0.023449721137260016,0.019276933481282964,0.022586489141270736
3123.0,1.0,10.0,67104768.0,67104768.0,1.0,0.008754904046688872,0.010802021367097547,2270.0,0.0,-1.0,-1.0,0.9996862798937005,0.9695950480857485,12.0,0.023449721137260016,0.019255847551587164,0.022565226893111922
3124.0,1.0,7.0,67104768.0,67104768.0,1.0,0.008754904046688874,0.010802021367097545,2271.0,4.0,-1.0,-1.0,0.9996862798937005,0.9695950480857485,12.0,0.023449721137260016,0.019234761621891097,0.022543964035228077
3125.0,1.0,6.0,67104768.0,67104768.0,1.0,0.008754904046688876,0.010802021367097549,2272.0,0.0,-1.0,-1.0,0.9996862798937005,0.9695950480857485,12.0,0.023449721137260016,0.01921367569219475,0.022522700559789013
3126.0,1.0,6.0,67104768.0,67104768.0,1.0,0.008754904046688876,0.010802021367097549,2273.0,1.0,-1.0,-1.0,0.9996862798937005,0.9695950480857485,12.0,0.023449721137260016,0.0191925897624981,0.022501436458863967
3127.0,1.0,4.0,67104768.0,67104768.0,1.0,0.008754904046688876,0.010802021367097549,2274.0,0.0,-1.0,-1.0,0.9996862798937005,0.9695950480857485,12.0,0.023449721137260016,0.019171503832801143,0.022480171724420343
3128.0,1.0,7.0,67104768.0,67104768.0,1.0,0.008754904046688878,0.010802021367097549,2275.0,0.0,-1.0,-1.0,0.9996862798937005,0.9695950480857485,12.0,0.023449721137260016,0.019150417903103862,0.022458906348322375
3129.0,1.0,6.0,67104768.0,67104768.0,1.0,0.008754904046688878,0.010802021367097549,2276.0,2.0,-1.0,-1.0,0.9996862798937005,0.9695950480857485,12.0,0.023449721137260016,0.019129331973406244,0.02243764032232983
3130.0,1.0,9.0,67104768.0,67104768.0,1.0,0.00875490404668888,0.010802021367097549,2277.0,0.0,-1.0,-1.0,0.9996862798937005,0.9695950480857485,12.0,0.023449721137260016,0.01910824604370827,0.02241637363809665
3131.0,1.0,7.0,67104768.0,67104768.0,1.0,0.00875490404668888,0.01080202136709755,2278.0,0.0,-1.0,-1.0,0.9996862798937005,0.9695950480857485,12.0,0.023449721137260016,0.019087160114009925,0.022395106287169585
3132.0,1.0,3.0,67104768.0,67104768.0,1.0,0.008754904046688881,0.01080202136709755,2279.0,2.0,-1.0,-1.0,0.9996862798937005,0.9695950480857485,12.0,0.023449721137260016,0.01906607418431119,0.022373838260986836
3133.0,1.0,8.0,67104768.0,67104768.0,1.0,0.008754904046688881,0.010802021367097552,2280.0,0.0,-1.0,-1.0,0.9996862798937005,0.9695950480857485,12.0,0.023449721137260016,0.019044988254612046,0.022352569550876653
3134.0,1.0,6.0,67104768.0,67104768.0,1.0,0.008754904046688883,0.010802021367097554,2281.0,0.0,-1.0,-1.0,0.9996862798937005,0.9695950480857485,12.0,0.023449721137260016,0.019023902324912474,0.02233130014805591
3135.0,1.0,9.0,67104768.0,67104768.0,1.0,0.008754904046688881,0.010802021367097554,2282.0,0.0,-1.0,-1.0,0.9996862798937005,0.9695950480857485,12.0,0.023449721137260016,0.01900281639521246,0.0223100300436287
3136.0,1.0,5.0,67104768.0,67104768.0,1.0,0.00875490404668888,0.010802021367097554,2283.0,0.0,-1.0,-1.0,0.9996862798937005,0.9695950480857485,12.0,0.023449721137260016,0.01898173046551197,0.02228875922858487
3137.0,1.0,1.0,67104768.0,67104768.0,1.0,0.008754904046688881,0.010802021367097556,2284.0,1.0,-1.0,-1.0,0.9996862798937005,0.9695950480857485,12.0,0.023449721137260016,0.018960644535810995,0.022267487693798556
3138.0,1.0,9.0,67104768.0,67104768.0,1.0,0.008754904046688881,0.010802021367097557,2285.0,0.0,-1.0,-1.0,0.9996862798937005,0.9695950480857485,12.0,0.023449721137260016,0.018939558606109505,0.022246215430026695
3139.0,1.0,4.0,67104768.0,67104768.0,1.0,0.008754904046688883,0.010802021367097557,2286.0,1.0,-1.0,-1.0,0.9996862798937005,0.9695950480857485,12.0,0.023449721137260016,0.018918472676407477,0.02222494242790752
3140.0,1.0,4.0,67104768.0,67104768.0,1.0,0.008754904046688883,0.010802021367097557,2287.0,0.0,-1.0,-1.0,0.9996862798937005,0.9695950480857485,12.0,0.023449721137260016,0.018897386746704888,0.02220366867795905
3141.0,1.0,6.0,67104768.0,67104768.0,1.0,0.008754904046688883,0.010802021367097556,2288.0,1.0,-1.0,-1.0,0.9996862798937005,0.9695950480857485,12.0,0.023449721137260016,0.018876300817001708,0.022182394170577525
3142.0,1.0,5.0,67104768.0,67104768.0,1.0,0.008754904046688883,0.010802021367097557,2289.0,0.0,-1.0,-1.0,0.9996862798937005,0.9695950480857485,12.0,0.023449721137260016,0.018855214887297907,0.022161118896035857
3143.0,1.0,9.0,67104768.0,67104768.0,1.0,0.008754904046688883,0.010802021367097557,2290.0,1.0,-1.0,-1.0,0.9996862798937005,0.9695950480857485,12.0,0.023449721137260016,0.018834128957593465,0.022139842844482047
3144.0,1.0,8.0,67104768.0,67104768.0,1.0,0.008754904046688885,0.01080202136709756,2291.0,0.0,-1.0,-1.0,0.9996862798937005,0.9695950480857485,12.0,0.023449721137260016,0.018813043027888346,0.022118566005937552
3145.0,1.0,6.0,67104768.0,67104768.0,1.0,0.008754904046688885,0.010802021367097561,2292.0,0.0,-1.0,-1.0,0.9996862798937005,0.9695950480857485,12.0,0.023449721137260016,0.018791957098182516,0.02209728837029571
3146.0,1.0,6.0,67104768.0,67104768.0,1.0,0.008754904046688886,0.010802021367097561,2293.0,0.0,-1.0,-1.0,0.9996862798937005,0.9695950480857485,12.0,0.023449721137260016,0.018770871168475943,0.022076009927320048
3147.0,1.0,4.0,67104768.0,67104768.0,1.0,0.008754904046688886,0.010802021367097563,2294.0,2.0,-1.0,-1.0,0.9996862798937005,0.9695950480857485,12.0,0.023449721137260016,0.018749785238768597,0.022054730666642645
3148.0,1.0,11.0,67104768.0,67104768.0,1.0,0.008754904046688886,0.010802021367097566,2295.0,1.0,-1.0,-1.0,0.9996862798937005,0.9695950480857485,12.0,0.023449721137260016,0.01872869930906043,0.022033450577762424
3149.0,1.0,7.0,67104768.0,67104768.0,1.0,0.008754904046688886,0.010802021367097566,2296.0,1.0,-1.0,-1.0,0.9996862798937005,0.9695950480857485,12.0,0.023449721137260016,0.018707613379351416,0.02201216965004347
3150.0,1.0,5.0,67104768.0,67104768.0,1.0,0.008754904046688886,0.010802021367097566,2297.0,0.0,-1.0,-1.0,0.9996862798937005,0.9695950480857485,12.0,0.023449721137260016,0.01868652744964151,0.021990887872713256
3151.0,1.0,14.0,67104768.0,67104768.0,1.0,0.008754904046688888,0.010802021367097566,2298.0,0.0,-1.0,-1.0,0.9996862798937005,0.9695950480857485,12.0,0.023449721137260016,0.018665441519930666,0.021969605234860926
3152.0,1.0,7.0,67104768.0,67104768.0,1.0,0.008754904046688886,0.010802021367097566,2299.0,0.0,-1.0,-1.0,0.9996862798937005,0.9695950480857485,12.0,0.023449721137260016,0.018644355590218844,0.021948321725435503
3153.0,1.0,4.0,67104768.0,67104768.0,1.0,0.008754904046688886,0.010802021367097568,2300.0,0.0,-1.0,-1.0,0.9996862798937005,0.9695950480857485,12.0,0.023449721137260016,0.018623269660506,0.021927037333244092
3154.0,1.0,4.0,67104768.0,67104768.0,1.0,0.008754904046688885,0.010802021367097568,2301.0,1.0,-1.0,-1.0,0.9996862798937005,0.9695950480857485,12.0,0.023449721137260016,0.018602183730792077,0.021905752046950056
3155.0,1.0,6.0,67104768.0,67104768.0,1.0,0.008754904046688885,0.01080202136709757,2302.0,1.0,-1.0,-1.0,0.9996862798937005,0.9695950480857485,12.0,0.023449721137260016,0.01858109780107704,0.021884465855071165
3156.0,1.0,5.0,67104768.0,67104768.0,1.0,0.008754904046688886,0.01080202136709757,2303.0,1.0,-1.0,-1.0,0.9996862798937005,0.9695950480857485,12.0,0.023449721137260016,0.01856001187136082,0.021863178745977742
3157.0,1.0,9.0,67104768.0,67104768.0,1.0,0.008754904046688888,0.010802021367097571,2304.0,1.0,-1.0,-1.0,0.9996862798937005,0.9695950480857485,12.0,0.023449721137260016,0.018538925941643376,0.021841890707890756
3158.0,1.0,4.0,67104768.0,67104768.0,1.0,0.00875490404668889,0.010802021367097573,2305.0,0.0,-1.0,-1.0,0.9996862798937005,0.9695950480857485,12.0,0.023449721137260016,0.018517840011924636,0.021820601728879903
3159.0,1.0,4.0,67104768.0,67104768.0,1.0,0.00875490404668889,0.010802021367097573,2306.0,0.0,-1.0,-1.0,0.9996862798937005,0.9695950480857485,12.0,0.023449721137260016,0.018496754082204546,0.021799311796861672
3160.0,1.0,9.0,67104768.0,67104768.0,1.0,0.008754904046688891,0.010802021367097575,2307.0,0.0,-1.0,-1.0,0.9996862798937005,0.9695950480857485,12.0,0.023449721137260016,0.018475668152483037,0.021778020899597374
3161.0,1.0,9.0,67104768.0,67104768.0,1.0,0.00875490404668889,0.010802021367097575,2308.0,0.0,-1.0,-1.0,0.9996862798937005,0.9695950480857485,12.0,0.023449721137260016,0.01845458222276005,0.021756729024691147
3162.0,1.0,6.0,67104768.0,67104768.0,1.0,0.00875490404668889,0.010802021367097576,2309.0,0.0,-1.0,-1.0,0.9996862798937005,0.9695950480857485,12.0,0.023449721137260016,0.018433496293035513,0.021735436159587944
3163.0,1.0,5.0,67104768.0,67104768.0,1.0,0.008754904046688891,0.010802021367097578,2310.0,0.0,-1.0,-1.0,0.9996862798937005,0.9695950480857485,12.0,0.023449721137260016,0.018412410363309352,0.021714142291571474
3164.0,1.0,2.0,67104768.0,67104768.0,1.0,0.008754904046688893,0.01080202136709758,2311.0,0.0,-1.0,-1.0,0.9996862798937005,0.9695950480857485,12.0,0.023449721137260016,0.01839132443358149,0.02169284740776215
3165.0,1.0,4.0,67104768.0,67104768.0,1.0,0.008754904046688895,0.010802021367097582,2312.0,1.0,-1.0,-1.0,0.9996862798937005,0.9695950480857485,12.0,0.023449721137260016,0.018370238503851846,0.021671551495114977
3166.0,1.0,7.0,67104768.0,67104768.0,1.0,0.008754904046688895,0.010802021367097582,2313.0,1.0,-1.0,-1.0,0.9996862798937005,0.9695950480857485,12.0,0.023449721137260016,0.01834915257412034,0.021650254540417437
3167.0,1.0,4.0,67104768.0,67104768.0,1.0,0.008754904046688895,0.010802021367097583,2314.0,1.0,-1.0,-1.0,0.9996862798937005,0.9695950480857485,12.0,0.023449721137260016,0.018328066644386874,0.02162895653028734
3168.0,1.0,9.0,67104768.0,67104768.0,1.0,0.008754904046688895,0.010802021367097587,2315.0,0.0,-1.0,-1.0,0.9996862798937005,0.9695950480857485,12.0,0.023449721137260016,0.018306980714651366,0.021607657451170624
3169.0,1.0,4.0,67104768.0,67104768.0,1.0,0.008754904046688895,0.010802021367097589,2316.0,1.0,-1.0,-1.0,0.9996862798937005,0.9695950480857485,12.0,0.023449721137260016,0.01828589478491372,0.021586357289339185
3170.0,1.0,7.0,67104768.0,67104768.0,1.0,0.008754904046688895,0.010802021367097592,2317.0,0.0,-1.0,-1.0,0.9996862798937005,0.9695950480857485,12.0,0.023449721137260016,0.018264808855173828,0.021565056030888593
3171.0,1.0,4.0,67104768.0,67104768.0,1.0,0.008754904046688895,0.01080202136709759,2318.0,0.0,-1.0,-1.0,0.9996862798937005,0.9695950480857485,12.0,0.023449721137260016,0.018243722925431593,0.02154375366173588
3172.0,1.0,9.0,67104768.0,67104768.0,1.0,0.008754904046688895,0.01080202136709759,2319.0,0.0,-1.0,-1.0,0.9996862798937005,0.9695950480857485,12.0,0.023449721137260016,0.018222636995686894,0.02152245016761721
3173.0,1.0,8.0,67104768.0,67104768.0,1.0,0.008754904046688895,0.010802021367097592,2320.0,2.0,-1.0,-1.0,0.9996862798937005,0.9695950480857485,12.0,0.023449721137260016,0.018201551065939625,0.021501145534085574
3174.0,1.0,6.0,67104768.0,67104768.0,1.0,0.008754904046688897,0.010802021367097592,2321.0,0.0,-1.0,-1.0,0.9996862798937005,0.9695950480857485,12.0,0.023449721137260016,0.018180465136189657,0.021479839746508418
3175.0,1.0,4.0,67104768.0,67104768.0,1.0,0.008754904046688897,0.01080202136709759,2322.0,1.0,-1.0,-1.0,0.9996862798937005,0.9695950480857485,12.0,0.023449721137260016,0.018159379206436867,0.021458532790065293
3176.0,1.0,6.0,67104768.0,67104768.0,1.0,0.008754904046688897,0.010802021367097589,2323.0,0.0,-1.0,-1.0,0.9996862798937005,0.9695950480857485,12.0,0.023449721137260016,0.018138293276681122,0.021437224649745415
3177.0,1.0,4.0,67104768.0,67104768.0,1.0,0.008754904046688897,0.010802021367097592,2324.0,1.0,-1.0,-1.0,0.9996862798937005,0.9695950480857485,12.0,0.023449721137260016,0.01811720734692228,0.021415915310345233
3178.0,1.0,12.0,67104768.0,67104768.0,1.0,0.008754904046688897,0.010802021367097594,2325.0,0.0,-1.0,-1.0,0.9996862798937005,0.9695950480857485,12.0,0.023449721137260016,0.018096121417160195,0.021394604756465933
3179.0,1.0,1.0,67104768.0,67104768.0,1.0,0.008754904046688897,0.010802021367097594,2326.0,3.0,-1.0,-1.0,0.9996862798937005,0.9695950480857485,12.0,0.023449721137260016,0.018075035487394718,0.021373292972510963
3180.0,1.0,7.0,67104768.0,67104768.0,1.0,0.008754904046688897,0.010802021367097594,2327.0,0.0,-1.0,-1.0,0.9996862798937005,0.9695950480857485,12.0,0.023449721137260016,0.01805394955762569,0.021351979942683473
3181.0,1.0,5.0,67104768.0,67104768.0,1.0,0.008754904046688897,0.010802021367097592,2328.0,1.0,-1.0,-1.0,0.9996862798937005,0.9695950480857485,12.0,0.023449721137260016,0.018032863627852936,0.02133066565098375
3182.0,1.0,11.0,67104768.0,67104768.0,1.0,0.008754904046688897,0.01080202136709759,2329.0,1.0,-1.0,-1.0,0.9996862798937005,0.9695950480857485,12.0,0.023449721137260016,0.018011777698076284,0.0213093500812066
3183.0,1.0,6.0,67104768.0,67104768.0,1.0,0.008754904046688897,0.010802021367097589,2330.0,0.0,-1.0,-1.0,0.9996862798937005,0.9695950480857485,12.0,0.023449721137260016,0.017990691768295555,0.02128803321693874
3184.0,1.0,7.0,67104768.0,67104768.0,1.0,0.008754904046688898,0.010802021367097592,2331.0,2.0,-1.0,-1.0,0.9996862798937005,0.9695950480857485,12.0,0.023449721137260016,0.017969605838510552,0.021266715041556073
3185.0,1.0,6.0,67104768.0,67104768.0,1.0,0.008754904046688898,0.01080202136709759,2332.0,1.0,-1.0,-1.0,0.9996862798937005,0.9695950480857485,12.0,0.023449721137260016,0.017948519908721074,0.021245395538221037
3186.0,1.0,4.0,67104768.0,67104768.0,1.0,0.008754904046688898,0.010802021367097589,2333.0,0.0,-1.0,-1.0,0.9996862798937005,0.9695950480857485,12.0,0.023449721137260016,0.017927433978926908,0.021224074689879833
3187.0,1.0,5.0,67104768.0,67104768.0,1.0,0.008754904046688897,0.01080202136709759,2334.0,0.0,-1.0,-1.0,0.9996862798937005,0.9695950480857485,12.0,0.023449721137260016,0.017906348049127836,0.021202752479259655
3188.0,1.0,7.0,67104768.0,67104768.0,1.0,0.008754904046688898,0.010802021367097589,2335.0,0.0,-1.0,-1.0,0.9996862798937005,0.9695950480857485,12.0,0.023449721137260016,0.01788526211932363,0.021181428888865865
3189.0,1.0,11.0,67104768.0,67104768.0,1.0,0.0087549040466889,0.010802021367097589,2336.0,1.0,-1.0,-1.0,0.9996862798937005,0.9695950480857485,12.0,0.023449721137260016,0.01786417618951404,0.02116010390097918
3190.0,1.0,5.0,67104768.0,67104768.0,1.0,0.0087549040466889,0.010802021367097589,2337.0,3.0,-1.0,-1.0,0.9996862798937005,0.9695950480857485,12.0,0.023449721137260016,0.017843090259698817,0.021138777497652736
3191.0,1.0,7.0,67104768.0,67104768.0,1.0,0.008754904046688898,0.01080202136709759,2338.0,1.0,-1.0,-1.0,0.9996862798937005,0.9695950480857485,12.0,0.023449721137260016,0.017822004329877697,0.021117449660709213
3192.0,1.0,3.0,67104768.0,67104768.0,1.0,0.008754904046688898,0.010802021367097592,2339.0,0.0,-1.0,-1.0,0.9996862798937005,0.9695950480857485,12.0,0.023449721137260016,0.017800918400050394,0.021096120371737834
3193.0,1.0,9.0,67104768.0,67104768.0,1.0,0.008754904046688898,0.01080202136709759,2340.0,1.0,-1.0,-1.0,0.9996862798937005,0.9695950480857485,12.0,0.023449721137260016,0.017779832470216632,0.02107478961209141
3194.0,1.0,1.0,67104768.0,67104768.0,1.0,0.0087549040466889,0.010802021367097592,2341.0,1.0,-1.0,-1.0,0.9996862798937005,0.9695950480857485,12.0,0.023449721137260016,0.01775874654037609,0.021053457362883263
3195.0,1.0,8.0,67104768.0,67104768.0,1.0,0.008754904046688902,0.010802021367097594,2342.0,1.0,-1.0,-1.0,0.9996862798937005,0.9695950480857485,12.0,0.023449721137260016,0.017737660610528456,0.021032123604984188
3196.0,1.0,12.0,67104768.0,67104768.0,1.0,0.008754904046688904,0.010802021367097594,2343.0,0.0,-1.0,-1.0,0.9996862798937005,0.9695950480857485,12.0,0.023449721137260016,0.0177165746806734,0.021010788319019293
3197.0,1.0,6.0,67104768.0,67104768.0,1.0,0.008754904046688902,0.010802021367097594,2344.0,1.0,-1.0,-1.0,0.9996862798937005,0.9695950480857485,12.0,0.023449721137260016,0.01769548875081056,0.0209894514853649
3198.0,1.0,9.0,67104768.0,67104768.0,1.0,0.008754904046688902,0.010802021367097594,2345.0,1.0,-1.0,-1.0,0.9996862798937005,0.9695950480857485,12.0,0.023449721137260016,0.017674402820939572,0.02096811308414529
3199.0,1.0,4.0,67104768.0,67104768.0,1.0,0.0087549040466889,0.010802021367097592,2346.0,1.0,-1.0,-1.0,0.9996862798937005,0.9695950480857485,12.0,0.023449721137260016,0.017653316891060065,0.02094677309522953
3200.0,1.0,8.0,67104768.0,67104768.0,1.0,0.008754904046688902,0.01080202136709759,2347.0,0.0,-1.0,-1.0,0.9996862798937005,0.9695950480857485,12.0,0.023449721137260016,0.017632230961171627,0.020925431498228134
3201.0,1.0,5.0,67104768.0,67104768.0,1.0,0.008754904046688904,0.010802021367097589,2348.0,1.0,-1.0,-1.0,0.9996862798937005,0.9695950480857485,12.0,0.023449721137260016,0.017611145031273836,0.02090408827248978
3202.0,1.0,8.0,67104768.0,67104768.0,1.0,0.008754904046688904,0.010802021367097589,2349.0,2.0,-1.0,-1.0,0.9996862798937005,0.9695950480857485,12.0,0.023449721137260016,0.01759005910136625,0.02088274339709794
3203.0,1.0,10.0,67104768.0,67104768.0,1.0,0.008754904046688904,0.010802021367097589,2350.0,1.0,-1.0,-1.0,0.9996862798937005,0.9695950480857485,12.0,0.023449721137260016,0.017568973171448416,0.020861396850867475
3204.0,1.0,8.0,67104768.0,67104768.0,1.0,0.008754904046688904,0.010802021367097589,2351.0,0.0,-1.0,-1.0,0.9996862798937005,0.9695950480857485,12.0,0.023449721137260016,0.01754788724151984,0.02084004861234117
3205.0,1.0,5.0,67104768.0,67104768.0,1.0,0.008754904046688904,0.010802021367097589,2352.0,1.0,-1.0,-1.0,0.9996862798937005,0.9695950480857485,12.0,0.023449721137260016,0.017526801311580027,0.020818698659786274
3206.0,1.0,5.0,67104768.0,67104768.0,1.0,0.008754904046688902,0.010802021367097589,2353.0,0.0,-1.0,-1.0,0.9996862798937005,0.9695950480857485,12.0,0.023449721137260016,0.017505715381628435,0.020797346971190917
3207.0,1.0,6.0,67104768.0,67104768.0,1.0,0.008754904046688902,0.010802021367097592,2354.0,0.0,-1.0,-1.0,0.9996862798937005,0.9695950480857485,12.0,0.023449721137260016,0.01748462945166452,0.020775993524260565
3208.0,1.0,8.0,67104768.0,67104768.0,1.0,0.008754904046688904,0.010802021367097596,2355.0,0.0,-1.0,-1.0,0.9996862798937005,0.9695950480857485,12.0,0.023449721137260016,0.017463543521687695,0.02075463829641436
3209.0,1.0,4.0,67104768.0,67104768.0,1.0,0.008754904046688905,0.010802021367097596,2356.0,1.0,-1.0,-1.0,0.9996862798937005,0.9695950480857485,12.0,0.023449721137260016,0.017442457591697352,0.020733281264781474
3210.0,1.0,6.0,67104768.0,67104768.0,1.0,0.008754904046688905,0.010802021367097597,2357.0,1.0,-1.0,-1.0,0.9996862798937005,0.9695950480857485,12.0,0.023449721137260016,0.01742137166169285,0.020711922406197347
3211.0,1.0,6.0,67104768.0,67104768.0,1.0,0.008754904046688905,0.010802021367097597,2358.0,0.0,-1.0,-1.0,0.9996862798937005,0.9695950480857485,12.0,0.023449721137260016,0.01740028573167353,0.02069056169719996
3212.0,1.0,2.0,67104768.0,67104768.0,1.0,0.008754904046688905,0.010802021367097599,2359.0,0.0,-1.0,-1.0,0.9996862798937005,0.9695950480857485,12.0,0.023449721137260016,0.017379199801638684,0.020669199114025965
3213.0,1.0,7.0,67104768.0,67104768.0,1.0,0.008754904046688905,0.010802021367097599,2360.0,0.0,-1.0,-1.0,0.9996862798937005,0.9695950480857485,12.0,0.023449721137260016,0.017358113871587588,0.02064783463260686
3214.0,1.0,4.0,67104768.0,67104768.0,1.0,0.008754904046688904,0.010802021367097597,2361.0,1.0,-1.0,-1.0,0.9996862798937005,0.9695950480857485,12.0,0.023449721137260016,0.01733702794151947,0.020626468228565044
3215.0,1.0,10.0,67104768.0,67104768.0,1.0,0.008754904046688904,0.0108020213670976,2362.0,0.0,-1.0,-1.0,0.9996862798937005,0.9695950480857485,12.0,0.023449721137260016,0.01731594201143354,0.020605099877209855
3216.0,1.0,4.0,67104768.0,67104768.0,1.0,0.008754904046688904,0.0108020213670976,2363.0,0.0,-1.0,-1.0,0.9996862798937005,0.9695950480857485,12.0,0.023449721137260016,0.01729485608132894,0.02058372955353354
3217.0,1.0,5.0,67104768.0,67104768.0,1.0,0.008754904046688904,0.010802021367097603,2364.0,2.0,-1.0,-1.0,0.9996862798937005,0.9695950480857485,12.0,0.023449721137260016,0.017273770151204803,0.020562357232207215
3218.0,1.0,6.0,67104768.0,67104768.0,1.0,0.008754904046688904,0.010802021367097603,2365.0,0.0,-1.0,-1.0,0.9996862798937005,0.9695950480857485,12.0,0.023449721137260016,0.017252684221060202,0.020540982887576692
3219.0,1.0,5.0,67104768.0,67104768.0,1.0,0.008754904046688904,0.010802021367097604,2366.0,0.0,-1.0,-1.0,0.9996862798937005,0.9695950480857485,12.0,0.023449721137260016,0.017231598290894178,0.020519606493658346
3220.0,1.0,4.0,67104768.0,67104768.0,1.0,0.008754904046688905,0.010802021367097603,2367.0,0.0,-1.0,-1.0,0.9996862798937005,0.9695950480857485,12.0,0.023449721137260016,0.01721051236070571,0.020498228024134854
3221.0,1.0,9.0,67104768.0,67104768.0,1.0,0.008754904046688905,0.010802021367097603,2368.0,1.0,-1.0,-1.0,0.9996862798937005,0.9695950480857485,12.0,0.023449721137260016,0.017189426430493752,0.020476847452350934
3222.0,1.0,9.0,67104768.0,67104768.0,1.0,0.008754904046688907,0.0108020213670976,2369.0,0.0,-1.0,-1.0,0.9996862798937005,0.9695950480857485,12.0,0.023449721137260016,0.01716834050025719,0.020455464751308973
3223.0,1.0,5.0,67104768.0,67104768.0,1.0,0.008754904046688909,0.010802021367097604,2370.0,0.0,-1.0,-1.0,0.9996862798937005,0.9695950480857485,12.0,0.023449721137260016,0.017147254569994868,0.020434079893664674
3224.0,1.0,5.0,67104768.0,67104768.0,1.0,0.008754904046688909,0.010802021367097603,2371.0,0.0,-1.0,-1.0,0.9996862798937005,0.9695950480857485,12.0,0.023449721137260016,0.017126168639705567,0.020412692851722557
3225.0,1.0,6.0,67104768.0,67104768.0,1.0,0.008754904046688909,0.010802021367097606,2372.0,0.0,-1.0,-1.0,0.9996862798937005,0.9695950480857485,12.0,0.023449721137260016,0.01710508270938802,0.020391303597431486
3226.0,1.0,9.0,67104768.0,67104768.0,1.0,0.00875490404668891,0.010802021367097606,2373.0,0.0,-1.0,-1.0,0.9996862798937005,0.9695950480857485,12.0,0.023449721137260016,0.01708399677904089,0.02036991210238008
3227.0,1.0,7.0,67104768.0,67104768.0,1.0,0.00875490404668891,0.010802021367097606,2374.0,1.0,-1.0,-1.0,0.9996862798937005,0.9695950480857485,12.0,0.023449721137260016,0.017062910848662786,0.020348518337792096
3228.0,1.0,8.0,67104768.0,67104768.0,1.0,0.00875490404668891,0.010802021367097608,2375.0,0.0,-1.0,-1.0,0.9996862798937005,0.9695950480857485,12.0,0.023449721137260016,0.01704182491825225,0.02032712227452175
3229.0,1.0,4.0,67104768.0,67104768.0,1.0,0.008754904046688912,0.010802021367097606,2376.0,1.0,-1.0,-1.0,0.9996862798937005,0.9695950480857485,12.0,0.023449721137260016,0.017020738987807746,0.020305723883048944
3230.0,1.0,6.0,67104768.0,67104768.0,1.0,0.008754904046688912,0.010802021367097608,2377.0,0.0,-1.0,-1.0,0.9996862798937005,0.9695950480857485,12.0,0.023449721137260016,0.016999653057327674,0.020284323133474495
3231.0,1.0,8.0,67104768.0,67104768.0,1.0,0.00875490404668891,0.010802021367097608,2378.0,1.0,-1.0,-1.0,0.9996862798937005,0.9695950480857485,12.0,0.023449721137260016,0.01697856712681036,0.020262919995515244
3232.0,1.0,3.0,67104768.0,67104768.0,1.0,0.00875490404668891,0.01080202136709761,2379.0,1.0,-1.0,-1.0,0.9996862798937005,0.9695950480857485,12.0,0.023449721137260016,0.016957481196254058,0.020241514438499125
3233.0,1.0,3.0,67104768.0,67104768.0,1.0,0.008754904046688912,0.01080202136709761,2380.0,0.0,-1.0,-1.0,0.9996862798937005,0.9695950480857485,12.0,0.023449721137260016,0.016936395265656913,0.020220106431360182
3234.0,1.0,2.0,67104768.0,67104768.0,1.0,0.008754904046688912,0.010802021367097611,2381.0,0.0,-1.0,-1.0,0.9996862798937005,0.9695950480857485,12.0,0.023449721137260016,0.01691530933501701,0.0201986959426335
3235.0,1.0,6.0,67104768.0,67104768.0,1.0,0.008754904046688912,0.010802021367097611,2382.0,1.0,-1.0,-1.0,0.9996862798937005,0.9695950480857485,12.0,0.023449721137260016,0.016894223404332328,0.020177282940450098
3236.0,1.0,6.0,67104768.0,67104768.0,1.0,0.008754904046688912,0.010802021367097615,2383.0,0.0,-1.0,-1.0,0.9996862798937005,0.9695950480857485,12.0,0.023449721137260016,0.01687313747360076,0.02015586739253171
3237.0,1.0,11.0,67104768.0,67104768.0,1.0,0.008754904046688914,0.010802021367097616,2384.0,0.0,-1.0,-1.0,0.9996862798937005,0.9695950480857485,12.0,0.023449721137260016,0.016852051542820094,0.020134449266185555
3238.0,1.0,4.0,67104768.0,67104768.0,1.0,0.008754904046688914,0.01080202136709762,2385.0,1.0,-1.0,-1.0,0.9996862798937005,0.9695950480857485,12.0,0.023449721137260016,0.016830965611988012,0.020113028528299007
3239.0,1.0,8.0,67104768.0,67104768.0,1.0,0.008754904046688914,0.01080202136709762,2386.0,0.0,-1.0,-1.0,0.9996862798937005,0.9695950480857485,12.0,0.023449721137260016,0.01680987968110209,0.0200916051453342
3240.0,1.0,10.0,67104768.0,67104768.0,1.0,0.008754904046688912,0.010802021367097622,2387.0,0.0,-1.0,-1.0,0.9996862798937005,0.9695950480857485,12.0,0.023449721137260016,0.0167887937501598,0.02007017908332257
3241.0,1.0,6.0,67104768.0,67104768.0,1.0,0.008754904046688912,0.010802021367097622,2388.0,0.0,-1.0,-1.0,0.9996862798937005,0.9695950480857485,12.0,0.023449721137260016,0.016767707819158477,0.020048750307859325
3242.0,1.0,6.0,67104768.0,67104768.0,1.0,0.008754904046688914,0.010802021367097623,2389.0,0.0,-1.0,-1.0,0.9996862798937005,0.9695950480857485,12.0,0.023449721137260016,0.016746621888095337,0.02002731878409783
3243.0,1.0,3.0,67104768.0,67104768.0,1.0,0.008754904046688914,0.010802021367097623,2390.0,0.0,-1.0,-1.0,0.9996862798937005,0.9695950480857485,12.0,0.023449721137260016,0.01672553595696747,0.02000588447674396
3244.0,1.0,4.0,67104768.0,67104768.0,1.0,0.008754904046688914,0.010802021367097625,2391.0,0.0,-1.0,-1.0,0.9996862798937005,0.9695950480857485,12.0,0.023449721137260016,0.01670445002577182,0.019984447350050324
3245.0,1.0,2.0,67104768.0,67104768.0,1.0,0.008754904046688912,0.010802021367097627,2392.0,2.0,-1.0,-1.0,0.9996862798937005,0.9695950480857485,12.0,0.023449721137260016,0.016683364094505194,0.019963007367810454
3246.0,1.0,9.0,67104768.0,67104768.0,1.0,0.008754904046688912,0.010802021367097625,2393.0,1.0,-1.0,-1.0,0.9996862798937005,0.9695950480857485,12.0,0.023449721137260016,0.01666227816316425,0.019941564493352923
3247.0,1.0,7.0,67104768.0,67104768.0,1.0,0.008754904046688912,0.010802021367097625,2394.0,0.0,-1.0,-1.0,0.9996862798937005,0.9695950480857485,12.0,0.023449721137260016,0.016641192231745476,0.01992011868953536
3248.0,1.0,3.0,67104768.0,67104768.0,1.0,0.008754904046688912,0.010802021367097627,2395.0,0.0,-1.0,-1.0,0.9996862798937005,0.9695950480857485,12.0,0.023449721137260016,0.016620106300245206,0.019898669918738402
3249.0,1.0,6.0,67104768.0,67104768.0,1.0,0.008754904046688912,0.010802021367097629,2396.0,1.0,-1.0,-1.0,0.9996862798937005,0.9695950480857485,12.0,0.023449721137260016,0.016599020368659602,0.019877218142859573
3250.0,1.0,7.0,67104768.0,67104768.0,1.0,0.008754904046688912,0.01080202136709763,2397.0,1.0,-1.0,-1.0,0.9996862798937005,0.9695950480857485,12.0,0.023449721137260016,0.01657793443698464,0.019855763323307074
3251.0,1.0,5.0,67104768.0,33550336.0,1.0,0.008963117833133218,0.010802021367097632,2398.0,0.0,1.0,1.0,0.9996862798937005,0.9695950480857485,12.0,0.023449721137260016,0.01680203650832543,0.019834305420993514
3252.0,1.0,14.0,33550336.0,33550336.0,1.0,0.008963117833133218,0.01080202136709763,2399.0,1.0,-1.0,-1.0,0.9996862798937005,0.9695950480857485,12.0,0.023449721137260016,0.016780938815654005,0.01981284439632952
3253.0,1.0,3.0,33550336.0,33550336.0,1.0,0.008963117833133218,0.010802021367097632,2400.0,4.0,-1.0,-1.0,0.9996862798937005,0.9695950480857485,12.0,0.023449721137260016,0.01675984112270359,0.01979138020921732
3254.0,1.0,8.0,33550336.0,33550336.0,1.0,0.008963117833133218,0.010802021367097634,2401.0,0.0,-1.0,-1.0,0.9996862798937005,0.9695950480857485,12.0,0.023449721137260016,0.01673874342946193,0.01976991281904419
3255.0,1.0,3.0,33550336.0,33550336.0,1.0,0.008963117833133218,0.010802021367097634,2402.0,2.0,-1.0,-1.0,0.9996862798937005,0.9695950480857485,12.0,0.023449721137260016,0.016717645735916224,0.019748442184675852
3256.0,1.0,6.0,33550336.0,33550336.0,1.0,0.008963117833133218,0.010802021367097634,2403.0,0.0,-1.0,-1.0,0.9996862798937005,0.9695950480857485,12.0,0.023449721137260016,0.016696548042053113,0.019726968264449772
3257.0,1.0,3.0,33550336.0,33550336.0,1.0,0.008963117833133218,0.010802021367097635,2404.0,2.0,-1.0,-1.0,0.9996862798937005,0.9695950480857485,12.0,0.023449721137260016,0.016675450347858653,0.01970549101616839
3258.0,1.0,10.0,33550336.0,33550336.0,1.0,0.008963117833133218,0.010802021367097637,2405.0,0.0,-1.0,-1.0,0.9996862798937005,0.9695950480857485,12.0,0.023449721137260016,0.016654352653318282,0.019684010397092222
3259.0,1.0,9.0,33550336.0,33550336.0,1.0,0.00896311783313322,0.010802021367097639,2406.0,1.0,-1.0,-1.0,0.9996862798937005,0.9695950480857485,12.0,0.023449721137260016,0.016633254958416808,0.019662526363932925
3260.0,1.0,8.0,33550336.0,33550336.0,1.0,0.008963117833133222,0.010802021367097642,2407.0,2.0,-1.0,-1.0,0.9996862798937005,0.9695950480857485,12.0,0.023449721137260016,0.016612157263138357,0.019641038872846236
3261.0,1.0,5.0,33550336.0,33550336.0,1.0,0.008963117833133222,0.01080202136709764,2408.0,2.0,-1.0,-1.0,0.9996862798937005,0.9695950480857485,12.0,0.023449721137260016,0.016591059567466367,0.019619547879424836
3262.0,1.0,6.0,33550336.0,33550336.0,1.0,0.008963117833133222,0.01080202136709764,2409.0,0.0,-1.0,-1.0,0.9996862798937005,0.9695950480857485,12.0,0.023449721137260016,0.016569961871383546,0.01959805333869112
3263.0,1.0,2.0,33550336.0,33550336.0,1.0,0.008963117833133222,0.01080202136709764,2410.0,1.0,-1.0,-1.0,0.9996862798937005,0.9695950480857485,12.0,0.023449721137260016,0.016548864174871846,0.01957655520508988
3264.0,1.0,8.0,33550336.0,33550336.0,1.0,0.008963117833133222,0.010802021367097642,2411.0,0.0,-1.0,-1.0,0.9996862798937005,0.9695950480857485,12.0,0.023449721137260016,0.016527766477912424,0.01955505343248087
3265.0,1.0,9.0,33550336.0,33550336.0,1.0,0.008963117833133223,0.010802021367097644,2412.0,0.0,-1.0,-1.0,0.9996862798937005,0.9695950480857485,12.0,0.023449721137260016,0.0165066687804856,0.019533547974131305
3266.0,1.0,5.0,33550336.0,33550336.0,1.0,0.008963117833133222,0.010802021367097642,2413.0,1.0,-1.0,-1.0,0.9996862798937005,0.9695950480857485,12.0,0.023449721137260016,0.01648557108257084,0.019512038782708248
3267.0,1.0,7.0,33550336.0,33550336.0,1.0,0.008963117833133223,0.010802021367097644,2414.0,0.0,-1.0,-1.0,0.9996862798937005,0.9695950480857485,12.0,0.023449721137260016,0.01646447338414671,0.019490525810270908
3268.0,1.0,4.0,33550336.0,33550336.0,1.0,0.008963117833133223,0.010802021367097644,2415.0,2.0,-1.0,-1.0,0.9996862798937005,0.9695950480857485,12.0,0.023449721137260016,0.016443375685190824,0.01946900900826283
3269.0,1.0,7.0,33550336.0,33550336.0,1.0,0.008963117833133223,0.010802021367097648,2416.0,2.0,-1.0,-1.0,0.9996862798937005,0.9695950480857485,12.0,0.023449721137260016,0.01642227798567982,0.019447488327503985
3270.0,1.0,10.0,33550336.0,33550336.0,1.0,0.008963117833133222,0.01080202136709765,2417.0,0.0,-1.0,-1.0,0.9996862798937005,0.9695950480857485,12.0,0.023449721137260016,0.016401180285589304,0.019425963718182764
3271.0,1.0,2.0,33550336.0,33550336.0,1.0,0.008963117833133223,0.010802021367097651,2418.0,1.0,-1.0,-1.0,0.9996862798937005,0.9695950480857485,12.0,0.023449721137260016,0.016380082584893815,0.01940443512984788
3272.0,1.0,4.0,33550336.0,33550336.0,1.0,0.008963117833133223,0.010802021367097651,2419.0,0.0,-1.0,-1.0,0.9996862798937005,0.9695950480857485,12.0,0.023449721137260016,0.016358984883566772,0.019382902511400117
3273.0,1.0,7.0,33550336.0,33550336.0,1.0,0.008963117833133225,0.01080202136709765,2420.0,0.0,-1.0,-1.0,0.9996862798937005,0.9695950480857485,12.0,0.023449721137260016,0.016337887181580427,0.019361365811084066
3274.0,1.0,6.0,33550336.0,33550336.0,1.0,0.008963117833133227,0.010802021367097651,2421.0,1.0,-1.0,-1.0,0.9996862798937005,0.9695950480857485,12.0,0.023449721137260016,0.016316789478905802,0.019339824976479646
3275.0,1.0,7.0,33550336.0,33550336.0,1.0,0.008963117833133227,0.01080202136709765,2422.0,0.0,-1.0,-1.0,0.9996862798937005,0.9695950480857485,12.0,0.023449721137260016,0.01629569177551267,0.019318279954493582
3276.0,1.0,4.0,33550336.0,33550336.0,1.0,0.008963117833133229,0.010802021367097651,2423.0,0.0,-1.0,-1.0,0.9996862798937005,0.9695950480857485,12.0,0.023449721137260016,0.016274594071369445,0.019296730691350784
3277.0,1.0,2.0,33550336.0,33550336.0,1.0,0.008963117833133229,0.010802021367097651,2424.0,0.0,-1.0,-1.0,0.9996862798937005,0.9695950480857485,12.0,0.023449721137260016,0.01625349636644318,0.019275177132585565
3278.0,1.0,5.0,33550336.0,33550336.0,1.0,0.008963117833133229,0.010802021367097651,2425.0,0.0,-1.0,-1.0,0.9996862798937005,0.9695950480857485,12.0,0.023449721137260016,0.016232398660699462,0.019253619223032772
3279.0,1.0,4.0,33550336.0,33550336.0,1.0,0.008963117833133229,0.010802021367097651,2426.0,0.0,-1.0,-1.0,0.9996862798937005,0.9695950480857485,12.0,0.023449721137260016,0.016211300954102382,0.019232056906818822
3280.0,1.0,8.0,33550336.0,33550336.0,1.0,0.008963117833133229,0.010802021367097651,2427.0,1.0,-1.0,-1.0,0.9996862798937005,0.9695950480857485,12.0,0.023449721137260016,0.016190203246614437,0.01921049012735259
3281.0,1.0,8.0,33550336.0,33550336.0,1.0,0.008963117833133229,0.010802021367097655,2428.0,0.0,-1.0,-1.0,0.9996862798937005,0.9695950480857485,12.0,0.023449721137260016,0.016169105538196487,0.019188918827316208
3282.0,1.0,8.0,33550336.0,33550336.0,1.0,0.008963117833133229,0.010802021367097656,2429.0,3.0,-1.0,-1.0,0.9996862798937005,0.9695950480857485,12.0,0.023449721137260016,0.016148007828807667,0.019167342948655693
3283.0,1.0,7.0,33550336.0,33550336.0,1.0,0.008963117833133229,0.01080202136709766,2430.0,2.0,-1.0,-1.0,0.9996862798937005,0.9695950480857485,12.0,0.023449721137260016,0.016126910118405325,0.019145762432571548
3284.0,1.0,9.0,33550336.0,33550336.0,1.0,0.008963117833133229,0.010802021367097658,2431.0,0.0,-1.0,-1.0,0.9996862798937005,0.9695950480857485,12.0,0.023449721137260016,0.01610581240694492,0.019124177219509153
3285.0,1.0,4.0,33550336.0,33550336.0,1.0,0.00896311783313323,0.010802021367097656,2432.0,1.0,-1.0,-1.0,0.9996862798937005,0.9695950480857485,12.0,0.023449721137260016,0.016084714694379963,0.019102587249149088
3286.0,1.0,7.0,33550336.0,33550336.0,1.0,0.00896311783313323,0.010802021367097658,2433.0,1.0,-1.0,-1.0,0.9996862798937005,0.9695950480857485,12.0,0.023449721137260016,0.016063616980661926,0.01908099246039728
3287.0,1.0,7.0,33550336.0,33550336.0,1.0,0.00896311783313323,0.01080202136709766,2434.0,0.0,-1.0,-1.0,0.9996862798937005,0.9695950480857485,12.0,0.023449721137260016,0.016042519265740143,0.0190593927913751
3288.0,1.0,3.0,33550336.0,33550336.0,1.0,0.008963117833133232,0.01080202136709766,2435.0,0.0,-1.0,-1.0,0.9996862798937005,0.9695950480857485,12.0,0.023449721137260016,0.016021421549561723,0.01903778817940923
3289.0,1.0,9.0,33550336.0,33550336.0,1.0,0.008963117833133232,0.010802021367097658,2436.0,0.0,-1.0,-1.0,0.9996862798937005,0.9695950480857485,12.0,0.023449721137260016,0.01600032383207145,0.019016178561021526
3290.0,1.0,4.0,33550336.0,33550336.0,1.0,0.008963117833133232,0.010802021367097656,2437.0,1.0,-1.0,-1.0,0.9996862798937005,0.9695950480857485,12.0,0.023449721137260016,0.015979226113211682,0.018994563871918623
3291.0,1.0,8.0,33550336.0,33550336.0,1.0,0.008963117833133232,0.010802021367097656,2438.0,0.0,-1.0,-1.0,0.9996862798937005,0.9695950480857485,12.0,0.023449721137260016,0.015958128392922245,0.0189729440469815
3292.0,1.0,6.0,33550336.0,33550336.0,1.0,0.008963117833133232,0.010802021367097656,2439.0,0.0,-1.0,-1.0,0.9996862798937005,0.9695950480857485,12.0,0.023449721137260016,0.01593703067114033,0.018951319020254855
3293.0,1.0,5.0,33550336.0,33550336.0,1.0,0.008963117833133232,0.010802021367097658,2440.0,0.0,-1.0,-1.0,0.9996862798937005,0.9695950480857485,12.0,0.023449721137260016,0.015915932947800346,0.018929688724936396
3294.0,1.0,7.0,33550336.0,33550336.0,1.0,0.008963117833133232,0.01080202136709766,2441.0,2.0,-1.0,-1.0,0.9996862798937005,0.9695950480857485,12.0,0.023449721137260016,0.015894835222833845,0.018908053093365913
3295.0,1.0,7.0,33550336.0,33550336.0,1.0,0.008963117833133232,0.010802021367097661,2442.0,0.0,-1.0,-1.0,0.9996862798937005,0.9695950480857485,13.0,0.023449721137260016,0.01587373749616935,0.01888641205701433
3296.0,1.0,5.0,33550336.0,33550336.0,1.0,0.008963117833133232,0.010802021367097663,2443.0,0.0,-1.0,-1.0,0.9996862798937005,0.9695950480857485,13.0,0.023449721137260016,0.015852639767732265,0.018864765546472467
3297.0,1.0,6.0,33550336.0,33550336.0,1.0,0.008963117833133232,0.010802021367097667,2444.0,1.0,-1.0,-1.0,0.9996862798937005,0.9695950480857485,14.0,0.023449721137260016,0.0158315420374447,0.018843113491439818
3298.0,1.0,9.0,33550336.0,33550336.0,1.0,0.008963117833133234,0.01080202136709767,2445.0,2.0,-1.0,-1.0,0.9996862798937005,0.9695950480857485,14.0,0.023449721137260016,0.01581044430522535,0.018821455820713033
3299.0,1.0,8.0,33550336.0,33550336.0,1.0,0.008963117833133236,0.010802021367097672,2446.0,0.0,-1.0,-1.0,0.9996862798937005,0.9695950480857485,15.0,0.023449721137260016,0.015789346570989328,0.018799792462174385
3300.0,1.0,7.0,33550336.0,33550336.0,1.0,0.008963117833133237,0.010802021367097674,2447.0,0.0,-1.0,-1.0,0.9996862798937005,0.9695950480857485,15.0,0.023449721137260016,0.01576824883464803,0.018778123342779972
3301.0,1.0,6.0,33550336.0,33550336.0,1.0,0.008963117833133237,0.010802021367097674,2448.0,0.0,-1.0,-1.0,0.9996862798937005,0.9695950480857485,16.0,0.023449721137260016,0.015747151096108948,0.018756448388547866
3302.0,1.0,6.0,33550336.0,33550336.0,1.0,0.008963117833133236,0.010802021367097674,2449.0,0.0,-1.0,-1.0,0.9996862798937005,0.9695950480857485,16.0,0.023449721137260016,0.01572605335527552,0.018734767524546045
3303.0,1.0,11.0,33550336.0,33550336.0,1.0,0.008963117833133236,0.010802021367097674,2450.0,0.0,-1.0,-1.0,0.9996862798937005,0.9695950480857485,16.0,0.023449721137260016,0.015704955612046937,0.0187130806748802
3304.0,1.0,8.0,33550336.0,33550336.0,1.0,0.008963117833133237,0.010802021367097677,2451.0,1.0,-1.0,-1.0,0.9996862798937005,0.9695950480857485,17.0,0.023449721137260016,0.015683857866317957,0.018691387762681366
3305.0,1.0,6.0,33550336.0,33550336.0,1.0,0.008963117833133237,0.01080202136709768,2452.0,2.0,-1.0,-1.0,0.9996862798937005,0.9695950480857485,17.0,0.023449721137260016,0.01566276011797871,0.018669688710093422
3306.0,1.0,5.0,33550336.0,33550336.0,1.0,0.008963117833133239,0.010802021367097682,2453.0,1.0,-1.0,-1.0,0.9996862798937005,0.9695950480857485,17.0,0.023449721137260016,0.015641662366914517,0.018647983438260393
3307.0,1.0,6.0,33550336.0,33550336.0,1.0,0.00896311783313324,0.010802021367097686,2454.0,0.0,-1.0,-1.0,0.9996862798937005,0.9695950480857485,18.0,0.023449721137260016,0.01562056461300564,0.01862627186731364
3308.0,1.0,3.0,33550336.0,33550336.0,1.0,0.008963117833133243,0.010802021367097688,2455.0,0.0,-1.0,-1.0,0.9996862798937005,0.9695950480857485,18.0,0.023449721137260016,0.015599466856127089,0.018604553916358815
3309.0,1.0,3.0,33550336.0,33550336.0,1.0,0.008963117833133244,0.010802021367097688,2456.0,2.0,-1.0,-1.0,0.9996862798937005,0.9695950480857485,18.0,0.023449721137260016,0.015578369096148379,0.01858282950346273
3310.0,1.0,8.0,33550336.0,33550336.0,1.0,0.008963117833133243,0.010802021367097688,2457.0,0.0,-1.0,-1.0,0.9996862798937005,0.9695950480857485,19.0,0.023449721137260016,0.015557271332933293,0.018561098545639976
3311.0,1.0,7.0,33550336.0,33550336.0,1.0,0.008963117833133243,0.010802021367097688,2458.0,1.0,-1.0,-1.0,0.9996862798937005,0.9695950480857485,19.0,0.023449721137260016,0.015536173566339632,0.018539360958839457
3312.0,1.0,5.0,33550336.0,33550336.0,1.0,0.008963117833133243,0.010802021367097688,2459.0,0.0,-1.0,-1.0,0.9996862798937005,0.9695950480857485,19.0,0.023449721137260016,0.015515075796218948,0.01851761665793065
3313.0,1.0,2.0,33550336.0,33550336.0,1.0,0.008963117833133243,0.010802021367097688,2460.0,1.0,-1.0,-1.0,0.9996862798937005,0.9695950480857485,20.0,0.023449721137260016,0.015493978022416267,0.0184958655566898
3314.0,1.0,4.0,33550336.0,33550336.0,1.0,0.008963117833133243,0.010802021367097688,2461.0,2.0,-1.0,-1.0,0.9996862798937005,0.9695950480857485,20.0,0.023449721137260016,0.015472880244769806,0.018474107567785815
3315.0,1.0,4.0,33550336.0,33550336.0,1.0,0.008963117833133244,0.010802021367097688,2462.0,0.0,-1.0,-1.0,0.9996862798937005,0.9695950480857485,20.0,0.023449721137260016,0.015451782463110679,0.01845234260276612
3316.0,1.0,7.0,33550336.0,33550336.0,1.0,0.008963117833133246,0.010802021367097688,2463.0,0.0,-1.0,-1.0,0.9996862798937005,0.9695950480857485,21.0,0.023449721137260016,0.015430684677262569,0.018430570572042188
3317.0,1.0,6.0,33550336.0,33550336.0,1.0,0.008963117833133246,0.010802021367097688,2464.0,0.0,-1.0,-1.0,0.9996862798937005,0.9695950480857485,21.0,0.023449721137260016,0.015409586887041422,0.018408791384874994
3318.0,1.0,7.0,33550336.0,33550336.0,1.0,0.008963117833133246,0.010802021367097688,2465.0,0.0,-1.0,-1.0,0.9996862798937005,0.9695950480857485,21.0,0.023449721137260016,0.01538848909225509,0.01838700494936022
3319.0,1.0,6.0,33550336.0,33550336.0,1.0,0.008963117833133246,0.010802021367097688,2466.0,1.0,-1.0,-1.0,0.9996862798937005,0.9695950480857485,21.0,0.023449721137260016,0.015367391292702991,0.0183652111724133
3320.0,1.0,6.0,33550336.0,33550336.0,1.0,0.008963117833133248,0.010802021367097688,2467.0,1.0,-1.0,-1.0,0.9996862798937005,0.9695950480857485,22.0,0.023449721137260016,0.015346293488175719,0.018343409959754264
3321.0,1.0,4.0,33550336.0,33550336.0,1.0,0.00896311783313325,0.010802021367097688,2468.0,0.0,-1.0,-1.0,0.9996862798937005,0.9695950480857485,22.0,0.023449721137260016,0.015325195678454676,0.01832160121589237
3322.0,1.0,8.0,33550336.0,33550336.0,1.0,0.00896311783313325,0.010802021367097688,2469.0,0.0,-1.0,-1.0,0.9996862798937005,0.9695950480857485,22.0,0.023449721137260016,0.015304097863311652,0.018299784844110573
3323.0,1.0,5.0,33550336.0,33550336.0,1.0,0.00896311783313325,0.010802021367097688,2470.0,1.0,-1.0,-1.0,0.9996862798937005,0.9695950480857485,22.0,0.023449721137260016,0.015283000042508415,0.018277960746449773
3324.0,1.0,9.0,33550336.0,33550336.0,1.0,0.00896311783313325,0.010802021367097688,2471.0,0.0,-1.0,-1.0,0.9996862798937005,0.9695950480857485,23.0,0.023449721137260016,0.01526190221579626,0.01825612882369286
3325.0,1.0,3.0,33550336.0,33550336.0,1.0,0.00896311783313325,0.010802021367097688,2472.0,0.0,-1.0,-1.0,0.9996862798937005,0.9695950480857485,23.0,0.023449721137260016,0.015240804382915562,0.018234288975348564
3326.0,1.0,8.0,33550336.0,33550336.0,1.0,0.008963117833133251,0.010802021367097688,2473.0,1.0,-1.0,-1.0,0.9996862798937005,0.9695950480857485,23.0,0.023449721137260016,0.015219706543595283,0.018212441099635077
3327.0,1.0,8.0,33550336.0,33550336.0,1.0,0.008963117833133251,0.010802021367097688,2474.0,1.0,-1.0,-1.0,0.9996862798937005,0.9695950480857485,23.0,0.023449721137260016,0.015198608697552476,0.018190585093463503
3328.0,1.0,11.0,33550336.0,33550336.0,1.0,0.008963117833133251,0.010802021367097688,2475.0,1.0,-1.0,-1.0,0.9996862798937005,0.9695950480857485,24.0,0.023449721137260016,0.015177510844491763,0.018168720852421053
3329.0,1.0,6.0,33550336.0,33550336.0,1.0,0.008963117833133253,0.010802021367097688,2476.0,0.0,-1.0,-1.0,0.9996862798937005,0.9695950480857485,24.0,0.023449721137260016,0.015156412984104792,0.018146848270754058
3330.0,1.0,4.0,33550336.0,33550336.0,1.0,0.008963117833133253,0.010802021367097688,2477.0,2.0,-1.0,-1.0,0.9996862798937005,0.9695950480857485,24.0,0.023449721137260016,0.015135315116069649,0.018124967241350726
3331.0,1.0,7.0,33550336.0,33550336.0,1.0,0.008963117833133253,0.010802021367097688,2478.0,0.0,-1.0,-1.0,0.9996862798937005,0.9695950480857485,24.0,0.023449721137260016,0.01511421724005029,0.018103077655723734
3332.0,1.0,1.0,33550336.0,33550336.0,1.0,0.008963117833133253,0.010802021367097688,2479.0,0.0,-1.0,-1.0,0.9996862798937005,0.9695950480857485,24.0,0.023449721137260016,0.015093119355695898,0.018081179403992537
3333.0,1.0,6.0,33550336.0,33550336.0,1.0,0.008963117833133253,0.010802021367097688,2480.0,3.0,-1.0,-1.0,0.9996862798937005,0.9695950480857485,25.0,0.023449721137260016,0.015072021462640247,0.018059272374865487
3334.0,1.0,11.0,33550336.0,33550336.0,1.0,0.008963117833133255,0.010802021367097688,2481.0,2.0,-1.0,-1.0,0.9996862798937005,0.9695950480857485,25.0,0.023449721137260016,0.015050923560501014,0.018037356455621704
3335.0,1.0,11.0,33550336.0,33550336.0,1.0,0.008963117833133255,0.010802021367097688,2482.0,0.0,-1.0,-1.0,0.9996862798937005,0.9695950480857485,25.0,0.023449721137260016,0.015029825648879083,0.018015431532092736
3336.0,1.0,4.0,33550336.0,33550336.0,1.0,0.008963117833133256,0.010802021367097688,2483.0,0.0,-1.0,-1.0,0.9996862798937005,0.9695950480857485,25.0,0.023449721137260016,0.015008727727357792,0.01799349748864395
3337.0,1.0,8.0,33550336.0,33550336.0,2.0,0.008963117833133256,0.010802021367097688,2484.0,2.0,-1.0,-1.0,0.9996862798937005,0.9695950480857485,25.0,0.023449721137260016,0.014987629795502179,0.017971554208155716
3339.0,2.0,15.0,33550336.0,33550336.0,2.0,0.00889517043585629,0.010731568753365842,2485.0,1.0,-1.0,-1.0,0.9993539822908061,0.939416337053971,12.0,0.023449721137260016,0.014857513981004135,0.0178370890204584
3341.0,2.0,10.0,33550336.0,33550336.0,2.0,0.008828607798365423,0.01066155797763816,2486.0,0.0,-1.0,-1.0,0.9993539616175972,0.9394694542828419,12.0,0.023449721137260016,0.014748769569587917,0.017723144520668692
3343.0,2.0,10.0,33550336.0,33550336.0,2.0,0.008762044189104742,0.010591547199716993,2487.0,1.0,-1.0,-1.0,0.9993539616164318,0.9394693794616078,12.0,0.023449721137260016,0.014640009987353155,0.01760916099373115
3345.0,2.0,12.0,33550336.0,33550336.0,2.0,0.008695480580128475,0.01052153642178284,2488.0,2.0,-1.0,-1.0,0.9993539616164316,0.9394693795582207,12.0,0.023449721137260016,0.014531250356060168,0.017495137575372258
3347.0,2.0,10.0,33550336.0,33550336.0,2.0,0.008628916971152291,0.010451525643847763,2489.0,2.0,-1.0,-1.0,0.9993539616164318,0.9394693795581006,12.0,0.023449721137260016,0.014422490666423104,0.017381073235003135
3349.0,2.0,15.0,33550336.0,33550336.0,2.0,0.00856235336217609,0.01038151486591174,2490.0,0.0,-1.0,-1.0,0.9993539616164318,0.9394693795581008,12.0,0.023449721137260016,0.014313730913200637,0.017266966914819406
3351.0,2.0,12.0,33550336.0,33550336.0,2.0,0.00849578975319987,0.010311504087974746,2491.0,3.0,-1.0,-1.0,0.9993539616164316,0.9394693795581008,12.0,0.023449721137260016,0.01420497109068231,0.01715281752967323
3353.0,2.0,6.0,33550336.0,33550336.0,2.0,0.008429226144223635,0.010241493310036758,2492.0,0.0,-1.0,-1.0,0.9993539616164318,0.9394693795581008,12.0,0.023449721137260016,0.01409621119264482,0.01703862396636647
3355.0,2.0,10.0,33550336.0,33550336.0,2.0,0.008362662535247378,0.010171482532097747,2493.0,0.0,-1.0,-1.0,0.9993539616164318,0.9394693795581008,12.0,0.023449721137260016,0.013987451212305966,0.016924385082925632
3357.0,2.0,9.0,33550336.0,33550336.0,2.0,0.008296098926271096,0.010101471754157688,2494.0,2.0,-1.0,-1.0,0.9993539616164316,0.9394693795581008,12.0,0.023449721137260016,0.013878691142274453,0.016810099707858028
3359.0,2.0,17.0,33550336.0,33550336.0,2.0,0.00822953531729479,0.010031460976216553,2495.0,1.0,-1.0,-1.0,0.9993539616164318,0.9394693795581008,12.0,0.023449721137260016,0.013769930974495189,0.016695766639388737
3361.0,2.0,9.0,33550336.0,33550336.0,2.0,0.008162971708318457,0.009961450198274317,2496.0,0.0,-1.0,-1.0,0.9993539616164318,0.9394693795581008,12.0,0.023449721137260016,0.013661170700189672,0.016581384644677816
3363.0,2.0,11.0,33550336.0,33550336.0,2.0,0.008096408099342096,0.009891439420330949,2497.0,1.0,-1.0,-1.0,0.9993539616164316,0.9394693795581008,12.0,0.023449721137260016,0.013552410309791027,0.01646695245901731
3365.0,2.0,4.0,33550336.0,33550336.0,2.0,0.008029844490365704,0.009821428642386418,2498.0,0.0,-1.0,-1.0,0.9993539616164318,0.9394693795581008,12.0,0.023449721137260016,0.013443649792873196,0.016352468785007474
3367.0,2.0,11.0,33550336.0,33550336.0,2.0,0.007963280881389279,0.009751417864440698,2499.0,0.0,-1.0,-1.0,0.9993539616164318,0.9394693795581008,12.0,0.023449721137260016,0.013334889138073782,0.01623793229171172
3369.0,2.0,14.0,33550336.0,33550336.0,2.0,0.007896717272412816,0.009681407086493756,2500.0,1.0,-1.0,-1.0,0.9993539616164316,0.9394693795581008,12.0,0.023449721137260016,0.013226128333009958,0.01612334161378971
3371.0,2.0,13.0,33550336.0,33550336.0,2.0,0.007830153663436312,0.00961139630854556,2501.0,1.0,-1.0,-1.0,0.9993539616164318,0.9394693795581008,12.0,0.023449721137260016,0.013117367364186824,0.016008695350608042
3373.0,2.0,14.0,33550336.0,33550336.0,2.0,0.007763590054459763,0.00954138553059608,2502.0,1.0,-1.0,-1.0,0.9993539616164318,0.9394693795581008,12.0,0.023449721137260016,0.01300860621689753,0.01589399206532796
3375.0,2.0,16.0,33550336.0,33550336.0,2.0,0.007697026445483165,0.00947137475264528,2503.0,0.0,-1.0,-1.0,0.9993539616164316,0.9394693795581008,12.0,0.023449721137260016,0.012899844875114443,0.01577923028396947
3377.0,2.0,7.0,33550336.0,33550336.0,2.0,0.007630462836506516,0.009401363974693128,2504.0,0.0,-1.0,-1.0,0.9993539616164318,0.9394693795581008,12.0,0.023449721137260016,0.012791083321370524,0.01566440849445125
3379.0,2.0,8.0,33550336.0,33550336.0,2.0,0.007563899227529808,0.009331353196739587,2505.0,0.0,-1.0,-1.0,0.9993539616164318,0.9394693795581008,12.0,0.023449721137260016,0.012682321536630056,0.015549525145605769
3381.0,2.0,7.0,33550336.0,33550336.0,2.0,0.007497335618553037,0.00926134241878462,2506.0,0.0,-1.0,-1.0,0.9993539616164316,0.9394693795581008,12.0,0.023449721137260016,0.012573559500147772,0.015434578646168946
3383.0,2.0,10.0,33550336.0,33550336.0,2.0,0.007430772009576197,0.009191331640828193,2507.0,1.0,-1.0,-1.0,0.9993539616164318,0.9394693795581008,12.0,0.023449721137260016,0.01246479718931532,0.015319567363743673
3385.0,2.0,12.0,33550336.0,33550336.0,2.0,0.0073642084005992835,0.009121320862870267,2508.0,1.0,-1.0,-1.0,0.9993539616164318,0.9394693795581008,12.0,0.023449721137260016,0.01235603457949394,0.015204489623736554
3387.0,2.0,14.0,33550336.0,33550336.0,2.0,0.007297644791622289,0.009051310084910804,2509.0,2.0,-1.0,-1.0,0.9993539616164316,0.9394693795581008,12.0,0.023449721137260016,0.012247271643832129,0.015089343708267169
3389.0,2.0,10.0,33550336.0,33550336.0,2.0,0.007231081182645206,0.008981299306949766,2510.0,1.0,-1.0,-1.0,0.9993539616164318,0.9394693795581008,12.0,0.023449721137260016,0.012138508353066903,0.014974127855049126
3391.0,2.0,10.0,33550336.0,33550336.0,2.0,0.007164517573668027,0.008911288528987111,2511.0,0.0,-1.0,-1.0,0.9993539616164318,0.9394693795581008,12.0,0.023449721137260016,0.012029744675307243,0.014858840256242208
3393.0,2.0,13.0,33550336.0,33550336.0,2.0,0.007097953964690742,0.008841277751022798,2512.0,0.0,-1.0,-1.0,0.9993539616164316,0.9394693795581008,12.0,0.023449721137260016,0.011920980575798072,0.014743479057274834
3395.0,2.0,7.0,33550336.0,33550336.0,2.0,0.0070313903557133435,0.008771266973056779,2513.0,2.0,-1.0,-1.0,0.9993539616164318,0.9394693795581008,12.0,0.023449721137260016,0.011812216016663032,0.014628042355636093
3397.0,2.0,17.0,33550336.0,33550336.0,2.0,0.006964826746735819,0.008701256195089015,2514.0,0.0,-1.0,-1.0,0.9993539616164318,0.9394693795581008,12.0,0.023449721137260016,0.011703450956624187,0.014512528199636537
3399.0,2.0,12.0,33550336.0,33550336.0,2.0,0.00689826313775816,0.00863124541711946,2515.0,1.0,-1.0,-1.0,0.9993539616164316,0.9394693795581008,12.0,0.023449721137260016,0.011594685350696517,0.014396934587136964
3401.0,2.0,15.0,33550336.0,33550336.0,2.0,0.006831699528780352,0.008561234639148067,2516.0,0.0,-1.0,-1.0,0.9993539616164318,0.9394693795581008,12.0,0.023449721137260016,0.011485919149855,0.014281259464244318
3403.0,2.0,14.0,33550336.0,33550336.0,2.0,0.006765135919802383,0.008491223861174789,2517.0,0.0,-1.0,-1.0,0.9993539616164318,0.9394693795581008,12.0,0.023449721137260016,0.011377152300671798,0.014165500723973889
3405.0,2.0,8.0,33550336.0,33550336.0,2.0,0.006698572310824237,0.008421213083199578,2518.0,0.0,-1.0,-1.0,0.9993539616164316,0.9394693795581008,12.0,0.023449721137260016,0.011268384744920831,0.014049656204876948
3407.0,2.0,11.0,33550336.0,33550336.0,2.0,0.006632008701845901,0.008351202305222382,2519.0,1.0,-1.0,-1.0,0.9993539616164318,0.9394693795581008,12.0,0.023449721137260016,0.011159616419146878,0.013933723689632867
3409.0,2.0,10.0,33550336.0,33550336.0,2.0,0.0065654450928673575,0.008281191527243152,2520.0,1.0,-1.0,-1.0,0.9993539616164318,0.9394693795581008,12.0,0.023449721137260016,0.011050847254195946,0.013817700903604891
3411.0,2.0,7.0,33550336.0,33550336.0,2.0,0.0064988814838885835,0.008211180749261832,2521.0,0.0,-1.0,-1.0,0.9993539616164316,0.9394693795581008,12.0,0.023449721137260016,0.01094207717470348,0.013701585513358547
3413.0,2.0,15.0,33550336.0,33550336.0,2.0,0.006432317874909561,0.00814116997127837,2522.0,1.0,-1.0,-1.0,0.9993539616164318,0.9394693795581008,12.0,0.023449721137260016,0.01083330609853661,0.013585375125141772
3415.0,2.0,9.0,33550336.0,33550336.0,2.0,0.00636575426593027,0.008071159193292713,2523.0,0.0,-1.0,-1.0,0.9993539616164318,0.9394693795581008,12.0,0.023449721137260016,0.010724533936186305,0.013469067283325739
3417.0,2.0,9.0,33550336.0,33550336.0,2.0,0.006299190656950685,0.0080011484153048,2524.0,0.0,-1.0,-1.0,0.9993539616164316,0.9394693795581008,12.0,0.023449721137260016,0.010615760590104929,0.013352659468805395
3419.0,2.0,15.0,33550336.0,33550336.0,2.0,0.006232627047970777,0.007931137637314577,2525.0,0.0,-1.0,-1.0,0.9993539616164318,0.9394693795581008,12.0,0.023449721137260016,0.010506985953984312,0.013236149097358643
3421.0,2.0,12.0,33550336.0,33550336.0,2.0,0.0061660634389905196,0.007861126859321981,2526.0,0.0,-1.0,-1.0,0.9993539616164318,0.9394693795581008,12.0,0.023449721137260016,0.01039820991196901,0.013119533517963113
3423.0,2.0,14.0,33550336.0,33550336.0,2.0,0.0060994998300098816,0.007791116081326951,2527.0,0.0,-1.0,-1.0,0.9993539616164316,0.9394693795581008,12.0,0.023449721137260016,0.010289432337798847,0.013002810011069423
3425.0,2.0,11.0,33550336.0,33550336.0,2.0,0.006032936221028827,0.007721105303329425,2528.0,0.0,-1.0,-1.0,0.9993539616164318,0.9394693795581008,12.0,0.023449721137260016,0.010180653093874528,0.01288597578682981
3427.0,2.0,10.0,33550336.0,33550336.0,2.0,0.005966372612047318,0.007651094525329338,2529.0,2.0,-1.0,-1.0,0.9993539616164318,0.9394693795581008,12.0,0.023449721137260016,0.010071872030239268,0.012769027983280966
3429.0,2.0,18.0,33550336.0,33550336.0,2.0,0.005899809003065316,0.007581083747326624,2530.0,0.0,-1.0,-1.0,0.9993539616164316,0.9394693795581008,12.0,0.023449721137260016,0.009963088983469023,0.012651963664479892
3431.0,2.0,12.0,33550336.0,33550336.0,2.0,0.005833245394082776,0.007511072969321214,2531.0,0.0,-1.0,-1.0,0.9993539616164318,0.9394693795581008,12.0,0.023449721137260016,0.009854303775463001,0.012534779818591593
3433.0,2.0,10.0,33550336.0,33550336.0,2.0,0.0057666817850996486,0.007441062191313042,2532.0,1.0,-1.0,-1.0,0.9993539616164318,0.9394693795581008,12.0,0.023449721137260016,0.009745516212125589,0.01241747335592732
3435.0,2.0,11.0,33550336.0,33550336.0,2.0,0.005700118176115881,0.007371051413302033,2533.0,0.0,-1.0,-1.0,0.9993539616164316,0.9394693795581008,12.0,0.023449721137260016,0.009636726081929897,0.0123000411069321
3437.0,2.0,10.0,33550336.0,33550336.0,2.0,0.005633554567131418,0.007301040635288113,2534.0,0.0,-1.0,-1.0,0.9993539616164318,0.9394693795581008,12.0,0.023449721137260016,0.00952793315435229,0.012182479820120256
3439.0,2.0,5.0,33550336.0,33550336.0,2.0,0.005566990958146196,0.007231029857271211,2535.0,0.0,-1.0,-1.0,0.9993539616164318,0.9394693795581008,12.0,0.023449721137260016,0.009419137178166337,0.012064786159957562
3441.0,2.0,10.0,33550336.0,33550336.0,2.0,0.0055004273491601465,0.007161019079251246,2536.0,0.0,-1.0,-1.0,0.9993539616164316,0.9394693795581008,12.0,0.023449721137260016,0.009310337879583538,0.011946956704688639
3443.0,2.0,12.0,33550336.0,33550336.0,2.0,0.005433863740173196,0.007091008301228141,2537.0,1.0,-1.0,-1.0,0.9993539616164318,0.9394693795581008,12.0,0.023449721137260016,0.00920153496022708,0.011828987944108214
3445.0,2.0,11.0,33550336.0,33550336.0,2.0,0.005367300131185262,0.007020997523201815,2538.0,1.0,-1.0,-1.0,0.9993539616164318,0.9394693795581008,12.0,0.023449721137260016,0.00909272809492361,0.011710876277274743
3447.0,2.0,10.0,33550336.0,33550336.0,2.0,0.005300736522196257,0.006950986745172184,2539.0,0.0,-1.0,-1.0,0.9993539616164316,0.9394693795581008,12.0,0.023449721137260016,0.00898391692929671,0.011592618010164943
3449.0,2.0,10.0,33550336.0,33550336.0,2.0,0.005234172913206086,0.006880975967139159,2540.0,0.0,-1.0,-1.0,0.9993539616164318,0.9394693795581008,12.0,0.023449721137260016,0.008875101077144232,0.011474209353267706
3451.0,2.0,12.0,33550336.0,33550336.0,2.0,0.005167609304214641,0.006810965189102656,2541.0,1.0,-1.0,-1.0,0.9993539616164318,0.9394693795581008,12.0,0.023449721137260016,0.008766280117580096,0.011355646419115805
3453.0,2.0,19.0,33550336.0,33550336.0,2.0,0.005101045695221811,0.006740954411062586,2542.0,0.0,-1.0,-1.0,0.9993539616164316,0.9394693795581008,12.0,0.023449721137260016,0.008657453591919417,0.01123692521975379
3455.0,2.0,7.0,33550336.0,33550336.0,2.0,0.0050344820862274695,0.006670943633018856,2543.0,0.0,-1.0,-1.0,0.9993539616164318,0.9394693795581008,12.0,0.023449721137260016,0.008548621000283875,0.011118041664140455
3457.0,2.0,10.0,33550336.0,33550336.0,2.0,0.004967918477231482,0.00660093285497137,2544.0,0.0,-1.0,-1.0,0.9993539616164318,0.9394693795581008,12.0,0.023449721137260016,0.008439781797902226,0.01099899155548413
3459.0,2.0,14.0,33550336.0,33550336.0,2.0,0.0049013548682337,0.006530922076920031,2545.0,0.0,-1.0,-1.0,0.9993539616164316,0.9394693795581008,12.0,0.023449721137260016,0.008330935391078577,0.010879770588509122
3461.0,2.0,12.0,33550336.0,33550336.0,2.0,0.004834791259233964,0.006460911298864743,2546.0,0.0,-1.0,-1.0,0.9993539616164318,0.9394693795581008,12.0,0.023449721137260016,0.008222081132798573,0.010760374346651471
3463.0,2.0,13.0,33550336.0,33550336.0,2.0,0.004768227650232096,0.0063909005208053985,2547.0,0.0,-1.0,-1.0,0.9993539616164318,0.9394693795581008,12.0,0.023449721137260016,0.00811321831794099,0.010640798299182236
3465.0,2.0,10.0,33550336.0,33550336.0,2.0,0.004701664041227906,0.006320889742741896,2548.0,1.0,-1.0,-1.0,0.9993539616164316,0.9394693795581008,12.0,0.023449721137260016,0.008004346178059285,0.01052103779825641
3467.0,2.0,14.0,33550336.0,33550336.0,2.0,0.004635100432221184,0.006250878964674126,2549.0,0.0,-1.0,-1.0,0.9993539616164318,0.9394693795581008,12.0,0.023449721137260016,0.007895463875694501,0.010401088075885547
3469.0,2.0,18.0,33550336.0,33550336.0,2.0,0.004568536823211705,0.006180868186601981,2550.0,1.0,-1.0,-1.0,0.9993539616164318,0.9394693795581008,12.0,0.023449721137260016,0.007786570498177428,0.010280944240832163
3471.0,2.0,12.0,33550336.0,33550336.0,2.0,0.004501973214199219,0.006110857408525347,2551.0,1.0,-1.0,-1.0,0.9993539616164316,0.9394693795581008,12.0,0.023449721137260016,0.00767766505087412,0.01016060127542381
3473.0,2.0,17.0,33550336.0,33550336.0,2.0,0.0044354096051834584,0.006040846630444106,2552.0,1.0,-1.0,-1.0,0.9993539616164318,0.9394693795581008,12.0,0.023449721137260016,0.007568746449824857,0.01004005403228484
3475.0,2.0,15.0,33550336.0,33550336.0,2.0,0.0043688459961641266,0.00597083585235814,2553.0,0.0,-1.0,-1.0,0.9993539616164318,0.9394693795581008,12.0,0.023449721137260016,0.007459813513721985,0.009919297230983667
3477.0,2.0,9.0,33550336.0,33550336.0,2.0,0.004302282387140905,0.005900825074267328,2554.0,0.0,-1.0,-1.0,0.9993539616164316,0.9394693795581008,12.0,0.023449721137260016,0.007350864955167333,0.009798325454593372
3479.0,2.0,12.0,33550336.0,33550336.0,2.0,0.004235718778113444,0.005830814296171542,2555.0,1.0,-1.0,-1.0,0.9993539616164318,0.9394693795581008,12.0,0.023449721137260016,0.0072418993711444585,0.00967713314616339
3481.0,2.0,15.0,33550336.0,33550336.0,2.0,0.004169155169081362,0.005760803518070656,2556.0,0.0,-1.0,-1.0,0.9993539616164318,0.9394693795581008,12.0,0.023449721137260016,0.007132915232635244,0.009555714605100001
3483.0,2.0,12.0,33550336.0,33550336.0,2.0,0.004102591560044243,0.005690792739964538,2557.0,1.0,-1.0,-1.0,0.9993539616164316,0.9394693795581008,12.0,0.023449721137260016,0.00702391087330397,0.009434063983453264
3485.0,2.0,11.0,33550336.0,33550336.0,2.0,0.004036027951001636,0.005620781961853051,2558.0,0.0,-1.0,-1.0,0.9993539616164318,0.9394693795581008,12.0,0.023449721137260016,0.006914884477165151,0.009312175282107961
3487.0,2.0,14.0,33550336.0,33550336.0,2.0,0.003969464341953048,0.005550771183736058,2559.0,1.0,-1.0,-1.0,0.9993539616164318,0.9394693795581008,12.0,0.023449721137260016,0.006805834065143811,0.009190042346876084
3489.0,2.0,18.0,33550336.0,33550336.0,2.0,0.003902900732897942,0.005480760405613416,2560.0,0.0,-1.0,-1.0,0.9993539616164316,0.9394693795581008,12.0,0.023449721137260016,0.006696757480428814,0.009067658864488315
3491.0,2.0,9.0,33550336.0,16773120.0,2.0,0.004007945526209105,0.005410749627484979,2561.0,1.0,2.0,2.0,0.9993539616164318,0.9394693795581008,12.0,0.023449721137260016,0.0067948705029444705,0.008945018358481896
3493.0,2.0,13.0,16773120.0,16773120.0,2.0,0.0039410571823047325,0.005340738849350598,2562.0,0.0,-1.0,-1.0,0.9993539616164318,0.9394693795581008,12.0,0.023449721137260016,0.00668524191046454,0.008822114184982183
3495.0,2.0,9.0,16773120.0,16773120.0,2.0,0.0038741688383909334,0.005270728071210118,2563.0,0.0,-1.0,-1.0,0.9993539616164316,0.9394693795581008,12.0,0.023449721137260016,0.006575569783820616,0.008698939528375183
3497.0,2.0,11.0,16773120.0,16773120.0,2.0,0.0038072804944669224,0.005200717293063381,2564.0,0.0,-1.0,-1.0,0.9993539616164318,0.9394693795581008,12.0,0.023449721137260016,0.006465850493251376,0.00857548739686821
3499.0,2.0,12.0,16773120.0,16773120.0,2.0,0.0037403921505318465,0.005130706514910228,2565.0,0.0,-1.0,-1.0,0.9993539616164318,0.9394693795581008,12.0,0.023449721137260016,0.006356080106355773,0.008451750617935792
3501.0,2.0,13.0,16773120.0,16773120.0,2.0,0.0036735038065847836,0.005060695736750491,2566.0,0.0,-1.0,-1.0,0.9993539616164316,0.9394693795581008,12.0,0.023449721137260016,0.00624625436285976,0.008327721833647867
3503.0,2.0,17.0,16773120.0,16773120.0,2.0,0.0036066154626247346,0.004990684958583999,2567.0,0.0,-1.0,-1.0,0.9993539616164318,0.9394693795581008,12.0,0.023449721137260016,0.0061363686472791085,0.008203393495877197
3505.0,2.0,18.0,16773120.0,16773120.0,2.0,0.0035397271186506166,0.00492067418041058,2568.0,1.0,-1.0,-1.0,0.9993539616164318,0.9394693795581008,12.0,0.023449721137260016,0.006026417959302954,0.008078757861382919
3507.0,2.0,15.0,16773120.0,16773120.0,2.0,0.0034728387746612564,0.004850663402230053,2569.0,1.0,-1.0,-1.0,0.9993539616164316,0.9394693795581008,12.0,0.023449721137260016,0.00591639688170798,0.007953806986766987
3509.0,2.0,7.0,16773120.0,16773120.0,2.0,0.003405950430655384,0.004780652624042234,2570.0,1.0,-1.0,-1.0,0.9993539616164318,0.9394693795581008,12.0,0.023449721137260016,0.005806299545597381,0.007828532723300268
3511.0,2.0,13.0,16773120.0,16773120.0,2.0,0.003339062086631621,0.004710641845846936,2571.0,0.0,-1.0,-1.0,0.9993539616164318,0.9394693795581008,12.0,0.023449721137260016,0.005696119592741545,0.007702926711614872
3513.0,2.0,15.0,16773120.0,16773120.0,2.0,0.003272173742588476,0.004640631067643964,2572.0,1.0,-1.0,-1.0,0.9993539616164316,0.9394693795581008,12.0,0.023449721137260016,0.005585850134778804,0.007576980376259298
3515.0,2.0,17.0,16773120.0,16773120.0,2.0,0.003205285398524335,0.0045706202894331225,2573.0,0.0,-1.0,-1.0,0.9993539616164318,0.9394693795581008,12.0,0.023449721137260016,0.005475483709014454,0.007450684920112822
3517.0,2.0,12.0,16773120.0,16773120.0,2.0,0.003138397054437445,0.004500609511214205,2574.0,0.0,-1.0,-1.0,0.9993539616164318,0.9394693795581008,12.0,0.023449721137260016,0.0053650122305344,0.007324031318655513
3519.0,2.0,8.0,16773120.0,16773120.0,2.0,0.003071508710325911,0.0044305987329870036,2575.0,1.0,-1.0,-1.0,0.9993539616164316,0.9394693795581008,12.0,0.023449721137260016,0.005254426940326197,0.00719701031409013
3521.0,2.0,8.0,16773120.0,16773120.0,2.0,0.0030046203661876774,0.004360587954751306,2576.0,1.0,-1.0,-1.0,0.9993539616164318,0.9394693795581008,12.0,0.023449721137260016,0.00514371834907453,0.007069612409312068
3523.0,2.0,13.0,16773120.0,16773120.0,2.0,0.0029377320220205175,0.004290577176506889,2577.0,0.0,-1.0,-1.0,0.9993539616164318,0.9394693795581008,12.0,0.023449721137260016,0.005032876176270541,0.006941827861723433
3525.0,2.0,10.0,16773120.0,16773120.0,2.0,0.002870843677822021,0.004220566398253531,2578.0,0.0,-1.0,-1.0,0.9993539616164316,0.9394693795581008,12.0,0.023449721137260016,0.0049218892842442345,0.006813646676887232
3527.0,2.0,10.0,16773120.0,16773120.0,2.0,0.0028039553335895743,0.004150555619990998,2579.0,1.0,-1.0,-1.0,0.9993539616164318,0.9394693795581008,12.0,0.023449721137260016,0.004810745606696689,0.006685058602017492
3529.0,2.0,11.0,16773120.0,16773120.0,2.0,0.0027370669893203464,0.004080544841719054,2580.0,1.0,-1.0,-1.0,0.9993539616164318,0.9394693795581008,12.0,0.023449721137260016,0.004699432071273491,0.006556053119301147
3531.0,2.0,13.0,16773120.0,16773120.0,2.0,0.002670178645011271,0.004010534063437456,2581.0,2.0,-1.0,-1.0,0.9993539616164316,0.9394693795581008,12.0,0.023449721137260016,0.004587934515682523,0.0064266194390472705
3533.0,2.0,13.0,16773120.0,16773120.0,2.0,0.0026032903006590257,0.003940523285145955,2582.0,1.0,-1.0,-1.0,0.9993539616164318,0.9394693795581008,12.0,0.023449721137260016,0.004476237596817902,0.006296746492659224
3535.0,2.0,6.0,16773120.0,16773120.0,2.0,0.002536401956260011,0.003870512506844294,2583.0,2.0,-1.0,-1.0,0.9993539616164318,0.9394693795581008,12.0,0.023449721137260016,0.004364324692306907,0.006166422925425158
3537.0,2.0,18.0,16773120.0,16773120.0,2.0,0.0024695136118103272,0.00380050172853221,2584.0,0.0,-1.0,-1.0,0.9993539616164316,0.9394693795581008,12.0,0.023449721137260016,0.00425217779384816,0.006035637089122129
3539.0,2.0,8.0,16773120.0,16773120.0,2.0,0.00240262526730575,0.003730490950209434,2585.0,0.0,-1.0,-1.0,0.9993539616164318,0.9394693795581008,12.0,0.023449721137260016,0.0041397773916566185,0.005904377034429061
3541.0,2.0,10.0,16773120.0,16773120.0,2.0,0.0023357369227417026,0.0036604801718756906,2586.0,0.0,-1.0,-1.0,0.9993539616164318,0.9394693795581008,12.0,0.023449721137260016,0.004027102349273922,0.005772630503143564
3543.0,2.0,14.0,16773120.0,16773120.0,2.0,0.0022688485781132265,0.0035904693935306944,2587.0,2.0,-1.0,-1.0,0.9993539616164316,0.9394693795581008,12.0,0.023449721137260016,0.003914129767940746,0.00564038492019759
3545.0,2.0,12.0,16773120.0,16773120.0,2.0,0.0022019602334149503,0.0035204586151741557,2588.0,3.0,-1.0,-1.0,0.9993539616164318,0.9394693795581008,12.0,0.023449721137260016,0.0038008348396609,0.005507627385466673
3547.0,2.0,8.0,16773120.0,16773120.0,2.0,0.0021350718886410536,0.003450447836805777,2589.0,1.0,-1.0,-1.0,0.9993539616164318,0.9394693795581008,12.0,0.023449721137260016,0.0036871906880142943,0.0053743446653674596
3549.0,2.0,19.0,16773120.0,16773120.0,2.0,0.0020681835437852307,0.0033804370584252516,2590.0,0.0,-1.0,-1.0,0.9993539616164316,0.9394693795581008,12.0,0.023449721137260016,0.003573168195697333,0.00524052318423804
3551.0,2.0,11.0,16773120.0,16773120.0,2.0,0.002001295198840652,0.0033104262800322656,2591.0,2.0,-1.0,-1.0,0.9993539616164318,0.9394693795581008,12.0,0.023449721137260016,0.0034587358176840816,0.005106149015495463
3553.0,2.0,8.0,16773120.0,16773120.0,2.0,0.0019344068537999171,0.0032404155016264955,2592.0,0.0,-1.0,-1.0,0.9993539616164318,0.9394693795581008,12.0,0.023449721137260016,0.0033438593788093175,0.004971207872564681
3555.0,2.0,7.0,16773120.0,16773120.0,2.0,0.0018675185086550084,0.0031704047232076118,2593.0,0.0,-1.0,-1.0,0.9993539616164316,0.9394693795581008,12.0,0.023449721137260016,0.003228501854474601,0.004835685099573014
3557.0,2.0,15.0,16773120.0,16773120.0,2.0,0.00180063016339724,0.003100393944775276,2594.0,1.0,-1.0,-1.0,0.9993539616164318,0.9394693795581008,12.0,0.023449721137260016,0.0031126231330702104,0.004699565661804074
3559.0,2.0,16.0,16773120.0,16773120.0,2.0,0.0017337418180172026,0.00303038316632914,2595.0,0.0,-1.0,-1.0,0.9993539616164318,0.9394693795581008,12.0,0.023449721137260016,0.002996179758588457,0.00456283413590493
3561.0,2.0,12.0,16773120.0,16773120.0,2.0,0.0016668534725047014,0.0029603723878688466,2596.0,0.0,-1.0,-1.0,0.9993539616164316,0.9394693795581008,12.0,0.023449721137260016,0.002879124651776791,0.00442547469984013
3563.0,2.0,14.0,16773120.0,16773120.0,2.0,0.0015999651268486913,0.00289036160939403,2597.0,1.0,-1.0,-1.0,0.9993539616164318,0.9394693795581008,12.0,0.023449721137260016,0.0027614068080414026,0.004287471122586053
3565.0,2.0,11.0,16773120.0,16773120.0,2.0,0.0015330767810372082,0.0028203508309043155,2598.0,2.0,-1.0,-1.0,0.9993539616164318,0.9394693795581008,12.0,0.023449721137260016,0.002642970970162849,0.0041488067535588565
3567.0,2.0,19.0,16773120.0,16773120.0,2.0,0.0014661884350572882,0.002750340052399317,2599.0,0.0,-1.0,-1.0,0.9993539616164316,0.9394693795581008,12.0,0.023449721137260016,0.0025237572737235765,0.004009464511769147
3569.0,2.0,14.0,16773120.0,16773120.0,2.0,0.001399300088894888,0.0026803292738786406,2600.0,0.0,-1.0,-1.0,0.9993539616164318,0.9394693795581008,12.0,0.023449721137260016,0.002403700862972157,0.0038694268746963115
3571.0,2.0,10.0,16773120.0,16773120.0,2.0,0.0013324117425347923,0.00261031849534188,2601.0,0.0,-1.0,-1.0,0.9993539616164318,0.9394693795581008,12.0,0.023449721137260016,0.002282731474659315,0.0037286758668752516
3573.0,2.0,9.0,16773120.0,16773120.0,2.0,0.001265523395960518,0.0025403077167886197,2602.0,2.0,-1.0,-1.0,0.9993539616164316,0.9394693795581008,12.0,0.023449721137260016,0.0021607729871753216,0.0035871930481880983
3575.0,2.0,13.0,16773120.0,16773120.0,2.0,0.0011986350491542078,0.0024702969382184334,2603.0,2.0,-1.0,-1.0,0.9993539616164318,0.9394693795581008,12.0,0.023449721137260016,0.002037742932095683,0.0034449595018532734
3577.0,2.0,10.0,16773120.0,16773120.0,2.0,0.001131746702096515,0.0024002861596308833,2604.0,1.0,-1.0,-1.0,0.9993539616164318,0.9394693795581008,12.0,0.023449721137260016,0.0019135519650008218,0.0033019558221040767
3579.0,2.0,10.0,16773120.0,16773120.0,2.0,0.0010648583547664798,0.0023302753810255207,2605.0,0.0,-1.0,-1.0,0.9993539616164316,0.9394693795581008,12.0,0.023449721137260016,0.0017881032921741266,0.003158162101548775
3581.0,2.0,11.0,16773120.0,16773120.0,2.0,0.0009979700071413955,0.002260264602401885,2606.0,0.0,-1.0,-1.0,0.9993539616164318,0.9394693795581008,12.0,0.023449721137260016,0.0016612920494996364,0.0030135579182039565
3583.0,2.0,11.0,16773120.0,16773120.0,2.0,0.0009310816591966614,0.0021902538237595043,2607.0,0.0,-1.0,-1.0,0.9993539616164318,0.9394693795581008,12.0,0.023449721137260016,0.0015330046295738784,0.0028681223221927116
3585.0,2.0,9.0,16773120.0,16773120.0,2.0,0.000864193310905626,0.0021202430450978937,2608.0,3.0,-1.0,-1.0,0.9993539616164316,0.9394693795581008,12.0,0.023449721137260016,0.0014031179527141111,0.0027218338220989634
3587.0,2.0,14.0,16773120.0,16773120.0,2.0,0.0007973049622394155,0.0020502322664165563,2609.0,0.0,-1.0,-1.0,0.9993539616164318,0.9394693795581008,13.0,0.023449721137260016,0.0012714986771851918,0.0025746703709690747
3589.0,2.0,15.0,16773120.0,16773120.0,2.0,0.0007304166131667493,0.001980221487714982,2610.0,0.0,-1.0,-1.0,0.9993539616164318,0.9394693795581008,16.0,0.023449721137260016,0.001138002343577293,0.002426609351951602
3591.0,2.0,11.0,16773120.0,16773120.0,2.0,0.0006635282636537375,0.0019102107089926477,2611.0,0.0,-1.0,-1.0,0.9993539616164316,0.9394693795581008,19.0,0.023449721137260016,0.0010024724478441347,0.0022776275635658524
3593.0,2.0,12.0,16773120.0,16773120.0,2.0,0.0005966399136636657,0.0018401999302490168,2612.0,0.0,-1.0,-1.0,0.9993539616164318,0.9394693795581008,21.0,0.023449721137260016,0.0008647394370536428,0.002127701204589636
3595.0,2.0,12.0,16773120.0,16773120.0,2.0,0.0005297515631567578,0.001770189151483539,2613.0,2.0,-1.0,-1.0,0.9993539616164318,0.9394693795581008,22.0,0.023449721137260016,0.0007246196214070015,0.0019768058585563873
3597.0,2.0,13.0,16773120.0,16773120.0,300.0,0.0004628632120899215,0.0017001783726956492,2614.0,0.0,-1.0,-1.0,0.9993539616164316,0.9394693795581008,24.0,0.023449721137260016,0.0005819139955447862,0.0018249164778515376
