time_s,previous_period_s,own_count,D_cell_mask_before,D_cell_mask_after,next_period_s,slack_min,slack_max,completed_passes,physical_pending_words_diagnostic_only,local_previous_set_period,local_refined_set_period,PrH_D3000,PrH_D30,last_blocking_node,knownD_slack_unused_for_unknown,remaining_risk_potential_min,remaining_risk_potential_max
1.0,1.0,3.0,4294967295.0,4294967295.0,1.0,0.0116506907766811,0.011999794786343276,1.0,1.0,-1.0,-1.0,0.9996937875984881,0.973020250443843,0.0,0.023273014391360716,0.08755900815402341,0.11725067853058153
2.0,1.0,5.0,4294967295.0,4294967295.0,1.0,0.011650690776681086,0.011999794786343262,2.0,0.0,-1.0,-1.0,0.9996862814050179,0.9695945739099199,0.0,0.023273014391360716,0.08753580945052679,0.11722705112787626
3.0,1.0,4.0,4294967295.0,4294967295.0,1.0,0.0116506907766811,0.011999794786343249,3.0,0.0,-1.0,-1.0,0.9996862798937447,0.9695950457303693,0.0,0.023273014391360716,0.08751480234602889,0.1172038577387159
4.0,1.0,3.0,4294967295.0,4294967295.0,1.0,0.011650690776681086,0.011999794786343249,4.0,2.0,-1.0,-1.0,0.9996862798937005,0.9695950480869249,0.0,0.023273014391360716,0.08749379494375376,0.11718066314933996
5.0,1.0,5.0,4294967295.0,4294967295.0,1.0,0.011650690776681072,0.011999794786343276,5.0,0.0,-1.0,-1.0,0.9996862798937005,0.9695950480857498,0.0,0.023273014391360716,0.08747278753996963,0.11715746727123927
6.0,1.0,6.0,4294967295.0,4294967295.0,1.0,0.011650690776681072,0.01199979478634329,6.0,1.0,-1.0,-1.0,0.9996862798937005,0.9695950480857484,0.0,0.023273014391360716,0.08745178013618628,0.11713427010355182
7.0,1.0,7.0,4294967295.0,4294967295.0,1.0,0.011650690776681072,0.01199979478634329,7.0,0.0,-1.0,-1.0,0.9996862798937005,0.9695950480857485,0.0,0.023273014391360716,0.08743077273240292,0.11711107164541762
8.0,1.0,3.0,4294967295.0,4294967295.0,1.0,0.011650690776681058,0.01199979478634329,8.0,1.0,-1.0,-1.0,0.9996862798937005,0.9695950480857485,0.0,0.023273014391360716,0.08740976532861956,0.11708787189597608
9.0,1.0,7.0,4294967295.0,4294967295.0,1.0,0.011650690776681058,0.011999794786343304,9.0,1.0,-1.0,-1.0,0.9996862798937005,0.9695950480857485,0.0,0.023273014391360716,0.08738875792483619,0.11706467085436602
10.0,1.0,6.0,4294967295.0,4294967295.0,1.0,0.011650690776681058,0.01199979478634329,10.0,1.0,-1.0,-1.0,0.9996862798937005,0.9695950480857485,0.0,0.023273014391360716,0.08736775052105282,0.11704146851972573
11.0,1.0,6.0,4294967295.0,4294967295.0,1.0,0.011650690776681044,0.01199979478634329,11.0,0.0,-1.0,-1.0,0.9996862798937005,0.9695950480857485,0.0,0.023273014391360716,0.08734674311726943,0.1170182648911929
12.0,1.0,4.0,4294967295.0,4294967295.0,1.0,0.011650690776681044,0.011999794786343318,12.0,2.0,-1.0,-1.0,0.9996862798937005,0.9695950480857485,0.0,0.023273014391360716,0.08732573571348609,0.11699505996790462
13.0,1.0,9.0,4294967295.0,4294967295.0,1.0,0.011650690776681044,0.011999794786343318,13.0,1.0,-1.0,-1.0,0.9996862798937005,0.9695950480857485,0.0,0.023273014391360716,0.08730472830970272,0.11697185374899745
14.0,1.0,9.0,4294967295.0,4294967295.0,1.0,0.011650690776681044,0.011999794786343318,14.0,0.0,-1.0,-1.0,0.9996862798937005,0.9695950480857485,0.0,0.023273014391360716,0.08728372090591936,0.11694864623360737
15.0,1.0,7.0,4294967295.0,4294967295.0,1.0,0.011650690776681044,0.011999794786343332,15.0,0.0,-1.0,-1.0,0.9996862798937005,0.9695950480857485,0.0,0.023273014391360716,0.08726271350213598,0.11692543742086975
16.0,1.0,2.0,4294967295.0,4294967295.0,1.0,0.01165069077668103,0.011999794786343318,16.0,0.0,-1.0,-1.0,0.9996862798937005,0.9695950480857485,0.0,0.023273014391360716,0.0872417060983526,0.11690222730991941
17.0,1.0,4.0,4294967295.0,4294967295.0,1.0,0.011650690776681016,0.011999794786343304,17.0,0.0,-1.0,-1.0,0.9996862798937005,0.9695950480857485,0.0,0.023273014391360716,0.08722069869456923,0.1168790158998906
18.0,1.0,3.0,4294967295.0,4294967295.0,1.0,0.011650690776681016,0.011999794786343332,18.0,1.0,-1.0,-1.0,0.9996862798937005,0.9695950480857485,0.0,0.023273014391360716,0.08719969129078588,0.11685580318991695
19.0,1.0,8.0,4294967295.0,4294967295.0,1.0,0.011650690776681016,0.011999794786343332,19.0,0.0,-1.0,-1.0,0.9996862798937005,0.9695950480857485,0.0,0.023273014391360716,0.0871786838870025,0.11683258917913157
20.0,1.0,6.0,4294967295.0,4294967295.0,1.0,0.011650690776681016,0.011999794786343332,20.0,1.0,-1.0,-1.0,0.9996862798937005,0.9695950480857485,0.0,0.023273014391360716,0.08715767648321913,0.11680937386666695
21.0,1.0,12.0,4294967295.0,4294967295.0,1.0,0.011650690776681016,0.011999794786343346,21.0,0.0,-1.0,-1.0,0.9996862798937005,0.9695950480857485,0.0,0.023273014391360716,0.08713666907943579,0.11678615725165502
22.0,1.0,8.0,4294967295.0,4294967295.0,1.0,0.011650690776681016,0.011999794786343332,22.0,1.0,-1.0,-1.0,0.9996862798937005,0.9695950480857485,0.0,0.023273014391360716,0.08711566167565243,0.11676293933322712
23.0,1.0,5.0,4294967295.0,4294967295.0,1.0,0.011650690776681016,0.011999794786343318,23.0,1.0,-1.0,-1.0,0.9996862798937005,0.9695950480857485,0.0,0.023273014391360716,0.08709465427186908,0.11673972011051402
24.0,1.0,6.0,4294967295.0,4294967295.0,1.0,0.011650690776681016,0.011999794786343332,24.0,1.0,-1.0,-1.0,0.9996862798937005,0.9695950480857485,0.0,0.023273014391360716,0.0870736468680857,0.11671649958264589
25.0,1.0,7.0,4294967295.0,4294967295.0,1.0,0.011650690776681003,0.011999794786343332,25.0,1.0,-1.0,-1.0,0.9996862798937005,0.9695950480857485,0.0,0.023273014391360716,0.08705263946430233,0.11669327774875236
26.0,1.0,2.0,4294967295.0,4294967295.0,1.0,0.011650690776681003,0.011999794786343332,26.0,0.0,-1.0,-1.0,0.9996862798937005,0.9695950480857485,0.0,0.023273014391360716,0.08703163206051899,0.11667005460796244
27.0,1.0,6.0,4294967295.0,4294967295.0,1.0,0.011650690776681003,0.011999794786343346,27.0,0.0,-1.0,-1.0,0.9996862798937005,0.9695950480857485,0.0,0.023273014391360716,0.08701062465673563,0.1166468301594046
28.0,1.0,4.0,4294967295.0,4294967295.0,1.0,0.011650690776681003,0.011999794786343346,28.0,0.0,-1.0,-1.0,0.9996862798937005,0.9695950480857485,0.0,0.023273014391360716,0.08698961725295226,0.11662360440220666
29.0,1.0,7.0,4294967295.0,4294967295.0,1.0,0.011650690776681003,0.011999794786343332,29.0,0.0,-1.0,-1.0,0.9996862798937005,0.9695950480857485,0.0,0.023273014391360716,0.08696860984916889,0.11660037733549593
30.0,1.0,12.0,4294967295.0,4294967295.0,1.0,0.011650690776681003,0.011999794786343332,30.0,0.0,-1.0,-1.0,0.9996862798937005,0.9695950480857485,0.0,0.023273014391360716,0.08694760244538553,0.11657714895839912
31.0,1.0,6.0,4294967295.0,4294967295.0,1.0,0.011650690776681003,0.011999794786343332,31.0,0.0,-1.0,-1.0,0.9996862798937005,0.9695950480857485,0.0,0.023273014391360716,0.08692659504160218,0.11655391927004233
32.0,1.0,4.0,4294967295.0,4294967295.0,1.0,0.011650690776681003,0.011999794786343332,32.0,1.0,-1.0,-1.0,0.9996862798937005,0.9695950480857485,0.0,0.023273014391360716,0.0869055876378188,0.1165306882695511
33.0,1.0,5.0,4294967295.0,4294967295.0,1.0,0.011650690776681003,0.011999794786343346,33.0,0.0,-1.0,-1.0,0.9996862798937005,0.9695950480857485,0.0,0.023273014391360716,0.08688458023403543,0.11650745595605039
34.0,1.0,8.0,4294967295.0,4294967295.0,1.0,0.011650690776680989,0.01199979478634336,34.0,0.0,-1.0,-1.0,0.9996862798937005,0.9695950480857485,0.0,0.023273014391360716,0.08686357283025205,0.11648422232866454
35.0,1.0,6.0,4294967295.0,4294967295.0,1.0,0.011650690776680989,0.011999794786343346,35.0,1.0,-1.0,-1.0,0.9996862798937005,0.9695950480857485,0.0,0.023273014391360716,0.0868425654264687,0.11646098738651739
36.0,1.0,5.0,4294967295.0,4294967295.0,1.0,0.011650690776680989,0.011999794786343346,36.0,0.0,-1.0,-1.0,0.9996862798937005,0.9695950480857485,0.0,0.023273014391360716,0.08682155802268533,0.11643775112873211
37.0,1.0,6.0,4294967295.0,4294967295.0,1.0,0.011650690776680989,0.011999794786343346,37.0,3.0,-1.0,-1.0,0.9996862798937005,0.9695950480857485,0.0,0.023273014391360716,0.08680055061890198,0.1164145135544313
38.0,1.0,9.0,4294967295.0,4294967295.0,1.0,0.011650690776680989,0.011999794786343346,38.0,2.0,-1.0,-1.0,0.9996862798937005,0.9695950480857485,0.0,0.023273014391360716,0.08677954321511859,0.116391274662737
39.0,1.0,10.0,4294967295.0,4294967295.0,1.0,0.011650690776680989,0.01199979478634336,39.0,0.0,-1.0,-1.0,0.9996862798937005,0.9695950480857485,0.0,0.023273014391360716,0.08675853581133525,0.11636803445277065
40.0,1.0,4.0,4294967295.0,4294967295.0,1.0,0.011650690776680989,0.011999794786343373,40.0,0.0,-1.0,-1.0,0.9996862798937005,0.9695950480857485,0.0,0.023273014391360716,0.08673752840755189,0.11634479292365314
41.0,1.0,3.0,4294967295.0,4294967295.0,1.0,0.011650690776680989,0.011999794786343373,41.0,0.0,-1.0,-1.0,0.9996862798937005,0.9695950480857485,0.0,0.023273014391360716,0.08671652100376853,0.11632155007450472
42.0,1.0,5.0,4294967295.0,4294967295.0,1.0,0.011650690776680989,0.011999794786343373,42.0,0.0,-1.0,-1.0,0.9996862798937005,0.9695950480857485,0.0,0.023273014391360716,0.08669551359998516,0.11629830590444505
43.0,1.0,9.0,4294967295.0,4294967295.0,1.0,0.011650690776680975,0.011999794786343387,43.0,0.0,-1.0,-1.0,0.9996862798937005,0.9695950480857485,0.0,0.023273014391360716,0.08667450619620179,0.11627506041259328
44.0,1.0,2.0,4294967295.0,4294967295.0,1.0,0.011650690776680975,0.011999794786343387,44.0,1.0,-1.0,-1.0,0.9996862798937005,0.9695950480857485,0.0,0.023273014391360716,0.08665349879241845,0.11625181359806788
45.0,1.0,5.0,4294967295.0,4294967295.0,1.0,0.011650690776680975,0.011999794786343401,45.0,0.0,-1.0,-1.0,0.9996862798937005,0.9695950480857485,0.0,0.023273014391360716,0.08663249138863509,0.1162285654599868
46.0,1.0,3.0,4294967295.0,4294967295.0,1.0,0.011650690776680975,0.011999794786343415,46.0,0.0,-1.0,-1.0,0.9996862798937005,0.9695950480857485,0.0,0.023273014391360716,0.08661148398485173,0.11620531599746736
47.0,1.0,4.0,4294967295.0,4294967295.0,1.0,0.011650690776680975,0.011999794786343415,47.0,1.0,-1.0,-1.0,0.9996862798937005,0.9695950480857485,0.0,0.023273014391360716,0.08659047658106835,0.11618206520962632
48.0,1.0,7.0,4294967295.0,4294967295.0,1.0,0.011650690776680961,0.011999794786343429,48.0,0.0,-1.0,-1.0,0.9996862798937005,0.9695950480857485,0.0,0.023273014391360716,0.08656946917728497,0.11615881309557982
49.0,1.0,9.0,4294967295.0,4294967295.0,1.0,0.011650690776680961,0.011999794786343443,49.0,1.0,-1.0,-1.0,0.9996862798937005,0.9695950480857485,0.0,0.023273014391360716,0.08654846177350162,0.11613555965444346
50.0,1.0,6.0,4294967295.0,4294967295.0,1.0,0.011650690776680961,0.011999794786343429,50.0,0.0,-1.0,-1.0,0.9996862798937005,0.9695950480857485,0.0,0.023273014391360716,0.08652745436971826,0.11611230488533217
51.0,1.0,6.0,4294967295.0,4294967295.0,1.0,0.011650690776680961,0.011999794786343443,51.0,0.0,-1.0,-1.0,0.9996862798937005,0.9695950480857485,0.0,0.023273014391360716,0.08650644696593489,0.11608904878736037
52.0,1.0,5.0,4294967295.0,4294967295.0,1.0,0.011650690776680961,0.01199979478634347,52.0,1.0,-1.0,-1.0,0.9996862798937005,0.9695950480857485,0.0,0.023273014391360716,0.08648543956215152,0.11606579135964186
53.0,1.0,4.0,4294967295.0,4294967295.0,1.0,0.011650690776680961,0.01199979478634347,53.0,1.0,-1.0,-1.0,0.9996862798937005,0.9695950480857485,0.0,0.023273014391360716,0.08646443215836816,0.11604253260128984
54.0,1.0,7.0,4294967295.0,4294967295.0,1.0,0.011650690776680961,0.011999794786343485,54.0,0.0,-1.0,-1.0,0.9996862798937005,0.9695950480857485,0.0,0.023273014391360716,0.0864434247545848,0.11601927251141693
55.0,1.0,7.0,4294967295.0,4294967295.0,1.0,0.011650690776680961,0.011999794786343498,55.0,1.0,-1.0,-1.0,0.9996862798937005,0.9695950480857485,0.0,0.023273014391360716,0.08642241735080143,0.11599601108913513
56.0,1.0,9.0,4294967295.0,4294967295.0,1.0,0.011650690776680961,0.011999794786343485,56.0,0.0,-1.0,-1.0,0.9996862798937005,0.9695950480857485,0.0,0.023273014391360716,0.08640140994701806,0.11597274833355589
57.0,1.0,6.0,4294967295.0,4294967295.0,1.0,0.011650690776680947,0.011999794786343485,57.0,0.0,-1.0,-1.0,0.9996862798937005,0.9695950480857485,0.0,0.023273014391360716,0.08638040254323469,0.11594948424379005
58.0,1.0,2.0,4294967295.0,4294967295.0,1.0,0.011650690776680947,0.011999794786343512,58.0,0.0,-1.0,-1.0,0.9996862798937005,0.9695950480857485,0.0,0.023273014391360716,0.08635939513945134,0.11592621881894782
59.0,1.0,8.0,4294967295.0,4294967295.0,1.0,0.011650690776680947,0.011999794786343512,59.0,0.0,-1.0,-1.0,0.9996862798937005,0.9695950480857485,0.0,0.023273014391360716,0.08633838773566799,0.1159029520581389
60.0,1.0,4.0,4294967295.0,4294967295.0,1.0,0.011650690776680947,0.011999794786343512,60.0,0.0,-1.0,-1.0,0.9996862798937005,0.9695950480857485,0.0,0.023273014391360716,0.08631738033188463,0.11587968396047235
61.0,1.0,5.0,4294967295.0,4294967295.0,1.0,0.011650690776680947,0.01199979478634354,61.0,0.0,-1.0,-1.0,0.9996862798937005,0.9695950480857485,0.0,0.023273014391360716,0.08629637292810126,0.11585641452505663
62.0,1.0,2.0,4294967295.0,4294967295.0,1.0,0.011650690776680947,0.011999794786343526,62.0,0.0,-1.0,-1.0,0.9996862798937005,0.9695950480857485,0.0,0.023273014391360716,0.0862753655243179,0.11583314375099958
63.0,1.0,4.0,4294967295.0,4294967295.0,1.0,0.011650690776680933,0.011999794786343512,63.0,0.0,-1.0,-1.0,0.9996862798937005,0.9695950480857485,0.0,0.023273014391360716,0.08625435812053454,0.1158098716374085
64.0,1.0,8.0,4294967295.0,4294967295.0,1.0,0.011650690776680947,0.01199979478634354,64.0,1.0,-1.0,-1.0,0.9996862798937005,0.9695950480857485,0.0,0.023273014391360716,0.08623335071675119,0.11578659818339006
65.0,1.0,11.0,4294967295.0,4294967295.0,1.0,0.011650690776680947,0.01199979478634354,65.0,0.0,-1.0,-1.0,0.9996862798937005,0.9695950480857485,0.0,0.023273014391360716,0.08621234331296782,0.11576332338805033
66.0,1.0,4.0,4294967295.0,4294967295.0,1.0,0.011650690776680933,0.01199979478634354,66.0,1.0,-1.0,-1.0,0.9996862798937005,0.9695950480857485,0.0,0.023273014391360716,0.08619133590918443,0.11574004725049483
67.0,1.0,8.0,4294967295.0,4294967295.0,1.0,0.011650690776680933,0.011999794786343568,67.0,0.0,-1.0,-1.0,0.9996862798937005,0.9695950480857485,0.0,0.023273014391360716,0.08617032850540109,0.11571676976982845
68.0,1.0,2.0,4294967295.0,4294967295.0,1.0,0.011650690776680933,0.011999794786343568,68.0,2.0,-1.0,-1.0,0.9996862798937005,0.9695950480857485,0.0,0.023273014391360716,0.08614932110161772,0.11569349094515546
69.0,1.0,8.0,4294967295.0,4294967295.0,1.0,0.011650690776680933,0.011999794786343554,69.0,1.0,-1.0,-1.0,0.9996862798937005,0.9695950480857485,0.0,0.023273014391360716,0.08612831369783436,0.11567021077557957
70.0,1.0,8.0,4294967295.0,4294967295.0,1.0,0.011650690776680933,0.011999794786343568,70.0,0.0,-1.0,-1.0,0.9996862798937005,0.9695950480857485,0.0,0.023273014391360716,0.08610730629405097,0.11564692926020387
71.0,1.0,8.0,4294967295.0,4294967295.0,1.0,0.01165069077668092,0.011999794786343568,71.0,0.0,-1.0,-1.0,0.9996862798937005,0.9695950480857485,0.0,0.023273014391360716,0.0860862988902676,0.11562364639813086
72.0,1.0,6.0,4294967295.0,4294967295.0,1.0,0.011650690776680905,0.011999794786343568,72.0,1.0,-1.0,-1.0,0.9996862798937005,0.9695950480857485,0.0,0.023273014391360716,0.08606529148648423,0.11560036218846245
73.0,1.0,6.0,4294967295.0,4294967295.0,1.0,0.011650690776680905,0.011999794786343596,73.0,1.0,-1.0,-1.0,0.9996862798937005,0.9695950480857485,0.0,0.023273014391360716,0.08604428408270087,0.11557707663029997
74.0,1.0,7.0,4294967295.0,4294967295.0,1.0,0.011650690776680905,0.011999794786343596,74.0,0.0,-1.0,-1.0,0.9996862798937005,0.9695950480857485,0.0,0.023273014391360716,0.08602327667891752,0.11555378972274406
75.0,1.0,7.0,4294967295.0,4294967295.0,1.0,0.011650690776680905,0.011999794786343582,75.0,1.0,-1.0,-1.0,0.9996862798937005,0.9695950480857485,0.0,0.023273014391360716,0.08600226927513414,0.11553050146489488
76.0,1.0,6.0,4294967295.0,4294967295.0,1.0,0.011650690776680905,0.011999794786343596,76.0,0.0,-1.0,-1.0,0.9996862798937005,0.9695950480857485,0.0,0.023273014391360716,0.0859812618713508,0.11550721185585192
77.0,1.0,8.0,4294967295.0,4294967295.0,1.0,0.011650690776680905,0.011999794786343596,77.0,0.0,-1.0,-1.0,0.9996862798937005,0.9695950480857485,0.0,0.023273014391360716,0.08596025446756744,0.11548392089471407
78.0,1.0,4.0,4294967295.0,4294967295.0,1.0,0.011650690776680905,0.011999794786343596,78.0,0.0,-1.0,-1.0,0.9996862798937005,0.9695950480857485,0.0,0.023273014391360716,0.08593924706378409,0.11546062858057965
79.0,1.0,4.0,4294967295.0,4294967295.0,1.0,0.011650690776680905,0.011999794786343623,79.0,1.0,-1.0,-1.0,0.9996862798937005,0.9695950480857485,0.0,0.023273014391360716,0.08591823966000071,0.11543733491254636
80.0,1.0,7.0,4294967295.0,4294967295.0,1.0,0.011650690776680891,0.011999794786343623,80.0,3.0,-1.0,-1.0,0.9996862798937005,0.9695950480857485,0.0,0.023273014391360716,0.08589723225621734,0.11541403988971127
81.0,1.0,9.0,4294967295.0,4294967295.0,1.0,0.011650690776680891,0.011999794786343623,81.0,0.0,-1.0,-1.0,0.9996862798937005,0.9695950480857485,0.0,0.023273014391360716,0.08587622485243399,0.11539074351117089
82.0,1.0,5.0,4294967295.0,4294967295.0,1.0,0.011650690776680891,0.011999794786343637,82.0,0.0,-1.0,-1.0,0.9996862798937005,0.9695950480857485,0.0,0.023273014391360716,0.08585521744865063,0.11536744577602114
83.0,1.0,5.0,4294967295.0,4294967295.0,1.0,0.011650690776680891,0.011999794786343623,83.0,1.0,-1.0,-1.0,0.9996862798937005,0.9695950480857485,0.0,0.023273014391360716,0.08583421004486726,0.1153441466833573
84.0,1.0,4.0,4294967295.0,4294967295.0,1.0,0.011650690776680891,0.011999794786343623,84.0,1.0,-1.0,-1.0,0.9996862798937005,0.9695950480857485,0.0,0.023273014391360716,0.08581320264108389,0.11532084623227407
85.0,1.0,5.0,4294967295.0,4294967295.0,1.0,0.011650690776680878,0.011999794786343651,85.0,0.0,-1.0,-1.0,0.9996862798937005,0.9695950480857485,0.0,0.023273014391360716,0.08579219523730051,0.11529754442186552
86.0,1.0,6.0,4294967295.0,4294967295.0,1.0,0.011650690776680878,0.011999794786343651,86.0,1.0,-1.0,-1.0,0.9996862798937005,0.9695950480857485,0.0,0.023273014391360716,0.08577118783351716,0.11527424125122512
87.0,1.0,7.0,4294967295.0,4294967295.0,1.0,0.011650690776680878,0.011999794786343651,87.0,1.0,-1.0,-1.0,0.9996862798937005,0.9695950480857485,0.0,0.023273014391360716,0.08575018042973379,0.11525093671944577
88.0,1.0,5.0,4294967295.0,4294967295.0,1.0,0.011650690776680878,0.011999794786343665,88.0,0.0,-1.0,-1.0,0.9996862798937005,0.9695950480857485,0.0,0.023273014391360716,0.08572917302595041,0.11522763082561972
89.0,1.0,7.0,4294967295.0,4294967295.0,1.0,0.011650690776680864,0.011999794786343651,89.0,0.0,-1.0,-1.0,0.9996862798937005,0.9695950480857485,0.0,0.023273014391360716,0.08570816562216703,0.11520432356883867
90.0,1.0,6.0,4294967295.0,4294967295.0,1.0,0.011650690776680864,0.011999794786343637,90.0,0.0,-1.0,-1.0,0.9996862798937005,0.9695950480857485,0.0,0.023273014391360716,0.08568715821838369,0.11518101494819365
91.0,1.0,2.0,4294967295.0,4294967295.0,1.0,0.011650690776680864,0.011999794786343651,91.0,1.0,-1.0,-1.0,0.9996862798937005,0.9695950480857485,0.0,0.023273014391360716,0.08566615081460031,0.11515770496277511
92.0,1.0,11.0,4294967295.0,4294967295.0,1.0,0.011650690776680864,0.011999794786343651,92.0,0.0,-1.0,-1.0,0.9996862798937005,0.9695950480857485,0.0,0.023273014391360716,0.08564514341081696,0.11513439361167291
93.0,1.0,6.0,4294967295.0,4294967295.0,1.0,0.011650690776680864,0.011999794786343651,93.0,2.0,-1.0,-1.0,0.9996862798937005,0.9695950480857485,0.0,0.023273014391360716,0.08562413600703359,0.1151110808939763
94.0,1.0,9.0,4294967295.0,4294967295.0,1.0,0.01165069077668085,0.011999794786343665,94.0,1.0,-1.0,-1.0,0.9996862798937005,0.9695950480857485,0.0,0.023273014391360716,0.08560312860325023,0.1150877668087739
95.0,1.0,4.0,4294967295.0,4294967295.0,1.0,0.01165069077668085,0.011999794786343651,95.0,0.0,-1.0,-1.0,0.9996862798937005,0.9695950480857485,0.0,0.023273014391360716,0.08558212119946687,0.11506445135515375
96.0,1.0,14.0,4294967295.0,4294967295.0,1.0,0.01165069077668085,0.011999794786343637,96.0,0.0,-1.0,-1.0,0.9996862798937005,0.9695950480857485,0.0,0.023273014391360716,0.08556111379568351,0.11504113453220326
97.0,1.0,3.0,4294967295.0,4294967295.0,1.0,0.01165069077668085,0.011999794786343651,97.0,0.0,-1.0,-1.0,0.9996862798937005,0.9695950480857485,0.0,0.023273014391360716,0.08554010639190014,0.11501781633900925
98.0,1.0,5.0,4294967295.0,4294967295.0,1.0,0.011650690776680836,0.011999794786343665,98.0,0.0,-1.0,-1.0,0.9996862798937005,0.9695950480857485,0.0,0.023273014391360716,0.08551909898811677,0.11499449677465787
99.0,1.0,3.0,4294967295.0,4294967295.0,1.0,0.011650690776680836,0.011999794786343665,99.0,0.0,-1.0,-1.0,0.9996862798937005,0.9695950480857485,0.0,0.023273014391360716,0.08549809158433343,0.11497117583823477
100.0,1.0,8.0,4294967295.0,4294967295.0,1.0,0.011650690776680836,0.011999794786343679,100.0,1.0,-1.0,-1.0,0.9996862798937005,0.9695950480857485,0.0,0.023273014391360716,0.08547708418055006,0.1149478535288249
101.0,1.0,8.0,4294967295.0,4294967295.0,1.0,0.011650690776680836,0.011999794786343693,101.0,0.0,-1.0,-1.0,0.9996862798937005,0.9695950480857485,0.0,0.023273014391360716,0.0854560767767667,0.11492452984551263
102.0,1.0,6.0,4294967295.0,4294967295.0,1.0,0.011650690776680836,0.011999794786343679,102.0,2.0,-1.0,-1.0,0.9996862798937005,0.9695950480857485,0.0,0.023273014391360716,0.08543506937298331,0.11490120478738174
103.0,1.0,8.0,4294967295.0,4294967295.0,1.0,0.011650690776680822,0.011999794786343679,103.0,0.0,-1.0,-1.0,0.9996862798937005,0.9695950480857485,0.0,0.023273014391360716,0.08541406196919994,0.11487787835351536
104.0,1.0,5.0,4294967295.0,4294967295.0,1.0,0.011650690776680822,0.011999794786343693,104.0,1.0,-1.0,-1.0,0.9996862798937005,0.9695950480857485,0.0,0.023273014391360716,0.08539305456541658,0.11485455054299604
105.0,1.0,4.0,4294967295.0,4294967295.0,1.0,0.011650690776680822,0.011999794786343693,105.0,3.0,-1.0,-1.0,0.9996862798937005,0.9695950480857485,0.0,0.023273014391360716,0.08537204716163323,0.11483122135490569
106.0,1.0,7.0,4294967295.0,4294967295.0,1.0,0.011650690776680822,0.011999794786343707,106.0,0.0,-1.0,-1.0,0.9996862798937005,0.9695950480857485,0.0,0.023273014391360716,0.08535103975784986,0.11480789078832561
107.0,1.0,6.0,4294967295.0,4294967295.0,1.0,0.011650690776680822,0.011999794786343734,107.0,1.0,-1.0,-1.0,0.9996862798937005,0.9695950480857485,0.0,0.023273014391360716,0.08533003235406648,0.11478455884233654
108.0,1.0,6.0,4294967295.0,4294967295.0,1.0,0.011650690776680822,0.011999794786343734,108.0,1.0,-1.0,-1.0,0.9996862798937005,0.9695950480857485,0.0,0.023273014391360716,0.08530902495028313,0.11476122551601856
109.0,1.0,5.0,4294967295.0,4294967295.0,1.0,0.011650690776680822,0.011999794786343734,109.0,0.0,-1.0,-1.0,0.9996862798937005,0.9695950480857485,0.0,0.023273014391360716,0.08528801754649977,0.11473789080845112
110.0,1.0,7.0,4294967295.0,4294967295.0,1.0,0.011650690776680822,0.011999794786343748,110.0,1.0,-1.0,-1.0,0.9996862798937005,0.9695950480857485,0.0,0.023273014391360716,0.0852670101427164,0.11471455471871307
111.0,1.0,8.0,4294967295.0,4294967295.0,1.0,0.011650690776680822,0.011999794786343748,111.0,0.0,-1.0,-1.0,0.9996862798937005,0.9695950480857485,0.0,0.023273014391360716,0.08524600273893303,0.11469121724588269
112.0,1.0,4.0,4294967295.0,4294967295.0,1.0,0.011650690776680808,0.011999794786343762,112.0,0.0,-1.0,-1.0,0.9996862798937005,0.9695950480857485,0.0,0.023273014391360716,0.08522499533514966,0.1146678783890376
113.0,1.0,4.0,4294967295.0,4294967295.0,1.0,0.011650690776680808,0.01199979478634379,113.0,1.0,-1.0,-1.0,0.9996862798937005,0.9695950480857485,0.0,0.023273014391360716,0.08520398793136631,0.11464453814725481
114.0,1.0,8.0,4294967295.0,4294967295.0,1.0,0.011650690776680808,0.01199979478634379,114.0,1.0,-1.0,-1.0,0.9996862798937005,0.9695950480857485,0.0,0.023273014391360716,0.08518298052758295,0.11462119651961072
115.0,1.0,6.0,4294967295.0,4294967295.0,1.0,0.011650690776680808,0.01199979478634379,115.0,0.0,-1.0,-1.0,0.9996862798937005,0.9695950480857485,0.0,0.023273014391360716,0.0851619731237996,0.11459785350518112
116.0,1.0,4.0,4294967295.0,4294967295.0,1.0,0.011650690776680808,0.011999794786343804,116.0,1.0,-1.0,-1.0,0.9996862798937005,0.9695950480857485,0.0,0.023273014391360716,0.08514096572001623,0.11457450910304118
117.0,1.0,8.0,4294967295.0,4294967295.0,1.0,0.011650690776680808,0.011999794786343804,117.0,1.0,-1.0,-1.0,0.9996862798937005,0.9695950480857485,0.0,0.023273014391360716,0.08511995831623288,0.11455116331226545
118.0,1.0,6.0,4294967295.0,4294967295.0,1.0,0.011650690776680808,0.011999794786343818,118.0,0.0,-1.0,-1.0,0.9996862798937005,0.9695950480857485,0.0,0.023273014391360716,0.08509895091244953,0.11452781613192786
119.0,1.0,1.0,4294967295.0,4294967295.0,1.0,0.011650690776680808,0.011999794786343845,119.0,0.0,-1.0,-1.0,0.9996862798937005,0.9695950480857485,0.0,0.023273014391360716,0.08507794350866615,0.11450446756110175
120.0,1.0,10.0,4294967295.0,4294967295.0,1.0,0.011650690776680808,0.011999794786343845,120.0,0.0,-1.0,-1.0,0.9996862798937005,0.9695950480857485,0.0,0.023273014391360716,0.08505693610488278,0.11448111759885979
121.0,1.0,6.0,4294967295.0,4294967295.0,1.0,0.011650690776680794,0.01199979478634386,121.0,1.0,-1.0,-1.0,0.9996862798937005,0.9695950480857485,0.0,0.023273014391360716,0.0850359287010994,0.11445776624427405
122.0,1.0,8.0,4294967295.0,4294967295.0,1.0,0.011650690776680794,0.011999794786343873,122.0,0.0,-1.0,-1.0,0.9996862798937005,0.9695950480857485,0.0,0.023273014391360716,0.08501492129731605,0.11443441349641603
123.0,1.0,10.0,4294967295.0,4294967295.0,1.0,0.011650690776680794,0.01199979478634386,123.0,0.0,-1.0,-1.0,0.9996862798937005,0.9695950480857485,0.0,0.023273014391360716,0.08499391389353268,0.11441105935435657
124.0,1.0,7.0,4294967295.0,4294967295.0,1.0,0.011650690776680794,0.011999794786343873,124.0,1.0,-1.0,-1.0,0.9996862798937005,0.9695950480857485,0.0,0.023273014391360716,0.08497290648974933,0.11438770381716584
125.0,1.0,11.0,4294967295.0,4294967295.0,1.0,0.011650690776680794,0.0119997947863439,125.0,0.0,-1.0,-1.0,0.9996862798937005,0.9695950480857485,0.0,0.023273014391360716,0.08495189908596594,0.11436434688391349
126.0,1.0,7.0,4294967295.0,4294967295.0,1.0,0.01165069077668078,0.0119997947863439,126.0,1.0,-1.0,-1.0,0.9996862798937005,0.9695950480857485,0.0,0.023273014391360716,0.08493089168218258,0.11434098855366849
127.0,1.0,9.0,4294967295.0,4294967295.0,1.0,0.01165069077668078,0.0119997947863439,127.0,1.0,-1.0,-1.0,0.9996862798937005,0.9695950480857485,0.0,0.023273014391360716,0.08490988427839921,0.11431762882549919
128.0,1.0,6.0,4294967295.0,4294967295.0,1.0,0.01165069077668078,0.011999794786343915,128.0,0.0,-1.0,-1.0,0.9996862798937005,0.9695950480857485,0.0,0.023273014391360716,0.08488887687461585,0.11429426769847334
129.0,1.0,5.0,4294967295.0,4294967295.0,1.0,0.01165069077668078,0.0119997947863439,129.0,1.0,-1.0,-1.0,0.9996862798937005,0.9695950480857485,0.0,0.023273014391360716,0.08486786947083247,0.11427090517165807
130.0,1.0,5.0,4294967295.0,4294967295.0,1.0,0.011650690776680767,0.011999794786343887,130.0,1.0,-1.0,-1.0,0.9996862798937005,0.9695950480857485,0.0,0.023273014391360716,0.0848468620670491,0.11424754124411986
131.0,1.0,8.0,4294967295.0,4294967295.0,1.0,0.011650690776680767,0.011999794786343915,131.0,1.0,-1.0,-1.0,0.9996862798937005,0.9695950480857485,0.0,0.023273014391360716,0.08482585466326575,0.11422417591492458
132.0,1.0,5.0,4294967295.0,4294967295.0,1.0,0.011650690776680767,0.011999794786343915,132.0,0.0,-1.0,-1.0,0.9996862798937005,0.9695950480857485,0.0,0.023273014391360716,0.0848048472594824,0.11420080918313748
133.0,1.0,4.0,4294967295.0,4294967295.0,1.0,0.011650690776680767,0.011999794786343915,133.0,0.0,-1.0,-1.0,0.9996862798937005,0.9695950480857485,0.0,0.023273014391360716,0.08478383985569904,0.11417744104782321
134.0,1.0,5.0,4294967295.0,4294967295.0,1.0,0.011650690776680767,0.011999794786343942,134.0,0.0,-1.0,-1.0,0.9996862798937005,0.9695950480857485,0.0,0.023273014391360716,0.08476283245191567,0.11415407150804575
135.0,1.0,8.0,4294967295.0,4294967295.0,1.0,0.011650690776680753,0.011999794786343929,135.0,0.0,-1.0,-1.0,0.9996862798937005,0.9695950480857485,0.0,0.023273014391360716,0.0847418250481323,0.11413070056286849
136.0,1.0,3.0,4294967295.0,4294967295.0,1.0,0.011650690776680753,0.011999794786343915,136.0,2.0,-1.0,-1.0,0.9996862798937005,0.9695950480857485,0.0,0.023273014391360716,0.08472081764434895,0.11410732821135418
137.0,1.0,9.0,4294967295.0,4294967295.0,1.0,0.011650690776680753,0.011999794786343942,137.0,2.0,-1.0,-1.0,0.9996862798937005,0.9695950480857485,0.0,0.023273014391360716,0.0846998102405656,0.11408395445256493
138.0,1.0,9.0,4294967295.0,4294967295.0,1.0,0.011650690776680753,0.011999794786343942,138.0,0.0,-1.0,-1.0,0.9996862798937005,0.9695950480857485,0.0,0.023273014391360716,0.08467880283678221,0.11406057928556228
139.0,1.0,2.0,4294967295.0,4294967295.0,1.0,0.011650690776680739,0.011999794786343942,139.0,0.0,-1.0,-1.0,0.9996862798937005,0.9695950480857485,0.0,0.023273014391360716,0.08465779543299884,0.1140372027094071
140.0,1.0,2.0,4294967295.0,4294967295.0,1.0,0.011650690776680739,0.01199979478634397,140.0,0.0,-1.0,-1.0,0.9996862798937005,0.9695950480857485,0.0,0.023273014391360716,0.08463678802921548,0.11401382472315964
141.0,1.0,11.0,4294967295.0,4294967295.0,1.0,0.011650690776680739,0.01199979478634397,141.0,0.0,-1.0,-1.0,0.9996862798937005,0.9695950480857485,0.0,0.023273014391360716,0.08461578062543212,0.11399044532587951
142.0,1.0,5.0,4294967295.0,4294967295.0,1.0,0.011650690776680739,0.011999794786343956,142.0,2.0,-1.0,-1.0,0.9996862798937005,0.9695950480857485,0.0,0.023273014391360716,0.08459477322164875,0.11396706451662574
143.0,1.0,5.0,4294967295.0,4294967295.0,1.0,0.011650690776680739,0.01199979478634397,143.0,2.0,-1.0,-1.0,0.9996862798937005,0.9695950480857485,0.0,0.023273014391360716,0.08457376581786538,0.11394368229445664
144.0,1.0,8.0,4294967295.0,4294967295.0,1.0,0.011650690776680725,0.01199979478634397,144.0,0.0,-1.0,-1.0,0.9996862798937005,0.9695950480857485,0.0,0.023273014391360716,0.084552758414082,0.11392029865843
145.0,1.0,7.0,4294967295.0,4294967295.0,1.0,0.011650690776680725,0.01199979478634397,145.0,0.0,-1.0,-1.0,0.9996862798937005,0.9695950480857485,0.0,0.023273014391360716,0.08453175101029865,0.11389691360760291
146.0,1.0,2.0,4294967295.0,4294967295.0,1.0,0.011650690776680725,0.011999794786343984,146.0,1.0,-1.0,-1.0,0.9996862798937005,0.9695950480857485,0.0,0.023273014391360716,0.08451074360651528,0.11387352714103187
147.0,1.0,5.0,4294967295.0,4294967295.0,1.0,0.011650690776680725,0.011999794786343984,147.0,0.0,-1.0,-1.0,0.9996862798937005,0.9695950480857485,0.0,0.023273014391360716,0.08448973620273192,0.11385013925777275
148.0,1.0,5.0,4294967295.0,4294967295.0,1.0,0.011650690776680725,0.01199979478634397,148.0,0.0,-1.0,-1.0,0.9996862798937005,0.9695950480857485,0.0,0.023273014391360716,0.08446872879894855,0.11382674995688076
149.0,1.0,5.0,4294967295.0,4294967295.0,1.0,0.011650690776680725,0.01199979478634397,149.0,0.0,-1.0,-1.0,0.9996862798937005,0.9695950480857485,0.0,0.023273014391360716,0.08444772139516521,0.1138033592374105
150.0,1.0,5.0,4294967295.0,4294967295.0,1.0,0.011650690776680725,0.011999794786343956,150.0,1.0,-1.0,-1.0,0.9996862798937005,0.9695950480857485,0.0,0.023273014391360716,0.08442671399138185,0.11377996709841595
151.0,1.0,4.0,4294967295.0,4294967295.0,1.0,0.011650690776680725,0.011999794786343956,151.0,1.0,-1.0,-1.0,0.9996862798937005,0.9695950480857485,0.0,0.023273014391360716,0.0844057065875985,0.11375657353895043
152.0,1.0,11.0,4294967295.0,4294967295.0,1.0,0.011650690776680725,0.01199979478634397,152.0,1.0,-1.0,-1.0,0.9996862798937005,0.9695950480857485,0.0,0.023273014391360716,0.08438469918381512,0.11373317855806662
153.0,1.0,9.0,4294967295.0,4294967295.0,1.0,0.011650690776680711,0.01199979478634397,153.0,0.0,-1.0,-1.0,0.9996862798937005,0.9695950480857485,0.0,0.023273014391360716,0.08436369178003175,0.11370978215481663
154.0,1.0,1.0,4294967295.0,4294967295.0,1.0,0.011650690776680711,0.01199979478634397,154.0,1.0,-1.0,-1.0,0.9996862798937005,0.9695950480857485,0.0,0.023273014391360716,0.08434268437624841,0.11368638432825187
155.0,1.0,3.0,4294967295.0,4294967295.0,1.0,0.011650690776680725,0.01199979478634397,155.0,1.0,-1.0,-1.0,0.9996862798937005,0.9695950480857485,0.0,0.023273014391360716,0.08432167697246505,0.11366298507742316
156.0,1.0,4.0,4294967295.0,4294967295.0,1.0,0.011650690776680725,0.011999794786343956,156.0,1.0,-1.0,-1.0,0.9996862798937005,0.9695950480857485,0.0,0.023273014391360716,0.0843006695686817,0.1136395844013807
157.0,1.0,9.0,4294967295.0,4294967295.0,1.0,0.011650690776680725,0.011999794786343956,157.0,1.0,-1.0,-1.0,0.9996862798937005,0.9695950480857485,0.0,0.023273014391360716,0.08427966216489831,0.113616182299174
158.0,1.0,7.0,4294967295.0,4294967295.0,1.0,0.011650690776680711,0.01199979478634397,158.0,0.0,-1.0,-1.0,0.9996862798937005,0.9695950480857485,0.0,0.023273014391360716,0.08425865476111494,0.11359277876985198
159.0,1.0,8.0,4294967295.0,4294967295.0,1.0,0.011650690776680697,0.011999794786343984,159.0,0.0,-1.0,-1.0,0.9996862798937005,0.9695950480857485,0.0,0.023273014391360716,0.08423764735733157,0.11356937381246289
160.0,1.0,4.0,4294967295.0,4294967295.0,1.0,0.011650690776680697,0.011999794786343984,160.0,0.0,-1.0,-1.0,0.9996862798937005,0.9695950480857485,0.0,0.023273014391360716,0.08421663995354821,0.11354596742605438
161.0,1.0,6.0,4294967295.0,4294967295.0,1.0,0.011650690776680697,0.011999794786343998,161.0,3.0,-1.0,-1.0,0.9996862798937005,0.9695950480857485,0.0,0.023273014391360716,0.08419563254976484,0.11352255960967346
162.0,1.0,7.0,4294967295.0,4294967295.0,1.0,0.011650690776680697,0.011999794786343998,162.0,0.0,-1.0,-1.0,0.9996862798937005,0.9695950480857485,0.0,0.023273014391360716,0.08417462514598147,0.11349915036236649
163.0,1.0,3.0,4294967295.0,4294967295.0,1.0,0.011650690776680697,0.011999794786343984,163.0,1.0,-1.0,-1.0,0.9996862798937005,0.9695950480857485,0.0,0.023273014391360716,0.08415361774219811,0.11347573968317921
164.0,1.0,5.0,4294967295.0,4294967295.0,1.0,0.011650690776680697,0.011999794786343998,164.0,0.0,-1.0,-1.0,0.9996862798937005,0.9695950480857485,0.0,0.023273014391360716,0.08413261033841475,0.11345232757115672
165.0,1.0,6.0,4294967295.0,4294967295.0,1.0,0.011650690776680697,0.011999794786344012,165.0,1.0,-1.0,-1.0,0.9996862798937005,0.9695950480857485,0.0,0.023273014391360716,0.0841116029346314,0.11342891402534347
166.0,1.0,5.0,4294967295.0,4294967295.0,1.0,0.011650690776680697,0.011999794786344012,166.0,0.0,-1.0,-1.0,0.9996862798937005,0.9695950480857485,0.0,0.023273014391360716,0.08409059553084802,0.11340549904478327
167.0,1.0,3.0,4294967295.0,4294967295.0,1.0,0.011650690776680683,0.011999794786344026,167.0,2.0,-1.0,-1.0,0.9996862798937005,0.9695950480857485,0.0,0.023273014391360716,0.08406958812706465,0.1133820826285193
168.0,1.0,6.0,4294967295.0,4294967295.0,1.0,0.011650690776680683,0.01199979478634404,168.0,1.0,-1.0,-1.0,0.9996862798937005,0.9695950480857485,0.0,0.023273014391360716,0.08404858072328131,0.11335866477559411
169.0,1.0,8.0,4294967295.0,4294967295.0,1.0,0.011650690776680683,0.011999794786344026,169.0,0.0,-1.0,-1.0,0.9996862798937005,0.9695950480857485,0.0,0.023273014391360716,0.08402757331949795,0.11333524548504963
170.0,1.0,7.0,4294967295.0,4294967295.0,1.0,0.011650690776680683,0.01199979478634404,170.0,0.0,-1.0,-1.0,0.9996862798937005,0.9695950480857485,0.0,0.023273014391360716,0.08400656591571459,0.11331182475592709
171.0,1.0,5.0,4294967295.0,4294967295.0,1.0,0.011650690776680683,0.011999794786344053,171.0,0.0,-1.0,-1.0,0.9996862798937005,0.9695950480857485,0.0,0.023273014391360716,0.08398555851193122,0.11328840258726715
172.0,1.0,5.0,4294967295.0,4294967295.0,1.0,0.011650690776680683,0.011999794786344053,172.0,3.0,-1.0,-1.0,0.9996862798937005,0.9695950480857485,0.0,0.023273014391360716,0.08396455110814786,0.11326497897810979
173.0,1.0,10.0,4294967295.0,4294967295.0,1.0,0.011650690776680683,0.011999794786344067,173.0,2.0,-1.0,-1.0,0.9996862798937005,0.9695950480857485,0.0,0.023273014391360716,0.0839435437043645,0.11324155392749437
174.0,1.0,13.0,4294967295.0,4294967295.0,1.0,0.011650690776680683,0.011999794786344095,174.0,0.0,-1.0,-1.0,0.9996862798937005,0.9695950480857485,0.0,0.023273014391360716,0.08392253630058114,0.11321812743445957
175.0,1.0,2.0,4294967295.0,4294967295.0,1.0,0.011650690776680683,0.011999794786344081,175.0,1.0,-1.0,-1.0,0.9996862798937005,0.9695950480857485,0.0,0.023273014391360716,0.08390152889679776,0.11319469949804346
176.0,1.0,8.0,4294967295.0,4294967295.0,1.0,0.01165069077668067,0.011999794786344081,176.0,0.0,-1.0,-1.0,0.9996862798937005,0.9695950480857485,0.0,0.023273014391360716,0.08388052149301438,0.11317127011728348
177.0,1.0,8.0,4294967295.0,4294967295.0,1.0,0.01165069077668067,0.011999794786344109,177.0,0.0,-1.0,-1.0,0.9996862798937005,0.9695950480857485,0.0,0.023273014391360716,0.08385951408923104,0.11314783929121641
178.0,1.0,5.0,4294967295.0,4294967295.0,1.0,0.01165069077668067,0.011999794786344109,178.0,1.0,-1.0,-1.0,0.9996862798937005,0.9695950480857485,0.0,0.023273014391360716,0.08383850668544766,0.1131244070188784
179.0,1.0,6.0,4294967295.0,4294967295.0,1.0,0.01165069077668067,0.011999794786344123,179.0,1.0,-1.0,-1.0,0.9996862798937005,0.9695950480857485,0.0,0.023273014391360716,0.0838174992816643,0.11310097329930492
180.0,1.0,7.0,4294967295.0,4294967295.0,1.0,0.01165069077668067,0.01199979478634415,180.0,0.0,-1.0,-1.0,0.9996862798937005,0.9695950480857485,0.0,0.023273014391360716,0.08379649187788092,0.11307753813153083
181.0,1.0,8.0,4294967295.0,4294967295.0,1.0,0.011650690776680656,0.01199979478634415,181.0,1.0,-1.0,-1.0,0.9996862798937005,0.9695950480857485,0.0,0.023273014391360716,0.08377548447409756,0.11305410151459037
182.0,1.0,4.0,4294967295.0,4294967295.0,1.0,0.011650690776680656,0.01199979478634415,182.0,0.0,-1.0,-1.0,0.9996862798937005,0.9695950480857485,0.0,0.023273014391360716,0.08375447707031419,0.11303066344751708
183.0,1.0,5.0,4294967295.0,4294967295.0,1.0,0.011650690776680656,0.011999794786344165,183.0,0.0,-1.0,-1.0,0.9996862798937005,0.9695950480857485,0.0,0.023273014391360716,0.08373346966653084,0.11300722392934388
184.0,1.0,7.0,4294967295.0,4294967295.0,1.0,0.011650690776680656,0.011999794786344165,184.0,0.0,-1.0,-1.0,0.9996862798937005,0.9695950480857485,0.0,0.023273014391360716,0.08371246226274746,0.11298378295910308
185.0,1.0,7.0,4294967295.0,4294967295.0,1.0,0.011650690776680642,0.011999794786344178,185.0,1.0,-1.0,-1.0,0.9996862798937005,0.9695950480857485,0.0,0.023273014391360716,0.08369145485896409,0.1129603405358263
186.0,1.0,5.0,4294967295.0,4294967295.0,1.0,0.011650690776680642,0.011999794786344206,186.0,2.0,-1.0,-1.0,0.9996862798937005,0.9695950480857485,0.0,0.023273014391360716,0.08367044745518075,0.11293689665854453
187.0,1.0,7.0,4294967295.0,4294967295.0,1.0,0.011650690776680642,0.011999794786344206,187.0,0.0,-1.0,-1.0,0.9996862798937005,0.9695950480857485,0.0,0.023273014391360716,0.08364944005139739,0.11291345132628806
188.0,1.0,11.0,4294967295.0,4294967295.0,1.0,0.011650690776680642,0.011999794786344206,188.0,1.0,-1.0,-1.0,0.9996862798937005,0.9695950480857485,0.0,0.023273014391360716,0.08362843264761403,0.11289000453808662
189.0,1.0,7.0,4294967295.0,4294967295.0,1.0,0.011650690776680642,0.01199979478634422,189.0,2.0,-1.0,-1.0,0.9996862798937005,0.9695950480857485,0.0,0.023273014391360716,0.08360742524383066,0.11286655629296927
190.0,1.0,6.0,4294967295.0,4294967295.0,1.0,0.011650690776680628,0.01199979478634422,190.0,0.0,-1.0,-1.0,0.9996862798937005,0.9695950480857485,0.0,0.023273014391360716,0.08358641784004729,0.11284310658996438
191.0,1.0,6.0,4294967295.0,4294967295.0,1.0,0.011650690776680628,0.01199979478634422,191.0,2.0,-1.0,-1.0,0.9996862798937005,0.9695950480857485,0.0,0.023273014391360716,0.08356541043626393,0.11281965542809971
192.0,1.0,8.0,4294967295.0,4294967295.0,1.0,0.011650690776680628,0.011999794786344248,192.0,0.0,-1.0,-1.0,0.9996862798937005,0.9695950480857485,0.0,0.023273014391360716,0.08354440303248058,0.1127962028064024
193.0,1.0,4.0,4294967295.0,4294967295.0,1.0,0.011650690776680628,0.011999794786344248,193.0,1.0,-1.0,-1.0,0.9996862798937005,0.9695950480857485,0.0,0.023273014391360716,0.0835233956286972,0.11277274872389888
194.0,1.0,8.0,4294967295.0,4294967295.0,1.0,0.011650690776680628,0.011999794786344248,194.0,0.0,-1.0,-1.0,0.9996862798937005,0.9695950480857485,0.0,0.023273014391360716,0.08350238822491383,0.11274929317961492
195.0,1.0,5.0,4294967295.0,4294967295.0,1.0,0.011650690776680628,0.011999794786344262,195.0,0.0,-1.0,-1.0,0.9996862798937005,0.9695950480857485,0.0,0.023273014391360716,0.08348138082113048,0.1127258361725757
196.0,1.0,6.0,4294967295.0,4294967295.0,1.0,0.011650690776680628,0.011999794786344248,196.0,0.0,-1.0,-1.0,0.9996862798937005,0.9695950480857485,0.0,0.023273014391360716,0.08346037341734712,0.11270237770180576
197.0,1.0,5.0,4294967295.0,4294967295.0,1.0,0.011650690776680628,0.011999794786344248,197.0,0.0,-1.0,-1.0,0.9996862798937005,0.9695950480857485,0.0,0.023273014391360716,0.08343936601356375,0.11267891776632888
198.0,1.0,6.0,4294967295.0,4294967295.0,1.0,0.011650690776680628,0.011999794786344276,198.0,0.0,-1.0,-1.0,0.9996862798937005,0.9695950480857485,0.0,0.023273014391360716,0.08341835860978038,0.11265545636516831
199.0,1.0,6.0,4294967295.0,4294967295.0,1.0,0.011650690776680614,0.011999794786344276,199.0,3.0,-1.0,-1.0,0.9996862798937005,0.9695950480857485,0.0,0.023273014391360716,0.08339735120599699,0.11263199349734662
200.0,1.0,10.0,4294967295.0,4294967295.0,1.0,0.0116506907766806,0.011999794786344276,200.0,0.0,-1.0,-1.0,0.9996862798937005,0.9695950480857485,0.0,0.023273014391360716,0.08337634380221363,0.11260852916188567
201.0,1.0,5.0,4294967295.0,4294967295.0,1.0,0.0116506907766806,0.01199979478634429,201.0,0.0,-1.0,-1.0,0.9996862798937005,0.9695950480857485,0.0,0.023273014391360716,0.08335533639843026,0.11258506335780671
202.0,1.0,5.0,4294967295.0,4294967295.0,1.0,0.0116506907766806,0.011999794786344276,202.0,0.0,-1.0,-1.0,0.9996862798937005,0.9695950480857485,0.0,0.023273014391360716,0.0833343289946469,0.11256159608413036
203.0,1.0,7.0,4294967295.0,4294967295.0,1.0,0.0116506907766806,0.011999794786344262,203.0,0.0,-1.0,-1.0,0.9996862798937005,0.9695950480857485,0.0,0.023273014391360716,0.08331332159086353,0.11253812733987655
204.0,1.0,5.0,4294967295.0,4294967295.0,1.0,0.0116506907766806,0.01199979478634429,204.0,2.0,-1.0,-1.0,0.9996862798937005,0.9695950480857485,0.0,0.023273014391360716,0.08329231418708019,0.11251465712406458
205.0,1.0,7.0,4294967295.0,4294967295.0,1.0,0.0116506907766806,0.01199979478634429,205.0,0.0,-1.0,-1.0,0.9996862798937005,0.9695950480857485,0.0,0.023273014391360716,0.08327130678329683,0.11249118543571308
206.0,1.0,8.0,4294967295.0,4294967295.0,1.0,0.0116506907766806,0.01199979478634429,206.0,1.0,-1.0,-1.0,0.9996862798937005,0.9695950480857485,0.0,0.023273014391360716,0.08325029937951348,0.11246771227384003
207.0,1.0,6.0,4294967295.0,4294967295.0,1.0,0.0116506907766806,0.011999794786344317,207.0,1.0,-1.0,-1.0,0.9996862798937005,0.9695950480857485,0.0,0.023273014391360716,0.0832292919757301,0.11244423763746271
208.0,1.0,5.0,4294967295.0,4294967295.0,1.0,0.011650690776680586,0.011999794786344303,208.0,1.0,-1.0,-1.0,0.9996862798937005,0.9695950480857485,0.0,0.023273014391360716,0.08320828457194673,0.11242076152559785
209.0,1.0,5.0,4294967295.0,4294967295.0,1.0,0.011650690776680586,0.01199979478634429,209.0,0.0,-1.0,-1.0,0.9996862798937005,0.9695950480857485,0.0,0.023273014391360716,0.08318727716816339,0.11239728393726142
210.0,1.0,5.0,4294967295.0,4294967295.0,1.0,0.011650690776680586,0.011999794786344317,210.0,0.0,-1.0,-1.0,0.9996862798937005,0.9695950480857485,0.0,0.023273014391360716,0.08316626976438002,0.11237380487146881
211.0,1.0,4.0,4294967295.0,4294967295.0,1.0,0.011650690776680586,0.011999794786344317,211.0,0.0,-1.0,-1.0,0.9996862798937005,0.9695950480857485,0.0,0.023273014391360716,0.08314526236059666,0.1123503243272347
212.0,1.0,4.0,4294967295.0,4294967295.0,1.0,0.011650690776680586,0.011999794786344317,212.0,2.0,-1.0,-1.0,0.9996862798937005,0.9695950480857485,0.0,0.023273014391360716,0.08312425495681328,0.11232684230357315
213.0,1.0,8.0,4294967295.0,4294967295.0,1.0,0.011650690776680572,0.011999794786344345,213.0,1.0,-1.0,-1.0,0.9996862798937005,0.9695950480857485,0.0,0.023273014391360716,0.0831032475530299,0.11230335879949754
214.0,1.0,9.0,4294967295.0,4294967295.0,1.0,0.011650690776680558,0.011999794786344345,214.0,0.0,-1.0,-1.0,0.9996862798937005,0.9695950480857485,0.0,0.023273014391360716,0.08308224014924653,0.11227987381402062
215.0,1.0,2.0,4294967295.0,4294967295.0,1.0,0.011650690776680558,0.011999794786344331,215.0,1.0,-1.0,-1.0,0.9996862798937005,0.9695950480857485,0.0,0.023273014391360716,0.08306123274546318,0.11225638734615442
216.0,1.0,5.0,4294967295.0,4294967295.0,1.0,0.011650690776680558,0.011999794786344331,216.0,0.0,-1.0,-1.0,0.9996862798937005,0.9695950480857485,0.0,0.023273014391360716,0.08304022534167979,0.11223289939491037
217.0,1.0,5.0,4294967295.0,4294967295.0,1.0,0.011650690776680545,0.011999794786344331,217.0,1.0,-1.0,-1.0,0.9996862798937005,0.9695950480857485,0.0,0.023273014391360716,0.08301921793789642,0.11220940995929922
218.0,1.0,5.0,4294967295.0,4294967295.0,1.0,0.011650690776680545,0.011999794786344331,218.0,0.0,-1.0,-1.0,0.9996862798937005,0.9695950480857485,0.0,0.023273014391360716,0.08299821053411306,0.11218591903833107
219.0,1.0,2.0,4294967295.0,4294967295.0,1.0,0.011650690776680545,0.011999794786344345,219.0,0.0,-1.0,-1.0,0.9996862798937005,0.9695950480857485,0.0,0.023273014391360716,0.0829772031303297,0.11216242663101532
220.0,1.0,11.0,4294967295.0,4294967295.0,1.0,0.011650690776680545,0.011999794786344345,220.0,1.0,-1.0,-1.0,0.9996862798937005,0.9695950480857485,0.0,0.023273014391360716,0.08295619572654633,0.11213893273636079
221.0,1.0,5.0,4294967295.0,4294967295.0,1.0,0.011650690776680545,0.011999794786344331,221.0,0.0,-1.0,-1.0,0.9996862798937005,0.9695950480857485,0.0,0.023273014391360716,0.08293518832276296,0.11211543735337555
222.0,1.0,8.0,4294967295.0,4294967295.0,1.0,0.01165069077668053,0.011999794786344331,222.0,0.0,-1.0,-1.0,0.9996862798937005,0.9695950480857485,0.0,0.023273014391360716,0.08291418091897959,0.11209194048106706
223.0,1.0,4.0,4294967295.0,4294967295.0,1.0,0.011650690776680517,0.011999794786344317,223.0,1.0,-1.0,-1.0,0.9996862798937005,0.9695950480857485,0.0,0.023273014391360716,0.08289317351519623,0.11206844211844212
224.0,1.0,10.0,4294967295.0,4294967295.0,1.0,0.011650690776680517,0.011999794786344317,224.0,0.0,-1.0,-1.0,0.9996862798937005,0.9695950480857485,0.0,0.023273014391360716,0.08287216611141288,0.11204494226450684
225.0,1.0,9.0,4294967295.0,4294967295.0,1.0,0.011650690776680517,0.011999794786344331,225.0,0.0,-1.0,-1.0,0.9996862798937005,0.9695950480857485,0.0,0.023273014391360716,0.0828511587076295,0.11202144091826668
226.0,1.0,2.0,4294967295.0,4294967295.0,1.0,0.011650690776680503,0.011999794786344331,226.0,2.0,-1.0,-1.0,0.9996862798937005,0.9695950480857485,0.0,0.023273014391360716,0.08283015130384613,0.11199793807872646
227.0,1.0,10.0,4294967295.0,4294967295.0,1.0,0.011650690776680503,0.011999794786344331,227.0,0.0,-1.0,-1.0,0.9996862798937005,0.9695950480857485,0.0,0.023273014391360716,0.08280914390006279,0.1119744337448903
228.0,1.0,6.0,4294967295.0,4294967295.0,1.0,0.011650690776680503,0.011999794786344331,228.0,1.0,-1.0,-1.0,0.9996862798937005,0.9695950480857485,0.0,0.023273014391360716,0.08278813649627943,0.11195092791576165
229.0,1.0,3.0,4294967295.0,4294967295.0,1.0,0.011650690776680503,0.011999794786344331,229.0,0.0,-1.0,-1.0,0.9996862798937005,0.9695950480857485,0.0,0.023273014391360716,0.08276712909249606,0.11192742059034336
230.0,1.0,6.0,4294967295.0,4294967295.0,1.0,0.011650690776680503,0.011999794786344331,230.0,0.0,-1.0,-1.0,0.9996862798937005,0.9695950480857485,0.0,0.023273014391360716,0.08274612168871269,0.11190391176763753
231.0,1.0,8.0,4294967295.0,4294967295.0,1.0,0.011650690776680489,0.011999794786344345,231.0,0.0,-1.0,-1.0,0.9996862798937005,0.9695950480857485,0.0,0.023273014391360716,0.0827251142849293,0.11188040144664568
232.0,1.0,6.0,4294967295.0,4294967295.0,1.0,0.011650690776680489,0.011999794786344359,232.0,1.0,-1.0,-1.0,0.9996862798937005,0.9695950480857485,0.0,0.023273014391360716,0.08270410688114596,0.11185688962636856
233.0,1.0,8.0,4294967295.0,4294967295.0,1.0,0.011650690776680489,0.011999794786344359,233.0,0.0,-1.0,-1.0,0.9996862798937005,0.9695950480857485,0.0,0.023273014391360716,0.08268309947736259,0.11183337630580636
234.0,1.0,4.0,4294967295.0,4294967295.0,1.0,0.011650690776680489,0.011999794786344373,234.0,1.0,-1.0,-1.0,0.9996862798937005,0.9695950480857485,0.0,0.023273014391360716,0.08266209207357923,0.11180986148395854
235.0,1.0,6.0,4294967295.0,4294967295.0,1.0,0.011650690776680489,0.011999794786344373,235.0,2.0,-1.0,-1.0,0.9996862798937005,0.9695950480857485,0.0,0.023273014391360716,0.08264108466979585,0.1117863451598239
236.0,1.0,6.0,4294967295.0,4294967295.0,1.0,0.011650690776680489,0.011999794786344359,236.0,2.0,-1.0,-1.0,0.9996862798937005,0.9695950480857485,0.0,0.023273014391360716,0.0826200772660125,0.11176282733240062
237.0,1.0,7.0,4294967295.0,4294967295.0,1.0,0.011650690776680489,0.011999794786344373,237.0,1.0,-1.0,-1.0,0.9996862798937005,0.9695950480857485,0.0,0.023273014391360716,0.08259906986222913,0.11173930800068611
238.0,1.0,7.0,4294967295.0,4294967295.0,1.0,0.011650690776680489,0.0119997947863444,238.0,0.0,-1.0,-1.0,0.9996862798937005,0.9695950480857485,0.0,0.023273014391360716,0.08257806245844578,0.11171578716367725
239.0,1.0,3.0,4294967295.0,4294967295.0,1.0,0.011650690776680489,0.0119997947863444,239.0,1.0,-1.0,-1.0,0.9996862798937005,0.9695950480857485,0.0,0.023273014391360716,0.08255705505466239,0.1116922648203701
240.0,1.0,4.0,4294967295.0,4294967295.0,1.0,0.011650690776680475,0.011999794786344414,240.0,2.0,-1.0,-1.0,0.9996862798937005,0.9695950480857485,0.0,0.023273014391360716,0.08253604765087902,0.11166874096976019
241.0,1.0,8.0,4294967295.0,4294967295.0,1.0,0.011650690776680475,0.011999794786344428,241.0,0.0,-1.0,-1.0,0.9996862798937005,0.9695950480857485,0.0,0.023273014391360716,0.08251504024709568,0.11164521561084227
242.0,1.0,8.0,4294967295.0,4294967295.0,1.0,0.011650690776680475,0.011999794786344414,242.0,1.0,-1.0,-1.0,0.9996862798937005,0.9695950480857485,0.0,0.023273014391360716,0.08249403284331232,0.1116216887426105
243.0,1.0,8.0,4294967295.0,4294967295.0,1.0,0.011650690776680475,0.011999794786344414,243.0,1.0,-1.0,-1.0,0.9996862798937005,0.9695950480857485,0.0,0.023273014391360716,0.08247302543952896,0.11159816036405831
244.0,1.0,7.0,4294967295.0,4294967295.0,1.0,0.011650690776680475,0.011999794786344442,244.0,0.0,-1.0,-1.0,0.9996862798937005,0.9695950480857485,0.0,0.023273014391360716,0.08245201803574559,0.1115746304741785
245.0,1.0,6.0,4294967295.0,4294967295.0,1.0,0.011650690776680475,0.011999794786344442,245.0,0.0,-1.0,-1.0,0.9996862798937005,0.9695950480857485,0.0,0.023273014391360716,0.08243101063196223,0.11155109907196316
246.0,1.0,4.0,4294967295.0,4294967295.0,1.0,0.011650690776680475,0.011999794786344456,246.0,1.0,-1.0,-1.0,0.9996862798937005,0.9695950480857485,0.0,0.023273014391360716,0.08241000322817887,0.11152756615640376
247.0,1.0,5.0,4294967295.0,4294967295.0,1.0,0.011650690776680475,0.011999794786344484,247.0,0.0,-1.0,-1.0,0.9996862798937005,0.9695950480857485,0.0,0.023273014391360716,0.08238899582439552,0.11150403172649107
248.0,1.0,5.0,4294967295.0,4294967295.0,1.0,0.011650690776680475,0.01199979478634447,248.0,0.0,-1.0,-1.0,0.9996862798937005,0.9695950480857485,0.0,0.023273014391360716,0.08236798842061215,0.11148049578121516
249.0,1.0,9.0,4294967295.0,4294967295.0,1.0,0.011650690776680475,0.01199979478634447,249.0,0.0,-1.0,-1.0,0.9996862798937005,0.9695950480857485,0.0,0.023273014391360716,0.08234698101682877,0.11145695831956547
250.0,1.0,4.0,4294967295.0,4294967295.0,1.0,0.011650690776680475,0.011999794786344498,250.0,1.0,-1.0,-1.0,0.9996862798937005,0.9695950480857485,0.0,0.023273014391360716,0.08232597361304542,0.11143341934053072
251.0,1.0,6.0,4294967295.0,4294967295.0,1.0,0.011650690776680475,0.011999794786344498,251.0,0.0,-1.0,-1.0,0.9996862798937005,0.9695950480857485,0.0,0.023273014391360716,0.08230496620926206,0.11140987884309898
252.0,1.0,5.0,4294967295.0,4294967295.0,1.0,0.011650690776680475,0.011999794786344511,252.0,0.0,-1.0,-1.0,0.9996862798937005,0.9695950480857485,0.0,0.023273014391360716,0.08228395880547869,0.11138633682625769
253.0,1.0,6.0,4294967295.0,4294967295.0,1.0,0.011650690776680475,0.01199979478634454,253.0,1.0,-1.0,-1.0,0.9996862798937005,0.9695950480857485,0.0,0.023273014391360716,0.08226295140169532,0.11136279328899355
254.0,1.0,9.0,4294967295.0,4294967295.0,1.0,0.011650690776680461,0.01199979478634454,254.0,0.0,-1.0,-1.0,0.9996862798937005,0.9695950480857485,0.0,0.023273014391360716,0.08224194399791193,0.1113392482302926
255.0,1.0,10.0,4294967295.0,4294967295.0,1.0,0.011650690776680447,0.01199979478634454,255.0,0.0,-1.0,-1.0,0.9996862798937005,0.9695950480857485,0.0,0.023273014391360716,0.08222093659412857,0.11131570164914024
256.0,1.0,5.0,4294967295.0,4294967295.0,1.0,0.011650690776680447,0.011999794786344553,256.0,1.0,-1.0,-1.0,0.9996862798937005,0.9695950480857485,0.0,0.023273014391360716,0.0821999291903452,0.11129215354452114
257.0,1.0,10.0,4294967295.0,4294967295.0,1.0,0.011650690776680447,0.011999794786344553,257.0,1.0,-1.0,-1.0,0.9996862798937005,0.9695950480857485,0.0,0.023273014391360716,0.08217892178656185,0.1112686039154193
258.0,1.0,5.0,4294967295.0,4294967295.0,1.0,0.011650690776680447,0.011999794786344553,258.0,1.0,-1.0,-1.0,0.9996862798937005,0.9695950480857485,0.0,0.023273014391360716,0.08215791438277847,0.11124505276081809
259.0,1.0,5.0,4294967295.0,4294967295.0,1.0,0.011650690776680447,0.01199979478634458,259.0,1.0,-1.0,-1.0,0.9996862798937005,0.9695950480857485,0.0,0.023273014391360716,0.08213690697899513,0.11122150007970015
260.0,1.0,7.0,4294967295.0,4294967295.0,1.0,0.011650690776680447,0.01199979478634458,260.0,1.0,-1.0,-1.0,0.9996862798937005,0.9695950480857485,0.0,0.023273014391360716,0.08211589957521177,0.11119794587104748
261.0,1.0,4.0,4294967295.0,4294967295.0,1.0,0.011650690776680447,0.011999794786344567,261.0,1.0,-1.0,-1.0,0.9996862798937005,0.9695950480857485,0.0,0.023273014391360716,0.08209489217142842,0.11117439013384138
262.0,1.0,4.0,4294967295.0,4294967295.0,1.0,0.011650690776680447,0.01199979478634458,262.0,0.0,-1.0,-1.0,0.9996862798937005,0.9695950480857485,0.0,0.023273014391360716,0.08207388476764504,0.11115083286706247
263.0,1.0,1.0,4294967295.0,4294967295.0,1.0,0.011650690776680434,0.011999794786344567,263.0,1.0,-1.0,-1.0,0.9996862798937005,0.9695950480857485,0.0,0.023273014391360716,0.08205287736386167,0.11112727406969068
264.0,1.0,8.0,4294967295.0,4294967295.0,1.0,0.011650690776680434,0.011999794786344567,264.0,2.0,-1.0,-1.0,0.9996862798937005,0.9695950480857485,0.0,0.023273014391360716,0.08203186996007833,0.1111037137407053
265.0,1.0,5.0,4294967295.0,4294967295.0,1.0,0.011650690776680434,0.011999794786344595,265.0,2.0,-1.0,-1.0,0.9996862798937005,0.9695950480857485,0.0,0.023273014391360716,0.08201086255629496,0.1110801518790849
266.0,1.0,7.0,4294967295.0,4294967295.0,1.0,0.011650690776680434,0.011999794786344595,266.0,1.0,-1.0,-1.0,0.9996862798937005,0.9695950480857485,0.0,0.023273014391360716,0.0819898551525116,0.11105658848380741
267.0,1.0,7.0,4294967295.0,4294967295.0,1.0,0.011650690776680434,0.011999794786344595,267.0,0.0,-1.0,-1.0,0.9996862798937005,0.9695950480857485,0.0,0.023273014391360716,0.08196884774872822,0.11103302355385003
268.0,1.0,4.0,4294967295.0,4294967295.0,1.0,0.01165069077668042,0.011999794786344609,268.0,0.0,-1.0,-1.0,0.9996862798937005,0.9695950480857485,0.0,0.023273014391360716,0.08194784034494486,0.11100945708818928
269.0,1.0,6.0,4294967295.0,4294967295.0,1.0,0.01165069077668042,0.011999794786344595,269.0,1.0,-1.0,-1.0,0.9996862798937005,0.9695950480857485,0.0,0.023273014391360716,0.08192683294116149,0.11098588908580104
270.0,1.0,6.0,4294967295.0,4294967295.0,1.0,0.01165069077668042,0.011999794786344595,270.0,1.0,-1.0,-1.0,0.9996862798937005,0.9695950480857485,0.0,0.023273014391360716,0.08190582553737813,0.11096231954566048
271.0,1.0,6.0,4294967295.0,4294967295.0,1.0,0.01165069077668042,0.011999794786344622,271.0,1.0,-1.0,-1.0,0.9996862798937005,0.9695950480857485,0.0,0.023273014391360716,0.08188481813359474,0.11093874846674207
272.0,1.0,5.0,4294967295.0,4294967295.0,1.0,0.011650690776680406,0.011999794786344622,272.0,0.0,-1.0,-1.0,0.9996862798937005,0.9695950480857485,0.0,0.023273014391360716,0.08186381072981137,0.11091517584801965
273.0,1.0,7.0,4294967295.0,4294967295.0,1.0,0.011650690776680406,0.011999794786344622,273.0,0.0,-1.0,-1.0,0.9996862798937005,0.9695950480857485,0.0,0.023273014391360716,0.08184280332602802,0.11089160168846629
274.0,1.0,9.0,4294967295.0,4294967295.0,1.0,0.011650690776680406,0.011999794786344622,274.0,0.0,-1.0,-1.0,0.9996862798937005,0.9695950480857485,0.0,0.023273014391360716,0.08182179592224466,0.11086802598705447
275.0,1.0,4.0,4294967295.0,4294967295.0,1.0,0.011650690776680406,0.011999794786344609,275.0,0.0,-1.0,-1.0,0.9996862798937005,0.9695950480857485,0.0,0.023273014391360716,0.08180078851846129,0.11084444874275594
276.0,1.0,4.0,4294967295.0,4294967295.0,1.0,0.011650690776680406,0.011999794786344595,276.0,1.0,-1.0,-1.0,0.9996862798937005,0.9695950480857485,0.0,0.023273014391360716,0.08177978111467792,0.11082086995454175
277.0,1.0,2.0,4294967295.0,4294967295.0,1.0,0.011650690776680392,0.011999794786344609,277.0,1.0,-1.0,-1.0,0.9996862798937005,0.9695950480857485,0.0,0.023273014391360716,0.08175877371089456,0.11079728962138233
278.0,1.0,5.0,4294967295.0,4294967295.0,1.0,0.011650690776680392,0.011999794786344609,278.0,1.0,-1.0,-1.0,0.9996862798937005,0.9695950480857485,0.0,0.023273014391360716,0.0817377663071112,0.11077370774224732
279.0,1.0,9.0,4294967295.0,4294967295.0,1.0,0.011650690776680392,0.011999794786344609,279.0,0.0,-1.0,-1.0,0.9996862798937005,0.9695950480857485,0.0,0.023273014391360716,0.08171675890332784,0.11075012431610573
280.0,1.0,3.0,4294967295.0,4294967295.0,1.0,0.011650690776680392,0.011999794786344622,280.0,0.0,-1.0,-1.0,0.9996862798937005,0.9695950480857485,0.0,0.023273014391360716,0.08169575149954447,0.1107265393419259
281.0,1.0,5.0,4294967295.0,4294967295.0,1.0,0.011650690776680378,0.011999794786344609,281.0,0.0,-1.0,-1.0,0.9996862798937005,0.9695950480857485,0.0,0.023273014391360716,0.0816747440957611,0.11070295281867545
282.0,1.0,7.0,4294967295.0,4294967295.0,1.0,0.011650690776680378,0.011999794786344595,282.0,1.0,-1.0,-1.0,0.9996862798937005,0.9695950480857485,0.0,0.023273014391360716,0.08165373669197776,0.1106793647453213
283.0,1.0,7.0,4294967295.0,4294967295.0,1.0,0.011650690776680378,0.011999794786344609,283.0,0.0,-1.0,-1.0,0.9996862798937005,0.9695950480857485,0.0,0.023273014391360716,0.0816327292881944,0.11065577512082972
284.0,1.0,9.0,4294967295.0,4294967295.0,1.0,0.011650690776680378,0.011999794786344609,284.0,0.0,-1.0,-1.0,0.9996862798937005,0.9695950480857485,0.0,0.023273014391360716,0.08161172188441103,0.11063218394416628
285.0,1.0,6.0,4294967295.0,4294967295.0,1.0,0.011650690776680378,0.011999794786344609,285.0,1.0,-1.0,-1.0,0.9996862798937005,0.9695950480857485,0.0,0.023273014391360716,0.08159071448062766,0.11060859121429585
286.0,1.0,9.0,4294967295.0,4294967295.0,1.0,0.011650690776680364,0.011999794786344622,286.0,1.0,-1.0,-1.0,0.9996862798937005,0.9695950480857485,0.0,0.023273014391360716,0.08156970707684427,0.1105849969301826
287.0,1.0,13.0,4294967295.0,4294967295.0,1.0,0.01165069077668035,0.011999794786344622,287.0,0.0,-1.0,-1.0,0.9996862798937005,0.9695950480857485,0.0,0.023273014391360716,0.08154869967306091,0.11056140109079006
288.0,1.0,6.0,4294967295.0,4294967295.0,1.0,0.01165069077668035,0.011999794786344609,288.0,1.0,-1.0,-1.0,0.9996862798937005,0.9695950480857485,0.0,0.023273014391360716,0.08152769226927754,0.11053780369508098
289.0,1.0,5.0,4294967295.0,4294967295.0,1.0,0.01165069077668035,0.011999794786344609,289.0,1.0,-1.0,-1.0,0.9996862798937005,0.9695950480857485,0.0,0.023273014391360716,0.08150668486549419,0.1105142047420175
290.0,1.0,3.0,4294967295.0,4294967295.0,1.0,0.01165069077668035,0.011999794786344609,290.0,1.0,-1.0,-1.0,0.9996862798937005,0.9695950480857485,0.0,0.023273014391360716,0.0814856774617108,0.11049060423056102
291.0,1.0,7.0,4294967295.0,4294967295.0,1.0,0.01165069077668035,0.011999794786344609,291.0,0.0,-1.0,-1.0,0.9996862798937005,0.9695950480857485,0.0,0.023273014391360716,0.08146467005792746,0.11046700215967231
292.0,1.0,7.0,4294967295.0,4294967295.0,1.0,0.01165069077668035,0.011999794786344622,292.0,0.0,-1.0,-1.0,0.9996862798937005,0.9695950480857485,0.0,0.023273014391360716,0.08144366265414409,0.11044339852831135
293.0,1.0,5.0,4294967295.0,4294967295.0,1.0,0.01165069077668035,0.011999794786344622,293.0,0.0,-1.0,-1.0,0.9996862798937005,0.9695950480857485,0.0,0.023273014391360716,0.08142265525036073,0.11041979333543753
294.0,1.0,6.0,4294967295.0,4294967295.0,1.0,0.01165069077668035,0.011999794786344609,294.0,1.0,-1.0,-1.0,0.9996862798937005,0.9695950480857485,0.0,0.023273014391360716,0.08140164784657734,0.11039618658000945
295.0,1.0,3.0,4294967295.0,4294967295.0,1.0,0.011650690776680336,0.011999794786344609,295.0,2.0,-1.0,-1.0,0.9996862798937005,0.9695950480857485,0.0,0.023273014391360716,0.08138064044279397,0.11037257826098505
296.0,1.0,6.0,4294967295.0,4294967295.0,1.0,0.011650690776680322,0.011999794786344609,296.0,1.0,-1.0,-1.0,0.9996862798937005,0.9695950480857485,0.0,0.023273014391360716,0.08135963303901061,0.11034896837732161
297.0,1.0,8.0,4294967295.0,4294967295.0,1.0,0.011650690776680322,0.011999794786344609,297.0,0.0,-1.0,-1.0,0.9996862798937005,0.9695950480857485,0.0,0.023273014391360716,0.08133862563522726,0.11032535692797568
298.0,1.0,7.0,4294967295.0,4294967295.0,1.0,0.011650690776680322,0.011999794786344622,298.0,1.0,-1.0,-1.0,0.9996862798937005,0.9695950480857485,0.0,0.023273014391360716,0.0813176182314439,0.11030174391190314
299.0,1.0,7.0,4294967295.0,4294967295.0,1.0,0.011650690776680322,0.011999794786344636,299.0,0.0,-1.0,-1.0,0.9996862798937005,0.9695950480857485,0.0,0.023273014391360716,0.08129661082766053,0.11027812932805917
300.0,1.0,11.0,4294967295.0,4294967295.0,1.0,0.011650690776680322,0.011999794786344636,300.0,0.0,-1.0,-1.0,0.9996862798937005,0.9695950480857485,0.0,0.023273014391360716,0.08127560342387719,0.11025451317539821
301.0,1.0,7.0,4294967295.0,4294967295.0,1.0,0.011650690776680322,0.011999794786344636,301.0,0.0,-1.0,-1.0,0.9996862798937005,0.9695950480857485,0.0,0.023273014391360716,0.08125459602009383,0.11023089545287405
302.0,1.0,9.0,4294967295.0,4294967295.0,1.0,0.011650690776680322,0.011999794786344636,302.0,1.0,-1.0,-1.0,0.9996862798937005,0.9695950480857485,0.0,0.023273014391360716,0.08123358861631047,0.11020727615943976
303.0,1.0,8.0,4294967295.0,4294967295.0,1.0,0.011650690776680322,0.011999794786344636,303.0,0.0,-1.0,-1.0,0.9996862798937005,0.9695950480857485,0.0,0.023273014391360716,0.08121258121252709,0.1101836552940477
304.0,1.0,5.0,4294967295.0,4294967295.0,1.0,0.011650690776680309,0.01199979478634465,304.0,1.0,-1.0,-1.0,0.9996862798937005,0.9695950480857485,0.0,0.023273014391360716,0.08119157380874371,0.11016003285564957
305.0,1.0,7.0,4294967295.0,4294967295.0,1.0,0.011650690776680309,0.011999794786344678,305.0,1.0,-1.0,-1.0,0.9996862798937005,0.9695950480857485,0.0,0.023273014391360716,0.08117056640496036,0.11013640884319635
306.0,1.0,6.0,4294967295.0,4294967295.0,1.0,0.011650690776680309,0.011999794786344678,306.0,0.0,-1.0,-1.0,0.9996862798937005,0.9695950480857485,0.0,0.023273014391360716,0.081149559001177,0.11011278325563831
307.0,1.0,9.0,4294967295.0,4294967295.0,1.0,0.011650690776680309,0.011999794786344692,307.0,1.0,-1.0,-1.0,0.9996862798937005,0.9695950480857485,0.0,0.023273014391360716,0.08112855159739363,0.11008915609192502
308.0,1.0,4.0,4294967295.0,4294967295.0,1.0,0.011650690776680309,0.011999794786344706,308.0,0.0,-1.0,-1.0,0.9996862798937005,0.9695950480857485,0.0,0.023273014391360716,0.08110754419361026,0.11006552735100539
309.0,1.0,6.0,4294967295.0,4294967295.0,1.0,0.011650690776680295,0.011999794786344692,309.0,1.0,-1.0,-1.0,0.9996862798937005,0.9695950480857485,0.0,0.023273014391360716,0.08108653678982689,0.11004189703182757
310.0,1.0,8.0,4294967295.0,4294967295.0,1.0,0.011650690776680295,0.011999794786344706,310.0,0.0,-1.0,-1.0,0.9996862798937005,0.9695950480857485,0.0,0.023273014391360716,0.08106552938604353,0.11001826513333904
311.0,1.0,8.0,4294967295.0,4294967295.0,1.0,0.011650690776680295,0.011999794786344734,311.0,0.0,-1.0,-1.0,0.9996862798937005,0.9695950480857485,0.0,0.023273014391360716,0.08104452198226016,0.10999463165448659
312.0,1.0,4.0,4294967295.0,4294967295.0,1.0,0.011650690776680295,0.011999794786344734,312.0,1.0,-1.0,-1.0,0.9996862798937005,0.9695950480857485,0.0,0.023273014391360716,0.08102351457847679,0.10997099659421629
313.0,1.0,4.0,4294967295.0,4294967295.0,1.0,0.01165069077668028,0.011999794786344747,313.0,0.0,-1.0,-1.0,0.9996862798937005,0.9695950480857485,0.0,0.023273014391360716,0.0810025071746934,0.10994735995147349
314.0,1.0,4.0,4294967295.0,4294967295.0,1.0,0.01165069077668028,0.011999794786344761,314.0,1.0,-1.0,-1.0,0.9996862798937005,0.9695950480857485,0.0,0.023273014391360716,0.08098149977091006,0.10992372172520291
315.0,1.0,7.0,4294967295.0,4294967295.0,1.0,0.01165069077668028,0.011999794786344747,315.0,1.0,-1.0,-1.0,0.9996862798937005,0.9695950480857485,0.0,0.023273014391360716,0.0809604923671267,0.10990008191434847
316.0,1.0,5.0,4294967295.0,4294967295.0,1.0,0.01165069077668028,0.011999794786344747,316.0,0.0,-1.0,-1.0,0.9996862798937005,0.9695950480857485,0.0,0.023273014391360716,0.08093948496334334,0.10987644051785342
317.0,1.0,8.0,4294967295.0,4294967295.0,1.0,0.01165069077668028,0.011999794786344775,317.0,0.0,-1.0,-1.0,0.9996862798937005,0.9695950480857485,0.0,0.023273014391360716,0.08091847755955997,0.10985279753466032
318.0,1.0,7.0,4294967295.0,4294967295.0,1.0,0.011650690776680267,0.011999794786344775,318.0,0.0,-1.0,-1.0,0.9996862798937005,0.9695950480857485,0.0,0.023273014391360716,0.0808974701557766,0.10982915296371104
319.0,1.0,4.0,4294967295.0,4294967295.0,1.0,0.011650690776680267,0.011999794786344789,319.0,0.0,-1.0,-1.0,0.9996862798937005,0.9695950480857485,0.0,0.023273014391360716,0.08087646275199326,0.10980550680394671
320.0,1.0,5.0,4294967295.0,4294967295.0,1.0,0.01165069077668028,0.011999794786344817,320.0,0.0,-1.0,-1.0,0.9996862798937005,0.9695950480857485,0.0,0.023273014391360716,0.0808554553482099,0.10978185905430778
321.0,1.0,9.0,4294967295.0,4294967295.0,1.0,0.01165069077668028,0.011999794786344803,321.0,0.0,-1.0,-1.0,0.9996862798937005,0.9695950480857485,0.0,0.023273014391360716,0.08083444794442653,0.10975820971373397
322.0,1.0,4.0,4294967295.0,4294967295.0,1.0,0.011650690776680267,0.011999794786344803,322.0,1.0,-1.0,-1.0,0.9996862798937005,0.9695950480857485,0.0,0.023273014391360716,0.08081344054064314,0.10973455878116431
323.0,1.0,7.0,4294967295.0,4294967295.0,1.0,0.011650690776680267,0.01199979478634483,323.0,2.0,-1.0,-1.0,0.9996862798937005,0.9695950480857485,0.0,0.023273014391360716,0.0807924331368598,0.1097109062555371
324.0,1.0,6.0,4294967295.0,4294967295.0,1.0,0.011650690776680267,0.01199979478634483,324.0,0.0,-1.0,-1.0,0.9996862798937005,0.9695950480857485,0.0,0.023273014391360716,0.08077142573307643,0.10968725213578993
325.0,1.0,4.0,4294967295.0,4294967295.0,1.0,0.011650690776680267,0.01199979478634483,325.0,1.0,-1.0,-1.0,0.9996862798937005,0.9695950480857485,0.0,0.023273014391360716,0.08075041832929307,0.10966359642085974
326.0,1.0,7.0,4294967295.0,4294967295.0,1.0,0.011650690776680267,0.011999794786344858,326.0,0.0,-1.0,-1.0,0.9996862798937005,0.9695950480857485,0.0,0.023273014391360716,0.08072941092550968,0.10963993910968271
327.0,1.0,6.0,4294967295.0,4294967295.0,1.0,0.011650690776680253,0.011999794786344858,327.0,0.0,-1.0,-1.0,0.9996862798937005,0.9695950480857485,0.0,0.023273014391360716,0.08070840352172631,0.10961628020119431
328.0,1.0,3.0,4294967295.0,4294967295.0,1.0,0.011650690776680253,0.011999794786344845,328.0,1.0,-1.0,-1.0,0.9996862798937005,0.9695950480857485,0.0,0.023273014391360716,0.08068739611794296,0.1095926196943293
329.0,1.0,8.0,4294967295.0,4294967295.0,1.0,0.011650690776680253,0.011999794786344858,329.0,1.0,-1.0,-1.0,0.9996862798937005,0.9695950480857485,0.0,0.023273014391360716,0.0806663887141596,0.10956895758802176
330.0,1.0,3.0,4294967295.0,4294967295.0,1.0,0.011650690776680253,0.011999794786344858,330.0,1.0,-1.0,-1.0,0.9996862798937005,0.9695950480857485,0.0,0.023273014391360716,0.08064538131037623,0.10954529388120506
331.0,1.0,5.0,4294967295.0,4294967295.0,1.0,0.011650690776680253,0.011999794786344858,331.0,1.0,-1.0,-1.0,0.9996862798937005,0.9695950480857485,0.0,0.023273014391360716,0.08062437390659286,0.10952162857281178
332.0,1.0,7.0,4294967295.0,4294967295.0,1.0,0.011650690776680253,0.011999794786344886,332.0,1.0,-1.0,-1.0,0.9996862798937005,0.9695950480857485,0.0,0.023273014391360716,0.08060336650280951,0.10949796166177389
333.0,1.0,9.0,4294967295.0,4294967295.0,1.0,0.011650690776680253,0.011999794786344886,333.0,0.0,-1.0,-1.0,0.9996862798937005,0.9695950480857485,0.0,0.023273014391360716,0.08058235909902615,0.10947429314702259
334.0,1.0,1.0,4294967295.0,4294967295.0,1.0,0.011650690776680253,0.011999794786344872,334.0,0.0,-1.0,-1.0,0.9996862798937005,0.9695950480857485,0.0,0.023273014391360716,0.0805613516952428,0.10945062302748838
335.0,1.0,6.0,4294967295.0,4294967295.0,1.0,0.011650690776680253,0.011999794786344886,335.0,2.0,-1.0,-1.0,0.9996862798937005,0.9695950480857485,0.0,0.023273014391360716,0.08054034429145943,0.10942695130210107
336.0,1.0,9.0,4294967295.0,4294967295.0,1.0,0.01165069077668024,0.011999794786344872,336.0,0.0,-1.0,-1.0,0.9996862798937005,0.9695950480857485,0.0,0.023273014391360716,0.08051933688767605,0.1094032779697897
337.0,1.0,9.0,4294967295.0,4294967295.0,1.0,0.01165069077668024,0.011999794786344872,337.0,1.0,-1.0,-1.0,0.9996862798937005,0.9695950480857485,0.0,0.023273014391360716,0.08049832948389271,0.10937960302948266
338.0,1.0,5.0,4294967295.0,4294967295.0,1.0,0.01165069077668024,0.011999794786344886,338.0,0.0,-1.0,-1.0,0.9996862798937005,0.9695950480857485,0.0,0.023273014391360716,0.08047732208010935,0.10935592648010756
339.0,1.0,5.0,4294967295.0,4294967295.0,1.0,0.01165069077668024,0.011999794786344886,339.0,0.0,-1.0,-1.0,0.9996862798937005,0.9695950480857485,0.0,0.023273014391360716,0.08045631467632598,0.10933224832059135
340.0,1.0,3.0,4294967295.0,4294967295.0,1.0,0.01165069077668024,0.011999794786344886,340.0,1.0,-1.0,-1.0,0.9996862798937005,0.9695950480857485,0.0,0.023273014391360716,0.08043530727254261,0.10930856854986025
341.0,1.0,9.0,4294967295.0,4294967295.0,1.0,0.01165069077668024,0.011999794786344886,341.0,1.0,-1.0,-1.0,0.9996862798937005,0.9695950480857485,0.0,0.023273014391360716,0.08041429986875924,0.10928488716683976
342.0,1.0,7.0,4294967295.0,4294967295.0,1.0,0.011650690776680225,0.011999794786344872,342.0,1.0,-1.0,-1.0,0.9996862798937005,0.9695950480857485,0.0,0.023273014391360716,0.08039329246497588,0.10926120417045468
343.0,1.0,5.0,4294967295.0,4294967295.0,1.0,0.011650690776680225,0.011999794786344872,343.0,1.0,-1.0,-1.0,0.9996862798937005,0.9695950480857485,0.0,0.023273014391360716,0.08037228506119251,0.10923751955962903
344.0,1.0,3.0,4294967295.0,4294967295.0,1.0,0.011650690776680225,0.011999794786344886,344.0,0.0,-1.0,-1.0,0.9996862798937005,0.9695950480857485,0.0,0.023273014391360716,0.08035127765740915,0.10921383333328616
345.0,1.0,10.0,4294967295.0,4294967295.0,1.0,0.011650690776680225,0.011999794786344886,345.0,3.0,-1.0,-1.0,0.9996862798937005,0.9695950480857485,0.0,0.023273014391360716,0.08033027025362577,0.10919014549034874
346.0,1.0,6.0,4294967295.0,4294967295.0,1.0,0.011650690776680225,0.011999794786344886,346.0,1.0,-1.0,-1.0,0.9996862798937005,0.9695950480857485,0.0,0.023273014391360716,0.08030926284984242,0.10916645602973865
347.0,1.0,9.0,4294967295.0,4294967295.0,1.0,0.011650690776680225,0.011999794786344886,347.0,1.0,-1.0,-1.0,0.9996862798937005,0.9695950480857485,0.0,0.023273014391360716,0.08028825544605905,0.10914276495037711
348.0,1.0,3.0,4294967295.0,4294967295.0,1.0,0.011650690776680225,0.011999794786344872,348.0,1.0,-1.0,-1.0,0.9996862798937005,0.9695950480857485,0.0,0.023273014391360716,0.0802672480422757,0.10911907225118457
349.0,1.0,7.0,4294967295.0,4294967295.0,1.0,0.011650690776680225,0.011999794786344858,349.0,2.0,-1.0,-1.0,0.9996862798937005,0.9695950480857485,0.0,0.023273014391360716,0.08024624063849231,0.10909537793108078
350.0,1.0,8.0,4294967295.0,4294967295.0,1.0,0.011650690776680211,0.011999794786344872,350.0,0.0,-1.0,-1.0,0.9996862798937005,0.9695950480857485,0.0,0.023273014391360716,0.08022523323470895,0.1090716819889848
351.0,1.0,5.0,4294967295.0,4294967295.0,1.0,0.011650690776680211,0.011999794786344872,351.0,1.0,-1.0,-1.0,0.9996862798937005,0.9695950480857485,0.0,0.023273014391360716,0.0802042258309256,0.10904798442381491
352.0,1.0,11.0,4294967295.0,4294967295.0,1.0,0.011650690776680211,0.011999794786344872,352.0,0.0,-1.0,-1.0,0.9996862798937005,0.9695950480857485,0.0,0.023273014391360716,0.08018321842714224,0.10902428523448872
353.0,1.0,4.0,4294967295.0,4294967295.0,1.0,0.011650690776680211,0.011999794786344886,353.0,0.0,-1.0,-1.0,0.9996862798937005,0.9695950480857485,0.0,0.023273014391360716,0.08016221102335888,0.10900058441992307
354.0,1.0,5.0,4294967295.0,4294967295.0,1.0,0.011650690776680211,0.011999794786344872,354.0,0.0,-1.0,-1.0,0.9996862798937005,0.9695950480857485,0.0,0.023273014391360716,0.08014120361957551,0.10897688197903414
355.0,1.0,5.0,4294967295.0,4294967295.0,1.0,0.011650690776680211,0.011999794786344858,355.0,0.0,-1.0,-1.0,0.9996862798937005,0.9695950480857485,0.0,0.023273014391360716,0.08012019621579217,0.10895317791073733
356.0,1.0,4.0,4294967295.0,4294967295.0,1.0,0.011650690776680211,0.011999794786344872,356.0,0.0,-1.0,-1.0,0.9996862798937005,0.9695950480857485,0.0,0.023273014391360716,0.08009918881200881,0.10892947221394735
357.0,1.0,7.0,4294967295.0,4294967295.0,1.0,0.011650690776680211,0.011999794786344872,357.0,0.0,-1.0,-1.0,0.9996862798937005,0.9695950480857485,0.0,0.023273014391360716,0.08007818140822545,0.1089057648875782
358.0,1.0,7.0,4294967295.0,4294967295.0,1.0,0.011650690776680211,0.011999794786344872,358.0,1.0,-1.0,-1.0,0.9996862798937005,0.9695950480857485,0.0,0.023273014391360716,0.08005717400444207,0.10888205593054306
359.0,1.0,6.0,4294967295.0,4294967295.0,1.0,0.011650690776680198,0.011999794786344886,359.0,3.0,-1.0,-1.0,0.9996862798937005,0.9695950480857485,0.0,0.023273014391360716,0.0800361666006587,0.10885834534175452
360.0,1.0,5.0,4294967295.0,4294967295.0,1.0,0.011650690776680198,0.011999794786344886,360.0,1.0,-1.0,-1.0,0.9996862798937005,0.9695950480857485,0.0,0.023273014391360716,0.08001515919687534,0.10883463312012438
361.0,1.0,8.0,4294967295.0,4294967295.0,1.0,0.011650690776680198,0.011999794786344872,361.0,1.0,-1.0,-1.0,0.9996862798937005,0.9695950480857485,0.0,0.023273014391360716,0.07999415179309198,0.10881091926456368
362.0,1.0,8.0,4294967295.0,4294967295.0,1.0,0.011650690776680198,0.011999794786344872,362.0,2.0,-1.0,-1.0,0.9996862798937005,0.9695950480857485,0.0,0.023273014391360716,0.07997314438930861,0.10878720377398281
363.0,1.0,4.0,4294967295.0,4294967295.0,1.0,0.011650690776680198,0.011999794786344872,363.0,0.0,-1.0,-1.0,0.9996862798937005,0.9695950480857485,0.0,0.023273014391360716,0.07995213698552524,0.10876348664729137
364.0,1.0,5.0,4294967295.0,4294967295.0,1.0,0.011650690776680184,0.011999794786344872,364.0,1.0,-1.0,-1.0,0.9996862798937005,0.9695950480857485,0.0,0.023273014391360716,0.07993112958174187,0.10873976788339824
365.0,1.0,6.0,4294967295.0,4294967295.0,1.0,0.011650690776680184,0.011999794786344886,365.0,1.0,-1.0,-1.0,0.9996862798937005,0.9695950480857485,0.0,0.023273014391360716,0.07991012217795851,0.10871604748121162
366.0,1.0,9.0,4294967295.0,4294967295.0,1.0,0.011650690776680184,0.011999794786344914,366.0,1.0,-1.0,-1.0,0.9996862798937005,0.9695950480857485,0.0,0.023273014391360716,0.07988911477417514,0.10869232543963893
367.0,1.0,3.0,4294967295.0,4294967295.0,1.0,0.011650690776680184,0.0119997947863449,367.0,0.0,-1.0,-1.0,0.9996862798937005,0.9695950480857485,0.0,0.023273014391360716,0.07986810737039177,0.10866860175758689
368.0,1.0,2.0,4294967295.0,4294967295.0,1.0,0.01165069077668017,0.0119997947863449,368.0,0.0,-1.0,-1.0,0.9996862798937005,0.9695950480857485,0.0,0.023273014391360716,0.07984709996660838,0.10864487643396147
369.0,1.0,7.0,4294967295.0,4294967295.0,1.0,0.01165069077668017,0.011999794786344914,369.0,0.0,-1.0,-1.0,0.9996862798937005,0.9695950480857485,0.0,0.023273014391360716,0.07982609256282504,0.10862114946766795
370.0,1.0,8.0,4294967295.0,4294967295.0,1.0,0.01165069077668017,0.011999794786344914,370.0,0.0,-1.0,-1.0,0.9996862798937005,0.9695950480857485,0.0,0.023273014391360716,0.07980508515904168,0.10859742085761082
371.0,1.0,10.0,4294967295.0,4294967295.0,1.0,0.01165069077668017,0.011999794786344928,371.0,0.0,-1.0,-1.0,0.9996862798937005,0.9695950480857485,0.0,0.023273014391360716,0.07978407775525832,0.10857369060269388
372.0,1.0,3.0,4294967295.0,4294967295.0,1.0,0.01165069077668017,0.011999794786344956,372.0,0.0,-1.0,-1.0,0.9996862798937005,0.9695950480857485,0.0,0.023273014391360716,0.07976307035147495,0.10854995870182023
373.0,1.0,8.0,4294967295.0,4294967295.0,1.0,0.011650690776680156,0.011999794786344956,373.0,0.0,-1.0,-1.0,0.9996862798937005,0.9695950480857485,0.0,0.023273014391360716,0.07974206294769158,0.10852622515389215
374.0,1.0,6.0,4294967295.0,4294967295.0,1.0,0.011650690776680142,0.011999794786344956,374.0,0.0,-1.0,-1.0,0.9996862798937005,0.9695950480857485,0.0,0.023273014391360716,0.07972105554390822,0.10850248995781127
375.0,1.0,10.0,4294967295.0,4294967295.0,1.0,0.011650690776680142,0.01199979478634497,375.0,1.0,-1.0,-1.0,0.9996862798937005,0.9695950480857485,0.0,0.023273014391360716,0.07970004814012487,0.10847875311247844
376.0,1.0,5.0,4294967295.0,4294967295.0,1.0,0.011650690776680142,0.01199979478634497,376.0,0.0,-1.0,-1.0,0.9996862798937005,0.9695950480857485,0.0,0.023273014391360716,0.0796790407363415,0.10845501461679379
377.0,1.0,6.0,4294967295.0,4294967295.0,1.0,0.011650690776680128,0.011999794786344983,377.0,1.0,-1.0,-1.0,0.9996862798937005,0.9695950480857485,0.0,0.023273014391360716,0.07965803333255811,0.1084312744696567
378.0,1.0,6.0,4294967295.0,4294967295.0,1.0,0.011650690776680128,0.011999794786345011,378.0,1.0,-1.0,-1.0,0.9996862798937005,0.9695950480857485,0.0,0.023273014391360716,0.07963702592877477,0.10840753266996588
379.0,1.0,6.0,4294967295.0,4294967295.0,1.0,0.011650690776680128,0.011999794786345011,379.0,0.0,-1.0,-1.0,0.9996862798937005,0.9695950480857485,0.0,0.023273014391360716,0.0796160185249914,0.10838378921661923
380.0,1.0,7.0,4294967295.0,4294967295.0,1.0,0.011650690776680128,0.011999794786345025,380.0,0.0,-1.0,-1.0,0.9996862798937005,0.9695950480857485,0.0,0.023273014391360716,0.07959501112120804,0.10836004410851396
381.0,1.0,0.0,4294967295.0,4294967295.0,1.0,0.011650690776680128,0.011999794786345039,381.0,0.0,-1.0,-1.0,0.867541277643506,0.06874293104515919,0.0,0.023273014391360716,0.07899757541819763,0.10089188740297655
382.0,1.0,0.0,4294967295.0,4294967295.0,2.0,0.011650690776680128,0.011999794786345039,382.0,0.0,-1.0,-1.0,0.014204893595178028,0.008388570143134403,0.0,0.023273014391360716,0.052800200067451245,0.07939763017095079
384.0,2.0,0.0,4294967295.0,4294967295.0,2.0,0.01164920538923242,0.011998932856255487,383.0,0.0,-1.0,-1.0,8.322821131341495e-05,0.008247717015336387,22.0,0.023273014391360716,0.051966154139863475,0.07935423767525152
386.0,2.0,0.0,4294967295.0,4294967295.0,2.0,0.011647729468041004,0.011998088498515455,384.0,0.0,-1.0,-1.0,8.315965605345438e-05,0.00824771634159882,22.0,0.023273014391360716,0.05192859683701104,0.079311112644455
388.0,2.0,0.0,4294967295.0,4294967295.0,2.0,0.011646253546894886,0.011997244140859564,385.0,0.0,-1.0,-1.0,8.315965572534506e-05,0.0082477163415956,22.0,0.023273014391360716,0.051891050053154614,0.07926798761493857
390.0,2.0,0.0,4294967295.0,4294967295.0,2.0,0.011644777625748753,0.011996420004398142,386.0,0.0,-1.0,-1.0,8.315965572534348e-05,0.0082477163415956,22.0,0.023273014391360716,0.051853509931258,0.07922486258542213
392.0,2.0,0.0,4294967295.0,4294967295.0,2.0,0.011643301704602607,0.01199563618627729,387.0,0.0,-1.0,-1.0,8.315965572534348e-05,0.0082477163415956,22.0,0.023273014391360716,0.051815976480191206,0.07918173755590571
394.0,2.0,0.0,4294967295.0,4294967295.0,2.0,0.011641825783456461,0.011994852368156436,388.0,0.0,-1.0,-1.0,8.315965572534348e-05,0.0082477163415956,22.0,0.023273014391360716,0.0517784497088546,0.07913861252638929
396.0,2.0,0.0,4294967295.0,4294967295.0,2.0,0.011640349862310315,0.011994068550035583,389.0,0.0,-1.0,-1.0,8.315965572534348e-05,0.0082477163415956,22.0,0.023273014391360716,0.05174092962616042,0.07909548749687285
398.0,2.0,0.0,4294967295.0,4294967295.0,2.0,0.011638873941164168,0.01199328473191473,390.0,0.0,-1.0,-1.0,8.315965572534348e-05,0.0082477163415956,22.0,0.023273014391360716,0.05170341624103283,0.07905236246735643
400.0,2.0,0.0,4294967295.0,4294967295.0,2.0,0.01163739802001805,0.011992500913793891,391.0,0.0,-1.0,-1.0,8.315965572534348e-05,0.0082477163415956,22.0,0.023273014391360716,0.05166590956240785,0.07900923743784
402.0,2.0,0.0,4294967295.0,4294967295.0,2.0,0.011635922098871931,0.011991717095673038,392.0,0.0,-1.0,-1.0,8.315965572534348e-05,0.0082477163415956,22.0,0.023273014391360716,0.05162840959923347,0.07896611240832357
404.0,2.0,0.0,4294967295.0,4294967295.0,2.0,0.011634446177725813,0.011990933277552171,393.0,0.0,-1.0,-1.0,8.315965572534348e-05,0.0082477163415956,22.0,0.023273014391360716,0.05159091636046958,0.07892298737880714
406.0,2.0,0.0,4294967295.0,4294967295.0,2.0,0.011632970256579667,0.011990149459431318,394.0,0.0,-1.0,-1.0,8.315965572534348e-05,0.0082477163415956,22.0,0.023273014391360716,0.05155342985508805,0.07887986234929072
408.0,2.0,0.0,4294967295.0,4294967295.0,2.0,0.011631494335433534,0.011989365641310451,395.0,0.0,-1.0,-1.0,8.315965572534348e-05,0.0082477163415956,22.0,0.023273014391360716,0.051515950092072695,0.0788367373197743
410.0,2.0,0.0,4294967295.0,4294967295.0,2.0,0.011630018414287402,0.011988581823189584,396.0,0.0,-1.0,-1.0,8.315965572534348e-05,0.0082477163415956,22.0,0.023273014391360716,0.051478477080419346,0.07879361229025786
412.0,2.0,0.0,4294967295.0,4294967295.0,2.0,0.011628542493141256,0.011987798005068717,397.0,0.0,-1.0,-1.0,8.315965572534348e-05,0.0082477163415956,22.0,0.023273014391360716,0.05144101082913582,0.07875048726074144
414.0,2.0,0.0,4294967295.0,4294967295.0,2.0,0.01162706657199511,0.01198701418694785,398.0,0.0,-1.0,-1.0,8.315965572534348e-05,0.0082477163415956,22.0,0.023273014391360716,0.05140355134724196,0.078707362231225
416.0,2.0,0.0,4294967295.0,4294967295.0,2.0,0.011625590650848977,0.011986230368826983,399.0,0.0,-1.0,-1.0,8.315965572534348e-05,0.0082477163415956,22.0,0.023273014391360716,0.051366098643769634,0.07866423720170858
418.0,2.0,0.0,4294967295.0,4294967295.0,2.0,0.011624114729702845,0.011985446550706116,400.0,0.0,-1.0,-1.0,8.315965572534348e-05,0.0082477163415956,22.0,0.023273014391360716,0.051328652727762755,0.07862111217219214
420.0,2.0,0.0,4294967295.0,4294967295.0,2.0,0.011622638808556726,0.01198466273258525,401.0,0.0,-1.0,-1.0,8.315965572534348e-05,0.0082477163415956,22.0,0.023273014391360716,0.05129121360827734,0.07857798714267572
422.0,2.0,0.0,4294967295.0,4294967295.0,2.0,0.011621162887410594,0.011983878914464396,402.0,0.0,-1.0,-1.0,8.315965572534348e-05,0.0082477163415956,22.0,0.023273014391360716,0.05125378129438143,0.07853489440191845
424.0,2.0,0.0,4294967295.0,4294967295.0,2.0,0.011619686966264461,0.011983095096343543,403.0,0.0,-1.0,-1.0,8.315965572534348e-05,0.0082477163415956,22.0,0.023273014391360716,0.051216355795155225,0.07849180996397977
426.0,2.0,0.0,4294967295.0,4294967295.0,2.0,0.011618211045118329,0.011982311278222676,404.0,0.0,-1.0,-1.0,8.315965572534348e-05,0.0082477163415956,22.0,0.023273014391360716,0.051178937119690994,0.07844872552604108
428.0,2.0,0.0,4294967295.0,4294967295.0,2.0,0.011616735123972197,0.01198152746010181,405.0,0.0,-1.0,-1.0,8.315965572534348e-05,0.0082477163415956,22.0,0.023273014391360716,0.051141525277093154,0.07840564108810241
430.0,2.0,0.0,4294967295.0,4294967295.0,2.0,0.011615259202826064,0.011980743641980943,406.0,0.0,-1.0,-1.0,8.315965572534348e-05,0.0082477163415956,22.0,0.023273014391360716,0.05110412027647828,0.07836255665016373
432.0,2.0,0.0,4294967295.0,4294967295.0,2.0,0.011613783281679932,0.011979959823860076,407.0,0.0,-1.0,-1.0,8.315965572534348e-05,0.0082477163415956,22.0,0.023273014391360716,0.05106672212697509,0.07831947221222503
434.0,2.0,0.0,4294967295.0,4294967295.0,2.0,0.0116123073605338,0.011979176005739223,408.0,0.0,-1.0,-1.0,8.315965572534348e-05,0.0082477163415956,22.0,0.023273014391360716,0.0510293308377245,0.07827638777428635
436.0,2.0,0.0,4294967295.0,4294967295.0,2.0,0.011610831439387667,0.01197839218761837,409.0,0.0,-1.0,-1.0,8.315965572534348e-05,0.0082477163415956,22.0,0.023273014391360716,0.05099194641787961,0.07823330333634766
438.0,2.0,0.0,4294967295.0,4294967295.0,2.0,0.011609355518241535,0.011977608369497503,410.0,0.0,-1.0,-1.0,8.315965572534348e-05,0.0082477163415956,22.0,0.023273014391360716,0.05095456887660574,0.07819021889840896
440.0,2.0,0.0,4294967295.0,4294967295.0,2.0,0.011607879597095402,0.011976824551376636,411.0,0.0,-1.0,-1.0,8.315965572534348e-05,0.0082477163415956,22.0,0.023273014391360716,0.050917198223080426,0.07814713446047027
442.0,2.0,0.0,4294967295.0,4294967295.0,2.0,0.01160640367594927,0.011976040733255783,412.0,0.0,-1.0,-1.0,8.315965572534348e-05,0.0082477163415956,22.0,0.023273014391360716,0.050879834466493475,0.07810405002253157
444.0,2.0,0.0,4294967295.0,4294967295.0,2.0,0.011604927754803138,0.01197525691513493,413.0,0.0,-1.0,-1.0,8.315965572534348e-05,0.0082477163415956,22.0,0.023273014391360716,0.05084247761604691,0.07806096558459287
446.0,2.0,0.0,4294967295.0,4294967295.0,2.0,0.011603451833657005,0.01197447309701409,414.0,0.0,-1.0,-1.0,8.315965572534348e-05,0.0082477163415956,22.0,0.023273014391360716,0.050805127680955096,0.07801788114665417
448.0,2.0,0.0,4294967295.0,4294967295.0,2.0,0.011601975912510873,0.011973689278893265,415.0,0.0,-1.0,-1.0,8.315965572534348e-05,0.0082477163415956,22.0,0.023273014391360716,0.050767784670444634,0.07797479670871547
450.0,2.0,0.0,4294967295.0,4294967295.0,2.0,0.01160049999136474,0.011972905460772412,416.0,0.0,-1.0,-1.0,8.315965572534348e-05,0.0082477163415956,22.0,0.023273014391360716,0.05073044859375445,0.07793171227077679
452.0,2.0,0.0,4294967295.0,4294967295.0,2.0,0.011599024070218608,0.01197212164265156,417.0,0.0,-1.0,-1.0,8.315965572534348e-05,0.0082477163415956,22.0,0.023273014391360716,0.05069311946013583,0.0778886278328381
454.0,2.0,0.0,4294967295.0,4294967295.0,2.0,0.011597548149072462,0.011971337824530692,418.0,0.0,-1.0,-1.0,8.315965572534348e-05,0.0082477163415956,22.0,0.023273014391360716,0.050655797278852346,0.07784554339489944
456.0,2.0,0.0,4294967295.0,4294967295.0,2.0,0.01159607222792633,0.011970554006409825,419.0,0.0,-1.0,-1.0,8.315965572534348e-05,0.0082477163415956,22.0,0.023273014391360716,0.050618482059179994,0.07780245895696077
458.0,2.0,0.0,4294967295.0,4294967295.0,2.0,0.011594596306780197,0.011969770188288986,420.0,0.0,-1.0,-1.0,8.315965572534348e-05,0.0082477163415956,22.0,0.023273014391360716,0.05058117381040708,0.07775937451902207
460.0,2.0,0.0,4294967295.0,4294967295.0,2.0,0.011593120385634065,0.011968986370168147,421.0,0.0,-1.0,-1.0,8.315965572534348e-05,0.0082477163415956,23.0,0.023273014391360716,0.050543872541834366,0.07771629008108337
462.0,2.0,0.0,4294967295.0,4294967295.0,2.0,0.011591644464487932,0.011968202552047294,422.0,0.0,-1.0,-1.0,8.315965572534348e-05,0.0082477163415956,23.0,0.023273014391360716,0.050506578262774965,0.07767320564314467
464.0,2.0,0.0,4294967295.0,4294967295.0,2.0,0.011590168543341814,0.011967418733926441,423.0,0.0,-1.0,-1.0,8.315965572534348e-05,0.0082477163415956,23.0,0.023273014391360716,0.05046929098255445,0.07763012120520597
466.0,2.0,0.0,4294967295.0,4294967295.0,2.0,0.011588692622195695,0.011966634915805588,424.0,0.0,-1.0,-1.0,8.315965572534348e-05,0.0082477163415956,23.0,0.023273014391360716,0.05043201071051085,0.07758703676726728
468.0,2.0,0.0,4294967295.0,4294967295.0,2.0,0.011587216701049577,0.011965851097684749,425.0,0.0,-1.0,-1.0,8.315965572534348e-05,0.0082477163415956,23.0,0.023273014391360716,0.050394737455994605,0.07754395232932858
470.0,2.0,0.0,4294967295.0,4294967295.0,2.0,0.01158574077990343,0.01196506727956391,426.0,0.0,-1.0,-1.0,8.315965572534348e-05,0.0082477163415956,23.0,0.023273014391360716,0.05035747122836868,0.07750086789138988
472.0,2.0,0.0,4294967295.0,4294967295.0,2.0,0.011584264858757284,0.011964283461443057,427.0,0.0,-1.0,-1.0,8.315965572534348e-05,0.0082477163415956,23.0,0.023273014391360716,0.0503202120370085,0.07745778345345118
474.0,2.0,0.0,4294967295.0,4294967295.0,2.0,0.011582788937611152,0.011963499643322204,428.0,0.0,-1.0,-1.0,8.315965572534348e-05,0.0082477163415956,23.0,0.023273014391360716,0.05028295989130201,0.07741469901551248
476.0,2.0,0.0,4294967295.0,4294967295.0,2.0,0.01158131301646502,0.01196271582520135,429.0,0.0,-1.0,-1.0,8.315965572534348e-05,0.0082477163415956,23.0,0.023273014391360716,0.050245714800649696,0.0773716145775738
478.0,2.0,0.0,4294967295.0,4294967295.0,2.0,0.011579837095318887,0.011961932007080497,430.0,0.0,-1.0,-1.0,8.315965572534348e-05,0.0082477163415956,23.0,0.023273014391360716,0.05020847677446456,0.07732853013963513
480.0,2.0,0.0,4294967295.0,4294967295.0,2.0,0.011578361174172755,0.011961148188959644,431.0,0.0,-1.0,-1.0,8.315965572534348e-05,0.0082477163415956,23.0,0.023273014391360716,0.05017124582217217,0.07728544570169646
482.0,2.0,0.0,4294967295.0,4294967295.0,2.0,0.011576885253026636,0.011960364370838805,432.0,0.0,-1.0,-1.0,8.315965572534348e-05,0.0082477163415956,23.0,0.023273014391360716,0.05013402195321067,0.07724236126375778
484.0,2.0,0.0,4294967295.0,4294967295.0,2.0,0.011575409331880518,0.011959580552717966,433.0,0.0,-1.0,-1.0,8.315965572534348e-05,0.0082477163415956,23.0,0.023273014391360716,0.050096805177030815,0.07719927682581908
486.0,2.0,0.0,4294967295.0,4294967295.0,2.0,0.011573933410734372,0.011958796734597113,434.0,0.0,-1.0,-1.0,8.315965572534348e-05,0.0082477163415956,23.0,0.023273014391360716,0.050059595503095945,0.07715619238788038
488.0,2.0,0.0,4294967295.0,4294967295.0,2.0,0.011572457489588225,0.01195801291647626,435.0,0.0,-1.0,-1.0,8.315965572534348e-05,0.0082477163415956,23.0,0.023273014391360716,0.050022392940882045,0.07711310794994168
490.0,2.0,0.0,4294967295.0,4294967295.0,2.0,0.01157098156844208,0.01195722909835542,436.0,0.0,-1.0,-1.0,8.315965572534348e-05,0.0082477163415956,23.0,0.023273014391360716,0.049985197499877725,0.07707002351200298
492.0,2.0,0.0,4294967295.0,4294967295.0,2.0,0.011569505647295947,0.011956445280234582,437.0,0.0,-1.0,-1.0,8.315965572534348e-05,0.0082477163415956,23.0,0.023273014391360716,0.049948009189584266,0.07702693907406429
494.0,2.0,0.0,4294967295.0,4294967295.0,2.0,0.011568029726149814,0.011955661462113742,438.0,0.0,-1.0,-1.0,8.315965572534348e-05,0.0082477163415956,23.0,0.023273014391360716,0.04991082801951562,0.07698385463612559
496.0,2.0,0.0,4294967295.0,4294967295.0,2.0,0.011566553805003682,0.011954877643992876,439.0,0.0,-1.0,-1.0,8.315965572534348e-05,0.0082477163415956,23.0,0.023273014391360716,0.04987365399919844,0.07694077019818689
498.0,2.0,0.0,4294967295.0,4294967295.0,2.0,0.011565077883857564,0.011954093825872009,440.0,0.0,-1.0,-1.0,8.315965572534348e-05,0.0082477163415956,23.0,0.023273014391360716,0.04983648713817209,0.0768976857602482
500.0,2.0,0.0,4294967295.0,4294967295.0,2.0,0.011563601962711445,0.011953310007751156,441.0,0.0,-1.0,-1.0,8.315965572534348e-05,0.0082477163415956,23.0,0.023273014391360716,0.049799327445988646,0.07685460132230951
502.0,2.0,0.0,4294967295.0,4294967295.0,2.0,0.011562126041565313,0.011952526189630303,442.0,0.0,-1.0,-1.0,8.315965572534348e-05,0.0082477163415956,23.0,0.023273014391360716,0.04976217493221295,0.07681151688437082
504.0,2.0,0.0,4294967295.0,4294967295.0,2.0,0.011560650120419166,0.011951742371509463,443.0,0.0,-1.0,-1.0,8.315965572534348e-05,0.0082477163415956,23.0,0.023273014391360716,0.049725029606422604,0.07676843244643214
506.0,2.0,0.0,4294967295.0,4294967295.0,2.0,0.011559174199273034,0.011950958553388624,444.0,0.0,-1.0,-1.0,8.315965572534348e-05,0.0082477163415956,23.0,0.023273014391360716,0.049687891478207964,0.07672534800849347
508.0,2.0,0.0,4294967295.0,4294967295.0,2.0,0.011557698278126902,0.011950174735267771,445.0,0.0,-1.0,-1.0,8.315965572534348e-05,0.0082477163415956,23.0,0.023273014391360716,0.049650760557172206,0.07668226357055478
510.0,2.0,0.0,4294967295.0,4294967295.0,2.0,0.01155622235698077,0.011949390917146918,446.0,0.0,-1.0,-1.0,8.315965572534348e-05,0.0082477163415956,23.0,0.023273014391360716,0.04961363685293131,0.0766391791326161
512.0,2.0,0.0,4294967295.0,4294967295.0,2.0,0.011554746435834637,0.011948607099026065,447.0,0.0,-1.0,-1.0,8.315965572534348e-05,0.0082477163415956,23.0,0.023273014391360716,0.0495765203751141,0.0765960946946774
514.0,2.0,0.0,4294967295.0,4294967295.0,2.0,0.011553270514688505,0.011947823280905226,448.0,0.0,-1.0,-1.0,8.315965572534348e-05,0.0082477163415956,23.0,0.023273014391360716,0.0495394111333622,0.0765530102567387
516.0,2.0,0.0,4294967295.0,4294967295.0,2.0,0.011551794593542372,0.011947039462784387,449.0,0.0,-1.0,-1.0,8.315965572534348e-05,0.0082477163415956,23.0,0.023273014391360716,0.04950230913733016,0.0765099258188
518.0,2.0,0.0,4294967295.0,4294967295.0,2.0,0.011550318672396226,0.011946255644663548,450.0,0.0,-1.0,-1.0,8.315965572534348e-05,0.0082477163415956,23.0,0.023273014391360716,0.049465214396685386,0.07646684138086131
520.0,2.0,0.0,4294967295.0,4294967295.0,2.0,0.01154884275125008,0.011945471826542695,451.0,0.0,-1.0,-1.0,8.315965572534348e-05,0.0082477163415956,23.0,0.023273014391360716,0.04942812692110816,0.07642375694292261
522.0,2.0,0.0,4294967295.0,4294967295.0,2.0,0.011547366830103933,0.011944688008421842,452.0,0.0,-1.0,-1.0,8.315965572534348e-05,0.0082477163415956,23.0,0.023273014391360716,0.04939104672029171,0.07638067250498391
524.0,2.0,0.0,4294967295.0,4294967295.0,2.0,0.011545890908957787,0.011943904190300988,453.0,0.0,-1.0,-1.0,8.315965572534348e-05,0.0082477163415956,23.0,0.023273014391360716,0.049353973803942186,0.07633758806704521
526.0,2.0,0.0,4294967295.0,4294967295.0,2.0,0.011544414987811641,0.011943120372180135,454.0,0.0,-1.0,-1.0,8.315965572534348e-05,0.0082477163415956,23.0,0.023273014391360716,0.04931690818177869,0.07629450362910653
528.0,2.0,0.0,4294967295.0,4294967295.0,2.0,0.011542939066665509,0.01194235841910636,455.0,0.0,-1.0,-1.0,8.315965572534348e-05,0.0082477163415956,23.0,0.023273014391360716,0.04927984986353328,0.07625141919116785
530.0,2.0,0.0,4294967295.0,4294967295.0,2.0,0.011541463145519376,0.011941633090631912,456.0,0.0,-1.0,-1.0,8.315965572534348e-05,0.0082477163415956,23.0,0.023273014391360716,0.049242798858951026,0.07620833475322916
532.0,2.0,0.0,4294967295.0,4294967295.0,2.0,0.01153998722437323,0.01194090776215749,457.0,0.0,-1.0,-1.0,8.315965572534348e-05,0.0082477163415956,23.0,0.023273014391360716,0.049205755177789974,0.07616525031529049
534.0,2.0,0.0,4294967295.0,4294967295.0,2.0,0.011538511303227084,0.01194018243368307,458.0,0.0,-1.0,-1.0,8.315965572534348e-05,0.0082477163415956,23.0,0.023273014391360716,0.0491687188298212,0.07612216587735181
536.0,2.0,0.0,4294967295.0,4294967295.0,2.0,0.011537035382080937,0.011939457105208648,459.0,0.0,-1.0,-1.0,8.315965572534348e-05,0.0082477163415956,23.0,0.023273014391360716,0.04913168982482881,0.07607908143941312
538.0,2.0,0.0,4294967295.0,4294967295.0,2.0,0.011535559460934791,0.011938731776734213,460.0,0.0,-1.0,-1.0,8.315965572534348e-05,0.0082477163415956,23.0,0.023273014391360716,0.049094668172609976,0.07603599700147444
540.0,2.0,0.0,4294967295.0,4294967295.0,2.0,0.011534083539788645,0.011938006448259778,461.0,0.0,-1.0,-1.0,8.315965572534348e-05,0.0082477163415956,23.0,0.023273014391360716,0.049057653882974936,0.07599291256353574
542.0,2.0,0.0,4294967295.0,4294967295.0,2.0,0.011532607618642499,0.011937281119785328,462.0,0.0,-1.0,-1.0,8.315965572534348e-05,0.0082477163415956,23.0,0.023273014391360716,0.049020646965747,0.07594982812559704
544.0,2.0,0.0,4294967295.0,4294967295.0,2.0,0.011531131697496366,0.01193655579131088,463.0,0.0,-1.0,-1.0,8.315965572534348e-05,0.0082477163415956,23.0,0.023273014391360716,0.04898364743076262,0.07590674368765835
546.0,2.0,0.0,4294967295.0,4294967295.0,2.0,0.011529655776350234,0.011935830462836416,464.0,0.0,-1.0,-1.0,8.315965572534348e-05,0.0082477163415956,23.0,0.023273014391360716,0.04894665528787133,0.07586365924971966
548.0,2.0,0.0,4294967295.0,4294967295.0,2.0,0.011528179855204088,0.011935105134361954,465.0,0.0,-1.0,-1.0,8.315965572534348e-05,0.0082477163415956,23.0,0.023273014391360716,0.04890967054693585,0.07582057481178098
550.0,2.0,0.0,4294967295.0,4294967295.0,2.0,0.011526703934057941,0.011934379805887504,466.0,0.0,-1.0,-1.0,8.315965572534348e-05,0.0082477163415956,23.0,0.023273014391360716,0.048872693217832025,0.0757774903738423
552.0,2.0,0.0,4294967295.0,4294967295.0,2.0,0.011525228012911795,0.011933654477413055,467.0,0.0,-1.0,-1.0,8.315965572534348e-05,0.0082477163415956,23.0,0.023273014391360716,0.04883572331044889,0.0757344059359036
554.0,2.0,0.0,4294967295.0,4294967295.0,2.0,0.011523752091765649,0.011932929148938606,468.0,0.0,-1.0,-1.0,8.315965572534348e-05,0.0082477163415956,23.0,0.023273014391360716,0.04879876083468868,0.07569132149796491
556.0,2.0,0.0,4294967295.0,4294967295.0,2.0,0.011522276170619503,0.011932203820464157,469.0,0.0,-1.0,-1.0,8.315965572534348e-05,0.0082477163415956,23.0,0.023273014391360716,0.04876180580046683,0.07564823706002624
558.0,2.0,0.0,4294967295.0,4294967295.0,2.0,0.011520800249473356,0.011931478491989708,470.0,0.0,-1.0,-1.0,8.315965572534348e-05,0.0082477163415956,23.0,0.023273014391360716,0.048724858217712004,0.07560515262208758
560.0,2.0,0.0,4294967295.0,4294967295.0,2.0,0.011519324328327224,0.01193075316351526,471.0,0.0,-1.0,-1.0,8.315965572534348e-05,0.0082477163415956,23.0,0.023273014391360716,0.04868791809636612,0.07556206818414891
562.0,2.0,0.0,4294967295.0,4294967295.0,2.0,0.011517848407181092,0.011930027835040796,472.0,0.0,-1.0,-1.0,8.315965572534348e-05,0.0082477163415956,23.0,0.023273014391360716,0.04865098544638436,0.07551898374621023
564.0,2.0,0.0,4294967295.0,4294967295.0,2.0,0.011516372486034945,0.011929302506566333,473.0,0.0,-1.0,-1.0,8.315965572534348e-05,0.0082477163415956,23.0,0.023273014391360716,0.0486140602777352,0.07547589930827155
566.0,2.0,0.0,4294967295.0,4294967295.0,2.0,0.011514896564888799,0.011928577178091912,474.0,0.0,-1.0,-1.0,8.315965572534348e-05,0.0082477163415956,23.0,0.023273014391360716,0.048577142600400365,0.07543281487033286
568.0,2.0,0.0,4294967295.0,4294967295.0,2.0,0.011513420643742653,0.01192785184961749,475.0,0.0,-1.0,-1.0,8.315965572534348e-05,0.0082477163415956,23.0,0.023273014391360716,0.04854023242437497,0.07538973043239418
570.0,2.0,0.0,4294967295.0,4294967295.0,2.0,0.011511944722596507,0.01192712652114307,476.0,0.0,-1.0,-1.0,8.315965572534348e-05,0.0082477163415956,23.0,0.023273014391360716,0.048503329759667424,0.0753466459944555
572.0,2.0,0.0,4294967295.0,4294967295.0,2.0,0.01151046880145036,0.01192640119266862,477.0,0.0,-1.0,-1.0,8.315965572534348e-05,0.0082477163415956,23.0,0.023273014391360716,0.04846643461629949,0.07530356155651681
574.0,2.0,0.0,4294967295.0,4294967295.0,2.0,0.011508992880304214,0.011925675864194171,478.0,0.0,-1.0,-1.0,8.315965572534348e-05,0.0082477163415956,23.0,0.023273014391360716,0.04842954700430633,0.07526047711857813
576.0,2.0,0.0,4294967295.0,4294967295.0,2.0,0.011507516959158082,0.011924950535719722,479.0,0.0,-1.0,-1.0,8.315965572534348e-05,0.0082477163415956,23.0,0.023273014391360716,0.04839266693373645,0.07521739268063944
578.0,2.0,0.0,4294967295.0,4294967295.0,2.0,0.01150604103801195,0.011924225207245287,480.0,0.0,-1.0,-1.0,8.315965572534348e-05,0.0082477163415956,23.0,0.023273014391360716,0.0483557944146518,0.07517430824270076
580.0,2.0,0.0,4294967295.0,4294967295.0,2.0,0.011504565116865803,0.011923499878770866,481.0,0.0,-1.0,-1.0,8.315965572534348e-05,0.0082477163415956,23.0,0.023273014391360716,0.048318929457127735,0.07513122380476207
582.0,2.0,0.0,4294967295.0,4294967295.0,2.0,0.011503089195719657,0.011922774550296444,482.0,0.0,-1.0,-1.0,8.315965572534348e-05,0.0082477163415956,23.0,0.023273014391360716,0.04828207207125307,0.07508813936682339
584.0,2.0,0.0,4294967295.0,4294967295.0,2.0,0.01150161327457351,0.011922049221822023,483.0,0.0,-1.0,-1.0,8.315965572534348e-05,0.0082477163415956,23.0,0.023273014391360716,0.048245222267130065,0.07504505492888472
586.0,2.0,0.0,4294967295.0,4294967295.0,2.0,0.011500137353427364,0.011921323893347588,484.0,0.0,-1.0,-1.0,8.315965572534348e-05,0.0082477163415956,23.0,0.023273014391360716,0.04820838005487447,0.07500197049094606
588.0,2.0,0.0,4294967295.0,4294967295.0,2.0,0.011498661432281204,0.011920598564873153,485.0,0.0,-1.0,-1.0,8.315965572534348e-05,0.0082477163415956,23.0,0.023273014391360716,0.048171545444615514,0.07495888605300739
590.0,2.0,0.0,4294967295.0,4294967295.0,2.0,0.011497185511135058,0.011919873236398704,486.0,0.0,-1.0,-1.0,8.315965572534348e-05,0.0082477163415956,23.0,0.023273014391360716,0.048134718446495965,0.07491580161506872
592.0,2.0,0.0,4294967295.0,4294967295.0,2.0,0.011495709589988912,0.011919147907924255,487.0,0.0,-1.0,-1.0,8.315965572534348e-05,0.0082477163415956,23.0,0.023273014391360716,0.04809789907067211,0.07487271717713004
594.0,2.0,0.0,4294967295.0,4294967295.0,2.0,0.011494233668842752,0.011918422579449833,488.0,0.0,-1.0,-1.0,8.315965572534348e-05,0.0082477163415956,23.0,0.023273014391360716,0.04806108732731378,0.07482963273919135
596.0,2.0,0.0,4294967295.0,4294967295.0,2.0,0.011492757747696591,0.011917697250975398,489.0,0.0,-1.0,-1.0,8.315965572534348e-05,0.0082477163415956,23.0,0.023273014391360716,0.0480242832266044,0.07478654830125267
598.0,2.0,0.0,4294967295.0,4294967295.0,2.0,0.011491281826550445,0.011916971922500977,490.0,0.0,-1.0,-1.0,8.315965572534348e-05,0.0082477163415956,23.0,0.023273014391360716,0.047987486778740936,0.07474346386331399
600.0,2.0,0.0,4294967295.0,4294967295.0,2.0,0.011489805905404299,0.011916246594026556,491.0,0.0,-1.0,-1.0,8.315965572534348e-05,0.0082477163415956,23.0,0.023273014391360716,0.04795069799393401,0.0747003794253753
602.0,2.0,0.0,4294967295.0,4294967295.0,2.0,0.011488329984258139,0.011915521265552134,492.0,0.0,-1.0,-1.0,8.315965572534348e-05,0.0082477163415956,23.0,0.023273014391360716,0.04791391688240785,0.07465729498743662
604.0,2.0,0.0,4294967295.0,4294967295.0,2.0,0.011486854063111979,0.011914795937077713,493.0,0.0,-1.0,-1.0,8.315965572534348e-05,0.0082477163415956,23.0,0.023273014391360716,0.0478771434544003,0.07461421054949793
606.0,2.0,0.0,4294967295.0,4294967295.0,2.0,0.011485378141965832,0.011914070608603264,494.0,0.0,-1.0,-1.0,8.315965572534348e-05,0.0082477163415956,23.0,0.023273014391360716,0.04784037772016289,0.07457112611155925
608.0,2.0,0.0,4294967295.0,4294967295.0,2.0,0.011483902220819686,0.011913345280128843,495.0,0.0,-1.0,-1.0,8.315965572534348e-05,0.0082477163415956,23.0,0.023273014391360716,0.04780361968996084,0.07452804167362057
610.0,2.0,0.0,4294967295.0,4294967295.0,2.0,0.011482426299673526,0.011912619951654421,496.0,0.0,-1.0,-1.0,8.315965572534348e-05,0.0082477163415956,23.0,0.023273014391360716,0.04776686937407304,0.07448495723568188
612.0,2.0,0.0,4294967295.0,4294967295.0,2.0,0.01148095037852738,0.011911894623180014,497.0,0.0,-1.0,-1.0,8.315965572534348e-05,0.0082477163415956,23.0,0.023273014391360716,0.04773012678279209,0.0744418727977432
614.0,2.0,0.0,4294967295.0,4294967295.0,2.0,0.011479474457381227,0.011911169294705592,498.0,0.0,-1.0,-1.0,8.315965572534348e-05,0.0082477163415956,23.0,0.023273014391360716,0.047693391926424356,0.07439878835980453
616.0,2.0,0.0,4294967295.0,4294967295.0,2.0,0.01147799853623508,0.011910443966231157,499.0,0.0,-1.0,-1.0,8.315965572534348e-05,0.0082477163415956,23.0,0.023273014391360716,0.047656664815289906,0.07435570392186586
618.0,2.0,0.0,4294967295.0,4294967295.0,2.0,0.011476522615088934,0.011909718637756722,500.0,0.0,-1.0,-1.0,8.315965572534348e-05,0.0082477163415956,23.0,0.023273014391360716,0.04761994545972264,0.07431261948392719
620.0,2.0,0.0,4294967295.0,4294967295.0,2.0,0.011475046693942795,0.011908993309282294,501.0,0.0,-1.0,-1.0,8.315965572534348e-05,0.0082477163415956,23.0,0.023273014391360716,0.047583233870070185,0.07426953504598852
622.0,2.0,0.0,4294967295.0,4294967295.0,2.0,0.011473570772796628,0.011908267980807866,502.0,0.0,-1.0,-1.0,8.315965572534348e-05,0.0082477163415956,23.0,0.023273014391360716,0.047546530056694014,0.07422645060804986
624.0,2.0,0.0,4294967295.0,4294967295.0,2.0,0.011472094851650468,0.011907542652333451,503.0,0.0,-1.0,-1.0,8.315965572534348e-05,0.0082477163415956,23.0,0.023273014391360716,0.047509834029969396,0.07418336617011118
626.0,2.0,0.0,4294967295.0,4294967295.0,2.0,0.011470618930504328,0.011906817323859023,504.0,0.0,-1.0,-1.0,8.315965572534348e-05,0.0082477163415956,23.0,0.023273014391360716,0.04747314580028546,0.0741402817321725
628.0,2.0,0.0,4294967295.0,4294967295.0,2.0,0.011469143009358182,0.011906091995384595,505.0,0.0,-1.0,-1.0,8.315965572534348e-05,0.0082477163415956,23.0,0.023273014391360716,0.0474364653780452,0.07409719729423384
630.0,2.0,0.0,4294967295.0,4294967295.0,2.0,0.011467667088212029,0.011905366666910167,506.0,0.0,-1.0,-1.0,8.315965572534348e-05,0.0082477163415956,23.0,0.023273014391360716,0.04739979277366549,0.07405411285629517
632.0,2.0,0.0,4294967295.0,4294967295.0,2.0,0.01146619116706589,0.011904641338435731,507.0,0.0,-1.0,-1.0,8.315965572534348e-05,0.0082477163415956,23.0,0.023273014391360716,0.04736312799757709,0.0740110284183565
634.0,2.0,0.0,4294967295.0,4294967295.0,2.0,0.01146471524591973,0.011903916009961303,508.0,0.0,-1.0,-1.0,8.315965572534348e-05,0.0082477163415956,23.0,0.023273014391360716,0.04732647106022469,0.07396794398041784
636.0,2.0,0.0,4294967295.0,4294967295.0,2.0,0.011463239324773576,0.011903190681486875,509.0,0.0,-1.0,-1.0,8.315965572534348e-05,0.0082477163415956,23.0,0.023273014391360716,0.0472898219720669,0.07392485954247915
638.0,2.0,0.0,4294967295.0,4294967295.0,2.0,0.01146176340362743,0.01190246535301244,510.0,0.0,-1.0,-1.0,8.315965572534348e-05,0.0082477163415956,23.0,0.023273014391360716,0.047253180743576303,0.0738817751045405
640.0,2.0,0.0,4294967295.0,4294967295.0,2.0,0.011460287482481284,0.011901740024538018,511.0,0.0,-1.0,-1.0,8.315965572534348e-05,0.0082477163415956,23.0,0.023273014391360716,0.04721654738523943,0.07383869066660181
642.0,2.0,0.0,4294967295.0,4294967295.0,2.0,0.011458811561335144,0.011901014696063604,512.0,0.0,-1.0,-1.0,8.315965572534348e-05,0.0082477163415956,23.0,0.023273014391360716,0.047179921907556814,0.07379560622866314
644.0,2.0,0.0,4294967295.0,4294967295.0,2.0,0.011457335640188991,0.011900289367589183,513.0,0.0,-1.0,-1.0,8.315965572534348e-05,0.0082477163415956,23.0,0.023273014391360716,0.04714330432104302,0.07375252179072447
646.0,2.0,0.0,4294967295.0,4294967295.0,2.0,0.011455859719042824,0.011899564039114748,514.0,0.0,-1.0,-1.0,8.315965572534348e-05,0.0082477163415956,23.0,0.023273014391360716,0.047106694636226625,0.07370943735278582
648.0,2.0,0.0,4294967295.0,4294967295.0,2.0,0.011454383797896671,0.01189883871064032,515.0,0.0,-1.0,-1.0,8.315965572534348e-05,0.0082477163415956,23.0,0.023273014391360716,0.047070092863650236,0.07366635291484715
650.0,2.0,0.0,4294967295.0,4294967295.0,2.0,0.011452907876750525,0.011898131849340236,516.0,0.0,-1.0,-1.0,8.315965572534348e-05,0.0082477163415956,23.0,0.023273014391360716,0.04703349901387056,0.07362326847690848
652.0,2.0,0.0,4294967295.0,4294967295.0,2.0,0.011451431955604378,0.011897462929776531,517.0,0.0,-1.0,-1.0,8.315965572534348e-05,0.0082477163415956,23.0,0.023273014391360716,0.046996913097458355,0.0735801840389698
654.0,2.0,0.0,4294967295.0,4294967295.0,2.0,0.011449956034458232,0.011896794010212826,518.0,0.0,-1.0,-1.0,8.315965572534348e-05,0.0082477163415956,23.0,0.023273014391360716,0.04696033512499852,0.07353709960103114
656.0,2.0,0.0,4294967295.0,4294967295.0,2.0,0.011448480113312086,0.011896125090649128,519.0,0.0,-1.0,-1.0,8.315965572534348e-05,0.0082477163415956,23.0,0.023273014391360716,0.04692376510709004,0.07349401516309245
658.0,2.0,0.0,4294967295.0,4294967295.0,2.0,0.011447004192165926,0.011895456171085422,520.0,0.0,-1.0,-1.0,8.315965572534348e-05,0.0082477163415956,23.0,0.023273014391360716,0.04688720305434606,0.0734509307251538
660.0,2.0,0.0,4294967295.0,4294967295.0,2.0,0.011445528271019773,0.011894787251521717,521.0,0.0,-1.0,-1.0,8.315965572534348e-05,0.0082477163415956,23.0,0.023273014391360716,0.046850648977393876,0.07340784628721513
662.0,2.0,0.0,4294967295.0,4294967295.0,2.0,0.01144405234987362,0.011894118331958012,522.0,0.0,-1.0,-1.0,8.315965572534348e-05,0.0082477163415956,23.0,0.023273014391360716,0.04681410288687498,0.07336476184927646
664.0,2.0,0.0,4294967295.0,4294967295.0,2.0,0.01144257642872748,0.0118934494123943,523.0,0.0,-1.0,-1.0,8.315965572534348e-05,0.0082477163415956,23.0,0.023273014391360716,0.04677756479344505,0.07332167741133779
666.0,2.0,0.0,4294967295.0,4294967295.0,2.0,0.01144110050758134,0.011892780492830601,524.0,0.0,-1.0,-1.0,8.315965572534348e-05,0.0082477163415956,23.0,0.023273014391360716,0.04674103470777398,0.07327859297339911
668.0,2.0,0.0,4294967295.0,4294967295.0,2.0,0.01143962458643518,0.011892111573266903,525.0,0.0,-1.0,-1.0,8.315965572534348e-05,0.0082477163415956,23.0,0.023273014391360716,0.04670451264054591,0.07323550853546043
670.0,2.0,0.0,4294967295.0,4294967295.0,2.0,0.011438148665289027,0.011891442653703198,526.0,0.0,-1.0,-1.0,8.315965572534348e-05,0.0082477163415956,23.0,0.023273014391360716,0.046667998602459224,0.07319242409752176
672.0,2.0,0.0,4294967295.0,4294967295.0,2.0,0.011436672744142881,0.011890773734139486,527.0,0.0,-1.0,-1.0,8.315965572534348e-05,0.0082477163415956,23.0,0.023273014391360716,0.04663149260422658,0.07314933965958309
674.0,2.0,0.0,4294967295.0,4294967295.0,2.0,0.011435196822996728,0.011890104814575773,528.0,0.0,-1.0,-1.0,8.315965572534348e-05,0.0082477163415956,23.0,0.023273014391360716,0.046594994656574934,0.07310625522164443
676.0,2.0,0.0,4294967295.0,4294967295.0,2.0,0.011433720901850582,0.011889435895012068,529.0,0.0,-1.0,-1.0,8.315965572534348e-05,0.0082477163415956,23.0,0.023273014391360716,0.046558504770245555,0.07306317078370575
678.0,2.0,0.0,4294967295.0,4294967295.0,2.0,0.011432244980704435,0.011888766975448363,530.0,0.0,-1.0,-1.0,8.315965572534348e-05,0.0082477163415956,23.0,0.023273014391360716,0.04652202295599405,0.07302008634576708
680.0,2.0,0.0,4294967295.0,4294967295.0,2.0,0.011430769059558282,0.011888098055884658,531.0,0.0,-1.0,-1.0,8.315965572534348e-05,0.0082477163415956,23.0,0.023273014391360716,0.046485549224590354,0.07297700190782841
682.0,2.0,0.0,4294967295.0,4294967295.0,2.0,0.011429293138412122,0.01188742913632096,532.0,0.0,-1.0,-1.0,8.315965572534348e-05,0.0082477163415956,23.0,0.023273014391360716,0.0464490835868188,0.07293391746988973
684.0,2.0,0.0,4294967295.0,4294967295.0,2.0,0.011427817217265962,0.011886760216757268,533.0,0.0,-1.0,-1.0,8.315965572534348e-05,0.0082477163415956,23.0,0.023273014391360716,0.046412626053478075,0.07289083303195107
686.0,2.0,0.0,4294967295.0,4294967295.0,2.0,0.011426341296119823,0.011886091297193563,534.0,0.0,-1.0,-1.0,8.315965572534348e-05,0.0082477163415956,23.0,0.023273014391360716,0.046376176635381315,0.0728477485940124
688.0,2.0,0.0,4294967295.0,4294967295.0,2.0,0.011424865374973683,0.01188542237762985,535.0,0.0,-1.0,-1.0,8.315965572534348e-05,0.0082477163415956,23.0,0.023273014391360716,0.04633973534335604,0.07280466415607373
690.0,2.0,0.0,4294967295.0,4294967295.0,2.0,0.01142338945382753,0.011884753458066138,536.0,0.0,-1.0,-1.0,8.315965572534348e-05,0.0082477163415956,23.0,0.023273014391360716,0.04630330218824425,0.07276157971813506
692.0,2.0,0.0,4294967295.0,4294967295.0,2.0,0.01142191353268137,0.011884084538502433,537.0,0.0,-1.0,-1.0,8.315965572534348e-05,0.0082477163415956,23.0,0.023273014391360716,0.04626687718090241,0.07271849528019639
694.0,2.0,0.0,4294967295.0,4294967295.0,2.0,0.011420437611535217,0.011883415618938735,538.0,0.0,-1.0,-1.0,8.315965572534348e-05,0.0082477163415956,23.0,0.023273014391360716,0.04623046033220144,0.0726754108422577
696.0,2.0,0.0,4294967295.0,4294967295.0,2.0,0.01141896169038907,0.01188274669937503,539.0,0.0,-1.0,-1.0,8.315965572534348e-05,0.0082477163415956,23.0,0.023273014391360716,0.0461940516530268,0.07263232640431905
698.0,2.0,0.0,4294967295.0,4294967295.0,2.0,0.011417485769242924,0.011882077779811318,540.0,0.0,-1.0,-1.0,8.315965572534348e-05,0.0082477163415956,23.0,0.023273014391360716,0.04615765115427844,0.07258924196638038
700.0,2.0,0.0,4294967295.0,4294967295.0,2.0,0.011416009848096778,0.011881408860247605,541.0,0.0,-1.0,-1.0,8.315965572534348e-05,0.0082477163415956,23.0,0.023273014391360716,0.04612125884687088,0.07254615752844171
702.0,2.0,0.0,4294967295.0,4294967295.0,2.0,0.011414533926950632,0.0118807399406839,542.0,0.0,-1.0,-1.0,8.315965572534348e-05,0.0082477163415956,24.0,0.023273014391360716,0.0460848747417332,0.07250307309050305
704.0,2.0,0.0,4294967295.0,4294967295.0,2.0,0.011413058005804479,0.011880071021120195,543.0,0.0,-1.0,-1.0,8.315965572534348e-05,0.0082477163415956,24.0,0.023273014391360716,0.046048498849809036,0.07245998865256437
706.0,2.0,0.0,4294967295.0,4294967295.0,2.0,0.011411582084658319,0.01187940210155649,544.0,0.0,-1.0,-1.0,8.315965572534348e-05,0.0082477163415956,24.0,0.023273014391360716,0.04601213118205666,0.0724169042146257
708.0,2.0,0.0,4294967295.0,4294967295.0,2.0,0.011410106163512165,0.011878733181992791,545.0,0.0,-1.0,-1.0,8.315965572534348e-05,0.0082477163415956,24.0,0.023273014391360716,0.045975771749448925,0.07237381977668703
710.0,2.0,0.0,4294967295.0,4294967295.0,2.0,0.011408630242366026,0.011878064262429093,546.0,0.0,-1.0,-1.0,8.315965572534348e-05,0.0082477163415956,24.0,0.023273014391360716,0.04593942056297336,0.07233073533874834
712.0,2.0,0.0,4294967295.0,4294967295.0,2.0,0.01140715432121988,0.011877395342865388,547.0,0.0,-1.0,-1.0,8.315965572534348e-05,0.0082477163415956,24.0,0.023273014391360716,0.045903077633632154,0.07228765090080969
714.0,2.0,0.0,4294967295.0,4294967295.0,2.0,0.011405678400073727,0.01187672642330169,548.0,0.0,-1.0,-1.0,8.315965572534348e-05,0.0082477163415956,24.0,0.023273014391360716,0.04586674297244214,0.07224456646287103
716.0,2.0,0.0,4294967295.0,4294967295.0,2.0,0.011404202478927573,0.011876057503737977,549.0,0.0,-1.0,-1.0,8.315965572534348e-05,0.0082477163415956,24.0,0.023273014391360716,0.0458304165904349,0.07220148202493235
718.0,2.0,0.0,4294967295.0,4294967295.0,2.0,0.01140272655778142,0.011875388584174272,550.0,0.0,-1.0,-1.0,8.315965572534348e-05,0.0082477163415956,24.0,0.023273014391360716,0.045794098498656684,0.07215839758699368
720.0,2.0,0.0,4294967295.0,4294967295.0,2.0,0.011401250636635267,0.011874719664610574,551.0,0.0,-1.0,-1.0,8.315965572534348e-05,0.0082477163415956,24.0,0.023273014391360716,0.04575778870816851,0.072115313149055
722.0,2.0,0.0,4294967295.0,4294967295.0,2.0,0.01139977471548912,0.011874050745046869,552.0,0.0,-1.0,-1.0,8.315965572534348e-05,0.0082477163415956,24.0,0.023273014391360716,0.045721487230046154,0.07207222871111633
724.0,2.0,0.0,4294967295.0,4294967295.0,2.0,0.011398298794342974,0.011873381825483163,553.0,0.0,-1.0,-1.0,8.315965572534348e-05,0.0082477163415956,24.0,0.023273014391360716,0.04568519407538014,0.07202914427317766
726.0,2.0,0.0,4294967295.0,4294967295.0,2.0,0.011396822873196828,0.011872712905919458,554.0,0.0,-1.0,-1.0,8.315965572534348e-05,0.0082477163415956,24.0,0.023273014391360716,0.04564890925527584,0.07198605983523901
728.0,2.0,0.0,4294967295.0,4294967295.0,2.0,0.011395346952050668,0.011872043986355746,555.0,0.0,-1.0,-1.0,8.315965572534348e-05,0.0082477163415956,24.0,0.023273014391360716,0.04561263278085339,0.07194297539730032
730.0,2.0,0.0,4294967295.0,4294967295.0,2.0,0.011393871030904501,0.011871375066792034,556.0,0.0,-1.0,-1.0,8.315965572534348e-05,0.0082477163415956,24.0,0.023273014391360716,0.045576364663247805,0.07189989095936167
732.0,2.0,0.0,4294967295.0,4294967295.0,2.0,0.011392395109758362,0.011870706147228322,557.0,0.0,-1.0,-1.0,8.315965572534348e-05,0.0082477163415956,24.0,0.023273014391360716,0.04554010491360893,0.07185680652142298
734.0,2.0,0.0,4294967295.0,4294967295.0,2.0,0.011390919188612222,0.011870037227664623,558.0,0.0,-1.0,-1.0,8.315965572534348e-05,0.0082477163415956,24.0,0.023273014391360716,0.0455038535431015,0.07181372208348431
736.0,2.0,0.0,4294967295.0,4294967295.0,2.0,0.01138944326746607,0.011869368308100925,559.0,0.0,-1.0,-1.0,8.315965572534348e-05,0.0082477163415956,24.0,0.023273014391360716,0.04546761056290513,0.07177063764554564
738.0,2.0,0.0,4294967295.0,4294967295.0,2.0,0.011387967346319916,0.011868699388537213,560.0,0.0,-1.0,-1.0,8.315965572534348e-05,0.0082477163415956,24.0,0.023273014391360716,0.04543137598421439,0.07172755320760699
740.0,2.0,0.0,4294967295.0,4294967295.0,2.0,0.011386491425173763,0.0118680304689735,561.0,0.0,-1.0,-1.0,8.315965572534348e-05,0.0082477163415956,24.0,0.023273014391360716,0.04539514981823872,0.0716844687696683
742.0,2.0,0.0,4294967295.0,4294967295.0,2.0,0.011385015504027603,0.011867361549409795,562.0,0.0,-1.0,-1.0,8.315965572534348e-05,0.0082477163415956,24.0,0.023273014391360716,0.0453589320762026,0.07164138433172965
744.0,2.0,0.0,4294967295.0,4294967295.0,2.0,0.011383539582881456,0.011866692629846097,563.0,0.0,-1.0,-1.0,8.315965572534348e-05,0.0082477163415956,24.0,0.023273014391360716,0.04532272276934541,0.07159829989379098
746.0,2.0,0.0,4294967295.0,4294967295.0,2.0,0.011382063661735317,0.011866023710282399,564.0,0.0,-1.0,-1.0,8.315965572534348e-05,0.0082477163415956,24.0,0.023273014391360716,0.045286521908921566,0.0715552154558523
748.0,2.0,0.0,4294967295.0,4294967295.0,2.0,0.011380587740589171,0.011865354790718693,565.0,0.0,-1.0,-1.0,8.315965572534348e-05,0.0082477163415956,24.0,0.023273014391360716,0.04525032950620048,0.07151213101791362
750.0,2.0,0.0,4294967295.0,4294967295.0,2.0,0.01137911181944301,0.011864685871154995,566.0,0.0,-1.0,-1.0,8.315965572534348e-05,0.0082477163415956,24.0,0.023273014391360716,0.04521414557246662,0.07146904657997495
752.0,2.0,0.0,4294967295.0,4294967295.0,2.0,0.01137763589829685,0.01186401695159129,567.0,0.0,-1.0,-1.0,8.315965572534348e-05,0.0082477163415956,24.0,0.023273014391360716,0.0451779701190195,0.07142596214203628
754.0,2.0,0.0,4294967295.0,4294967295.0,2.0,0.011376159977150704,0.011863348032027578,568.0,0.0,-1.0,-1.0,8.315965572534348e-05,0.0082477163415956,24.0,0.023273014391360716,0.04514180315717371,0.07138287770409762
756.0,2.0,0.0,4294967295.0,4294967295.0,2.0,0.011374684056004565,0.011862679112463866,569.0,0.0,-1.0,-1.0,8.315965572534348e-05,0.0082477163415956,24.0,0.023273014391360716,0.045105644698258944,0.07133979326615895
758.0,2.0,0.0,4294967295.0,4294967295.0,2.0,0.011373208134858412,0.011862038007442434,570.0,0.0,-1.0,-1.0,8.315965572534348e-05,0.0082477163415956,24.0,0.023273014391360716,0.045069494753619994,0.07129670882822028
760.0,2.0,0.0,4294967295.0,4294967295.0,2.0,0.011371732213712259,0.01186142338619009,571.0,0.0,-1.0,-1.0,8.315965572534348e-05,0.0082477163415956,24.0,0.023273014391360716,0.0450333533346168,0.0712536243902816
762.0,2.0,0.0,4294967295.0,4294967295.0,2.0,0.011370256292566105,0.011860808764937732,572.0,0.0,-1.0,-1.0,8.315965572534348e-05,0.0082477163415956,24.0,0.023273014391360716,0.044997220452624456,0.07121053995234293
764.0,2.0,0.0,4294967295.0,4294967295.0,2.0,0.011368780371419945,0.011860194143685387,573.0,0.0,-1.0,-1.0,8.315965572534348e-05,0.0082477163415956,24.0,0.023273014391360716,0.04496109611903324,0.07116745551440426
766.0,2.0,0.0,4294967295.0,4294967295.0,2.0,0.011367304450273799,0.011859579522433022,574.0,0.0,-1.0,-1.0,8.315965572534348e-05,0.0082477163415956,24.0,0.023273014391360716,0.04492498034524862,0.0711243710764656
768.0,2.0,0.0,4294967295.0,4294967295.0,2.0,0.01136582852912766,0.011858964901180678,575.0,0.0,-1.0,-1.0,8.315965572534348e-05,0.0082477163415956,24.0,0.023273014391360716,0.04488887314269129,0.07108128663852692
770.0,2.0,0.0,4294967295.0,4294967295.0,2.0,0.011364352607981514,0.01185835027992832,576.0,0.0,-1.0,-1.0,8.315965572534348e-05,0.0082477163415956,24.0,0.023273014391360716,0.044852774522797165,0.07103820220058826
772.0,2.0,0.0,4294967295.0,4294967295.0,2.0,0.011362876686835367,0.011857735658675962,577.0,0.0,-1.0,-1.0,8.315965572534348e-05,0.0082477163415956,24.0,0.023273014391360716,0.04481668449701743,0.07099511776264958
774.0,2.0,0.0,4294967295.0,4294967295.0,2.0,0.011361400765689207,0.011857121037423611,578.0,0.0,-1.0,-1.0,8.315965572534348e-05,0.0082477163415956,24.0,0.023273014391360716,0.04478060307681855,0.07095203332471091
776.0,2.0,0.0,4294967295.0,4294967295.0,2.0,0.011359924844543047,0.011856506416171253,579.0,0.0,-1.0,-1.0,8.315965572534348e-05,0.0082477163415956,24.0,0.023273014391360716,0.04474453027368228,0.07090894888677224
778.0,2.0,0.0,4294967295.0,4294967295.0,2.0,0.011358448923396908,0.011855891794918895,580.0,0.0,-1.0,-1.0,8.315965572534348e-05,0.0082477163415956,24.0,0.023273014391360716,0.04470846609910572,0.07086586444883358
780.0,2.0,0.0,4294967295.0,4294967295.0,2.0,0.011356973002250761,0.011855277173666544,581.0,0.0,-1.0,-1.0,8.315965572534348e-05,0.0082477163415956,24.0,0.023273014391360716,0.04467241056460127,0.0708227800108949
782.0,2.0,0.0,4294967295.0,4294967295.0,2.0,0.011355497081104608,0.011854662552414193,582.0,0.0,-1.0,-1.0,8.315965572534348e-05,0.0082477163415956,24.0,0.023273014391360716,0.04463636368169671,0.07077969557295624
784.0,2.0,0.0,4294967295.0,4294967295.0,2.0,0.011354021159958462,0.011854047931161835,583.0,0.0,-1.0,-1.0,8.315965572534348e-05,0.0082477163415956,24.0,0.023273014391360716,0.0446003254619352,0.07073661113501756
786.0,2.0,0.0,4294967295.0,4294967295.0,2.0,0.011352545238812309,0.01185343330990949,584.0,0.0,-1.0,-1.0,8.315965572534348e-05,0.0082477163415956,24.0,0.023273014391360716,0.044564295916875316,0.07069352669707889
788.0,2.0,0.0,4294967295.0,4294967295.0,2.0,0.011351069317666149,0.011852818688657125,585.0,0.0,-1.0,-1.0,8.315965572534348e-05,0.0082477163415956,24.0,0.023273014391360716,0.04452827505809103,0.07065044225914022
790.0,2.0,0.0,4294967295.0,4294967295.0,2.0,0.01134959339652001,0.011852204067404781,586.0,0.0,-1.0,-1.0,8.315965572534348e-05,0.0082477163415956,24.0,0.023273014391360716,0.044492262897171765,0.07060735782120155
792.0,2.0,0.0,4294967295.0,4294967295.0,2.0,0.011348117475373863,0.011851589446152423,587.0,0.0,-1.0,-1.0,8.315965572534348e-05,0.0082477163415956,24.0,0.023273014391360716,0.044456259445722415,0.07056427338326288
794.0,2.0,0.0,4294967295.0,4294967295.0,2.0,0.011346641554227717,0.011850974824900065,588.0,0.0,-1.0,-1.0,8.315965572534348e-05,0.0082477163415956,24.0,0.023273014391360716,0.04442026471536335,0.07052118894532422
796.0,2.0,0.0,4294967295.0,4294967295.0,2.0,0.011345165633081564,0.011850360203647714,589.0,0.0,-1.0,-1.0,8.315965572534348e-05,0.0082477163415956,24.0,0.023273014391360716,0.04438427871773046,0.07047810450738554
798.0,2.0,0.0,4294967295.0,4294967295.0,2.0,0.011343689711935397,0.011849745582395363,590.0,0.0,-1.0,-1.0,8.315965572534348e-05,0.0082477163415956,24.0,0.023273014391360716,0.044348301464475125,0.07043502006944687
800.0,2.0,0.0,4294967295.0,4294967295.0,2.0,0.01134221379078925,0.011849130961143005,591.0,0.0,-1.0,-1.0,8.315965572534348e-05,0.0082477163415956,24.0,0.023273014391360716,0.0443123329672643,0.0703919356315082
802.0,2.0,0.0,4294967295.0,4294967295.0,2.0,0.011340737869643111,0.011848516339890654,592.0,0.0,-1.0,-1.0,8.315965572534348e-05,0.0082477163415956,24.0,0.023273014391360716,0.04427637323778049,0.07034885119356951
804.0,2.0,0.0,4294967295.0,4294967295.0,2.0,0.011339261948496958,0.011847901718638303,593.0,0.0,-1.0,-1.0,8.315965572534348e-05,0.0082477163415956,24.0,0.023273014391360716,0.04424042228772179,0.07030576675563086
806.0,2.0,0.0,4294967295.0,4294967295.0,2.0,0.011337786027350819,0.011847287097385945,594.0,0.0,-1.0,-1.0,8.315965572534348e-05,0.0082477163415956,24.0,0.023273014391360716,0.044204480128801925,0.0702626823176922
808.0,2.0,0.0,4294967295.0,4294967295.0,2.0,0.011336310106204672,0.0118466724761336,595.0,0.0,-1.0,-1.0,8.315965572534348e-05,0.0082477163415956,24.0,0.023273014391360716,0.04416854677275022,0.07021959787975351
810.0,2.0,0.0,4294967295.0,4294967295.0,2.0,0.011334834185058505,0.011846057854881235,596.0,0.0,-1.0,-1.0,8.315965572534348e-05,0.0082477163415956,24.0,0.023273014391360716,0.04413262223131167,0.07017651344181484
812.0,2.0,0.0,4294967295.0,4294967295.0,2.0,0.011333358263912352,0.011845443233628891,597.0,0.0,-1.0,-1.0,8.315965572534348e-05,0.0082477163415956,24.0,0.023273014391360716,0.04409670651624692,0.07013342900387617
814.0,2.0,0.0,4294967295.0,4294967295.0,2.0,0.011331882342766213,0.011844828612376533,598.0,0.0,-1.0,-1.0,8.315965572534348e-05,0.0082477163415956,24.0,0.023273014391360716,0.04406079963933233,0.07009034456593749
816.0,2.0,0.0,4294967295.0,4294967295.0,2.0,0.011330406421620066,0.011844213991124175,599.0,0.0,-1.0,-1.0,8.315965572534348e-05,0.0082477163415956,24.0,0.023273014391360716,0.04402490161235995,0.07004726012799883
818.0,2.0,0.0,4294967295.0,4294967295.0,2.0,0.01132893050047392,0.011843599369871824,600.0,0.0,-1.0,-1.0,8.315965572534348e-05,0.0082477163415956,24.0,0.023273014391360716,0.043989012447137585,0.07000417569006016
820.0,2.0,0.0,4294967295.0,4294967295.0,2.0,0.011327454579327753,0.011842984748619466,601.0,0.0,-1.0,-1.0,8.315965572534348e-05,0.0082477163415956,24.0,0.023273014391360716,0.04395313215548877,0.0699610912521215
822.0,2.0,0.0,4294967295.0,4294967295.0,2.0,0.011325978658181593,0.011842370127367108,602.0,0.0,-1.0,-1.0,8.315965572534348e-05,0.0082477163415956,24.0,0.023273014391360716,0.04391726074925282,0.06991800681418282
824.0,2.0,0.0,4294967295.0,4294967295.0,2.0,0.011324502737035454,0.011841755506114757,603.0,0.0,-1.0,-1.0,8.315965572534348e-05,0.0082477163415956,24.0,0.023273014391360716,0.04388139824028487,0.06987492237624415
826.0,2.0,0.0,4294967295.0,4294967295.0,2.0,0.0113230268158893,0.011841140884862406,604.0,0.0,-1.0,-1.0,8.315965572534348e-05,0.0082477163415956,24.0,0.023273014391360716,0.04384554464045585,0.06983183793830547
828.0,2.0,0.0,4294967295.0,4294967295.0,2.0,0.011321550894743154,0.011840526263610048,605.0,0.0,-1.0,-1.0,8.315965572534348e-05,0.0082477163415956,24.0,0.023273014391360716,0.043809699961652536,0.06978875350036681
830.0,2.0,0.0,4294967295.0,4294967295.0,2.0,0.011320074973597015,0.011839911642357703,606.0,0.0,-1.0,-1.0,8.315965572534348e-05,0.0082477163415956,24.0,0.023273014391360716,0.043773864215777565,0.06974566906242813
832.0,2.0,0.0,4294967295.0,4294967295.0,2.0,0.011318599052450855,0.011839297021105338,607.0,0.0,-1.0,-1.0,8.315965572534348e-05,0.0082477163415956,24.0,0.023273014391360716,0.04373803741474945,0.06970258462448947
834.0,2.0,0.0,4294967295.0,4294967295.0,2.0,0.011317123131304695,0.01183868239985298,608.0,0.0,-1.0,-1.0,8.315965572534348e-05,0.0082477163415956,24.0,0.023273014391360716,0.04370221957050261,0.0696595001865508
836.0,2.0,0.0,4294967295.0,4294967295.0,2.0,0.011315647210158555,0.01183806777860063,609.0,0.0,-1.0,-1.0,8.315965572534348e-05,0.0082477163415956,24.0,0.023273014391360716,0.043666410694987376,0.06961641574861213
838.0,2.0,0.0,4294967295.0,4294967295.0,2.0,0.011314171289012409,0.011837453157348271,610.0,0.0,-1.0,-1.0,8.315965572534348e-05,0.0082477163415956,24.0,0.023273014391360716,0.04363061080017004,0.06957333131067346
840.0,2.0,0.0,4294967295.0,4294967295.0,2.0,0.011312695367866263,0.01183683853609592,611.0,0.0,-1.0,-1.0,8.315965572534348e-05,0.0082477163415956,24.0,0.023273014391360716,0.043594819898032856,0.06953024687273479
842.0,2.0,0.0,4294967295.0,4294967295.0,2.0,0.01131121944672011,0.011836223914843569,612.0,0.0,-1.0,-1.0,8.315965572534348e-05,0.0082477163415956,24.0,0.023273014391360716,0.04355903800057405,0.06948716243479611
844.0,2.0,0.0,4294967295.0,4294967295.0,2.0,0.01130974352557395,0.01183560929359121,613.0,0.0,-1.0,-1.0,8.315965572534348e-05,0.0082477163415956,24.0,0.023273014391360716,0.043523265119807863,0.06944407799685745
846.0,2.0,0.0,4294967295.0,4294967295.0,2.0,0.011308267604427796,0.01183499467233886,614.0,0.0,-1.0,-1.0,8.315965572534348e-05,0.0082477163415956,24.0,0.023273014391360716,0.043487501267764586,0.0694009935589188
848.0,2.0,0.0,4294967295.0,4294967295.0,2.0,0.01130679168328165,0.011834380051086509,615.0,0.0,-1.0,-1.0,8.315965572534348e-05,0.0082477163415956,24.0,0.023273014391360716,0.04345174645649054,0.06935790912098011
850.0,2.0,0.0,4294967295.0,4294967295.0,2.0,0.011305315762135497,0.011833765429834157,616.0,0.0,-1.0,-1.0,8.315965572534348e-05,0.0082477163415956,24.0,0.023273014391360716,0.04341600069804813,0.06931482468304144
852.0,2.0,0.0,4294967295.0,4294967295.0,2.0,0.011303839840989358,0.011833165717240843,617.0,0.0,-1.0,-1.0,8.315965572534348e-05,0.0082477163415956,24.0,0.023273014391360716,0.04338026400451585,0.06927174024510277
854.0,2.0,0.0,4294967295.0,4294967295.0,2.0,0.011302363919843204,0.011832603254848889,618.0,0.0,-1.0,-1.0,8.315965572534348e-05,0.0082477163415956,24.0,0.023273014391360716,0.0433445363879883,0.06922865580716409
856.0,2.0,0.0,4294967295.0,4294967295.0,2.0,0.011300887998697037,0.011832040792456928,619.0,0.0,-1.0,-1.0,8.315965572534348e-05,0.0082477163415956,24.0,0.023273014391360716,0.04330881786057622,0.06918557136922543
858.0,2.0,0.0,4294967295.0,4294967295.0,2.0,0.011299412077550891,0.011831478330064975,620.0,0.0,-1.0,-1.0,8.315965572534348e-05,0.0082477163415956,24.0,0.023273014391360716,0.04327310843440652,0.06914248693128677
860.0,2.0,0.0,4294967295.0,4294967295.0,2.0,0.011297936156404745,0.011830915867673014,621.0,0.0,-1.0,-1.0,8.315965572534348e-05,0.0082477163415956,24.0,0.023273014391360716,0.04323740812162228,0.06909940249334809
862.0,2.0,0.0,4294967295.0,4294967295.0,2.0,0.011296460235258605,0.01183035340528106,622.0,0.0,-1.0,-1.0,8.315965572534348e-05,0.0082477163415956,24.0,0.023273014391360716,0.04320171693438279,0.06905631805540943
864.0,2.0,0.0,4294967295.0,4294967295.0,2.0,0.01129498431411246,0.011829790942889107,623.0,0.0,-1.0,-1.0,8.315965572534348e-05,0.0082477163415956,24.0,0.023273014391360716,0.043166034884863556,0.06901323361747075
866.0,2.0,0.0,4294967295.0,4294967295.0,2.0,0.011293508392966299,0.011829228480497153,624.0,0.0,-1.0,-1.0,8.315965572534348e-05,0.0082477163415956,24.0,0.023273014391360716,0.043130361985256334,0.06897014917953206
868.0,2.0,0.0,4294967295.0,4294967295.0,2.0,0.011292032471820139,0.0118286660181052,625.0,0.0,-1.0,-1.0,8.315965572534348e-05,0.0082477163415956,24.0,0.023273014391360716,0.04309469824776914,0.06892706474159341
870.0,2.0,0.0,4294967295.0,4294967295.0,2.0,0.011290556550673993,0.011828103555713239,626.0,0.0,-1.0,-1.0,8.315965572534348e-05,0.0082477163415956,24.0,0.023273014391360716,0.04305904368462628,0.06888398030365474
872.0,2.0,0.0,4294967295.0,4294967295.0,2.0,0.01128908062952784,0.011827541093321285,627.0,0.0,-1.0,-1.0,8.315965572534348e-05,0.0082477163415956,24.0,0.023273014391360716,0.04302339830806837,0.06884089586571607
874.0,2.0,0.0,4294967295.0,4294967295.0,2.0,0.0112876047083817,0.011826978630929325,628.0,0.0,-1.0,-1.0,8.315965572534348e-05,0.0082477163415956,24.0,0.023273014391360716,0.04298776213035237,0.06879781142777741
876.0,2.0,0.0,4294967295.0,4294967295.0,2.0,0.011286128787235561,0.011826416168537364,629.0,0.0,-1.0,-1.0,8.315965572534348e-05,0.0082477163415956,24.0,0.023273014391360716,0.04295213516375157,0.06875472698983873
878.0,2.0,0.0,4294967295.0,4294967295.0,2.0,0.0112846528660894,0.01182585370614541,630.0,0.0,-1.0,-1.0,8.315965572534348e-05,0.0082477163415956,24.0,0.023273014391360716,0.042916517420555654,0.06871164255190007
880.0,2.0,0.0,4294967295.0,4294967295.0,2.0,0.01128317694494324,0.011825291243753464,631.0,0.0,-1.0,-1.0,8.315965572534348e-05,0.0082477163415956,24.0,0.023273014391360716,0.042880908913070705,0.06866855811396139
882.0,2.0,0.0,4294967295.0,4294967295.0,2.0,0.011281701023797094,0.01182472878136151,632.0,0.0,-1.0,-1.0,8.315965572534348e-05,0.0082477163415956,24.0,0.023273014391360716,0.04284530965361921,0.06862547367602272
884.0,2.0,0.0,4294967295.0,4294967295.0,2.0,0.011280225102650948,0.011824166318969556,633.0,0.0,-1.0,-1.0,8.315965572534348e-05,0.0082477163415956,24.0,0.023273014391360716,0.0428097196545401,0.06858238923808405
886.0,2.0,0.0,4294967295.0,4294967295.0,2.0,0.011278749181504802,0.01182360385657761,634.0,0.0,-1.0,-1.0,8.315965572534348e-05,0.0082477163415956,24.0,0.023273014391360716,0.04277413892818878,0.06853930480014539
888.0,2.0,0.0,4294967295.0,4294967295.0,2.0,0.011277273260358649,0.011823041394185656,635.0,0.0,-1.0,-1.0,8.315965572534348e-05,0.0082477163415956,24.0,0.023273014391360716,0.042738567486937135,0.06849622036220672
890.0,2.0,0.0,4294967295.0,4294967295.0,2.0,0.011275797339212489,0.011822478931793695,636.0,0.0,-1.0,-1.0,8.315965572534348e-05,0.0082477163415956,24.0,0.023273014391360716,0.04270300534317355,0.06845313592426805
892.0,2.0,0.0,4294967295.0,4294967295.0,2.0,0.011274321418066335,0.011821916469401741,637.0,0.0,-1.0,-1.0,8.315965572534348e-05,0.0082477163415956,24.0,0.023273014391360716,0.04266745250930294,0.06841005148632937
894.0,2.0,0.0,4294967295.0,4294967295.0,2.0,0.011272845496920182,0.011821354007009795,638.0,0.0,-1.0,-1.0,8.315965572534348e-05,0.0082477163415956,24.0,0.023273014391360716,0.042631908997746784,0.0683669670483907
896.0,2.0,0.0,4294967295.0,4294967295.0,2.0,0.011271369575774036,0.011820791544617841,639.0,0.0,-1.0,-1.0,8.315965572534348e-05,0.0082477163415956,24.0,0.023273014391360716,0.042596374820943125,0.06832388261045202
898.0,2.0,0.0,4294967295.0,4294967295.0,2.0,0.011269893654627897,0.011820229082225887,640.0,0.0,-1.0,-1.0,8.315965572534348e-05,0.0082477163415956,24.0,0.023273014391360716,0.042560849991346586,0.06828079817251337
900.0,2.0,0.0,4294967295.0,4294967295.0,2.0,0.01126841773348175,0.011819666619833927,641.0,0.0,-1.0,-1.0,8.315965572534348e-05,0.0082477163415956,24.0,0.023273014391360716,0.04252533452142844,0.0682377137345747
902.0,2.0,0.0,4294967295.0,4294967295.0,2.0,0.01126694181233559,0.011819104157441973,642.0,0.0,-1.0,-1.0,8.315965572534348e-05,0.0082477163415956,24.0,0.023273014391360716,0.04248982842367657,0.06819462929663603
904.0,2.0,0.0,4294967295.0,4294967295.0,2.0,0.011265465891189437,0.011818541695050012,643.0,0.0,-1.0,-1.0,8.315965572534348e-05,0.0082477163415956,24.0,0.023273014391360716,0.042454331710595546,0.06815154485869734
906.0,2.0,0.0,4294967295.0,4294967295.0,2.0,0.01126398997004329,0.011817979232658059,644.0,0.0,-1.0,-1.0,8.315965572534348e-05,0.0082477163415956,24.0,0.023273014391360716,0.0424188443947066,0.06810846042075867
908.0,2.0,0.0,4294967295.0,4294967295.0,2.0,0.011262514048897145,0.011817416770266112,645.0,0.0,-1.0,-1.0,8.315965572534348e-05,0.0082477163415956,24.0,0.023273014391360716,0.042383366488547666,0.06806537598282
910.0,2.0,0.0,4294967295.0,4294967295.0,2.0,0.011261038127750998,0.011816854307874158,646.0,0.0,-1.0,-1.0,8.315965572534348e-05,0.0082477163415956,24.0,0.023273014391360716,0.04234789800467344,0.06802229154488135
912.0,2.0,0.0,4294967295.0,4294967295.0,2.0,0.011259562206604852,0.011816291845482205,647.0,0.0,-1.0,-1.0,8.315965572534348e-05,0.0082477163415956,24.0,0.023273014391360716,0.04231243895565533,0.06797920710694268
914.0,2.0,0.0,4294967295.0,4294967295.0,2.0,0.011258086285458699,0.011815729383090251,648.0,0.0,-1.0,-1.0,8.315965572534348e-05,0.0082477163415956,24.0,0.023273014391360716,0.042276989354081536,0.067936122669004
916.0,2.0,0.0,4294967295.0,4294967295.0,2.0,0.011256610364312539,0.011815166920698297,649.0,0.0,-1.0,-1.0,8.315965572534348e-05,0.0082477163415956,24.0,0.023273014391360716,0.04224154921255706,0.06789303823106532
918.0,2.0,0.0,4294967295.0,4294967295.0,2.0,0.011255134443166386,0.01181460445830633,650.0,0.0,-1.0,-1.0,8.315965572534348e-05,0.0082477163415956,24.0,0.023273014391360716,0.042206118543703715,0.06784995379312667
920.0,2.0,0.0,4294967295.0,4294967295.0,2.0,0.011253658522020246,0.01181404199591437,651.0,0.0,-1.0,-1.0,8.315965572534348e-05,0.0082477163415956,25.0,0.023273014391360716,0.042170697360160145,0.06780686935518798
922.0,2.0,0.0,4294967295.0,4294967295.0,2.0,0.0112521826008741,0.011813479533522415,652.0,0.0,-1.0,-1.0,8.315965572534348e-05,0.0082477163415956,25.0,0.023273014391360716,0.04213528567458187,0.06776378491724933
924.0,2.0,0.0,4294967295.0,4294967295.0,2.0,0.011250706679727947,0.011812917071130469,653.0,0.0,-1.0,-1.0,8.315965572534348e-05,0.0082477163415956,25.0,0.023273014391360716,0.04209988349964129,0.06772070047931066
926.0,2.0,0.0,4294967295.0,4294967295.0,2.0,0.011249230758581794,0.011812354608738515,654.0,0.0,-1.0,-1.0,8.315965572534348e-05,0.0082477163415956,25.0,0.023273014391360716,0.042064490848027714,0.06767761604137199
928.0,2.0,0.0,4294967295.0,4294967295.0,2.0,0.011247754837435633,0.011811792146346561,655.0,0.0,-1.0,-1.0,8.315965572534348e-05,0.0082477163415956,25.0,0.023273014391360716,0.04202910773244738,0.06763453160343333
930.0,2.0,0.0,4294967295.0,4294967295.0,2.0,0.011246278916289494,0.0118112296839546,656.0,0.0,-1.0,-1.0,8.315965572534348e-05,0.0082477163415956,25.0,0.023273014391360716,0.041993734165623464,0.06759144716549464
932.0,2.0,0.0,4294967295.0,4294967295.0,2.0,0.011244802995143348,0.01181066722156264,657.0,0.0,-1.0,-1.0,8.315965572534348e-05,0.0082477163415956,25.0,0.023273014391360716,0.04195837016029616,0.06754836272755596
934.0,2.0,0.0,4294967295.0,4294967295.0,2.0,0.011243327073997195,0.011810106941015135,658.0,0.0,-1.0,-1.0,8.315965572534348e-05,0.0082477163415956,25.0,0.023273014391360716,0.04192301572922262,0.0675052782896173
936.0,2.0,0.0,4294967295.0,4294967295.0,2.0,0.011241851152851041,0.011809594470220793,659.0,0.0,-1.0,-1.0,8.315965572534348e-05,0.0082477163415956,25.0,0.023273014391360716,0.041887670885177024,0.06746219385167862
938.0,2.0,0.0,4294967295.0,4294967295.0,2.0,0.011240375231704888,0.011809081999426457,660.0,0.0,-1.0,-1.0,8.315965572534348e-05,0.0082477163415956,25.0,0.023273014391360716,0.0418523356409506,0.06741910941373996
940.0,2.0,0.0,4294967295.0,4294967295.0,2.0,0.011238899310558728,0.011808569528632129,661.0,0.0,-1.0,-1.0,8.315965572534348e-05,0.0082477163415956,25.0,0.023273014391360716,0.04181701000935166,0.06737602497580131
942.0,2.0,0.0,4294967295.0,4294967295.0,2.0,0.011237423389412589,0.011808057057837794,662.0,0.0,-1.0,-1.0,8.315965572534348e-05,0.0082477163415956,25.0,0.023273014391360716,0.04178169400320558,0.06733294053786262
944.0,2.0,0.0,4294967295.0,4294967295.0,2.0,0.01123594746826645,0.011807544587043466,663.0,0.0,-1.0,-1.0,8.315965572534348e-05,0.0082477163415956,25.0,0.023273014391360716,0.04174638763535486,0.06728985609992395
946.0,2.0,0.0,4294967295.0,4294967295.0,2.0,0.011234471547120296,0.01180703211624913,664.0,0.0,-1.0,-1.0,8.315965572534348e-05,0.0082477163415956,25.0,0.023273014391360716,0.04171109091865912,0.06724677166198528
948.0,2.0,0.0,4294967295.0,4294967295.0,2.0,0.011232995625974143,0.011806519645454795,665.0,0.0,-1.0,-1.0,8.315965572534348e-05,0.0082477163415956,25.0,0.023273014391360716,0.04167580386599516,0.06720368722404661
950.0,2.0,0.0,4294967295.0,4294967295.0,2.0,0.01123151970482799,0.01180600717466046,666.0,0.0,-1.0,-1.0,8.315965572534348e-05,0.0082477163415956,25.0,0.023273014391360716,0.04164052649025694,0.06716060278610796
952.0,2.0,0.0,4294967295.0,4294967295.0,2.0,0.011230043783681837,0.011805494703866118,667.0,0.0,-1.0,-1.0,8.315965572534348e-05,0.0082477163415956,25.0,0.023273014391360716,0.041605258804355644,0.06711751834816929
954.0,2.0,0.0,4294967295.0,4294967295.0,2.0,0.01122856786253569,0.01180498223307179,668.0,0.0,-1.0,-1.0,8.315965572534348e-05,0.0082477163415956,25.0,0.023273014391360716,0.04157000082121967,0.06707443391023062
956.0,2.0,0.0,4294967295.0,4294967295.0,2.0,0.011227091941389537,0.011804469762277461,669.0,0.0,-1.0,-1.0,8.315965572534348e-05,0.0082477163415956,25.0,0.023273014391360716,0.04153475255379467,0.06703134947229195
958.0,2.0,0.0,4294967295.0,4294967295.0,2.0,0.011225616020243391,0.01180395729148314,670.0,0.0,-1.0,-1.0,8.315965572534348e-05,0.0082477163415956,25.0,0.023273014391360716,0.041499514015043565,0.06698826503435326
960.0,2.0,0.0,4294967295.0,4294967295.0,2.0,0.011224140099097238,0.011803444820688805,671.0,0.0,-1.0,-1.0,8.315965572534348e-05,0.0082477163415956,25.0,0.023273014391360716,0.04146428521794655,0.0669451805964146
962.0,2.0,0.0,4294967295.0,4294967295.0,2.0,0.01122266417795107,0.011802932349894463,672.0,0.0,-1.0,-1.0,8.315965572534348e-05,0.0082477163415956,25.0,0.023273014391360716,0.04142906617550119,0.06690209615847592
964.0,2.0,0.0,4294967295.0,4294967295.0,2.0,0.011221188256804925,0.01180241987910012,673.0,0.0,-1.0,-1.0,8.315965572534348e-05,0.0082477163415956,25.0,0.023273014391360716,0.04139385690072234,0.06685901172053726
966.0,2.0,0.0,4294967295.0,4294967295.0,2.0,0.011219712335658785,0.011801907408305785,674.0,0.0,-1.0,-1.0,8.315965572534348e-05,0.0082477163415956,25.0,0.023273014391360716,0.041358657406642255,0.0668159272825986
968.0,2.0,0.0,4294967295.0,4294967295.0,2.0,0.011218236414512639,0.01180139493751145,675.0,0.0,-1.0,-1.0,8.315965572534348e-05,0.0082477163415956,25.0,0.023273014391360716,0.041323467706310554,0.06677284284465992
970.0,2.0,0.0,4294967295.0,4294967295.0,2.0,0.011216760493366493,0.011800882466717122,676.0,0.0,-1.0,-1.0,8.315965572534348e-05,0.0082477163415956,25.0,0.023273014391360716,0.04128828781279428,0.06672975840672125
972.0,2.0,0.0,4294967295.0,4294967295.0,2.0,0.01121528457222034,0.011800369995922794,677.0,0.0,-1.0,-1.0,8.315965572534348e-05,0.0082477163415956,25.0,0.023273014391360716,0.041253117739177926,0.06668667396878258
974.0,2.0,0.0,4294967295.0,4294967295.0,2.0,0.01121380865107418,0.011799857525128465,678.0,0.0,-1.0,-1.0,8.315965572534348e-05,0.0082477163415956,25.0,0.023273014391360716,0.041217957498563405,0.0666435895308439
976.0,2.0,0.0,4294967295.0,4294967295.0,2.0,0.011212332729928033,0.011799345054334123,679.0,0.0,-1.0,-1.0,8.315965572534348e-05,0.0082477163415956,25.0,0.023273014391360716,0.041182807104070136,0.06660050509290524
978.0,2.0,0.0,4294967295.0,4294967295.0,2.0,0.011210856808781887,0.011798832583539788,680.0,0.0,-1.0,-1.0,8.315965572534348e-05,0.0082477163415956,25.0,0.023273014391360716,0.041147666568835034,0.06655742065496657
980.0,2.0,0.0,4294967295.0,4294967295.0,2.0,0.01120938088763574,0.011798320112745453,681.0,0.0,-1.0,-1.0,8.315965572534348e-05,0.0082477163415956,25.0,0.023273014391360716,0.04111253590601255,0.06651434558228576
982.0,2.0,0.0,4294967295.0,4294967295.0,2.0,0.011207904966489601,0.011797807641951118,682.0,0.0,-1.0,-1.0,8.315965572534348e-05,0.0082477163415956,25.0,0.023273014391360716,0.04107741512877468,0.0664713004971401
984.0,2.0,0.0,4294967295.0,4294967295.0,2.0,0.011206429045343434,0.011797295171156783,683.0,0.0,-1.0,-1.0,8.315965572534348e-05,0.0082477163415956,25.0,0.023273014391360716,0.04104230425031098,0.06642825541199446
986.0,2.0,0.0,4294967295.0,4294967295.0,2.0,0.011204953124197267,0.011796782700362454,684.0,0.0,-1.0,-1.0,8.315965572534348e-05,0.0082477163415956,25.0,0.023273014391360716,0.04100720328382863,0.0663852103268488
988.0,2.0,0.0,4294967295.0,4294967295.0,2.0,0.011203477203051128,0.011796270229568126,685.0,0.0,-1.0,-1.0,8.315965572534348e-05,0.0082477163415956,25.0,0.023273014391360716,0.04097211224255243,0.06634216524170314
990.0,2.0,0.0,4294967295.0,4294967295.0,2.0,0.011202001281904982,0.01179575775877379,686.0,0.0,-1.0,-1.0,8.315965572534348e-05,0.0082477163415956,25.0,0.023273014391360716,0.0409370311397248,0.06629912015655746
992.0,2.0,0.0,4294967295.0,4294967295.0,2.0,0.011200525360758835,0.011795245287979449,687.0,0.0,-1.0,-1.0,8.315965572534348e-05,0.0082477163415956,25.0,0.023273014391360716,0.040901959988605845,0.06625607507141179
994.0,2.0,0.0,4294967295.0,4294967295.0,2.0,0.011199049439612689,0.011794732817185107,688.0,0.0,-1.0,-1.0,8.315965572534348e-05,0.0082477163415956,25.0,0.023273014391360716,0.040866898802473364,0.06621302998626613
996.0,2.0,0.0,4294967295.0,4294967295.0,2.0,0.011197573518466529,0.011794220346390778,689.0,0.0,-1.0,-1.0,8.315965572534348e-05,0.0082477163415956,25.0,0.023273014391360716,0.04083184759462286,0.06616998490112047
998.0,2.0,0.0,4294967295.0,4294967295.0,2.0,0.011196097597320383,0.01179370787559645,690.0,0.0,-1.0,-1.0,8.315965572534348e-05,0.0082477163415956,25.0,0.023273014391360716,0.04079680637836759,0.06612693981597483
1000.0,2.0,0.0,4294967295.0,4294967295.0,2.0,0.011194621676174236,0.011793195404802129,691.0,0.0,-1.0,-1.0,8.315965572534348e-05,0.0082477163415956,25.0,0.023273014391360716,0.04076177516703858,0.06608389473082918
1002.0,2.0,0.0,4294967295.0,4294967295.0,2.0,0.011193145755028083,0.0117926829340078,692.0,0.0,-1.0,-1.0,8.315965572534348e-05,0.0082477163415956,25.0,0.023273014391360716,0.04072675397398459,0.06604084964568352
1004.0,2.0,0.0,4294967295.0,4294967295.0,2.0,0.011191669833881944,0.011792170463213465,693.0,0.0,-1.0,-1.0,8.315965572534348e-05,0.0082477163415956,25.0,0.023273014391360716,0.04069174281257226,0.06599780456053786
1006.0,2.0,0.0,4294967295.0,4294967295.0,2.0,0.011190193912735798,0.01179166840271026,694.0,0.0,-1.0,-1.0,8.315965572534348e-05,0.0082477163415956,25.0,0.023273014391360716,0.04065674169618603,0.06595475947539223
1008.0,2.0,0.0,4294967295.0,4294967295.0,2.0,0.01118871799158963,0.011791203729505824,695.0,0.0,-1.0,-1.0,8.315965572534348e-05,0.0082477163415956,25.0,0.023273014391360716,0.04062175063822819,0.06591171439024657
1010.0,2.0,0.0,4294967295.0,4294967295.0,2.0,0.011187242070443484,0.011790739056301375,696.0,0.0,-1.0,-1.0,8.315965572534348e-05,0.0082477163415956,25.0,0.023273014391360716,0.04058676965211892,0.06586866930510091
1012.0,2.0,0.0,4294967295.0,4294967295.0,2.0,0.011185766149297345,0.01179027438309694,697.0,0.0,-1.0,-1.0,8.315965572534348e-05,0.0082477163415956,25.0,0.023273014391360716,0.040551798751296324,0.06582562421995525
1014.0,2.0,0.0,4294967295.0,4294967295.0,2.0,0.011184290228151192,0.011789809709892497,698.0,0.0,-1.0,-1.0,8.315965572534348e-05,0.0082477163415956,25.0,0.023273014391360716,0.040516837949216414,0.06578257913480959
1016.0,2.0,0.0,4294967295.0,4294967295.0,2.0,0.011182814307005046,0.011789345036688055,699.0,0.0,-1.0,-1.0,8.315965572534348e-05,0.0082477163415956,25.0,0.023273014391360716,0.04048188725935316,0.06573953404966393
1018.0,2.0,0.0,4294967295.0,4294967295.0,2.0,0.011181338385858892,0.01178888036348362,700.0,0.0,-1.0,-1.0,8.315965572534348e-05,0.0082477163415956,25.0,0.023273014391360716,0.04044694669519851,0.06569648896451828
1020.0,2.0,0.0,4294967295.0,4294967295.0,2.0,0.011179862464712732,0.011788415690279185,701.0,0.0,-1.0,-1.0,8.315965572534348e-05,0.0082477163415956,25.0,0.023273014391360716,0.040412016270262405,0.06565344387937264
1022.0,2.0,0.0,4294967295.0,4294967295.0,2.0,0.011178386543566579,0.01178795101707475,702.0,0.0,-1.0,-1.0,8.315965572534348e-05,0.0082477163415956,25.0,0.023273014391360716,0.040377095998072834,0.06561039879422698
1024.0,2.0,0.0,4294967295.0,4294967295.0,2.0,0.011176910622420426,0.011787486343870307,703.0,0.0,-1.0,-1.0,8.315965572534348e-05,0.0082477163415956,25.0,0.023273014391360716,0.04034218589217581,0.06556735370908132
1026.0,2.0,0.0,4294967295.0,4294967295.0,2.0,0.011175434701274287,0.011787021670665865,704.0,0.0,-1.0,-1.0,8.315965572534348e-05,0.0082477163415956,25.0,0.023273014391360716,0.04030728596613545,0.06552430862393568
1028.0,2.0,0.0,4294967295.0,4294967295.0,2.0,0.011173958780128147,0.011786556997461423,705.0,0.0,-1.0,-1.0,8.315965572534348e-05,0.0082477163415956,25.0,0.023273014391360716,0.040272396233533916,0.06548126353879002
1030.0,2.0,0.0,4294967295.0,4294967295.0,2.0,0.01117248285898198,0.011786092324256987,706.0,0.0,-1.0,-1.0,8.315965572534348e-05,0.0082477163415956,25.0,0.023273014391360716,0.04023751670797154,0.06543821845364436
1032.0,2.0,0.0,4294967295.0,4294967295.0,2.0,0.01117100693783582,0.011785627651052552,707.0,0.0,-1.0,-1.0,8.315965572534348e-05,0.0082477163415956,25.0,0.023273014391360716,0.0402026474030668,0.0653951733684987
1034.0,2.0,0.0,4294967295.0,4294967295.0,2.0,0.01116953101668968,0.01178516297784811,708.0,0.0,-1.0,-1.0,8.315965572534348e-05,0.0082477163415956,25.0,0.023273014391360716,0.040167788332456315,0.06535212828335303
1036.0,2.0,0.0,4294967295.0,4294967295.0,2.0,0.011168055095543535,0.011784698304643668,709.0,0.0,-1.0,-1.0,8.315965572534348e-05,0.0082477163415956,25.0,0.023273014391360716,0.04013293950979491,0.06530908319820737
1038.0,2.0,0.0,4294967295.0,4294967295.0,2.0,0.011166579174397388,0.011784233631439225,710.0,0.0,-1.0,-1.0,8.315965572534348e-05,0.0082477163415956,25.0,0.023273014391360716,0.040098100948755634,0.06526603811306171
1040.0,2.0,0.0,4294967295.0,4294967295.0,2.0,0.011165103253251249,0.01178376895823479,711.0,0.0,-1.0,-1.0,8.315965572534348e-05,0.0082477163415956,25.0,0.023273014391360716,0.04006327266302977,0.06522299302791605
1042.0,2.0,0.0,4294967295.0,4294967295.0,2.0,0.011163627332105089,0.011783304285030341,712.0,0.0,-1.0,-1.0,8.315965572534348e-05,0.0082477163415956,25.0,0.023273014391360716,0.04002845466632688,0.06517994794277039
1044.0,2.0,0.0,4294967295.0,4294967295.0,2.0,0.011162151410958929,0.011782839611825913,713.0,0.0,-1.0,-1.0,8.315965572534348e-05,0.0082477163415956,25.0,0.023273014391360716,0.03999364697237481,0.06513690285762473
1046.0,2.0,0.0,4294967295.0,4294967295.0,2.0,0.011160675489812782,0.01178237493862147,714.0,0.0,-1.0,-1.0,8.315965572534348e-05,0.0082477163415956,25.0,0.023273014391360716,0.03995884959491973,0.06509385777247907
1048.0,2.0,0.0,4294967295.0,4294967295.0,2.0,0.011159199568666643,0.011781910265417028,715.0,0.0,-1.0,-1.0,8.315965572534348e-05,0.0082477163415956,25.0,0.023273014391360716,0.039924062547726125,0.06505081268733343
1050.0,2.0,0.0,4294967295.0,4294967295.0,2.0,0.011157723647520504,0.011781445592212593,716.0,0.0,-1.0,-1.0,8.315965572534348e-05,0.0082477163415956,25.0,0.023273014391360716,0.03988928584457688,0.06500776760218777
1052.0,2.0,0.0,4294967295.0,4294967295.0,2.0,0.01115624772637435,0.011780980919008144,717.0,0.0,-1.0,-1.0,8.315965572534348e-05,0.0082477163415956,25.0,0.023273014391360716,0.03985451949927324,0.06496472251704209
1054.0,2.0,0.0,4294967295.0,4294967295.0,2.0,0.011154771805228184,0.011780516245803709,718.0,0.0,-1.0,-1.0,8.315965572534348e-05,0.0082477163415956,25.0,0.023273014391360716,0.03981976352563489,0.06492167743189642
1056.0,2.0,0.0,4294967295.0,4294967295.0,2.0,0.01115329588408203,0.011780051572599273,719.0,0.0,-1.0,-1.0,8.315965572534348e-05,0.0082477163415956,25.0,0.023273014391360716,0.03978501793749994,0.06487863234675076
1058.0,2.0,0.0,4294967295.0,4294967295.0,2.0,0.011151819962935884,0.011779586899394838,720.0,0.0,-1.0,-1.0,8.315965572534348e-05,0.0082477163415956,25.0,0.023273014391360716,0.039750282748724955,0.0648355872616051
1060.0,2.0,0.0,4294967295.0,4294967295.0,2.0,0.011150344041789738,0.01177912222619041,721.0,0.0,-1.0,-1.0,8.315965572534348e-05,0.0082477163415956,25.0,0.023273014391360716,0.039715557973184996,0.06479254217645944
1062.0,2.0,0.0,4294967295.0,4294967295.0,2.0,0.011148868120643592,0.01177865755298596,722.0,0.0,-1.0,-1.0,8.315965572534348e-05,0.0082477163415956,25.0,0.023273014391360716,0.039680843624773636,0.06474949709131378
1064.0,2.0,0.0,4294967295.0,4294967295.0,2.0,0.011147392199497445,0.011778192879781525,723.0,0.0,-1.0,-1.0,8.315965572534348e-05,0.0082477163415956,25.0,0.023273014391360716,0.039646139717402995,0.06470645200616813
1066.0,2.0,0.0,4294967295.0,4294967295.0,2.0,0.011145916278351292,0.011777728206577076,724.0,0.0,-1.0,-1.0,8.315965572534348e-05,0.0082477163415956,25.0,0.023273014391360716,0.03961144626500375,0.06466340692102249
1068.0,2.0,0.0,4294967295.0,4294967295.0,2.0,0.011144440357205132,0.011777276088643159,725.0,0.0,-1.0,-1.0,8.315965572534348e-05,0.0082477163415956,25.0,0.023273014391360716,0.03957676328152514,0.06462036183587683
1070.0,2.0,0.0,4294967295.0,4294967295.0,2.0,0.011142964436058979,0.011776856993368598,726.0,0.0,-1.0,-1.0,8.315965572534348e-05,0.0082477163415956,25.0,0.023273014391360716,0.039542090780935055,0.0645773167507312
1072.0,2.0,0.0,4294967295.0,4294967295.0,2.0,0.01114148851491284,0.011776437898094044,727.0,0.0,-1.0,-1.0,8.315965572534348e-05,0.0082477163415956,25.0,0.023273014391360716,0.03950742877721998,0.06453427166558554
1074.0,2.0,0.0,4294967295.0,4294967295.0,2.0,0.0111400125937667,0.011776018802819498,728.0,0.0,-1.0,-1.0,8.315965572534348e-05,0.0082477163415956,25.0,0.023273014391360716,0.03947277728438511,0.06449122658043988
1076.0,2.0,0.0,4294967295.0,4294967295.0,2.0,0.01113853667262054,0.011775599707544951,729.0,0.0,-1.0,-1.0,8.315965572534348e-05,0.0082477163415956,25.0,0.023273014391360716,0.03943813631645428,0.06444818149529422
1078.0,2.0,0.0,4294967295.0,4294967295.0,2.0,0.011137060751474387,0.011775180612270397,730.0,0.0,-1.0,-1.0,8.315965572534348e-05,0.0082477163415956,25.0,0.023273014391360716,0.03940350588747006,0.06440513641014856
1080.0,2.0,0.0,4294967295.0,4294967295.0,2.0,0.01113558483032824,0.01177476151699585,731.0,0.0,-1.0,-1.0,8.315965572534348e-05,0.0082477163415956,25.0,0.023273014391360716,0.039368886011493756,0.0643620913250029
1082.0,2.0,0.0,4294967295.0,4294967295.0,2.0,0.011134108909182094,0.011774342421721304,732.0,0.0,-1.0,-1.0,8.315965572534348e-05,0.0082477163415956,25.0,0.023273014391360716,0.03933427670260542,0.06431904623985725
1084.0,2.0,0.0,4294967295.0,4294967295.0,2.0,0.011132632988035948,0.011773923326446757,733.0,0.0,-1.0,-1.0,8.315965572534348e-05,0.0082477163415956,25.0,0.023273014391360716,0.0392996779749039,0.0642760011547116
1086.0,2.0,0.0,4294967295.0,4294967295.0,2.0,0.011131157066889802,0.011773504231172204,734.0,0.0,-1.0,-1.0,8.315965572534348e-05,0.0082477163415956,25.0,0.023273014391360716,0.03926508984250687,0.06423295606956594
1088.0,2.0,0.0,4294967295.0,4294967295.0,2.0,0.011129681145743649,0.011773085135897643,735.0,0.0,-1.0,-1.0,8.315965572534348e-05,0.0082477163415956,25.0,0.023273014391360716,0.03923051231955081,0.06418991098442028
1090.0,2.0,0.0,4294967295.0,4294967295.0,2.0,0.011128205224597489,0.01177266604062309,736.0,0.0,-1.0,-1.0,8.315965572534348e-05,0.0082477163415956,25.0,0.023273014391360716,0.039195945420191086,0.06414686589927465
1092.0,2.0,0.0,4294967295.0,4294967295.0,2.0,0.011126729303451335,0.011772246945348536,737.0,0.0,-1.0,-1.0,8.315965572534348e-05,0.0082477163415956,25.0,0.023273014391360716,0.03916138915860193,0.06410382081412899
1094.0,2.0,0.0,4294967295.0,4294967295.0,2.0,0.011125253382305196,0.011771827850073982,738.0,0.0,-1.0,-1.0,8.315965572534348e-05,0.0082477163415956,25.0,0.023273014391360716,0.039126843548976505,0.06406077572898333
1096.0,2.0,0.0,4294967295.0,4294967295.0,2.0,0.011123777461159057,0.011771408754799435,739.0,0.0,-1.0,-1.0,8.315965572534348e-05,0.0082477163415956,25.0,0.023273014391360716,0.0390923086055269,0.06401773064383767
1098.0,2.0,0.0,4294967295.0,4294967295.0,2.0,0.011122301540012904,0.011770989659524889,740.0,0.0,-1.0,-1.0,8.315965572534348e-05,0.0082477163415956,25.0,0.023273014391360716,0.039057784342484164,0.06397468555869201
1100.0,2.0,0.0,4294967295.0,4294967295.0,2.0,0.01112082561886675,0.011770570564250335,741.0,0.0,-1.0,-1.0,8.315965572534348e-05,0.0082477163415956,25.0,0.023273014391360716,0.03902327077409833,0.06393164047354635
1102.0,2.0,0.0,4294967295.0,4294967295.0,2.0,0.011119349697720597,0.011770151468975788,742.0,0.0,-1.0,-1.0,8.315965572534348e-05,0.0082477163415956,25.0,0.023273014391360716,0.03898876791463847,0.06388859538840069
1104.0,2.0,0.0,4294967295.0,4294967295.0,2.0,0.011117873776574451,0.011769732373701235,743.0,0.0,-1.0,-1.0,8.315965572534348e-05,0.0082477163415956,25.0,0.023273014391360716,0.038954275778392666,0.06384555030325503
1106.0,2.0,0.0,4294967295.0,4294967295.0,2.0,0.011116397855428305,0.011769313278426681,744.0,0.0,-1.0,-1.0,8.315965572534348e-05,0.0082477163415956,25.0,0.023273014391360716,0.03891979437966808,0.06380250521810937
1108.0,2.0,0.0,4294967295.0,4294967295.0,2.0,0.011114921934282151,0.011768894183152127,745.0,0.0,-1.0,-1.0,8.315965572534348e-05,0.0082477163415956,25.0,0.023273014391360716,0.03888532373279094,0.06375946013296371
1110.0,2.0,0.0,4294967295.0,4294967295.0,2.0,0.011113446013136005,0.011768475087877567,746.0,0.0,-1.0,-1.0,8.315965572534348e-05,0.0082477163415956,25.0,0.023273014391360716,0.038850863852106614,0.06371641504781805
1112.0,2.0,0.0,4294967295.0,4294967295.0,2.0,0.011111970091989852,0.011768055992603006,747.0,0.0,-1.0,-1.0,8.315965572534348e-05,0.0082477163415956,25.0,0.023273014391360716,0.038816414751979604,0.06367336996267241
1114.0,2.0,0.0,4294967295.0,4294967295.0,2.0,0.011110494170843685,0.011767636897328453,748.0,0.0,-1.0,-1.0,8.315965572534348e-05,0.0082477163415956,25.0,0.023273014391360716,0.03878197644679356,0.06363032487752675
1116.0,2.0,0.0,4294967295.0,4294967295.0,2.0,0.011109018249697546,0.011767217802053906,749.0,0.0,-1.0,-1.0,8.315965572534348e-05,0.0082477163415956,26.0,0.023273014391360716,0.03874754895095135,0.06358727979238107
1118.0,2.0,0.0,4294967295.0,4294967295.0,2.0,0.011107542328551406,0.011766798706779352,750.0,0.0,-1.0,-1.0,8.315965572534348e-05,0.0082477163415956,26.0,0.023273014391360716,0.03871313227887503,0.06354423470723541
1120.0,2.0,0.0,4294967295.0,4294967295.0,2.0,0.011106066407405253,0.011766379611504806,751.0,0.0,-1.0,-1.0,8.315965572534348e-05,0.0082477163415956,26.0,0.023273014391360716,0.03867872644500593,0.06350118962208975
1122.0,2.0,0.0,4294967295.0,4294967295.0,2.0,0.011104590486259107,0.011765991604977842,752.0,0.0,-1.0,-1.0,8.315965572534348e-05,0.0082477163415956,26.0,0.023273014391360716,0.03864433146380464,0.0634581445369441
1124.0,2.0,0.0,4294967295.0,4294967295.0,2.0,0.011103114565112954,0.011765615843438534,753.0,0.0,-1.0,-1.0,8.315965572534348e-05,0.0082477163415956,26.0,0.023273014391360716,0.038609947349751,0.06341509945179843
1126.0,2.0,0.0,4294967295.0,4294967295.0,2.0,0.011101638643966794,0.011765240081899227,754.0,0.0,-1.0,-1.0,8.315965572534348e-05,0.0082477163415956,26.0,0.023273014391360716,0.03857557411734422,0.06337205436665277
1128.0,2.0,0.0,4294967295.0,4294967295.0,2.0,0.011100162722820647,0.011764864320359905,755.0,0.0,-1.0,-1.0,8.315965572534348e-05,0.0082477163415956,26.0,0.023273014391360716,0.03854121178110285,0.06332900928150711
1130.0,2.0,0.0,4294967295.0,4294967295.0,2.0,0.011098686801674501,0.01176448855882059,756.0,0.0,-1.0,-1.0,8.315965572534348e-05,0.0082477163415956,26.0,0.023273014391360716,0.03850686035556479,0.06328596419636147
1132.0,2.0,0.0,4294967295.0,4294967295.0,2.0,0.011097210880528355,0.011764112797281269,757.0,0.0,-1.0,-1.0,8.315965572534348e-05,0.0082477163415956,26.0,0.023273014391360716,0.038472519855287345,0.06324291911121582
1134.0,2.0,0.0,4294967295.0,4294967295.0,2.0,0.011095734959382215,0.011763737035741954,758.0,0.0,-1.0,-1.0,8.315965572534348e-05,0.0082477163415956,26.0,0.023273014391360716,0.038438190294847255,0.06319987402607018
1136.0,2.0,0.0,4294967295.0,4294967295.0,2.0,0.011094259038236048,0.011763361274202647,759.0,0.0,-1.0,-1.0,8.315965572534348e-05,0.0082477163415956,26.0,0.023273014391360716,0.038403871688840685,0.06315682894092452
1138.0,2.0,0.0,4294967295.0,4294967295.0,2.0,0.011092783117089881,0.011762985512663332,760.0,0.0,-1.0,-1.0,8.315965572534348e-05,0.0082477163415956,26.0,0.023273014391360716,0.03836956405188331,0.06311378385577886
1140.0,2.0,0.0,4294967295.0,4294967295.0,2.0,0.011091307195943742,0.01176260975112401,761.0,0.0,-1.0,-1.0,8.315965572534348e-05,0.0082477163415956,26.0,0.023273014391360716,0.03833526739861026,0.0630707387706332
1142.0,2.0,0.0,4294967295.0,4294967295.0,2.0,0.011089831274797596,0.011762233989584696,762.0,0.0,-1.0,-1.0,8.315965572534348e-05,0.0082477163415956,26.0,0.023273014391360716,0.03830098174367623,0.06302769368548755
1144.0,2.0,0.0,4294967295.0,4294967295.0,2.0,0.01108835535365145,0.011761858228045374,763.0,0.0,-1.0,-1.0,8.315965572534348e-05,0.0082477163415956,26.0,0.023273014391360716,0.03826670710175545,0.06298464860034189
1146.0,2.0,0.0,4294967295.0,4294967295.0,2.0,0.01108687943250531,0.01176148246650606,764.0,0.0,-1.0,-1.0,8.315965572534348e-05,0.0082477163415956,26.0,0.023273014391360716,0.03823244348754172,0.06294160351519623
1148.0,2.0,0.0,4294967295.0,4294967295.0,2.0,0.01108540351135915,0.011761106704966759,765.0,0.0,-1.0,-1.0,8.315965572534348e-05,0.0082477163415956,26.0,0.023273014391360716,0.03819819091574847,0.06289855843005059
1150.0,2.0,0.0,4294967295.0,4294967295.0,2.0,0.01108392759021299,0.011760730943427444,766.0,0.0,-1.0,-1.0,8.315965572534348e-05,0.0082477163415956,26.0,0.023273014391360716,0.03816394940110874,0.06285551334490494
1152.0,2.0,0.0,4294967295.0,4294967295.0,2.0,0.011082451669066844,0.011760355181888123,767.0,0.0,-1.0,-1.0,8.315965572534348e-05,0.0082477163415956,26.0,0.023273014391360716,0.03812971895837523,0.06281246825975928
1154.0,2.0,0.0,4294967295.0,4294967295.0,2.0,0.011080975747920697,0.011759979420348808,768.0,0.0,-1.0,-1.0,8.315965572534348e-05,0.0082477163415956,26.0,0.023273014391360716,0.03809549960232035,0.06276942317461363
1156.0,2.0,0.0,4294967295.0,4294967295.0,2.0,0.011079499826774558,0.011759603658809487,769.0,0.0,-1.0,-1.0,8.315965572534348e-05,0.0082477163415956,26.0,0.023273014391360716,0.03806129134773617,0.06272637808946797
1158.0,2.0,0.0,4294967295.0,4294967295.0,2.0,0.011078023905628405,0.011759227897270172,770.0,0.0,-1.0,-1.0,8.315965572534348e-05,0.0082477163415956,26.0,0.023273014391360716,0.03802709420943454,0.06268333300432231
1160.0,2.0,0.0,4294967295.0,4294967295.0,2.0,0.011076547984482238,0.011758852135730871,771.0,0.0,-1.0,-1.0,8.315965572534348e-05,0.0082477163415956,26.0,0.023273014391360716,0.037992908202247044,0.06264028791917664
1162.0,2.0,0.0,4294967295.0,4294967295.0,2.0,0.011075072063336085,0.011758476374191557,772.0,0.0,-1.0,-1.0,8.315965572534348e-05,0.0082477163415956,26.0,0.023273014391360716,0.03795873334102508,0.06259724283403098
1164.0,2.0,0.0,4294967295.0,4294967295.0,2.0,0.011073596142189945,0.011758100612652235,773.0,0.0,-1.0,-1.0,8.315965572534348e-05,0.0082477163415956,26.0,0.023273014391360716,0.03792456964063983,0.06255419774888532
1166.0,2.0,0.0,4294967295.0,4294967295.0,2.0,0.011072120221043799,0.011757727996848245,774.0,0.0,-1.0,-1.0,8.315965572534348e-05,0.0082477163415956,26.0,0.023273014391360716,0.03789041711598236,0.06251115266373966
1168.0,2.0,0.0,4294967295.0,4294967295.0,2.0,0.011070644299897653,0.011757393301456573,775.0,0.0,-1.0,-1.0,8.315965572534348e-05,0.0082477163415956,26.0,0.023273014391360716,0.03785627578196355,0.062468107578594
1170.0,2.0,0.0,4294967295.0,4294967295.0,2.0,0.011069168378751507,0.011757058606064894,776.0,0.0,-1.0,-1.0,8.315965572534348e-05,0.0082477163415956,26.0,0.023273014391360716,0.037822145653514216,0.06242506249344834
1172.0,2.0,0.0,4294967295.0,4294967295.0,2.0,0.011067692457605353,0.011756723910673221,777.0,0.0,-1.0,-1.0,8.315965572534348e-05,0.0082477163415956,26.0,0.023273014391360716,0.03778802674558509,0.06238201740830268
1174.0,2.0,0.0,4294967295.0,4294967295.0,2.0,0.0110662165364592,0.011756389215281556,778.0,0.0,-1.0,-1.0,8.315965572534348e-05,0.0082477163415956,26.0,0.023273014391360716,0.03775391907314683,0.06233897232315703
1176.0,2.0,0.0,4294967295.0,4294967295.0,2.0,0.011064740615313047,0.01175605451988989,779.0,0.0,-1.0,-1.0,8.315965572534348e-05,0.0082477163415956,26.0,0.023273014391360716,0.03771982265119009,0.062295927238011375
1178.0,2.0,0.0,4294967295.0,4294967295.0,2.0,0.011063264694166908,0.01175571982449821,780.0,0.0,-1.0,-1.0,8.315965572534348e-05,0.0082477163415956,26.0,0.023273014391360716,0.03768573749472552,0.06225288215286571
1180.0,2.0,0.0,4294967295.0,4294967295.0,2.0,0.011061788773020768,0.011755385129106538,781.0,0.0,-1.0,-1.0,8.315965572534348e-05,0.0082477163415956,26.0,0.023273014391360716,0.03765166361878378,0.06220983706772004
1182.0,2.0,0.0,4294967295.0,4294967295.0,2.0,0.011060312851874615,0.011755050433714873,782.0,0.0,-1.0,-1.0,8.315965572534348e-05,0.0082477163415956,26.0,0.023273014391360716,0.03761760103841562,0.062166791982574375
1184.0,2.0,0.0,4294967295.0,4294967295.0,2.0,0.011058836930728462,0.011754715738323214,783.0,0.0,-1.0,-1.0,8.315965572534348e-05,0.0082477163415956,26.0,0.023273014391360716,0.037583549768691826,0.062123746897428715
1186.0,2.0,0.0,4294967295.0,4294967295.0,2.0,0.011057361009582316,0.011754381042931542,784.0,0.0,-1.0,-1.0,8.315965572534348e-05,0.0082477163415956,26.0,0.023273014391360716,0.037549509824703335,0.062080701812283055
1188.0,2.0,0.0,4294967295.0,4294967295.0,2.0,0.01105588508843617,0.011754046347539869,785.0,0.0,-1.0,-1.0,8.315965572534348e-05,0.0082477163415956,26.0,0.023273014391360716,0.03751548122156119,0.062037656727137395
1190.0,2.0,0.0,4294967295.0,4294967295.0,2.0,0.011054409167290023,0.011753711652148204,786.0,0.0,-1.0,-1.0,8.315965572534348e-05,0.0082477163415956,26.0,0.023273014391360716,0.03748146397439661,0.061994611641991736
1192.0,2.0,0.0,4294967295.0,4294967295.0,2.0,0.011052933246143877,0.011753376956756538,787.0,0.0,-1.0,-1.0,8.315965572534348e-05,0.0082477163415956,26.0,0.023273014391360716,0.037447458098361,0.061951566556846076
1194.0,2.0,0.0,4294967295.0,4294967295.0,2.0,0.011051457324997738,0.011753042261364866,788.0,0.0,-1.0,-1.0,8.315965572534348e-05,0.0082477163415956,26.0,0.023273014391360716,0.03741346360862596,0.06190852147170042
1196.0,2.0,0.0,4294967295.0,4294967295.0,2.0,0.011049981403851578,0.011752707565973186,789.0,0.0,-1.0,-1.0,8.315965572534348e-05,0.0082477163415956,26.0,0.023273014391360716,0.037379480520383375,0.06186547638655478
1198.0,2.0,0.0,4294967295.0,4294967295.0,2.0,0.011048505482705417,0.011752372870581514,790.0,0.0,-1.0,-1.0,8.315965572534348e-05,0.0082477163415956,26.0,0.023273014391360716,0.037345508848845355,0.061822431301409124
1200.0,2.0,0.0,4294967295.0,4294967295.0,2.0,0.011047029561559278,0.011752038175189848,791.0,0.0,-1.0,-1.0,8.315965572534348e-05,0.0082477163415956,26.0,0.023273014391360716,0.03731154860924432,0.061779386216263464
1202.0,2.0,0.0,4294967295.0,4294967295.0,2.0,0.011045553640413139,0.011751703479798183,792.0,0.0,-1.0,-1.0,8.315965572534348e-05,0.0082477163415956,26.0,0.023273014391360716,0.03727759981683303,0.061736341131117804
1204.0,2.0,0.0,4294967295.0,4294967295.0,2.0,0.011044077719266986,0.01175136878440651,793.0,0.0,-1.0,-1.0,8.315965572534348e-05,0.0082477163415956,26.0,0.023273014391360716,0.03724366248688459,0.061693296045972144
1206.0,2.0,0.0,4294967295.0,4294967295.0,2.0,0.01104260179812084,0.01175106963176463,794.0,0.0,-1.0,-1.0,8.315965572534348e-05,0.0082477163415956,26.0,0.023273014391360716,0.03720973663469247,0.06165025096082649
1208.0,2.0,0.0,4294967295.0,4294967295.0,2.0,0.011041125876974686,0.011750773712704603,795.0,0.0,-1.0,-1.0,8.315965572534348e-05,0.0082477163415956,26.0,0.023273014391360716,0.03717582227557055,0.06160720587568084
1210.0,2.0,0.0,4294967295.0,4294967295.0,2.0,0.011039649955828533,0.011750477793644583,796.0,0.0,-1.0,-1.0,8.315965572534348e-05,0.0082477163415956,26.0,0.023273014391360716,0.037141919424853155,0.061564160790535186
1212.0,2.0,0.0,4294967295.0,4294967295.0,2.0,0.011038174034682387,0.01175018187458457,797.0,0.0,-1.0,-1.0,8.315965572534348e-05,0.0082477163415956,26.0,0.023273014391360716,0.037108028097895054,0.06152111570538953
1214.0,2.0,0.0,4294967295.0,4294967295.0,2.0,0.01103669811353624,0.011749885955524543,798.0,0.0,-1.0,-1.0,8.315965572534348e-05,0.0082477163415956,26.0,0.023273014391360716,0.0370741483100715,0.06147807062024388
1216.0,2.0,0.0,4294967295.0,4294967295.0,2.0,0.011035222192390094,0.011749590036464523,799.0,0.0,-1.0,-1.0,8.315965572534348e-05,0.0082477163415956,26.0,0.023273014391360716,0.03704028007677827,0.061435025535098234
1218.0,2.0,0.0,4294967295.0,4294967295.0,2.0,0.011033746271243941,0.01174929411740451,800.0,0.0,-1.0,-1.0,8.315965572534348e-05,0.0082477163415956,26.0,0.023273014391360716,0.03700642341343169,0.06139198044995259
1220.0,2.0,0.0,4294967295.0,4294967295.0,2.0,0.011032270350097774,0.011748998198344497,801.0,0.0,-1.0,-1.0,8.315965572534348e-05,0.0082477163415956,26.0,0.023273014391360716,0.036972578335468624,0.06134893536480692
1222.0,2.0,0.0,4294967295.0,4294967295.0,2.0,0.011030794428951628,0.011748702279284491,802.0,0.0,-1.0,-1.0,8.315965572534348e-05,0.0082477163415956,26.0,0.023273014391360716,0.03693874485834657,0.061305890279661254
1224.0,2.0,0.0,4294967295.0,4294967295.0,2.0,0.011029318507805488,0.011748406360224478,803.0,0.0,-1.0,-1.0,8.315965572534348e-05,0.0082477163415956,26.0,0.023273014391360716,0.036904922997543624,0.06126284519451559
1226.0,2.0,0.0,4294967295.0,4294967295.0,2.0,0.011027842586659335,0.011748110441164465,804.0,0.0,-1.0,-1.0,8.315965572534348e-05,0.0082477163415956,26.0,0.023273014391360716,0.03687111276855855,0.06121980010936993
1228.0,2.0,0.0,4294967295.0,4294967295.0,2.0,0.011026366665513189,0.01174781452210446,805.0,0.0,-1.0,-1.0,8.315965572534348e-05,0.0082477163415956,26.0,0.023273014391360716,0.03683731418691077,0.06117675502422427
1230.0,2.0,0.0,4294967295.0,4294967295.0,2.0,0.011024890744367043,0.011747518603044432,806.0,0.0,-1.0,-1.0,8.315965572534348e-05,0.0082477163415956,26.0,0.023273014391360716,0.03680352726814043,0.06113370993907861
1232.0,2.0,0.0,4294967295.0,4294967295.0,2.0,0.011023414823220883,0.01174722268398442,807.0,0.0,-1.0,-1.0,8.315965572534348e-05,0.0082477163415956,26.0,0.023273014391360716,0.03676975202780841,0.06109066485393295
1234.0,2.0,0.0,4294967295.0,4294967295.0,2.0,0.01102193890207473,0.011746926764924413,808.0,0.0,-1.0,-1.0,8.315965572534348e-05,0.0082477163415956,26.0,0.023273014391360716,0.036735988481496354,0.06104761976878729
1236.0,2.0,0.0,4294967295.0,4294967295.0,2.0,0.011020462980928583,0.011746630845864393,809.0,0.0,-1.0,-1.0,8.315965572534348e-05,0.0082477163415956,26.0,0.023273014391360716,0.036702236644806666,0.06100457468364163
1238.0,2.0,0.0,4294967295.0,4294967295.0,2.0,0.011018987059782437,0.011746365198956617,810.0,0.0,-1.0,-1.0,8.315965572534348e-05,0.0082477163415956,26.0,0.023273014391360716,0.0366684965333626,0.060961529598495975
1240.0,2.0,0.0,4294967295.0,4294967295.0,2.0,0.011017511138636298,0.01174610574537012,811.0,0.0,-1.0,-1.0,8.315965572534348e-05,0.0082477163415956,26.0,0.023273014391360716,0.036634768162808244,0.060918484513350316
1242.0,2.0,0.0,4294967295.0,4294967295.0,2.0,0.011016035217490137,0.011745846291783602,812.0,0.0,-1.0,-1.0,8.315965572534348e-05,0.0082477163415956,26.0,0.023273014391360716,0.036601051548808564,0.06087543942820465
1244.0,2.0,0.0,4294967295.0,4294967295.0,2.0,0.01101455929634397,0.011745586838197097,813.0,0.0,-1.0,-1.0,8.315965572534348e-05,0.0082477163415956,26.0,0.023273014391360716,0.036567346707049406,0.06083239434305898
1246.0,2.0,0.0,4294967295.0,4294967295.0,2.0,0.011013083375197824,0.011745327384610593,814.0,0.0,-1.0,-1.0,8.315965572534348e-05,0.0082477163415956,26.0,0.023273014391360716,0.03653365365323759,0.060789349257913315
1248.0,2.0,0.0,4294967295.0,4294967295.0,2.0,0.011011607454051678,0.011745067931024082,815.0,0.0,-1.0,-1.0,8.315965572534348e-05,0.0082477163415956,26.0,0.023273014391360716,0.03649997240310082,0.060746304172767655
1250.0,2.0,0.0,4294967295.0,4294967295.0,2.0,0.011010131532905532,0.011744808477437571,816.0,0.0,-1.0,-1.0,8.315965572534348e-05,0.0082477163415956,26.0,0.023273014391360716,0.036466302972387864,0.060703259087621995
1252.0,2.0,0.0,4294967295.0,4294967295.0,2.0,0.011008655611759392,0.01174454902385106,817.0,0.0,-1.0,-1.0,8.315965572534348e-05,0.0082477163415956,26.0,0.023273014391360716,0.03643264537686844,0.060660214002476336
1254.0,2.0,0.0,4294967295.0,4294967295.0,2.0,0.011007179690613239,0.011744289570264556,818.0,0.0,-1.0,-1.0,8.315965572534348e-05,0.0082477163415956,26.0,0.023273014391360716,0.03639899963233334,0.06061716891733068
1256.0,2.0,0.0,4294967295.0,4294967295.0,2.0,0.011005703769467079,0.011744030116678038,819.0,0.0,-1.0,-1.0,8.315965572534348e-05,0.0082477163415956,26.0,0.023273014391360716,0.03636536575459441,0.06057412383218503
1258.0,2.0,0.0,4294967295.0,4294967295.0,2.0,0.011004227848320926,0.011743770663091534,820.0,0.0,-1.0,-1.0,8.315965572534348e-05,0.0082477163415956,26.0,0.023273014391360716,0.036331743759484614,0.060531078747039384
1260.0,2.0,0.0,4294967295.0,4294967295.0,2.0,0.01100275192717478,0.01174351120950503,821.0,0.0,-1.0,-1.0,8.315965572534348e-05,0.0082477163415956,26.0,0.023273014391360716,0.036298133662858,0.06048803366189374
1262.0,2.0,0.0,4294967295.0,4294967295.0,2.0,0.01100127600602864,0.011743251755918518,822.0,0.0,-1.0,-1.0,8.315965572534348e-05,0.0082477163415956,26.0,0.023273014391360716,0.03626453548058982,0.06044498857674808
1264.0,2.0,0.0,4294967295.0,4294967295.0,2.0,0.010999800084882487,0.011743007226584543,823.0,0.0,-1.0,-1.0,8.315965572534348e-05,0.0082477163415956,26.0,0.023273014391360716,0.03623094922857646,0.06040194349160242
1266.0,2.0,0.0,4294967295.0,4294967295.0,2.0,0.010998324163736327,0.01174278190777843,824.0,0.0,-1.0,-1.0,8.315965572534348e-05,0.0082477163415956,26.0,0.023273014391360716,0.036197374922735545,0.06035889840645676
1268.0,2.0,0.0,4294967295.0,4294967295.0,2.0,0.010996848242590174,0.01174255658897231,825.0,0.0,-1.0,-1.0,8.315965572534348e-05,0.0082477163415956,26.0,0.023273014391360716,0.03616381257900592,0.060315853321311105
1270.0,2.0,0.0,4294967295.0,4294967295.0,2.0,0.010995372321444027,0.011742331270166197,826.0,0.0,-1.0,-1.0,8.315965572534348e-05,0.0082477163415956,26.0,0.023273014391360716,0.03613026221334772,0.06027280823616545
1272.0,2.0,0.0,4294967295.0,4294967295.0,2.0,0.010993896400297881,0.01174210595136007,827.0,0.0,-1.0,-1.0,8.315965572534348e-05,0.0082477163415956,26.0,0.023273014391360716,0.03609672384174234,0.0602297631510198
1274.0,2.0,0.0,4294967295.0,4294967295.0,2.0,0.010992420479151735,0.011741880632553964,828.0,0.0,-1.0,-1.0,8.315965572534348e-05,0.0082477163415956,26.0,0.023273014391360716,0.03606319748019253,0.06018671806587415
1276.0,2.0,0.0,4294967295.0,4294967295.0,2.0,0.010990944558005589,0.01174165531374783,829.0,0.0,-1.0,-1.0,8.315965572534348e-05,0.0082477163415956,26.0,0.023273014391360716,0.036029683144722366,0.060143672980728494
1278.0,2.0,0.0,4294967295.0,4294967295.0,2.0,0.010989468636859442,0.01174142999494171,830.0,0.0,-1.0,-1.0,8.315965572534348e-05,0.0082477163415956,26.0,0.023273014391360716,0.035996180851377325,0.06010062789558284
1280.0,2.0,0.0,4294967295.0,4294967295.0,2.0,0.010987992715713282,0.011741204676135597,831.0,0.0,-1.0,-1.0,8.315965572534348e-05,0.0082477163415956,26.0,0.023273014391360716,0.035962690616224285,0.060057582810437195
1282.0,2.0,0.0,4294967295.0,4294967295.0,2.0,0.010986516794567129,0.011740979357329484,832.0,0.0,-1.0,-1.0,8.315965572534348e-05,0.0082477163415956,26.0,0.023273014391360716,0.035929212455351564,0.06001453772529154
1284.0,2.0,0.0,4294967295.0,4294967295.0,2.0,0.01098504087342099,0.011740754038523364,833.0,0.0,-1.0,-1.0,8.315965572534348e-05,0.0082477163415956,26.0,0.023273014391360716,0.03589574638486892,0.05997149264014588
1286.0,2.0,0.0,4294967295.0,4294967295.0,2.0,0.010983564952274844,0.011740540880803195,834.0,0.0,-1.0,-1.0,8.315965572534348e-05,0.0082477163415956,26.0,0.023273014391360716,0.03586229242090763,0.05992844755500022
1288.0,2.0,0.0,4294967295.0,4294967295.0,2.0,0.01098208903112869,0.011740347347475942,835.0,0.0,-1.0,-1.0,8.315965572534348e-05,0.0082477163415956,26.0,0.023273014391360716,0.0358288505796205,0.059885402469854555
1290.0,2.0,0.0,4294967295.0,4294967295.0,2.0,0.010980613109982537,0.01174015381414869,836.0,0.0,-1.0,-1.0,8.315965572534348e-05,0.0082477163415956,26.0,0.023273014391360716,0.03579542087718187,0.059842357384708895
1292.0,2.0,0.0,4294967295.0,4294967295.0,2.0,0.010979137188836384,0.011739960280821436,837.0,0.0,-1.0,-1.0,8.315965572534348e-05,0.0082477163415956,26.0,0.023273014391360716,0.03576200332978766,0.059799312299563236
1294.0,2.0,0.0,4294967295.0,4294967295.0,2.0,0.01097766126769023,0.011739766747494183,838.0,0.0,-1.0,-1.0,8.315965572534348e-05,0.0082477163415956,27.0,0.023273014391360716,0.03572859795365542,0.059756267214417576
1296.0,2.0,0.0,4294967295.0,4294967295.0,2.0,0.010976185346544085,0.01173957321416693,839.0,0.0,-1.0,-1.0,8.315965572534348e-05,0.0082477163415956,27.0,0.023273014391360716,0.035695204765024316,0.059713222129271916
1298.0,2.0,0.0,4294967295.0,4294967295.0,2.0,0.010974709425397938,0.011739379680839677,840.0,0.0,-1.0,-1.0,8.315965572534348e-05,0.0082477163415956,27.0,0.023273014391360716,0.03566182378015517,0.059670177044126256
1300.0,2.0,0.0,4294967295.0,4294967295.0,2.0,0.010973233504251792,0.011739186147512425,841.0,0.0,-1.0,-1.0,8.315965572534348e-05,0.0082477163415956,27.0,0.023273014391360716,0.03562845501533055,0.0596271319589806
1302.0,2.0,0.0,4294967295.0,4294967295.0,2.0,0.010971757583105632,0.011738992614185172,842.0,0.0,-1.0,-1.0,8.315965572534348e-05,0.0082477163415956,27.0,0.023273014391360716,0.03559509848685469,0.05958408687383495
1304.0,2.0,0.0,4294967295.0,4294967295.0,2.0,0.010970281661959465,0.011738808861421583,843.0,0.0,-1.0,-1.0,8.315965572534348e-05,0.0082477163415956,27.0,0.023273014391360716,0.03556175421105361,0.05954104178868929
1306.0,2.0,0.0,4294967295.0,4294967295.0,2.0,0.010968805740813325,0.011738644746908312,844.0,0.0,-1.0,-1.0,8.315965572534348e-05,0.0082477163415956,27.0,0.023273014391360716,0.035528422204275115,0.059497996703543624
1308.0,2.0,0.0,4294967295.0,4294967295.0,2.0,0.010967329819667186,0.011738480632395042,845.0,0.0,-1.0,-1.0,8.315965572534348e-05,0.0082477163415956,27.0,0.023273014391360716,0.0354951024828888,0.05945495161839796
1310.0,2.0,0.0,4294967295.0,4294967295.0,2.0,0.010965853898521033,0.011738316517881778,846.0,0.0,-1.0,-1.0,8.315965572534348e-05,0.0082477163415956,27.0,0.023273014391360716,0.03546179506328612,0.0594119065332523
1312.0,2.0,0.0,4294967295.0,4294967295.0,2.0,0.010964377977374887,0.01173815240336852,847.0,0.0,-1.0,-1.0,8.315965572534348e-05,0.0082477163415956,27.0,0.023273014391360716,0.03542849996188039,0.05936886144810664
1314.0,2.0,0.0,4294967295.0,4294967295.0,2.0,0.010962902056228734,0.011737988288855257,848.0,0.0,-1.0,-1.0,8.315965572534348e-05,0.0082477163415956,27.0,0.023273014391360716,0.035395217195106826,0.059325816362960984
1316.0,2.0,0.0,4294967295.0,4294967295.0,2.0,0.010961426135082573,0.011737824174341986,849.0,0.0,-1.0,-1.0,8.315965572534348e-05,0.0082477163415956,27.0,0.023273014391360716,0.03536194677942258,0.05928277127781533
1318.0,2.0,0.0,4294967295.0,4294967295.0,2.0,0.010959950213936427,0.011737660059828722,850.0,0.0,-1.0,-1.0,8.315965572534348e-05,0.0082477163415956,27.0,0.023273014391360716,0.03532868873130675,0.05923972619266968
1320.0,2.0,0.0,4294967295.0,4294967295.0,2.0,0.010958474292790288,0.01173752212629852,851.0,0.0,-1.0,-1.0,8.315965572534348e-05,0.0082477163415956,27.0,0.023273014391360716,0.03529544306726043,0.059196681107524025
1322.0,2.0,0.0,4294967295.0,4294967295.0,2.0,0.010956998371644149,0.01173738504783324,852.0,0.0,-1.0,-1.0,8.315965572534348e-05,0.0082477163415956,27.0,0.023273014391360716,0.03526220980380672,0.05915363602237838
1324.0,2.0,0.0,4294967295.0,4294967295.0,2.0,0.010955522450498002,0.011737247969367967,853.0,0.0,-1.0,-1.0,8.315965572534348e-05,0.0082477163415956,27.0,0.023273014391360716,0.03522898895749077,0.059110590937232727
1326.0,2.0,0.0,4294967295.0,4294967295.0,2.0,0.010954046529351835,0.011737110890902694,854.0,0.0,-1.0,-1.0,8.315965572534348e-05,0.0082477163415956,27.0,0.023273014391360716,0.035195780544879804,0.05906754585208707
1328.0,2.0,0.0,4294967295.0,4294967295.0,2.0,0.010952570608205689,0.01173697381243742,855.0,0.0,-1.0,-1.0,8.315965572534348e-05,0.0082477163415956,27.0,0.023273014391360716,0.035162584582563154,0.05902450076694141
1330.0,2.0,0.0,4294967295.0,4294967295.0,2.0,0.01095109468705955,0.01173683673397214,856.0,0.0,-1.0,-1.0,8.315965572534348e-05,0.0082477163415956,27.0,0.023273014391360716,0.03512940108715229,0.05898145568179575
1332.0,2.0,0.0,4294967295.0,4294967295.0,2.0,0.010949618765913396,0.011736723709394513,857.0,0.0,-1.0,-1.0,8.315965572534348e-05,0.0082477163415956,27.0,0.023273014391360716,0.03509623007528084,0.058938410596650094
1334.0,2.0,0.0,4294967295.0,4294967295.0,2.0,0.01094814284476725,0.011736611269388311,858.0,0.0,-1.0,-1.0,8.315965572534348e-05,0.0082477163415956,27.0,0.023273014391360716,0.03506307156360462,0.05889536551150444
1336.0,2.0,0.0,4294967295.0,4294967295.0,2.0,0.010946666923621111,0.01173649882938211,859.0,0.0,-1.0,-1.0,8.315965572534348e-05,0.0082477163415956,27.0,0.023273014391360716,0.035029925568801676,0.05885232042635879
1338.0,2.0,0.0,4294967295.0,4294967295.0,2.0,0.01094519100247495,0.011736386389375908,860.0,0.0,-1.0,-1.0,8.315965572534348e-05,0.0082477163415956,27.0,0.023273014391360716,0.03499679210757231,0.058809275341213135
1340.0,2.0,0.0,4294967295.0,4294967295.0,2.0,0.010943715081328798,0.011736274471721618,861.0,0.0,-1.0,-1.0,8.315965572534348e-05,0.0082477163415956,27.0,0.023273014391360716,0.03496367119663908,0.05876623025606748
1342.0,2.0,0.0,4294967295.0,4294967295.0,2.0,0.010942239160182651,0.011736184259055656,862.0,0.0,-1.0,-1.0,8.315965572534348e-05,0.0082477163415956,27.0,0.023273014391360716,0.0349305628527469,0.058723185170921836
1344.0,2.0,0.0,4294967295.0,4294967295.0,2.0,0.010940763239036512,0.011736094046389707,863.0,0.0,-1.0,-1.0,8.315965572534348e-05,0.0082477163415956,27.0,0.023273014391360716,0.034897467092662976,0.05868014008577619
1346.0,2.0,0.0,4294967295.0,4294967295.0,2.0,0.010939287317890373,0.011736003833723765,864.0,0.0,-1.0,-1.0,8.315965572534348e-05,0.0082477163415956,27.0,0.023273014391360716,0.03486438393317692,0.05863709500063054
1348.0,2.0,0.0,4294967295.0,4294967295.0,2.0,0.01093781139674422,0.01173591362105781,865.0,0.0,-1.0,-1.0,8.315965572534348e-05,0.0082477163415956,27.0,0.023273014391360716,0.03483131339110074,0.05859404991548487
1350.0,2.0,0.0,4294967295.0,4294967295.0,2.0,0.01093633547559806,0.011735837396408419,866.0,0.0,-1.0,-1.0,8.315965572534348e-05,0.0082477163415956,27.0,0.023273014391360716,0.034798255483268856,0.058551004830339204
1352.0,2.0,0.0,4294967295.0,4294967295.0,2.0,0.010934859554451906,0.011735766987740384,867.0,0.0,-1.0,-1.0,8.315965572534348e-05,0.0082477163415956,27.0,0.023273014391360716,0.03476521022653818,0.058507959745193544
1354.0,2.0,0.0,4294967295.0,4294967295.0,2.0,0.01093338363330576,0.011735696579072363,868.0,0.0,-1.0,-1.0,8.315965572534348e-05,0.0082477163415956,27.0,0.023273014391360716,0.03473217763778809,0.058464914660047884
1356.0,2.0,0.0,4294967295.0,4294967295.0,2.0,0.010931907712159614,0.01173562617040435,869.0,0.0,-1.0,-1.0,8.315965572534348e-05,0.0082477163415956,27.0,0.023273014391360716,0.03469915773392048,0.058421869574902224
1358.0,2.0,0.0,4294967295.0,4294967295.0,2.0,0.010930431791013474,0.011735563007091263,870.0,0.0,-1.0,-1.0,8.315965572534348e-05,0.0082477163415956,27.0,0.023273014391360716,0.03466615053185983,0.058378824489756564
1360.0,2.0,0.0,4294967295.0,4294967295.0,2.0,0.010928955869867328,0.011735509968173963,871.0,0.0,-1.0,-1.0,8.315965572534348e-05,0.0082477163415956,27.0,0.023273014391360716,0.03463315604855316,0.058335779404610905
1362.0,2.0,0.0,4294967295.0,4294967295.0,2.0,0.010927479948721168,0.01173545692925667,872.0,0.0,-1.0,-1.0,8.315965572534348e-05,0.0082477163415956,27.0,0.023273014391360716,0.03460017430097012,0.058292734319465245
1364.0,2.0,0.0,4294967295.0,4294967295.0,2.0,0.010926004027575015,0.011735403890339377,873.0,0.0,-1.0,-1.0,8.315965572534348e-05,0.0082477163415956,27.0,0.023273014391360716,0.034567205306103015,0.05824968923431959
1366.0,2.0,0.0,4294967295.0,4294967295.0,2.0,0.010924528106428869,0.011735350851422091,874.0,0.0,-1.0,-1.0,8.315965572534348e-05,0.0082477163415956,27.0,0.023273014391360716,0.03453424908096679,0.05820664414917393
1368.0,2.0,0.0,4294967295.0,4294967295.0,2.0,0.01092305218528273,0.011735297812504805,875.0,0.0,-1.0,-1.0,8.315965572534348e-05,0.0082477163415956,27.0,0.023273014391360716,0.03450130564259912,0.058163599064028265
1370.0,2.0,0.0,4294967295.0,4294967295.0,2.0,0.010921576264136576,0.011735259180663801,876.0,0.0,-1.0,-1.0,8.315965572534348e-05,0.0082477163415956,27.0,0.023273014391360716,0.0344683750080604,0.0581205539788826
1372.0,2.0,0.0,4294967295.0,4294967295.0,2.0,0.010920100342990423,0.011735221067674682,877.0,0.0,-1.0,-1.0,8.315965572534348e-05,0.0082477163415956,27.0,0.023273014391360716,0.03443545719443379,0.05807750889373693
1374.0,2.0,0.0,4294967295.0,4294967295.0,2.0,0.01091862442184427,0.011735182954685557,878.0,0.0,-1.0,-1.0,8.315965572534348e-05,0.0082477163415956,27.0,0.023273014391360716,0.034402552218825225,0.05803446380859127
1376.0,2.0,0.0,4294967295.0,4294967295.0,2.0,0.010917148500698116,0.011735144841696438,879.0,0.0,-1.0,-1.0,8.315965572534348e-05,0.0082477163415956,27.0,0.023273014391360716,0.034369660098363494,0.05799141872344562
1378.0,2.0,0.0,4294967295.0,4294967295.0,2.0,0.01091567257955197,0.011735106728707319,880.0,0.0,-1.0,-1.0,8.315965572534348e-05,0.0082477163415956,27.0,0.023273014391360716,0.03433678085020023,0.057948373638299966
1380.0,2.0,0.0,4294967295.0,4294967295.0,2.0,0.01091419665840583,0.0117350686157182,881.0,0.0,-1.0,-1.0,8.315965572534348e-05,0.0082477163415956,27.0,0.023273014391360716,0.03430391449150992,0.05790532855315431
1382.0,2.0,0.0,4294967295.0,4294967295.0,2.0,0.010912720737259685,0.011735030502729074,882.0,0.0,-1.0,-1.0,8.315965572534348e-05,0.0082477163415956,27.0,0.023273014391360716,0.034271061039490014,0.05786228346800866
1384.0,2.0,0.0,4294967295.0,4294967295.0,2.0,0.010911244816113531,0.011734992389739955,883.0,0.0,-1.0,-1.0,8.315965572534348e-05,0.0082477163415956,27.0,0.023273014391360716,0.034238220511360884,0.05781923838286301
1386.0,2.0,0.0,4294967295.0,4294967295.0,2.0,0.010909768894967371,0.01173495427675085,884.0,0.0,-1.0,-1.0,8.315965572534348e-05,0.0082477163415956,27.0,0.023273014391360716,0.03420539292436586,0.05777619329771736
1388.0,2.0,0.0,4294967295.0,4294967295.0,2.0,0.010908292973821211,0.011734920117971337,885.0,0.0,-1.0,-1.0,8.315965572534348e-05,0.0082477163415956,27.0,0.023273014391360716,0.034172578295771305,0.05773314821257171
1390.0,2.0,0.0,4294967295.0,4294967295.0,2.0,0.010906817052675072,0.011734894478851392,886.0,0.0,-1.0,-1.0,8.315965572534348e-05,0.0082477163415956,27.0,0.023273014391360716,0.034139776642866604,0.05769010312742605
1392.0,2.0,0.0,4294967295.0,4294967295.0,2.0,0.010905341131528926,0.01173486883973145,887.0,0.0,-1.0,-1.0,8.315965572534348e-05,0.0082477163415956,27.0,0.023273014391360716,0.034106987982964236,0.05764705804228039
1394.0,2.0,0.0,4294967295.0,4294967295.0,2.0,0.010903865210382772,0.011734843200611508,888.0,0.0,-1.0,-1.0,8.315965572534348e-05,0.0082477163415956,27.0,0.023273014391360716,0.03407421233339974,0.05760401295713473
1396.0,2.0,0.0,4294967295.0,4294967295.0,2.0,0.010902389289236626,0.011734817561491567,889.0,0.0,-1.0,-1.0,8.315965572534348e-05,0.0082477163415956,27.0,0.023273014391360716,0.03404144971153181,0.057560967871989076
1398.0,2.0,0.0,4294967295.0,4294967295.0,2.0,0.010900913368090466,0.011734791922371632,890.0,0.0,-1.0,-1.0,8.315965572534348e-05,0.0082477163415956,27.0,0.023273014391360716,0.03400870013474228,0.05751792278684342
1400.0,2.0,0.0,4294967295.0,4294967295.0,2.0,0.010899437446944313,0.011734766283251697,891.0,0.0,-1.0,-1.0,8.315965572534348e-05,0.0082477163415956,27.0,0.023273014391360716,0.03397596362043621,0.05747487770169777
1402.0,2.0,0.0,4294967295.0,4294967295.0,2.0,0.010897961525798167,0.011734740644131762,892.0,0.0,-1.0,-1.0,8.315965572534348e-05,0.0082477163415956,27.0,0.023273014391360716,0.03394324018604185,0.05743183261655212
1404.0,2.0,0.0,4294967295.0,4294967295.0,2.0,0.01089648560465202,0.011734715005011831,893.0,0.0,-1.0,-1.0,8.315965572534348e-05,0.0082477163415956,27.0,0.023273014391360716,0.03391052984901071,0.057388787531406464
1406.0,2.0,0.0,4294967295.0,4294967295.0,2.0,0.010895009683505881,0.0117346893658919,894.0,0.0,-1.0,-1.0,8.315965572534348e-05,0.0082477163415956,27.0,0.023273014391360716,0.033877832626817594,0.05734574244626082
1408.0,2.0,0.0,4294967295.0,4294967295.0,2.0,0.010893533762359728,0.011734663726771968,895.0,0.0,-1.0,-1.0,8.315965572534348e-05,0.0082477163415956,27.0,0.023273014391360716,0.033845148536960606,0.05730269736111517
1410.0,2.0,0.0,4294967295.0,4294967295.0,2.0,0.01089205784121356,0.01173463808765204,896.0,0.0,-1.0,-1.0,8.315965572534348e-05,0.0082477163415956,27.0,0.023273014391360716,0.033812477596961224,0.057259652275969505
1412.0,2.0,0.0,4294967295.0,4294967295.0,2.0,0.010890581920067414,0.01173461244853212,897.0,0.0,-1.0,-1.0,8.315965572534348e-05,0.0082477163415956,27.0,0.023273014391360716,0.033779819824364274,0.05721660719082384
1414.0,2.0,0.0,4294967295.0,4294967295.0,2.0,0.010889105998921275,0.011734586809412192,898.0,0.0,-1.0,-1.0,8.315965572534348e-05,0.0082477163415956,27.0,0.023273014391360716,0.033747175236738,0.05717356210567817
1416.0,2.0,0.0,4294967295.0,4294967295.0,2.0,0.010887630077775122,0.011734561170292264,899.0,0.0,-1.0,-1.0,8.315965572534348e-05,0.0082477163415956,27.0,0.023273014391360716,0.03371454385167409,0.05713051702053251
1418.0,2.0,3.0,4294967295.0,4294967295.0,1.0,0.010886154156628976,0.011734535531172336,900.0,3.0,-1.0,-1.0,0.9199468679552478,0.9642684400400007,27.0,0.023273014391360716,0.057021370305980444,0.07866432910344254
1419.0,1.0,11.0,4294967295.0,4294967295.0,1.0,0.010886154156628976,0.011734535531172322,901.0,1.0,-1.0,-1.0,0.999683885745438,0.9696073950447441,0.0,0.023273014391360716,0.05700378986659172,0.08253734752828129
1420.0,1.0,6.0,4294967295.0,4294967295.0,1.0,0.010886154156628969,0.011734535531172336,902.0,1.0,-1.0,-1.0,0.9996862798326052,0.9695950477083302,0.0,0.023273014391360716,0.056982774566234316,0.08251123558080276
1421.0,1.0,6.0,4294967295.0,4294967295.0,1.0,0.010886154156628962,0.011734535531172322,903.0,1.0,-1.0,-1.0,0.999686279893699,0.9695950480767632,0.0,0.023273014391360716,0.05696176716267724,0.08248500327342428
1422.0,1.0,8.0,4294967295.0,4294967295.0,1.0,0.010886154156628962,0.011734535531172322,904.0,1.0,-1.0,-1.0,0.9996862798937005,0.969595048085752,0.0,0.023273014391360716,0.056940759758899645,0.08245876764850968
1423.0,1.0,7.0,4294967295.0,4294967295.0,1.0,0.010886154156628969,0.011734535531172322,905.0,1.0,-1.0,-1.0,0.9996862798937005,0.9695950480857485,0.0,0.023273014391360716,0.05691975235511629,0.08243252870683473
1424.0,1.0,6.0,4294967295.0,4294967295.0,1.0,0.010886154156628976,0.011734535531172322,906.0,0.0,-1.0,-1.0,0.9996862798937005,0.9695950480857485,0.0,0.023273014391360716,0.05689874495133293,0.08240628644618761
1425.0,1.0,8.0,4294967295.0,4294967295.0,1.0,0.010886154156628976,0.011734535531172322,907.0,1.0,-1.0,-1.0,0.9996862798937005,0.9695950480857485,0.0,0.023273014391360716,0.05687773754754958,0.08238004086435488
1426.0,1.0,12.0,4294967295.0,4294967295.0,1.0,0.010886154156628983,0.011734535531172336,908.0,2.0,-1.0,-1.0,0.9996862798937005,0.9695950480857485,0.0,0.023273014391360716,0.05685673014376622,0.08235379195912174
1427.0,1.0,12.0,4294967295.0,4294967295.0,1.0,0.010886154156628983,0.011734535531172322,909.0,1.0,-1.0,-1.0,0.9996862798937005,0.9695950480857485,0.0,0.023273014391360716,0.056835722739982865,0.08232753972827184
1428.0,1.0,8.0,4294967295.0,4294967295.0,1.0,0.01088615415662899,0.011734535531172336,910.0,1.0,-1.0,-1.0,0.9996862798937005,0.9695950480857485,0.0,0.023273014391360716,0.05681471533619952,0.08230128416958732
1429.0,1.0,5.0,4294967295.0,4294967295.0,1.0,0.010886154156628997,0.01173453553117235,911.0,1.0,-1.0,-1.0,0.9996862798937005,0.9695950480857485,0.0,0.023273014391360716,0.05679370793241617,0.08227502528084893
1430.0,1.0,10.0,4294967295.0,4294967295.0,1.0,0.010886154156628997,0.01173453553117235,912.0,2.0,-1.0,-1.0,0.9996862798937005,0.9695950480857485,0.0,0.023273014391360716,0.05677270052863283,0.08224876305983586
1431.0,1.0,6.0,4294967295.0,4294967295.0,1.0,0.010886154156629003,0.011734535531172364,913.0,0.0,-1.0,-1.0,0.9996862798937005,0.9695950480857485,0.0,0.023273014391360716,0.05675169312484948,0.08222249750432586
1432.0,1.0,7.0,4294967295.0,4294967295.0,1.0,0.010886154156629003,0.011734535531172378,914.0,0.0,-1.0,-1.0,0.9996862798937005,0.9695950480857485,0.0,0.023273014391360716,0.05673068572106612,0.08219622861209522
1433.0,1.0,5.0,4294967295.0,4294967295.0,1.0,0.01088615415662901,0.011734535531172378,915.0,1.0,-1.0,-1.0,0.9996862798937005,0.9695950480857485,0.0,0.023273014391360716,0.056709678317282776,0.0821699563809187
1434.0,1.0,6.0,4294967295.0,4294967295.0,1.0,0.010886154156629017,0.011734535531172378,916.0,0.0,-1.0,-1.0,0.9996862798937005,0.9695950480857485,0.0,0.023273014391360716,0.05668867091349942,0.08214368080856957
1435.0,1.0,8.0,4294967295.0,4294967295.0,1.0,0.010886154156629017,0.011734535531172364,917.0,1.0,-1.0,-1.0,0.9996862798937005,0.9695950480857485,0.0,0.023273014391360716,0.05666766350971607,0.08211740189281969
1436.0,1.0,7.0,4294967295.0,4294967295.0,1.0,0.010886154156629024,0.01173453553117235,918.0,1.0,-1.0,-1.0,0.9996862798937005,0.9695950480857485,0.0,0.023273014391360716,0.05664665610593271,0.08209111963143934
1437.0,1.0,5.0,4294967295.0,4294967295.0,1.0,0.010886154156629024,0.011734535531172364,919.0,0.0,-1.0,-1.0,0.9996862798937005,0.9695950480857485,0.0,0.023273014391360716,0.05662564870214935,0.08206483402219736
1438.0,1.0,5.0,4294967295.0,4294967295.0,1.0,0.010886154156629024,0.011734535531172378,920.0,1.0,-1.0,-1.0,0.9996862798937005,0.9695950480857485,0.0,0.023273014391360716,0.056604641298366,0.08203854506286112
1439.0,1.0,3.0,4294967295.0,4294967295.0,1.0,0.010886154156629031,0.011734535531172392,921.0,1.0,-1.0,-1.0,0.9996862798937005,0.9695950480857485,0.0,0.023273014391360716,0.056583633894582645,0.08201225275119647
1440.0,1.0,5.0,4294967295.0,4294967295.0,1.0,0.010886154156629038,0.011734535531172392,922.0,0.0,-1.0,-1.0,0.9996862798937005,0.9695950480857485,0.0,0.023273014391360716,0.0565626264907993,0.08198595708496775
1441.0,1.0,8.0,4294967295.0,4294967295.0,1.0,0.010886154156629045,0.011734535531172405,923.0,1.0,-1.0,-1.0,0.9996862798937005,0.9695950480857485,0.0,0.023273014391360716,0.05654161908701595,0.08195965806193789
1442.0,1.0,7.0,4294967295.0,4294967295.0,1.0,0.010886154156629045,0.011734535531172433,924.0,0.0,-1.0,-1.0,0.9996862798937005,0.9695950480857485,0.0,0.023273014391360716,0.05652061168323261,0.08193335567986823
1443.0,1.0,7.0,4294967295.0,4294967295.0,1.0,0.010886154156629052,0.01173453553117242,925.0,0.0,-1.0,-1.0,0.9996862798937005,0.9695950480857485,0.0,0.023273014391360716,0.05649960427944926,0.0819070499365187
1444.0,1.0,6.0,4294967295.0,4294967295.0,1.0,0.010886154156629052,0.01173453553117242,926.0,0.0,-1.0,-1.0,0.9996862798937005,0.9695950480857485,0.0,0.023273014391360716,0.0564785968756659,0.08188074082964769
1445.0,1.0,3.0,4294967295.0,4294967295.0,1.0,0.010886154156629059,0.01173453553117242,927.0,0.0,-1.0,-1.0,0.9996862798937005,0.9695950480857485,0.0,0.023273014391360716,0.056457589471882556,0.08185442835701207
1446.0,1.0,2.0,4294967295.0,4294967295.0,1.0,0.010886154156629066,0.011734535531172433,928.0,0.0,-1.0,-1.0,0.9996862798937005,0.9695950480857485,0.0,0.023273014391360716,0.0564365820680992,0.08182811251636729
1447.0,1.0,5.0,4294967295.0,4294967295.0,1.0,0.010886154156629066,0.011734535531172433,929.0,0.0,-1.0,-1.0,0.9996862798937005,0.9695950480857485,0.0,0.023273014391360716,0.05641557466431585,0.08180179330546727
1448.0,1.0,6.0,4294967295.0,4294967295.0,1.0,0.010886154156629073,0.011734535531172433,930.0,0.0,-1.0,-1.0,0.9996862798937005,0.9695950480857485,0.0,0.023273014391360716,0.05639456726053249,0.08177547072206443
1449.0,1.0,3.0,4294967295.0,4294967295.0,1.0,0.010886154156629073,0.011734535531172433,931.0,2.0,-1.0,-1.0,0.9996862798937005,0.9695950480857485,0.0,0.023273014391360716,0.056373559856749134,0.0817491447639096
1450.0,1.0,10.0,4294967295.0,4294967295.0,1.0,0.010886154156629073,0.01173453553117242,932.0,0.0,-1.0,-1.0,0.9996862798937005,0.9695950480857485,0.0,0.023273014391360716,0.05635255245296578,0.08172281542875226
1451.0,1.0,6.0,4294967295.0,4294967295.0,1.0,0.01088615415662908,0.011734535531172433,933.0,1.0,-1.0,-1.0,0.9996862798937005,0.9695950480857485,0.0,0.023273014391360716,0.056331545049182426,0.08169648271434032
1452.0,1.0,6.0,4294967295.0,4294967295.0,1.0,0.01088615415662908,0.011734535531172447,934.0,0.0,-1.0,-1.0,0.9996862798937005,0.9695950480857485,0.0,0.023273014391360716,0.056310537645399075,0.0816701466184202
1453.0,1.0,5.0,4294967295.0,4294967295.0,1.0,0.010886154156629087,0.011734535531172447,935.0,0.0,-1.0,-1.0,0.9996862798937005,0.9695950480857485,0.0,0.023273014391360716,0.056289530241615725,0.08164380713873681
1454.0,1.0,6.0,4294967295.0,4294967295.0,1.0,0.010886154156629087,0.011734535531172447,936.0,0.0,-1.0,-1.0,0.9996862798937005,0.9695950480857485,0.0,0.023273014391360716,0.056268522837832374,0.08161746427303354
1455.0,1.0,4.0,4294967295.0,4294967295.0,1.0,0.010886154156629087,0.011734535531172461,937.0,2.0,-1.0,-1.0,0.9996862798937005,0.9695950480857485,0.0,0.023273014391360716,0.05624751543404903,0.0815911180190523
1456.0,1.0,8.0,4294967295.0,4294967295.0,1.0,0.010886154156629094,0.011734535531172461,938.0,1.0,-1.0,-1.0,0.9996862798937005,0.9695950480857485,0.0,0.023273014391360716,0.05622650803026567,0.0815647683745335
1457.0,1.0,9.0,4294967295.0,4294967295.0,1.0,0.010886154156629094,0.011734535531172475,939.0,0.0,-1.0,-1.0,0.9996862798937005,0.9695950480857485,0.0,0.023273014391360716,0.05620550062648232,0.08153841533721598
1458.0,1.0,5.0,4294967295.0,4294967295.0,1.0,0.0108861541566291,0.011734535531172475,940.0,1.0,-1.0,-1.0,0.9996862798937005,0.9695950480857485,0.0,0.023273014391360716,0.056184493222698965,0.08151205890483718
1459.0,1.0,5.0,4294967295.0,4294967295.0,1.0,0.0108861541566291,0.011734535531172475,941.0,0.0,-1.0,-1.0,0.9996862798937005,0.9695950480857485,0.0,0.023273014391360716,0.056163485818915615,0.08148569907513292
1460.0,1.0,7.0,4294967295.0,4294967295.0,1.0,0.010886154156629108,0.011734535531172489,942.0,0.0,-1.0,-1.0,0.9996862798937005,0.9695950480857485,0.0,0.023273014391360716,0.056142478415132265,0.08145933584583759
1461.0,1.0,4.0,4294967295.0,4294967295.0,1.0,0.010886154156629115,0.011734535531172503,943.0,0.0,-1.0,-1.0,0.9996862798937005,0.9695950480857485,0.0,0.023273014391360716,0.05612147101134891,0.08143296921468404
1462.0,1.0,3.0,4294967295.0,4294967295.0,1.0,0.010886154156629121,0.011734535531172516,944.0,0.0,-1.0,-1.0,0.9996862798937005,0.9695950480857485,0.0,0.023273014391360716,0.056100463607565564,0.08140659917940357
1463.0,1.0,6.0,4294967295.0,4294967295.0,1.0,0.010886154156629128,0.011734535531172516,945.0,0.0,-1.0,-1.0,0.9996862798937005,0.9695950480857485,0.0,0.023273014391360716,0.056079456203782206,0.08138022573772608
1464.0,1.0,4.0,4294967295.0,4294967295.0,1.0,0.010886154156629128,0.011734535531172503,946.0,1.0,-1.0,-1.0,0.9996862798937005,0.9695950480857485,0.0,0.023273014391360716,0.05605844879999886,0.08135384888737979
1465.0,1.0,8.0,4294967295.0,4294967295.0,1.0,0.010886154156629135,0.011734535531172516,947.0,0.0,-1.0,-1.0,0.9996862798937005,0.9695950480857485,0.0,0.023273014391360716,0.05603744139621551,0.08132746862609158
1466.0,1.0,10.0,4294967295.0,4294967295.0,1.0,0.010886154156629135,0.011734535531172516,948.0,0.0,-1.0,-1.0,0.9996862798937005,0.9695950480857485,0.0,0.023273014391360716,0.05601643399243216,0.0813010849515867
1467.0,1.0,4.0,4294967295.0,4294967295.0,1.0,0.010886154156629142,0.01173453553117253,949.0,0.0,-1.0,-1.0,0.9996862798937005,0.9695950480857485,0.0,0.023273014391360716,0.055995426588648825,0.08127469786158892
1468.0,1.0,9.0,4294967295.0,4294967295.0,1.0,0.01088615415662915,0.01173453553117253,950.0,2.0,-1.0,-1.0,0.9996862798937005,0.9695950480857485,0.0,0.023273014391360716,0.05597441918486547,0.08124830735382044
1469.0,1.0,10.0,4294967295.0,4294967295.0,1.0,0.01088615415662915,0.011734535531172544,951.0,1.0,-1.0,-1.0,0.9996862798937005,0.9695950480857485,0.0,0.023273014391360716,0.05595341178108212,0.08122191342600205
1470.0,1.0,6.0,4294967295.0,4294967295.0,1.0,0.010886154156629156,0.011734535531172558,952.0,1.0,-1.0,-1.0,0.9996862798937005,0.9695950480857485,0.0,0.023273014391360716,0.05593240437729876,0.0811955160758529
1471.0,1.0,6.0,4294967295.0,4294967295.0,1.0,0.010886154156629156,0.011734535531172572,953.0,0.0,-1.0,-1.0,0.9996862798937005,0.9695950480857485,0.0,0.023273014391360716,0.0559113969735154,0.0811691153010907
1472.0,1.0,6.0,4294967295.0,4294967295.0,1.0,0.010886154156629163,0.011734535531172586,954.0,3.0,-1.0,-1.0,0.9996862798937005,0.9695950480857485,0.0,0.023273014391360716,0.05589038956973206,0.08114271109943164
1473.0,1.0,9.0,4294967295.0,4294967295.0,1.0,0.01088615415662917,0.011734535531172586,955.0,1.0,-1.0,-1.0,0.9996862798937005,0.9695950480857485,0.0,0.023273014391360716,0.0558693821659487,0.0811163034685903
1474.0,1.0,9.0,4294967295.0,4294967295.0,1.0,0.01088615415662917,0.011734535531172586,956.0,0.0,-1.0,-1.0,0.9996862798937005,0.9695950480857485,0.0,0.023273014391360716,0.05584837476216535,0.08108989240627984
1475.0,1.0,7.0,4294967295.0,4294967295.0,1.0,0.010886154156629177,0.011734535531172586,957.0,1.0,-1.0,-1.0,0.9996862798937005,0.9695950480857485,0.0,0.023273014391360716,0.055827367358381993,0.08106347791021185
1476.0,1.0,7.0,4294967295.0,4294967295.0,1.0,0.010886154156629177,0.0117345355311726,958.0,1.0,-1.0,-1.0,0.9996862798937005,0.9695950480857485,0.0,0.023273014391360716,0.055806359954598636,0.0810370599780964
1477.0,1.0,9.0,4294967295.0,4294967295.0,1.0,0.010886154156629177,0.0117345355311726,959.0,0.0,-1.0,-1.0,0.9996862798937005,0.9695950480857485,0.0,0.023273014391360716,0.05578535255081529,0.08101063860764202
1478.0,1.0,4.0,4294967295.0,4294967295.0,1.0,0.010886154156629184,0.011734535531172614,960.0,0.0,-1.0,-1.0,0.9996862798937005,0.9695950480857485,0.0,0.023273014391360716,0.05576434514703194,0.08098421379655571
1479.0,1.0,5.0,4294967295.0,4294967295.0,1.0,0.01088615415662919,0.011734535531172628,961.0,0.0,-1.0,-1.0,0.9996862798937005,0.9695950480857485,0.0,0.023273014391360716,0.055743337743248605,0.08095778554254296
1480.0,1.0,4.0,4294967295.0,4294967295.0,1.0,0.010886154156629198,0.011734535531172628,962.0,1.0,-1.0,-1.0,0.9996862798937005,0.9695950480857485,0.0,0.023273014391360716,0.05572233033946525,0.08093135384330771
1481.0,1.0,6.0,4294967295.0,4294967295.0,1.0,0.010886154156629198,0.011734535531172655,963.0,2.0,-1.0,-1.0,0.9996862798937005,0.9695950480857485,0.0,0.023273014391360716,0.05570132293568189,0.08090491869655239
1482.0,1.0,9.0,4294967295.0,4294967295.0,1.0,0.010886154156629198,0.01173453553117267,964.0,0.0,-1.0,-1.0,0.9996862798937005,0.9695950480857485,0.0,0.023273014391360716,0.05568031553189854,0.08087848009997789
1483.0,1.0,5.0,4294967295.0,4294967295.0,1.0,0.010886154156629205,0.011734535531172655,965.0,1.0,-1.0,-1.0,0.9996862798937005,0.9695950480857485,0.0,0.023273014391360716,0.05565930812811518,0.08085203805128355
1484.0,1.0,6.0,4294967295.0,4294967295.0,1.0,0.010886154156629212,0.011734535531172655,966.0,1.0,-1.0,-1.0,0.9996862798937005,0.9695950480857485,0.0,0.023273014391360716,0.05563830072433184,0.08082559254816721
1485.0,1.0,6.0,4294967295.0,4294967295.0,1.0,0.010886154156629219,0.011734535531172662,967.0,2.0,-1.0,-1.0,0.9996862798937005,0.9695950480857485,0.0,0.023273014391360716,0.05561729332054848,0.08079914358832513
1486.0,1.0,7.0,4294967295.0,4294967295.0,1.0,0.010886154156629219,0.011734535531172662,968.0,1.0,-1.0,-1.0,0.9996862798937005,0.9695950480857485,0.0,0.023273014391360716,0.05559628591676513,0.08077269116945207
1487.0,1.0,7.0,4294967295.0,4294967295.0,1.0,0.010886154156629226,0.011734535531172662,969.0,1.0,-1.0,-1.0,0.9996862798937005,0.9695950480857485,0.0,0.023273014391360716,0.055575278512981774,0.08074623528924121
1488.0,1.0,5.0,4294967295.0,4294967295.0,1.0,0.010886154156629226,0.01173453553117267,970.0,0.0,-1.0,-1.0,0.9996862798937005,0.9695950480857485,0.0,0.023273014391360716,0.055554271109198416,0.08071977594538429
1489.0,1.0,2.0,4294967295.0,4294967295.0,1.0,0.010886154156629226,0.01173453553117267,971.0,0.0,-1.0,-1.0,0.9996862798937005,0.9695950480857485,0.0,0.023273014391360716,0.05553326370541507,0.0806933131355714
1490.0,1.0,2.0,4294967295.0,4294967295.0,1.0,0.010886154156629232,0.011734535531172683,972.0,0.0,-1.0,-1.0,0.9996862798937005,0.9695950480857485,0.0,0.023273014391360716,0.05551225630163172,0.08066684685749115
1491.0,1.0,3.0,4294967295.0,4294967295.0,1.0,0.010886154156629232,0.01173453553117269,973.0,1.0,-1.0,-1.0,0.9996862798937005,0.9695950480857485,0.0,0.023273014391360716,0.05549124889784838,0.0806403771088306
1492.0,1.0,8.0,4294967295.0,4294967295.0,1.0,0.01088615415662924,0.011734535531172697,974.0,0.0,-1.0,-1.0,0.9996862798937005,0.9695950480857485,0.0,0.023273014391360716,0.05547024149406502,0.08061390388727518
1493.0,1.0,7.0,4294967295.0,4294967295.0,1.0,0.01088615415662924,0.011734535531172697,975.0,3.0,-1.0,-1.0,0.9996862798937005,0.9695950480857485,0.0,0.023273014391360716,0.055449234090281664,0.08058742719050893
1494.0,1.0,7.0,4294967295.0,4294967295.0,1.0,0.01088615415662924,0.011734535531172704,976.0,2.0,-1.0,-1.0,0.9996862798937005,0.9695950480857485,0.0,0.023273014391360716,0.055428226686498314,0.08056094701621427
1495.0,1.0,9.0,4294967295.0,4294967295.0,1.0,0.010886154156629246,0.011734535531172704,977.0,0.0,-1.0,-1.0,0.9996862798937005,0.9695950480857485,0.0,0.023273014391360716,0.055407219282714956,0.08053446336207204
1496.0,1.0,6.0,4294967295.0,4294967295.0,1.0,0.010886154156629246,0.01173453553117271,978.0,0.0,-1.0,-1.0,0.9996862798937005,0.9695950480857485,0.0,0.023273014391360716,0.055386211878931606,0.08050797622576158
1497.0,1.0,7.0,4294967295.0,4294967295.0,1.0,0.010886154156629253,0.011734535531172718,979.0,0.0,-1.0,-1.0,0.9996862798937005,0.9695950480857485,0.0,0.023273014391360716,0.05536520447514825,0.08048148560496066
1498.0,1.0,9.0,4294967295.0,4294967295.0,1.0,0.010886154156629253,0.011734535531172725,980.0,0.0,-1.0,-1.0,0.9996862798937005,0.9695950480857485,0.0,0.023273014391360716,0.0553441970713649,0.08045499149734556
1499.0,1.0,5.0,4294967295.0,4294967295.0,1.0,0.01088615415662926,0.011734535531172732,981.0,1.0,-1.0,-1.0,0.9996862798937005,0.9695950480857485,0.0,0.023273014391360716,0.05532318966758155,0.0804284939005909
1500.0,1.0,9.0,4294967295.0,4294967295.0,1.0,0.010886154156629267,0.011734535531172745,982.0,0.0,-1.0,-1.0,0.9996862798937005,0.9695950480857485,0.0,0.023273014391360716,0.05530218226379819,0.08040199281236987
1501.0,1.0,7.0,4294967295.0,4294967295.0,1.0,0.010886154156629274,0.011734535531172745,983.0,1.0,-1.0,-1.0,0.9996862798937005,0.9695950480857485,0.0,0.023273014391360716,0.05528117486001485,0.08037548823035401
1502.0,1.0,8.0,4294967295.0,4294967295.0,1.0,0.010886154156629281,0.011734535531172752,984.0,0.0,-1.0,-1.0,0.9996862798937005,0.9695950480857485,0.0,0.023273014391360716,0.0552601674562315,0.08034898015221334
1503.0,1.0,6.0,4294967295.0,4294967295.0,1.0,0.010886154156629281,0.01173453553117276,985.0,0.0,-1.0,-1.0,0.9996862798937005,0.9695950480857485,0.0,0.023273014391360716,0.05523916005244816,0.08032246857561637
1504.0,1.0,6.0,4294967295.0,4294967295.0,1.0,0.010886154156629288,0.011734535531172766,986.0,0.0,-1.0,-1.0,0.9996862798937005,0.9695950480857485,0.0,0.023273014391360716,0.0552181526486648,0.08029595349822999
1505.0,1.0,1.0,4294967295.0,4294967295.0,1.0,0.010886154156629288,0.011734535531172766,987.0,1.0,-1.0,-1.0,0.9996862798937005,0.9695950480857485,0.0,0.023273014391360716,0.055197145244881445,0.08026943491771957
1506.0,1.0,3.0,4294967295.0,4294967295.0,1.0,0.010886154156629295,0.011734535531172773,988.0,0.0,-1.0,-1.0,0.9996862798937005,0.9695950480857485,0.0,0.023273014391360716,0.0551761378410981,0.08024291283174892
1507.0,1.0,4.0,4294967295.0,4294967295.0,1.0,0.010886154156629302,0.01173453553117278,989.0,1.0,-1.0,-1.0,0.9996862798937005,0.9695950480857485,0.0,0.023273014391360716,0.055155130437314744,0.08021638723798025
1508.0,1.0,5.0,4294967295.0,4294967295.0,1.0,0.010886154156629302,0.01173453553117278,990.0,1.0,-1.0,-1.0,0.9996862798937005,0.9695950480857485,0.0,0.023273014391360716,0.05513412303353139,0.08018985813407431
1509.0,1.0,8.0,4294967295.0,4294967295.0,1.0,0.010886154156629309,0.011734535531172794,991.0,0.0,-1.0,-1.0,0.9996862798937005,0.9695950480857485,0.0,0.023273014391360716,0.055113115629748036,0.0801633255176902
1510.0,1.0,2.0,4294967295.0,4294967295.0,1.0,0.010886154156629309,0.011734535531172794,992.0,0.0,-1.0,-1.0,0.9996862798937005,0.9695950480857485,0.0,0.023273014391360716,0.05509210822596468,0.08013678938648547
1511.0,1.0,7.0,4294967295.0,4294967295.0,1.0,0.010886154156629309,0.011734535531172801,993.0,0.0,-1.0,-1.0,0.9996862798937005,0.9695950480857485,0.0,0.023273014391360716,0.05507110082218133,0.08011024973811615
1512.0,1.0,6.0,4294967295.0,4294967295.0,1.0,0.010886154156629316,0.011734535531172808,994.0,2.0,-1.0,-1.0,0.9996862798937005,0.9695950480857485,0.0,0.023273014391360716,0.05505009341839797,0.0800837065702367
1513.0,1.0,8.0,4294967295.0,4294967295.0,1.0,0.010886154156629316,0.011734535531172815,995.0,0.0,-1.0,-1.0,0.9996862798937005,0.9695950480857485,0.0,0.023273014391360716,0.05502908601461463,0.08005715988049997
1514.0,1.0,9.0,4294967295.0,4294967295.0,1.0,0.010886154156629323,0.011734535531172815,996.0,0.0,-1.0,-1.0,0.9996862798937005,0.9695950480857485,0.0,0.023273014391360716,0.055008078610831276,0.08003060966655728
1515.0,1.0,7.0,4294967295.0,4294967295.0,1.0,0.010886154156629323,0.011734535531172822,997.0,1.0,-1.0,-1.0,0.9996862798937005,0.9695950480857485,0.0,0.023273014391360716,0.054987071207047926,0.08000405592605833
1516.0,1.0,6.0,4294967295.0,4294967295.0,1.0,0.010886154156629323,0.011734535531172836,998.0,0.0,-1.0,-1.0,0.9996862798937005,0.9695950480857485,0.0,0.023273014391360716,0.054966063803264575,0.07997749865665138
1517.0,1.0,5.0,4294967295.0,4294967295.0,1.0,0.01088615415662933,0.011734535531172836,999.0,0.0,-1.0,-1.0,0.9996862798937005,0.9695950480857485,0.0,0.023273014391360716,0.05494505639948122,0.079950937855983
1518.0,1.0,3.0,4294967295.0,4294967295.0,1.0,0.01088615415662933,0.01173453553117285,1000.0,1.0,-1.0,-1.0,0.9996862798937005,0.9695950480857485,0.0,0.023273014391360716,0.05492404899569787,0.07992437352169823
1519.0,1.0,12.0,4294967295.0,4294967295.0,1.0,0.010886154156629337,0.01173453553117285,1001.0,1.0,-1.0,-1.0,0.9996862798937005,0.9695950480857485,0.0,0.023273014391360716,0.05490304159191451,0.07989780565144053
1520.0,1.0,5.0,4294967295.0,4294967295.0,1.0,0.010886154156629337,0.01173453553117285,1002.0,1.0,-1.0,-1.0,0.9996862798937005,0.9695950480857485,0.0,0.023273014391360716,0.05488203418813116,0.07987123424285178
1521.0,1.0,11.0,4294967295.0,4294967295.0,1.0,0.010886154156629343,0.011734535531172856,1003.0,1.0,-1.0,-1.0,0.9996862798937005,0.9695950480857485,0.0,0.023273014391360716,0.05486102678434781,0.07984465929357237
1522.0,1.0,7.0,4294967295.0,4294967295.0,1.0,0.01088615415662935,0.011734535531172863,1004.0,0.0,-1.0,-1.0,0.9996862798937005,0.9695950480857485,0.0,0.023273014391360716,0.05484001938056445,0.07981808080124098
1523.0,1.0,9.0,4294967295.0,4294967295.0,1.0,0.010886154156629357,0.011734535531172877,1005.0,0.0,-1.0,-1.0,0.9996862798937005,0.9695950480857485,0.0,0.023273014391360716,0.05481901197678111,0.07979149876349487
1524.0,1.0,3.0,4294967295.0,4294967295.0,1.0,0.010886154156629364,0.011734535531172884,1006.0,2.0,-1.0,-1.0,0.9996862798937005,0.9695950480857485,0.0,0.023273014391360716,0.05479800457299776,0.07976491317796958
1525.0,1.0,7.0,4294967295.0,4294967295.0,1.0,0.010886154156629364,0.011734535531172884,1007.0,0.0,-1.0,-1.0,0.9996862798937005,0.9695950480857485,0.0,0.023273014391360716,0.054776997169214414,0.07973832404229914
1526.0,1.0,10.0,4294967295.0,4294967295.0,1.0,0.010886154156629371,0.011734535531172891,1008.0,1.0,-1.0,-1.0,0.9996862798937005,0.9695950480857485,0.0,0.023273014391360716,0.054755989765431064,0.07971173135411602
1527.0,1.0,10.0,4294967295.0,4294967295.0,1.0,0.010886154156629371,0.011734535531172905,1009.0,1.0,-1.0,-1.0,0.9996862798937005,0.9695950480857485,0.0,0.023273014391360716,0.05473498236164771,0.0796851351110511
1528.0,1.0,6.0,4294967295.0,4294967295.0,1.0,0.010886154156629378,0.011734535531172905,1010.0,0.0,-1.0,-1.0,0.9996862798937005,0.9695950480857485,0.0,0.023273014391360716,0.05471397495786437,0.07965853531073361
1529.0,1.0,9.0,4294967295.0,4294967295.0,1.0,0.010886154156629385,0.011734535531172912,1011.0,1.0,-1.0,-1.0,0.9996862798937005,0.9695950480857485,0.0,0.023273014391360716,0.05469296755408101,0.0796319319507913
1530.0,1.0,7.0,4294967295.0,4294967295.0,1.0,0.010886154156629385,0.011734535531172912,1012.0,0.0,-1.0,-1.0,0.9996862798937005,0.9695950480857485,0.0,0.023273014391360716,0.05467196015029766,0.07960532502885032
1531.0,1.0,4.0,4294967295.0,4294967295.0,1.0,0.010886154156629392,0.011734535531172919,1013.0,0.0,-1.0,-1.0,0.9996862798937005,0.9695950480857485,0.0,0.023273014391360716,0.054650952746514304,0.07957871454253515
1532.0,1.0,9.0,4294967295.0,4294967295.0,1.0,0.010886154156629392,0.011734535531172919,1014.0,0.0,-1.0,-1.0,0.9996862798937005,0.9695950480857485,0.0,0.023273014391360716,0.05462994534273095,0.07955210048946879
1533.0,1.0,4.0,4294967295.0,4294967295.0,1.0,0.010886154156629392,0.011734535531172926,1015.0,0.0,-1.0,-1.0,0.9996862798937005,0.9695950480857485,0.0,0.023273014391360716,0.054608937938947597,0.07952548286727262
1534.0,1.0,4.0,4294967295.0,4294967295.0,1.0,0.010886154156629399,0.01173453553117294,1016.0,1.0,-1.0,-1.0,0.9996862798937005,0.9695950480857485,0.0,0.023273014391360716,0.05458793053516424,0.0794988616735664
1535.0,1.0,9.0,4294967295.0,4294967295.0,1.0,0.010886154156629399,0.01173453553117294,1017.0,0.0,-1.0,-1.0,0.9996862798937005,0.9695950480857485,0.0,0.023273014391360716,0.05456692313138089,0.07947223690596836
1536.0,1.0,3.0,4294967295.0,4294967295.0,1.0,0.010886154156629406,0.011734535531172947,1018.0,0.0,-1.0,-1.0,0.9996862798937005,0.9695950480857485,0.0,0.023273014391360716,0.05454591572759753,0.07944560856209507
1537.0,1.0,6.0,4294967295.0,4294967295.0,1.0,0.010886154156629406,0.011734535531172947,1019.0,0.0,-1.0,-1.0,0.9996862798937005,0.9695950480857485,0.0,0.023273014391360716,0.05452490832381418,0.07941897663956157
1538.0,1.0,9.0,4294967295.0,4294967295.0,1.0,0.010886154156629406,0.011734535531172947,1020.0,0.0,-1.0,-1.0,0.9996862798937005,0.9695950480857485,0.0,0.023273014391360716,0.05450390092003084,0.07939234113598131
1539.0,1.0,4.0,4294967295.0,4294967295.0,1.0,0.010886154156629413,0.011734535531172947,1021.0,1.0,-1.0,-1.0,0.9996862798937005,0.9695950480857485,0.0,0.023273014391360716,0.05448289351624749,0.07936570204896612
1540.0,1.0,15.0,4294967295.0,4294967295.0,1.0,0.01088615415662942,0.011734535531172947,1022.0,3.0,-1.0,-1.0,0.9996862798937005,0.9695950480857485,0.0,0.023273014391360716,0.05446188611246414,0.0793390593761262
1541.0,1.0,7.0,4294967295.0,4294967295.0,1.0,0.010886154156629427,0.01173453553117296,1023.0,2.0,-1.0,-1.0,0.9996862798937005,0.9695950480857485,0.0,0.023273014391360716,0.054440878708680786,0.07931241311507026
1542.0,1.0,8.0,4294967295.0,4294967295.0,1.0,0.010886154156629427,0.01173453553117296,1024.0,2.0,-1.0,-1.0,0.9996862798937005,0.9695950480857485,0.0,0.023273014391360716,0.05441987130489743,0.07928576326340536
1543.0,1.0,7.0,4294967295.0,4294967295.0,1.0,0.010886154156629427,0.011734535531172968,1025.0,0.0,-1.0,-1.0,0.9996862798937005,0.9695950480857485,0.0,0.023273014391360716,0.05439886390111408,0.07925910981873693
1544.0,1.0,6.0,4294967295.0,4294967295.0,1.0,0.010886154156629434,0.011734535531172968,1026.0,0.0,-1.0,-1.0,0.9996862798937005,0.9695950480857485,0.0,0.023273014391360716,0.05437785649733072,0.07923245277866886
1545.0,1.0,6.0,4294967295.0,4294967295.0,1.0,0.01088615415662944,0.011734535531172968,1027.0,1.0,-1.0,-1.0,0.9996862798937005,0.9695950480857485,0.0,0.023273014391360716,0.05435684909354738,0.0792057921408034
1546.0,1.0,3.0,4294967295.0,4294967295.0,1.0,0.010886154156629448,0.011734535531172968,1028.0,2.0,-1.0,-1.0,0.9996862798937005,0.9695950480857485,0.0,0.023273014391360716,0.05433584168976402,0.07917912790274123
1547.0,1.0,6.0,4294967295.0,4294967295.0,1.0,0.010886154156629448,0.011734535531172981,1029.0,0.0,-1.0,-1.0,0.9996862798937005,0.9695950480857485,0.0,0.023273014391360716,0.05431483428598067,0.0791524600620814
1548.0,1.0,4.0,4294967295.0,4294967295.0,1.0,0.010886154156629455,0.011734535531173002,1030.0,0.0,-1.0,-1.0,0.9996862798937005,0.9695950480857485,0.0,0.023273014391360716,0.05429382688219731,0.07912578861642142
1549.0,1.0,9.0,4294967295.0,4294967295.0,1.0,0.010886154156629455,0.01173453553117301,1031.0,0.0,-1.0,-1.0,0.9996862798937005,0.9695950480857485,0.0,0.023273014391360716,0.05427281947841396,0.07909911356335711
1550.0,1.0,3.0,4294967295.0,4294967295.0,1.0,0.010886154156629461,0.011734535531173016,1032.0,1.0,-1.0,-1.0,0.9996862798937005,0.9695950480857485,0.0,0.023273014391360716,0.054251812074630625,0.07907243490048277
1551.0,1.0,7.0,4294967295.0,4294967295.0,1.0,0.010886154156629468,0.011734535531173016,1033.0,0.0,-1.0,-1.0,0.9996862798937005,0.9695950480857485,0.0,0.023273014391360716,0.054230804670847274,0.07904575262539101
1552.0,1.0,3.0,4294967295.0,4294967295.0,1.0,0.010886154156629468,0.011734535531173023,1034.0,1.0,-1.0,-1.0,0.9996862798937005,0.9695950480857485,0.0,0.023273014391360716,0.054209797267063924,0.07901906673567297
1553.0,1.0,7.0,4294967295.0,4294967295.0,1.0,0.010886154156629475,0.011734535531173023,1035.0,0.0,-1.0,-1.0,0.9996862798937005,0.9695950480857485,0.0,0.023273014391360716,0.054188789863280566,0.07899237722891797
1554.0,1.0,6.0,4294967295.0,4294967295.0,1.0,0.010886154156629475,0.011734535531173023,1036.0,2.0,-1.0,-1.0,0.9996862798937005,0.9695950480857485,0.0,0.023273014391360716,0.05416778245949721,0.07896568410271393
1555.0,1.0,7.0,4294967295.0,4294967295.0,1.0,0.010886154156629475,0.011734535531173023,1037.0,0.0,-1.0,-1.0,0.9996862798937005,0.9695950480857485,0.0,0.023273014391360716,0.05414677505571386,0.07893898735464705
1556.0,1.0,6.0,4294967295.0,4294967295.0,1.0,0.010886154156629482,0.01173453553117303,1038.0,0.0,-1.0,-1.0,0.9996862798937005,0.9695950480857485,0.0,0.023273014391360716,0.0541257676519305,0.07891228698230199
1557.0,1.0,11.0,4294967295.0,4294967295.0,1.0,0.010886154156629482,0.011734535531173037,1039.0,0.0,-1.0,-1.0,0.9996862798937005,0.9695950480857485,0.0,0.023273014391360716,0.05410476024814715,0.07888558298326173
1558.0,1.0,4.0,4294967295.0,4294967295.0,1.0,0.01088615415662949,0.011734535531173037,1040.0,1.0,-1.0,-1.0,0.9996862798937005,0.9695950480857485,0.0,0.023273014391360716,0.05408375284436379,0.07885887535510769
1559.0,1.0,7.0,4294967295.0,4294967295.0,1.0,0.01088615415662949,0.011734535531173044,1041.0,1.0,-1.0,-1.0,0.9996862798937005,0.9695950480857485,0.0,0.023273014391360716,0.05406274544058044,0.0788321640954196
1560.0,1.0,9.0,4294967295.0,4294967295.0,1.0,0.010886154156629496,0.01173453553117305,1042.0,1.0,-1.0,-1.0,0.9996862798937005,0.9695950480857485,0.0,0.023273014391360716,0.05404173803679709,0.07880544920177568
1561.0,1.0,6.0,4294967295.0,4294967295.0,1.0,0.010886154156629503,0.011734535531173058,1043.0,1.0,-1.0,-1.0,0.9996862798937005,0.9695950480857485,0.0,0.023273014391360716,0.05402073063301374,0.07877873067175248
1562.0,1.0,3.0,4294967295.0,4294967295.0,1.0,0.01088615415662951,0.011734535531173065,1044.0,1.0,-1.0,-1.0,0.9996862798937005,0.9695950480857485,0.0,0.023273014391360716,0.053999723229230405,0.07875200850292488
1563.0,1.0,6.0,4294967295.0,4294967295.0,1.0,0.010886154156629517,0.011734535531173072,1045.0,0.0,-1.0,-1.0,0.9996862798937005,0.9695950480857485,0.0,0.023273014391360716,0.053978715825447054,0.07872528269286627
1564.0,1.0,6.0,4294967295.0,4294967295.0,1.0,0.010886154156629517,0.011734535531173079,1046.0,2.0,-1.0,-1.0,0.9996862798937005,0.9695950480857485,0.0,0.023273014391360716,0.053957708421663704,0.07869855323914834
1565.0,1.0,9.0,4294967295.0,4294967295.0,1.0,0.010886154156629524,0.011734535531173092,1047.0,0.0,-1.0,-1.0,0.9996862798937005,0.9695950480857485,0.0,0.023273014391360716,0.05393670101788035,0.07867182013934118
1566.0,1.0,8.0,4294967295.0,4294967295.0,1.0,0.010886154156629524,0.011734535531173092,1048.0,0.0,-1.0,-1.0,0.9996862798937005,0.9695950480857485,0.0,0.023273014391360716,0.05391569361409699,0.07864508339101323
1567.0,1.0,8.0,4294967295.0,4294967295.0,1.0,0.01088615415662953,0.011734535531173106,1049.0,0.0,-1.0,-1.0,0.9996862798937005,0.9695950480857485,0.0,0.023273014391360716,0.053894686210313646,0.07861834299173134
1568.0,1.0,4.0,4294967295.0,4294967295.0,1.0,0.010886154156629538,0.011734535531173113,1050.0,0.0,-1.0,-1.0,0.9996862798937005,0.9695950480857485,0.0,0.023273014391360716,0.05387367880653029,0.07859159893906073
1569.0,1.0,3.0,4294967295.0,4294967295.0,1.0,0.010886154156629538,0.01173453553117312,1051.0,0.0,-1.0,-1.0,0.9996862798937005,0.9695950480857485,0.0,0.023273014391360716,0.05385267140274694,0.078564851230565
1570.0,1.0,2.0,4294967295.0,4294967295.0,1.0,0.010886154156629545,0.011734535531173127,1052.0,0.0,-1.0,-1.0,0.9996862798937005,0.9695950480857485,0.0,0.023273014391360716,0.05383166399896358,0.07853809986380611
1571.0,1.0,4.0,4294967295.0,4294967295.0,1.0,0.010886154156629545,0.011734535531173134,1053.0,1.0,-1.0,-1.0,0.9996862798937005,0.9695950480857485,0.0,0.023273014391360716,0.05381065659518022,0.07851134483634445
1572.0,1.0,7.0,4294967295.0,4294967295.0,1.0,0.010886154156629545,0.011734535531173134,1054.0,1.0,-1.0,-1.0,0.9996862798937005,0.9695950480857485,0.0,0.023273014391360716,0.05378964919139687,0.07848458614573867
1573.0,1.0,11.0,4294967295.0,4294967295.0,1.0,0.010886154156629552,0.011734535531173141,1055.0,1.0,-1.0,-1.0,0.9996862798937005,0.9695950480857485,0.0,0.023273014391360716,0.05376864178761352,0.07845782378954591
1574.0,1.0,8.0,4294967295.0,4294967295.0,1.0,0.010886154156629552,0.011734535531173155,1056.0,0.0,-1.0,-1.0,0.9996862798937005,0.9695950480857485,0.0,0.023273014391360716,0.05374763438383018,0.07843105776532158
1575.0,1.0,7.0,4294967295.0,4294967295.0,1.0,0.010886154156629559,0.011734535531173169,1057.0,1.0,-1.0,-1.0,0.9996862798937005,0.9695950480857485,0.0,0.023273014391360716,0.05372662698004683,0.07840428807061958
1576.0,1.0,3.0,4294967295.0,4294967295.0,1.0,0.010886154156629559,0.011734535531173176,1058.0,0.0,-1.0,-1.0,0.9996862798937005,0.9695950480857485,0.0,0.023273014391360716,0.05370561957626347,0.07837751470299203
1577.0,1.0,1.0,4294967295.0,4294967295.0,1.0,0.010886154156629559,0.011734535531173176,1059.0,0.0,-1.0,-1.0,0.9996862798937005,0.9695950480857485,0.0,0.023273014391360716,0.05368461217248012,0.07835073765998954
1578.0,1.0,11.0,4294967295.0,4294967295.0,1.0,0.010886154156629566,0.011734535531173183,1060.0,2.0,-1.0,-1.0,0.9996862798937005,0.9695950480857485,0.0,0.023273014391360716,0.05366360476869676,0.07832395693916105
1579.0,1.0,4.0,4294967295.0,4294967295.0,1.0,0.010886154156629566,0.01173453553117319,1061.0,0.0,-1.0,-1.0,0.9996862798937005,0.9695950480857485,0.0,0.023273014391360716,0.05364259736491341,0.07829717253805385
1580.0,1.0,6.0,4294967295.0,4294967295.0,1.0,0.010886154156629572,0.01173453553117319,1062.0,0.0,-1.0,-1.0,0.9996862798937005,0.9695950480857485,0.0,0.023273014391360716,0.053621589961130055,0.07827038445421361
1581.0,1.0,7.0,4294967295.0,4294967295.0,1.0,0.010886154156629572,0.011734535531173203,1063.0,1.0,-1.0,-1.0,0.9996862798937005,0.9695950480857485,0.0,0.023273014391360716,0.053600582557346704,0.0782435926851843
1582.0,1.0,5.0,4294967295.0,4294967295.0,1.0,0.01088615415662958,0.01173453553117321,1064.0,0.0,-1.0,-1.0,0.9996862798937005,0.9695950480857485,0.0,0.023273014391360716,0.053579575153563354,0.07821679722850838
1583.0,1.0,12.0,4294967295.0,4294967295.0,1.0,0.010886154156629586,0.011734535531173217,1065.0,0.0,-1.0,-1.0,0.9996862798937005,0.9695950480857485,0.0,0.023273014391360716,0.053558567749779996,0.07818999808172658
1584.0,1.0,3.0,4294967295.0,4294967295.0,1.0,0.010886154156629593,0.011734535531173217,1066.0,1.0,-1.0,-1.0,0.9996862798937005,0.9695950480857485,0.0,0.023273014391360716,0.05353756034599666,0.07816319524237797
1585.0,1.0,4.0,4294967295.0,4294967295.0,1.0,0.0108861541566296,0.011734535531173224,1067.0,0.0,-1.0,-1.0,0.9996862798937005,0.9695950480857485,0.0,0.023273014391360716,0.05351655294221331,0.07813638870800008
1586.0,1.0,8.0,4294967295.0,4294967295.0,1.0,0.0108861541566296,0.011734535531173224,1068.0,0.0,-1.0,-1.0,0.9996862798937005,0.9695950480857485,0.0,0.023273014391360716,0.053495545538429966,0.0781095784761287
1587.0,1.0,9.0,4294967295.0,4294967295.0,1.0,0.010886154156629607,0.011734535531173238,1069.0,3.0,-1.0,-1.0,0.9996862798937005,0.9695950480857485,0.0,0.023273014391360716,0.053474538134646615,0.07808276454429802
1588.0,1.0,8.0,4294967295.0,4294967295.0,1.0,0.010886154156629607,0.011734535531173245,1070.0,0.0,-1.0,-1.0,0.9996862798937005,0.9695950480857485,0.0,0.023273014391360716,0.05345353073086326,0.07805594691004056
1589.0,1.0,9.0,4294967295.0,4294967295.0,1.0,0.010886154156629614,0.011734535531173252,1071.0,0.0,-1.0,-1.0,0.9996862798937005,0.9695950480857485,0.0,0.023273014391360716,0.053432523327079914,0.07802912557088723
1590.0,1.0,4.0,4294967295.0,4294967295.0,1.0,0.010886154156629621,0.011734535531173252,1072.0,1.0,-1.0,-1.0,0.9996862798937005,0.9695950480857485,0.0,0.023273014391360716,0.05341151592329656,0.0780023005243673
1591.0,1.0,7.0,4294967295.0,4294967295.0,1.0,0.010886154156629621,0.011734535531173252,1073.0,1.0,-1.0,-1.0,0.9996862798937005,0.9695950480857485,0.0,0.023273014391360716,0.053390508519513206,0.07797547176800834
1592.0,1.0,7.0,4294967295.0,4294967295.0,1.0,0.010886154156629628,0.011734535531173259,1074.0,1.0,-1.0,-1.0,0.9996862798937005,0.9695950480857485,0.0,0.023273014391360716,0.05336950111572985,0.07794863929933632
1593.0,1.0,4.0,4294967295.0,4294967295.0,1.0,0.010886154156629628,0.011734535531173259,1075.0,1.0,-1.0,-1.0,0.9996862798937005,0.9695950480857485,0.0,0.023273014391360716,0.05334849371194649,0.07792180311587552
1594.0,1.0,5.0,4294967295.0,4294967295.0,1.0,0.010886154156629628,0.011734535531173266,1076.0,1.0,-1.0,-1.0,0.9996862798937005,0.9695950480857485,0.0,0.023273014391360716,0.05332748630816314,0.07789496321514858
1595.0,1.0,4.0,4294967295.0,4294967295.0,1.0,0.010886154156629635,0.011734535531173273,1077.0,0.0,-1.0,-1.0,0.9996862798937005,0.9695950480857485,0.0,0.023273014391360716,0.053306478904379784,0.07786811959467649
1596.0,1.0,5.0,4294967295.0,4294967295.0,1.0,0.010886154156629635,0.011734535531173273,1078.0,0.0,-1.0,-1.0,0.9996862798937005,0.9695950480857485,0.0,0.023273014391360716,0.05328547150059643,0.07784127225197865
1597.0,1.0,5.0,4294967295.0,4294967295.0,1.0,0.010886154156629642,0.01173453553117328,1079.0,0.0,-1.0,-1.0,0.9996862798937005,0.9695950480857485,0.0,0.023273014391360716,0.05326446409681308,0.07781442118457269
1598.0,1.0,5.0,4294967295.0,4294967295.0,1.0,0.010886154156629642,0.011734535531173287,1080.0,0.0,-1.0,-1.0,0.9996862798937005,0.9695950480857485,0.0,0.023273014391360716,0.05324345669302973,0.07778756638997464
1599.0,1.0,3.0,4294967295.0,4294967295.0,1.0,0.010886154156629642,0.011734535531173294,1081.0,1.0,-1.0,-1.0,0.9996862798937005,0.9695950480857485,0.0,0.023273014391360716,0.05322244928924639,0.07776070786569891
1600.0,1.0,5.0,4294967295.0,4294967295.0,1.0,0.010886154156629649,0.011734535531173294,1082.0,1.0,-1.0,-1.0,0.9996862798937005,0.9695950480857485,0.0,0.023273014391360716,0.05320144188546303,0.07773384560925822
1601.0,1.0,4.0,4294967295.0,4294967295.0,1.0,0.010886154156629656,0.011734535531173294,1083.0,0.0,-1.0,-1.0,0.9996862798937005,0.9695950480857485,0.0,0.023273014391360716,0.05318043448167969,0.07770697961816361
1602.0,1.0,9.0,4294967295.0,4294967295.0,1.0,0.010886154156629663,0.0117345355311733,1084.0,2.0,-1.0,-1.0,0.9996862798937005,0.9695950480857485,0.0,0.023273014391360716,0.05315942707789633,0.07768010988992449
1603.0,1.0,6.0,4294967295.0,4294967295.0,1.0,0.010886154156629663,0.0117345355311733,1085.0,0.0,-1.0,-1.0,0.9996862798937005,0.9695950480857485,0.0,0.023273014391360716,0.05313841967411298,0.07765323642204863
1604.0,1.0,3.0,4294967295.0,4294967295.0,1.0,0.01088615415662967,0.011734535531173314,1086.0,1.0,-1.0,-1.0,0.9996862798937005,0.9695950480857485,0.0,0.023273014391360716,0.05311741227032963,0.07762635921204206
1605.0,1.0,6.0,4294967295.0,4294967295.0,1.0,0.010886154156629677,0.011734535531173321,1087.0,0.0,-1.0,-1.0,0.9996862798937005,0.9695950480857485,0.0,0.023273014391360716,0.05309640486654627,0.0775994782574092
1606.0,1.0,2.0,4294967295.0,4294967295.0,1.0,0.010886154156629683,0.011734535531173328,1088.0,0.0,-1.0,-1.0,0.9996862798937005,0.9695950480857485,0.0,0.023273014391360716,0.05307539746276293,0.07757259355565282
1607.0,1.0,1.0,4294967295.0,4294967295.0,1.0,0.01088615415662969,0.011734535531173335,1089.0,0.0,-1.0,-1.0,0.9996862798937005,0.9695950480857485,0.0,0.023273014391360716,0.05305439005897957,0.077545705104274
1608.0,1.0,6.0,4294967295.0,4294967295.0,1.0,0.01088615415662969,0.011734535531173342,1090.0,0.0,-1.0,-1.0,0.9996862798937005,0.9695950480857485,0.0,0.023273014391360716,0.05303338265519623,0.07751881290077217
1609.0,1.0,7.0,4294967295.0,4294967295.0,1.0,0.010886154156629697,0.011734535531173342,1091.0,2.0,-1.0,-1.0,0.9996862798937005,0.9695950480857485,0.0,0.023273014391360716,0.05301237525141288,0.07749191694264504
1610.0,1.0,7.0,4294967295.0,4294967295.0,1.0,0.010886154156629697,0.01173453553117335,1092.0,2.0,-1.0,-1.0,0.9996862798937005,0.9695950480857485,0.0,0.023273014391360716,0.05299136784762953,0.07746501722738874
1611.0,1.0,3.0,4294967295.0,4294967295.0,1.0,0.010886154156629711,0.01173453553117335,1093.0,0.0,-1.0,-1.0,0.9996862798937005,0.9695950480857485,0.0,0.023273014391360716,0.05297036044384619,0.07743811375249765
1612.0,1.0,7.0,4294967295.0,4294967295.0,1.0,0.010886154156629718,0.011734535531173356,1094.0,1.0,-1.0,-1.0,0.9996862798937005,0.9695950480857485,0.0,0.023273014391360716,0.05294935304006283,0.07741120651546451
1613.0,1.0,4.0,4294967295.0,4294967295.0,1.0,0.010886154156629718,0.011734535531173363,1095.0,0.0,-1.0,-1.0,0.9996862798937005,0.9695950480857485,0.0,0.023273014391360716,0.05292834563627948,0.0773842955137804
1614.0,1.0,3.0,4294967295.0,4294967295.0,1.0,0.010886154156629725,0.011734535531173363,1096.0,0.0,-1.0,-1.0,0.9996862798937005,0.9695950480857485,0.0,0.023273014391360716,0.052907338232496125,0.07735738074493473
1615.0,1.0,8.0,4294967295.0,4294967295.0,1.0,0.010886154156629725,0.011734535531173363,1097.0,0.0,-1.0,-1.0,0.9996862798937005,0.9695950480857485,0.0,0.023273014391360716,0.05288633082871277,0.07733046220641521
1616.0,1.0,4.0,4294967295.0,4294967295.0,1.0,0.010886154156629725,0.011734535531173363,1098.0,0.0,-1.0,-1.0,0.9996862798937005,0.9695950480857485,0.0,0.023273014391360716,0.05286532342492942,0.07730353989570787
1617.0,1.0,1.0,4294967295.0,4294967295.0,1.0,0.010886154156629732,0.011734535531173363,1099.0,1.0,-1.0,-1.0,0.9996862798937005,0.9695950480857485,0.0,0.023273014391360716,0.05284431602114606,0.0772766138102971
1618.0,1.0,7.0,4294967295.0,4294967295.0,1.0,0.010886154156629732,0.01173453553117337,1100.0,2.0,-1.0,-1.0,0.9996862798937005,0.9695950480857485,0.0,0.023273014391360716,0.05282330861736271,0.07724968394766557
1619.0,1.0,6.0,4294967295.0,4294967295.0,1.0,0.010886154156629739,0.01173453553117337,1101.0,0.0,-1.0,-1.0,0.9996862798937005,0.9695950480857485,0.0,0.023273014391360716,0.05280230121357935,0.07722275030529435
1620.0,1.0,10.0,4294967295.0,4294967295.0,1.0,0.010886154156629739,0.011734535531173377,1102.0,1.0,-1.0,-1.0,0.9996862798937005,0.9695950480857485,0.0,0.023273014391360716,0.052781293809796,0.07719581288066271
1621.0,1.0,6.0,4294967295.0,4294967295.0,1.0,0.010886154156629746,0.011734535531173384,1103.0,0.0,-1.0,-1.0,0.9996862798937005,0.9695950480857485,0.0,0.023273014391360716,0.05276028640601266,0.07716887167124833
1622.0,1.0,6.0,4294967295.0,4294967295.0,1.0,0.010886154156629753,0.011734535531173384,1104.0,0.0,-1.0,-1.0,0.9996862798937005,0.9695950480857485,0.0,0.023273014391360716,0.05273927900222931,0.07714192667452718
1623.0,1.0,7.0,4294967295.0,4294967295.0,1.0,0.010886154156629753,0.01173453553117339,1105.0,0.0,-1.0,-1.0,0.9996862798937005,0.9695950480857485,0.0,0.023273014391360716,0.052718271598445963,0.07711497788797353
1624.0,1.0,2.0,4294967295.0,4294967295.0,1.0,0.01088615415662976,0.011734535531173398,1106.0,0.0,-1.0,-1.0,0.9996862798937005,0.9695950480857485,0.0,0.023273014391360716,0.052697264194662606,0.07708802530905998
1625.0,1.0,4.0,4294967295.0,4294967295.0,1.0,0.01088615415662976,0.011734535531173405,1107.0,0.0,-1.0,-1.0,0.9996862798937005,0.9695950480857485,0.0,0.023273014391360716,0.052676256790879256,0.07706106893525749
1626.0,1.0,5.0,4294967295.0,4294967295.0,1.0,0.010886154156629767,0.011734535531173419,1108.0,0.0,-1.0,-1.0,0.9996862798937005,0.9695950480857485,0.0,0.023273014391360716,0.052655249387095905,0.07703410876403524
1627.0,1.0,4.0,4294967295.0,4294967295.0,1.0,0.010886154156629774,0.011734535531173432,1109.0,0.0,-1.0,-1.0,0.9996862798937005,0.9695950480857485,0.0,0.023273014391360716,0.05263424198331255,0.0770071447928608
1628.0,1.0,7.0,4294967295.0,4294967295.0,1.0,0.01088615415662978,0.01173453553117344,1110.0,1.0,-1.0,-1.0,0.9996862798937005,0.9695950480857485,0.0,0.023273014391360716,0.052613234579529204,0.07698017701920001
1629.0,1.0,7.0,4294967295.0,4294967295.0,1.0,0.010886154156629788,0.011734535531173446,1111.0,0.0,-1.0,-1.0,0.9996862798937005,0.9695950480857485,0.0,0.023273014391360716,0.05259222717574585,0.07695320544051706
1630.0,1.0,3.0,4294967295.0,4294967295.0,1.0,0.010886154156629788,0.011734535531173446,1112.0,3.0,-1.0,-1.0,0.9996862798937005,0.9695950480857485,0.0,0.023273014391360716,0.052571219771962496,0.0769262300542744
1631.0,1.0,13.0,4294967295.0,4294967295.0,1.0,0.010886154156629795,0.011734535531173446,1113.0,1.0,-1.0,-1.0,0.9996862798937005,0.9695950480857485,0.0,0.023273014391360716,0.05255021236817914,0.07689925085793284
1632.0,1.0,6.0,4294967295.0,4294967295.0,1.0,0.010886154156629795,0.011734535531173446,1114.0,0.0,-1.0,-1.0,0.9996862798937005,0.9695950480857485,0.0,0.023273014391360716,0.05252920496439579,0.0768722678489514
1633.0,1.0,6.0,4294967295.0,4294967295.0,1.0,0.010886154156629795,0.011734535531173446,1115.0,1.0,-1.0,-1.0,0.9996862798937005,0.9695950480857485,0.0,0.023273014391360716,0.052508197560612445,0.07684528102478755
1634.0,1.0,5.0,4294967295.0,4294967295.0,1.0,0.010886154156629801,0.011734535531173446,1116.0,0.0,-1.0,-1.0,0.9996862798937005,0.9695950480857485,0.0,0.023273014391360716,0.052487190156829094,0.07681829038289692
1635.0,1.0,1.0,4294967295.0,4294967295.0,1.0,0.010886154156629808,0.011734535531173446,1117.0,2.0,-1.0,-1.0,0.9996862798937005,0.9695950480857485,0.0,0.023273014391360716,0.05246618275304575,0.07679129592073355
1636.0,1.0,9.0,4294967295.0,4294967295.0,1.0,0.010886154156629815,0.011734535531173446,1118.0,1.0,-1.0,-1.0,0.9996862798937005,0.9695950480857485,0.0,0.023273014391360716,0.05244517534926239,0.07676429763574977
1637.0,1.0,6.0,4294967295.0,4294967295.0,1.0,0.010886154156629815,0.011734535531173446,1119.0,1.0,-1.0,-1.0,0.9996862798937005,0.9695950480857485,0.0,0.023273014391360716,0.052424167945479036,0.07673729552539613
1638.0,1.0,10.0,4294967295.0,4294967295.0,1.0,0.010886154156629815,0.011734535531173446,1120.0,2.0,-1.0,-1.0,0.9996862798937005,0.9695950480857485,0.0,0.023273014391360716,0.052403160541695686,0.07671028958712156
1639.0,1.0,5.0,4294967295.0,4294967295.0,1.0,0.010886154156629822,0.011734535531173453,1121.0,1.0,-1.0,-1.0,0.9996862798937005,0.9695950480857485,0.0,0.023273014391360716,0.05238215313791233,0.07668327981837325
1640.0,1.0,4.0,4294967295.0,4294967295.0,1.0,0.010886154156629822,0.01173453553117346,1122.0,1.0,-1.0,-1.0,0.9996862798937005,0.9695950480857485,0.0,0.023273014391360716,0.05236114573412898,0.07665626621659669
1641.0,1.0,8.0,4294967295.0,4294967295.0,1.0,0.01088615415662983,0.011734535531173467,1123.0,2.0,-1.0,-1.0,0.9996862798937005,0.9695950480857485,0.0,0.023273014391360716,0.05234013833034562,0.07662924877923569
1642.0,1.0,10.0,4294967295.0,4294967295.0,1.0,0.01088615415662983,0.011734535531173481,1124.0,3.0,-1.0,-1.0,0.9996862798937005,0.9695950480857485,0.0,0.023273014391360716,0.05231913092656227,0.07660222750373236
1643.0,1.0,6.0,4294967295.0,4294967295.0,1.0,0.010886154156629836,0.011734535531173488,1125.0,2.0,-1.0,-1.0,0.9996862798937005,0.9695950480857485,0.0,0.023273014391360716,0.05229812352277892,0.07657520238752707
1644.0,1.0,4.0,4294967295.0,4294967295.0,1.0,0.010886154156629843,0.011734535531173502,1126.0,0.0,-1.0,-1.0,0.9996862798937005,0.9695950480857485,0.0,0.023273014391360716,0.05227711611899557,0.07654817342805847
1645.0,1.0,8.0,4294967295.0,4294967295.0,1.0,0.01088615415662985,0.011734535531173502,1127.0,0.0,-1.0,-1.0,0.9996862798937005,0.9695950480857485,0.0,0.023273014391360716,0.05225610871521223,0.07652114062276358
1646.0,1.0,5.0,4294967295.0,4294967295.0,1.0,0.010886154156629857,0.011734535531173509,1128.0,1.0,-1.0,-1.0,0.9996862798937005,0.9695950480857485,0.0,0.023273014391360716,0.05223510131142888,0.0764941039690776
1647.0,1.0,8.0,4294967295.0,4294967295.0,1.0,0.010886154156629857,0.011734535531173509,1129.0,1.0,-1.0,-1.0,0.9996862798937005,0.9695950480857485,0.0,0.023273014391360716,0.05221409390764554,0.07646706346443416
1648.0,1.0,4.0,4294967295.0,4294967295.0,1.0,0.010886154156629864,0.011734535531173509,1130.0,0.0,-1.0,-1.0,0.9996862798937005,0.9695950480857485,0.0,0.023273014391360716,0.05219308650386218,0.076440019106265
1649.0,1.0,5.0,4294967295.0,4294967295.0,1.0,0.010886154156629864,0.011734535531173516,1131.0,3.0,-1.0,-1.0,0.9996862798937005,0.9695950480857485,0.0,0.023273014391360716,0.05217207910007882,0.07641297089200033
1650.0,1.0,11.0,4294967295.0,4294967295.0,1.0,0.01088615415662987,0.011734535531173516,1132.0,1.0,-1.0,-1.0,0.9996862798937005,0.9695950480857485,0.0,0.023273014391360716,0.05215107169629548,0.07638591881906853
1651.0,1.0,11.0,4294967295.0,4294967295.0,1.0,0.010886154156629878,0.011734535531173523,1133.0,0.0,-1.0,-1.0,0.9996862798937005,0.9695950480857485,0.0,0.023273014391360716,0.05213006429251212,0.0763588628848963
1652.0,1.0,6.0,4294967295.0,4294967295.0,1.0,0.010886154156629878,0.01173453553117353,1134.0,0.0,-1.0,-1.0,0.9996862798937005,0.9695950480857485,0.0,0.023273014391360716,0.05210905688872877,0.07633180308690862
1653.0,1.0,6.0,4294967295.0,4294967295.0,1.0,0.010886154156629885,0.011734535531173537,1135.0,2.0,-1.0,-1.0,0.9996862798937005,0.9695950480857485,0.0,0.023273014391360716,0.052088049484945415,0.07630473942252877
1654.0,1.0,11.0,4294967295.0,4294967295.0,1.0,0.010886154156629885,0.011734535531173543,1136.0,1.0,-1.0,-1.0,0.9996862798937005,0.9695950480857485,0.0,0.023273014391360716,0.05206704208116206,0.07627767188917828
1655.0,1.0,3.0,4294967295.0,4294967295.0,1.0,0.010886154156629885,0.01173453553117355,1137.0,1.0,-1.0,-1.0,0.9996862798937005,0.9695950480857485,0.0,0.023273014391360716,0.05204603467737871,0.07625060048427695
1656.0,1.0,4.0,4294967295.0,4294967295.0,1.0,0.010886154156629892,0.01173453553117355,1138.0,0.0,-1.0,-1.0,0.9996862798937005,0.9695950480857485,0.0,0.023273014391360716,0.05202502727359535,0.07622352520524292
1657.0,1.0,13.0,4294967295.0,4294967295.0,1.0,0.010886154156629892,0.01173453553117355,1139.0,0.0,-1.0,-1.0,0.9996862798937005,0.9695950480857485,0.0,0.023273014391360716,0.052004019869812006,0.07619644604949258
1658.0,1.0,5.0,4294967295.0,4294967295.0,1.0,0.010886154156629899,0.011734535531173557,1140.0,1.0,-1.0,-1.0,0.9996862798937005,0.9695950480857485,0.0,0.023273014391360716,0.051983012466028655,0.07616936301444058
1659.0,1.0,6.0,4294967295.0,4294967295.0,1.0,0.010886154156629899,0.011734535531173557,1141.0,1.0,-1.0,-1.0,0.9996862798937005,0.9695950480857485,0.0,0.023273014391360716,0.051962005062245305,0.07614227609749985
1660.0,1.0,6.0,4294967295.0,4294967295.0,1.0,0.010886154156629899,0.011734535531173557,1142.0,2.0,-1.0,-1.0,0.9996862798937005,0.9695950480857485,0.0,0.023273014391360716,0.051940997658461954,0.0761151852960816
1661.0,1.0,7.0,4294967295.0,4294967295.0,1.0,0.010886154156629906,0.011734535531173564,1143.0,1.0,-1.0,-1.0,0.9996862798937005,0.9695950480857485,0.0,0.023273014391360716,0.0519199902546786,0.07608809060759536
1662.0,1.0,8.0,4294967295.0,4294967295.0,1.0,0.010886154156629906,0.011734535531173564,1144.0,2.0,-1.0,-1.0,0.9996862798937005,0.9695950480857485,0.0,0.023273014391360716,0.051898982850895246,0.07606099202944883
1663.0,1.0,8.0,4294967295.0,4294967295.0,1.0,0.010886154156629912,0.011734535531173578,1145.0,0.0,-1.0,-1.0,0.9996862798937005,0.9695950480857485,0.0,0.023273014391360716,0.05187797544711189,0.07603388955904808
1664.0,1.0,5.0,4294967295.0,4294967295.0,1.0,0.010886154156629912,0.011734535531173585,1146.0,0.0,-1.0,-1.0,0.9996862798937005,0.9695950480857485,0.0,0.023273014391360716,0.05185696804332854,0.07600678319379733
1665.0,1.0,8.0,4294967295.0,4294967295.0,1.0,0.01088615415662992,0.011734535531173592,1147.0,0.0,-1.0,-1.0,0.9996862798937005,0.9695950480857485,0.0,0.023273014391360716,0.05183596063954519,0.07597967293109925
1666.0,1.0,7.0,4294967295.0,4294967295.0,1.0,0.010886154156629926,0.011734535531173599,1148.0,0.0,-1.0,-1.0,0.9996862798937005,0.9695950480857485,0.0,0.023273014391360716,0.05181495323576183,0.0759525587683546
1667.0,1.0,6.0,4294967295.0,4294967295.0,1.0,0.010886154156629933,0.011734535531173606,1149.0,2.0,-1.0,-1.0,0.9996862798937005,0.9695950480857485,0.0,0.023273014391360716,0.05179394583197849,0.07592544070296256
1668.0,1.0,9.0,4294967295.0,4294967295.0,1.0,0.01088615415662994,0.011734535531173613,1150.0,1.0,-1.0,-1.0,0.9996862798937005,0.9695950480857485,0.0,0.023273014391360716,0.05177293842819514,0.07589831873232039
1669.0,1.0,4.0,4294967295.0,4294967295.0,1.0,0.01088615415662994,0.011734535531173627,1151.0,1.0,-1.0,-1.0,0.9996862798937005,0.9695950480857485,0.0,0.023273014391360716,0.05175193102441179,0.07587119285382382
1670.0,1.0,9.0,4294967295.0,4294967295.0,1.0,0.010886154156629947,0.011734535531173627,1152.0,1.0,-1.0,-1.0,0.9996862798937005,0.9695950480857485,0.0,0.023273014391360716,0.05173092362062844,0.07584406306486668
1671.0,1.0,6.0,4294967295.0,4294967295.0,1.0,0.010886154156629954,0.011734535531173634,1153.0,0.0,-1.0,-1.0,0.9996862798937005,0.9695950480857485,0.0,0.023273014391360716,0.05170991621684509,0.07581692936284118
1672.0,1.0,4.0,4294967295.0,4294967295.0,1.0,0.010886154156629961,0.01173453553117364,1154.0,0.0,-1.0,-1.0,0.9996862798937005,0.9695950480857485,0.0,0.023273014391360716,0.05168890881306175,0.0757897917451377
1673.0,1.0,5.0,4294967295.0,4294967295.0,1.0,0.010886154156629968,0.011734535531173648,1155.0,0.0,-1.0,-1.0,0.9996862798937005,0.9695950480857485,0.0,0.023273014391360716,0.05166790140927839,0.07576265020914494
1674.0,1.0,6.0,4294967295.0,4294967295.0,1.0,0.010886154156629968,0.011734535531173654,1156.0,0.0,-1.0,-1.0,0.9996862798937005,0.9695950480857485,0.0,0.023273014391360716,0.05164689400549504,0.07573550475224983
1675.0,1.0,6.0,4294967295.0,4294967295.0,1.0,0.010886154156629975,0.011734535531173661,1157.0,0.0,-1.0,-1.0,0.9996862798937005,0.9695950480857485,0.0,0.023273014391360716,0.05162588660171168,0.07570835537183757
1676.0,1.0,5.0,4294967295.0,4294967295.0,1.0,0.010886154156629975,0.011734535531173661,1158.0,0.0,-1.0,-1.0,0.9996862798937005,0.9695950480857485,0.0,0.023273014391360716,0.051604879197928326,0.07568120206529155
1677.0,1.0,6.0,4294967295.0,4294967295.0,1.0,0.010886154156629975,0.011734535531173661,1159.0,2.0,-1.0,-1.0,0.9996862798937005,0.9695950480857485,0.0,0.023273014391360716,0.051583871794144975,0.07565404482999355
1678.0,1.0,5.0,4294967295.0,4294967295.0,1.0,0.010886154156629982,0.011734535531173675,1160.0,1.0,-1.0,-1.0,0.9996862798937005,0.9695950480857485,0.0,0.023273014391360716,0.05156286439036162,0.07562688366332351
1679.0,1.0,7.0,4294967295.0,4294967295.0,1.0,0.010886154156629982,0.011734535531173682,1161.0,1.0,-1.0,-1.0,0.9996862798937005,0.9695950480857485,0.0,0.023273014391360716,0.05154185698657827,0.07559971856265965
1680.0,1.0,4.0,4294967295.0,4294967295.0,1.0,0.010886154156629989,0.011734535531173682,1162.0,1.0,-1.0,-1.0,0.9996862798937005,0.9695950480857485,0.0,0.023273014391360716,0.05152084958279491,0.0755725495253784
1681.0,1.0,4.0,4294967295.0,4294967295.0,1.0,0.010886154156629989,0.01173453553117369,1163.0,0.0,-1.0,-1.0,0.9996862798937005,0.9695950480857485,0.0,0.023273014391360716,0.05149984217901156,0.07554537654885449
1682.0,1.0,4.0,4294967295.0,4294967295.0,1.0,0.010886154156629989,0.01173453553117369,1164.0,1.0,-1.0,-1.0,0.9996862798937005,0.9695950480857485,0.0,0.023273014391360716,0.051478834775228216,0.07551819963046086
1683.0,1.0,11.0,4294967295.0,4294967295.0,1.0,0.010886154156629996,0.01173453553117369,1165.0,0.0,-1.0,-1.0,0.9996862798937005,0.9695950480857485,0.0,0.023273014391360716,0.051457827371444866,0.07549101876756875
1684.0,1.0,2.0,4294967295.0,4294967295.0,1.0,0.010886154156630003,0.01173453553117369,1166.0,1.0,-1.0,-1.0,0.9996862798937005,0.9695950480857485,0.0,0.023273014391360716,0.05143681996766152,0.07546383395754763
1685.0,1.0,2.0,4294967295.0,4294967295.0,1.0,0.01088615415663001,0.011734535531173703,1167.0,0.0,-1.0,-1.0,0.9996862798937005,0.9695950480857485,0.0,0.023273014391360716,0.051415812563878165,0.07543664519776519
1686.0,1.0,6.0,4294967295.0,4294967295.0,1.0,0.01088615415663001,0.01173453553117371,1168.0,1.0,-1.0,-1.0,0.9996862798937005,0.9695950480857485,0.0,0.023273014391360716,0.051394805160094814,0.07540945248558734
1687.0,1.0,5.0,4294967295.0,4294967295.0,1.0,0.010886154156630017,0.011734535531173717,1169.0,0.0,-1.0,-1.0,0.9996862798937005,0.9695950480857485,0.0,0.023273014391360716,0.051373797756311464,0.07538225581837835
1688.0,1.0,3.0,4294967295.0,4294967295.0,1.0,0.010886154156630024,0.011734535531173717,1170.0,0.0,-1.0,-1.0,0.9996862798937005,0.9695950480857485,0.0,0.023273014391360716,0.051352790352528106,0.07535505519350058
1689.0,1.0,5.0,4294967295.0,4294967295.0,1.0,0.01088615415663003,0.01173453553117373,1171.0,0.0,-1.0,-1.0,0.9996862798937005,0.9695950480857485,0.0,0.023273014391360716,0.05133178294874476,0.07532785060831476
1690.0,1.0,4.0,4294967295.0,4294967295.0,1.0,0.010886154156630037,0.01173453553117373,1172.0,1.0,-1.0,-1.0,0.9996862798937005,0.9695950480857485,0.0,0.023273014391360716,0.051310775544961405,0.07530064206017975
1691.0,1.0,6.0,4294967295.0,4294967295.0,1.0,0.010886154156630037,0.01173453553117373,1173.0,1.0,-1.0,-1.0,0.9996862798937005,0.9695950480857485,0.0,0.023273014391360716,0.051289768141178055,0.07527342954645275
1692.0,1.0,4.0,4294967295.0,4294967295.0,1.0,0.010886154156630044,0.011734535531173745,1174.0,0.0,-1.0,-1.0,0.9996862798937005,0.9695950480857485,0.0,0.023273014391360716,0.051268760737394704,0.07524621306448911
1693.0,1.0,5.0,4294967295.0,4294967295.0,1.0,0.010886154156630044,0.011734535531173745,1175.0,1.0,-1.0,-1.0,0.9996862798937005,0.9695950480857485,0.0,0.023273014391360716,0.051247753333611354,0.0752189926116425
1694.0,1.0,6.0,4294967295.0,4294967295.0,1.0,0.010886154156630051,0.011734535531173759,1176.0,0.0,-1.0,-1.0,0.9996862798937005,0.9695950480857485,0.0,0.023273014391360716,0.05122674592982802,0.07519176818526474
1695.0,1.0,4.0,4294967295.0,4294967295.0,1.0,0.010886154156630058,0.011734535531173765,1177.0,1.0,-1.0,-1.0,0.9996862798937005,0.9695950480857485,0.0,0.023273014391360716,0.05120573852604467,0.07516453978270593
1696.0,1.0,7.0,4294967295.0,4294967295.0,1.0,0.010886154156630058,0.011734535531173772,1178.0,1.0,-1.0,-1.0,0.9996862798937005,0.9695950480857485,0.0,0.023273014391360716,0.051184731122261316,0.07513730740131444
1697.0,1.0,5.0,4294967295.0,4294967295.0,1.0,0.010886154156630065,0.011734535531173786,1179.0,0.0,-1.0,-1.0,0.9996862798937005,0.9695950480857485,0.0,0.023273014391360716,0.05116372371847796,0.07511007103843681
1698.0,1.0,5.0,4294967295.0,4294967295.0,1.0,0.010886154156630065,0.011734535531173786,1180.0,3.0,-1.0,-1.0,0.9996862798937005,0.9695950480857485,0.0,0.023273014391360716,0.0511427163146946,0.0750828306914178
1699.0,1.0,9.0,4294967295.0,4294967295.0,1.0,0.010886154156630065,0.011734535531173793,1181.0,0.0,-1.0,-1.0,0.9996862798937005,0.9695950480857485,0.0,0.023273014391360716,0.05112170891091125,0.07505558635760046
1700.0,1.0,10.0,4294967295.0,4294967295.0,1.0,0.010886154156630072,0.011734535531173807,1182.0,1.0,-1.0,-1.0,0.9996862798937005,0.9695950480857485,0.0,0.023273014391360716,0.051100701507127894,0.07502833803432604
1701.0,1.0,4.0,4294967295.0,4294967295.0,1.0,0.010886154156630072,0.011734535531173814,1183.0,1.0,-1.0,-1.0,0.9996862798937005,0.9695950480857485,0.0,0.023273014391360716,0.05107969410334454,0.07500108571893399
1702.0,1.0,8.0,4294967295.0,4294967295.0,1.0,0.010886154156630079,0.011734535531173814,1184.0,0.0,-1.0,-1.0,0.9996862798937005,0.9695950480857485,0.0,0.023273014391360716,0.051058686699561186,0.07497382940876204
1703.0,1.0,5.0,4294967295.0,4294967295.0,1.0,0.010886154156630079,0.011734535531173814,1185.0,0.0,-1.0,-1.0,0.9996862798937005,0.9695950480857485,0.0,0.023273014391360716,0.051037679295777835,0.07494656910114611
1704.0,1.0,4.0,4294967295.0,4294967295.0,1.0,0.010886154156630086,0.011734535531173828,1186.0,0.0,-1.0,-1.0,0.9996862798937005,0.9695950480857485,0.0,0.023273014391360716,0.05101667189199449,0.07491930479342035
1705.0,1.0,5.0,4294967295.0,4294967295.0,1.0,0.010886154156630093,0.011734535531173828,1187.0,0.0,-1.0,-1.0,0.9996862798937005,0.9695950480857485,0.0,0.023273014391360716,0.05099566448821114,0.07489203648291712
1706.0,1.0,6.0,4294967295.0,4294967295.0,1.0,0.0108861541566301,0.011734535531173842,1188.0,1.0,-1.0,-1.0,0.9996862798937005,0.9695950480857485,0.0,0.023273014391360716,0.050974657084427805,0.074864764166967
1707.0,1.0,4.0,4294967295.0,4294967295.0,1.0,0.010886154156630107,0.011734535531173849,1189.0,0.0,-1.0,-1.0,0.9996862798937005,0.9695950480857485,0.0,0.023273014391360716,0.050953649680644454,0.07483748784289881
1708.0,1.0,4.0,4294967295.0,4294967295.0,1.0,0.010886154156630107,0.011734535531173856,1190.0,1.0,-1.0,-1.0,0.9996862798937005,0.9695950480857485,0.0,0.023273014391360716,0.0509326422768611,0.0748102075080396
1709.0,1.0,10.0,4294967295.0,4294967295.0,1.0,0.010886154156630107,0.011734535531173863,1191.0,0.0,-1.0,-1.0,0.9996862798937005,0.9695950480857485,0.0,0.023273014391360716,0.05091163487307774,0.07478292315971463
1710.0,1.0,7.0,4294967295.0,4294967295.0,1.0,0.010886154156630107,0.011734535531173863,1192.0,1.0,-1.0,-1.0,0.9996862798937005,0.9695950480857485,0.0,0.023273014391360716,0.05089062746929438,0.07475563479524733
1711.0,1.0,9.0,4294967295.0,4294967295.0,1.0,0.010886154156630114,0.011734535531173863,1193.0,0.0,-1.0,-1.0,0.9996862798937005,0.9695950480857485,0.0,0.023273014391360716,0.05086962006551104,0.07472834241195939
1712.0,1.0,4.0,4294967295.0,4294967295.0,1.0,0.01088615415663012,0.01173453553117387,1194.0,0.0,-1.0,-1.0,0.9996862798937005,0.9695950480857485,0.0,0.023273014391360716,0.05084861266172768,0.0747010460071707
1713.0,1.0,4.0,4294967295.0,4294967295.0,1.0,0.01088615415663012,0.011734535531173877,1195.0,0.0,-1.0,-1.0,0.9996862798937005,0.9695950480857485,0.0,0.023273014391360716,0.05082760525794433,0.07467374557819936
1714.0,1.0,3.0,4294967295.0,4294967295.0,1.0,0.010886154156630128,0.011734535531173877,1196.0,0.0,-1.0,-1.0,0.9996862798937005,0.9695950480857485,0.0,0.023273014391360716,0.05080659785416097,0.07464644112236174
1715.0,1.0,7.0,4294967295.0,4294967295.0,1.0,0.010886154156630128,0.011734535531173883,1197.0,1.0,-1.0,-1.0,0.9996862798937005,0.9695950480857485,0.0,0.023273014391360716,0.050785590450377616,0.07461913263697229
1716.0,1.0,4.0,4294967295.0,4294967295.0,1.0,0.010886154156630135,0.011734535531173883,1198.0,0.0,-1.0,-1.0,0.9996862798937005,0.9695950480857485,0.0,0.023273014391360716,0.05076458304659428,0.07459182011934379
1717.0,1.0,4.0,4294967295.0,4294967295.0,1.0,0.010886154156630141,0.01173453553117389,1199.0,1.0,-1.0,-1.0,0.9996862798937005,0.9695950480857485,0.0,0.023273014391360716,0.05074357564281093,0.07456450356678718
1718.0,1.0,2.0,4294967295.0,4294967295.0,1.0,0.010886154156630141,0.01173453553117389,1200.0,0.0,-1.0,-1.0,0.9996862798937005,0.9695950480857485,0.0,0.023273014391360716,0.050722568239027585,0.07453718297661158
1719.0,1.0,5.0,4294967295.0,4294967295.0,1.0,0.010886154156630155,0.011734535531173897,1201.0,1.0,-1.0,-1.0,0.9996862798937005,0.9695950480857485,0.0,0.023273014391360716,0.050701560835244235,0.07450985834612439
1720.0,1.0,6.0,4294967295.0,4294967295.0,1.0,0.010886154156630155,0.011734535531173897,1202.0,2.0,-1.0,-1.0,0.9996862798937005,0.9695950480857485,0.0,0.023273014391360716,0.05068055343146088,0.07448252967263116
1721.0,1.0,12.0,4294967295.0,4294967295.0,1.0,0.010886154156630162,0.011734535531173897,1203.0,1.0,-1.0,-1.0,0.9996862798937005,0.9695950480857485,0.0,0.023273014391360716,0.050659546027677534,0.07445519695343561
1722.0,1.0,4.0,4294967295.0,4294967295.0,1.0,0.01088615415663017,0.011734535531173897,1204.0,0.0,-1.0,-1.0,0.9996862798937005,0.9695950480857485,0.0,0.023273014391360716,0.050638538623894176,0.07442786018583977
1723.0,1.0,9.0,4294967295.0,4294967295.0,1.0,0.01088615415663017,0.011734535531173904,1205.0,3.0,-1.0,-1.0,0.9996862798937005,0.9695950480857485,0.0,0.023273014391360716,0.050617531220110826,0.07440051936714381
1724.0,1.0,7.0,4294967295.0,4294967295.0,1.0,0.010886154156630176,0.011734535531173911,1206.0,1.0,-1.0,-1.0,0.9996862798937005,0.9695950480857485,0.0,0.023273014391360716,0.05059652381632747,0.07437317449464603
1725.0,1.0,9.0,4294967295.0,4294967295.0,1.0,0.010886154156630176,0.011734535531173918,1207.0,1.0,-1.0,-1.0,0.9996862798937005,0.9695950480857485,0.0,0.023273014391360716,0.05057551641254411,0.07434582556564304
1726.0,1.0,5.0,4294967295.0,4294967295.0,1.0,0.010886154156630176,0.011734535531173918,1208.0,1.0,-1.0,-1.0,0.9996862798937005,0.9695950480857485,0.0,0.023273014391360716,0.05055450900876076,0.0743184725774296
1727.0,1.0,5.0,4294967295.0,4294967295.0,1.0,0.010886154156630183,0.011734535531173939,1209.0,0.0,-1.0,-1.0,0.9996862798937005,0.9695950480857485,0.0,0.023273014391360716,0.0505335016049774,0.07429111552729864
1728.0,1.0,11.0,4294967295.0,4294967295.0,1.0,0.010886154156630183,0.011734535531173946,1210.0,0.0,-1.0,-1.0,0.9996862798937005,0.9695950480857485,0.0,0.023273014391360716,0.05051249420119406,0.07426375441254132
1729.0,1.0,6.0,4294967295.0,4294967295.0,1.0,0.01088615415663019,0.01173453553117396,1211.0,0.0,-1.0,-1.0,0.9996862798937005,0.9695950480857485,0.0,0.023273014391360716,0.05049148679741071,0.07423638923044701
1730.0,1.0,9.0,4294967295.0,4294967295.0,1.0,0.01088615415663019,0.01173453553117396,1212.0,0.0,-1.0,-1.0,0.9996862798937005,0.9695950480857485,0.0,0.023273014391360716,0.05047047939362736,0.07420901997830323
1731.0,1.0,3.0,4294967295.0,4294967295.0,1.0,0.010886154156630197,0.011734535531173967,1213.0,0.0,-1.0,-1.0,0.9996862798937005,0.9695950480857485,0.0,0.023273014391360716,0.05044947198984401,0.07418164665339572
1732.0,1.0,3.0,4294967295.0,4294967295.0,1.0,0.010886154156630197,0.011734535531173967,1214.0,0.0,-1.0,-1.0,0.9996862798937005,0.9695950480857485,0.0,0.023273014391360716,0.05042846458606065,0.07415426925300839
1733.0,1.0,4.0,4294967295.0,4294967295.0,1.0,0.010886154156630204,0.011734535531173988,1215.0,1.0,-1.0,-1.0,0.9996862798937005,0.9695950480857485,0.0,0.023273014391360716,0.05040745718227731,0.07412688777442333
1734.0,1.0,7.0,4294967295.0,4294967295.0,1.0,0.01088615415663021,0.011734535531173994,1216.0,0.0,-1.0,-1.0,0.9996862798937005,0.9695950480857485,0.0,0.023273014391360716,0.05038644977849395,0.07409950221492087
1735.0,1.0,5.0,4294967295.0,4294967295.0,1.0,0.01088615415663021,0.011734535531174001,1217.0,2.0,-1.0,-1.0,0.9996862798937005,0.9695950480857485,0.0,0.023273014391360716,0.0503654423747106,0.07407211257177947
1736.0,1.0,10.0,4294967295.0,4294967295.0,1.0,0.010886154156630218,0.011734535531174001,1218.0,1.0,-1.0,-1.0,0.9996862798937005,0.9695950480857485,0.0,0.023273014391360716,0.05034443497092724,0.0740447188422758
1737.0,1.0,10.0,4294967295.0,4294967295.0,1.0,0.010886154156630218,0.011734535531174008,1219.0,0.0,-1.0,-1.0,0.9996862798937005,0.9695950480857485,0.0,0.023273014391360716,0.050323427567143884,0.07401732102368472
1738.0,1.0,5.0,4294967295.0,4294967295.0,1.0,0.010886154156630218,0.011734535531174015,1220.0,0.0,-1.0,-1.0,0.9996862798937005,0.9695950480857485,0.0,0.023273014391360716,0.050302420163360534,0.07398991911327925
1739.0,1.0,6.0,4294967295.0,4294967295.0,1.0,0.010886154156630225,0.01173453553117403,1221.0,1.0,-1.0,-1.0,0.9996862798937005,0.9695950480857485,0.0,0.023273014391360716,0.050281412759577176,0.07396251310833062
1740.0,1.0,5.0,4294967295.0,4294967295.0,1.0,0.010886154156630225,0.011734535531174036,1222.0,1.0,-1.0,-1.0,0.9996862798937005,0.9695950480857485,0.0,0.023273014391360716,0.05026040535579383,0.0739351030061082
1741.0,1.0,9.0,4294967295.0,4294967295.0,1.0,0.010886154156630232,0.011734535531174036,1223.0,1.0,-1.0,-1.0,0.9996862798937005,0.9695950480857485,0.0,0.023273014391360716,0.05023939795201048,0.07390768880387959
1742.0,1.0,4.0,4294967295.0,4294967295.0,1.0,0.010886154156630232,0.011734535531174036,1224.0,0.0,-1.0,-1.0,0.9996862798937005,0.9695950480857485,0.0,0.023273014391360716,0.05021839054822713,0.07388027049891052
1743.0,1.0,6.0,4294967295.0,4294967295.0,1.0,0.010886154156630239,0.011734535531174036,1225.0,0.0,-1.0,-1.0,0.9996862798937005,0.9695950480857485,0.0,0.023273014391360716,0.05019738314444379,0.07385284808846493
1744.0,1.0,4.0,4294967295.0,4294967295.0,1.0,0.010886154156630246,0.011734535531174043,1226.0,1.0,-1.0,-1.0,0.9996862798937005,0.9695950480857485,0.0,0.023273014391360716,0.05017637574066043,0.0738254215698049
1745.0,1.0,6.0,4294967295.0,4294967295.0,1.0,0.010886154156630246,0.011734535531174043,1227.0,1.0,-1.0,-1.0,0.9996862798937005,0.9695950480857485,0.0,0.023273014391360716,0.05015536833687708,0.07379799094019077
1746.0,1.0,12.0,4294967295.0,4294967295.0,1.0,0.010886154156630252,0.011734535531174043,1228.0,0.0,-1.0,-1.0,0.9996862798937005,0.9695950480857485,0.0,0.023273014391360716,0.05013436093309372,0.07377055619688092
1747.0,1.0,4.0,4294967295.0,4294967295.0,1.0,0.010886154156630252,0.011734535531174043,1229.0,0.0,-1.0,-1.0,0.9996862798937005,0.9695950480857485,0.0,0.023273014391360716,0.05011335352931037,0.073743117337132
1748.0,1.0,7.0,4294967295.0,4294967295.0,1.0,0.01088615415663026,0.01173453553117405,1230.0,0.0,-1.0,-1.0,0.9996862798937005,0.9695950480857485,0.0,0.023273014391360716,0.05009234612552702,0.07371567435819881
1749.0,1.0,6.0,4294967295.0,4294967295.0,1.0,0.010886154156630266,0.01173453553117405,1231.0,1.0,-1.0,-1.0,0.9996862798937005,0.9695950480857485,0.0,0.023273014391360716,0.050071338721743665,0.0736882272573343
1750.0,1.0,8.0,4294967295.0,4294967295.0,1.0,0.010886154156630273,0.011734535531174057,1232.0,0.0,-1.0,-1.0,0.9996862798937005,0.9695950480857485,0.0,0.023273014391360716,0.05005033131796032,0.0736607760317896
1751.0,1.0,5.0,4294967295.0,4294967295.0,1.0,0.01088615415663028,0.011734535531174057,1233.0,1.0,-1.0,-1.0,0.9996862798937005,0.9695950480857485,0.0,0.023273014391360716,0.050029323914176964,0.07363332067881401
1752.0,1.0,8.0,4294967295.0,4294967295.0,1.0,0.01088615415663028,0.011734535531174064,1234.0,0.0,-1.0,-1.0,0.9996862798937005,0.9695950480857485,0.0,0.023273014391360716,0.05000831651039362,0.07360586119565499
1753.0,1.0,7.0,4294967295.0,4294967295.0,1.0,0.010886154156630287,0.011734535531174078,1235.0,0.0,-1.0,-1.0,0.9996862798937005,0.9695950480857485,0.0,0.023273014391360716,0.04998730910661027,0.07357839757955817
1754.0,1.0,4.0,4294967295.0,4294967295.0,1.0,0.010886154156630287,0.011734535531174078,1236.0,0.0,-1.0,-1.0,0.9996862798937005,0.9695950480857485,0.0,0.023273014391360716,0.04996630170282692,0.07355092982776734
1755.0,1.0,3.0,4294967295.0,4294967295.0,1.0,0.010886154156630301,0.011734535531174092,1237.0,0.0,-1.0,-1.0,0.9996862798937005,0.9695950480857485,0.0,0.023273014391360716,0.04994529429904358,0.07352345793752445
1756.0,1.0,7.0,4294967295.0,4294967295.0,1.0,0.010886154156630308,0.011734535531174092,1238.0,1.0,-1.0,-1.0,0.9996862798937005,0.9695950480857485,0.0,0.023273014391360716,0.049924286895260225,0.0734959819060696
1757.0,1.0,6.0,4294967295.0,4294967295.0,1.0,0.010886154156630308,0.011734535531174092,1239.0,2.0,-1.0,-1.0,0.9996862798937005,0.9695950480857485,0.0,0.023273014391360716,0.049903279491476875,0.07346850173064108
1758.0,1.0,7.0,4294967295.0,4294967295.0,1.0,0.010886154156630315,0.011734535531174099,1240.0,1.0,-1.0,-1.0,0.9996862798937005,0.9695950480857485,0.0,0.023273014391360716,0.04988227208769352,0.0734410174084753
1759.0,1.0,3.0,4294967295.0,4294967295.0,1.0,0.010886154156630315,0.011734535531174105,1241.0,1.0,-1.0,-1.0,0.9996862798937005,0.9695950480857485,0.0,0.023273014391360716,0.04986126468391016,0.07341352893680687
1760.0,1.0,5.0,4294967295.0,4294967295.0,1.0,0.010886154156630315,0.011734535531174112,1242.0,0.0,-1.0,-1.0,0.9996862798937005,0.9695950480857485,0.0,0.023273014391360716,0.04984025728012681,0.07338603631286852
1761.0,1.0,7.0,4294967295.0,4294967295.0,1.0,0.010886154156630322,0.011734535531174112,1243.0,0.0,-1.0,-1.0,0.9996862798937005,0.9695950480857485,0.0,0.023273014391360716,0.04981924987634345,0.07335853953389117
1762.0,1.0,5.0,4294967295.0,4294967295.0,1.0,0.010886154156630322,0.01173453553117412,1244.0,1.0,-1.0,-1.0,0.9996862798937005,0.9695950480857485,0.0,0.023273014391360716,0.0497982424725601,0.07333103859710383
1763.0,1.0,4.0,4294967295.0,4294967295.0,1.0,0.010886154156630329,0.011734535531174126,1245.0,0.0,-1.0,-1.0,0.9996862798937005,0.9695950480857485,0.0,0.023273014391360716,0.049777235068776744,0.07330353349973372
1764.0,1.0,7.0,4294967295.0,4294967295.0,1.0,0.010886154156630329,0.01173453553117414,1246.0,0.0,-1.0,-1.0,0.9996862798937005,0.9695950480857485,0.0,0.023273014391360716,0.049756227664993394,0.0732760242390062
1765.0,1.0,9.0,4294967295.0,4294967295.0,1.0,0.010886154156630329,0.011734535531174147,1247.0,0.0,-1.0,-1.0,0.9996862798937005,0.9695950480857485,0.0,0.023273014391360716,0.04973522026121005,0.07324851081214476
1766.0,1.0,10.0,4294967295.0,4294967295.0,1.0,0.010886154156630336,0.011734535531174147,1248.0,0.0,-1.0,-1.0,0.9996862798937005,0.9695950480857485,0.0,0.023273014391360716,0.0497142128574267,0.07322099321637104
1767.0,1.0,6.0,4294967295.0,4294967295.0,1.0,0.010886154156630343,0.011734535531174147,1249.0,1.0,-1.0,-1.0,0.9996862798937005,0.9695950480857485,0.0,0.023273014391360716,0.04969320545364336,0.0731934714489049
1768.0,1.0,5.0,4294967295.0,4294967295.0,1.0,0.01088615415663035,0.011734535531174154,1250.0,1.0,-1.0,-1.0,0.9996862798937005,0.9695950480857485,0.0,0.023273014391360716,0.049672198049860006,0.0731659455069642
1769.0,1.0,3.0,4294967295.0,4294967295.0,1.0,0.01088615415663035,0.011734535531174161,1251.0,0.0,-1.0,-1.0,0.9996862798937005,0.9695950480857485,0.0,0.023273014391360716,0.04965119064607665,0.07313841538776511
1770.0,1.0,4.0,4294967295.0,4294967295.0,1.0,0.01088615415663035,0.011734535531174161,1252.0,0.0,-1.0,-1.0,0.9996862798937005,0.9695950480857485,0.0,0.023273014391360716,0.0496301832422933,0.07311088108852179
1771.0,1.0,2.0,4294967295.0,4294967295.0,1.0,0.010886154156630357,0.011734535531174161,1253.0,1.0,-1.0,-1.0,0.9996862798937005,0.9695950480857485,0.0,0.023273014391360716,0.04960917583850994,0.07308334260644667
1772.0,1.0,2.0,4294967295.0,4294967295.0,1.0,0.010886154156630364,0.011734535531174161,1254.0,0.0,-1.0,-1.0,0.9996862798937005,0.9695950480857485,0.0,0.023273014391360716,0.0495881684347266,0.07305579993875025
1773.0,1.0,4.0,4294967295.0,4294967295.0,1.0,0.01088615415663037,0.011734535531174161,1255.0,0.0,-1.0,-1.0,0.9996862798937005,0.9695950480857485,0.0,0.023273014391360716,0.04956716103094324,0.07302825308264116
1774.0,1.0,3.0,4294967295.0,4294967295.0,1.0,0.01088615415663037,0.011734535531174161,1256.0,0.0,-1.0,-1.0,0.9996862798937005,0.9695950480857485,0.0,0.023273014391360716,0.04954615362715989,0.07300070203532623
1775.0,1.0,2.0,4294967295.0,4294967295.0,1.0,0.010886154156630377,0.011734535531174161,1257.0,0.0,-1.0,-1.0,0.9996862798937005,0.9695950480857485,0.0,0.023273014391360716,0.04952514622337653,0.07297314679401037
1776.0,1.0,4.0,4294967295.0,4294967295.0,1.0,0.010886154156630377,0.011734535531174161,1258.0,1.0,-1.0,-1.0,0.9996862798937005,0.9695950480857485,0.0,0.023273014391360716,0.04950413881959318,0.07294558735589665
1777.0,1.0,8.0,4294967295.0,4294967295.0,1.0,0.010886154156630384,0.011734535531174161,1259.0,1.0,-1.0,-1.0,0.9996862798937005,0.9695950480857485,0.0,0.023273014391360716,0.049483131415809845,0.07291802371818627
1778.0,1.0,5.0,4294967295.0,4294967295.0,1.0,0.010886154156630391,0.011734535531174168,1260.0,0.0,-1.0,-1.0,0.9996862798937005,0.9695950480857485,0.0,0.023273014391360716,0.049462124012026494,0.07289045587807857
1779.0,1.0,5.0,4294967295.0,4294967295.0,1.0,0.010886154156630398,0.011734535531174175,1261.0,1.0,-1.0,-1.0,0.9996862798937005,0.9695950480857485,0.0,0.023273014391360716,0.04944111660824315,0.07286288383277104
1780.0,1.0,4.0,4294967295.0,4294967295.0,1.0,0.010886154156630405,0.011734535531174182,1262.0,0.0,-1.0,-1.0,0.9996862798937005,0.9695950480857485,0.0,0.023273014391360716,0.04942010920445979,0.07283530757945923
1781.0,1.0,6.0,4294967295.0,4294967295.0,1.0,0.010886154156630405,0.011734535531174182,1263.0,0.0,-1.0,-1.0,0.9996862798937005,0.9695950480857485,0.0,0.023273014391360716,0.049399101800676436,0.0728077271153369
1782.0,1.0,4.0,4294967295.0,4294967295.0,1.0,0.010886154156630412,0.011734535531174182,1264.0,2.0,-1.0,-1.0,0.9996862798937005,0.9695950480857485,0.0,0.023273014391360716,0.04937809439689309,0.07278014243759591
1783.0,1.0,6.0,4294967295.0,4294967295.0,1.0,0.010886154156630419,0.011734535531174182,1265.0,0.0,-1.0,-1.0,0.9996862798937005,0.9695950480857485,0.0,0.023273014391360716,0.049357086993109735,0.07275255354342623
1784.0,1.0,7.0,4294967295.0,4294967295.0,1.0,0.010886154156630419,0.011734535531174189,1266.0,0.0,-1.0,-1.0,0.9996862798937005,0.9695950480857485,0.0,0.023273014391360716,0.049336079589326384,0.07272496043001597
1785.0,1.0,4.0,4294967295.0,4294967295.0,1.0,0.010886154156630426,0.011734535531174203,1267.0,0.0,-1.0,-1.0,0.9996862798937005,0.9695950480857485,0.0,0.023273014391360716,0.04931507218554303,0.0726973630945514
1786.0,1.0,7.0,4294967295.0,4294967295.0,1.0,0.010886154156630426,0.01173453553117421,1268.0,1.0,-1.0,-1.0,0.9996862798937005,0.9695950480857485,0.0,0.023273014391360716,0.049294064781759676,0.07266976153421682
1787.0,1.0,6.0,4294967295.0,4294967295.0,1.0,0.010886154156630433,0.011734535531174217,1269.0,0.0,-1.0,-1.0,0.9996862798937005,0.9695950480857485,0.0,0.023273014391360716,0.049273057377976326,0.07264215574619476
1788.0,1.0,5.0,4294967295.0,4294967295.0,1.0,0.01088615415663044,0.011734535531174223,1270.0,1.0,-1.0,-1.0,0.9996862798937005,0.9695950480857485,0.0,0.023273014391360716,0.049252049974192975,0.07261454572766579
1789.0,1.0,5.0,4294967295.0,4294967295.0,1.0,0.010886154156630447,0.011734535531174223,1271.0,0.0,-1.0,-1.0,0.9996862798937005,0.9695950480857485,0.0,0.023273014391360716,0.04923104257040964,0.07258693147580864
1790.0,1.0,5.0,4294967295.0,4294967295.0,1.0,0.010886154156630454,0.011734535531174237,1272.0,0.0,-1.0,-1.0,0.9996862798937005,0.9695950480857485,0.0,0.023273014391360716,0.04921003516662629,0.07255931298780016
1791.0,1.0,6.0,4294967295.0,4294967295.0,1.0,0.01088615415663046,0.011734535531174237,1273.0,1.0,-1.0,-1.0,0.9996862798937005,0.9695950480857485,0.0,0.023273014391360716,0.04918902776284294,0.07253169026081531
1792.0,1.0,9.0,4294967295.0,4294967295.0,1.0,0.01088615415663046,0.011734535531174244,1274.0,0.0,-1.0,-1.0,0.9996862798937005,0.9695950480857485,0.0,0.023273014391360716,0.04916802035905959,0.07250406329202715
1793.0,1.0,6.0,4294967295.0,4294967295.0,1.0,0.010886154156630468,0.011734535531174251,1275.0,2.0,-1.0,-1.0,0.9996862798937005,0.9695950480857485,0.0,0.023273014391360716,0.04914701295527623,0.07247643207860686
1794.0,1.0,4.0,4294967295.0,4294967295.0,1.0,0.010886154156630475,0.011734535531174251,1276.0,1.0,-1.0,-1.0,0.9996862798937005,0.9695950480857485,0.0,0.023273014391360716,0.049126005551492886,0.07244879661772377
1795.0,1.0,8.0,4294967295.0,4294967295.0,1.0,0.010886154156630481,0.011734535531174258,1277.0,0.0,-1.0,-1.0,0.9996862798937005,0.9695950480857485,0.0,0.023273014391360716,0.04910499814770953,0.07242115690654527
1796.0,1.0,1.0,4294967295.0,4294967295.0,1.0,0.010886154156630481,0.011734535531174265,1278.0,3.0,-1.0,-1.0,0.9996862798937005,0.9695950480857485,0.0,0.023273014391360716,0.04908399074392618,0.0723935129422369
1797.0,1.0,5.0,4294967295.0,4294967295.0,1.0,0.010886154156630488,0.011734535531174265,1279.0,1.0,-1.0,-1.0,0.9996862798937005,0.9695950480857485,0.0,0.023273014391360716,0.04906298334014282,0.0723658647219623
1798.0,1.0,7.0,4294967295.0,4294967295.0,1.0,0.010886154156630488,0.011734535531174265,1280.0,0.0,-1.0,-1.0,0.9996862798937005,0.9695950480857485,0.0,0.023273014391360716,0.049041975936359464,0.0723382122428832
1799.0,1.0,4.0,4294967295.0,4294967295.0,1.0,0.010886154156630488,0.011734535531174279,1281.0,1.0,-1.0,-1.0,0.9996862798937005,0.9695950480857485,0.0,0.023273014391360716,0.04902096853257611,0.07231055550215945
1800.0,1.0,4.0,4294967295.0,4294967295.0,1.0,0.010886154156630495,0.011734535531174293,1282.0,0.0,-1.0,-1.0,0.9996862798937005,0.9695950480857485,0.0,0.023273014391360716,0.04899996112879276,0.07228289449694902
1801.0,1.0,9.0,4294967295.0,4294967295.0,1.0,0.010886154156630495,0.011734535531174307,1283.0,1.0,-1.0,-1.0,0.9996862798937005,0.9695950480857485,0.0,0.023273014391360716,0.04897895372500942,0.07225522922440795
1802.0,1.0,5.0,4294967295.0,4294967295.0,1.0,0.010886154156630502,0.011734535531174314,1284.0,1.0,-1.0,-1.0,0.9996862798937005,0.9695950480857485,0.0,0.023273014391360716,0.04895794632122607,0.07222755968169042
1803.0,1.0,5.0,4294967295.0,4294967295.0,1.0,0.01088615415663051,0.01173453553117432,1285.0,1.0,-1.0,-1.0,0.9996862798937005,0.9695950480857485,0.0,0.023273014391360716,0.04893693891744272,0.0721998858659487
1804.0,1.0,8.0,4294967295.0,4294967295.0,1.0,0.01088615415663051,0.01173453553117432,1286.0,0.0,-1.0,-1.0,0.9996862798937005,0.9695950480857485,0.0,0.023273014391360716,0.04891593151365937,0.07217220777433311
1805.0,1.0,8.0,4294967295.0,4294967295.0,1.0,0.010886154156630516,0.01173453553117432,1287.0,1.0,-1.0,-1.0,0.9996862798937005,0.9695950480857485,0.0,0.023273014391360716,0.04889492410987601,0.07214452540399219
1806.0,1.0,6.0,4294967295.0,4294967295.0,1.0,0.010886154156630516,0.011734535531174334,1288.0,3.0,-1.0,-1.0,0.9996862798937005,0.9695950480857485,0.0,0.023273014391360716,0.04887391670609266,0.07211683875207248
1807.0,1.0,9.0,4294967295.0,4294967295.0,1.0,0.010886154156630523,0.011734535531174341,1289.0,0.0,-1.0,-1.0,0.9996862798937005,0.9695950480857485,0.0,0.023273014391360716,0.0488529093023093,0.07208914781571861
1808.0,1.0,2.0,4294967295.0,4294967295.0,1.0,0.010886154156630523,0.011734535531174341,1290.0,1.0,-1.0,-1.0,0.9996862798937005,0.9695950480857485,0.0,0.023273014391360716,0.04883190189852595,0.07206145259207336
1809.0,1.0,7.0,4294967295.0,4294967295.0,1.0,0.01088615415663053,0.011734535531174348,1291.0,1.0,-1.0,-1.0,0.9996862798937005,0.9695950480857485,0.0,0.023273014391360716,0.0488108944947426,0.0720337530782776
1810.0,1.0,7.0,4294967295.0,4294967295.0,1.0,0.010886154156630537,0.011734535531174348,1292.0,0.0,-1.0,-1.0,0.9996862798937005,0.9695950480857485,0.0,0.023273014391360716,0.048789887090959244,0.07200604927147025
1811.0,1.0,6.0,4294967295.0,4294967295.0,1.0,0.010886154156630544,0.011734535531174348,1293.0,1.0,-1.0,-1.0,0.9996862798937005,0.9695950480857485,0.0,0.023273014391360716,0.0487688796871759,0.07197834116878837
1812.0,1.0,12.0,4294967295.0,4294967295.0,1.0,0.01088615415663055,0.011734535531174348,1294.0,1.0,-1.0,-1.0,0.9996862798937005,0.9695950480857485,0.0,0.023273014391360716,0.04874787228339255,0.07195062876736708
1813.0,1.0,8.0,4294967295.0,4294967295.0,1.0,0.01088615415663055,0.011734535531174355,1295.0,2.0,-1.0,-1.0,0.9996862798937005,0.9695950480857485,0.0,0.023273014391360716,0.04872686487960921,0.07192291206433958
1814.0,1.0,11.0,4294967295.0,4294967295.0,1.0,0.010886154156630558,0.01173453553117437,1296.0,0.0,-1.0,-1.0,0.9996862798937005,0.9695950480857485,0.0,0.023273014391360716,0.048705857475825856,0.07189519105683721
1815.0,1.0,6.0,4294967295.0,4294967295.0,1.0,0.010886154156630565,0.011734535531174383,1297.0,1.0,-1.0,-1.0,0.9996862798937005,0.9695950480857485,0.0,0.023273014391360716,0.048684850072042506,0.07186746574198935
1816.0,1.0,7.0,4294967295.0,4294967295.0,1.0,0.010886154156630572,0.01173453553117439,1298.0,0.0,-1.0,-1.0,0.9996862798937005,0.9695950480857485,0.0,0.023273014391360716,0.04866384266825916,0.07183973611692346
1817.0,1.0,5.0,4294967295.0,4294967295.0,1.0,0.010886154156630579,0.011734535531174397,1299.0,1.0,-1.0,-1.0,0.9996862798937005,0.9695950480857485,0.0,0.023273014391360716,0.048642835264475805,0.07181200217876513
1818.0,1.0,7.0,4294967295.0,4294967295.0,1.0,0.010886154156630579,0.011734535531174397,1300.0,0.0,-1.0,-1.0,0.9996862798937005,0.9695950480857485,0.0,0.023273014391360716,0.048621827860692454,0.07178426392463799
1819.0,1.0,6.0,4294967295.0,4294967295.0,1.0,0.010886154156630586,0.011734535531174404,1301.0,0.0,-1.0,-1.0,0.9996862798937005,0.9695950480857485,0.0,0.023273014391360716,0.0486008204569091,0.07175652135166377
1820.0,1.0,9.0,4294967295.0,4294967295.0,1.0,0.010886154156630586,0.011734535531174404,1302.0,0.0,-1.0,-1.0,0.9996862798937005,0.9695950480857485,0.0,0.023273014391360716,0.04857981305312574,0.07172877445696228
1821.0,1.0,3.0,4294967295.0,4294967295.0,1.0,0.010886154156630586,0.01173453553117441,1303.0,0.0,-1.0,-1.0,0.9996862798937005,0.9695950480857485,0.0,0.023273014391360716,0.04855880564934239,0.07170102323765142
1822.0,1.0,6.0,4294967295.0,4294967295.0,1.0,0.010886154156630592,0.011734535531174418,1304.0,0.0,-1.0,-1.0,0.9996862798937005,0.9695950480857485,0.0,0.023273014391360716,0.04853779824555903,0.07167326769084711
1823.0,1.0,10.0,4294967295.0,4294967295.0,1.0,0.010886154156630592,0.011734535531174418,1305.0,0.0,-1.0,-1.0,0.9996862798937005,0.9695950480857485,0.0,0.023273014391360716,0.04851679084177568,0.07164550781366347
1824.0,1.0,5.0,4294967295.0,4294967295.0,1.0,0.0108861541566306,0.011734535531174425,1306.0,1.0,-1.0,-1.0,0.9996862798937005,0.9695950480857485,0.0,0.023273014391360716,0.04849578343799233,0.07161774360321255
1825.0,1.0,7.0,4294967295.0,4294967295.0,1.0,0.0108861541566306,0.011734535531174425,1307.0,0.0,-1.0,-1.0,0.9996862798937005,0.9695950480857485,0.0,0.023273014391360716,0.04847477603420898,0.07158997505660457
1826.0,1.0,5.0,4294967295.0,4294967295.0,1.0,0.0108861541566306,0.011734535531174425,1308.0,0.0,-1.0,-1.0,0.9996862798937005,0.9695950480857485,0.0,0.023273014391360716,0.04845376863042564,0.0715622021709478
1827.0,1.0,4.0,4294967295.0,4294967295.0,1.0,0.010886154156630606,0.011734535531174425,1309.0,0.0,-1.0,-1.0,0.9996862798937005,0.9695950480857485,0.0,0.023273014391360716,0.048432761226642286,0.07153442494334858
1828.0,1.0,3.0,4294967295.0,4294967295.0,1.0,0.010886154156630613,0.011734535531174425,1310.0,0.0,-1.0,-1.0,0.9996862798937005,0.9695950480857485,0.0,0.023273014391360716,0.04841175382285894,0.07150664337091128
1829.0,1.0,4.0,4294967295.0,4294967295.0,1.0,0.01088615415663062,0.011734535531174432,1311.0,1.0,-1.0,-1.0,0.9996862798937005,0.9695950480857485,0.0,0.023273014391360716,0.048390746419075585,0.07147885745073843
1830.0,1.0,10.0,4294967295.0,4294967295.0,1.0,0.01088615415663062,0.011734535531174446,1312.0,0.0,-1.0,-1.0,0.9996862798937005,0.9695950480857485,0.0,0.023273014391360716,0.04836973901529223,0.07145106717993052
1831.0,1.0,9.0,4294967295.0,4294967295.0,1.0,0.01088615415663062,0.011734535531174446,1313.0,1.0,-1.0,-1.0,0.9996862798937005,0.9695950480857485,0.0,0.023273014391360716,0.04834873161150888,0.0714232725555862
1832.0,1.0,10.0,4294967295.0,4294967295.0,1.0,0.010886154156630627,0.011734535531174446,1314.0,0.0,-1.0,-1.0,0.9996862798937005,0.9695950480857485,0.0,0.023273014391360716,0.04832772420772552,0.07139547357480211
1833.0,1.0,5.0,4294967295.0,4294967295.0,1.0,0.010886154156630634,0.011734535531174452,1315.0,0.0,-1.0,-1.0,0.9996862798937005,0.9695950480857485,0.0,0.023273014391360716,0.048306716803942176,0.071367670234673
1834.0,1.0,3.0,4294967295.0,4294967295.0,1.0,0.010886154156630641,0.011734535531174452,1316.0,2.0,-1.0,-1.0,0.9996862798937005,0.9695950480857485,0.0,0.023273014391360716,0.04828570940015882,0.0713398625322917
1835.0,1.0,7.0,4294967295.0,4294967295.0,1.0,0.010886154156630641,0.011734535531174466,1317.0,1.0,-1.0,-1.0,0.9996862798937005,0.9695950480857485,0.0,0.023273014391360716,0.04826470199637547,0.07131205046474905
1836.0,1.0,3.0,4294967295.0,4294967295.0,1.0,0.010886154156630648,0.011734535531174466,1318.0,0.0,-1.0,-1.0,0.9996862798937005,0.9695950480857485,0.0,0.023273014391360716,0.04824369459259212,0.07128423402913396
1837.0,1.0,3.0,4294967295.0,4294967295.0,1.0,0.010886154156630648,0.011734535531174473,1319.0,1.0,-1.0,-1.0,0.9996862798937005,0.9695950480857485,0.0,0.023273014391360716,0.04822268718880877,0.07125641322253343
1838.0,1.0,6.0,4294967295.0,4294967295.0,1.0,0.010886154156630655,0.011734535531174473,1320.0,1.0,-1.0,-1.0,0.9996862798937005,0.9695950480857485,0.0,0.023273014391360716,0.04820167978502543,0.0712285880420325
1839.0,1.0,6.0,4294967295.0,4294967295.0,1.0,0.010886154156630669,0.01173453553117448,1321.0,0.0,-1.0,-1.0,0.9996862798937005,0.9695950480857485,0.0,0.023273014391360716,0.04818067238124208,0.07120075848471424
1840.0,1.0,7.0,4294967295.0,4294967295.0,1.0,0.010886154156630669,0.011734535531174487,1322.0,1.0,-1.0,-1.0,0.9996862798937005,0.9695950480857485,0.0,0.023273014391360716,0.04815966497745873,0.07117292454765982
1841.0,1.0,3.0,4294967295.0,4294967295.0,1.0,0.010886154156630676,0.011734535531174494,1323.0,0.0,-1.0,-1.0,0.9996862798937005,0.9695950480857485,0.0,0.023273014391360716,0.04813865757367537,0.07114508622794845
1842.0,1.0,4.0,4294967295.0,4294967295.0,1.0,0.010886154156630676,0.011734535531174494,1324.0,1.0,-1.0,-1.0,0.9996862798937005,0.9695950480857485,0.0,0.023273014391360716,0.048117650169892015,0.07111724352265736
1843.0,1.0,5.0,4294967295.0,4294967295.0,1.0,0.010886154156630676,0.011734535531174494,1325.0,0.0,-1.0,-1.0,0.9996862798937005,0.9695950480857485,0.0,0.023273014391360716,0.048096642766108665,0.07108939642886186
1844.0,1.0,4.0,4294967295.0,4294967295.0,1.0,0.010886154156630683,0.011734535531174501,1326.0,0.0,-1.0,-1.0,0.9996862798937005,0.9695950480857485,0.0,0.023273014391360716,0.04807563536232531,0.07106154494363533
1845.0,1.0,8.0,4294967295.0,4294967295.0,1.0,0.010886154156630683,0.011734535531174501,1327.0,0.0,-1.0,-1.0,0.9996862798937005,0.9695950480857485,0.0,0.023273014391360716,0.04805462795854196,0.07103368906404914
1846.0,1.0,4.0,4294967295.0,4294967295.0,1.0,0.01088615415663069,0.011734535531174508,1328.0,2.0,-1.0,-1.0,0.9996862798937005,0.9695950480857485,0.0,0.023273014391360716,0.0480336205547586,0.07100582878717276
1847.0,1.0,9.0,4294967295.0,4294967295.0,1.0,0.01088615415663069,0.011734535531174508,1329.0,0.0,-1.0,-1.0,0.9996862798937005,0.9695950480857485,0.0,0.023273014391360716,0.04801261315097525,0.07097796411007368
1848.0,1.0,3.0,4294967295.0,4294967295.0,1.0,0.010886154156630697,0.011734535531174515,1330.0,2.0,-1.0,-1.0,0.9996862798937005,0.9695950480857485,0.0,0.023273014391360716,0.047991605747191905,0.07095009502981744
1849.0,1.0,9.0,4294967295.0,4294967295.0,1.0,0.010886154156630704,0.011734535531174522,1331.0,1.0,-1.0,-1.0,0.9996862798937005,0.9695950480857485,0.0,0.023273014391360716,0.047970598343408555,0.07092222154346761
1850.0,1.0,9.0,4294967295.0,4294967295.0,1.0,0.010886154156630704,0.011734535531174522,1332.0,0.0,-1.0,-1.0,0.9996862798937005,0.9695950480857485,0.0,0.023273014391360716,0.04794959093962521,0.07089434364808586
1851.0,1.0,2.0,4294967295.0,4294967295.0,1.0,0.010886154156630717,0.011734535531174529,1333.0,0.0,-1.0,-1.0,0.9996862798937005,0.9695950480857485,0.0,0.023273014391360716,0.04792858353584186,0.0708664613407318
1852.0,1.0,9.0,4294967295.0,4294967295.0,1.0,0.010886154156630717,0.01173453553117455,1334.0,1.0,-1.0,-1.0,0.9996862798937005,0.9695950480857485,0.0,0.023273014391360716,0.04790757613205851,0.07083857461846317
1853.0,1.0,4.0,4294967295.0,4294967295.0,1.0,0.010886154156630724,0.01173453553117455,1335.0,0.0,-1.0,-1.0,0.9996862798937005,0.9695950480857485,0.0,0.023273014391360716,0.04788656872827516,0.07081068347833569
1854.0,1.0,4.0,4294967295.0,4294967295.0,1.0,0.010886154156630731,0.01173453553117455,1336.0,0.0,-1.0,-1.0,0.9996862798937005,0.9695950480857485,0.0,0.023273014391360716,0.0478655613244918,0.07078278791740317
1855.0,1.0,4.0,4294967295.0,4294967295.0,1.0,0.010886154156630738,0.011734535531174557,1337.0,1.0,-1.0,-1.0,0.9996862798937005,0.9695950480857485,0.0,0.023273014391360716,0.04784455392070846,0.07075488793271739
1856.0,1.0,8.0,4294967295.0,4294967295.0,1.0,0.010886154156630745,0.011734535531174557,1338.0,0.0,-1.0,-1.0,0.9996862798937005,0.9695950480857485,0.0,0.023273014391360716,0.0478235465169251,0.07072698352132821
1857.0,1.0,9.0,4294967295.0,4294967295.0,1.0,0.010886154156630745,0.011734535531174557,1339.0,0.0,-1.0,-1.0,0.9996862798937005,0.9695950480857485,0.0,0.023273014391360716,0.04780253911314175,0.07069907468028352
1858.0,1.0,7.0,4294967295.0,4294967295.0,1.0,0.010886154156630752,0.011734535531174557,1340.0,1.0,-1.0,-1.0,0.9996862798937005,0.9695950480857485,0.0,0.023273014391360716,0.047781531709358394,0.07067116140662921
1859.0,1.0,8.0,4294967295.0,4294967295.0,1.0,0.010886154156630752,0.011734535531174563,1341.0,0.0,-1.0,-1.0,0.9996862798937005,0.9695950480857485,0.0,0.023273014391360716,0.047760524305575036,0.07064324369740926
1860.0,1.0,7.0,4294967295.0,4294967295.0,1.0,0.010886154156630752,0.011734535531174563,1342.0,0.0,-1.0,-1.0,0.9996862798937005,0.9695950480857485,0.0,0.023273014391360716,0.04773951690179169,0.0706153215496656
1861.0,1.0,7.0,4294967295.0,4294967295.0,1.0,0.010886154156630759,0.011734535531174563,1343.0,1.0,-1.0,-1.0,0.9996862798937005,0.9695950480857485,0.0,0.023273014391360716,0.04771850949800834,0.07058739496043825
1862.0,1.0,5.0,4294967295.0,4294967295.0,1.0,0.010886154156630759,0.011734535531174577,1344.0,0.0,-1.0,-1.0,0.9996862798937005,0.9695950480857485,0.0,0.023273014391360716,0.047697502094225,0.07055946392676524
1863.0,1.0,8.0,4294967295.0,4294967295.0,1.0,0.010886154156630773,0.011734535531174577,1345.0,1.0,-1.0,-1.0,0.9996862798937005,0.9695950480857485,0.0,0.023273014391360716,0.04767649469044165,0.07053152844568258
1864.0,1.0,5.0,4294967295.0,4294967295.0,1.0,0.010886154156630773,0.011734535531174584,1346.0,1.0,-1.0,-1.0,0.9996862798937005,0.9695950480857485,0.0,0.023273014391360716,0.04765548728665829,0.07050358851422439
1865.0,1.0,11.0,4294967295.0,4294967295.0,1.0,0.010886154156630773,0.011734535531174598,1347.0,0.0,-1.0,-1.0,0.9996862798937005,0.9695950480857485,0.0,0.023273014391360716,0.04763447988287494,0.07047564412942273
1866.0,1.0,7.0,4294967295.0,4294967295.0,1.0,0.01088615415663078,0.011734535531174598,1348.0,0.0,-1.0,-1.0,0.9996862798937005,0.9695950480857485,0.0,0.023273014391360716,0.04761347247909158,0.07044769528830774
1867.0,1.0,3.0,4294967295.0,4294967295.0,1.0,0.01088615415663078,0.011734535531174598,1349.0,0.0,-1.0,-1.0,0.9996862798937005,0.9695950480857485,0.0,0.023273014391360716,0.04759246507530823,0.07041974198790751
1868.0,1.0,0.0,4294967295.0,4294967295.0,1.0,0.010886154156630787,0.011734535531174598,1350.0,0.0,-1.0,-1.0,0.867541277643506,0.06874293104515919,0.0,0.023273014391360716,0.04699502937229786,0.06461836655071138
1869.0,1.0,6.0,4294967295.0,4294967295.0,1.0,0.010886154156630787,0.011734535531174598,1351.0,2.0,-1.0,-1.0,0.9996811680298321,0.9730334464906178,0.0,0.023273014391360716,0.047552643090768634,0.07036359872731297
1870.0,1.0,9.0,4294967295.0,4294967295.0,1.0,0.010886154156630787,0.011734535531174605,1352.0,0.0,-1.0,-1.0,0.999686279757283,0.9696008543925715,0.0,0.023273014391360716,0.04752944658186803,0.07033585529529077
1871.0,1.0,2.0,4294967295.0,4294967295.0,1.0,0.010886154156630794,0.011734535531174612,1353.0,0.0,-1.0,-1.0,0.999686279893697,0.9695950435186619,0.0,0.023273014391360716,0.04750843545725693,0.07030788413394772
1872.0,1.0,6.0,4294967295.0,4294967295.0,1.0,0.0108861541566308,0.011734535531174619,1354.0,0.0,-1.0,-1.0,0.9996862798937004,0.9695950480830628,0.0,0.023273014391360716,0.04748742805638975,0.0702799084924742
1873.0,1.0,4.0,4294967295.0,4294967295.0,1.0,0.010886154156630808,0.011734535531174619,1355.0,0.0,-1.0,-1.0,0.9996862798937005,0.969595048085753,0.0,0.023273014391360716,0.047466420652608136,0.07025192837384246
1874.0,1.0,5.0,4294967295.0,4294967295.0,1.0,0.010886154156630815,0.011734535531174619,1356.0,0.0,-1.0,-1.0,0.9996862798937005,0.9695950480857485,0.0,0.023273014391360716,0.047445413248824786,0.07022394377506688
1875.0,1.0,6.0,4294967295.0,4294967295.0,1.0,0.010886154156630828,0.011734535531174619,1357.0,0.0,-1.0,-1.0,0.9996862798937005,0.9695950480857485,0.0,0.023273014391360716,0.047424405845041435,0.0701959546931597
1876.0,1.0,3.0,4294967295.0,4294967295.0,1.0,0.010886154156630828,0.011734535531174626,1358.0,0.0,-1.0,-1.0,0.9996862798937005,0.9695950480857485,0.0,0.023273014391360716,0.04740339844125808,0.07016796112513117
1877.0,1.0,4.0,4294967295.0,4294967295.0,1.0,0.010886154156630835,0.01173453553117464,1359.0,1.0,-1.0,-1.0,0.9996862798937005,0.9695950480857485,0.0,0.023273014391360716,0.047382391037474735,0.07013996306798956
1878.0,1.0,3.0,4294967295.0,4294967295.0,1.0,0.010886154156630842,0.011734535531174647,1360.0,0.0,-1.0,-1.0,0.9996862798937005,0.9695950480857485,0.0,0.023273014391360716,0.04736138363369138,0.0701119605187411
1879.0,1.0,5.0,4294967295.0,4294967295.0,1.0,0.010886154156630842,0.011734535531174647,1361.0,1.0,-1.0,-1.0,0.9996862798937005,0.9695950480857485,0.0,0.023273014391360716,0.04734037622990803,0.07008395347439007
1880.0,1.0,14.0,4294967295.0,4294967295.0,1.0,0.01088615415663085,0.011734535531174654,1362.0,1.0,-1.0,-1.0,0.9996862798937005,0.9695950480857485,0.0,0.023273014391360716,0.04731936882612467,0.07005594193193876
1881.0,1.0,11.0,4294967295.0,4294967295.0,1.0,0.01088615415663085,0.011734535531174654,1363.0,0.0,-1.0,-1.0,0.9996862798937005,0.9695950480857485,0.0,0.023273014391360716,0.04729836142234131,0.07002792588838738
1882.0,1.0,4.0,4294967295.0,4294967295.0,1.0,0.01088615415663085,0.011734535531174654,1364.0,0.0,-1.0,-1.0,0.9996862798937005,0.9695950480857485,0.0,0.023273014391360716,0.04727735401855796,0.06999990534073425
1883.0,1.0,4.0,4294967295.0,4294967295.0,1.0,0.010886154156630856,0.01173453553117466,1365.0,0.0,-1.0,-1.0,0.9996862798937005,0.9695950480857485,0.0,0.023273014391360716,0.047256346614774604,0.06997188028597562
1884.0,1.0,9.0,4294967295.0,4294967295.0,1.0,0.010886154156630856,0.01173453553117466,1366.0,0.0,-1.0,-1.0,0.9996862798937005,0.9695950480857485,0.0,0.023273014391360716,0.04723533921099126,0.06994385072110572
1885.0,1.0,7.0,4294967295.0,4294967295.0,1.0,0.010886154156630863,0.011734535531174668,1367.0,1.0,-1.0,-1.0,0.9996862798937005,0.9695950480857485,0.0,0.023273014391360716,0.04721433180720791,0.06991581664311686
1886.0,1.0,10.0,4294967295.0,4294967295.0,1.0,0.010886154156630863,0.011734535531174668,1368.0,0.0,-1.0,-1.0,0.9996862798937005,0.9695950480857485,0.0,0.023273014391360716,0.04719332440342456,0.06988777804899923
1887.0,1.0,5.0,4294967295.0,4294967295.0,1.0,0.01088615415663087,0.011734535531174681,1369.0,2.0,-1.0,-1.0,0.9996862798937005,0.9695950480857485,0.0,0.023273014391360716,0.047172316999641216,0.06985973493574113
1888.0,1.0,7.0,4294967295.0,4294967295.0,1.0,0.010886154156630877,0.011734535531174688,1370.0,1.0,-1.0,-1.0,0.9996862798937005,0.9695950480857485,0.0,0.023273014391360716,0.04715130959585786,0.06983168730032877
1889.0,1.0,3.0,4294967295.0,4294967295.0,1.0,0.010886154156630877,0.011734535531174688,1371.0,1.0,-1.0,-1.0,0.9996862798937005,0.9695950480857485,0.0,0.023273014391360716,0.04713030219207451,0.06980363513974636
1890.0,1.0,3.0,4294967295.0,4294967295.0,1.0,0.010886154156630884,0.011734535531174702,1372.0,1.0,-1.0,-1.0,0.9996862798937005,0.9695950480857485,0.0,0.023273014391360716,0.04710929478829115,0.06977557845097612
1891.0,1.0,8.0,4294967295.0,4294967295.0,1.0,0.010886154156630884,0.011734535531174702,1373.0,0.0,-1.0,-1.0,0.9996862798937005,0.9695950480857485,0.0,0.023273014391360716,0.0470882873845078,0.06974751723099828
1892.0,1.0,11.0,4294967295.0,4294967295.0,1.0,0.01088615415663089,0.01173453553117471,1374.0,1.0,-1.0,-1.0,0.9996862798937005,0.9695950480857485,0.0,0.023273014391360716,0.04706727998072445,0.06971945147679101
1893.0,1.0,5.0,4294967295.0,4294967295.0,1.0,0.010886154156630898,0.011734535531174723,1375.0,0.0,-1.0,-1.0,0.9996862798937005,0.9695950480857485,0.0,0.023273014391360716,0.04704627257694109,0.0696913811853305
1894.0,1.0,9.0,4294967295.0,4294967295.0,1.0,0.010886154156630905,0.011734535531174723,1376.0,0.0,-1.0,-1.0,0.9996862798937005,0.9695950480857485,0.0,0.023273014391360716,0.04702526517315775,0.06966330635359086
1895.0,1.0,11.0,4294967295.0,4294967295.0,1.0,0.010886154156630912,0.01173453553117473,1377.0,0.0,-1.0,-1.0,0.9996862798937005,0.9695950480857485,0.0,0.023273014391360716,0.04700425776937439,0.06963522697854425
1896.0,1.0,9.0,4294967295.0,4294967295.0,1.0,0.010886154156630912,0.01173453553117473,1378.0,0.0,-1.0,-1.0,0.9996862798937005,0.9695950480857485,0.0,0.023273014391360716,0.04698325036559104,0.06960714305716081
1897.0,1.0,3.0,4294967295.0,4294967295.0,1.0,0.010886154156630919,0.011734535531174744,1379.0,0.0,-1.0,-1.0,0.9996862798937005,0.9695950480857485,0.0,0.023273014391360716,0.04696224296180769,0.06957905458640862
1898.0,1.0,4.0,4294967295.0,4294967295.0,1.0,0.010886154156630919,0.011734535531174744,1380.0,0.0,-1.0,-1.0,0.9996862798937005,0.9695950480857485,0.0,0.023273014391360716,0.04694123555802434,0.06955096156325377
1899.0,1.0,2.0,4294967295.0,4294967295.0,1.0,0.010886154156630926,0.011734535531174758,1381.0,2.0,-1.0,-1.0,0.9996862798937005,0.9695950480857485,0.0,0.023273014391360716,0.046920228154241,0.06952286398466029
1900.0,1.0,7.0,4294967295.0,4294967295.0,1.0,0.010886154156630932,0.011734535531174765,1382.0,2.0,-1.0,-1.0,0.9996862798937005,0.9695950480857485,0.0,0.023273014391360716,0.046899220750457646,0.06949476184759021
1901.0,1.0,9.0,4294967295.0,4294967295.0,1.0,0.010886154156630932,0.011734535531174772,1383.0,0.0,-1.0,-1.0,0.9996862798937005,0.9695950480857485,0.0,0.023273014391360716,0.046878213346674295,0.06946665514900358
1902.0,1.0,7.0,4294967295.0,4294967295.0,1.0,0.01088615415663094,0.011734535531174772,1384.0,0.0,-1.0,-1.0,0.9996862798937005,0.9695950480857485,0.0,0.023273014391360716,0.04685720594289094,0.06943854388585832
1903.0,1.0,6.0,4294967295.0,4294967295.0,1.0,0.01088615415663094,0.011734535531174779,1385.0,0.0,-1.0,-1.0,0.9996862798937005,0.9695950480857485,0.0,0.023273014391360716,0.04683619853910758,0.06941042805511038
1904.0,1.0,3.0,4294967295.0,4294967295.0,1.0,0.01088615415663094,0.011734535531174779,1386.0,2.0,-1.0,-1.0,0.9996862798937005,0.9695950480857485,0.0,0.023273014391360716,0.04681519113532423,0.0693823076537137
1905.0,1.0,9.0,4294967295.0,4294967295.0,1.0,0.010886154156630946,0.011734535531174792,1387.0,0.0,-1.0,-1.0,0.9996862798937005,0.9695950480857485,0.0,0.023273014391360716,0.04679418373154087,0.06935418267862016
1906.0,1.0,13.0,4294967295.0,4294967295.0,1.0,0.010886154156630946,0.0117345355311748,1388.0,0.0,-1.0,-1.0,0.9996862798937005,0.9695950480857485,0.0,0.023273014391360716,0.04677317632775752,0.0693260531267796
1907.0,1.0,3.0,4294967295.0,4294967295.0,1.0,0.010886154156630953,0.0117345355311748,1389.0,0.0,-1.0,-1.0,0.9996862798937005,0.9695950480857485,0.0,0.023273014391360716,0.046752168923974165,0.06929791899513985
1908.0,1.0,3.0,4294967295.0,4294967295.0,1.0,0.010886154156630953,0.011734535531174806,1390.0,0.0,-1.0,-1.0,0.9996862798937005,0.9695950480857485,0.0,0.023273014391360716,0.046731161520190814,0.0692697802806467
1909.0,1.0,10.0,4294967295.0,4294967295.0,1.0,0.01088615415663096,0.01173453553117482,1391.0,1.0,-1.0,-1.0,0.9996862798937005,0.9695950480857485,0.0,0.023273014391360716,0.04671015411640747,0.06924163698024388
1910.0,1.0,8.0,4294967295.0,4294967295.0,1.0,0.010886154156630967,0.011734535531174827,1392.0,0.0,-1.0,-1.0,0.9996862798937005,0.9695950480857485,0.0,0.023273014391360716,0.04668914671262412,0.06921348909087308
1911.0,1.0,8.0,4294967295.0,4294967295.0,1.0,0.010886154156630974,0.011734535531174827,1393.0,0.0,-1.0,-1.0,0.9996862798937005,0.9695950480857485,0.0,0.023273014391360716,0.046668139308840784,0.06918533660947401
1912.0,1.0,1.0,4294967295.0,4294967295.0,1.0,0.010886154156630981,0.011734535531174827,1394.0,1.0,-1.0,-1.0,0.9996862798937005,0.9695950480857485,0.0,0.023273014391360716,0.046647131905057426,0.06915717953298428
1913.0,1.0,9.0,4294967295.0,4294967295.0,1.0,0.010886154156630981,0.011734535531174827,1395.0,2.0,-1.0,-1.0,0.9996862798937005,0.9695950480857485,0.0,0.023273014391360716,0.046626124501274076,0.06912901785833947
1914.0,1.0,4.0,4294967295.0,4294967295.0,1.0,0.010886154156630988,0.011734535531174827,1396.0,1.0,-1.0,-1.0,0.9996862798937005,0.9695950480857485,0.0,0.023273014391360716,0.046605117097490725,0.06910085158247312
1915.0,1.0,6.0,4294967295.0,4294967295.0,1.0,0.010886154156630995,0.011734535531174834,1397.0,1.0,-1.0,-1.0,0.9996862798937005,0.9695950480857485,0.0,0.023273014391360716,0.04658410969370737,0.06907268070231673
1916.0,1.0,7.0,4294967295.0,4294967295.0,1.0,0.010886154156631002,0.011734535531174841,1398.0,1.0,-1.0,-1.0,0.9996862798937005,0.9695950480857485,0.0,0.023273014391360716,0.046563102289924024,0.06904450521479974
1917.0,1.0,2.0,4294967295.0,4294967295.0,1.0,0.010886154156631009,0.011734535531174848,1399.0,0.0,-1.0,-1.0,0.9996862798937005,0.9695950480857485,0.0,0.023273014391360716,0.04654209488614067,0.06901632511684958
1918.0,1.0,5.0,4294967295.0,4294967295.0,1.0,0.010886154156631009,0.011734535531174855,1400.0,0.0,-1.0,-1.0,0.9996862798937005,0.9695950480857485,0.0,0.023273014391360716,0.046521087482357316,0.06898814040539158
1919.0,1.0,7.0,4294967295.0,4294967295.0,1.0,0.010886154156631016,0.011734535531174862,1401.0,1.0,-1.0,-1.0,0.9996862798937005,0.9695950480857485,0.0,0.023273014391360716,0.04650008007857396,0.06895995107734904
1920.0,1.0,3.0,4294967295.0,4294967295.0,1.0,0.010886154156631016,0.011734535531174862,1402.0,0.0,-1.0,-1.0,0.9996862798937005,0.9695950480857485,0.0,0.023273014391360716,0.0464790726747906,0.06893175712964321
1921.0,1.0,5.0,4294967295.0,4294967295.0,1.0,0.010886154156631016,0.011734535531174862,1403.0,1.0,-1.0,-1.0,0.9996862798937005,0.9695950480857485,0.0,0.023273014391360716,0.04645806527100726,0.0689035585591933
1922.0,1.0,7.0,4294967295.0,4294967295.0,1.0,0.010886154156631023,0.011734535531174862,1404.0,1.0,-1.0,-1.0,0.9996862798937005,0.9695950480857485,0.0,0.023273014391360716,0.04643705786722391,0.06887535536291646
1923.0,1.0,7.0,4294967295.0,4294967295.0,1.0,0.010886154156631023,0.011734535531174869,1405.0,1.0,-1.0,-1.0,0.9996862798937005,0.9695950480857485,0.0,0.023273014391360716,0.046416050463440564,0.06884714753772776
1924.0,1.0,11.0,4294967295.0,4294967295.0,1.0,0.01088615415663103,0.011734535531174869,1406.0,1.0,-1.0,-1.0,0.9996862798937005,0.9695950480857485,0.0,0.023273014391360716,0.04639504305965721,0.06881893508054024
1925.0,1.0,11.0,4294967295.0,4294967295.0,1.0,0.01088615415663103,0.011734535531174869,1407.0,2.0,-1.0,-1.0,0.9996862798937005,0.9695950480857485,0.0,0.023273014391360716,0.04637403565587385,0.06879071798826486
1926.0,1.0,7.0,4294967295.0,4294967295.0,1.0,0.01088615415663103,0.011734535531174876,1408.0,0.0,-1.0,-1.0,0.9996862798937005,0.9695950480857485,0.0,0.023273014391360716,0.0463530282520905,0.06876249625781056
1927.0,1.0,7.0,4294967295.0,4294967295.0,1.0,0.010886154156631037,0.01173453553117489,1409.0,1.0,-1.0,-1.0,0.9996862798937005,0.9695950480857485,0.0,0.023273014391360716,0.04633202084830714,0.06873426988608414
1928.0,1.0,8.0,4294967295.0,4294967295.0,1.0,0.010886154156631037,0.011734535531174897,1410.0,1.0,-1.0,-1.0,0.9996862798937005,0.9695950480857485,0.0,0.023273014391360716,0.04631101344452379,0.06870603886999044
1929.0,1.0,10.0,4294967295.0,4294967295.0,1.0,0.010886154156631044,0.011734535531174897,1411.0,1.0,-1.0,-1.0,0.9996862798937005,0.9695950480857485,0.0,0.023273014391360716,0.04629000604074043,0.06867780320643213
1930.0,1.0,10.0,4294967295.0,4294967295.0,1.0,0.010886154156631044,0.011734535531174903,1412.0,0.0,-1.0,-1.0,0.9996862798937005,0.9695950480857485,0.0,0.023273014391360716,0.04626899863695708,0.06864956289230992
1931.0,1.0,4.0,4294967295.0,4294967295.0,1.0,0.01088615415663105,0.011734535531174903,1413.0,2.0,-1.0,-1.0,0.9996862798937005,0.9695950480857485,0.0,0.023273014391360716,0.046247991233173726,0.06862131792452236
1932.0,1.0,6.0,4294967295.0,4294967295.0,1.0,0.01088615415663105,0.011734535531174917,1414.0,2.0,-1.0,-1.0,0.9996862798937005,0.9695950480857485,0.0,0.023273014391360716,0.04622698382939037,0.06859306829996598
1933.0,1.0,8.0,4294967295.0,4294967295.0,1.0,0.010886154156631057,0.011734535531174924,1415.0,2.0,-1.0,-1.0,0.9996862798937005,0.9695950480857485,0.0,0.023273014391360716,0.04620597642560703,0.06856481401553526
1934.0,1.0,11.0,4294967295.0,4294967295.0,1.0,0.010886154156631064,0.011734535531174931,1416.0,0.0,-1.0,-1.0,0.9996862798937005,0.9695950480857485,0.0,0.023273014391360716,0.04618496902182368,0.06853655506812253
1935.0,1.0,3.0,4294967295.0,4294967295.0,1.0,0.010886154156631064,0.011734535531174938,1417.0,1.0,-1.0,-1.0,0.9996862798937005,0.9695950480857485,0.0,0.023273014391360716,0.04616396161804034,0.06850829145461818
1936.0,1.0,9.0,4294967295.0,4294967295.0,1.0,0.010886154156631071,0.011734535531174938,1418.0,0.0,-1.0,-1.0,0.9996862798937005,0.9695950480857485,0.0,0.023273014391360716,0.04614295421425698,0.06848002317191035
1937.0,1.0,2.0,4294967295.0,4294967295.0,1.0,0.010886154156631071,0.011734535531174945,1419.0,0.0,-1.0,-1.0,0.9996862798937005,0.9695950480857485,0.0,0.023273014391360716,0.04612194681047362,0.06845175021688527
1938.0,1.0,0.0,4294967295.0,4294967295.0,1.0,0.010886154156631078,0.011734535531174945,1420.0,0.0,-1.0,-1.0,0.867541277643506,0.06874293104515919,0.0,0.023273014391360716,0.04552451110746325,0.06277698361876735
1939.0,1.0,0.0,4294967295.0,4294967295.0,2.0,0.010886154156631071,0.011734535531174945,1421.0,0.0,-1.0,-1.0,0.014204893595178028,0.008388570143134403,0.0,0.023273014391360716,0.026299915311506508,0.046078751818888875
1941.0,2.0,0.0,4294967295.0,4294967295.0,2.0,0.01088466876918337,0.011733891651384224,1422.0,0.0,-1.0,-1.0,8.322821131341495e-05,0.008247717015336387,32.0,0.023273014391360716,0.02566721323727845,0.0460353477554747
1943.0,2.0,0.0,4294967295.0,4294967295.0,2.0,0.010883192847991947,0.011733866009280051,1423.0,0.0,-1.0,-1.0,8.315965605345438e-05,0.00824771634159882,32.0,0.023273014391360716,0.02563875002227868,0.045992302668610804
1945.0,2.0,0.0,4294967295.0,4294967295.0,2.0,0.010881716926845801,0.01173384037016062,1424.0,0.0,-1.0,-1.0,8.315965572534506e-05,0.0082477163415956,32.0,0.023273014391360716,0.025610308523962698,0.04594925758346513
1947.0,2.0,0.0,4294967295.0,4294967295.0,2.0,0.010880241005699648,0.011733814731041209,1425.0,0.0,-1.0,-1.0,8.315965572534348e-05,0.0082477163415956,32.0,0.023273014391360716,0.02558188583607995,0.045906212498319485
1949.0,2.0,0.0,4294967295.0,4294967295.0,2.0,0.010878765084553495,0.011733789091921801,1426.0,0.0,-1.0,-1.0,8.315965572534348e-05,0.0082477163415956,32.0,0.023273014391360716,0.02555348198371369,0.04586316741317383
1951.0,2.0,0.0,4294967295.0,4294967295.0,2.0,0.010877289163407348,0.011733763452802397,1427.0,0.0,-1.0,-1.0,8.315965572534348e-05,0.0082477163415956,32.0,0.023273014391360716,0.025525096991994692,0.04582012232802818
1953.0,2.0,0.0,4294967295.0,4294967295.0,2.0,0.010875813242261202,0.011733737813682994,1428.0,0.0,-1.0,-1.0,8.315965572534348e-05,0.0082477163415956,32.0,0.023273014391360716,0.02549673088608726,0.045777077242882526
1955.0,2.0,0.0,4294967295.0,4294967295.0,2.0,0.010874337321115056,0.011733712174563586,1429.0,0.0,-1.0,-1.0,8.315965572534348e-05,0.0082477163415956,32.0,0.023273014391360716,0.025468383691189277,0.04573403215773687
1957.0,2.0,0.0,4294967295.0,4294967295.0,2.0,0.010872861399968903,0.011733686535444193,1430.0,0.0,-1.0,-1.0,8.315965572534348e-05,0.0082477163415956,32.0,0.023273014391360716,0.025440055432532225,0.04569098707259122
1959.0,2.0,0.0,4294967295.0,4294967295.0,2.0,0.010871385478822757,0.011733660896324792,1431.0,0.0,-1.0,-1.0,8.315965572534348e-05,0.0082477163415956,32.0,0.023273014391360716,0.025411746135381275,0.045647941987445574
1961.0,2.0,0.0,4294967295.0,4294967295.0,2.0,0.010869909557676603,0.011733635257205399,1432.0,0.0,-1.0,-1.0,8.315965572534348e-05,0.0082477163415956,32.0,0.023273014391360716,0.025383455825035296,0.04560489690229992
1963.0,2.0,0.0,4294967295.0,4294967295.0,2.0,0.010868433636530443,0.011733609618086015,1433.0,0.0,-1.0,-1.0,8.315965572534348e-05,0.0082477163415956,32.0,0.023273014391360716,0.02535518452682691,0.04556185181715426
1965.0,2.0,0.0,4294967295.0,4294967295.0,2.0,0.010866957715384304,0.011733583978966618,1434.0,0.0,-1.0,-1.0,8.315965572534348e-05,0.0082477163415956,32.0,0.023273014391360716,0.02532693226612255,0.0455188067320086
1967.0,2.0,0.0,4294967295.0,4294967295.0,2.0,0.010865481794238165,0.011733558339847235,1435.0,0.0,-1.0,-1.0,8.315965572534348e-05,0.0082477163415956,32.0,0.023273014391360716,0.025298699068322474,0.04547576164686294
1969.0,2.0,0.0,4294967295.0,4294967295.0,2.0,0.010864005873092011,0.011733532700727849,1436.0,0.0,-1.0,-1.0,8.315965572534348e-05,0.0082477163415956,32.0,0.023273014391360716,0.02527048495886084,0.04543271656171728
1971.0,2.0,0.0,4294967295.0,4294967295.0,2.0,0.010862529951945865,0.011733507061608469,1437.0,0.0,-1.0,-1.0,8.315965572534348e-05,0.0082477163415956,32.0,0.023273014391360716,0.025242289963205745,0.04538967147657162
1973.0,2.0,0.0,4294967295.0,4294967295.0,2.0,0.010861054030799712,0.01173348142248909,1438.0,0.0,-1.0,-1.0,8.315965572534348e-05,0.0082477163415956,32.0,0.023273014391360716,0.02521411410685926,0.04534662639142596
1975.0,2.0,0.0,4294967295.0,4294967295.0,2.0,0.010859578109653559,0.011733455783369713,1439.0,0.0,-1.0,-1.0,8.315965572534348e-05,0.0082477163415956,32.0,0.023273014391360716,0.025185957415357486,0.0453035813062803
1977.0,2.0,0.0,4294967295.0,4294967295.0,2.0,0.010858102188507412,0.011733430144250337,1440.0,0.0,-1.0,-1.0,8.315965572534348e-05,0.0082477163415956,32.0,0.023273014391360716,0.025157819914270588,0.04526053622113464
1979.0,2.0,0.0,4294967295.0,4294967295.0,2.0,0.01085662626736126,0.011733404505130971,1441.0,0.0,-1.0,-1.0,8.315965572534348e-05,0.0082477163415956,32.0,0.023273014391360716,0.025129701629202857,0.04521749113598898
1981.0,2.0,0.0,4294967295.0,4294967295.0,2.0,0.010855150346215113,0.011733378866011602,1442.0,0.0,-1.0,-1.0,8.315965572534348e-05,0.0082477163415956,32.0,0.023273014391360716,0.02510160258579274,0.04517444605084332
1983.0,2.0,0.0,4294967295.0,4294967295.0,2.0,0.010853674425068974,0.011733353226892233,1443.0,0.0,-1.0,-1.0,8.315965572534348e-05,0.0082477163415956,32.0,0.023273014391360716,0.025073522809712888,0.04513140096569767
1985.0,2.0,0.0,4294967295.0,4294967295.0,2.0,0.010852198503922814,0.011733327587772867,1444.0,0.0,-1.0,-1.0,8.315965572534348e-05,0.0082477163415956,32.0,0.023273014391360716,0.02504546232667021,0.045088355880552
1987.0,2.0,0.0,4294967295.0,4294967295.0,2.0,0.01085072258277666,0.011733301948653505,1445.0,0.0,-1.0,-1.0,8.315965572534348e-05,0.0082477163415956,32.0,0.023273014391360716,0.025017421162405913,0.04504531079540634
1989.0,2.0,0.0,4294967295.0,4294967295.0,2.0,0.010849246661630521,0.011733276309534142,1446.0,0.0,-1.0,-1.0,8.315965572534348e-05,0.0082477163415956,32.0,0.023273014391360716,0.024989399342695548,0.04500226571026069
1991.0,2.0,0.0,4294967295.0,4294967295.0,2.0,0.010847770740484375,0.011733250670414787,1447.0,0.0,-1.0,-1.0,8.315965572534348e-05,0.0082477163415956,32.0,0.023273014391360716,0.024961396893349058,0.04495922062511504
1993.0,2.0,0.0,4294967295.0,4294967295.0,2.0,0.010846294819338229,0.011733225031295438,1448.0,0.0,-1.0,-1.0,8.315965572534348e-05,0.0082477163415956,32.0,0.023273014391360716,0.024933413840210816,0.044916175539969384
1995.0,2.0,0.0,4294967295.0,4294967295.0,2.0,0.010844818898192075,0.01173319939217609,1449.0,0.0,-1.0,-1.0,8.315965572534348e-05,0.0082477163415956,32.0,0.023273014391360716,0.024905450209159685,0.04487313045482373
1997.0,2.0,0.0,4294967295.0,4294967295.0,2.0,0.010843342977045915,0.011733173753056745,1450.0,0.0,-1.0,-1.0,8.315965572534348e-05,0.0082477163415956,32.0,0.023273014391360716,0.024877506026109053,0.04483008536967808
1999.0,2.0,0.0,4294967295.0,4294967295.0,2.0,0.010841867055899762,0.0117331481139374,1451.0,0.0,-1.0,-1.0,8.315965572534348e-05,0.0082477163415956,32.0,0.023273014391360716,0.02484958131700688,0.044787040284532426
2001.0,2.0,0.0,4294967295.0,4294967295.0,2.0,0.010840391134753609,0.011733122474818058,1452.0,0.0,-1.0,-1.0,8.315965572534348e-05,0.0082477163415956,32.0,0.023273014391360716,0.024821676107835755,0.04474399519938678
2003.0,2.0,0.0,4294967295.0,4294967295.0,2.0,0.010838915213607463,0.011733096835698724,1453.0,0.0,-1.0,-1.0,8.315965572534348e-05,0.0082477163415956,32.0,0.023273014391360716,0.024793790424612917,0.04470095011424113
2005.0,2.0,0.0,4294967295.0,4294967295.0,2.0,0.010837439292461316,0.01173307119657939,1454.0,0.0,-1.0,-1.0,8.315965572534348e-05,0.0082477163415956,32.0,0.023273014391360716,0.024765924293390335,0.04465790502909547
2007.0,2.0,0.0,4294967295.0,4294967295.0,2.0,0.010835963371315163,0.011733045557460062,1455.0,0.0,-1.0,-1.0,8.315965572534348e-05,0.0082477163415956,32.0,0.023273014391360716,0.02473807774025473,0.04461485994394981
2009.0,2.0,0.0,4294967295.0,4294967295.0,2.0,0.010834487450169003,0.011733019918340734,1456.0,0.0,-1.0,-1.0,8.315965572534348e-05,0.0082477163415956,32.0,0.023273014391360716,0.024710250791327625,0.044571814858804154
2011.0,2.0,0.0,4294967295.0,4294967295.0,2.0,0.01083301152902285,0.011732994279221403,1457.0,0.0,-1.0,-1.0,8.315965572534348e-05,0.0082477163415956,32.0,0.023273014391360716,0.0246824434727654,0.0445287697736585
2013.0,2.0,0.0,4294967295.0,4294967295.0,2.0,0.010831535607876704,0.011732968640102075,1458.0,0.0,-1.0,-1.0,8.315965572534348e-05,0.0082477163415956,32.0,0.023273014391360716,0.024654655810759332,0.04448572468851285
2015.0,2.0,0.0,4294967295.0,4294967295.0,2.0,0.01083005968673055,0.011732943000982762,1459.0,0.0,-1.0,-1.0,8.315965572534348e-05,0.0082477163415956,32.0,0.023273014391360716,0.024626887831535643,0.044442679603367195
2017.0,2.0,0.0,4294967295.0,4294967295.0,2.0,0.010828583765584397,0.011732917361863441,1460.0,0.0,-1.0,-1.0,8.315965572534348e-05,0.0082477163415956,32.0,0.023273014391360716,0.024599139561355544,0.04439963451822154
2019.0,2.0,0.0,4294967295.0,4294967295.0,2.0,0.010827107844438251,0.011732891722744124,1461.0,0.0,-1.0,-1.0,8.315965572534348e-05,0.0082477163415956,32.0,0.023273014391360716,0.02457141102651529,0.04435658943307589
2021.0,2.0,0.0,4294967295.0,4294967295.0,2.0,0.010825631923292098,0.01173286608362481,1462.0,0.0,-1.0,-1.0,8.315965572534348e-05,0.0082477163415956,32.0,0.023273014391360716,0.02454370225334622,0.04431354434793024
2023.0,2.0,0.0,4294967295.0,4294967295.0,2.0,0.010824156002145938,0.011732840444505496,1463.0,0.0,-1.0,-1.0,8.315965572534348e-05,0.0082477163415956,32.0,0.023273014391360716,0.024516013268214794,0.044270499262784584
2025.0,2.0,0.0,4294967295.0,4294967295.0,2.0,0.010822680080999784,0.01173281480538619,1464.0,0.0,-1.0,-1.0,8.315965572534348e-05,0.0082477163415956,32.0,0.023273014391360716,0.024488344097522666,0.044227454177638924
2027.0,2.0,0.0,4294967295.0,4294967295.0,2.0,0.010821204159853638,0.011732789166266883,1465.0,0.0,-1.0,-1.0,8.315965572534348e-05,0.0082477163415956,32.0,0.023273014391360716,0.024460694767706705,0.04418440909249326
2029.0,2.0,0.0,4294967295.0,4294967295.0,2.0,0.010819728238707492,0.011732763527147576,1466.0,0.0,-1.0,-1.0,8.315965572534348e-05,0.0082477163415956,32.0,0.023273014391360716,0.02443306530523906,0.04414136400734759
2031.0,2.0,0.0,4294967295.0,4294967295.0,2.0,0.010818252317561339,0.011732737888028272,1467.0,0.0,-1.0,-1.0,8.315965572534348e-05,0.0082477163415956,32.0,0.023273014391360716,0.0244054557366272,0.04409831892220193
2033.0,2.0,0.0,4294967295.0,4294967295.0,2.0,0.010816776396415179,0.011732712248908973,1468.0,0.0,-1.0,-1.0,8.315965572534348e-05,0.0082477163415956,32.0,0.023273014391360716,0.02437786608841395,0.04405527383705627
2035.0,2.0,0.0,4294967295.0,4294967295.0,2.0,0.010815300475269025,0.011732690166443065,1469.0,0.0,-1.0,-1.0,8.315965572534348e-05,0.0082477163415956,32.0,0.023273014391360716,0.02435029638717756,0.04401222875191062
2037.0,2.0,0.0,4294967295.0,4294967295.0,2.0,0.01081382455412288,0.011732674542244442,1470.0,0.0,-1.0,-1.0,8.315965572534348e-05,0.0082477163415956,32.0,0.023273014391360716,0.02432274665953174,0.043969183666764965
2039.0,2.0,0.0,4294967295.0,4294967295.0,5.0,0.010812348632976726,0.011732658918045822,1471.0,0.0,-1.0,-1.0,8.315965572534348e-05,0.0082477163415956,32.0,0.023273014391360716,0.0242952169321257,0.04392613858161931
2044.0,5.0,0.0,4294967295.0,4294967295.0,5.0,0.010777726230808311,0.011732264649318307,1472.0,0.0,-1.0,-1.0,8.315965572541127e-05,0.008247716341804077,14.0,0.023273014391360716,0.024226125081635137,0.04380144518170228
2049.0,5.0,0.0,4294967295.0,4294967295.0,5.0,0.010743103828639765,0.01173187038059081,1473.0,0.0,-1.0,-1.0,8.315965572541127e-05,0.008247716341804075,14.0,0.023273014391360716,0.024157158817444478,0.04367675178178518
2054.0,5.0,0.0,4294967295.0,4294967295.0,5.0,0.010708481426471197,0.011731476111863325,1474.0,0.0,-1.0,-1.0,8.315965572541127e-05,0.008247716341804077,14.0,0.023273014391360716,0.024088318558873195,0.04355205838186808
2059.0,5.0,0.0,4294967295.0,4294967295.0,5.0,0.01067385902430263,0.011731081843135848,1475.0,0.0,-1.0,-1.0,8.315965572541127e-05,0.008247716341804077,14.0,0.023273014391360716,0.02401960472664083,0.043427364981950996
2064.0,5.0,0.0,4294967295.0,4294967295.0,5.0,0.010639236622134063,0.011730687574408385,1476.0,0.0,-1.0,-1.0,8.315965572541127e-05,0.008247716341804077,14.0,0.023273014391360716,0.02395101774287167,0.043302848613483526
2069.0,5.0,0.0,4294967295.0,4294967295.0,5.0,0.010604614219965496,0.011730293305680935,1477.0,0.0,-1.0,-1.0,8.315965572541127e-05,0.008247716341804077,14.0,0.023273014391360716,0.023882558031099413,0.04317947341616896
2074.0,5.0,0.0,4294967295.0,4294967295.0,5.0,0.010569991817796935,0.011729899036953494,1478.0,0.0,-1.0,-1.0,8.315965572541127e-05,0.008247716341804077,14.0,0.023273014391360716,0.023814226016271912,0.0430560982188544
2079.0,5.0,0.0,4294967295.0,4294967295.0,5.0,0.010535369415628368,0.01172950476822607,1479.0,0.0,-1.0,-1.0,8.315965572541127e-05,0.008247716341804077,14.0,0.023273014391360716,0.023746022124755857,0.04293272302153983
2084.0,5.0,0.0,4294967295.0,4294967295.0,5.0,0.010500747013459807,0.011729110499498659,1480.0,0.0,-1.0,-1.0,8.315965572541127e-05,0.008247716341804077,14.0,0.023273014391360716,0.02367794678434154,0.04280934782422526
2089.0,5.0,0.0,4294967295.0,4294967295.0,5.0,0.010466124611291247,0.011728716230771256,1481.0,0.0,-1.0,-1.0,8.315965572541127e-05,0.008247716341804077,14.0,0.023273014391360716,0.023610000424247615,0.0426859726269107
2094.0,5.0,0.0,4294967295.0,4294967295.0,5.0,0.010431502209122687,0.011728321962043872,1482.0,0.0,-1.0,-1.0,8.315965572541127e-05,0.008247716341804077,14.0,0.023273014391360716,0.023542183475125822,0.04256259742959613
2099.0,5.0,0.0,4294967295.0,4294967295.0,5.0,0.01039687980695412,0.011727927693316499,1483.0,0.0,-1.0,-1.0,8.315965572541127e-05,0.008247716341804077,14.0,0.023273014391360716,0.023474496369065817,0.04243922223228157
2104.0,5.0,0.0,4294967295.0,4294967295.0,5.0,0.010362257404785559,0.011727533424589135,1484.0,0.0,-1.0,-1.0,8.315965572541127e-05,0.008247716341804077,14.0,0.023273014391360716,0.02340693953959997,0.042315847034967
2109.0,5.0,0.0,4294967295.0,4294967295.0,5.0,0.010327635002616999,0.011727139155861786,1485.0,0.0,-1.0,-1.0,8.315965572541127e-05,0.008247716341804077,14.0,0.023273014391360716,0.02333951342170815,0.04219247183765243
2114.0,5.0,0.0,4294967295.0,4294967295.0,5.0,0.010293012600448435,0.011726744887134452,1486.0,0.0,-1.0,-1.0,8.315965572541127e-05,0.008247716341804077,14.0,0.023273014391360716,0.02327221845182259,0.04207011038919324
2119.0,5.0,0.0,4294967295.0,4294967295.0,5.0,0.01025839019827987,0.011726350618407133,1487.0,0.0,-1.0,-1.0,8.315965572541127e-05,0.008247716341804077,14.0,0.023273014391360716,0.02320505506783272,0.041948014465927996
2124.0,5.0,0.0,4294967295.0,4294967295.0,5.0,0.010223767796111307,0.011725956349679824,1488.0,0.0,-1.0,-1.0,8.315965572541127e-05,0.008247716341804077,14.0,0.023273014391360716,0.023138023709090037,0.04182591854266275
2129.0,5.0,0.0,4294967295.0,4294967295.0,5.0,0.010189145393942747,0.011725562080952528,1489.0,0.0,-1.0,-1.0,8.315965572541127e-05,0.008247716341804077,14.0,0.023273014391360716,0.023071124816412988,0.04170382261939751
2134.0,5.0,0.0,4294967295.0,4294967295.0,5.0,0.010154522991774183,0.011725167812225245,1490.0,0.0,-1.0,-1.0,8.315965572541127e-05,0.008247716341804077,14.0,0.023273014391360716,0.023004358832091863,0.041581726696132255
2139.0,5.0,0.0,4294967295.0,4294967295.0,5.0,0.010119900589605615,0.011724773543497978,1491.0,0.0,-1.0,-1.0,8.315965572541127e-05,0.008247716341804077,14.0,0.023273014391360716,0.022937726199893725,0.041459630772867004
2144.0,5.0,0.0,4294967295.0,4294967295.0,5.0,0.010085278187437052,0.011724379274770724,1492.0,0.0,-1.0,-1.0,8.315965572541127e-05,0.008247716341804077,14.0,0.023273014391360716,0.02287122736506731,0.04133753484960176
2149.0,5.0,0.0,4294967295.0,4294967295.0,5.0,0.010050655785268491,0.011723985006043483,1493.0,0.0,-1.0,-1.0,8.315965572541127e-05,0.008247716341804077,14.0,0.023273014391360716,0.02280486277434801,0.041215438926336515
2154.0,5.0,0.0,4294967295.0,4294967295.0,5.0,0.010016033383099924,0.01172359073731625,1494.0,0.0,-1.0,-1.0,8.315965572541127e-05,0.008247716341804077,14.0,0.023273014391360716,0.022738632875962804,0.04109334300307128
2159.0,5.0,0.0,4294967295.0,4294967295.0,5.0,0.009981410980931357,0.011723196468589036,1495.0,0.0,-1.0,-1.0,8.315965572541127e-05,0.008247716341804077,14.0,0.023273014391360716,0.02267253811963527,0.04097124707980603
2164.0,5.0,0.0,4294967295.0,4294967295.0,5.0,0.009946788578762796,0.011722802199861835,1496.0,0.0,-1.0,-1.0,8.315965572541127e-05,0.008247716341804077,14.0,0.023273014391360716,0.022606578956590552,0.04084960832325123
2169.0,5.0,0.0,4294967295.0,4294967295.0,5.0,0.009912166176594232,0.011722407931134646,1497.0,0.0,-1.0,-1.0,8.315965572541127e-05,0.008247716341804077,14.0,0.023273014391360716,0.022540755839560396,0.04072875121182254
2174.0,5.0,0.0,4294967295.0,4294967295.0,5.0,0.009877543774425665,0.011722013662407473,1498.0,0.0,-1.0,-1.0,8.315965572541127e-05,0.008247716341804077,14.0,0.023273014391360716,0.022475069222788163,0.04060789410039385
2179.0,5.0,0.0,4294967295.0,4294967295.0,5.0,0.009842921372257105,0.011721619393680313,1499.0,0.0,-1.0,-1.0,8.315965572541127e-05,0.008247716341804077,14.0,0.023273014391360716,0.022409519562033894,0.040487036988965164
2184.0,5.0,0.0,4294967295.0,4294967295.0,5.0,0.00980829897008854,0.011721225124953166,1500.0,0.0,-1.0,-1.0,8.315965572541127e-05,0.008247716341804077,14.0,0.023273014391360716,0.022344107314579368,0.040366179877536476
2189.0,5.0,0.0,4294967295.0,4294967295.0,5.0,0.009773676567919977,0.01172083085622603,1501.0,0.0,-1.0,-1.0,8.315965572541127e-05,0.008247716341804077,14.0,0.023273014391360716,0.02227883293923317,0.04024532276610779
2194.0,5.0,0.0,4294967295.0,4294967295.0,5.0,0.00973905416575141,0.011720436587498911,1502.0,0.0,-1.0,-1.0,8.315965572541127e-05,0.008247716341804077,14.0,0.023273014391360716,0.022213696896335795,0.0401244656546791
2199.0,5.0,0.0,4294967295.0,4294967295.0,5.0,0.009704431763582842,0.011720042318771806,1503.0,0.0,-1.0,-1.0,8.315965572541127e-05,0.008247716341804077,14.0,0.023273014391360716,0.02214869964776478,0.04000360854325041
2204.0,5.0,0.0,4294967295.0,4294967295.0,5.0,0.009669809361414275,0.011719648050044712,1504.0,0.0,-1.0,-1.0,8.315965572541127e-05,0.008247716341804077,14.0,0.023273014391360716,0.02208384165693982,0.039882751431821725
2209.0,5.0,0.0,4294967295.0,4294967295.0,5.0,0.009635186959245711,0.011719253781317633,1505.0,0.0,-1.0,-1.0,8.315965572541127e-05,0.008247716341804077,14.0,0.023273014391360716,0.02201912338882791,0.03976189432039304
2214.0,5.0,0.0,4294967295.0,4294967295.0,5.0,0.00960056455707715,0.011718859512590565,1506.0,0.0,-1.0,-1.0,8.315965572541127e-05,0.008247716341804077,15.0,0.023273014391360716,0.02195454530994853,0.03964103720896435
2219.0,5.0,0.0,4294967295.0,4294967295.0,5.0,0.009565942154908587,0.011718465243863515,1507.0,0.0,-1.0,-1.0,8.315965572541127e-05,0.008247716341804077,15.0,0.023273014391360716,0.021890107888378814,0.03952018009753566
2224.0,5.0,0.0,4294967295.0,4294967295.0,5.0,0.00953131975274002,0.011718070975136479,1508.0,0.0,-1.0,-1.0,8.315965572541127e-05,0.008247716341804077,15.0,0.023273014391360716,0.021825811593758765,0.03939981831732943
2229.0,5.0,0.0,4294967295.0,4294967295.0,5.0,0.009496697350571452,0.011717676706409458,1509.0,0.0,-1.0,-1.0,8.315965572541127e-05,0.008247716341804077,15.0,0.023273014391360716,0.021761656897296457,0.03928015805828297
2234.0,5.0,0.0,4294967295.0,4294967295.0,5.0,0.009462074948402885,0.011717282437682454,1510.0,0.0,-1.0,-1.0,8.315965572541127e-05,0.008247716341804077,15.0,0.023273014391360716,0.021697644271773276,0.03916049779923651
2239.0,5.0,0.0,4294967295.0,4294967295.0,5.0,0.009427452546234321,0.011716888168955455,1511.0,0.0,-1.0,-1.0,8.315965572541127e-05,0.008247716341804077,15.0,0.023273014391360716,0.02163377419154918,0.03904083754019005
2244.0,5.0,0.0,4294967295.0,4294967295.0,5.0,0.009392830144065757,0.011716493900228473,1512.0,0.0,-1.0,-1.0,8.315965572541127e-05,0.008247716341804077,15.0,0.023273014391360716,0.021570047132567972,0.03892117728114358
2249.0,5.0,0.0,4294967295.0,4294967295.0,5.0,0.009358207741897193,0.011716099631501503,1513.0,0.0,-1.0,-1.0,8.315965572541127e-05,0.008247716341804077,15.0,0.023273014391360716,0.02150646357236257,0.038801517022097116
2254.0,5.0,0.0,4294967295.0,4294967295.0,5.0,0.009323585339728626,0.011715705362774553,1514.0,0.0,-1.0,-1.0,8.315965572541127e-05,0.008247716341804077,15.0,0.023273014391360716,0.021443023990060327,0.03868185676305065
2259.0,5.0,0.0,4294967295.0,4294967295.0,5.0,0.009288962937560059,0.01171531109404762,1515.0,0.0,-1.0,-1.0,8.315965572541127e-05,0.008247716341804077,15.0,0.023273014391360716,0.021379728866388358,0.03856219650400419
2264.0,5.0,0.0,4294967295.0,4294967295.0,5.0,0.009254340535391495,0.011714916825320696,1516.0,0.0,-1.0,-1.0,8.315965572541127e-05,0.008247716341804077,15.0,0.023273014391360716,0.021316578683678866,0.03844253624495773
2269.0,5.0,0.0,4294967295.0,4294967295.0,5.0,0.009219718133222934,0.011714522556593788,1517.0,0.0,-1.0,-1.0,8.315965572541127e-05,0.008247716341804077,15.0,0.023273014391360716,0.021253573925874517,0.03832287598591126
2274.0,5.0,0.0,4294967295.0,4294967295.0,5.0,0.009185095731054367,0.011714128287866894,1518.0,0.0,-1.0,-1.0,8.315965572541127e-05,0.008247716341804077,15.0,0.023273014391360716,0.02119071507853381,0.03820321572686479
2279.0,5.0,0.0,4294967295.0,4294967295.0,5.0,0.009150473328885803,0.011713734019140014,1519.0,0.0,-1.0,-1.0,8.315965572541127e-05,0.008247716341804077,15.0,0.023273014391360716,0.021128002628836472,0.03808355546781832
2284.0,5.0,0.0,4294967295.0,4294967295.0,5.0,0.009115850926717236,0.01171333975041315,1520.0,0.0,-1.0,-1.0,8.315965572541127e-05,0.008247716341804077,15.0,0.023273014391360716,0.021065437065588874,0.03796389520877185
2289.0,5.0,0.0,4294967295.0,4294967295.0,5.0,0.009081228524548669,0.011712945481686301,1521.0,0.0,-1.0,-1.0,8.315965572541127e-05,0.008247716341804077,15.0,0.023273014391360716,0.02100301887922946,0.037844234949725386
2294.0,5.0,0.0,4294967295.0,4294967295.0,5.0,0.009046606122380105,0.011712551212959464,1522.0,0.0,-1.0,-1.0,8.315965572541127e-05,0.008247716341804077,15.0,0.023273014391360716,0.020940748561834185,0.03772495868255448
2299.0,5.0,0.0,4294967295.0,4294967295.0,5.0,0.009011983720211544,0.011712156944232643,1523.0,0.0,-1.0,-1.0,8.315965572541127e-05,0.008247716341804077,15.0,0.023273014391360716,0.02087862660712201,0.03760645185870761
2304.0,5.0,0.0,4294967295.0,4294967295.0,5.0,0.00897736131804298,0.011711762675505836,1524.0,0.0,-1.0,-1.0,8.315965572541127e-05,0.008247716341804077,15.0,0.023273014391360716,0.020816653510460366,0.03748794503486075
2309.0,5.0,0.0,4294967295.0,4294967295.0,5.0,0.008942738915874413,0.011711368406779044,1525.0,0.0,-1.0,-1.0,8.315965572541127e-05,0.008247716341804077,15.0,0.023273014391360716,0.020754829768870667,0.03736943821101388
2314.0,5.0,0.0,4294967295.0,4294967295.0,5.0,0.008908116513705846,0.011710974138052267,1526.0,0.0,-1.0,-1.0,8.315965572541127e-05,0.008247716341804077,15.0,0.023273014391360716,0.02069315588103382,0.03725093138716702
2319.0,5.0,0.0,4294967295.0,4294967295.0,5.0,0.008873494111537279,0.011710579869325503,1527.0,0.0,-1.0,-1.0,8.315965572541127e-05,0.008247716341804077,15.0,0.023273014391360716,0.020631632347295786,0.037132424563320166
2324.0,5.0,0.0,4294967295.0,4294967295.0,5.0,0.008838871709368715,0.01171018560059876,1528.0,0.0,-1.0,-1.0,8.315965572541127e-05,0.008247716341804077,15.0,0.023273014391360716,0.020570259669673123,0.03701391773947331
2329.0,5.0,0.0,4294967295.0,4294967295.0,5.0,0.00880424930720015,0.011709791331872025,1529.0,0.0,-1.0,-1.0,8.315965572541127e-05,0.008247716341804077,15.0,0.023273014391360716,0.020509038351858563,0.03689541091562647
2334.0,5.0,0.0,4294967295.0,4294967295.0,5.0,0.008769626905031587,0.011709397063145312,1530.0,0.0,-1.0,-1.0,8.315965572541127e-05,0.008247716341804077,15.0,0.023273014391360716,0.02044796889922663,0.036776904091779625
2339.0,5.0,0.0,4294967295.0,4294967295.0,5.0,0.00873500450286302,0.011709002794418609,1531.0,0.0,-1.0,-1.0,8.315965572541127e-05,0.008247716341804077,15.0,0.023273014391360716,0.020387051818839236,0.036658397267932796
2344.0,5.0,0.0,4294967295.0,4294967295.0,5.0,0.008700382100694452,0.011708608525691921,1532.0,0.0,-1.0,-1.0,8.315965572541127e-05,0.008247716341804077,15.0,0.023273014391360716,0.020326287619451305,0.03653989044408597
2349.0,5.0,0.0,4294967295.0,4294967295.0,5.0,0.008665759698525885,0.01170821425696525,1533.0,0.0,-1.0,-1.0,8.315965572541127e-05,0.008247716341804077,15.0,0.023273014391360716,0.02026567681151646,0.03642138362023915
2354.0,5.0,0.0,4294967295.0,4294967295.0,5.0,0.008631137296357321,0.011707819988238591,1534.0,0.0,-1.0,-1.0,8.315965572541127e-05,0.008247716341804077,15.0,0.023273014391360716,0.020205219907192665,0.03630287679639234
2359.0,5.0,0.0,4294967295.0,4294967295.0,5.0,0.008596514894188757,0.01170742571951195,1535.0,0.0,-1.0,-1.0,8.315965572541127e-05,0.008247716341804077,15.0,0.023273014391360716,0.02014491742034793,0.036184369972545545
2364.0,5.0,0.0,4294967295.0,4294967295.0,5.0,0.008561892492020193,0.011707031450785324,1536.0,0.0,-1.0,-1.0,8.315965572541127e-05,0.008247716341804077,15.0,0.023273014391360716,0.02008476986656601,0.03606586314869876
2369.0,5.0,0.0,4294967295.0,4294967295.0,5.0,0.00852727008985163,0.011706637182058716,1537.0,0.0,-1.0,-1.0,8.315965572541127e-05,0.008247716341804077,15.0,0.023273014391360716,0.020024777763152146,0.03594735632485198
2374.0,5.0,0.0,4294967295.0,4294967295.0,5.0,0.008492647687683062,0.011706242913332122,1538.0,0.0,-1.0,-1.0,8.315965572541127e-05,0.008247716341804077,15.0,0.023273014391360716,0.01996494162913881,0.035828849501005226
2379.0,5.0,0.0,4294967295.0,4294967295.0,5.0,0.008458025285514495,0.011705848644605542,1539.0,0.0,-1.0,-1.0,8.315965572541127e-05,0.008247716341804077,15.0,0.023273014391360716,0.019905261985291453,0.03571070356690105
2384.0,5.0,0.0,4294967295.0,4294967295.0,5.0,0.008423402883345935,0.011705454375878976,1540.0,0.0,-1.0,-1.0,8.315965572541127e-05,0.008247716341804077,15.0,0.023273014391360716,0.019845739354114326,0.035593305345898496
2389.0,5.0,0.0,4294967295.0,4294967295.0,5.0,0.008388780481177367,0.011705060107152429,1541.0,0.0,-1.0,-1.0,8.315965572541127e-05,0.008247716341804077,15.0,0.023273014391360716,0.01978637425985626,0.03547590712489619
2394.0,5.0,0.0,4294967295.0,4294967295.0,5.0,0.0083541580790088,0.011704665838425898,1542.0,0.0,-1.0,-1.0,8.315965572541127e-05,0.008247716341804077,15.0,0.023273014391360716,0.019727167228516494,0.035358508903894144
2399.0,5.0,0.0,4294967295.0,4294967295.0,5.0,0.008319535676840233,0.01170427156969938,1543.0,0.0,-1.0,-1.0,8.315965572541127e-05,0.008247716341804077,16.0,0.023273014391360716,0.019668118787850526,0.03524111068289239
2404.0,5.0,0.0,4294967295.0,4294967295.0,5.0,0.008284913274671672,0.011703877300972882,1544.0,0.0,-1.0,-1.0,8.315965572541127e-05,0.008247716341804077,16.0,0.023273014391360716,0.01960922946737597,0.035123712461890964
2409.0,5.0,0.0,4294967295.0,4294967295.0,5.0,0.008250290872503108,0.011703483032246394,1545.0,0.0,-1.0,-1.0,8.315965572541127e-05,0.008247716341804077,16.0,0.023273014391360716,0.019550499798378456,0.035006314240889895
2414.0,5.0,0.0,4294967295.0,4294967295.0,5.0,0.008215668470334548,0.011703088763519925,1546.0,0.0,-1.0,-1.0,8.315965572541127e-05,0.008247716341804077,16.0,0.023273014391360716,0.019491930313917508,0.03488891601988922
2419.0,5.0,0.0,4294967295.0,4294967295.0,5.0,0.008181046068165984,0.011702694494793477,1547.0,0.0,-1.0,-1.0,8.315965572541127e-05,0.008247716341804077,16.0,0.023273014391360716,0.01943352154883249,0.03477151779888898
2424.0,5.0,0.0,4294967295.0,4294967295.0,5.0,0.008146423665997417,0.011702300226067044,1548.0,0.0,-1.0,-1.0,8.315965572541127e-05,0.008247716341804077,16.0,0.023273014391360716,0.01937527403974853,0.03465411957788922
2429.0,5.0,0.0,4294967295.0,4294967295.0,5.0,0.00811180126382885,0.011701905957340629,1549.0,0.0,-1.0,-1.0,8.315965572541127e-05,0.008247716341804077,16.0,0.023273014391360716,0.019317188325082488,0.03453672135689
2434.0,5.0,0.0,4294967295.0,4294967295.0,5.0,0.008077178861660282,0.011701511688614226,1550.0,0.0,-1.0,-1.0,8.315965572541127e-05,0.008247716341804077,16.0,0.023273014391360716,0.019259264945048957,0.03441932313589138
2439.0,5.0,0.0,4294967295.0,4294967295.0,5.0,0.008042556459491722,0.01170111741988784,1551.0,0.0,-1.0,-1.0,8.315965572541127e-05,0.008247716341804077,16.0,0.023273014391360716,0.01920150444166624,0.03430192491489341
2444.0,5.0,0.0,4294967295.0,4294967295.0,5.0,0.008007934057323158,0.011700723151161474,1552.0,0.0,-1.0,-1.0,8.315965572541127e-05,0.008247716341804077,16.0,0.023273014391360716,0.019143907358762383,0.03418452669389617
2449.0,5.0,0.0,4294967295.0,4294967295.0,5.0,0.007973311655154594,0.011700328882435121,1553.0,0.0,-1.0,-1.0,8.315965572541127e-05,0.008247716341804077,16.0,0.023273014391360716,0.01908647424198121,0.03406712847289973
2454.0,5.0,0.0,4294967295.0,4294967295.0,5.0,0.007938689252986027,0.011699934613708786,1554.0,0.0,-1.0,-1.0,8.315965572541127e-05,0.008247716341804077,16.0,0.023273014391360716,0.019029205638788405,0.033949730251904175
2459.0,5.0,0.0,4294967295.0,4294967295.0,5.0,0.007904066850817463,0.011699540344982468,1555.0,0.0,-1.0,-1.0,8.315965572541127e-05,0.008247716341804077,16.0,0.023273014391360716,0.01897210209847757,0.0338323320309096
2464.0,5.0,0.0,4294967295.0,4294967295.0,5.0,0.007869444448648896,0.011699146076256165,1556.0,0.0,-1.0,-1.0,8.315965572541127e-05,0.008247716341804077,16.0,0.023273014391360716,0.01891516417217636,0.03371493380991612
2469.0,5.0,0.0,4294967295.0,4294967295.0,5.0,0.007834822046480332,0.011698751807529878,1557.0,0.0,-1.0,-1.0,8.315965572541127e-05,0.008247716341804077,16.0,0.023273014391360716,0.018858392412852563,0.03359753558892384
2474.0,5.0,0.0,4294967295.0,4294967295.0,5.0,0.007800199644311771,0.011698357538803609,1558.0,0.0,-1.0,-1.0,8.315965572541127e-05,0.008247716341804077,16.0,0.023273014391360716,0.018801787375320282,0.03348013736793288
2479.0,5.0,0.0,4294967295.0,4294967295.0,5.0,0.007765577242143204,0.011697963270077357,1559.0,0.0,-1.0,-1.0,8.315965572541127e-05,0.008247716341804077,16.0,0.023273014391360716,0.01874534961624609,0.03336273914694339
2484.0,5.0,0.0,4294967295.0,4294967295.0,5.0,0.007730954839974637,0.011697569001351122,1560.0,0.0,-1.0,-1.0,8.315965572541127e-05,0.008247716341804077,16.0,0.023273014391360716,0.018689079694155203,0.03324564873504211
2489.0,5.0,0.0,4294967295.0,4294967295.0,5.0,0.007696332437806073,0.011697174732624903,1561.0,0.0,-1.0,-1.0,8.315965572541127e-05,0.008247716341804077,16.0,0.023273014391360716,0.01863297816943769,0.03312931291505213
2494.0,5.0,0.0,4294967295.0,4294967295.0,5.0,0.0076617100356375124,0.011696780463898701,1562.0,0.0,-1.0,-1.0,8.315965572541127e-05,0.008247716341804077,16.0,0.023273014391360716,0.018577045604354716,0.033012977095078846
2499.0,5.0,0.0,4294967295.0,4294967295.0,5.0,0.007627087633468952,0.011696386195172515,1563.0,0.0,-1.0,-1.0,8.315965572541127e-05,0.008247716341804077,16.0,0.023273014391360716,0.01852128256304477,0.032896641275123845
2504.0,5.0,0.0,4294967295.0,4294967295.0,5.0,0.007592465231300388,0.011695991926446346,1564.0,0.0,-1.0,-1.0,8.315965572541127e-05,0.008247716341804077,16.0,0.023273014391360716,0.018465689611529945,0.03278030545518887
2509.0,5.0,0.0,4294967295.0,4294967295.0,5.0,0.007557842829131821,0.011695597657720193,1565.0,0.0,-1.0,-1.0,8.315965572541127e-05,0.008247716341804077,16.0,0.023273014391360716,0.01841026731772221,0.032663969635275805
2514.0,5.0,0.0,4294967295.0,4294967295.0,5.0,0.0075232204269632535,0.011695203388994057,1566.0,0.0,-1.0,-1.0,8.315965572541127e-05,0.008247716341804077,16.0,0.023273014391360716,0.018355016251429754,0.03254763381538675
2519.0,5.0,0.0,4294967295.0,4294967295.0,5.0,0.007488598024794686,0.011694809120267938,1567.0,0.0,-1.0,-1.0,8.315965572541127e-05,0.008247716341804077,16.0,0.023273014391360716,0.018299936984363267,0.03243129799552399
2524.0,5.0,0.0,4294967295.0,4294967295.0,5.0,0.007453975622626122,0.011694414851541837,1568.0,0.0,-1.0,-1.0,8.315965572541127e-05,0.008247716341804077,16.0,0.023273014391360716,0.01824503009014235,0.03231496217569001
2529.0,5.0,0.0,4294967295.0,4294967295.0,5.0,0.007419353220457555,0.011694020582815755,1569.0,0.0,-1.0,-1.0,8.315965572541127e-05,0.008247716341804077,16.0,0.023273014391360716,0.018190296144301846,0.03219862635588755
2534.0,5.0,0.0,4294967295.0,4294967295.0,5.0,0.007384730818288991,0.011693626314089689,1570.0,0.0,-1.0,-1.0,8.315965572541127e-05,0.008247716341804077,16.0,0.023273014391360716,0.018135735724298243,0.032082290536119606
2539.0,5.0,0.0,4294967295.0,4294967295.0,5.0,0.007350108416120424,0.011693232045363641,1571.0,0.0,-1.0,-1.0,8.315965572541127e-05,0.008247716341804077,16.0,0.023273014391360716,0.018081349409516105,0.03196595471638945
2544.0,5.0,0.0,4294967295.0,4294967295.0,5.0,0.0073154860139518565,0.01169283777663761,1572.0,0.0,-1.0,-1.0,8.315965572541127e-05,0.008247716341804077,16.0,0.023273014391360716,0.018027137781274495,0.031849618896700696
2549.0,5.0,0.0,4294967295.0,4294967295.0,5.0,0.007280863611783296,0.011692443507911595,1573.0,0.0,-1.0,-1.0,8.315965572541127e-05,0.008247716341804077,16.0,0.023273014391360716,0.01797310142283344,0.03173328307705725
2554.0,5.0,0.0,4294967295.0,4294967295.0,5.0,0.007246241209614736,0.011692049239185598,1574.0,0.0,-1.0,-1.0,8.315965572541127e-05,0.008247716341804077,17.0,0.023273014391360716,0.01791924091940042,0.031616947257463446
2559.0,5.0,0.0,4294967295.0,4294967295.0,5.0,0.007211618807446175,0.011691654970459618,1575.0,0.0,-1.0,-1.0,8.315965572541127e-05,0.008247716341804077,17.0,0.023273014391360716,0.017865556858136847,0.03150061143792398
2564.0,5.0,0.0,4294967295.0,4294967295.0,5.0,0.0071769964052776115,0.011691260701733657,1576.0,0.0,-1.0,-1.0,8.315965572541127e-05,0.008247716341804077,17.0,0.023273014391360716,0.017812049828164613,0.03138427561844402
2569.0,5.0,0.0,4294967295.0,4294967295.0,5.0,0.007142374003109044,0.011690866433007714,1577.0,0.0,-1.0,-1.0,8.315965572541127e-05,0.008247716341804077,17.0,0.023273014391360716,0.017758720420572624,0.031267939799029226
2574.0,5.0,0.0,4294967295.0,4294967295.0,5.0,0.007107751600940477,0.011690472164281788,1578.0,0.0,-1.0,-1.0,8.315965572541127e-05,0.008247716341804077,17.0,0.023273014391360716,0.01770556922842336,0.031151603979685794
2579.0,5.0,0.0,4294967295.0,4294967295.0,5.0,0.007073129198771913,0.01169007789555588,1579.0,0.0,-1.0,-1.0,8.315965572541127e-05,0.008247716341804077,17.0,0.023273014391360716,0.017652596846759495,0.031035268160420494
2584.0,5.0,0.0,4294967295.0,4294967295.0,5.0,0.007038506796603349,0.01168968362682999,1580.0,0.0,-1.0,-1.0,8.315965572541127e-05,0.008247716341804077,17.0,0.023273014391360716,0.017599803872610474,0.03091893234124076
2589.0,5.0,0.0,4294967295.0,4294967295.0,5.0,0.007003884394434782,0.011689289358104118,1581.0,0.0,-1.0,-1.0,8.315965572541127e-05,0.008247716341804077,17.0,0.023273014391360716,0.017547190904999163,0.030802596522154724
2594.0,5.0,0.0,4294967295.0,4294967295.0,5.0,0.0069692619922662145,0.011688895089378263,1582.0,0.0,-1.0,-1.0,8.315965572541127e-05,0.008247716341804077,17.0,0.023273014391360716,0.017494758544948495,0.03068626070317128
2599.0,5.0,0.0,4294967295.0,4294967295.0,5.0,0.006934639590097647,0.011688500820652427,1583.0,0.0,-1.0,-1.0,8.315965572541127e-05,0.008247716341804077,17.0,0.023273014391360716,0.017442507395488173,0.030569924884300194
2604.0,5.0,0.0,4294967295.0,4294967295.0,5.0,0.006900017187929083,0.011688106551926609,1584.0,0.0,-1.0,-1.0,8.315965572541127e-05,0.008247716341804077,17.0,0.023273014391360716,0.01739043806166134,0.03045358906555213
2609.0,5.0,0.0,4294967295.0,4294967295.0,5.0,0.006865394785760523,0.011687712283200808,1585.0,0.0,-1.0,-1.0,8.315965572541127e-05,0.008247716341804077,17.0,0.023273014391360716,0.017338551150531314,0.030337253246938783
2614.0,5.0,0.0,4294967295.0,4294967295.0,5.0,0.006830772383591963,0.011687318014475024,1586.0,0.0,-1.0,-1.0,8.315965572541127e-05,0.008247716341804077,17.0,0.023273014391360716,0.01728684727118834,0.030220917428472962
2619.0,5.0,0.0,4294967295.0,4294967295.0,5.0,0.006796149981423399,0.01168692374574926,1587.0,0.0,-1.0,-1.0,8.315965572541127e-05,0.008247716341804077,17.0,0.023273014391360716,0.017235327034756352,0.030105268297406743
2624.0,5.0,0.0,4294967295.0,4294967295.0,5.0,0.006761527579254831,0.011686529477023514,1588.0,0.0,-1.0,-1.0,8.315965572541127e-05,0.008247716341804077,17.0,0.023273014391360716,0.017183991054399758,0.029989947368005074
2629.0,5.0,0.0,4294967295.0,4294967295.0,5.0,0.006726905177086264,0.011686135208297786,1589.0,0.0,-1.0,-1.0,8.315965572541127e-05,0.008247716341804077,17.0,0.023273014391360716,0.017132839945330255,0.029874626439715914
2634.0,5.0,0.0,4294967295.0,4294967295.0,5.0,0.0066922827749177,0.011685740939572078,1590.0,0.0,-1.0,-1.0,8.315965572541127e-05,0.008247716341804077,17.0,0.023273014391360716,0.017081874324813673,0.029759305512633442
2639.0,5.0,0.0,4294967295.0,4294967295.0,5.0,0.006657660372749136,0.011685346670846386,1591.0,0.0,-1.0,-1.0,8.315965572541127e-05,0.008247716341804077,17.0,0.023273014391360716,0.01703109481217683,0.02964398458685982
2644.0,5.0,0.0,4294967295.0,4294967295.0,5.0,0.0066230379705805725,0.011684952402120714,1592.0,0.0,-1.0,-1.0,8.315965572541127e-05,0.008247716341804077,17.0,0.023273014391360716,0.016980502028814404,0.029528663662505845
2649.0,5.0,0.0,4294967295.0,4294967295.0,5.0,0.006588415568412005,0.01168455813339506,1593.0,0.0,-1.0,-1.0,8.315965572541127e-05,0.008247716341804077,17.0,0.023273014391360716,0.01693009659819585,0.029413342739691695
2654.0,5.0,0.0,4294967295.0,4294967295.0,5.0,0.006553793166243438,0.011684163864669425,1594.0,0.0,-1.0,-1.0,8.315965572541127e-05,0.008247716341804077,17.0,0.023273014391360716,0.016879879145872318,0.02929802181854773
2659.0,5.0,0.0,4294967295.0,4294967295.0,5.0,0.0065191707640748706,0.01168376959594381,1595.0,0.0,-1.0,-1.0,8.315965572541127e-05,0.008247716341804077,17.0,0.023273014391360716,0.016829850299483612,0.02918270089921534
2664.0,5.0,0.0,4294967295.0,4294967295.0,5.0,0.006484548361906307,0.01168337532721821,1596.0,0.0,-1.0,-1.0,8.315965572541127e-05,0.008247716341804077,17.0,0.023273014391360716,0.016780010688765154,0.02906737998184789
2669.0,5.0,0.0,4294967295.0,4294967295.0,5.0,0.006449925959737746,0.011682981058492631,1597.0,0.0,-1.0,-1.0,8.315965572541127e-05,0.008247716341804077,17.0,0.023273014391360716,0.016730360945554995,0.02895205906661172
2674.0,5.0,0.0,4294967295.0,4294967295.0,5.0,0.0064153035575691825,0.011682586789767073,1598.0,0.0,-1.0,-1.0,8.315965572541127e-05,0.008247716341804077,17.0,0.023273014391360716,0.016680901703800818,0.02883673815368725
2679.0,5.0,0.0,4294967295.0,4294967295.0,5.0,0.006380681155400619,0.011682192521041532,1599.0,0.0,-1.0,-1.0,8.315965572541127e-05,0.008247716341804077,17.0,0.023273014391360716,0.016631633599566997,0.02872141724327019
2684.0,5.0,0.0,4294967295.0,4294967295.0,5.0,0.006346058753232055,0.011681798252316012,1600.0,0.0,-1.0,-1.0,8.315965572541127e-05,0.008247716341804077,17.0,0.023273014391360716,0.016582557271041652,0.028606096335572803
2689.0,5.0,0.0,4294967295.0,4294967295.0,5.0,0.0063114363510634874,0.011681403983590511,1601.0,0.0,-1.0,-1.0,8.315965572541127e-05,0.008247716341804077,18.0,0.023273014391360716,0.016533673358543756,0.028490775430825333
2694.0,5.0,0.0,4294967295.0,4294967295.0,5.0,0.006276813948894924,0.011681009714865027,1602.0,0.0,-1.0,-1.0,8.315965572541127e-05,0.008247716341804077,18.0,0.023273014391360716,0.016484982504530225,0.028375454529277498
2699.0,5.0,0.0,4294967295.0,4294967295.0,5.0,0.00624219154672636,0.011680615446139565,1603.0,0.0,-1.0,-1.0,8.315965572541127e-05,0.008247716341804077,18.0,0.023273014391360716,0.01643648535360309,0.028260133631200172
2704.0,5.0,0.0,4294967295.0,4294967295.0,5.0,0.006207569144557792,0.011680221177414121,1604.0,0.0,-1.0,-1.0,8.315965572541127e-05,0.008247716341804077,18.0,0.023273014391360716,0.01638818255251662,0.028144812736887154
2709.0,5.0,0.0,4294967295.0,4294967295.0,5.0,0.0061729467423892286,0.011679826908688695,1605.0,0.0,-1.0,-1.0,8.315965572541127e-05,0.008247716341804077,18.0,0.023273014391360716,0.016340074750184546,0.028029491846657116
2714.0,5.0,0.0,4294967295.0,4294967295.0,5.0,0.006138324340220668,0.01167943263996329,1606.0,0.0,-1.0,-1.0,8.315965572541127e-05,0.008247716341804077,18.0,0.023273014391360716,0.016292162597687246,0.02791417096085571
2719.0,5.0,0.0,4294967295.0,4294967295.0,5.0,0.006103701938052108,0.011679038371237904,1607.0,0.0,-1.0,-1.0,8.315965572541127e-05,0.008247716341804077,18.0,0.023273014391360716,0.01624444674827899,0.027798850079857846
2724.0,5.0,0.0,4294967295.0,4294967295.0,5.0,0.006069079535883547,0.011678644102512537,1608.0,0.0,-1.0,-1.0,8.315965572541127e-05,0.008247716341804077,18.0,0.023273014391360716,0.01619692785739519,0.027683529204070172
2729.0,5.0,0.0,4294967295.0,4294967295.0,5.0,0.0060344571337149835,0.01167824983378719,1609.0,0.0,-1.0,-1.0,8.315965572541127e-05,0.008247716341804077,18.0,0.023273014391360716,0.016149606582659688,0.027568208333933756
2734.0,5.0,0.0,4294967295.0,4294967295.0,5.0,0.005999834731546416,0.011677855565061866,1610.0,0.0,-1.0,-1.0,8.315965572541127e-05,0.008247716341804077,18.0,0.023273014391360716,0.016102483583892078,0.027452887469927016
2739.0,5.0,0.0,4294967295.0,4294967295.0,5.0,0.005965212329377849,0.01167746129633656,1611.0,0.0,-1.0,-1.0,8.315965572541127e-05,0.008247716341804077,18.0,0.023273014391360716,0.016055559523115,0.027337566612568875
2744.0,5.0,0.0,4294967295.0,4294967295.0,5.0,0.0059305899272092885,0.011677067027611274,1612.0,0.0,-1.0,-1.0,8.315965572541127e-05,0.008247716341804077,18.0,0.023273014391360716,0.016008835064561536,0.02722224576242217
2749.0,5.0,0.0,4294967295.0,4294967295.0,5.0,0.005895967525040728,0.011676672758886005,1613.0,0.0,-1.0,-1.0,8.315965572541127e-05,0.008247716341804077,18.0,0.023273014391360716,0.015962310874682563,0.02710692492009739
2754.0,5.0,0.0,4294967295.0,4294967295.0,5.0,0.005861345122872164,0.011676278490160757,1614.0,0.0,-1.0,-1.0,8.315965572541127e-05,0.008247716341804077,18.0,0.023273014391360716,0.015915987622154168,0.026991604086256716
2759.0,5.0,0.0,4294967295.0,4294967295.0,5.0,0.0058267227207036,0.01167588422143553,1615.0,0.0,-1.0,-1.0,8.315965572541127e-05,0.008247716341804077,18.0,0.023273014391360716,0.015869865977885086,0.026876283261618377
2764.0,5.0,0.0,4294967295.0,4294967295.0,5.0,0.005792100318535033,0.011675489952710323,1616.0,0.0,-1.0,-1.0,8.315965572541127e-05,0.008247716341804077,18.0,0.023273014391360716,0.01582394661502413,0.02676096244696141
2769.0,5.0,0.0,4294967295.0,4294967295.0,5.0,0.005757477916366469,0.011675095683985132,1617.0,0.0,-1.0,-1.0,8.315965572541127e-05,0.008247716341804077,18.0,0.023273014391360716,0.015778230208967705,0.0266456416431308
2774.0,5.0,0.0,4294967295.0,4294967295.0,5.0,0.005722855514197905,0.011674701415259968,1618.0,0.0,-1.0,-1.0,8.315965572541127e-05,0.008247716341804077,18.0,0.023273014391360716,0.01573271743736728,0.02653032085104306
2779.0,5.0,0.0,4294967295.0,4294967295.0,5.0,0.0056882331120293415,0.011674307146534823,1619.0,0.0,-1.0,-1.0,8.315965572541127e-05,0.008247716341804077,18.0,0.023273014391360716,0.015687408980136933,0.02641500007169229
2784.0,5.0,0.0,4294967295.0,4294967295.0,5.0,0.005653610709860774,0.011673912877809696,1620.0,0.0,-1.0,-1.0,8.315965572541127e-05,0.008247716341804077,18.0,0.023273014391360716,0.01564230551946091,0.026299679306156766
2789.0,5.0,0.0,4294967295.0,4294967295.0,5.0,0.00561898830769221,0.01167351860908459,1621.0,0.0,-1.0,-1.0,8.315965572541127e-05,0.008247716341804077,18.0,0.023273014391360716,0.015597407739801197,0.02618461994216913
2794.0,5.0,0.0,4294967295.0,4294967295.0,5.0,0.00558436590552365,0.011673124340359504,1622.0,0.0,-1.0,-1.0,8.315965572541127e-05,0.008247716341804077,18.0,0.023273014391360716,0.015552716327905121,0.026070265975994898
2799.0,5.0,0.0,4294967295.0,4294967295.0,5.0,0.00554974350335509,0.011672730071634437,1623.0,0.0,-1.0,-1.0,8.315965572541127e-05,0.008247716341804077,18.0,0.023273014391360716,0.015508231972812987,0.025955912076665373
2804.0,5.0,0.0,4294967295.0,4294967295.0,5.0,0.005515121101186529,0.01167233580290939,1624.0,0.0,-1.0,-1.0,8.315965572541127e-05,0.008247716341804077,18.0,0.023273014391360716,0.015463955365865744,0.025841558249190176
2809.0,5.0,0.0,4294967295.0,4294967295.0,5.0,0.005480498699017965,0.011671941534184365,1625.0,0.0,-1.0,-1.0,8.315965572541127e-05,0.008247716341804077,19.0,0.023273014391360716,0.015419887200712641,0.02572720449895439
2814.0,5.0,0.0,4294967295.0,4294967295.0,5.0,0.0054458762968494015,0.01167154726545936,1626.0,0.0,-1.0,-1.0,8.315965572541127e-05,0.008247716341804077,19.0,0.023273014391360716,0.015376028173318958,0.025612850831746664
2819.0,5.0,0.0,4294967295.0,4294967295.0,5.0,0.0054112538946808515,0.011671152996734376,1627.0,0.0,-1.0,-1.0,8.315965572541127e-05,0.008247716341804077,19.0,0.023273014391360716,0.01533237898197373,0.02549849725378949
2824.0,5.0,0.0,4294967295.0,4294967295.0,5.0,0.0053766314925123015,0.011670758728009415,1628.0,0.0,-1.0,-1.0,8.315965572541127e-05,0.008247716341804077,19.0,0.023273014391360716,0.015288940327297504,0.02538414377177169
2829.0,5.0,0.0,4294967295.0,4294967295.0,5.0,0.005342009090343752,0.011670364459284474,1629.0,0.0,-1.0,-1.0,8.315965572541127e-05,0.008247716341804077,19.0,0.023273014391360716,0.015245712912250124,0.025269790392883365
2834.0,5.0,0.0,4294967295.0,4294967295.0,5.0,0.005307386688175198,0.011669970190559554,1630.0,0.0,-1.0,-1.0,8.315965572541127e-05,0.008247716341804077,19.0,0.023273014391360716,0.015202697442138544,0.025155437124853495
2839.0,5.0,0.0,4294967295.0,4294967295.0,5.0,0.005272764286006648,0.011669575921834655,1631.0,0.0,-1.0,-1.0,8.315965572541127e-05,0.008247716341804077,19.0,0.023273014391360716,0.015159894624624665,0.025041083975990287
2844.0,5.0,0.0,4294967295.0,4294967295.0,5.0,0.005238141883838095,0.011669181653109777,1632.0,0.0,-1.0,-1.0,8.315965572541127e-05,0.008247716341804077,19.0,0.023273014391360716,0.015117305169733197,0.02492673095522461
2849.0,5.0,0.0,4294967295.0,4294967295.0,5.0,0.005203519481669534,0.01166878738438492,1633.0,0.0,-1.0,-1.0,8.315965572541127e-05,0.008247716341804077,19.0,0.023273014391360716,0.015074929789859547,0.024812378072156648
2854.0,5.0,0.0,4294967295.0,4294967295.0,5.0,0.005168897079500977,0.011668393115660085,1634.0,0.0,-1.0,-1.0,8.315965572541127e-05,0.008247716341804077,19.0,0.023273014391360716,0.015032769199777736,0.024698025337106064
2859.0,5.0,0.0,4294967295.0,4294967295.0,5.0,0.005134274677332419,0.01166799884693527,1635.0,0.0,-1.0,-1.0,8.315965572541127e-05,0.008247716341804077,19.0,0.023273014391360716,0.01499082411664834,0.02458367276116592
2864.0,5.0,0.0,4294967295.0,4294967295.0,5.0,0.00509965227516386,0.011667604578210478,1636.0,0.0,-1.0,-1.0,8.315965572541127e-05,0.008247716341804077,19.0,0.023273014391360716,0.014949095260026458,0.024469320356260642
2869.0,5.0,0.0,4294967295.0,4294967295.0,5.0,0.0050650298729953015,0.011667210309485707,1637.0,0.0,-1.0,-1.0,8.315965572541127e-05,0.008247716341804077,19.0,0.023273014391360716,0.014907583351869712,0.02435496813520832
2874.0,5.0,0.0,4294967295.0,4294967295.0,5.0,0.005030407470826741,0.011666816040760957,1638.0,0.0,-1.0,-1.0,8.315965572541127e-05,0.008247716341804077,19.0,0.023273014391360716,0.01486628911654626,0.024240616111787704
2879.0,5.0,0.0,4294967295.0,4294967295.0,5.0,0.004995785068658181,0.01166642177203623,1639.0,0.0,-1.0,-1.0,8.315965572541127e-05,0.008247716341804077,19.0,0.023273014391360716,0.014825213280842853,0.02412626430081016
2884.0,5.0,0.0,4294967295.0,4294967295.0,5.0,0.00496116266648962,0.011666027503311523,1640.0,0.0,-1.0,-1.0,8.315965572541127e-05,0.008247716341804077,19.0,0.023273014391360716,0.0147843565739729,0.024011912718197095
2889.0,5.0,0.0,4294967295.0,4294967295.0,5.0,0.004926540264321062,0.01166563323458684,1641.0,0.0,-1.0,-1.0,8.315965572541127e-05,0.008247716341804077,19.0,0.023273014391360716,0.014743719727584589,0.023897561381063127
2894.0,5.0,0.0,4294967295.0,4294967295.0,5.0,0.004891917862152505,0.011665238965862176,1642.0,0.0,-1.0,-1.0,8.315965572541127e-05,0.008247716341804077,19.0,0.023273014391360716,0.014703303475768991,0.02378321030780553
2899.0,5.0,0.0,4294967295.0,4294967295.0,5.0,0.004857295459983946,0.011664844697137536,1643.0,0.0,-1.0,-1.0,8.315965572541127e-05,0.008247716341804077,19.0,0.023273014391360716,0.014663108555068239,0.023668859518200337
2904.0,5.0,0.0,4294967295.0,4294967295.0,5.0,0.004822673057815386,0.011664450428412916,1644.0,0.0,-1.0,-1.0,8.315965572541127e-05,0.008247716341804077,19.0,0.023273014391360716,0.014623135704483703,0.02355450903350569
2909.0,5.0,0.0,4294967295.0,4294967295.0,5.0,0.004788050655646825,0.01166405615968832,1645.0,0.0,-1.0,-1.0,8.315965572541127e-05,0.008247716341804077,20.0,0.023273014391360716,0.014583385665484195,0.023440158876572907
2914.0,5.0,0.0,4294967295.0,4294967295.0,5.0,0.004753428253478265,0.011663661890963746,1646.0,0.0,-1.0,-1.0,8.315965572541127e-05,0.008247716341804077,20.0,0.023273014391360716,0.014543859182014219,0.023325809071965877
2919.0,5.0,28.0,4294967295.0,4294967295.0,1.0,0.0047188058513097045,0.011663267622239194,1647.0,2.0,-1.0,-1.0,0.9195271168608681,0.9200949295447014,20.0,0.023273014391360716,0.019293650243078442,0.035909513013013726
2920.0,1.0,4.0,4294967295.0,4294967295.0,1.0,0.004718805851309706,0.011663267622239194,1648.0,2.0,-1.0,-1.0,0.9996838039462109,0.9696181658632155,0.0,0.023273014391360716,0.019304335338534956,0.03774082804709078
2921.0,1.0,8.0,4294967295.0,4294967295.0,1.0,0.004718805851309706,0.01166326762223919,1649.0,0.0,-1.0,-1.0,0.9996862798292867,0.9695950784340946,0.0,0.023273014391360716,0.01928331320176684,0.0377061131610781
2922.0,1.0,7.0,4294967295.0,4294967295.0,1.0,0.004718805851309706,0.011663267622239184,1650.0,0.0,-1.0,-1.0,0.999686279893699,0.9695950480580318,0.0,0.023273014391360716,0.01926230577852904,0.0376713316935372
2923.0,1.0,5.0,4294967295.0,4294967295.0,1.0,0.004718805851309706,0.011663267622239187,1651.0,1.0,-1.0,-1.0,0.9996862798937005,0.9695950480857358,0.0,0.023273014391360716,0.01924129837476339,0.037636541208611075
2924.0,1.0,3.0,4294967295.0,4294967295.0,1.0,0.004718805851309708,0.01166326762223919,1652.0,0.0,-1.0,-1.0,0.9996862798937005,0.9695950480857485,0.0,0.023273014391360716,0.01922029097098004,0.037601741701783126
2925.0,1.0,4.0,4294967295.0,4294967295.0,1.0,0.004718805851309708,0.01166326762223919,1653.0,1.0,-1.0,-1.0,0.9996862798937005,0.9695950480857485,0.0,0.023273014391360716,0.019199283567196686,0.03756693316703678
2926.0,1.0,6.0,4294967295.0,4294967295.0,1.0,0.004718805851309708,0.01166326762223919,1654.0,1.0,-1.0,-1.0,0.9996862798937005,0.9695950480857485,0.0,0.023273014391360716,0.019178276163413333,0.037532115598351415
2927.0,1.0,10.0,4294967295.0,4294967295.0,1.0,0.004718805851309708,0.011663267622239184,1655.0,0.0,-1.0,-1.0,0.9996862798937005,0.9695950480857485,0.0,0.023273014391360716,0.019157268759629975,0.037497288989702414
2928.0,1.0,10.0,4294967295.0,4294967295.0,1.0,0.004718805851309708,0.011663267622239187,1656.0,2.0,-1.0,-1.0,0.9996862798937005,0.9695950480857485,0.0,0.023273014391360716,0.019136261355846618,0.03746245333506111
2929.0,1.0,5.0,4294967295.0,4294967295.0,1.0,0.004718805851309708,0.01166326762223918,1657.0,1.0,-1.0,-1.0,0.9996862798937005,0.9695950480857485,0.0,0.023273014391360716,0.019115253952063267,0.03742760862839483
2930.0,1.0,7.0,4294967295.0,4294967295.0,1.0,0.00471880585130971,0.011663267622239177,1658.0,0.0,-1.0,-1.0,0.9996862798937005,0.9695950480857485,0.0,0.023273014391360716,0.01909424654827991,0.037392754863666895
2931.0,1.0,6.0,4294967295.0,4294967295.0,1.0,0.00471880585130971,0.011663267622239177,1659.0,0.0,-1.0,-1.0,0.9996862798937005,0.9695950480857485,0.0,0.023273014391360716,0.019073239144496552,0.03735789203483657
2932.0,1.0,5.0,4294967295.0,4294967295.0,1.0,0.00471880585130971,0.011663267622239173,1660.0,0.0,-1.0,-1.0,0.9996862798937005,0.9695950480857485,0.0,0.023273014391360716,0.019052231740713202,0.03732302013585911
2933.0,1.0,7.0,4294967295.0,4294967295.0,1.0,0.0047188058513097115,0.011663267622239173,1661.0,0.0,-1.0,-1.0,0.9996862798937005,0.9695950480857485,0.0,0.023273014391360716,0.019031224336929844,0.03728813916068573
2934.0,1.0,7.0,4294967295.0,4294967295.0,1.0,0.0047188058513097115,0.011663267622239166,1662.0,1.0,-1.0,-1.0,0.9996862798937005,0.9695950480857485,0.0,0.023273014391360716,0.019010216933146487,0.037253249103263615
2935.0,1.0,7.0,4294967295.0,4294967295.0,1.0,0.0047188058513097115,0.011663267622239163,1663.0,2.0,-1.0,-1.0,0.9996862798937005,0.9695950480857485,0.0,0.023273014391360716,0.018989209529363133,0.037218349957535916
2936.0,1.0,12.0,4294967295.0,4294967295.0,1.0,0.0047188058513097115,0.011663267622239163,1664.0,1.0,-1.0,-1.0,0.9996862798937005,0.9695950480857485,0.0,0.023273014391360716,0.018968202125579776,0.03718344171744175
2937.0,1.0,5.0,4294967295.0,4294967295.0,1.0,0.004718805851309713,0.01166326762223916,1665.0,0.0,-1.0,-1.0,0.9996862798937005,0.9695950480857485,0.0,0.023273014391360716,0.018947194721796422,0.037148524376916174
2938.0,1.0,9.0,4294967295.0,4294967295.0,1.0,0.004718805851309713,0.011663267622239152,1666.0,0.0,-1.0,-1.0,0.9996862798937005,0.9695950480857485,0.0,0.023273014391360716,0.018926187318013064,0.03711359792989022
2939.0,1.0,6.0,4294967295.0,4294967295.0,1.0,0.004718805851309715,0.011663267622239152,1667.0,0.0,-1.0,-1.0,0.9996862798937005,0.9695950480857485,0.0,0.023273014391360716,0.01890517991422971,0.03707866237029086
2940.0,1.0,4.0,4294967295.0,4294967295.0,1.0,0.004718805851309717,0.011663267622239149,1668.0,0.0,-1.0,-1.0,0.9996862798937005,0.9695950480857485,0.0,0.023273014391360716,0.018884172510446356,0.03704371769204101
2941.0,1.0,10.0,4294967295.0,4294967295.0,1.0,0.004718805851309717,0.011663267622239145,1669.0,0.0,-1.0,-1.0,0.9996862798937005,0.9695950480857485,0.0,0.023273014391360716,0.018863165106663,0.03700876388905956
2942.0,1.0,3.0,4294967295.0,4294967295.0,1.0,0.004718805851309718,0.011663267622239142,1670.0,1.0,-1.0,-1.0,0.9996862798937005,0.9695950480857485,0.0,0.023273014391360716,0.018842157702879645,0.036973800955261316
2943.0,1.0,8.0,4294967295.0,4294967295.0,1.0,0.00471880585130972,0.011663267622239138,1671.0,0.0,-1.0,-1.0,0.9996862798937005,0.9695950480857485,0.0,0.023273014391360716,0.01882115029909629,0.03693882888455704
2944.0,1.0,10.0,4294967295.0,4294967295.0,1.0,0.00471880585130972,0.011663267622239138,1672.0,0.0,-1.0,-1.0,0.9996862798937005,0.9695950480857485,0.0,0.023273014391360716,0.018800142895312934,0.03690384767085343
2945.0,1.0,3.0,4294967295.0,4294967295.0,1.0,0.004718805851309722,0.011663267622239135,1673.0,2.0,-1.0,-1.0,0.9996862798937005,0.9695950480857485,0.0,0.023273014391360716,0.01877913549152958,0.03686885730805312
2946.0,1.0,13.0,4294967295.0,4294967295.0,1.0,0.004718805851309722,0.011663267622239135,1674.0,0.0,-1.0,-1.0,0.9996862798937005,0.9695950480857485,0.0,0.023273014391360716,0.018758128087746226,0.03683385779005469
2947.0,1.0,5.0,4294967295.0,4294967295.0,1.0,0.004718805851309724,0.011663267622239135,1675.0,0.0,-1.0,-1.0,0.9996862798937005,0.9695950480857485,0.0,0.023273014391360716,0.01873712068396287,0.036798849110752624
2948.0,1.0,12.0,4294967295.0,4294967295.0,1.0,0.004718805851309725,0.011663267622239135,1676.0,0.0,-1.0,-1.0,0.9996862798937005,0.9695950480857485,0.0,0.023273014391360716,0.018716113280179515,0.03676383126403735
2949.0,1.0,4.0,4294967295.0,4294967295.0,1.0,0.004718805851309725,0.011663267622239135,1677.0,1.0,-1.0,-1.0,0.9996862798937005,0.9695950480857485,0.0,0.023273014391360716,0.01869510587639616,0.03672880424379523
2950.0,1.0,4.0,4294967295.0,4294967295.0,1.0,0.004718805851309727,0.011663267622239128,1678.0,1.0,-1.0,-1.0,0.9996862798937005,0.9695950480857485,0.0,0.023273014391360716,0.018674098472612803,0.03669376804390854
2951.0,1.0,6.0,4294967295.0,4294967295.0,1.0,0.004718805851309729,0.011663267622239125,1679.0,0.0,-1.0,-1.0,0.9996862798937005,0.9695950480857485,0.0,0.023273014391360716,0.01865309106882945,0.03665872265825547
2952.0,1.0,4.0,4294967295.0,4294967295.0,1.0,0.004718805851309729,0.011663267622239125,1680.0,2.0,-1.0,-1.0,0.9996862798937005,0.9695950480857485,0.0,0.023273014391360716,0.018632083665046095,0.03662366808071014
2953.0,1.0,9.0,4294967295.0,4294967295.0,1.0,0.004718805851309731,0.011663267622239125,1681.0,1.0,-1.0,-1.0,0.9996862798937005,0.9695950480857485,0.0,0.023273014391360716,0.018611076261262738,0.036588604305142575
2954.0,1.0,7.0,4294967295.0,4294967295.0,1.0,0.004718805851309732,0.011663267622239121,1682.0,0.0,-1.0,-1.0,0.9996862798937005,0.9695950480857485,0.0,0.023273014391360716,0.018590068857479384,0.03655353132541872
2955.0,1.0,6.0,4294967295.0,4294967295.0,1.0,0.004718805851309732,0.011663267622239121,1683.0,1.0,-1.0,-1.0,0.9996862798937005,0.9695950480857485,0.0,0.023273014391360716,0.01856906145369603,0.03651844913540042
2956.0,1.0,6.0,4294967295.0,4294967295.0,1.0,0.004718805851309732,0.011663267622239121,1684.0,0.0,-1.0,-1.0,0.9996862798937005,0.9695950480857485,0.0,0.023273014391360716,0.018548054049912673,0.03648335772894544
2957.0,1.0,13.0,4294967295.0,4294967295.0,1.0,0.004718805851309734,0.011663267622239121,1685.0,0.0,-1.0,-1.0,0.9996862798937005,0.9695950480857485,0.0,0.023273014391360716,0.018527046646129315,0.03644825709990743
2958.0,1.0,2.0,4294967295.0,4294967295.0,1.0,0.004718805851309734,0.011663267622239118,1686.0,2.0,-1.0,-1.0,0.9996862798937005,0.9695950480857485,0.0,0.023273014391360716,0.01850603924234596,0.03641314724213596
2959.0,1.0,8.0,4294967295.0,4294967295.0,1.0,0.004718805851309734,0.011663267622239114,1687.0,0.0,-1.0,-1.0,0.9996862798937005,0.9695950480857485,0.0,0.023273014391360716,0.018485031838562607,0.03637802814947648
2960.0,1.0,3.0,4294967295.0,4294967295.0,1.0,0.004718805851309736,0.011663267622239118,1688.0,0.0,-1.0,-1.0,0.9996862798937005,0.9695950480857485,0.0,0.023273014391360716,0.01846402443477925,0.03634289981577035
2961.0,1.0,5.0,4294967295.0,4294967295.0,1.0,0.004718805851309736,0.011663267622239118,1689.0,1.0,-1.0,-1.0,0.9996862798937005,0.9695950480857485,0.0,0.023273014391360716,0.018443017030995896,0.03630776223485483
2962.0,1.0,5.0,4294967295.0,4294967295.0,1.0,0.004718805851309736,0.011663267622239118,1690.0,0.0,-1.0,-1.0,0.9996862798937005,0.9695950480857485,0.0,0.023273014391360716,0.018422009627212542,0.03627261540056304
2963.0,1.0,4.0,4294967295.0,4294967295.0,1.0,0.004718805851309736,0.011663267622239118,1691.0,1.0,-1.0,-1.0,0.9996862798937005,0.9695950480857485,0.0,0.023273014391360716,0.018401002223429185,0.036237459306724014
2964.0,1.0,8.0,4294967295.0,4294967295.0,1.0,0.0047188058513097375,0.011663267622239114,1692.0,0.0,-1.0,-1.0,0.9996862798937005,0.9695950480857485,0.0,0.023273014391360716,0.018379994819645827,0.03620229394716266
2965.0,1.0,4.0,4294967295.0,4294967295.0,1.0,0.0047188058513097375,0.01166326762223911,1693.0,1.0,-1.0,-1.0,0.9996862798937005,0.9695950480857485,0.0,0.023273014391360716,0.018358987415862473,0.03616711931569977
2966.0,1.0,5.0,4294967295.0,4294967295.0,1.0,0.0047188058513097375,0.01166326762223911,1694.0,0.0,-1.0,-1.0,0.9996862798937005,0.9695950480857485,0.0,0.023273014391360716,0.01833798001207912,0.036131935406152026
2967.0,1.0,5.0,4294967295.0,4294967295.0,1.0,0.004718805851309739,0.01166326762223911,1695.0,0.0,-1.0,-1.0,0.9996862798937005,0.9695950480857485,0.0,0.023273014391360716,0.018316972608295762,0.03609674221233196
2968.0,1.0,8.0,4294967295.0,4294967295.0,1.0,0.004718805851309739,0.01166326762223911,1696.0,0.0,-1.0,-1.0,0.9996862798937005,0.9695950480857485,0.0,0.023273014391360716,0.018295965204512404,0.03606153972804801
2969.0,1.0,6.0,4294967295.0,4294967295.0,1.0,0.004718805851309739,0.01166326762223911,1697.0,2.0,-1.0,-1.0,0.9996862798937005,0.9695950480857485,0.0,0.023273014391360716,0.018274957800729054,0.03602632794710445
2970.0,1.0,7.0,4294967295.0,4294967295.0,1.0,0.004718805851309741,0.01166326762223911,1698.0,0.0,-1.0,-1.0,0.9996862798937005,0.9695950480857485,0.0,0.023273014391360716,0.018253950396945696,0.035991106863301446
2971.0,1.0,5.0,4294967295.0,4294967295.0,1.0,0.004718805851309741,0.011663267622239107,1699.0,0.0,-1.0,-1.0,0.9996862798937005,0.9695950480857485,0.0,0.023273014391360716,0.01823294299316234,0.03595587647043503
2972.0,1.0,5.0,4294967295.0,4294967295.0,1.0,0.004718805851309741,0.011663267622239104,1700.0,0.0,-1.0,-1.0,0.9996862798937005,0.9695950480857485,0.0,0.023273014391360716,0.018211935589378985,0.035920636762297085
2973.0,1.0,9.0,4294967295.0,4294967295.0,1.0,0.0047188058513097444,0.011663267622239104,1701.0,0.0,-1.0,-1.0,0.9996862798937005,0.9695950480857485,0.0,0.023273014391360716,0.01819092818559563,0.03588538773267537
2974.0,1.0,6.0,4294967295.0,4294967295.0,1.0,0.0047188058513097444,0.011663267622239107,1702.0,0.0,-1.0,-1.0,0.9996862798937005,0.9695950480857485,0.0,0.023273014391360716,0.018169920781812274,0.035850129375353486
2975.0,1.0,7.0,4294967295.0,4294967295.0,1.0,0.0047188058513097444,0.011663267622239104,1703.0,3.0,-1.0,-1.0,0.9996862798937005,0.9695950480857485,0.0,0.023273014391360716,0.018148913378028916,0.03581486168411088
2976.0,1.0,8.0,4294967295.0,4294967295.0,1.0,0.004718805851309746,0.0116632676222391,1704.0,0.0,-1.0,-1.0,0.9996862798937005,0.9695950480857485,0.0,0.023273014391360716,0.018127905974245562,0.03577958465272288
2977.0,1.0,2.0,4294967295.0,4294967295.0,1.0,0.004718805851309748,0.011663267622239104,1705.0,0.0,-1.0,-1.0,0.9996862798937005,0.9695950480857485,0.0,0.023273014391360716,0.01810689857046221,0.03574429827496064
2978.0,1.0,9.0,4294967295.0,4294967295.0,1.0,0.004718805851309748,0.011663267622239104,1706.0,0.0,-1.0,-1.0,0.9996862798937005,0.9695950480857485,0.0,0.023273014391360716,0.01808589116667885,0.03570900254459117
2979.0,1.0,5.0,4294967295.0,4294967295.0,1.0,0.00471880585130975,0.0116632676222391,1707.0,0.0,-1.0,-1.0,0.9996862798937005,0.9695950480857485,0.0,0.023273014391360716,0.018064883762895497,0.0356736974553773
2980.0,1.0,8.0,4294967295.0,4294967295.0,1.0,0.004718805851309751,0.0116632676222391,1708.0,0.0,-1.0,-1.0,0.9996862798937005,0.9695950480857485,0.0,0.023273014391360716,0.018043876359112143,0.03563838300107775
2981.0,1.0,8.0,4294967295.0,4294967295.0,1.0,0.004718805851309751,0.011663267622239097,1709.0,1.0,-1.0,-1.0,0.9996862798937005,0.9695950480857485,0.0,0.023273014391360716,0.018022868955328786,0.03560305917544703
2982.0,1.0,4.0,4294967295.0,4294967295.0,1.0,0.004718805851309753,0.011663267622239097,1710.0,1.0,-1.0,-1.0,0.9996862798937005,0.9695950480857485,0.0,0.023273014391360716,0.018001861551545432,0.03556772597223551
2983.0,1.0,6.0,4294967295.0,4294967295.0,1.0,0.004718805851309753,0.011663267622239097,1711.0,0.0,-1.0,-1.0,0.9996862798937005,0.9695950480857485,0.0,0.023273014391360716,0.017980854147762078,0.03553238338518938
2984.0,1.0,4.0,4294967295.0,4294967295.0,1.0,0.004718805851309753,0.0116632676222391,1712.0,1.0,-1.0,-1.0,0.9996862798937005,0.9695950480857485,0.0,0.023273014391360716,0.01795984674397872,0.03549703140805067
2985.0,1.0,12.0,4294967295.0,4294967295.0,1.0,0.004718805851309755,0.011663267622239097,1713.0,0.0,-1.0,-1.0,0.9996862798937005,0.9695950480857485,0.0,0.023273014391360716,0.017938839340195363,0.035461670034557226
2986.0,1.0,3.0,4294967295.0,4294967295.0,1.0,0.004718805851309755,0.011663267622239093,1714.0,0.0,-1.0,-1.0,0.9996862798937005,0.9695950480857485,0.0,0.023273014391360716,0.017917831936412013,0.03542629925844272
2987.0,1.0,10.0,4294967295.0,4294967295.0,1.0,0.004718805851309757,0.01166326762223909,1715.0,0.0,-1.0,-1.0,0.9996862798937005,0.9695950480857485,0.0,0.023273014391360716,0.017896824532628655,0.03539091907343665
2988.0,1.0,1.0,4294967295.0,4294967295.0,1.0,0.004718805851309757,0.011663267622239086,1716.0,1.0,-1.0,-1.0,0.9996862798937005,0.9695950480857485,0.0,0.023273014391360716,0.017875817128845298,0.035355529473264334
2989.0,1.0,4.0,4294967295.0,4294967295.0,1.0,0.004718805851309757,0.011663267622239086,1717.0,0.0,-1.0,-1.0,0.9996862798937005,0.9695950480857485,0.0,0.023273014391360716,0.017854809725061947,0.035320130451646906
2990.0,1.0,6.0,4294967295.0,4294967295.0,1.0,0.004718805851309758,0.011663267622239083,1718.0,1.0,-1.0,-1.0,0.9996862798937005,0.9695950480857485,0.0,0.023273014391360716,0.01783380232127859,0.0352847220023013
2991.0,1.0,5.0,4294967295.0,4294967295.0,1.0,0.004718805851309758,0.011663267622239083,1719.0,0.0,-1.0,-1.0,0.9996862798937005,0.9695950480857485,0.0,0.023273014391360716,0.017812794917495232,0.035249304118940276
2992.0,1.0,5.0,4294967295.0,4294967295.0,1.0,0.004718805851309758,0.011663267622239076,1720.0,0.0,-1.0,-1.0,0.9996862798937005,0.9695950480857485,0.0,0.023273014391360716,0.01779178751371188,0.03521387679527238
2993.0,1.0,5.0,4294967295.0,4294967295.0,1.0,0.00471880585130976,0.011663267622239072,1721.0,1.0,-1.0,-1.0,0.9996862798937005,0.9695950480857485,0.0,0.023273014391360716,0.017770780109928525,0.03517844002500199
2994.0,1.0,9.0,4294967295.0,4294967295.0,1.0,0.00471880585130976,0.011663267622239072,1722.0,2.0,-1.0,-1.0,0.9996862798937005,0.9695950480857485,0.0,0.023273014391360716,0.017749772706145167,0.035142993801829274
2995.0,1.0,5.0,4294967295.0,4294967295.0,1.0,0.00471880585130976,0.011663267622239072,1723.0,0.0,-1.0,-1.0,0.9996862798937005,0.9695950480857485,0.0,0.023273014391360716,0.01772876530236181,0.035107538119450186
2996.0,1.0,7.0,4294967295.0,4294967295.0,1.0,0.00471880585130976,0.011663267622239069,1724.0,0.0,-1.0,-1.0,0.9996862798937005,0.9695950480857485,0.0,0.023273014391360716,0.017707757898578452,0.035072072971556484
2997.0,1.0,3.0,4294967295.0,4294967295.0,1.0,0.004718805851309762,0.011663267622239072,1725.0,0.0,-1.0,-1.0,0.9996862798937005,0.9695950480857485,0.0,0.023273014391360716,0.017686750494795102,0.03503659835183573
2998.0,1.0,8.0,4294967295.0,4294967295.0,1.0,0.004718805851309762,0.011663267622239072,1726.0,0.0,-1.0,-1.0,0.9996862798937005,0.9695950480857485,0.0,0.023273014391360716,0.017665743091011744,0.03500111425397126
2999.0,1.0,7.0,4294967295.0,4294967295.0,1.0,0.004718805851309762,0.011663267622239076,1727.0,0.0,-1.0,-1.0,0.9996862798937005,0.9695950480857485,0.0,0.023273014391360716,0.017644735687228387,0.03496562067164221
3000.0,1.0,6.0,4294967295.0,4294967295.0,1.0,0.0047188058513097635,0.01166326762223908,1728.0,0.0,-1.0,-1.0,0.9996862798937005,0.9695950480857485,0.0,0.023273014391360716,0.017623728283445033,0.0349301175985235
3001.0,1.0,5.0,4294967295.0,4294967295.0,1.0,0.0047188058513097635,0.01166326762223908,1729.0,2.0,-1.0,-1.0,0.9996862798937005,0.9695950480857485,0.0,0.023273014391360716,0.017602720879661676,0.034894605028285806
3002.0,1.0,5.0,4294967295.0,4294967295.0,1.0,0.0047188058513097635,0.011663267622239076,1730.0,2.0,-1.0,-1.0,0.9996862798937005,0.9695950480857485,0.0,0.023273014391360716,0.01758171347587832,0.03485908295459562
3003.0,1.0,5.0,4294967295.0,4294967295.0,1.0,0.0047188058513097635,0.011663267622239076,1731.0,4.0,-1.0,-1.0,0.9996862798937005,0.9695950480857485,0.0,0.023273014391360716,0.017560706072094964,0.034823551371115195
3004.0,1.0,10.0,4294967295.0,4294967295.0,1.0,0.004718805851309765,0.011663267622239072,1732.0,0.0,-1.0,-1.0,0.9996862798937005,0.9695950480857485,0.0,0.023273014391360716,0.017539698668311607,0.03478801027150256
3005.0,1.0,7.0,4294967295.0,4294967295.0,1.0,0.004718805851309765,0.011663267622239076,1733.0,1.0,-1.0,-1.0,0.9996862798937005,0.9695950480857485,0.0,0.023273014391360716,0.017518691264528253,0.0347524596494115
3006.0,1.0,5.0,4294967295.0,4294967295.0,1.0,0.004718805851309765,0.011663267622239076,1734.0,1.0,-1.0,-1.0,0.9996862798937005,0.9695950480857485,0.0,0.023273014391360716,0.0174976838607449,0.03471689949849159
3007.0,1.0,3.0,4294967295.0,4294967295.0,1.0,0.004718805851309767,0.011663267622239076,1735.0,0.0,-1.0,-1.0,0.9996862798937005,0.9695950480857485,0.0,0.023273014391360716,0.01747667645696154,0.03468132981238816
3008.0,1.0,11.0,4294967295.0,4294967295.0,1.0,0.004718805851309767,0.011663267622239072,1736.0,2.0,-1.0,-1.0,0.9996862798937005,0.9695950480857485,0.0,0.023273014391360716,0.017455669053178184,0.03464575058474229
3009.0,1.0,9.0,4294967295.0,4294967295.0,1.0,0.004718805851309767,0.011663267622239069,1737.0,1.0,-1.0,-1.0,0.9996862798937005,0.9695950480857485,0.0,0.023273014391360716,0.017434661649394834,0.03461016180919084
3010.0,1.0,7.0,4294967295.0,4294967295.0,1.0,0.0047188058513097705,0.011663267622239066,1738.0,1.0,-1.0,-1.0,0.9996862798937005,0.9695950480857485,0.0,0.023273014391360716,0.017413654245611476,0.03457456347936642
3011.0,1.0,4.0,4294967295.0,4294967295.0,1.0,0.0047188058513097705,0.011663267622239066,1739.0,0.0,-1.0,-1.0,0.9996862798937005,0.9695950480857485,0.0,0.023273014391360716,0.01739264684182812,0.03453895558889738
3012.0,1.0,7.0,4294967295.0,4294967295.0,1.0,0.0047188058513097705,0.011663267622239066,1740.0,2.0,-1.0,-1.0,0.9996862798937005,0.9695950480857485,0.0,0.023273014391360716,0.01737163943804477,0.03450333813140784
3013.0,1.0,7.0,4294967295.0,4294967295.0,1.0,0.004718805851309774,0.011663267622239062,1741.0,1.0,-1.0,-1.0,0.9996862798937005,0.9695950480857485,0.0,0.023273014391360716,0.01735063203426141,0.034467711100517655
3014.0,1.0,4.0,4294967295.0,4294967295.0,1.0,0.004718805851309774,0.011663267622239059,1742.0,1.0,-1.0,-1.0,0.9996862798937005,0.9695950480857485,0.0,0.023273014391360716,0.017329624630478054,0.03443207448984244
3015.0,1.0,8.0,4294967295.0,4294967295.0,1.0,0.004718805851309774,0.011663267622239062,1743.0,3.0,-1.0,-1.0,0.9996862798937005,0.9695950480857485,0.0,0.023273014391360716,0.0173086172266947,0.03439642829299353
3016.0,1.0,10.0,4294967295.0,4294967295.0,1.0,0.004718805851309776,0.011663267622239059,1744.0,0.0,-1.0,-1.0,0.9996862798937005,0.9695950480857485,0.0,0.023273014391360716,0.017287609822911346,0.034360772503578024
3017.0,1.0,1.0,4294967295.0,4294967295.0,1.0,0.004718805851309777,0.011663267622239052,1745.0,1.0,-1.0,-1.0,0.9996862798937005,0.9695950480857485,0.0,0.023273014391360716,0.017266602419127988,0.03432510711519873
3018.0,1.0,4.0,4294967295.0,4294967295.0,1.0,0.004718805851309777,0.011663267622239052,1746.0,0.0,-1.0,-1.0,0.9996862798937005,0.9695950480857485,0.0,0.023273014391360716,0.017245595015344634,0.03428943212145422
3019.0,1.0,5.0,4294967295.0,4294967295.0,1.0,0.004718805851309777,0.011663267622239048,1747.0,0.0,-1.0,-1.0,0.9996862798937005,0.9695950480857485,0.0,0.023273014391360716,0.01722458761156128,0.03425374751593878
3020.0,1.0,6.0,4294967295.0,4294967295.0,1.0,0.004718805851309777,0.011663267622239048,1748.0,1.0,-1.0,-1.0,0.9996862798937005,0.9695950480857485,0.0,0.023273014391360716,0.017203580207777923,0.03421805329224242
3021.0,1.0,8.0,4294967295.0,4294967295.0,1.0,0.004718805851309777,0.011663267622239041,1749.0,0.0,-1.0,-1.0,0.9996862798937005,0.9695950480857485,0.0,0.023273014391360716,0.017182572803994565,0.034182349443950884
3022.0,1.0,9.0,4294967295.0,4294967295.0,1.0,0.004718805851309777,0.011663267622239038,1750.0,1.0,-1.0,-1.0,0.9996862798937005,0.9695950480857485,0.0,0.023273014391360716,0.01716156540021121,0.034146635964645636
3023.0,1.0,6.0,4294967295.0,4294967295.0,1.0,0.004718805851309777,0.011663267622239034,1751.0,1.0,-1.0,-1.0,0.9996862798937005,0.9695950480857485,0.0,0.023273014391360716,0.017140557996427858,0.03411091284790386
3024.0,1.0,8.0,4294967295.0,4294967295.0,1.0,0.004718805851309779,0.011663267622239034,1752.0,0.0,-1.0,-1.0,0.9996862798937005,0.9695950480857485,0.0,0.023273014391360716,0.0171195505926445,0.03407518008729846
3025.0,1.0,9.0,4294967295.0,4294967295.0,1.0,0.004718805851309779,0.011663267622239038,1753.0,0.0,-1.0,-1.0,0.9996862798937005,0.9695950480857485,0.0,0.023273014391360716,0.017098543188861143,0.03403943767639804
3026.0,1.0,6.0,4294967295.0,4294967295.0,1.0,0.004718805851309779,0.01166326762223903,1754.0,0.0,-1.0,-1.0,0.9996862798937005,0.9695950480857485,0.0,0.023273014391360716,0.01707753578507779,0.03400368560876693
3027.0,1.0,5.0,4294967295.0,4294967295.0,1.0,0.004718805851309781,0.011663267622239024,1755.0,0.0,-1.0,-1.0,0.9996862798937005,0.9695950480857485,0.0,0.023273014391360716,0.017056528381294435,0.03396792387796517
3028.0,1.0,6.0,4294967295.0,4294967295.0,1.0,0.004718805851309781,0.01166326762223902,1756.0,0.0,-1.0,-1.0,0.9996862798937005,0.9695950480857485,0.0,0.023273014391360716,0.017035520977511077,0.03393215247754849
3029.0,1.0,4.0,4294967295.0,4294967295.0,1.0,0.004718805851309781,0.011663267622239014,1757.0,0.0,-1.0,-1.0,0.9996862798937005,0.9695950480857485,0.0,0.023273014391360716,0.01701451357372772,0.033896371401068326
3030.0,1.0,4.0,4294967295.0,4294967295.0,1.0,0.004718805851309783,0.011663267622239014,1758.0,1.0,-1.0,-1.0,0.9996862798937005,0.9695950480857485,0.0,0.023273014391360716,0.016993506169944366,0.033860580642071834
3031.0,1.0,4.0,4294967295.0,4294967295.0,1.0,0.004718805851309783,0.01166326762223901,1759.0,1.0,-1.0,-1.0,0.9996862798937005,0.9695950480857485,0.0,0.023273014391360716,0.016972498766161012,0.033824780194101844
3032.0,1.0,5.0,4294967295.0,4294967295.0,1.0,0.004718805851309783,0.01166326762223901,1760.0,0.0,-1.0,-1.0,0.9996862798937005,0.9695950480857485,0.0,0.023273014391360716,0.016951491362377655,0.033788970050696886
3033.0,1.0,3.0,4294967295.0,4294967295.0,1.0,0.004718805851309784,0.011663267622239007,1761.0,0.0,-1.0,-1.0,0.9996862798937005,0.9695950480857485,0.0,0.023273014391360716,0.016930483958594297,0.03375315020539117
3034.0,1.0,8.0,4294967295.0,4294967295.0,1.0,0.004718805851309784,0.011663267622239007,1762.0,1.0,-1.0,-1.0,0.9996862798937005,0.9695950480857485,0.0,0.023273014391360716,0.016909476554810943,0.03371732065171463
3035.0,1.0,4.0,4294967295.0,4294967295.0,1.0,0.004718805851309784,0.011663267622239003,1763.0,1.0,-1.0,-1.0,0.9996862798937005,0.9695950480857485,0.0,0.023273014391360716,0.016888469151027586,0.033681481383192845
3036.0,1.0,4.0,4294967295.0,4294967295.0,1.0,0.004718805851309784,0.011663267622239003,1764.0,0.0,-1.0,-1.0,0.9996862798937005,0.9695950480857485,0.0,0.023273014391360716,0.016867461747244232,0.03364563239334709
3037.0,1.0,7.0,4294967295.0,4294967295.0,1.0,0.004718805851309786,0.011663267622239007,1765.0,2.0,-1.0,-1.0,0.9996862798937005,0.9695950480857485,0.0,0.023273014391360716,0.016846454343460875,0.033609773675694336
3038.0,1.0,11.0,4294967295.0,4294967295.0,1.0,0.004718805851309788,0.011663267622239007,1766.0,1.0,-1.0,-1.0,0.9996862798937005,0.9695950480857485,0.0,0.023273014391360716,0.01682544693967752,0.0335739052237472
3039.0,1.0,3.0,4294967295.0,4294967295.0,1.0,0.004718805851309788,0.011663267622239007,1767.0,0.0,-1.0,-1.0,0.9996862798937005,0.9695950480857485,0.0,0.023273014391360716,0.016804439535894167,0.033538027031013995
3040.0,1.0,5.0,4294967295.0,4294967295.0,1.0,0.004718805851309788,0.011663267622239003,1768.0,1.0,-1.0,-1.0,0.9996862798937005,0.9695950480857485,0.0,0.023273014391360716,0.01678343213211081,0.033502139090998695
3041.0,1.0,4.0,4294967295.0,4294967295.0,1.0,0.004718805851309791,0.011663267622238996,1769.0,0.0,-1.0,-1.0,0.9996862798937005,0.9695950480857485,0.0,0.023273014391360716,0.016762424728327455,0.03346624139720095
3042.0,1.0,4.0,4294967295.0,4294967295.0,1.0,0.004718805851309791,0.011663267622238993,1770.0,0.0,-1.0,-1.0,0.9996862798937005,0.9695950480857485,0.0,0.023273014391360716,0.0167414173245441,0.03343033394311607
3043.0,1.0,10.0,4294967295.0,4294967295.0,1.0,0.004718805851309791,0.01166326762223899,1771.0,1.0,-1.0,-1.0,0.9996862798937005,0.9695950480857485,0.0,0.023273014391360716,0.016720409920760744,0.03339441672223503
3044.0,1.0,7.0,4294967295.0,4294967295.0,1.0,0.004718805851309795,0.011663267622238993,1772.0,1.0,-1.0,-1.0,0.9996862798937005,0.9695950480857485,0.0,0.023273014391360716,0.01669940251697739,0.03335848972804446
3045.0,1.0,8.0,4294967295.0,4294967295.0,1.0,0.004718805851309795,0.011663267622238993,1773.0,0.0,-1.0,-1.0,0.9996862798937005,0.9695950480857485,0.0,0.023273014391360716,0.016678395113194036,0.03332255295402665
3046.0,1.0,4.0,4294967295.0,4294967295.0,1.0,0.004718805851309795,0.011663267622238996,1774.0,1.0,-1.0,-1.0,0.9996862798937005,0.9695950480857485,0.0,0.023273014391360716,0.01665738770941068,0.03328660639365953
3047.0,1.0,4.0,4294967295.0,4294967295.0,1.0,0.0047188058513097965,0.011663267622238996,1775.0,2.0,-1.0,-1.0,0.9996862798937005,0.9695950480857485,0.0,0.023273014391360716,0.016636380305627325,0.033250650040416704
3048.0,1.0,6.0,4294967295.0,4294967295.0,1.0,0.0047188058513097965,0.011663267622238996,1776.0,0.0,-1.0,-1.0,0.9996862798937005,0.9695950480857485,0.0,0.023273014391360716,0.01661537290184397,0.03321468388776741
3049.0,1.0,4.0,4294967295.0,4294967295.0,1.0,0.0047188058513097965,0.011663267622238993,1777.0,0.0,-1.0,-1.0,0.9996862798937005,0.9695950480857485,0.0,0.023273014391360716,0.016594365498060613,0.03317870792917652
3050.0,1.0,6.0,4294967295.0,4294967295.0,1.0,0.004718805851309798,0.011663267622238993,1778.0,1.0,-1.0,-1.0,0.9996862798937005,0.9695950480857485,0.0,0.023273014391360716,0.01657335809427726,0.03314272215810458
3051.0,1.0,7.0,4294967295.0,4294967295.0,1.0,0.004718805851309798,0.011663267622238993,1779.0,0.0,-1.0,-1.0,0.9996862798937005,0.9695950480857485,0.0,0.023273014391360716,0.016552350690493902,0.03310672656800774
3052.0,1.0,6.0,4294967295.0,4294967295.0,1.0,0.004718805851309798,0.011663267622238993,1780.0,0.0,-1.0,-1.0,0.9996862798937005,0.9695950480857485,0.0,0.023273014391360716,0.016531343286710548,0.033070721152337806
3053.0,1.0,13.0,4294967295.0,4294967295.0,1.0,0.0047188058513098,0.011663267622238993,1781.0,0.0,-1.0,-1.0,0.9996862798937005,0.9695950480857485,0.0,0.023273014391360716,0.01651033588292719,0.033034705904542216
3054.0,1.0,3.0,4294967295.0,4294967295.0,1.0,0.0047188058513098,0.011663267622238993,1782.0,1.0,-1.0,-1.0,0.9996862798937005,0.9695950480857485,0.0,0.023273014391360716,0.016489328479143833,0.03299868081806402
3055.0,1.0,4.0,4294967295.0,4294967295.0,1.0,0.0047188058513098,0.01166326762223899,1783.0,0.0,-1.0,-1.0,0.9996862798937005,0.9695950480857485,0.0,0.023273014391360716,0.01646832107536048,0.03296264588634193
3056.0,1.0,5.0,4294967295.0,4294967295.0,1.0,0.0047188058513098,0.01166326762223899,1784.0,1.0,-1.0,-1.0,0.9996862798937005,0.9695950480857485,0.0,0.023273014391360716,0.016447313671577125,0.032926601102810246
3057.0,1.0,10.0,4294967295.0,4294967295.0,1.0,0.004718805851309802,0.01166326762223899,1785.0,0.0,-1.0,-1.0,0.9996862798937005,0.9695950480857485,0.0,0.023273014391360716,0.016426306267793768,0.03289054646089891
3058.0,1.0,4.0,4294967295.0,4294967295.0,1.0,0.004718805851309802,0.01166326762223899,1786.0,1.0,-1.0,-1.0,0.9996862798937005,0.9695950480857485,0.0,0.023273014391360716,0.01640529886401041,0.03285448195403347
3059.0,1.0,12.0,4294967295.0,4294967295.0,1.0,0.004718805851309802,0.011663267622238986,1787.0,1.0,-1.0,-1.0,0.9996862798937005,0.9695950480857485,0.0,0.023273014391360716,0.016384291460227057,0.03281840757563511
3060.0,1.0,3.0,4294967295.0,4294967295.0,1.0,0.004718805851309803,0.011663267622238986,1788.0,0.0,-1.0,-1.0,0.9996862798937005,0.9695950480857485,0.0,0.023273014391360716,0.016363284056443703,0.032782323319120614
3061.0,1.0,3.0,4294967295.0,4294967295.0,1.0,0.004718805851309803,0.011663267622238986,1789.0,1.0,-1.0,-1.0,0.9996862798937005,0.9695950480857485,0.0,0.023273014391360716,0.016342276652660345,0.03274622917790237
3062.0,1.0,7.0,4294967295.0,4294967295.0,1.0,0.004718805851309803,0.011663267622238982,1790.0,0.0,-1.0,-1.0,0.9996862798937005,0.9695950480857485,0.0,0.023273014391360716,0.016321269248876988,0.032710125145388375
3063.0,1.0,4.0,4294967295.0,4294967295.0,1.0,0.004718805851309803,0.011663267622238982,1791.0,0.0,-1.0,-1.0,0.9996862798937005,0.9695950480857485,0.0,0.023273014391360716,0.016300261845093634,0.032674011214982236
3064.0,1.0,7.0,4294967295.0,4294967295.0,1.0,0.004718805851309805,0.011663267622238986,1792.0,3.0,-1.0,-1.0,0.9996862798937005,0.9695950480857485,0.0,0.023273014391360716,0.01627925444131028,0.032637887380083164
3065.0,1.0,12.0,4294967295.0,4294967295.0,1.0,0.004718805851309805,0.011663267622238982,1793.0,1.0,-1.0,-1.0,0.9996862798937005,0.9695950480857485,0.0,0.023273014391360716,0.016258247037526923,0.03260175363408595
3066.0,1.0,9.0,4294967295.0,4294967295.0,1.0,0.004718805851309807,0.011663267622238982,1794.0,1.0,-1.0,-1.0,0.9996862798937005,0.9695950480857485,0.0,0.023273014391360716,0.01623723963374357,0.032565609970381
3067.0,1.0,7.0,4294967295.0,4294967295.0,1.0,0.004718805851309809,0.011663267622238979,1795.0,1.0,-1.0,-1.0,0.9996862798937005,0.9695950480857485,0.0,0.023273014391360716,0.016216232229960215,0.032529456382354306
3068.0,1.0,10.0,4294967295.0,4294967295.0,1.0,0.004718805851309809,0.011663267622238972,1796.0,1.0,-1.0,-1.0,0.9996862798937005,0.9695950480857485,0.0,0.023273014391360716,0.016195224826176857,0.032493292863387445
3069.0,1.0,6.0,4294967295.0,4294967295.0,1.0,0.00471880585130981,0.011663267622238968,1797.0,0.0,-1.0,-1.0,0.9996862798937005,0.9695950480857485,0.0,0.023273014391360716,0.016174217422393503,0.03245711940685759
3070.0,1.0,3.0,4294967295.0,4294967295.0,1.0,0.004718805851309812,0.011663267622238961,1798.0,0.0,-1.0,-1.0,0.9996862798937005,0.9695950480857485,0.0,0.023273014391360716,0.01615321001861015,0.03242093600613747
3071.0,1.0,6.0,4294967295.0,4294967295.0,1.0,0.004718805851309812,0.011663267622238961,1799.0,0.0,-1.0,-1.0,0.9996862798937005,0.9695950480857485,0.0,0.023273014391360716,0.016132202614826792,0.03238474265459544
3072.0,1.0,5.0,4294967295.0,4294967295.0,1.0,0.004718805851309814,0.011663267622238961,1800.0,0.0,-1.0,-1.0,0.9996862798937005,0.9695950480857485,0.0,0.023273014391360716,0.016111195211043438,0.0323485393455954
3073.0,1.0,4.0,4294967295.0,4294967295.0,1.0,0.004718805851309816,0.011663267622238961,1801.0,1.0,-1.0,-1.0,0.9996862798937005,0.9695950480857485,0.0,0.023273014391360716,0.016090187807260084,0.032312326072496816
3074.0,1.0,8.0,4294967295.0,4294967295.0,1.0,0.004718805851309816,0.011663267622238955,1802.0,1.0,-1.0,-1.0,0.9996862798937005,0.9695950480857485,0.0,0.023273014391360716,0.016069180403476727,0.03227610282865476
3075.0,1.0,3.0,4294967295.0,4294967295.0,1.0,0.004718805851309817,0.011663267622238958,1803.0,0.0,-1.0,-1.0,0.9996862798937005,0.9695950480857485,0.0,0.023273014391360716,0.016048172999693373,0.03223986960741984
3076.0,1.0,9.0,4294967295.0,4294967295.0,1.0,0.004718805851309819,0.011663267622238951,1804.0,1.0,-1.0,-1.0,0.9996862798937005,0.9695950480857485,0.0,0.023273014391360716,0.016027165595910015,0.03220362640213825
3077.0,1.0,7.0,4294967295.0,4294967295.0,1.0,0.004718805851309819,0.011663267622238948,1805.0,0.0,-1.0,-1.0,0.9996862798937005,0.9695950480857485,0.0,0.023273014391360716,0.01600615819212666,0.03216737320615174
3078.0,1.0,6.0,4294967295.0,4294967295.0,1.0,0.004718805851309819,0.011663267622238951,1806.0,0.0,-1.0,-1.0,0.9996862798937005,0.9695950480857485,0.0,0.023273014391360716,0.015985150788343304,0.032131110012797615
3079.0,1.0,5.0,4294967295.0,4294967295.0,1.0,0.004718805851309819,0.011663267622238948,1807.0,0.0,-1.0,-1.0,0.9996862798937005,0.9695950480857485,0.0,0.023273014391360716,0.015964143384559946,0.03209483681540874
3080.0,1.0,4.0,4294967295.0,4294967295.0,1.0,0.004718805851309821,0.011663267622238951,1808.0,0.0,-1.0,-1.0,0.9996862798937005,0.9695950480857485,0.0,0.023273014391360716,0.015943135980776593,0.03205855360731355
3081.0,1.0,9.0,4294967295.0,4294967295.0,1.0,0.004718805851309821,0.011663267622238955,1809.0,1.0,-1.0,-1.0,0.9996862798937005,0.9695950480857485,0.0,0.023273014391360716,0.01592212857699324,0.032022260381836
3082.0,1.0,7.0,4294967295.0,4294967295.0,1.0,0.004718805851309821,0.011663267622238955,1810.0,1.0,-1.0,-1.0,0.9996862798937005,0.9695950480857485,0.0,0.023273014391360716,0.01590112117320988,0.03198595713229561
3083.0,1.0,9.0,4294967295.0,4294967295.0,1.0,0.0047188058513098225,0.011663267622238955,1811.0,0.0,-1.0,-1.0,0.9996862798937005,0.9695950480857485,0.0,0.023273014391360716,0.015880113769426524,0.031949643852007444
3084.0,1.0,2.0,4294967295.0,4294967295.0,1.0,0.0047188058513098225,0.011663267622238951,1812.0,1.0,-1.0,-1.0,0.9996862798937005,0.9695950480857485,0.0,0.023273014391360716,0.01585910636564317,0.03191332053428211
3085.0,1.0,7.0,4294967295.0,4294967295.0,1.0,0.0047188058513098225,0.011663267622238944,1813.0,2.0,-1.0,-1.0,0.9996862798937005,0.9695950480857485,0.0,0.023273014391360716,0.015838098961859812,0.03187698717242574
3086.0,1.0,5.0,4294967295.0,4294967295.0,1.0,0.0047188058513098225,0.011663267622238948,1814.0,0.0,-1.0,-1.0,0.9996862798937005,0.9695950480857485,0.0,0.023273014391360716,0.01581709155807646,0.031840643759740044
3087.0,1.0,8.0,4294967295.0,4294967295.0,1.0,0.004718805851309824,0.011663267622238951,1815.0,1.0,-1.0,-1.0,0.9996862798937005,0.9695950480857485,0.0,0.023273014391360716,0.0157960841542931,0.03180429028952221
3088.0,1.0,8.0,4294967295.0,4294967295.0,1.0,0.004718805851309824,0.011663267622238951,1816.0,0.0,-1.0,-1.0,0.9996862798937005,0.9695950480857485,0.0,0.023273014391360716,0.015775076750509744,0.03176792675506499
3089.0,1.0,3.0,4294967295.0,4294967295.0,1.0,0.004718805851309824,0.011663267622238951,1817.0,1.0,-1.0,-1.0,0.9996862798937005,0.9695950480857485,0.0,0.023273014391360716,0.015754069346726393,0.03173155314965665
3090.0,1.0,6.0,4294967295.0,4294967295.0,1.0,0.004718805851309826,0.011663267622238951,1818.0,1.0,-1.0,-1.0,0.9996862798937005,0.9695950480857485,0.0,0.023273014391360716,0.015733061942943036,0.031695169466580984
3091.0,1.0,5.0,4294967295.0,4294967295.0,1.0,0.004718805851309826,0.011663267622238948,1819.0,0.0,-1.0,-1.0,0.9996862798937005,0.9695950480857485,0.0,0.023273014391360716,0.01571205453915968,0.031658775699117306
3092.0,1.0,9.0,4294967295.0,4294967295.0,1.0,0.004718805851309826,0.011663267622238948,1820.0,2.0,-1.0,-1.0,0.9996862798937005,0.9695950480857485,0.0,0.023273014391360716,0.015691047135376324,0.03162237184054045
3093.0,1.0,8.0,4294967295.0,4294967295.0,1.0,0.004718805851309828,0.011663267622238948,1821.0,3.0,-1.0,-1.0,0.9996862798937005,0.9695950480857485,0.0,0.023273014391360716,0.01567003973159297,0.03158595788412078
3094.0,1.0,7.0,4294967295.0,4294967295.0,1.0,0.0047188058513098294,0.011663267622238944,1822.0,1.0,-1.0,-1.0,0.9996862798937005,0.9695950480857485,0.0,0.023273014391360716,0.015649032327809613,0.03154953382312413
3095.0,1.0,7.0,4294967295.0,4294967295.0,1.0,0.0047188058513098294,0.01166326762223894,1823.0,0.0,-1.0,-1.0,0.9996862798937005,0.9695950480857485,0.0,0.023273014391360716,0.01562802492402626,0.031513099650811886
3096.0,1.0,9.0,4294967295.0,4294967295.0,1.0,0.004718805851309831,0.011663267622238937,1824.0,1.0,-1.0,-1.0,0.9996862798937005,0.9695950480857485,0.0,0.023273014391360716,0.015607017520242903,0.03147665536044092
3097.0,1.0,10.0,4294967295.0,4294967295.0,1.0,0.004718805851309833,0.011663267622238934,1825.0,0.0,-1.0,-1.0,0.9996862798937005,0.9695950480857485,0.0,0.023273014391360716,0.015586010116459548,0.031440200945263605
3098.0,1.0,6.0,4294967295.0,4294967295.0,1.0,0.004718805851309833,0.011663267622238934,1826.0,0.0,-1.0,-1.0,0.9996862798937005,0.9695950480857485,0.0,0.023273014391360716,0.015565002712676192,0.03140373639852783
3099.0,1.0,1.0,4294967295.0,4294967295.0,1.0,0.004718805851309833,0.01166326762223893,1827.0,0.0,-1.0,-1.0,0.9996862798937005,0.9695950480857485,0.0,0.023273014391360716,0.015543995308892836,0.031367261713476965
3100.0,1.0,4.0,4294967295.0,4294967295.0,1.0,0.004718805851309835,0.01166326762223893,1828.0,0.0,-1.0,-1.0,0.9996862798937005,0.9695950480857485,0.0,0.023273014391360716,0.015522987905109482,0.031330776883349884
3101.0,1.0,1.0,4294967295.0,4294967295.0,1.0,0.004718805851309835,0.01166326762223893,1829.0,1.0,-1.0,-1.0,0.9996862798937005,0.9695950480857485,0.0,0.023273014391360716,0.015501980501326125,0.031294281901380935
3102.0,1.0,8.0,4294967295.0,4294967295.0,1.0,0.004718805851309835,0.011663267622238927,1830.0,1.0,-1.0,-1.0,0.9996862798937005,0.9695950480857485,0.0,0.023273014391360716,0.01548097309754277,0.031257776760799987
3103.0,1.0,4.0,4294967295.0,4294967295.0,1.0,0.004718805851309836,0.011663267622238927,1831.0,1.0,-1.0,-1.0,0.9996862798937005,0.9695950480857485,0.0,0.023273014391360716,0.015459965693759415,0.03122126145483236
3104.0,1.0,12.0,4294967295.0,4294967295.0,1.0,0.004718805851309838,0.011663267622238923,1832.0,1.0,-1.0,-1.0,0.9996862798937005,0.9695950480857485,0.0,0.023273014391360716,0.015438958289976058,0.031184735976698873
3105.0,1.0,5.0,4294967295.0,4294967295.0,1.0,0.004718805851309838,0.011663267622238923,1833.0,1.0,-1.0,-1.0,0.9996862798937005,0.9695950480857485,0.0,0.023273014391360716,0.015417950886192702,0.031148200319615814
3106.0,1.0,8.0,4294967295.0,4294967295.0,1.0,0.004718805851309838,0.011663267622238916,1834.0,0.0,-1.0,-1.0,0.9996862798937005,0.9695950480857485,0.0,0.023273014391360716,0.015396943482409348,0.031111654476794967
3107.0,1.0,3.0,4294967295.0,4294967295.0,1.0,0.00471880585130984,0.011663267622238913,1835.0,0.0,-1.0,-1.0,0.9996862798937005,0.9695950480857485,0.0,0.023273014391360716,0.015375936078625991,0.03107509844144357
3108.0,1.0,9.0,4294967295.0,4294967295.0,1.0,0.00471880585130984,0.01166326762223891,1836.0,1.0,-1.0,-1.0,0.9996862798937005,0.9695950480857485,0.0,0.023273014391360716,0.015354928674842635,0.031038532206764335
3109.0,1.0,6.0,4294967295.0,4294967295.0,1.0,0.00471880585130984,0.011663267622238906,1837.0,2.0,-1.0,-1.0,0.9996862798937005,0.9695950480857485,0.0,0.023273014391360716,0.015333921271059281,0.03100195576595545
3110.0,1.0,6.0,4294967295.0,4294967295.0,1.0,0.004718805851309842,0.011663267622238902,1838.0,0.0,-1.0,-1.0,0.9996862798937005,0.9695950480857485,0.0,0.023273014391360716,0.015312913867275924,0.030965369112210553
3111.0,1.0,5.0,4294967295.0,4294967295.0,1.0,0.004718805851309842,0.011663267622238899,1839.0,0.0,-1.0,-1.0,0.9996862798937005,0.9695950480857485,0.0,0.023273014391360716,0.015291906463492568,0.03092877223871876
3112.0,1.0,5.0,4294967295.0,4294967295.0,1.0,0.004718805851309842,0.011663267622238899,1840.0,1.0,-1.0,-1.0,0.9996862798937005,0.9695950480857485,0.0,0.023273014391360716,0.015270899059709214,0.030892165138664628
3113.0,1.0,6.0,4294967295.0,4294967295.0,1.0,0.004718805851309843,0.011663267622238902,1841.0,1.0,-1.0,-1.0,0.9996862798937005,0.9695950480857485,0.0,0.023273014391360716,0.015249891655925857,0.030855547805228173
3114.0,1.0,6.0,4294967295.0,4294967295.0,1.0,0.004718805851309843,0.011663267622238902,1842.0,0.0,-1.0,-1.0,0.9996862798937005,0.9695950480857485,0.0,0.023273014391360716,0.015228884252142501,0.03081892023158487
3115.0,1.0,7.0,4294967295.0,4294967295.0,1.0,0.004718805851309843,0.011663267622238899,1843.0,2.0,-1.0,-1.0,0.9996862798937005,0.9695950480857485,0.0,0.023273014391360716,0.015207876848359147,0.03078228241090563
3116.0,1.0,9.0,4294967295.0,4294967295.0,1.0,0.004718805851309845,0.011663267622238896,1844.0,1.0,-1.0,-1.0,0.9996862798937005,0.9695950480857485,0.0,0.023273014391360716,0.01518686944457579,0.030745634336356825
3117.0,1.0,3.0,4294967295.0,4294967295.0,1.0,0.004718805851309845,0.011663267622238896,1845.0,1.0,-1.0,-1.0,0.9996862798937005,0.9695950480857485,0.0,0.023273014391360716,0.015165862040792434,0.030708976001100265
3118.0,1.0,3.0,4294967295.0,4294967295.0,1.0,0.004718805851309845,0.011663267622238892,1846.0,2.0,-1.0,-1.0,0.9996862798937005,0.9695950480857485,0.0,0.023273014391360716,0.01514485463700908,0.030672307398293193
3119.0,1.0,8.0,4294967295.0,4294967295.0,1.0,0.004718805851309847,0.011663267622238892,1847.0,1.0,-1.0,-1.0,0.9996862798937005,0.9695950480857485,0.0,0.023273014391360716,0.015123847233225723,0.030635628521088303
3120.0,1.0,3.0,4294967295.0,4294967295.0,1.0,0.004718805851309845,0.011663267622238889,1848.0,2.0,-1.0,-1.0,0.9996862798937005,0.9695950480857485,0.0,0.023273014391360716,0.015102839829442365,0.030598939362633693
3121.0,1.0,9.0,4294967295.0,4294967295.0,1.0,0.004718805851309845,0.011663267622238885,1849.0,1.0,-1.0,-1.0,0.9996862798937005,0.9695950480857485,0.0,0.023273014391360716,0.01508183242565901,0.030562239916072924
3122.0,1.0,6.0,4294967295.0,4294967295.0,1.0,0.004718805851309845,0.011663267622238878,1850.0,1.0,-1.0,-1.0,0.9996862798937005,0.9695950480857485,0.0,0.023273014391360716,0.015060825021875652,0.03052553017454497
3123.0,1.0,9.0,4294967295.0,4294967295.0,1.0,0.004718805851309843,0.011663267622238871,1851.0,0.0,-1.0,-1.0,0.9996862798937005,0.9695950480857485,0.0,0.023273014391360716,0.015039817618092295,0.03048881013118423
3124.0,1.0,4.0,4294967295.0,4294967295.0,1.0,0.004718805851309845,0.011663267622238871,1852.0,0.0,-1.0,-1.0,0.9996862798937005,0.9695950480857485,0.0,0.023273014391360716,0.01501881021430894,0.03045207977912054
3125.0,1.0,8.0,4294967295.0,4294967295.0,1.0,0.004718805851309845,0.011663267622238871,1853.0,0.0,-1.0,-1.0,0.9996862798937005,0.9695950480857485,0.0,0.023273014391360716,0.014997802810525582,0.030415339111479117
3126.0,1.0,9.0,4294967295.0,4294967295.0,1.0,0.004718805851309843,0.011663267622238871,1854.0,0.0,-1.0,-1.0,0.9996862798937005,0.9695950480857485,0.0,0.023273014391360716,0.014976795406742224,0.030378588121380633
3127.0,1.0,4.0,4294967295.0,4294967295.0,1.0,0.004718805851309845,0.011663267622238871,1855.0,0.0,-1.0,-1.0,0.9996862798937005,0.9695950480857485,0.0,0.023273014391360716,0.014955788002958869,0.030341826801941148
3128.0,1.0,4.0,4294967295.0,4294967295.0,1.0,0.004718805851309845,0.011663267622238868,1856.0,1.0,-1.0,-1.0,0.9996862798937005,0.9695950480857485,0.0,0.023273014391360716,0.014934780599175511,0.030305055146272138
3129.0,1.0,6.0,4294967295.0,4294967295.0,1.0,0.004718805851309845,0.011663267622238864,1857.0,1.0,-1.0,-1.0,0.9996862798937005,0.9695950480857485,0.0,0.023273014391360716,0.014913773195392156,0.03026827314748049
3130.0,1.0,3.0,4294967295.0,4294967295.0,1.0,0.004718805851309847,0.011663267622238868,1858.0,0.0,-1.0,-1.0,0.9996862798937005,0.9695950480857485,0.0,0.023273014391360716,0.0148927657916088,0.03023148079866849
3131.0,1.0,7.0,4294967295.0,4294967295.0,1.0,0.0047188058513098485,0.011663267622238864,1859.0,1.0,-1.0,-1.0,0.9996862798937005,0.9695950480857485,0.0,0.023273014391360716,0.014871758387825444,0.030194678092933816
3132.0,1.0,8.0,4294967295.0,4294967295.0,1.0,0.0047188058513098485,0.011663267622238864,1860.0,1.0,-1.0,-1.0,0.9996862798937005,0.9695950480857485,0.0,0.023273014391360716,0.014850750984042089,0.030157865023369562
3133.0,1.0,12.0,4294967295.0,4294967295.0,1.0,0.00471880585130985,0.011663267622238864,1861.0,1.0,-1.0,-1.0,0.9996862798937005,0.9695950480857485,0.0,0.023273014391360716,0.014829743580258733,0.030121041583064202
3134.0,1.0,7.0,4294967295.0,4294967295.0,1.0,0.004718805851309852,0.011663267622238864,1862.0,1.0,-1.0,-1.0,0.9996862798937005,0.9695950480857485,0.0,0.023273014391360716,0.014808736176475377,0.030084207765101595
3135.0,1.0,4.0,4294967295.0,4294967295.0,1.0,0.004718805851309852,0.011663267622238864,1863.0,3.0,-1.0,-1.0,0.9996862798937005,0.9695950480857485,0.0,0.023273014391360716,0.014787728772692021,0.030047363562561005
3136.0,1.0,15.0,4294967295.0,4294967295.0,1.0,0.004718805851309854,0.01166326762223886,1864.0,0.0,-1.0,-1.0,0.9996862798937005,0.9695950480857485,0.0,0.023273014391360716,0.014766721368908664,0.03001050896851707
3137.0,1.0,2.0,4294967295.0,4294967295.0,1.0,0.004718805851309854,0.011663267622238857,1865.0,1.0,-1.0,-1.0,0.9996862798937005,0.9695950480857485,0.0,0.023273014391360716,0.014745713965125308,0.029973643976039806
3138.0,1.0,5.0,4294967295.0,4294967295.0,1.0,0.0047188058513098555,0.011663267622238854,1866.0,1.0,-1.0,-1.0,0.9996862798937005,0.9695950480857485,0.0,0.023273014391360716,0.014724706561341953,0.02993676857819462
3139.0,1.0,4.0,4294967295.0,4294967295.0,1.0,0.004718805851309857,0.011663267622238857,1867.0,1.0,-1.0,-1.0,0.9996862798937005,0.9695950480857485,0.0,0.023273014391360716,0.014703699157558595,0.029899882768042285
3140.0,1.0,7.0,4294967295.0,4294967295.0,1.0,0.004718805851309857,0.011663267622238857,1868.0,0.0,-1.0,-1.0,0.9996862798937005,0.9695950480857485,0.0,0.023273014391360716,0.01468269175377524,0.029862986538638947
3141.0,1.0,5.0,4294967295.0,4294967295.0,1.0,0.004718805851309859,0.011663267622238854,1869.0,1.0,-1.0,-1.0,0.9996862798937005,0.9695950480857485,0.0,0.023273014391360716,0.014661684349991884,0.02982607988303613
3142.0,1.0,7.0,4294967295.0,4294967295.0,1.0,0.004718805851309861,0.011663267622238857,1870.0,1.0,-1.0,-1.0,0.9996862798937005,0.9695950480857485,0.0,0.023273014391360716,0.014640676946208526,0.029789162794280705
3143.0,1.0,8.0,4294967295.0,4294967295.0,1.0,0.004718805851309861,0.011663267622238857,1871.0,0.0,-1.0,-1.0,0.9996862798937005,0.9695950480857485,0.0,0.023273014391360716,0.01461966954242517,0.029752235265414928
3144.0,1.0,2.0,4294967295.0,4294967295.0,1.0,0.004718805851309861,0.011663267622238857,1872.0,0.0,-1.0,-1.0,0.9996862798937005,0.9695950480857485,0.0,0.023273014391360716,0.014598662138641813,0.029715297289476396
3145.0,1.0,0.0,4294967295.0,4294967295.0,1.0,0.004718805851309862,0.01166326762223886,1873.0,1.0,-1.0,-1.0,0.867541277643506,0.06874293104515919,0.0,0.023273014391360716,0.014001226435631425,0.02747257313050821
3146.0,1.0,5.0,4294967295.0,4294967295.0,1.0,0.004718805851309862,0.011663267622238864,1874.0,0.0,-1.0,-1.0,0.9996811680298321,0.9730334464906178,0.0,0.023273014391360716,0.014558840154102215,0.029641304800263675
3147.0,1.0,4.0,4294967295.0,4294967295.0,1.0,0.004718805851309861,0.011663267622238868,1875.0,2.0,-1.0,-1.0,0.999686279757283,0.9696008543925715,0.0,0.023273014391360716,0.014535643645201607,0.029604420607262143
3148.0,1.0,9.0,4294967295.0,4294967295.0,1.0,0.004718805851309861,0.011663267622238871,1876.0,0.0,-1.0,-1.0,0.999686279893697,0.9695950435186619,0.0,0.023273014391360716,0.014514632520590492,0.029567440775584257
3149.0,1.0,4.0,4294967295.0,4294967295.0,1.0,0.004718805851309859,0.011663267622238871,1877.0,1.0,-1.0,-1.0,0.9996862798937004,0.9695950480830628,0.0,0.023273014391360716,0.014493625119723299,0.0295304504596835
3150.0,1.0,6.0,4294967295.0,4294967295.0,1.0,0.004718805851309857,0.011663267622238868,1878.0,2.0,-1.0,-1.0,0.9996862798937005,0.969595048085753,0.0,0.023273014391360716,0.014472617715941669,0.02949344965483796
3151.0,1.0,4.0,4294967295.0,4294967295.0,1.0,0.004718805851309859,0.011663267622238864,1879.0,1.0,-1.0,-1.0,0.9996862798937005,0.9695950480857485,0.0,0.023273014391360716,0.014451610312158308,0.02945643835405272
3152.0,1.0,8.0,4294967295.0,4294967295.0,1.0,0.004718805851309861,0.011663267622238868,1880.0,0.0,-1.0,-1.0,0.9996862798937005,0.9695950480857485,0.0,0.023273014391360716,0.014430602908374949,0.029419416550328176
3153.0,1.0,5.0,4294967295.0,4294967295.0,1.0,0.004718805851309859,0.011663267622238868,1881.0,0.0,-1.0,-1.0,0.9996862798937005,0.9695950480857485,0.0,0.023273014391360716,0.01440959550459159,0.02938238423666001
3154.0,1.0,8.0,4294967295.0,4294967295.0,1.0,0.004718805851309861,0.011663267622238868,1882.0,3.0,-1.0,-1.0,0.9996862798937005,0.9695950480857485,0.0,0.023273014391360716,0.014388588100808234,0.02934534140603927
3155.0,1.0,7.0,4294967295.0,4294967295.0,1.0,0.004718805851309862,0.011663267622238868,1883.0,0.0,-1.0,-1.0,0.9996862798937005,0.9695950480857485,0.0,0.023273014391360716,0.014367580697024875,0.029308288051452316
3156.0,1.0,6.0,4294967295.0,4294967295.0,1.0,0.004718805851309861,0.011663267622238871,1884.0,1.0,-1.0,-1.0,0.9996862798937005,0.9695950480857485,0.0,0.023273014391360716,0.014346573293241516,0.029271224165880835
3157.0,1.0,5.0,4294967295.0,4294967295.0,1.0,0.004718805851309862,0.011663267622238875,1885.0,0.0,-1.0,-1.0,0.9996862798937005,0.9695950480857485,0.0,0.023273014391360716,0.014325565889458158,0.029234149742301818
3158.0,1.0,5.0,4294967295.0,4294967295.0,1.0,0.004718805851309862,0.011663267622238875,1886.0,2.0,-1.0,-1.0,0.9996862798937005,0.9695950480857485,0.0,0.023273014391360716,0.0143045584856748,0.029197064773687595
3159.0,1.0,5.0,4294967295.0,4294967295.0,1.0,0.004718805851309862,0.011663267622238871,1887.0,0.0,-1.0,-1.0,0.9996862798937005,0.9695950480857485,0.0,0.023273014391360716,0.01428355108189144,0.02915996925300579
3160.0,1.0,5.0,4294967295.0,4294967295.0,1.0,0.004718805851309862,0.011663267622238871,1888.0,1.0,-1.0,-1.0,0.9996862798937005,0.9695950480857485,0.0,0.023273014391360716,0.01426254367810808,0.029122863173219347
3161.0,1.0,4.0,4294967295.0,4294967295.0,1.0,0.004718805851309862,0.011663267622238868,1889.0,1.0,-1.0,-1.0,0.9996862798937005,0.9695950480857485,0.0,0.023273014391360716,0.014241536274324722,0.02908574652728653
3162.0,1.0,11.0,4294967295.0,4294967295.0,1.0,0.004718805851309866,0.011663267622238868,1890.0,0.0,-1.0,-1.0,0.9996862798937005,0.9695950480857485,0.0,0.023273014391360716,0.014220528870541363,0.029048619308160877
3163.0,1.0,5.0,4294967295.0,4294967295.0,1.0,0.004718805851309864,0.011663267622238864,1891.0,2.0,-1.0,-1.0,0.9996862798937005,0.9695950480857485,0.0,0.023273014391360716,0.014199521466758002,0.029011481508791244
3164.0,1.0,5.0,4294967295.0,4294967295.0,1.0,0.004718805851309866,0.01166326762223886,1892.0,1.0,-1.0,-1.0,0.9996862798937005,0.9695950480857485,0.0,0.023273014391360716,0.014178514062974643,0.02897433312212179
3165.0,1.0,2.0,4294967295.0,4294967295.0,1.0,0.004718805851309868,0.01166326762223886,1893.0,0.0,-1.0,-1.0,0.9996862798937005,0.9695950480857485,0.0,0.023273014391360716,0.014157506659191283,0.02893717414109196
3166.0,1.0,10.0,4294967295.0,4294967295.0,1.0,0.004718805851309868,0.011663267622238864,1894.0,0.0,-1.0,-1.0,0.9996862798937005,0.9695950480857485,0.0,0.023273014391360716,0.014136499255407923,0.028900004558636498
3167.0,1.0,4.0,4294967295.0,4294967295.0,1.0,0.004718805851309868,0.01166326762223886,1895.0,2.0,-1.0,-1.0,0.9996862798937005,0.9695950480857485,0.0,0.023273014391360716,0.01411549185162456,0.028862824367685412
3168.0,1.0,4.0,4294967295.0,4294967295.0,1.0,0.004718805851309868,0.01166326762223886,1896.0,0.0,-1.0,-1.0,0.9996862798937005,0.9695950480857485,0.0,0.023273014391360716,0.014094484447841199,0.028825633561164035
3169.0,1.0,3.0,4294967295.0,4294967295.0,1.0,0.004718805851309871,0.01166326762223886,1897.0,0.0,-1.0,-1.0,0.9996862798937005,0.9695950480857485,0.0,0.023273014391360716,0.014073477044057838,0.028788432131992947
3170.0,1.0,4.0,4294967295.0,4294967295.0,1.0,0.004718805851309871,0.01166326762223886,1898.0,0.0,-1.0,-1.0,0.9996862798937005,0.9695950480857485,0.0,0.023273014391360716,0.014052469640274474,0.028751220073088023
3171.0,1.0,3.0,4294967295.0,4294967295.0,1.0,0.004718805851309873,0.01166326762223886,1899.0,1.0,-1.0,-1.0,0.9996862798937005,0.9695950480857485,0.0,0.023273014391360716,0.014031462236491111,0.02871399737736042
3172.0,1.0,10.0,4294967295.0,4294967295.0,1.0,0.004718805851309871,0.01166326762223886,1900.0,0.0,-1.0,-1.0,0.9996862798937005,0.9695950480857485,0.0,0.023273014391360716,0.014010454832707747,0.028676764037716546
3173.0,1.0,5.0,4294967295.0,4294967295.0,1.0,0.0047188058513098746,0.01166326762223886,1901.0,0.0,-1.0,-1.0,0.9996862798937005,0.9695950480857485,0.0,0.023273014391360716,0.013989447428924384,0.028639520047058102
3174.0,1.0,4.0,4294967295.0,4294967295.0,1.0,0.0047188058513098746,0.01166326762223886,1902.0,0.0,-1.0,-1.0,0.9996862798937005,0.9695950480857485,0.0,0.023273014391360716,0.01396844002514102,0.028602265398282034
3175.0,1.0,5.0,4294967295.0,4294967295.0,1.0,0.004718805851309878,0.011663267622238857,1903.0,1.0,-1.0,-1.0,0.9996862798937005,0.9695950480857485,0.0,0.023273014391360716,0.013947432621357654,0.028565000084280562
3176.0,1.0,8.0,4294967295.0,4294967295.0,1.0,0.004718805851309876,0.011663267622238854,1904.0,0.0,-1.0,-1.0,0.9996862798937005,0.9695950480857485,0.0,0.023273014391360716,0.013926425217574286,0.028527724097941166
3177.0,1.0,1.0,4294967295.0,4294967295.0,1.0,0.004718805851309878,0.01166326762223885,1905.0,1.0,-1.0,-1.0,0.9996862798937005,0.9695950480857485,0.0,0.023273014391360716,0.01390541781379092,0.028490437432146597
3178.0,1.0,10.0,4294967295.0,4294967295.0,1.0,0.004718805851309878,0.01166326762223885,1906.0,0.0,-1.0,-1.0,0.9996862798937005,0.9695950480857485,0.0,0.023273014391360716,0.01388441041000755,0.028453140079774827
3179.0,1.0,7.0,4294967295.0,4294967295.0,1.0,0.00471880585130988,0.011663267622238854,1907.0,0.0,-1.0,-1.0,0.9996862798937005,0.9695950480857485,0.0,0.023273014391360716,0.013863403006224184,0.028415832033699108
3180.0,1.0,7.0,4294967295.0,4294967295.0,1.0,0.0047188058513098815,0.011663267622238854,1908.0,1.0,-1.0,-1.0,0.9996862798937005,0.9695950480857485,0.0,0.023273014391360716,0.013842395602440816,0.028378513286787914
3181.0,1.0,6.0,4294967295.0,4294967295.0,1.0,0.0047188058513098815,0.01166326762223885,1909.0,1.0,-1.0,-1.0,0.9996862798937005,0.9695950480857485,0.0,0.023273014391360716,0.013821388198657447,0.02834118383190498
3182.0,1.0,9.0,4294967295.0,4294967295.0,1.0,0.004718805851309885,0.011663267622238844,1910.0,0.0,-1.0,-1.0,0.9996862798937005,0.9695950480857485,0.0,0.023273014391360716,0.013800380794874079,0.028303843661909286
3183.0,1.0,9.0,4294967295.0,4294967295.0,1.0,0.004718805851309887,0.011663267622238847,1911.0,4.0,-1.0,-1.0,0.9996862798937005,0.9695950480857485,0.0,0.023273014391360716,0.013779373391090708,0.02826649276965503
3184.0,1.0,9.0,4294967295.0,4294967295.0,1.0,0.004718805851309887,0.01166326762223884,1912.0,1.0,-1.0,-1.0,0.9996862798937005,0.9695950480857485,0.0,0.023273014391360716,0.013758365987307335,0.028229131147991658
3185.0,1.0,9.0,4294967295.0,4294967295.0,1.0,0.00471880585130989,0.01166326762223884,1913.0,1.0,-1.0,-1.0,0.9996862798937005,0.9695950480857485,0.0,0.023273014391360716,0.013737358583523963,0.028191758789763863
3186.0,1.0,7.0,4294967295.0,4294967295.0,1.0,0.004718805851309892,0.01166326762223884,1914.0,0.0,-1.0,-1.0,0.9996862798937005,0.9695950480857485,0.0,0.023273014391360716,0.013716351179740589,0.028154375687811532
3187.0,1.0,3.0,4294967295.0,4294967295.0,1.0,0.004718805851309892,0.01166326762223884,1915.0,1.0,-1.0,-1.0,0.9996862798937005,0.9695950480857485,0.0,0.023273014391360716,0.01369534377595721,0.028116981834969794
3188.0,1.0,7.0,4294967295.0,4294967295.0,1.0,0.004718805851309894,0.011663267622238837,1916.0,1.0,-1.0,-1.0,0.9996862798937005,0.9695950480857485,0.0,0.023273014391360716,0.013674336372173832,0.028079577224069015
3189.0,1.0,4.0,4294967295.0,4294967295.0,1.0,0.004718805851309897,0.011663267622238837,1917.0,1.0,-1.0,-1.0,0.9996862798937005,0.9695950480857485,0.0,0.023273014391360716,0.013653328968390454,0.028042161847934746
3190.0,1.0,5.0,4294967295.0,4294967295.0,1.0,0.004718805851309899,0.01166326762223884,1918.0,0.0,-1.0,-1.0,0.9996862798937005,0.9695950480857485,0.0,0.023273014391360716,0.013632321564607072,0.028004735699387787
3191.0,1.0,6.0,4294967295.0,4294967295.0,1.0,0.004718805851309899,0.011663267622238844,1919.0,0.0,-1.0,-1.0,0.9996862798937005,0.9695950480857485,0.0,0.023273014391360716,0.013611314160823689,0.027967298771244126
3192.0,1.0,10.0,4294967295.0,4294967295.0,1.0,0.004718805851309897,0.01166326762223884,1920.0,0.0,-1.0,-1.0,0.9996862798937005,0.9695950480857485,0.0,0.023273014391360716,0.0135903067570403,0.027929851056314958
3193.0,1.0,7.0,4294967295.0,4294967295.0,1.0,0.004718805851309895,0.011663267622238837,1921.0,2.0,-1.0,-1.0,0.9996862798937005,0.9695950480857485,0.0,0.023273014391360716,0.013569299353256912,0.02789239254740672
3194.0,1.0,9.0,4294967295.0,4294967295.0,1.0,0.004718805851309895,0.011663267622238837,1922.0,1.0,-1.0,-1.0,0.9996862798937005,0.9695950480857485,0.0,0.023273014391360716,0.013548291949473521,0.027854923237321014
3195.0,1.0,5.0,4294967295.0,4294967295.0,1.0,0.004718805851309895,0.01166326762223884,1923.0,1.0,-1.0,-1.0,0.9996862798937005,0.9695950480857485,0.0,0.023273014391360716,0.013527284545690127,0.027817443118854653
3196.0,1.0,8.0,4294967295.0,4294967295.0,1.0,0.004718805851309894,0.01166326762223884,1924.0,0.0,-1.0,-1.0,0.9996862798937005,0.9695950480857485,0.0,0.023273014391360716,0.013506277141906732,0.02777995218479965
3197.0,1.0,2.0,4294967295.0,4294967295.0,1.0,0.004718805851309894,0.011663267622238837,1925.0,1.0,-1.0,-1.0,0.9996862798937005,0.9695950480857485,0.0,0.023273014391360716,0.013485269738123333,0.027742450427943204
3198.0,1.0,3.0,4294967295.0,4294967295.0,1.0,0.004718805851309894,0.01166326762223883,1926.0,1.0,-1.0,-1.0,0.9996862798937005,0.9695950480857485,0.0,0.023273014391360716,0.013464262334339934,0.027704937841067714
3199.0,1.0,9.0,4294967295.0,4294967295.0,1.0,0.004718805851309895,0.011663267622238826,1927.0,1.0,-1.0,-1.0,0.9996862798937005,0.9695950480857485,0.0,0.023273014391360716,0.01344325493055653,0.02766741441695076
3200.0,1.0,4.0,4294967295.0,4294967295.0,1.0,0.004718805851309895,0.01166326762223883,1928.0,1.0,-1.0,-1.0,0.9996862798937005,0.9695950480857485,0.0,0.023273014391360716,0.013422247526773122,0.027629880148365107
3201.0,1.0,6.0,4294967295.0,4294967295.0,1.0,0.004718805851309895,0.011663267622238833,1929.0,0.0,-1.0,-1.0,0.9996862798937005,0.9695950480857485,0.0,0.023273014391360716,0.013401240122989709,0.027592335028078695
3202.0,1.0,2.0,4294967295.0,4294967295.0,1.0,0.004718805851309894,0.01166326762223883,1930.0,2.0,-1.0,-1.0,0.9996862798937005,0.9695950480857485,0.0,0.023273014391360716,0.013380232719206294,0.027554779048854644
3203.0,1.0,14.0,4294967295.0,4294967295.0,1.0,0.004718805851309895,0.011663267622238826,1931.0,0.0,-1.0,-1.0,0.9996862798937005,0.9695950480857485,0.0,0.023273014391360716,0.013359225315422876,0.027517212203451255
3204.0,1.0,7.0,4294967295.0,4294967295.0,1.0,0.004718805851309895,0.01166326762223883,1932.0,1.0,-1.0,-1.0,0.9996862798937005,0.9695950480857485,0.0,0.023273014391360716,0.013338217911639454,0.027479634484621984
3205.0,1.0,4.0,4294967295.0,4294967295.0,1.0,0.004718805851309897,0.01166326762223883,1933.0,0.0,-1.0,-1.0,0.9996862798937005,0.9695950480857485,0.0,0.023273014391360716,0.01331721050785603,0.027442045885115472
3206.0,1.0,9.0,4294967295.0,4294967295.0,1.0,0.004718805851309899,0.011663267622238823,1934.0,2.0,-1.0,-1.0,0.9996862798937005,0.9695950480857485,0.0,0.023273014391360716,0.013296203104072597,0.027404446397675503
3207.0,1.0,5.0,4294967295.0,4294967295.0,1.0,0.004718805851309899,0.01166326762223882,1935.0,1.0,-1.0,-1.0,0.9996862798937005,0.9695950480857485,0.0,0.023273014391360716,0.013275195700289158,0.02736683601504105
3208.0,1.0,6.0,4294967295.0,4294967295.0,1.0,0.004718805851309897,0.01166326762223882,1936.0,1.0,-1.0,-1.0,0.9996862798937005,0.9695950480857485,0.0,0.023273014391360716,0.013254188296505712,0.02732921472994622
3209.0,1.0,11.0,4294967295.0,4294967295.0,1.0,0.004718805851309895,0.01166326762223882,1937.0,0.0,-1.0,-1.0,0.9996862798937005,0.9695950480857485,0.0,0.023273014391360716,0.013233180892722261,0.027291582535120283
3210.0,1.0,3.0,4294967295.0,4294967295.0,1.0,0.004718805851309895,0.011663267622238816,1938.0,1.0,-1.0,-1.0,0.9996862798937005,0.9695950480857485,0.0,0.023273014391360716,0.013212173488938805,0.02725393942328766
3211.0,1.0,6.0,4294967295.0,4294967295.0,1.0,0.004718805851309894,0.011663267622238814,1939.0,0.0,-1.0,-1.0,0.9996862798937005,0.9695950480857485,0.0,0.023273014391360716,0.013191166085155344,0.027216285387167923
3212.0,1.0,9.0,4294967295.0,4294967295.0,1.0,0.004718805851309895,0.011663267622238812,1940.0,0.0,-1.0,-1.0,0.9996862798937005,0.9695950480857485,0.0,0.023273014391360716,0.013170158681371875,0.027178620419475788
3213.0,1.0,4.0,4294967295.0,4294967295.0,1.0,0.004718805851309895,0.011663267622238809,1941.0,0.0,-1.0,-1.0,0.9996862798937005,0.9695950480857485,0.0,0.023273014391360716,0.013149151277588398,0.0271409445129211
3214.0,1.0,5.0,4294967295.0,4294967295.0,1.0,0.004718805851309899,0.011663267622238805,1942.0,0.0,-1.0,-1.0,0.9996862798937005,0.9695950480857485,0.0,0.023273014391360716,0.013128143873804916,0.027103257660208865
3215.0,1.0,7.0,4294967295.0,4294967295.0,1.0,0.004718805851309901,0.011663267622238805,1943.0,1.0,-1.0,-1.0,0.9996862798937005,0.9695950480857485,0.0,0.023273014391360716,0.01310713647002142,0.027065559854039203
3216.0,1.0,7.0,4294967295.0,4294967295.0,1.0,0.004718805851309901,0.011663267622238804,1944.0,0.0,-1.0,-1.0,0.9996862798937005,0.9695950480857485,0.0,0.023273014391360716,0.013086129066237916,0.02702785108710738
3217.0,1.0,13.0,4294967295.0,4294967295.0,1.0,0.004718805851309901,0.011663267622238804,1945.0,2.0,-1.0,-1.0,0.9996862798937005,0.9695950480857485,0.0,0.023273014391360716,0.013065121662454403,0.026990131352103777
3218.0,1.0,6.0,4294967295.0,4294967295.0,1.0,0.004718805851309902,0.0116632676222388,1946.0,1.0,-1.0,-1.0,0.9996862798937005,0.9695950480857485,0.0,0.023273014391360716,0.013044114258670879,0.02695240064171392
3219.0,1.0,12.0,4294967295.0,4294967295.0,1.0,0.004718805851309902,0.0116632676222388,1947.0,1.0,-1.0,-1.0,0.9996862798937005,0.9695950480857485,0.0,0.023273014391360716,0.013023106854887343,0.026914658948618435
3220.0,1.0,4.0,4294967295.0,4294967295.0,1.0,0.004718805851309904,0.011663267622238802,1948.0,0.0,-1.0,-1.0,0.9996862798937005,0.9695950480857485,0.0,0.023273014391360716,0.013002099451103795,0.026876906265493078
3221.0,1.0,4.0,4294967295.0,4294967295.0,1.0,0.004718805851309906,0.011663267622238798,1949.0,1.0,-1.0,-1.0,0.9996862798937005,0.9695950480857485,0.0,0.023273014391360716,0.012981092047320234,0.026839142585008725
3222.0,1.0,7.0,4294967295.0,4294967295.0,1.0,0.0047188058513099075,0.011663267622238798,1950.0,0.0,-1.0,-1.0,0.9996862798937005,0.9695950480857485,0.0,0.023273014391360716,0.012960084643536658,0.026801367899831362
3223.0,1.0,9.0,4294967295.0,4294967295.0,1.0,0.0047188058513099075,0.011663267622238798,1951.0,0.0,-1.0,-1.0,0.9996862798937005,0.9695950480857485,0.0,0.023273014391360716,0.012939077239753065,0.02676358220262207
3224.0,1.0,5.0,4294967295.0,4294967295.0,1.0,0.004718805851309906,0.011663267622238797,1952.0,1.0,-1.0,-1.0,0.9996862798937005,0.9695950480857485,0.0,0.023273014391360716,0.012918069835969456,0.026725785486037053
3225.0,1.0,3.0,4294967295.0,4294967295.0,1.0,0.004718805851309906,0.011663267622238795,1953.0,0.0,-1.0,-1.0,0.9996862798937005,0.9695950480857485,0.0,0.023273014391360716,0.01289706243218583,0.026687977742727607
3226.0,1.0,7.0,4294967295.0,4294967295.0,1.0,0.004718805851309906,0.011663267622238793,1954.0,0.0,-1.0,-1.0,0.9996862798937005,0.9695950480857485,0.0,0.023273014391360716,0.012876055028402184,0.026650158965340134
3227.0,1.0,2.0,4294967295.0,4294967295.0,1.0,0.004718805851309904,0.011663267622238791,1955.0,0.0,-1.0,-1.0,0.9996862798937005,0.9695950480857485,0.0,0.023273014391360716,0.012855047624618521,0.026612329146516137
3228.0,1.0,3.0,4294967295.0,4294967295.0,1.0,0.004718805851309906,0.01166326762223879,1956.0,0.0,-1.0,-1.0,0.9996862798937005,0.9695950480857485,0.0,0.023273014391360716,0.012834040220834838,0.026574488278892194
3229.0,1.0,6.0,4294967295.0,4294967295.0,1.0,0.0047188058513099075,0.01166326762223879,1957.0,0.0,-1.0,-1.0,0.9996862798937005,0.9695950480857485,0.0,0.023273014391360716,0.012813032817051132,0.026536636355099986
3230.0,1.0,5.0,4294967295.0,4294967295.0,1.0,0.004718805851309909,0.011663267622238788,1958.0,0.0,-1.0,-1.0,0.9996862798937005,0.9695950480857485,0.0,0.023273014391360716,0.0127920254132674,0.026498773367766272
3231.0,1.0,6.0,4294967295.0,4294967295.0,1.0,0.0047188058513099075,0.011663267622238786,1959.0,0.0,-1.0,-1.0,0.9996862798937005,0.9695950480857485,0.0,0.023273014391360716,0.012771018009483642,0.026460899309512908
3232.0,1.0,4.0,4294967295.0,4294967295.0,1.0,0.004718805851309909,0.011663267622238785,1960.0,0.0,-1.0,-1.0,0.9996862798937005,0.9695950480857485,0.0,0.023273014391360716,0.012750010605699857,0.026423014172956817
3233.0,1.0,8.0,4294967295.0,4294967295.0,1.0,0.004718805851309913,0.011663267622238783,1961.0,3.0,-1.0,-1.0,0.9996862798937005,0.9695950480857485,0.0,0.023273014391360716,0.012729003201916044,0.026385117950709993
3234.0,1.0,4.0,4294967295.0,4294967295.0,1.0,0.004718805851309913,0.011663267622238783,1962.0,1.0,-1.0,-1.0,0.9996862798937005,0.9695950480857485,0.0,0.023273014391360716,0.012707995798132195,0.026347210635379523
3235.0,1.0,9.0,4294967295.0,4294967295.0,1.0,0.004718805851309913,0.011663267622238781,1963.0,1.0,-1.0,-1.0,0.9996862798937005,0.9695950480857485,0.0,0.023273014391360716,0.012686988394348314,0.026309292219567546
3236.0,1.0,6.0,4294967295.0,4294967295.0,1.0,0.0047188058513099145,0.011663267622238778,1964.0,1.0,-1.0,-1.0,0.9996862798937005,0.9695950480857485,0.0,0.023273014391360716,0.012665980990564398,0.026271362695871273
3237.0,1.0,7.0,4294967295.0,4294967295.0,1.0,0.0047188058513099145,0.011663267622238774,1965.0,0.0,-1.0,-1.0,0.9996862798937005,0.9695950480857485,0.0,0.023273014391360716,0.012644973586780442,0.026233422056882984
3238.0,1.0,7.0,4294967295.0,4294967295.0,1.0,0.0047188058513099145,0.011663267622238772,1966.0,0.0,-1.0,-1.0,0.9996862798937005,0.9695950480857485,0.0,0.023273014391360716,0.012623966182996445,0.02619547029519001
3239.0,1.0,8.0,4294967295.0,4294967295.0,1.0,0.0047188058513099145,0.01166326762223877,1967.0,0.0,-1.0,-1.0,0.9996862798937005,0.9695950480857485,0.0,0.023273014391360716,0.012602958779212404,0.02615750740337474
3240.0,1.0,7.0,4294967295.0,4294967295.0,1.0,0.004718805851309916,0.011663267622238769,1968.0,0.0,-1.0,-1.0,0.9996862798937005,0.9695950480857485,0.0,0.023273014391360716,0.012581951375428316,0.026119533374014625
3241.0,1.0,5.0,4294967295.0,4294967295.0,1.0,0.004718805851309918,0.011663267622238767,1969.0,2.0,-1.0,-1.0,0.9996862798937005,0.9695950480857485,0.0,0.023273014391360716,0.012560943971644178,0.026081548199682156
3242.0,1.0,7.0,4294967295.0,4294967295.0,1.0,0.004718805851309918,0.011663267622238765,1970.0,0.0,-1.0,-1.0,0.9996862798937005,0.9695950480857485,0.0,0.023273014391360716,0.012539936567859985,0.02604355187294487
3243.0,1.0,8.0,4294967295.0,4294967295.0,1.0,0.00471880585130992,0.011663267622238765,1971.0,1.0,-1.0,-1.0,0.9996862798937005,0.9695950480857485,0.0,0.023273014391360716,0.012518929164075734,0.026005544386365362
3244.0,1.0,7.0,4294967295.0,4294967295.0,1.0,0.004718805851309919,0.011663267622238764,1972.0,0.0,-1.0,-1.0,0.9996862798937005,0.9695950480857485,0.0,0.023273014391360716,0.01249792176029142,0.025967525732501245
3245.0,1.0,3.0,4294967295.0,4294967295.0,1.0,0.004718805851309918,0.011663267622238764,1973.0,1.0,-1.0,-1.0,0.9996862798937005,0.9695950480857485,0.0,0.023273014391360716,0.012476914356507041,0.02592949590390519
3246.0,1.0,5.0,4294967295.0,4294967295.0,1.0,0.004718805851309918,0.011663267622238764,1974.0,1.0,-1.0,-1.0,0.9996862798937005,0.9695950480857485,0.0,0.023273014391360716,0.012455906952722594,0.025891454893124888
3247.0,1.0,5.0,4294967295.0,4294967295.0,1.0,0.004718805851309918,0.011663267622238762,1975.0,0.0,-1.0,-1.0,0.9996862798937005,0.9695950480857485,0.0,0.023273014391360716,0.01243489954893807,0.02585340269270306
3248.0,1.0,11.0,4294967295.0,4294967295.0,1.0,0.004718805851309918,0.011663267622238762,1976.0,0.0,-1.0,-1.0,0.9996862798937005,0.9695950480857485,0.0,0.023273014391360716,0.012413892145153465,0.025815339295177465
3249.0,1.0,3.0,4294967295.0,4294967295.0,1.0,0.004718805851309918,0.01166326762223876,1977.0,0.0,-1.0,-1.0,0.9996862798937005,0.9695950480857485,0.0,0.023273014391360716,0.012392884741368775,0.025777264693080875
3250.0,1.0,5.0,4294967295.0,4294967295.0,1.0,0.004718805851309918,0.01166326762223876,1978.0,0.0,-1.0,-1.0,0.9996862798937005,0.9695950480857485,0.0,0.023273014391360716,0.012371877337583992,0.025739178878941085
3251.0,1.0,8.0,4294967295.0,4294967295.0,1.0,0.004718805851309917,0.011663267622238759,1979.0,0.0,-1.0,-1.0,0.9996862798937005,0.9695950480857485,0.0,0.023273014391360716,0.012350869933799111,0.02570108184528091
3252.0,1.0,3.0,4294967295.0,4294967295.0,1.0,0.004718805851309916,0.011663267622238757,1980.0,1.0,-1.0,-1.0,0.9996862798937005,0.9695950480857485,0.0,0.023273014391360716,0.012329862530014127,0.025662973584618165
3253.0,1.0,6.0,4294967295.0,4294967295.0,1.0,0.004718805851309915,0.011663267622238753,1981.0,0.0,-1.0,-1.0,0.9996862798937005,0.9695950480857485,0.0,0.023273014391360716,0.012308855126229028,0.0256248540894657
3254.0,1.0,5.0,4294967295.0,4294967295.0,1.0,0.004718805851309915,0.01166326762223875,1982.0,0.0,-1.0,-1.0,0.9996862798937005,0.9695950480857485,0.0,0.023273014391360716,0.01228784772244381,0.025586723352331357
3255.0,1.0,6.0,4294967295.0,4294967295.0,1.0,0.004718805851309915,0.01166326762223875,1983.0,1.0,-1.0,-1.0,0.9996862798937005,0.9695950480857485,0.0,0.023273014391360716,0.012266840318658465,0.025548581365717974
3256.0,1.0,8.0,4294967295.0,4294967295.0,1.0,0.0047188058513099145,0.011663267622238746,1984.0,0.0,-1.0,-1.0,0.9996862798937005,0.9695950480857485,0.0,0.023273014391360716,0.012245832914872981,0.025510428122123403
3257.0,1.0,4.0,4294967295.0,4294967295.0,1.0,0.0047188058513099145,0.011663267622238746,1985.0,1.0,-1.0,-1.0,0.9996862798937005,0.9695950480857485,0.0,0.023273014391360716,0.012224825511087351,0.02547226361404049
3258.0,1.0,6.0,4294967295.0,4294967295.0,1.0,0.004718805851309915,0.011663267622238746,1986.0,0.0,-1.0,-1.0,0.9996862798937005,0.9695950480857485,0.0,0.023273014391360716,0.012203818107301565,0.02543408783395707
3259.0,1.0,9.0,4294967295.0,4294967295.0,1.0,0.004718805851309915,0.011663267622238745,1987.0,0.0,-1.0,-1.0,0.9996862798937005,0.9695950480857485,0.0,0.023273014391360716,0.012182810703515613,0.02539590077435597
3260.0,1.0,4.0,4294967295.0,4294967295.0,1.0,0.0047188058513099145,0.011663267622238743,1988.0,3.0,-1.0,-1.0,0.9996862798937005,0.9695950480857485,0.0,0.023273014391360716,0.01216180329972948,0.025357702427715005
3261.0,1.0,9.0,4294967295.0,4294967295.0,1.0,0.0047188058513099145,0.011663267622238741,1989.0,1.0,-1.0,-1.0,0.9996862798937005,0.9695950480857485,0.0,0.023273014391360716,0.012140795895943156,0.02531949278650697
3262.0,1.0,7.0,4294967295.0,4294967295.0,1.0,0.004718805851309915,0.01166326762223874,1990.0,1.0,-1.0,-1.0,0.9996862798937005,0.9695950480857485,0.0,0.023273014391360716,0.012119788492156627,0.025281271843199647
3263.0,1.0,7.0,4294967295.0,4294967295.0,1.0,0.004718805851309916,0.011663267622238738,1991.0,1.0,-1.0,-1.0,0.9996862798937005,0.9695950480857485,0.0,0.023273014391360716,0.012098781088369882,0.02524303959025579
3264.0,1.0,5.0,4294967295.0,4294967295.0,1.0,0.004718805851309918,0.011663267622238738,1992.0,1.0,-1.0,-1.0,0.9996862798937005,0.9695950480857485,0.0,0.023273014391360716,0.0120777736845829,0.025204796020133126
3265.0,1.0,3.0,4294967295.0,4294967295.0,1.0,0.004718805851309918,0.011663267622238736,1993.0,2.0,-1.0,-1.0,0.9996862798937005,0.9695950480857485,0.0,0.023273014391360716,0.012056766280795671,0.02516654112528436
3266.0,1.0,8.0,4294967295.0,4294967295.0,1.0,0.004718805851309917,0.011663267622238732,1994.0,0.0,-1.0,-1.0,0.9996862798937005,0.9695950480857485,0.0,0.023273014391360716,0.012035758877008172,0.025128274898157145
3267.0,1.0,7.0,4294967295.0,4294967295.0,1.0,0.004718805851309917,0.01166326762223873,1995.0,1.0,-1.0,-1.0,0.9996862798937005,0.9695950480857485,0.0,0.023273014391360716,0.012014751473220389,0.025089997331194124
3268.0,1.0,4.0,4294967295.0,4294967295.0,1.0,0.004718805851309917,0.011663267622238729,1996.0,0.0,-1.0,-1.0,0.9996862798937005,0.9695950480857485,0.0,0.023273014391360716,0.0119937440694323,0.025051708416832873
3269.0,1.0,4.0,4294967295.0,4294967295.0,1.0,0.004718805851309916,0.011663267622238727,1997.0,0.0,-1.0,-1.0,0.9996862798937005,0.9695950480857485,0.0,0.023273014391360716,0.011972736665643885,0.025013408147505946
3270.0,1.0,3.0,4294967295.0,4294967295.0,1.0,0.004718805851309916,0.011663267622238724,1998.0,1.0,-1.0,-1.0,0.9996862798937005,0.9695950480857485,0.0,0.023273014391360716,0.011951729261855122,0.024975096515640845
3271.0,1.0,7.0,4294967295.0,4294967295.0,1.0,0.004718805851309916,0.011663267622238724,1999.0,0.0,-1.0,-1.0,0.9996862798937005,0.9695950480857485,0.0,0.023273014391360716,0.011930721858065988,0.02493677351366001
3272.0,1.0,7.0,4294967295.0,4294967295.0,1.0,0.004718805851309916,0.011663267622238724,2000.0,0.0,-1.0,-1.0,0.9996862798937005,0.9695950480857485,0.0,0.023273014391360716,0.011909714454276453,0.02489843913398084
3273.0,1.0,6.0,4294967295.0,4294967295.0,1.0,0.004718805851309916,0.011663267622238722,2001.0,0.0,-1.0,-1.0,0.9996862798937005,0.9695950480857485,0.0,0.023273014391360716,0.011888707050486494,0.02486009336901568
3274.0,1.0,7.0,4294967295.0,4294967295.0,1.0,0.004718805851309916,0.011663267622238722,2002.0,0.0,-1.0,-1.0,0.9996862798937005,0.9695950480857485,0.0,0.023273014391360716,0.01186769964669608,0.0248217362111718
3275.0,1.0,7.0,4294967295.0,4294967295.0,1.0,0.004718805851309916,0.011663267622238722,2003.0,0.0,-1.0,-1.0,0.9996862798937005,0.9695950480857485,1.0,0.023273014391360716,0.011846692242905178,0.024783367652851412
3276.0,1.0,9.0,4294967295.0,4294967295.0,1.0,0.004718805851309916,0.01166326762223872,2004.0,1.0,-1.0,-1.0,0.9996862798937005,0.9695950480857485,2.0,0.023273014391360716,0.011825684839113755,0.024744987686451676
3277.0,1.0,10.0,4294967295.0,4294967295.0,1.0,0.004718805851309916,0.011663267622238719,2005.0,1.0,-1.0,-1.0,0.9996862798937005,0.9695950480857485,2.0,0.023273014391360716,0.011804677435321778,0.024706596304364663
3278.0,1.0,6.0,4294967295.0,4294967295.0,1.0,0.004718805851309916,0.01166326762223872,2006.0,1.0,-1.0,-1.0,0.9996862798937005,0.9695950480857485,3.0,0.023273014391360716,0.011783670031529206,0.02466819349897738
3279.0,1.0,5.0,4294967295.0,4294967295.0,1.0,0.004718805851309917,0.011663267622238719,2007.0,0.0,-1.0,-1.0,0.9996862798937005,0.9695950480857485,4.0,0.023273014391360716,0.011762662627735999,0.024629779262671757
3280.0,1.0,2.0,4294967295.0,4294967295.0,1.0,0.004718805851309918,0.01166326762223872,2008.0,2.0,-1.0,-1.0,0.9996862798937005,0.9695950480857485,4.0,0.023273014391360716,0.011741655223942115,0.024591353587824633
3281.0,1.0,10.0,4294967295.0,4294967295.0,1.0,0.004718805851309919,0.011663267622238719,2009.0,0.0,-1.0,-1.0,0.9996862798937005,0.9695950480857485,5.0,0.023273014391360716,0.011720647820147503,0.024552916466807777
3282.0,1.0,8.0,4294967295.0,4294967295.0,1.0,0.004718805851309919,0.011663267622238719,2010.0,0.0,-1.0,-1.0,0.9996862798937005,0.9695950480857485,5.0,0.023273014391360716,0.011699640416352113,0.024514467891987864
3283.0,1.0,6.0,4294967295.0,4294967295.0,1.0,0.004718805851309919,0.011663267622238717,2011.0,0.0,-1.0,-1.0,0.9996862798937005,0.9695950480857485,6.0,0.023273014391360716,0.011678633012555898,0.02447600785572648
3284.0,1.0,6.0,4294967295.0,4294967295.0,1.0,0.004718805851309918,0.011663267622238717,2012.0,0.0,-1.0,-1.0,0.9996862798937005,0.9695950480857485,6.0,0.023273014391360716,0.011657625608758791,0.024437536350380117
3285.0,1.0,3.0,4294967295.0,4294967295.0,1.0,0.004718805851309918,0.011663267622238717,2013.0,1.0,-1.0,-1.0,0.9996862798937005,0.9695950480857485,6.0,0.023273014391360716,0.01163661820496074,0.024399053368300165
3286.0,1.0,3.0,4294967295.0,4294967295.0,1.0,0.004718805851309919,0.011663267622238717,2014.0,0.0,-1.0,-1.0,0.9996862798937005,0.9695950480857485,7.0,0.023273014391360716,0.011615610801161677,0.02436055890183292
3287.0,1.0,5.0,4294967295.0,4294967295.0,1.0,0.004718805851309919,0.011663267622238717,2015.0,0.0,-1.0,-1.0,0.9996862798937005,0.9695950480857485,7.0,0.023273014391360716,0.01159460339736153,0.024322052943319572
3288.0,1.0,4.0,4294967295.0,4294967295.0,1.0,0.004718805851309918,0.011663267622238717,2016.0,2.0,-1.0,-1.0,0.9996862798937005,0.9695950480857485,8.0,0.023273014391360716,0.011573595993560223,0.0242835354850962
3289.0,1.0,6.0,4294967295.0,4294967295.0,1.0,0.004718805851309918,0.011663267622238713,2017.0,0.0,-1.0,-1.0,0.9996862798937005,0.9695950480857485,8.0,0.023273014391360716,0.011552588589757681,0.024245006519493774
3290.0,1.0,4.0,4294967295.0,4294967295.0,1.0,0.004718805851309918,0.01166326762223871,2018.0,0.0,-1.0,-1.0,0.9996862798937005,0.9695950480857485,8.0,0.023273014391360716,0.011531581185953816,0.024206466038838158
3291.0,1.0,2.0,4294967295.0,4294967295.0,1.0,0.004718805851309917,0.01166326762223871,2019.0,0.0,-1.0,-1.0,0.9996862798937005,0.9695950480857485,9.0,0.023273014391360716,0.011510573782148537,0.024167914035450086
3292.0,1.0,4.0,4294967295.0,4294967295.0,1.0,0.004718805851309916,0.01166326762223871,2020.0,0.0,-1.0,-1.0,0.9996862798937005,0.9695950480857485,9.0,0.023273014391360716,0.011489566378341746,0.02412935050164517
3293.0,1.0,6.0,4294967295.0,4294967295.0,1.0,0.004718805851309917,0.011663267622238708,2021.0,0.0,-1.0,-1.0,0.9996862798937005,0.9695950480857485,9.0,0.023273014391360716,0.011468558974533341,0.02409077542973391
3294.0,1.0,6.0,4294967295.0,4294967295.0,1.0,0.004718805851309917,0.011663267622238708,2022.0,0.0,-1.0,-1.0,0.9996862798937005,0.9695950480857485,9.0,0.023273014391360716,0.011447551570723209,0.024052188812021664
3295.0,1.0,8.0,4294967295.0,4294967295.0,1.0,0.004718805851309917,0.011663267622238706,2023.0,1.0,-1.0,-1.0,0.9996862798937005,0.9695950480857485,10.0,0.023273014391360716,0.011426544166911232,0.024013590640808668
3296.0,1.0,2.0,4294967295.0,4294967295.0,1.0,0.004718805851309916,0.011663267622238705,2024.0,2.0,-1.0,-1.0,0.9996862798937005,0.9695950480857485,10.0,0.023273014391360716,0.01140553676309728,0.023974980908390023
3297.0,1.0,4.0,4294967295.0,4294967295.0,1.0,0.004718805851309917,0.011663267622238703,2025.0,0.0,-1.0,-1.0,0.9996862798937005,0.9695950480857485,10.0,0.023273014391360716,0.01138452935928122,0.02393635960705568
3298.0,1.0,8.0,4294967295.0,4294967295.0,1.0,0.004718805851309917,0.0116632676222387,2026.0,0.0,-1.0,-1.0,0.9996862798937005,0.9695950480857485,11.0,0.023273014391360716,0.011363521955462905,0.02389772672909047
3299.0,1.0,5.0,4294967295.0,4294967295.0,1.0,0.004718805851309917,0.011663267622238698,2027.0,1.0,-1.0,-1.0,0.9996862798937005,0.9695950480857485,11.0,0.023273014391360716,0.011342514551642181,0.023859082266774058
3300.0,1.0,7.0,4294967295.0,4294967295.0,1.0,0.004718805851309917,0.011663267622238696,2028.0,1.0,-1.0,-1.0,0.9996862798937005,0.9695950480857485,11.0,0.023273014391360716,0.01132150714781888,0.023820426212380966
3301.0,1.0,3.0,4294967295.0,4294967295.0,1.0,0.004718805851309916,0.011663267622238693,2029.0,1.0,-1.0,-1.0,0.9996862798937005,0.9695950480857485,11.0,0.023273014391360716,0.011300499743992824,0.02378175855818057
3302.0,1.0,6.0,4294967295.0,4294967295.0,1.0,0.004718805851309916,0.011663267622238693,2030.0,1.0,-1.0,-1.0,0.9996862798937005,0.9695950480857485,12.0,0.023273014391360716,0.011279492340163826,0.023743079296437094
3303.0,1.0,9.0,4294967295.0,4294967295.0,1.0,0.004718805851309916,0.01166326762223869,2031.0,1.0,-1.0,-1.0,0.9996862798937005,0.9695950480857485,12.0,0.023273014391360716,0.011258484936331681,0.023704388419409583
3304.0,1.0,3.0,4294967295.0,4294967295.0,1.0,0.004718805851309915,0.011663267622238687,2032.0,1.0,-1.0,-1.0,0.9996862798937005,0.9695950480857485,12.0,0.023273014391360716,0.011237477532496171,0.023665685919351937
3305.0,1.0,4.0,4294967295.0,4294967295.0,1.0,0.004718805851309916,0.011663267622238687,2033.0,0.0,-1.0,-1.0,0.9996862798937005,0.9695950480857485,12.0,0.023273014391360716,0.01121647012865707,0.02362697178851289
3306.0,1.0,7.0,4294967295.0,4294967295.0,1.0,0.004718805851309916,0.011663267622238686,2034.0,0.0,-1.0,-1.0,0.9996862798937005,0.9695950480857485,13.0,0.023273014391360716,0.011195462724814122,0.023588246019136
3307.0,1.0,3.0,4294967295.0,4294967295.0,1.0,0.004718805851309917,0.011663267622238684,2035.0,0.0,-1.0,-1.0,0.9996862798937005,0.9695950480857485,13.0,0.023273014391360716,0.011174455320967069,0.02354950860345965
3308.0,1.0,7.0,4294967295.0,4294967295.0,1.0,0.004718805851309918,0.011663267622238682,2036.0,0.0,-1.0,-1.0,0.9996862798937005,0.9695950480857485,13.0,0.023273014391360716,0.011153447917115623,0.02351075953371706
3309.0,1.0,10.0,4294967295.0,4294967295.0,1.0,0.004718805851309919,0.011663267622238679,2037.0,0.0,-1.0,-1.0,0.9996862798937005,0.9695950480857485,13.0,0.023273014391360716,0.011132440513259486,0.023471998802136258
3310.0,1.0,7.0,4294967295.0,4294967295.0,1.0,0.004718805851309919,0.011663267622238679,2038.0,0.0,-1.0,-1.0,0.9996862798937005,0.9695950480857485,14.0,0.023273014391360716,0.011111433109398328,0.023433226400940095
3311.0,1.0,4.0,4294967295.0,4294967295.0,1.0,0.004718805851309919,0.011663267622238677,2039.0,0.0,-1.0,-1.0,0.9996862798937005,0.9695950480857485,14.0,0.023273014391360716,0.011090425705531808,0.023394442322346228
3312.0,1.0,5.0,4294967295.0,4294967295.0,1.0,0.004718805851309919,0.011663267622238677,2040.0,0.0,-1.0,-1.0,0.9996862798937005,0.9695950480857485,14.0,0.023273014391360716,0.011069418301659554,0.023355646558567134
3313.0,1.0,5.0,4294967295.0,4294967295.0,1.0,0.004718805851309918,0.011663267622238674,2041.0,1.0,-1.0,-1.0,0.9996862798937005,0.9695950480857485,14.0,0.023273014391360716,0.01104841089778117,0.023316839101810094
3314.0,1.0,4.0,4294967295.0,4294967295.0,1.0,0.004718805851309918,0.011663267622238672,2042.0,1.0,-1.0,-1.0,0.9996862798937005,0.9695950480857485,14.0,0.023273014391360716,0.011027403493896238,0.023278019944277188
3315.0,1.0,6.0,4294967295.0,4294967295.0,1.0,0.004718805851309917,0.011663267622238672,2043.0,1.0,-1.0,-1.0,0.9996862798937005,0.9695950480857485,15.0,0.023273014391360716,0.0110063960900043,0.023239189078165298
3316.0,1.0,7.0,4294967295.0,4294967295.0,1.0,0.004718805851309916,0.011663267622238672,2044.0,2.0,-1.0,-1.0,0.9996862798937005,0.9695950480857485,15.0,0.023273014391360716,0.01098538868610488,0.023200346495666102
3317.0,1.0,4.0,4294967295.0,4294967295.0,1.0,0.004718805851309916,0.01166326762223867,2045.0,1.0,-1.0,-1.0,0.9996862798937005,0.9695950480857485,15.0,0.023273014391360716,0.010964381282197459,0.02316149218896607
3318.0,1.0,5.0,4294967295.0,4294967295.0,1.0,0.004718805851309915,0.011663267622238667,2046.0,0.0,-1.0,-1.0,0.9996862798937005,0.9695950480857485,15.0,0.023273014391360716,0.010943373878281482,0.02312262615024646
3319.0,1.0,6.0,4294967295.0,4294967295.0,1.0,0.0047188058513099145,0.011663267622238667,2047.0,1.0,-1.0,-1.0,0.9996862798937005,0.9695950480857485,15.0,0.023273014391360716,0.010922366474356363,0.02308374837168333
3320.0,1.0,7.0,4294967295.0,4294967295.0,1.0,0.0047188058513099145,0.011663267622238663,2048.0,2.0,-1.0,-1.0,0.9996862798937005,0.9695950480857485,16.0,0.023273014391360716,0.010901359070421474,0.023044858845447495
3321.0,1.0,6.0,4294967295.0,4294967295.0,1.0,0.0047188058513099145,0.011663267622238663,2049.0,1.0,-1.0,-1.0,0.9996862798937005,0.9695950480857485,16.0,0.023273014391360716,0.010880351666476135,0.02300595756370457
3322.0,1.0,2.0,4294967295.0,4294967295.0,1.0,0.004718805851309914,0.011663267622238663,2050.0,1.0,-1.0,-1.0,0.9996862798937005,0.9695950480857485,16.0,0.023273014391360716,0.010859344262519631,0.022967044518614928
3323.0,1.0,9.0,4294967295.0,4294967295.0,1.0,0.004718805851309914,0.011663267622238663,2051.0,1.0,-1.0,-1.0,0.9996862798937005,0.9695950480857485,16.0,0.023273014391360716,0.01083833685855119,0.022928119702333737
3324.0,1.0,8.0,4294967295.0,4294967295.0,1.0,0.004718805851309914,0.011663267622238663,2052.0,1.0,-1.0,-1.0,0.9996862798937005,0.9695950480857485,16.0,0.023273014391360716,0.01081732945456999,0.022889183107010908
3325.0,1.0,8.0,4294967295.0,4294967295.0,1.0,0.004718805851309913,0.011663267622238661,2053.0,2.0,-1.0,-1.0,0.9996862798937005,0.9695950480857485,17.0,0.023273014391360716,0.010796322050575152,0.022850234724791127
3326.0,1.0,4.0,4294967295.0,4294967295.0,1.0,0.004718805851309913,0.011663267622238658,2054.0,1.0,-1.0,-1.0,0.9996862798937005,0.9695950480857485,17.0,0.023273014391360716,0.010775314646565733,0.02281127454781385
3327.0,1.0,3.0,4294967295.0,4294967295.0,1.0,0.004718805851309914,0.011663267622238656,2055.0,1.0,-1.0,-1.0,0.9996862798937005,0.9695950480857485,17.0,0.023273014391360716,0.01075430724254073,0.022772302568213287
3328.0,1.0,9.0,4294967295.0,4294967295.0,1.0,0.004718805851309913,0.011663267622238656,2056.0,1.0,-1.0,-1.0,0.9996862798937005,0.9695950480857485,17.0,0.023273014391360716,0.010733299838499069,0.02273331877811839
3329.0,1.0,4.0,4294967295.0,4294967295.0,1.0,0.004718805851309914,0.011663267622238653,2057.0,0.0,-1.0,-1.0,0.9996862798937005,0.9695950480857485,17.0,0.023273014391360716,0.0107122924344396,0.02269432316965287
3330.0,1.0,9.0,4294967295.0,4294967295.0,1.0,0.004718805851309914,0.01166326762223865,2058.0,1.0,-1.0,-1.0,0.9996862798937005,0.9695950480857485,18.0,0.023273014391360716,0.010691285030361097,0.0226553157349352
3331.0,1.0,4.0,4294967295.0,4294967295.0,1.0,0.004718805851309913,0.01166326762223865,2059.0,0.0,-1.0,-1.0,0.9996862798937005,0.9695950480857485,18.0,0.023273014391360716,0.010670277626262246,0.022616296466078573
3332.0,1.0,12.0,4294967295.0,4294967295.0,1.0,0.004718805851309912,0.01166326762223865,2060.0,0.0,-1.0,-1.0,0.9996862798937005,0.9695950480857485,18.0,0.023273014391360716,0.010649270222141644,0.02257726535519093
3333.0,1.0,6.0,4294967295.0,4294967295.0,1.0,0.004718805851309913,0.01166326762223865,2061.0,1.0,-1.0,-1.0,0.9996862798937005,0.9695950480857485,18.0,0.023273014391360716,0.010628262817997797,0.022538222394374956
3334.0,1.0,6.0,4294967295.0,4294967295.0,1.0,0.004718805851309912,0.011663267622238646,2062.0,0.0,-1.0,-1.0,0.9996862798937005,0.9695950480857485,18.0,0.023273014391360716,0.010607255413829094,0.022499167575728063
3335.0,1.0,5.0,4294967295.0,4294967295.0,1.0,0.004718805851309911,0.011663267622238642,2063.0,0.0,-1.0,-1.0,0.9996862798937005,0.9695950480857485,18.0,0.023273014391360716,0.010586248009633828,0.0224601008913424
3336.0,1.0,4.0,4294967295.0,4294967295.0,1.0,0.004718805851309911,0.01166326762223864,2064.0,2.0,-1.0,-1.0,0.9996862798937005,0.9695950480857485,19.0,0.023273014391360716,0.010565240605410163,0.022421022333304827
3337.0,1.0,4.0,4294967295.0,4294967295.0,1.0,0.004718805851309911,0.011663267622238637,2065.0,0.0,-1.0,-1.0,0.9996862798937005,0.9695950480857485,19.0,0.023273014391360716,0.010544233201156146,0.022381931893696944
3338.0,1.0,1.0,4294967295.0,4294967295.0,1.0,0.004718805851309912,0.011663267622238634,2066.0,0.0,-1.0,-1.0,0.9996862798937005,0.9695950480857485,19.0,0.023273014391360716,0.010523225796869682,0.022342829564595067
3339.0,1.0,4.0,4294967295.0,4294967295.0,1.0,0.004718805851309912,0.01166326762223863,2067.0,1.0,-1.0,-1.0,0.9996862798937005,0.9695950480857485,19.0,0.023273014391360716,0.010502218392548534,0.02230371533807022
3340.0,1.0,7.0,4294967295.0,4294967295.0,1.0,0.004718805851309913,0.011663267622238632,2068.0,0.0,-1.0,-1.0,0.9996862798937005,0.9695950480857485,19.0,0.023273014391360716,0.010481210988190312,0.02226458920618814
3341.0,1.0,3.0,4294967295.0,4294967295.0,1.0,0.004718805851309913,0.01166326762223863,2069.0,0.0,-1.0,-1.0,0.9996862798937005,0.9695950480857485,19.0,0.023273014391360716,0.010460203583792457,0.02222545116100928
3342.0,1.0,5.0,4294967295.0,4294967295.0,1.0,0.004718805851309913,0.01166326762223863,2070.0,0.0,-1.0,-1.0,0.9996862798937005,0.9695950480857485,20.0,0.023273014391360716,0.010439196179352243,0.02218630119458879
3343.0,1.0,7.0,4294967295.0,4294967295.0,1.0,0.0047188058513099145,0.01166326762223863,2071.0,0.0,-1.0,-1.0,0.9996862798937005,0.9695950480857485,20.0,0.023273014391360716,0.010418188774866742,0.022147139298976534
3344.0,1.0,7.0,4294967295.0,4294967295.0,1.0,0.0047188058513099145,0.011663267622238628,2072.0,0.0,-1.0,-1.0,0.9996862798937005,0.9695950480857485,20.0,0.023273014391360716,0.01039718137033284,0.022107965466217055
3345.0,1.0,6.0,4294967295.0,4294967295.0,1.0,0.0047188058513099145,0.01166326762223863,2073.0,1.0,-1.0,-1.0,0.9996862798937005,0.9695950480857485,20.0,0.023273014391360716,0.010376173965747193,0.02206877968834961
3346.0,1.0,7.0,4294967295.0,4294967295.0,1.0,0.004718805851309914,0.011663267622238628,2074.0,0.0,-1.0,-1.0,0.9996862798937005,0.9695950480857485,20.0,0.023273014391360716,0.010355166561106235,0.022029581957408135
3347.0,1.0,6.0,4294967295.0,4294967295.0,1.0,0.0047188058513099145,0.011663267622238627,2075.0,1.0,-1.0,-1.0,0.9996862798937005,0.9695950480857485,20.0,0.023273014391360716,0.010334159156406158,0.021990372265421256
3348.0,1.0,7.0,4294967295.0,4294967295.0,1.0,0.0047188058513099145,0.011663267622238628,2076.0,0.0,-1.0,-1.0,0.9996862798937005,0.9695950480857485,20.0,0.023273014391360716,0.010313151751642883,0.02195115060441229
3349.0,1.0,4.0,4294967295.0,4294967295.0,1.0,0.004718805851309915,0.011663267622238628,2077.0,1.0,-1.0,-1.0,0.9996862798937005,0.9695950480857485,21.0,0.023273014391360716,0.010292144346812053,0.02191191696639922
3350.0,1.0,6.0,4294967295.0,4294967295.0,1.0,0.0047188058513099145,0.011663267622238627,2078.0,1.0,-1.0,-1.0,0.9996862798937005,0.9695950480857485,21.0,0.023273014391360716,0.01027113694190901,0.02187267134339472
3351.0,1.0,7.0,4294967295.0,4294967295.0,1.0,0.004718805851309915,0.011663267622238623,2079.0,0.0,-1.0,-1.0,0.9996862798937005,0.9695950480857485,21.0,0.023273014391360716,0.01025012953692878,0.02183341372740613
3352.0,1.0,2.0,4294967295.0,4294967295.0,1.0,0.0047188058513099145,0.011663267622238621,2080.0,0.0,-1.0,-1.0,0.9996862798937005,0.9695950480857485,21.0,0.023273014391360716,0.010229122131866036,0.02179414411043546
3353.0,1.0,7.0,4294967295.0,4294967295.0,1.0,0.0047188058513099145,0.011663267622238618,2081.0,0.0,-1.0,-1.0,0.9996862798937005,0.9695950480857485,21.0,0.023273014391360716,0.010208114726715092,0.02175486248447939
3354.0,1.0,6.0,4294967295.0,4294967295.0,1.0,0.0047188058513099145,0.011663267622238616,2082.0,0.0,-1.0,-1.0,0.9996862798937005,0.9695950480857485,21.0,0.023273014391360716,0.010187107321469869,0.02171556884152926
3355.0,1.0,5.0,4294967295.0,4294967295.0,1.0,0.0047188058513099145,0.011663267622238615,2083.0,1.0,-1.0,-1.0,0.9996862798937005,0.9695950480857485,22.0,0.023273014391360716,0.010166099916123869,0.021676263173571075
3356.0,1.0,9.0,4294967295.0,4294967295.0,1.0,0.0047188058513099145,0.011663267622238615,2084.0,0.0,-1.0,-1.0,0.9996862798937005,0.9695950480857485,22.0,0.023273014391360716,0.01014509251067014,0.021636945472585482
3357.0,1.0,8.0,4294967295.0,4294967295.0,1.0,0.0047188058513099145,0.011663267622238615,2085.0,0.0,-1.0,-1.0,0.9996862798937005,0.9695950480857485,22.0,0.023273014391360716,0.010124085105101256,0.021597615730547796
3358.0,1.0,3.0,4294967295.0,4294967295.0,1.0,0.004718805851309916,0.011663267622238611,2086.0,0.0,-1.0,-1.0,0.9996862798937005,0.9695950480857485,22.0,0.023273014391360716,0.010103077699409282,0.021558273939427962
3359.0,1.0,2.0,4294967295.0,4294967295.0,1.0,0.004718805851309916,0.011663267622238611,2087.0,2.0,-1.0,-1.0,0.9996862798937005,0.9695950480857485,22.0,0.023273014391360716,0.010082070293585727,0.021518920091190594
3360.0,1.0,11.0,4294967295.0,4294967295.0,1.0,0.004718805851309916,0.01166326762223861,2088.0,0.0,-1.0,-1.0,0.9996862798937005,0.9695950480857485,22.0,0.023273014391360716,0.010061062887621524,0.02147955417779492
3361.0,1.0,7.0,4294967295.0,4294967295.0,1.0,0.004718805851309915,0.011663267622238611,2089.0,0.0,-1.0,-1.0,0.9996862798937005,0.9695950480857485,22.0,0.023273014391360716,0.010040055481506976,0.02144017619119483
3362.0,1.0,7.0,4294967295.0,4294967295.0,1.0,0.004718805851309915,0.01166326762223861,2090.0,1.0,-1.0,-1.0,0.9996862798937005,0.9695950480857485,23.0,0.023273014391360716,0.010019048075231716,0.021400786123338827
3363.0,1.0,6.0,4294967295.0,4294967295.0,1.0,0.004718805851309915,0.011663267622238608,2091.0,1.0,-1.0,-1.0,0.9996862798937005,0.9695950480857485,23.0,0.023273014391360716,0.009998040668784668,0.021361383966170065
3364.0,1.0,13.0,4294967295.0,4294967295.0,1.0,0.004718805851309916,0.011663267622238608,2092.0,0.0,-1.0,-1.0,0.9996862798937005,0.9695950480857485,23.0,0.023273014391360716,0.00997703326215399,0.02132196971162631
3365.0,1.0,7.0,4294967295.0,4294967295.0,1.0,0.004718805851309915,0.011663267622238608,2093.0,0.0,-1.0,-1.0,0.9996862798937005,0.9695950480857485,23.0,0.023273014391360716,0.009956025855327016,0.021282543351639954
3366.0,1.0,5.0,4294967295.0,4294967295.0,1.0,0.0047188058513099145,0.011663267622238608,2094.0,1.0,-1.0,-1.0,0.9996862798937005,0.9695950480857485,23.0,0.023273014391360716,0.009935018448290221,0.02124310487813802
3367.0,1.0,4.0,4294967295.0,4294967295.0,1.0,0.004718805851309914,0.011663267622238608,2095.0,0.0,-1.0,-1.0,0.9996862798937005,0.9695950480857485,23.0,0.023273014391360716,0.009914011041029135,0.021203654283042134
3368.0,1.0,6.0,4294967295.0,4294967295.0,1.0,0.004718805851309913,0.011663267622238606,2096.0,3.0,-1.0,-1.0,0.9996862798937005,0.9695950480857485,23.0,0.023273014391360716,0.0098930036335283,0.021164191558268534
3369.0,1.0,6.0,4294967295.0,4294967295.0,1.0,0.004718805851309913,0.011663267622238604,2097.0,1.0,-1.0,-1.0,0.9996862798937005,0.9695950480857485,23.0,0.023273014391360716,0.009871996225771184,0.021124716695728074
3370.0,1.0,6.0,4294967295.0,4294967295.0,1.0,0.004718805851309913,0.011663267622238602,2098.0,1.0,-1.0,-1.0,0.9996862798937005,0.9695950480857485,24.0,0.023273014391360716,0.009850988817740124,0.021085229687326217
3371.0,1.0,5.0,4294967295.0,4294967295.0,1.0,0.004718805851309912,0.011663267622238602,2099.0,0.0,-1.0,-1.0,0.9996862798937005,0.9695950480857485,24.0,0.023273014391360716,0.009829981409416228,0.021045730524963023
3372.0,1.0,5.0,4294967295.0,4294967295.0,1.0,0.004718805851309912,0.011663267622238602,2100.0,0.0,-1.0,-1.0,0.9996862798937005,0.9695950480857485,24.0,0.023273014391360716,0.009808974000779316,0.021006219200533142
3373.0,1.0,9.0,4294967295.0,4294967295.0,1.0,0.004718805851309912,0.011663267622238604,2101.0,2.0,-1.0,-1.0,0.9996862798937005,0.9695950480857485,24.0,0.023273014391360716,0.0097879665918078,0.020966695705925832
3374.0,1.0,10.0,4294967295.0,4294967295.0,1.0,0.004718805851309911,0.011663267622238602,2102.0,1.0,-1.0,-1.0,0.9996862798937005,0.9695950480857485,24.0,0.023273014391360716,0.00976695918247862,0.020927160033024934
3375.0,1.0,2.0,4294967295.0,4294967295.0,1.0,0.004718805851309911,0.0116632676222386,2103.0,0.0,-1.0,-1.0,0.9996862798937005,0.9695950480857485,24.0,0.023273014391360716,0.009745951772767117,0.020887612173708877
3376.0,1.0,4.0,4294967295.0,4294967295.0,1.0,0.004718805851309911,0.011663267622238597,2104.0,0.0,-1.0,-1.0,0.9996862798937005,0.9695950480857485,24.0,0.023273014391360716,0.009724944362646933,0.020848052119850677
3377.0,1.0,6.0,4294967295.0,4294967295.0,1.0,0.004718805851309911,0.011663267622238595,2105.0,0.0,-1.0,-1.0,0.9996862798937005,0.9695950480857485,24.0,0.023273014391360716,0.009703936952089893,0.020808479863317932
3378.0,1.0,3.0,4294967295.0,4294967295.0,1.0,0.004718805851309911,0.011663267622238595,2106.0,1.0,-1.0,-1.0,0.9996862798937005,0.9695950480857485,25.0,0.023273014391360716,0.009682929541065883,0.020768895395972813
3379.0,1.0,4.0,4294967295.0,4294967295.0,1.0,0.004718805851309911,0.011663267622238595,2107.0,0.0,-1.0,-1.0,0.9996862798937005,0.9695950480857485,25.0,0.023273014391360716,0.00966192212954271,0.020729298709672057
3380.0,1.0,4.0,4294967295.0,4294967295.0,1.0,0.004718805851309911,0.011663267622238594,2108.0,1.0,-1.0,-1.0,0.9996862798937005,0.9695950480857485,25.0,0.023273014391360716,0.00964091471748596,0.020689689796266987
3381.0,1.0,2.0,4294967295.0,4294967295.0,1.0,0.00471880585130991,0.011663267622238592,2109.0,0.0,-1.0,-1.0,0.9996862798937005,0.9695950480857485,25.0,0.023273014391360716,0.009619907304858852,0.02065006864760348
3382.0,1.0,9.0,4294967295.0,4294967295.0,1.0,0.00471880585130991,0.011663267622238592,2110.0,0.0,-1.0,-1.0,0.9996862798937005,0.9695950480857485,25.0,0.023273014391360716,0.009598899891622065,0.02061043525552197
3383.0,1.0,8.0,4294967295.0,4294967295.0,1.0,0.004718805851309909,0.011663267622238589,2111.0,0.0,-1.0,-1.0,0.9996862798937005,0.9695950480857485,25.0,0.023273014391360716,0.009577892477733566,0.020570789611857467
3384.0,1.0,9.0,4294967295.0,4294967295.0,1.0,0.004718805851309908,0.011663267622238589,2112.0,0.0,-1.0,-1.0,0.9996862798937005,0.9695950480857485,25.0,0.023273014391360716,0.00955688506314843,0.020531131708439516
3385.0,1.0,6.0,4294967295.0,4294967295.0,1.0,0.004718805851309908,0.011663267622238587,2113.0,0.0,-1.0,-1.0,0.9996862798937005,0.9695950480857485,25.0,0.023273014391360716,0.00953587764781863,0.020491461537092234
3386.0,1.0,3.0,4294967295.0,4294967295.0,1.0,0.004718805851309909,0.011663267622238583,2114.0,0.0,-1.0,-1.0,0.9996862798937005,0.9695950480857485,26.0,0.023273014391360716,0.00951487023169283,0.020451779089634265
3387.0,1.0,7.0,4294967295.0,4294967295.0,1.0,0.004718805851309908,0.011663267622238582,2115.0,0.0,-1.0,-1.0,0.9996862798937005,0.9695950480857485,26.0,0.023273014391360716,0.009493862814716154,0.020412084357878814
3388.0,1.0,6.0,4294967295.0,4294967295.0,1.0,0.004718805851309908,0.011663267622238578,2116.0,2.0,-1.0,-1.0,0.9996862798937005,0.9695950480857485,26.0,0.023273014391360716,0.009472855396829943,0.02037237733363361
3389.0,1.0,9.0,4294967295.0,4294967295.0,1.0,0.004718805851309909,0.011663267622238578,2117.0,3.0,-1.0,-1.0,0.9996862798937005,0.9695950480857485,26.0,0.023273014391360716,0.009451847977971495,0.02033265800870094
3390.0,1.0,8.0,4294967295.0,4294967295.0,1.0,0.00471880585130991,0.011663267622238576,2118.0,0.0,-1.0,-1.0,0.9996862798937005,0.9695950480857485,26.0,0.023273014391360716,0.009430840558073786,0.020292926374877604
3391.0,1.0,7.0,4294967295.0,4294967295.0,1.0,0.00471880585130991,0.011663267622238575,2119.0,0.0,-1.0,-1.0,0.9996862798937005,0.9695950480857485,26.0,0.023273014391360716,0.00940983313706517,0.020253182423954935
3392.0,1.0,6.0,4294967295.0,4294967295.0,1.0,0.00471880585130991,0.011663267622238575,2120.0,0.0,-1.0,-1.0,0.9996862798937005,0.9695950480857485,26.0,0.023273014391360716,0.00938882571486906,0.020213426147718806
3393.0,1.0,3.0,4294967295.0,4294967295.0,1.0,0.004718805851309911,0.011663267622238573,2121.0,2.0,-1.0,-1.0,0.9996862798937005,0.9695950480857485,26.0,0.023273014391360716,0.009367818291403592,0.020173657537949592
3394.0,1.0,9.0,4294967295.0,4294967295.0,1.0,0.00471880585130991,0.011663267622238571,2122.0,0.0,-1.0,-1.0,0.9996862798937005,0.9695950480857485,26.0,0.023273014391360716,0.00934681086658126,0.020133876586422204
3395.0,1.0,8.0,4294967295.0,4294967295.0,1.0,0.004718805851309909,0.011663267622238571,2123.0,1.0,-1.0,-1.0,0.9996862798937005,0.9695950480857485,27.0,0.023273014391360716,0.009325803440308523,0.020094083284906052
3396.0,1.0,6.0,4294967295.0,4294967295.0,1.0,0.004718805851309909,0.011663267622238568,2124.0,1.0,-1.0,-1.0,0.9996862798937005,0.9695950480857485,27.0,0.023273014391360716,0.009304796012485388,0.020054277625165068
3397.0,1.0,7.0,4294967295.0,4294967295.0,1.0,0.004718805851309909,0.011663267622238564,2125.0,1.0,-1.0,-1.0,0.9996862798937005,0.9695950480857485,27.0,0.023273014391360716,0.009283788583004975,0.020014459598957694
3398.0,1.0,5.0,4294967295.0,4294967295.0,1.0,0.004718805851309908,0.011663267622238564,2126.0,0.0,-1.0,-1.0,0.9996862798937005,0.9695950480857485,27.0,0.023273014391360716,0.009262781151753031,0.019974629198036865
3399.0,1.0,4.0,4294967295.0,4294967295.0,1.0,0.004718805851309908,0.01166326762223856,2127.0,0.0,-1.0,-1.0,0.9996862798937005,0.9695950480857485,27.0,0.023273014391360716,0.00924177371860743,0.019934786414150023
3400.0,1.0,8.0,4294967295.0,4294967295.0,1.0,0.0047188058513099075,0.011663267622238559,2128.0,0.0,-1.0,-1.0,0.9996862798937005,0.9695950480857485,27.0,0.023273014391360716,0.009220766283437626,0.019894931239039106
3401.0,1.0,6.0,4294967295.0,4294967295.0,1.0,0.0047188058513099075,0.011663267622238557,2129.0,0.0,-1.0,-1.0,0.9996862798937005,0.9695950480857485,27.0,0.023273014391360716,0.009199758846104071,0.019855063664440543
3402.0,1.0,6.0,4294967295.0,4294967295.0,1.0,0.0047188058513099075,0.011663267622238559,2130.0,0.0,-1.0,-1.0,0.9996862798937005,0.9695950480857485,27.0,0.023273014391360716,0.009178751406457599,0.019815183682085256
3403.0,1.0,6.0,4294967295.0,4294967295.0,1.0,0.004718805851309907,0.011663267622238557,2131.0,0.0,-1.0,-1.0,0.9996862798937005,0.9695950480857485,27.0,0.023273014391360716,0.009157743964338758,0.01977529128369864
3404.0,1.0,7.0,4294967295.0,4294967295.0,1.0,0.004718805851309906,0.011663267622238557,2132.0,0.0,-1.0,-1.0,0.9996862798937005,0.9695950480857485,28.0,0.023273014391360716,0.009136736519577107,0.019735386461000592
3405.0,1.0,9.0,4294967295.0,4294967295.0,1.0,0.004718805851309905,0.011663267622238556,2133.0,0.0,-1.0,-1.0,0.9996862798937005,0.9695950480857485,28.0,0.023273014391360716,0.009115729071990451,0.019695469205705467
3406.0,1.0,7.0,4294967295.0,4294967295.0,1.0,0.004718805851309905,0.011663267622238554,2134.0,0.0,-1.0,-1.0,0.9996862798937005,0.9695950480857485,28.0,0.023273014391360716,0.009094721621384041,0.01965553950952211
3407.0,1.0,3.0,4294967295.0,4294967295.0,1.0,0.004718805851309906,0.011663267622238552,2135.0,0.0,-1.0,-1.0,0.9996862798937005,0.9695950480857485,28.0,0.023273014391360716,0.009073714167549696,0.019615597364153824
3408.0,1.0,6.0,4294967295.0,4294967295.0,1.0,0.004718805851309906,0.01166326762223855,2136.0,1.0,-1.0,-1.0,0.9996862798937005,0.9695950480857485,28.0,0.023273014391360716,0.009052706710264886,0.01957564276129839
3409.0,1.0,8.0,4294967295.0,4294967295.0,1.0,0.004718805851309907,0.011663267622238549,2137.0,0.0,-1.0,-1.0,0.9996862798937005,0.9695950480857485,28.0,0.023273014391360716,0.009031699249291737,0.019535675692648052
3410.0,1.0,7.0,4294967295.0,4294967295.0,1.0,0.004718805851309907,0.01166326762223855,2138.0,0.0,-1.0,-1.0,0.9996862798937005,0.9695950480857485,28.0,0.023273014391360716,0.00901069178437598,0.019495696149889503
3411.0,1.0,8.0,4294967295.0,4294967295.0,1.0,0.004718805851309907,0.011663267622238549,2139.0,1.0,-1.0,-1.0,0.9996862798937005,0.9695950480857485,28.0,0.023273014391360716,0.008989684315245815,0.019455704124703897
3412.0,1.0,5.0,4294967295.0,4294967295.0,1.0,0.004718805851309906,0.011663267622238547,2140.0,0.0,-1.0,-1.0,0.9996862798937005,0.9695950480857485,28.0,0.023273014391360716,0.008968676841610705,0.01941569960876684
3413.0,1.0,7.0,4294967295.0,4294967295.0,1.0,0.004718805851309907,0.011663267622238547,2141.0,0.0,-1.0,-1.0,0.9996862798937005,0.9695950480857485,28.0,0.023273014391360716,0.008947669363160084,0.019375682593748396
3414.0,1.0,3.0,4294967295.0,4294967295.0,1.0,0.004718805851309907,0.011663267622238547,2142.0,1.0,-1.0,-1.0,0.9996862798937005,0.9695950480857485,29.0,0.023273014391360716,0.008926661879561976,0.01933565307131306
3415.0,1.0,7.0,4294967295.0,4294967295.0,1.0,0.004718805851309906,0.011663267622238547,2143.0,1.0,-1.0,-1.0,0.9996862798937005,0.9695950480857485,29.0,0.023273014391360716,0.008905654390461516,0.01929561103311978
3416.0,1.0,10.0,4294967295.0,4294967295.0,1.0,0.004718805851309905,0.011663267622238547,2144.0,0.0,-1.0,-1.0,0.9996862798937005,0.9695950480857485,29.0,0.023273014391360716,0.008884646895479381,0.019255556470821923
3417.0,1.0,6.0,4294967295.0,4294967295.0,1.0,0.004718805851309905,0.011663267622238547,2145.0,2.0,-1.0,-1.0,0.9996862798937005,0.9695950480857485,29.0,0.023273014391360716,0.008863639394210091,0.01921548937606732
3418.0,1.0,8.0,4294967295.0,4294967295.0,1.0,0.004718805851309904,0.011663267622238547,2146.0,1.0,-1.0,-1.0,0.9996862798937005,0.9695950480857485,29.0,0.023273014391360716,0.008842631886220215,0.019175409740498195
3419.0,1.0,8.0,4294967295.0,4294967295.0,1.0,0.004718805851309904,0.011663267622238547,2147.0,0.0,-1.0,-1.0,0.9996862798937005,0.9695950480857485,29.0,0.023273014391360716,0.008821624371046444,0.019135317555751232
3420.0,1.0,8.0,4294967295.0,4294967295.0,1.0,0.004718805851309903,0.011663267622238547,2148.0,0.0,-1.0,-1.0,0.9996862798937005,0.9695950480857485,29.0,0.023273014391360716,0.00880061684819353,0.019095212813457517
3421.0,1.0,4.0,4294967295.0,4294967295.0,1.0,0.004718805851309902,0.011663267622238547,2149.0,0.0,-1.0,-1.0,0.9996862798937005,0.9695950480857485,29.0,0.023273014391360716,0.008779609317132075,0.019055095505242564
3422.0,1.0,6.0,4294967295.0,4294967295.0,1.0,0.004718805851309902,0.011663267622238547,2150.0,0.0,-1.0,-1.0,0.9996862798937005,0.9695950480857485,29.0,0.023273014391360716,0.008758601777296196,0.019014965622726296
3423.0,1.0,6.0,4294967295.0,4294967295.0,1.0,0.0047188058513099014,0.011663267622238547,2151.0,1.0,-1.0,-1.0,0.9996862798937005,0.9695950480857485,29.0,0.023273014391360716,0.00873759422808099,0.018974823157523052
3424.0,1.0,4.0,4294967295.0,4294967295.0,1.0,0.0047188058513099014,0.011663267622238547,2152.0,0.0,-1.0,-1.0,0.9996862798937005,0.9695950480857485,30.0,0.023273014391360716,0.008716586668839853,0.018934668101241576
3425.0,1.0,5.0,4294967295.0,4294967295.0,1.0,0.0047188058513099014,0.011663267622238547,2153.0,1.0,-1.0,-1.0,0.9996862798937005,0.9695950480857485,30.0,0.023273014391360716,0.008695579098881613,0.01889450044548502
3426.0,1.0,4.0,4294967295.0,4294967295.0,1.0,0.004718805851309902,0.011663267622238547,2154.0,1.0,-1.0,-1.0,0.9996862798937005,0.9695950480857485,30.0,0.023273014391360716,0.008674571517467436,0.018854320181850927
3427.0,1.0,7.0,4294967295.0,4294967295.0,1.0,0.0047188058513099014,0.011663267622238547,2155.0,1.0,-1.0,-1.0,0.9996862798937005,0.9695950480857485,30.0,0.023273014391360716,0.008653563923807568,0.01881412730193125
3428.0,1.0,5.0,4294967295.0,4294967295.0,1.0,0.0047188058513099014,0.011663267622238547,2156.0,0.0,-1.0,-1.0,0.9996862798937005,0.9695950480857485,30.0,0.023273014391360716,0.008632556317057798,0.018773921797312326
3429.0,1.0,2.0,4294967295.0,4294967295.0,1.0,0.0047188058513099014,0.011663267622238547,2157.0,2.0,-1.0,-1.0,0.9996862798937005,0.9695950480857485,30.0,0.023273014391360716,0.008611548696315724,0.018733703659574885
3430.0,1.0,7.0,4294967295.0,4294967295.0,1.0,0.004718805851309902,0.011663267622238547,2158.0,1.0,-1.0,-1.0,0.9996862798937005,0.9695950480857485,30.0,0.023273014391360716,0.00859054106061673,0.01869347288029403
3431.0,1.0,7.0,4294967295.0,4294967295.0,1.0,0.004718805851309902,0.011663267622238547,2159.0,0.0,-1.0,-1.0,0.9996862798937005,0.9695950480857485,30.0,0.023273014391360716,0.008569533408929702,0.01865322945103927
3432.0,1.0,6.0,4294967295.0,4294967295.0,1.0,0.004718805851309902,0.011663267622238547,2160.0,0.0,-1.0,-1.0,0.9996862798937005,0.9695950480857485,30.0,0.023273014391360716,0.008548525740152435,0.018612973363374464
3433.0,1.0,6.0,4294967295.0,4294967295.0,1.0,0.0047188058513099014,0.011663267622238547,2161.0,0.0,-1.0,-1.0,0.9996862798937005,0.9695950480857485,30.0,0.023273014391360716,0.00852751805310675,0.018572704608857866
3434.0,1.0,5.0,4294967295.0,4294967295.0,1.0,0.0047188058513099014,0.011663267622238545,2162.0,0.0,-1.0,-1.0,0.9996862798937005,0.9695950480857485,30.0,0.023273014391360716,0.008506510346533238,0.018532423179042093
3435.0,1.0,3.0,4294967295.0,4294967295.0,1.0,0.0047188058513099014,0.011663267622238545,2163.0,2.0,-1.0,-1.0,0.9996862798937005,0.9695950480857485,31.0,0.023273014391360716,0.008485502619085672,0.018492129065474122
3436.0,1.0,4.0,4294967295.0,4294967295.0,1.0,0.004718805851309901,0.011663267622238543,2164.0,0.0,-1.0,-1.0,0.9996862798937005,0.9695950480857485,31.0,0.023273014391360716,0.008464494869325013,0.018451822259695307
3437.0,1.0,12.0,4294967295.0,4294967295.0,1.0,0.004718805851309901,0.011663267622238543,2165.0,0.0,-1.0,-1.0,0.9996862798937005,0.9695950480857485,31.0,0.023273014391360716,0.008443487095713019,0.018411502753241347
3438.0,1.0,5.0,4294967295.0,4294967295.0,1.0,0.004718805851309901,0.011663267622238543,2166.0,0.0,-1.0,-1.0,0.9996862798937005,0.9695950480857485,31.0,0.023273014391360716,0.008422479296605402,0.018371170537642305
3439.0,1.0,1.0,4294967295.0,4294967295.0,1.0,0.004718805851309901,0.011663267622238543,2167.0,0.0,-1.0,-1.0,0.9996862798937005,0.9695950480857485,31.0,0.023273014391360716,0.00840147147024452,0.01833082560442259
3440.0,1.0,3.0,4294967295.0,4294967295.0,1.0,0.004718805851309901,0.011663267622238543,2168.0,0.0,-1.0,-1.0,0.9996862798937005,0.9695950480857485,31.0,0.023273014391360716,0.008380463614751558,0.018290467945100967
3441.0,1.0,5.0,4294967295.0,4294967295.0,1.0,0.004718805851309901,0.011663267622238543,2169.0,2.0,-1.0,-1.0,0.9996862798937005,0.9695950480857485,31.0,0.023273014391360716,0.008359455728118182,0.018250097551190534
3442.0,1.0,7.0,4294967295.0,4294967295.0,1.0,0.004718805851309901,0.011663267622238543,2170.0,0.0,-1.0,-1.0,0.9996862798937005,0.9695950480857485,31.0,0.023273014391360716,0.008338447808197598,0.018209714414198736
3443.0,1.0,5.0,4294967295.0,4294967295.0,1.0,0.004718805851309901,0.011663267622238543,2171.0,0.0,-1.0,-1.0,0.9996862798937005,0.9695950480857485,31.0,0.023273014391360716,0.008317439852695023,0.018169318525627354
3444.0,1.0,2.0,4294967295.0,4294967295.0,1.0,0.004718805851309901,0.011663267622238543,2172.0,0.0,-1.0,-1.0,0.9996862798937005,0.9695950480857485,31.0,0.023273014391360716,0.008296431859157467,0.018128909876972504
3445.0,1.0,5.0,4294967295.0,4294967295.0,1.0,0.004718805851309901,0.011663267622238543,2173.0,1.0,-1.0,-1.0,0.9996862798937005,0.9695950480857485,31.0,0.023273014391360716,0.008275423824962838,0.01808848845972462
3446.0,1.0,7.0,4294967295.0,4294967295.0,1.0,0.004718805851309901,0.011663267622238543,2174.0,0.0,-1.0,-1.0,0.9996862798937005,0.9695950480857485,32.0,0.023273014391360716,0.008254415747308275,0.01804805426536847
3447.0,1.0,5.0,4294967295.0,4294967295.0,1.0,0.004718805851309901,0.011663267622238543,2175.0,0.0,-1.0,-1.0,0.9996862798937005,0.9695950480857485,32.0,0.023273014391360716,0.008233407623197695,0.018007607285383146
3448.0,1.0,8.0,4294967295.0,4294967295.0,1.0,0.004718805851309901,0.011663267622238543,2176.0,1.0,-1.0,-1.0,0.9996862798937005,0.9695950480857485,32.0,0.023273014391360716,0.008212399449428464,0.01796714751124205
3449.0,1.0,7.0,4294967295.0,4294967295.0,1.0,0.004718805851309901,0.011663267622238543,2177.0,2.0,-1.0,-1.0,0.9996862798937005,0.9695950480857485,32.0,0.023273014391360716,0.008191391222577163,0.017926674934412905
3450.0,1.0,3.0,4294967295.0,4294967295.0,1.0,0.004718805851309901,0.011663267622238543,2178.0,2.0,-1.0,-1.0,0.9996862798937005,0.9695950480857485,32.0,0.023273014391360716,0.008170382938984368,0.017886189546357737
3451.0,1.0,4.0,4294967295.0,4294967295.0,1.0,0.004718805851309901,0.011663267622238543,2179.0,1.0,-1.0,-1.0,0.9996862798937005,0.9695950480857485,32.0,0.023273014391360716,0.008149374594738377,0.017845691338532883
3452.0,1.0,3.0,4294967295.0,4294967295.0,1.0,0.004718805851309901,0.011663267622238543,2180.0,1.0,-1.0,-1.0,0.9996862798937005,0.9695950480857485,32.0,0.023273014391360716,0.008128366185657815,0.017805180302388975
3453.0,1.0,9.0,4294967295.0,4294967295.0,1.0,0.0047188058513099,0.011663267622238543,2181.0,0.0,-1.0,-1.0,0.9996862798937005,0.9695950480857485,32.0,0.023273014391360716,0.008107357707273053,0.017764656429370952
3454.0,1.0,8.0,4294967295.0,4294967295.0,1.0,0.0047188058513099,0.011663267622238543,2182.0,0.0,-1.0,-1.0,0.9996862798937005,0.9695950480857485,32.0,0.023273014391360716,0.008086349154806327,0.01772411971091805
3455.0,1.0,8.0,4294967295.0,4294967295.0,1.0,0.0047188058513099,0.011663267622238543,2183.0,0.0,-1.0,-1.0,0.9996862798937005,0.9695950480857485,32.0,0.023273014391360716,0.0080653405231505,0.017683570138463785
3456.0,1.0,4.0,4294967295.0,4294967295.0,1.0,0.0047188058513099,0.011663267622238543,2184.0,0.0,-1.0,-1.0,0.9996862798937005,0.9695950480857485,32.0,0.023273014391360716,0.008044331806846352,0.017643007703435964
3457.0,1.0,7.0,4294967295.0,4294967295.0,1.0,0.004718805851309899,0.011663267622238543,2185.0,0.0,-1.0,-1.0,0.9996862798937005,0.9695950480857485,32.0,0.023273014391360716,0.008023323000058312,0.017602432397256684
3458.0,1.0,11.0,4294967295.0,4294967295.0,2.0,0.004718805851309899,0.011663267622238543,2186.0,0.0,-1.0,-1.0,0.9996862798937005,0.9695950480857485,32.0,0.023273014391360716,0.008002314096548509,0.017561844211342312
3460.0,2.0,9.0,4294967295.0,4294967295.0,2.0,0.004652721155230486,0.011591772057692868,2187.0,0.0,-1.0,-1.0,0.9993539822908061,0.939416337053971,0.0,0.023273014391360716,0.007874902506912612,0.01740724452605926
3462.0,2.0,11.0,4294967295.0,4294967295.0,2.0,0.004588664686482537,0.011520300255193192,2188.0,1.0,-1.0,-1.0,0.9993539616175972,0.9394694542828419,0.0,0.023273014391360716,0.007768861646087727,0.01725453170431766
3464.0,2.0,14.0,4294967295.0,4294967295.0,2.0,0.004524604670127183,0.011448828454174331,2189.0,1.0,-1.0,-1.0,0.9993539616164318,0.9394693794616078,0.0,0.023273014391360716,0.007662782721775802,0.017101767344992694
3466.0,2.0,8.0,4294967295.0,4294967295.0,2.0,0.004460544658759684,0.01137735665315555,2190.0,2.0,-1.0,-1.0,0.9993539616164316,0.9394693795582207,0.0,0.023273014391360716,0.007556703272323726,0.016948951260167794
3468.0,2.0,15.0,4294967295.0,4294967295.0,2.0,0.004396484647385362,0.011305884852136766,2191.0,1.0,-1.0,-1.0,0.9993539616164318,0.9394693795581006,0.0,0.023273014391360716,0.007450623162340551,0.016796083380822998
3470.0,2.0,16.0,4294967295.0,4294967295.0,2.0,0.004332424636010607,0.01123441305111798,2192.0,0.0,-1.0,-1.0,0.9993539616164318,0.9394693795581008,0.0,0.023273014391360716,0.007344542297692403,0.01664316363785289
3472.0,2.0,10.0,4294967295.0,4294967295.0,2.0,0.004268364624635347,0.01116294125009919,2193.0,0.0,-1.0,-1.0,0.9993539616164316,0.9394693795581008,0.0,0.023273014391360716,0.0072384605707408525,0.016490191962059846
3474.0,2.0,18.0,4294967295.0,4294967295.0,2.0,0.004204304613259509,0.011091469449080396,2194.0,0.0,-1.0,-1.0,0.9993539616164318,0.9394693795581008,0.0,0.023273014391360716,0.007132377858495031,0.016337168284153915
3476.0,2.0,12.0,4294967295.0,4294967295.0,2.0,0.004140244601883012,0.0110199976480616,2195.0,2.0,-1.0,-1.0,0.9993539616164318,0.9394693795581008,0.0,0.023273014391360716,0.007026294020421802,0.01618409253475271
3478.0,2.0,14.0,4294967295.0,4294967295.0,2.0,0.0040761845905057615,0.010948525847042798,2196.0,1.0,-1.0,-1.0,0.9993539616164316,0.9394693795581008,0.0,0.023273014391360716,0.006920208895943705,0.01603096464438126
3480.0,2.0,11.0,4294967295.0,4294967295.0,2.0,0.00401212457912765,0.010877054046023994,2197.0,1.0,-1.0,-1.0,0.9993539616164318,0.9394693795581008,0.0,0.023273014391360716,0.006814122301580017,0.0158777845434719
3482.0,2.0,14.0,4294967295.0,4294967295.0,2.0,0.003948064567748554,0.010805582245005187,2198.0,1.0,-1.0,-1.0,0.9993539616164318,0.9394693795581008,0.0,0.023273014391360716,0.0067080340276800396,0.015724552162364153
3484.0,2.0,12.0,4294967295.0,4294967295.0,2.0,0.0038840045563683354,0.010734110443986379,2199.0,1.0,-1.0,-1.0,0.9993539616164316,0.9394693795581008,0.0,0.023273014391360716,0.006601943834690472,0.015571267431304598
3486.0,2.0,16.0,4294967295.0,4294967295.0,2.0,0.003819944544986832,0.010662638642967563,2200.0,0.0,-1.0,-1.0,0.9993539616164318,0.9394693795581008,0.0,0.023273014391360716,0.006495851448890373,0.015417930280446742
3488.0,2.0,13.0,4294967295.0,4294967295.0,2.0,0.0037558845336038617,0.010591166841948746,2201.0,0.0,-1.0,-1.0,0.9993539616164318,0.9394693795581008,0.0,0.023273014391360716,0.0063897565575178165,0.015264540639850905
3490.0,2.0,12.0,4294967295.0,4294967295.0,2.0,0.003691824522219215,0.010519695040929927,2202.0,1.0,-1.0,-1.0,0.9993539616164316,0.9394693795581008,0.0,0.023273014391360716,0.006283658803201446,0.015111098439484091
3492.0,2.0,8.0,4294967295.0,4294967295.0,2.0,0.003627764510832652,0.010448223239911104,2203.0,0.0,-1.0,-1.0,0.9993539616164318,0.9394693795581008,0.0,0.023273014391360716,0.0061775577775978075,0.014957603609219869
3494.0,2.0,15.0,4294967295.0,4294967295.0,2.0,0.0035637044994439,0.010376751438892277,2204.0,1.0,-1.0,-1.0,0.9993539616164318,0.9394693795581008,0.0,0.023273014391360716,0.006071453014121167,0.014804056078838234
3496.0,2.0,15.0,4294967295.0,4294967295.0,2.0,0.003499644488052646,0.010305279637873446,2205.0,0.0,-1.0,-1.0,0.9993539616164316,0.9394693795581008,0.0,0.023273014391360716,0.005965343979636377,0.014650455778025498
3498.0,2.0,14.0,4294967295.0,4294967295.0,2.0,0.0034355844766585345,0.010233807836854611,2206.0,3.0,-1.0,-1.0,0.9993539616164318,0.9394693795581008,0.0,0.023273014391360716,0.005859230064966895,0.014496802636374161
3500.0,2.0,14.0,4294967295.0,4294967295.0,2.0,0.003371524465261157,0.010162336035835775,2207.0,1.0,-1.0,-1.0,0.9993539616164318,0.9394693795581008,0.0,0.023273014391360716,0.005753110574048946,0.014343096583382781
3502.0,2.0,14.0,4294967295.0,4294967295.0,2.0,0.0033074644538600476,0.010090864234816935,2208.0,1.0,-1.0,-1.0,0.9993539616164316,0.9394693795581008,0.0,0.023273014391360716,0.0056469847115387505,0.01418933754845585
3504.0,2.0,12.0,4294967295.0,4294967295.0,2.0,0.003243404442454674,0.01001939243379809,2209.0,0.0,-1.0,-1.0,0.9993539616164318,0.9394693795581008,0.0,0.023273014391360716,0.005540851568652149,0.01403552546090367
3506.0,2.0,13.0,4294967295.0,4294967295.0,2.0,0.0031793444310444286,0.009947920632779241,2210.0,1.0,-1.0,-1.0,0.9993539616164318,0.9394693795581008,0.0,0.023273014391360716,0.005434710106984535,0.01388166024994223
3508.0,2.0,12.0,4294967295.0,4294967295.0,2.0,0.003115284419628616,0.009876448831760393,2211.0,0.0,-1.0,-1.0,0.9993539616164316,0.9394693795581008,0.0,0.023273014391360716,0.005328559140023008,0.01372774184469308
3510.0,2.0,12.0,4294967295.0,4294967295.0,2.0,0.003051224408206443,0.00980497703074154,2212.0,2.0,-1.0,-1.0,0.9993539616164318,0.9394693795581008,0.0,0.023273014391360716,0.005222397312021595,0.013573770174183191
3512.0,2.0,11.0,4294967295.0,4294967295.0,2.0,0.0029871643967770015,0.009733505229722685,2213.0,0.0,-1.0,-1.0,0.9993539616164318,0.9394693795581008,0.0,0.023273014391360716,0.005116223073863434,0.013419745167344854
3514.0,2.0,11.0,4294967295.0,4294967295.0,2.0,0.0029231043853392554,0.009662033428703826,2214.0,0.0,-1.0,-1.0,0.9993539616164316,0.9394693795581008,0.0,0.023273014391360716,0.005010034655480163,0.013265666753015527
3516.0,2.0,15.0,4294967295.0,4294967295.0,2.0,0.0028590443738920196,0.009590561627684964,2215.0,0.0,-1.0,-1.0,0.9993539616164318,0.9394693795581008,0.0,0.023273014391360716,0.004903830034337467,0.013111534859937731
3518.0,2.0,9.0,4294967295.0,4294967295.0,2.0,0.0027949843624339404,0.009519089826666098,2216.0,0.0,-1.0,-1.0,0.9993539616164318,0.9394693795581008,0.0,0.023273014391360716,0.004797606899425712,0.01295734941675891
3520.0,2.0,12.0,4294967295.0,4294967295.0,2.0,0.0027309243509634727,0.00944761802564723,2217.0,2.0,-1.0,-1.0,0.9993539616164316,0.9394693795581008,0.0,0.023273014391360716,0.004691362610114522,0.012803110352031308
3522.0,2.0,14.0,4294967295.0,4294967295.0,2.0,0.002666864339478848,0.009376146224628358,2218.0,0.0,-1.0,-1.0,0.9993539616164318,0.9394693795581008,0.0,0.023273014391360716,0.0045850941491387695,0.012648817594211843
3524.0,2.0,8.0,4294967295.0,4294967295.0,2.0,0.0026028043279780477,0.009304674423609481,2219.0,1.0,-1.0,-1.0,0.9993539616164318,0.9394693795581008,0.0,0.023273014391360716,0.0044787980688789295,0.012494471071661975
3526.0,2.0,16.0,4294967295.0,4294967295.0,2.0,0.0025387443164587645,0.009233202622590603,2220.0,0.0,-1.0,-1.0,0.9993539616164316,0.9394693795581008,0.0,0.023273014391360716,0.004372470429979365,0.012340070712647585
3528.0,2.0,10.0,4294967295.0,4294967295.0,2.0,0.002474684304918362,0.009161730821571722,2221.0,1.0,-1.0,-1.0,0.9993539616164318,0.9394693795581008,0.0,0.023273014391360716,0.0042661067312116975,0.012185616445338847
3530.0,2.0,13.0,4294967295.0,4294967295.0,2.0,0.0024106242933538283,0.009090259020552837,2222.0,0.0,-1.0,-1.0,0.9993539616164318,0.9394693795581008,0.0,0.023273014391360716,0.004159701829334549,0.012031108197810093
3532.0,2.0,7.0,4294967295.0,4294967295.0,2.0,0.0023465642817617214,0.009018787219533949,2223.0,0.0,-1.0,-1.0,0.9993539616164316,0.9394693795581008,0.0,0.023273014391360716,0.004053249847522832,0.011876545898039692
3534.0,2.0,12.0,4294967295.0,4294967295.0,2.0,0.0022825042701381084,0.008947315418515057,2224.0,0.0,-1.0,-1.0,0.9993539616164318,0.9394693795581008,0.0,0.023273014391360716,0.003946744070736247,0.011721929473909922
3536.0,2.0,17.0,4294967295.0,4294967295.0,2.0,0.0022184442584784955,0.008875843617496161,2225.0,0.0,-1.0,-1.0,0.9993539616164318,0.9394693795581008,0.0,0.023273014391360716,0.0038401768261641274,0.01156725885320684
3538.0,2.0,13.0,4294967295.0,4294967295.0,2.0,0.002154384246777748,0.008804371816477263,2226.0,1.0,-1.0,-1.0,0.9993539616164316,0.9394693795581008,0.0,0.023273014391360716,0.0037335393466180564,0.01141253396362015
3540.0,2.0,10.0,4294967295.0,4294967295.0,2.0,0.0020903242350299995,0.00873290001545836,2227.0,0.0,-1.0,-1.0,0.9993539616164318,0.9394693795581008,0.0,0.023273014391360716,0.0036268216144400914,0.01125775473274308
3542.0,2.0,18.0,4294967295.0,4294967295.0,2.0,0.0020262642232285457,0.008661428214439455,2228.0,1.0,-1.0,-1.0,0.9993539616164318,0.9394693795581008,4.0,0.023273014391360716,0.0035200121831475174,0.01110292108807225
3544.0,2.0,5.0,4294967295.0,4294967295.0,2.0,0.0019622042113657256,0.008589956413420545,2229.0,0.0,-1.0,-1.0,0.9993539616164316,0.9394693795581008,7.0,0.023273014391360716,0.00341309797363868,0.010948032957007551
3546.0,2.0,13.0,4294967295.0,4294967295.0,2.0,0.001898144199432788,0.008518484612401633,2230.0,3.0,-1.0,-1.0,0.9993539616164318,0.9394693795581008,9.0,0.023273014391360716,0.003306064041331538,0.010793090266851999
3548.0,2.0,15.0,4294967295.0,4294967295.0,2.0,0.0018340841874197316,0.008447012811382718,2231.0,0.0,-1.0,-1.0,0.9993539616164318,0.9394693795581008,11.0,0.023273014391360716,0.0031988933100890347,0.010638092944811625
3550.0,2.0,11.0,4294967295.0,4294967295.0,2.0,0.001770024175315129,0.008375541010363799,2232.0,0.0,-1.0,-1.0,0.9993539616164316,0.9394693795581008,13.0,0.023273014391360716,0.0030915662681940802,0.010483040917995326
3552.0,2.0,10.0,4294967295.0,4294967295.0,2.0,0.0017059641631059221,0.008304069209344875,2233.0,0.0,-1.0,-1.0,0.9993539616164318,0.9394693795581008,14.0,0.023273014391360716,0.0029840606209612626,0.01032793411341476
3554.0,2.0,14.0,4294967295.0,4294967295.0,2.0,0.0016419041507771922,0.00823259740832595,2234.0,1.0,-1.0,-1.0,0.9993539616164318,0.9394693795581008,16.0,0.023273014391360716,0.0028763508938003464,0.010172772457984192
3556.0,2.0,11.0,4294967295.0,4294967295.0,2.0,0.0015778441383118916,0.00816112560730702,2235.0,0.0,-1.0,-1.0,0.9993539616164316,0.9394693795581008,17.0,0.023273014391360716,0.0027684079786644746,0.010017555878520375
3558.0,2.0,7.0,4294967295.0,4294967295.0,2.0,0.0015137841256905404,0.008089653806288087,2236.0,0.0,-1.0,-1.0,0.9993539616164318,0.9394693795581008,18.0,0.023273014391360716,0.002660198615807994,0.009862284301742425
3560.0,2.0,7.0,4294967295.0,4294967295.0,2.0,0.0014497241128908812,0.008018182005269152,2237.0,0.0,-1.0,-1.0,0.9993539616164318,0.9394693795581008,19.0,0.023273014391360716,0.002551684801627076,0.009706957654271682
3562.0,2.0,13.0,4294967295.0,4294967295.0,2.0,0.0013856640998874824,0.007946710204250211,2238.0,0.0,-1.0,-1.0,0.9993539616164316,0.9394693795581008,20.0,0.023273014391360716,0.0024428231120402844,0.009551575862631579
3564.0,2.0,11.0,4294967295.0,4294967295.0,2.0,0.0013216040866512841,0.007875238403231268,2239.0,0.0,-1.0,-1.0,0.9993539616164318,0.9394693795581008,21.0,0.023273014391360716,0.002333563929362483,0.00939613885324752
3566.0,2.0,13.0,4294967295.0,4294967295.0,2.0,0.0012575440731490818,0.007803766602212322,2240.0,2.0,-1.0,-1.0,0.9993539616164318,0.9394693795581008,22.0,0.023273014391360716,0.0022238505589073,0.009240646552446743
3568.0,2.0,12.0,4294967295.0,4294967295.0,2.0,0.001193484059342936,0.007732294801193372,2241.0,0.0,-1.0,-1.0,0.9993539616164316,0.9394693795581008,23.0,0.023273014391360716,0.002113618219590043,0.009085098886458186
3570.0,2.0,10.0,4294967295.0,4294967295.0,2.0,0.0011294240451894945,0.007660823000174418,2242.0,1.0,-1.0,-1.0,0.9993539616164318,0.9394693795581008,24.0,0.023273014391360716,0.002002792890559687,0.008929495781412366
3572.0,2.0,15.0,4294967295.0,4294967295.0,2.0,0.0010653640306392221,0.0075893511991554615,2243.0,0.0,-1.0,-1.0,0.9993539616164318,0.9394693795581008,25.0,0.023273014391360716,0.0018912899933252666,0.00877383716334124
3574.0,2.0,17.0,4294967295.0,4294967295.0,2.0,0.0010013040156355187,0.007517879398136501,2244.0,1.0,-1.0,-1.0,0.9993539616164316,0.9394693795581008,25.0,0.023273014391360716,0.0017790128859131362,0.00861812295817807
3576.0,2.0,16.0,4294967295.0,4294967295.0,2.0,0.000937244000113711,0.007446407597117537,2245.0,1.0,-1.0,-1.0,0.9993539616164318,0.9394693795581008,26.0,0.023273014391360716,0.0016658511422449431,0.008462353091757304
3578.0,2.0,12.0,4294967295.0,4294967295.0,2.0,0.0008731839839999016,0.00737493579609857,2246.0,1.0,-1.0,-1.0,0.9993539616164318,0.9394693795581008,27.0,0.023273014391360716,0.001551678586102217,0.008306527489814431
3580.0,2.0,14.0,4294967295.0,4294967295.0,2.0,0.0008091239672096528,0.007303463995079599,2247.0,1.0,-1.0,-1.0,0.9993539616164316,0.9394693795581008,27.0,0.023273014391360716,0.0014363510446741036,0.00815064607798586
3582.0,2.0,18.0,4294967295.0,4294967295.0,2.0,0.0007450639496464836,0.007231992194060625,2248.0,1.0,-1.0,-1.0,0.9993539616164318,0.9394693795581008,28.0,0.023273014391360716,0.0013197037816922203,0.007994708781808775
3584.0,2.0,15.0,4294967295.0,4294967295.0,2.0,0.0006810039312001523,0.007160520393041646,2249.0,0.0,-1.0,-1.0,0.9993539616164318,0.9394693795581008,28.0,0.023273014391360716,0.0012015485644519411,0.007838715526721017
3586.0,2.0,10.0,4294967295.0,4294967295.0,2.0,0.0006169439117446926,0.007089048592022665,2250.0,0.0,-1.0,-1.0,0.9993539616164316,0.9394693795581008,29.0,0.023273014391360716,0.0010816703125011056,0.007682666238060941
3588.0,2.0,14.0,4294967295.0,4294967295.0,2.0,0.0005528838911361717,0.00701757679100368,2251.0,0.0,-1.0,-1.0,0.9993539616164318,0.9394693795581008,30.0,0.023273014391360716,0.0009598232683291183,0.007526560841067289
3590.0,2.0,9.0,4294967295.0,4294967295.0,2.0,0.000488823869210128,0.006946104989984692,2252.0,0.0,-1.0,-1.0,0.9993539616164318,0.9394693795581008,30.0,0.023273014391360716,0.0008357266218790582,0.007370399260879051
3592.0,2.0,8.0,4294967295.0,4294967295.0,2.0,0.0004247638457786426,0.0068746331889657005,2253.0,1.0,-1.0,-1.0,0.9993539616164316,0.9394693795581008,31.0,0.023273014391360716,0.0007090595109812305,0.007214181422535339
3594.0,2.0,13.0,4294967295.0,4294967295.0,2.0,0.0003607038206269932,0.0068031613879467046,2254.0,0.0,-1.0,-1.0,0.9993539616164318,0.9394693795581008,31.0,0.023273014391360716,0.0005794553086954546,0.00705790725097525
3596.0,2.0,15.0,4294967295.0,4294967295.0,2.0,0.00029664379350983187,0.006731689586927705,2255.0,0.0,-1.0,-1.0,0.9993539616164318,0.9394693795581008,32.0,0.023273014391360716,0.000446495095853434,0.006901576671037731
3598.0,2.0,19.0,4294967295.0,4294967295.0,300.0,0.00023258376414681637,0.006660217785908702,2256.0,0.0,-1.0,-1.0,0.9993539616164316,0.9394693795581008,32.0,0.023273014391360716,0.0003097002025857921,0.0067451896074614505
