time_s,previous_period_s,own_count,D_cell_mask_before,D_cell_mask_after,next_period_s,slack_min,slack_max,completed_passes,physical_pending_words_diagnostic_only,local_previous_set_period,local_refined_set_period,PrH_D3000,PrH_D30,last_blocking_node,knownD_slack_unused_for_unknown,remaining_risk_potential_min,remaining_risk_potential_max
1.0,1.0,3.0,4294967295.0,4294967295.0,1.0,0.0116506907766811,0.011999794786343276,1.0,1.0,-1.0,-1.0,0.9996937875984881,0.973020250443843,0.0,0.023449721137260016,0.08755900815402341,0.11725067853058153
2.0,1.0,5.0,4294967295.0,4294967295.0,1.0,0.011650690776681086,0.011999794786343262,2.0,0.0,-1.0,-1.0,0.9996862814050179,0.9695945739099199,0.0,0.023449721137260016,0.08753580945052679,0.11722705112787626
3.0,1.0,4.0,4294967295.0,4294967295.0,1.0,0.0116506907766811,0.011999794786343249,3.0,0.0,-1.0,-1.0,0.9996862798937447,0.9695950457303693,0.0,0.023449721137260016,0.08751480234602889,0.1172038577387159
4.0,1.0,3.0,4294967295.0,4294967295.0,1.0,0.011650690776681086,0.011999794786343249,4.0,2.0,-1.0,-1.0,0.9996862798937005,0.9695950480869249,0.0,0.023449721137260016,0.08749379494375376,0.11718066314933996
5.0,1.0,5.0,4294967295.0,4294967295.0,1.0,0.011650690776681072,0.011999794786343276,5.0,0.0,-1.0,-1.0,0.9996862798937005,0.9695950480857498,0.0,0.023449721137260016,0.08747278753996963,0.11715746727123927
6.0,1.0,6.0,4294967295.0,4294967295.0,1.0,0.011650690776681072,0.01199979478634329,6.0,1.0,-1.0,-1.0,0.9996862798937005,0.9695950480857484,0.0,0.023449721137260016,0.08745178013618628,0.11713427010355182
7.0,1.0,7.0,4294967295.0,4294967295.0,1.0,0.011650690776681072,0.01199979478634329,7.0,0.0,-1.0,-1.0,0.9996862798937005,0.9695950480857485,0.0,0.023449721137260016,0.08743077273240292,0.11711107164541762
8.0,1.0,3.0,4294967295.0,4294967295.0,1.0,0.011650690776681058,0.01199979478634329,8.0,1.0,-1.0,-1.0,0.9996862798937005,0.9695950480857485,0.0,0.023449721137260016,0.08740976532861956,0.11708787189597608
9.0,1.0,7.0,4294967295.0,4294967295.0,1.0,0.011650690776681058,0.011999794786343304,9.0,1.0,-1.0,-1.0,0.9996862798937005,0.9695950480857485,0.0,0.023449721137260016,0.08738875792483619,0.11706467085436602
10.0,1.0,6.0,4294967295.0,4294967295.0,1.0,0.011650690776681058,0.01199979478634329,10.0,1.0,-1.0,-1.0,0.9996862798937005,0.9695950480857485,0.0,0.023449721137260016,0.08736775052105282,0.11704146851972573
11.0,1.0,6.0,4294967295.0,4294967295.0,1.0,0.011650690776681044,0.01199979478634329,11.0,0.0,-1.0,-1.0,0.9996862798937005,0.9695950480857485,0.0,0.023449721137260016,0.08734674311726943,0.1170182648911929
12.0,1.0,4.0,4294967295.0,4294967295.0,1.0,0.011650690776681044,0.011999794786343318,12.0,2.0,-1.0,-1.0,0.9996862798937005,0.9695950480857485,0.0,0.023449721137260016,0.08732573571348609,0.11699505996790462
13.0,1.0,9.0,4294967295.0,4294967295.0,1.0,0.011650690776681044,0.011999794786343318,13.0,1.0,-1.0,-1.0,0.9996862798937005,0.9695950480857485,0.0,0.023449721137260016,0.08730472830970272,0.11697185374899745
14.0,1.0,9.0,4294967295.0,4294967295.0,1.0,0.011650690776681044,0.011999794786343318,14.0,0.0,-1.0,-1.0,0.9996862798937005,0.9695950480857485,0.0,0.023449721137260016,0.08728372090591936,0.11694864623360737
15.0,1.0,7.0,4294967295.0,4294967295.0,1.0,0.011650690776681044,0.011999794786343332,15.0,0.0,-1.0,-1.0,0.9996862798937005,0.9695950480857485,0.0,0.023449721137260016,0.08726271350213598,0.11692543742086975
16.0,1.0,2.0,4294967295.0,4294967295.0,1.0,0.01165069077668103,0.011999794786343318,16.0,0.0,-1.0,-1.0,0.9996862798937005,0.9695950480857485,0.0,0.023449721137260016,0.0872417060983526,0.11690222730991941
17.0,1.0,4.0,4294967295.0,4294967295.0,1.0,0.011650690776681016,0.011999794786343304,17.0,0.0,-1.0,-1.0,0.9996862798937005,0.9695950480857485,0.0,0.023449721137260016,0.08722069869456923,0.1168790158998906
18.0,1.0,3.0,4294967295.0,4294967295.0,1.0,0.011650690776681016,0.011999794786343332,18.0,1.0,-1.0,-1.0,0.9996862798937005,0.9695950480857485,0.0,0.023449721137260016,0.08719969129078588,0.11685580318991695
19.0,1.0,8.0,4294967295.0,4294967295.0,1.0,0.011650690776681016,0.011999794786343332,19.0,0.0,-1.0,-1.0,0.9996862798937005,0.9695950480857485,0.0,0.023449721137260016,0.0871786838870025,0.11683258917913157
20.0,1.0,6.0,4294967295.0,4294967295.0,1.0,0.011650690776681016,0.011999794786343332,20.0,1.0,-1.0,-1.0,0.9996862798937005,0.9695950480857485,0.0,0.023449721137260016,0.08715767648321913,0.11680937386666695
21.0,1.0,12.0,4294967295.0,4294967295.0,1.0,0.011650690776681016,0.011999794786343346,21.0,0.0,-1.0,-1.0,0.9996862798937005,0.9695950480857485,0.0,0.023449721137260016,0.08713666907943579,0.11678615725165502
22.0,1.0,8.0,4294967295.0,4294967295.0,1.0,0.011650690776681016,0.011999794786343332,22.0,1.0,-1.0,-1.0,0.9996862798937005,0.9695950480857485,0.0,0.023449721137260016,0.08711566167565243,0.11676293933322712
23.0,1.0,5.0,4294967295.0,4294967295.0,1.0,0.011650690776681016,0.011999794786343318,23.0,1.0,-1.0,-1.0,0.9996862798937005,0.9695950480857485,0.0,0.023449721137260016,0.08709465427186908,0.11673972011051402
24.0,1.0,6.0,4294967295.0,4294967295.0,1.0,0.011650690776681016,0.011999794786343332,24.0,1.0,-1.0,-1.0,0.9996862798937005,0.9695950480857485,0.0,0.023449721137260016,0.0870736468680857,0.11671649958264589
25.0,1.0,7.0,4294967295.0,4294967295.0,1.0,0.011650690776681003,0.011999794786343332,25.0,1.0,-1.0,-1.0,0.9996862798937005,0.9695950480857485,0.0,0.023449721137260016,0.08705263946430233,0.11669327774875236
26.0,1.0,2.0,4294967295.0,4294967295.0,1.0,0.011650690776681003,0.011999794786343332,26.0,0.0,-1.0,-1.0,0.9996862798937005,0.9695950480857485,0.0,0.023449721137260016,0.08703163206051899,0.11667005460796244
27.0,1.0,6.0,4294967295.0,4294967295.0,1.0,0.011650690776681003,0.011999794786343346,27.0,0.0,-1.0,-1.0,0.9996862798937005,0.9695950480857485,0.0,0.023449721137260016,0.08701062465673563,0.1166468301594046
28.0,1.0,4.0,4294967295.0,4294967295.0,1.0,0.011650690776681003,0.011999794786343346,28.0,0.0,-1.0,-1.0,0.9996862798937005,0.9695950480857485,0.0,0.023449721137260016,0.08698961725295226,0.11662360440220666
29.0,1.0,7.0,4294967295.0,4294967295.0,1.0,0.011650690776681003,0.011999794786343332,29.0,0.0,-1.0,-1.0,0.9996862798937005,0.9695950480857485,0.0,0.023449721137260016,0.08696860984916889,0.11660037733549593
30.0,1.0,12.0,4294967295.0,4294967295.0,1.0,0.011650690776681003,0.011999794786343332,30.0,0.0,-1.0,-1.0,0.9996862798937005,0.9695950480857485,0.0,0.023449721137260016,0.08694760244538553,0.11657714895839912
31.0,1.0,6.0,4294967295.0,4294967295.0,1.0,0.011650690776681003,0.011999794786343332,31.0,0.0,-1.0,-1.0,0.9996862798937005,0.9695950480857485,0.0,0.023449721137260016,0.08692659504160218,0.11655391927004233
32.0,1.0,4.0,4294967295.0,4294967295.0,1.0,0.011650690776681003,0.011999794786343332,32.0,1.0,-1.0,-1.0,0.9996862798937005,0.9695950480857485,0.0,0.023449721137260016,0.0869055876378188,0.1165306882695511
33.0,1.0,5.0,4294967295.0,4294967295.0,1.0,0.011650690776681003,0.011999794786343346,33.0,0.0,-1.0,-1.0,0.9996862798937005,0.9695950480857485,0.0,0.023449721137260016,0.08688458023403543,0.11650745595605039
34.0,1.0,8.0,4294967295.0,4294967295.0,1.0,0.011650690776680989,0.01199979478634336,34.0,0.0,-1.0,-1.0,0.9996862798937005,0.9695950480857485,0.0,0.023449721137260016,0.08686357283025205,0.11648422232866454
35.0,1.0,6.0,4294967295.0,4294967295.0,1.0,0.011650690776680989,0.011999794786343346,35.0,1.0,-1.0,-1.0,0.9996862798937005,0.9695950480857485,0.0,0.023449721137260016,0.0868425654264687,0.11646098738651739
36.0,1.0,5.0,4294967295.0,4294967295.0,1.0,0.011650690776680989,0.011999794786343346,36.0,0.0,-1.0,-1.0,0.9996862798937005,0.9695950480857485,0.0,0.023449721137260016,0.08682155802268533,0.11643775112873211
37.0,1.0,6.0,4294967295.0,4294967295.0,1.0,0.011650690776680989,0.011999794786343346,37.0,3.0,-1.0,-1.0,0.9996862798937005,0.9695950480857485,0.0,0.023449721137260016,0.08680055061890198,0.1164145135544313
38.0,1.0,9.0,4294967295.0,4294967295.0,1.0,0.011650690776680989,0.011999794786343346,38.0,2.0,-1.0,-1.0,0.9996862798937005,0.9695950480857485,0.0,0.023449721137260016,0.08677954321511859,0.116391274662737
39.0,1.0,2.0,4294967295.0,4294967295.0,1.0,0.011650690776680989,0.01199979478634336,39.0,0.0,-1.0,-1.0,0.9996862798937005,0.9695950480857485,0.0,0.023449721137260016,0.08675853581133525,0.11636803445277065
40.0,1.0,0.0,4294967295.0,4294967295.0,1.0,0.011650690776680989,0.011999794786343373,40.0,0.0,-1.0,-1.0,0.867541277643506,0.06874293104515919,0.0,0.023449721137260016,0.08616110010832485,0.10869989763667587
41.0,1.0,0.0,4294967295.0,4294967295.0,2.0,0.011650690776681003,0.01199979478634336,41.0,0.0,-1.0,-1.0,0.014204893595178028,0.008388570143134403,0.0,0.023449721137260016,0.05931306944599309,0.08659882582033746
43.0,2.0,0.0,4294967295.0,4294967295.0,2.0,0.011649205389233308,0.011998932856253822,42.0,0.0,-1.0,-1.0,8.322821131341495e-05,0.008247717015336387,21.0,0.023449721137260016,0.05845657175741459,0.08655543241244641
45.0,2.0,0.0,4294967295.0,4294967295.0,2.0,0.011647729468041879,0.011998088498513831,43.0,0.0,-1.0,-1.0,8.315965605345438e-05,0.00824771634159882,21.0,0.023449721137260016,0.05841800037698546,0.08651234797302892
47.0,2.0,0.0,4294967295.0,4294967295.0,2.0,0.011646253546895732,0.011997244140857927,44.0,0.0,-1.0,-1.0,8.315965572534506e-05,0.0082477163415956,21.0,0.023449721137260016,0.05837943826690331,0.08646926353509023
49.0,2.0,0.0,4294967295.0,4294967295.0,2.0,0.011644777625749586,0.011996420004395728,45.0,0.0,-1.0,-1.0,8.315965572534348e-05,0.0082477163415956,21.0,0.023449721137260016,0.058340881464110234,0.08642617909715154
51.0,2.0,0.0,4294967295.0,4294967295.0,2.0,0.01164330170460344,0.011995636186274874,46.0,0.0,-1.0,-1.0,8.315965572534348e-05,0.0082477163415956,21.0,0.023449721137260016,0.058302329975668345,0.08638309465921284
53.0,2.0,0.0,4294967295.0,4294967295.0,2.0,0.011641825783457307,0.011994852368154035,47.0,0.0,-1.0,-1.0,8.315965572534348e-05,0.0082477163415956,21.0,0.023449721137260016,0.05826378380866815,0.08634001022127416
55.0,2.0,0.0,4294967295.0,4294967295.0,2.0,0.011640349862311189,0.011994068550033182,48.0,0.0,-1.0,-1.0,8.315965572534348e-05,0.0082477163415956,21.0,0.023449721137260016,0.058225242970209645,0.08629692578333546
57.0,2.0,0.0,4294967295.0,4294967295.0,2.0,0.01163887394116507,0.01199328473191233,49.0,0.0,-1.0,-1.0,8.315965572534348e-05,0.0082477163415956,21.0,0.023449721137260016,0.05818670746740229,0.08625384134539676
59.0,2.0,0.0,4294967295.0,4294967295.0,2.0,0.011637398020018924,0.011992500913791476,50.0,0.0,-1.0,-1.0,8.315965572534348e-05,0.0082477163415956,21.0,0.023449721137260016,0.05814817730736504,0.08621075690745807
61.0,2.0,0.0,4294967295.0,4294967295.0,2.0,0.011635922098872792,0.011991717095670623,51.0,0.0,-1.0,-1.0,8.315965572534348e-05,0.0082477163415956,21.0,0.023449721137260016,0.05810965249722632,0.08616767246951937
63.0,2.0,0.0,4294967295.0,4294967295.0,2.0,0.011634446177726646,0.01199093327754977,52.0,0.0,-1.0,-1.0,8.315965572534348e-05,0.0082477163415956,21.0,0.023449721137260016,0.0580711330441241,0.08612458803158067
65.0,2.0,0.0,4294967295.0,4294967295.0,2.0,0.0116329702565805,0.011990149459428931,53.0,0.0,-1.0,-1.0,8.315965572534348e-05,0.0082477163415956,21.0,0.023449721137260016,0.058032618955205846,0.08608150359364197
67.0,2.0,0.0,4294967295.0,4294967295.0,2.0,0.01163149433543434,0.011989365641308092,54.0,0.0,-1.0,-1.0,8.315965572534348e-05,0.0082477163415956,21.0,0.023449721137260016,0.05799411023762858,0.08603841915570327
69.0,2.0,0.0,4294967295.0,4294967295.0,2.0,0.011630018414288193,0.011988581823187239,55.0,0.0,-1.0,-1.0,8.315965572534348e-05,0.0082477163415956,21.0,0.023449721137260016,0.05795560689855887,0.08599533471776459
71.0,2.0,0.0,4294967295.0,4294967295.0,2.0,0.011628542493142074,0.0119877980050664,56.0,0.0,-1.0,-1.0,8.315965572534348e-05,0.0082477163415956,21.0,0.023449721137260016,0.057917108945172845,0.08595225027982592
73.0,2.0,0.0,4294967295.0,4294967295.0,2.0,0.011627066571995956,0.011987014186945547,57.0,0.0,-1.0,-1.0,8.315965572534348e-05,0.0082477163415956,21.0,0.023449721137260016,0.0578786163846562,0.08590916584188724
75.0,2.0,0.0,4294967295.0,4294967295.0,2.0,0.01162559065084981,0.011986230368824694,58.0,0.0,-1.0,-1.0,8.315965572534348e-05,0.0082477163415956,21.0,0.023449721137260016,0.05784012922420423,0.08586608140394857
77.0,2.0,0.0,4294967295.0,4294967295.0,2.0,0.011624114729703677,0.01198544655070384,59.0,0.0,-1.0,-1.0,8.315965572534348e-05,0.0082477163415956,21.0,0.023449721137260016,0.057801647471021816,0.08582299696600987
79.0,2.0,0.0,4294967295.0,4294967295.0,2.0,0.011622638808557545,0.011984662732582987,60.0,0.0,-1.0,-1.0,8.315965572534348e-05,0.0082477163415956,21.0,0.023449721137260016,0.05776317113232347,0.08577991252807117
81.0,2.0,0.0,4294967295.0,4294967295.0,2.0,0.011621162887411399,0.011983878914462134,61.0,0.0,-1.0,-1.0,8.315965572534348e-05,0.0082477163415956,21.0,0.023449721137260016,0.0577247002153333,0.08573682809013247
83.0,2.0,0.0,4294967295.0,4294967295.0,2.0,0.011619686966265252,0.011983095096341281,62.0,0.0,-1.0,-1.0,8.315965572534348e-05,0.0082477163415956,21.0,0.023449721137260016,0.05768623472728508,0.08569374365219377
85.0,2.0,0.0,4294967295.0,4294967295.0,2.0,0.011618211045119106,0.011982311278220428,63.0,0.0,-1.0,-1.0,8.315965572534348e-05,0.0082477163415956,21.0,0.023449721137260016,0.05764777467542223,0.08565065921425508
87.0,2.0,0.0,4294967295.0,4294967295.0,2.0,0.011616735123972988,0.01198152746009959,64.0,0.0,-1.0,-1.0,8.315965572534348e-05,0.0082477163415956,21.0,0.023449721137260016,0.05760932006699784,0.08560757477631638
89.0,2.0,0.0,4294967295.0,4294967295.0,2.0,0.01161525920282687,0.01198074364197875,65.0,0.0,-1.0,-1.0,8.315965572534348e-05,0.0082477163415956,21.0,0.023449721137260016,0.05757087090927466,0.08556449033837768
91.0,2.0,0.0,4294967295.0,4294967295.0,2.0,0.011613783281680737,0.011979959823857897,66.0,0.0,-1.0,-1.0,8.315965572534348e-05,0.0082477163415956,21.0,0.023449721137260016,0.05753242720952513,0.08552140590043898
93.0,2.0,0.0,4294967295.0,4294967295.0,2.0,0.011612307360534604,0.011979176005737044,67.0,0.0,-1.0,-1.0,8.315965572534348e-05,0.0082477163415956,21.0,0.023449721137260016,0.05749398897503141,0.08547832146250028
95.0,2.0,0.0,4294967295.0,4294967295.0,2.0,0.011610831439388472,0.01197839218761619,68.0,0.0,-1.0,-1.0,8.315965572534348e-05,0.0082477163415956,21.0,0.023449721137260016,0.057455556213085374,0.0854352370245616
97.0,2.0,0.0,4294967295.0,4294967295.0,2.0,0.011609355518242326,0.011977608369495338,69.0,0.0,-1.0,-1.0,8.315965572534348e-05,0.0082477163415956,21.0,0.023449721137260016,0.05741712893098861,0.08539215258662293
99.0,2.0,0.0,4294967295.0,4294967295.0,2.0,0.01160787959709618,0.011976824551374499,70.0,0.0,-1.0,-1.0,8.315965572534348e-05,0.0082477163415956,21.0,0.023449721137260016,0.05737870713605246,0.08534906814868425
101.0,2.0,0.0,4294967295.0,4294967295.0,2.0,0.011606403675950033,0.01197604073325366,71.0,0.0,-1.0,-1.0,8.315965572534348e-05,0.0082477163415956,21.0,0.023449721137260016,0.05734029083559803,0.08530598371074556
103.0,2.0,0.0,4294967295.0,4294967295.0,2.0,0.011604927754803901,0.01197525691513282,72.0,0.0,-1.0,-1.0,8.315965572534348e-05,0.0082477163415956,21.0,0.023449721137260016,0.05730188003695617,0.08526289927280686
105.0,2.0,0.0,4294967295.0,4294967295.0,2.0,0.011603451833657755,0.011974473097011967,73.0,0.0,-1.0,-1.0,8.315965572534348e-05,0.0082477163415956,21.0,0.023449721137260016,0.05726347474746751,0.08521981483486817
107.0,2.0,0.0,4294967295.0,4294967295.0,2.0,0.011601975912511622,0.011973689278891114,74.0,0.0,-1.0,-1.0,8.315965572534348e-05,0.0082477163415956,21.0,0.023449721137260016,0.05722507497448251,0.08517673039692947
109.0,2.0,0.0,4294967295.0,4294967295.0,2.0,0.01160049999136549,0.011972905460770261,75.0,0.0,-1.0,-1.0,8.315965572534348e-05,0.0082477163415956,21.0,0.023449721137260016,0.05718668072536139,0.08513364595899077
111.0,2.0,0.0,4294967295.0,4294967295.0,2.0,0.011599024070219358,0.011972121642649422,76.0,0.0,-1.0,-1.0,8.315965572534348e-05,0.0082477163415956,21.0,0.023449721137260016,0.05714829200747424,0.08509056152105207
113.0,2.0,0.0,4294967295.0,4294967295.0,2.0,0.011597548149073211,0.011971337824528597,77.0,0.0,-1.0,-1.0,8.315965572534348e-05,0.0082477163415956,21.0,0.023449721137260016,0.05710990882820094,0.08504747708311337
115.0,2.0,0.0,4294967295.0,4294967295.0,2.0,0.011596072227927079,0.011970554006407744,78.0,0.0,-1.0,-1.0,8.315965572534348e-05,0.0082477163415956,21.0,0.023449721137260016,0.05707153119493124,0.08500439264517468
117.0,2.0,0.0,4294967295.0,4294967295.0,2.0,0.011594596306780947,0.01196977018828689,79.0,0.0,-1.0,-1.0,8.315965572534348e-05,0.0082477163415956,21.0,0.023449721137260016,0.057033159115064735,0.08496130820723599
119.0,2.0,0.0,4294967295.0,4294967295.0,2.0,0.011593120385634814,0.011968986370166024,80.0,0.0,-1.0,-1.0,8.315965572534348e-05,0.0082477163415956,21.0,0.023449721137260016,0.05699479259601091,0.0849182237692973
121.0,2.0,0.0,4294967295.0,4294967295.0,2.0,0.011591644464488682,0.011968202552045157,81.0,0.0,-1.0,-1.0,8.315965572534348e-05,0.0082477163415956,21.0,0.023449721137260016,0.05695643164518913,0.08487513933135861
123.0,2.0,0.0,4294967295.0,4294967295.0,2.0,0.01159016854334255,0.011967418733924318,82.0,0.0,-1.0,-1.0,8.315965572534348e-05,0.0082477163415956,21.0,0.023449721137260016,0.05691807627002866,0.08483205489341994
125.0,2.0,0.0,4294967295.0,4294967295.0,2.0,0.011588692622196417,0.011966634915803478,83.0,0.0,-1.0,-1.0,8.315965572534348e-05,0.0082477163415956,21.0,0.023449721137260016,0.05687972647796866,0.08478897045548126
127.0,2.0,0.0,4294967295.0,4294967295.0,2.0,0.011587216701050285,0.011965851097682625,84.0,0.0,-1.0,-1.0,8.315965572534348e-05,0.0082477163415956,21.0,0.023449721137260016,0.056841382276458234,0.08474588601754257
129.0,2.0,0.0,4294967295.0,4294967295.0,2.0,0.011585740779904138,0.011965067279561772,85.0,0.0,-1.0,-1.0,8.315965572534348e-05,0.0082477163415956,21.0,0.023449721137260016,0.05680304367295642,0.08470280157960387
131.0,2.0,0.0,4294967295.0,4294967295.0,2.0,0.011584264858758006,0.01196428346144092,86.0,0.0,-1.0,-1.0,8.315965572534348e-05,0.0082477163415956,21.0,0.023449721137260016,0.0567647106749322,0.08465971714166518
133.0,2.0,0.0,4294967295.0,4294967295.0,2.0,0.011582788937611874,0.01196349964332008,87.0,0.0,-1.0,-1.0,8.315965572534348e-05,0.0082477163415956,21.0,0.023449721137260016,0.056726383289864554,0.08461663270372648
135.0,2.0,0.0,4294967295.0,4294967295.0,2.0,0.011581313016465727,0.011962715825199241,88.0,0.0,-1.0,-1.0,8.315965572534348e-05,0.0082477163415956,21.0,0.023449721137260016,0.05668806152524239,0.08457354826578778
137.0,2.0,0.0,4294967295.0,4294967295.0,2.0,0.011579837095319595,0.011961932007078388,89.0,0.0,-1.0,-1.0,8.315965572534348e-05,0.0082477163415956,21.0,0.023449721137260016,0.05664974538856463,0.08453046382784908
139.0,2.0,0.0,4294967295.0,4294967295.0,2.0,0.011578361174173449,0.011961148188957535,90.0,0.0,-1.0,-1.0,8.315965572534348e-05,0.0082477163415956,21.0,0.023449721137260016,0.056611434887340224,0.0844873793899104
141.0,2.0,0.0,4294967295.0,4294967295.0,2.0,0.011576885253027303,0.011960364370836682,91.0,0.0,-1.0,-1.0,8.315965572534348e-05,0.0082477163415956,21.0,0.023449721137260016,0.05657313002908812,0.0844442949519717
143.0,2.0,0.0,4294967295.0,4294967295.0,2.0,0.011575409331881142,0.011959580552715829,92.0,0.0,-1.0,-1.0,8.315965572534348e-05,0.0082477163415956,21.0,0.023449721137260016,0.056534830821337284,0.084401210514033
145.0,2.0,0.0,4294967295.0,4294967295.0,2.0,0.01157393341073501,0.011958796734594976,93.0,0.0,-1.0,-1.0,8.315965572534348e-05,0.0082477163415956,21.0,0.023449721137260016,0.056496537271626755,0.0843581260760943
147.0,2.0,0.0,4294967295.0,4294967295.0,2.0,0.011572457489588878,0.011958012916474137,94.0,0.0,-1.0,-1.0,8.315965572534348e-05,0.0082477163415956,21.0,0.023449721137260016,0.05645824938750561,0.08431504163815562
149.0,2.0,0.0,4294967295.0,4294967295.0,2.0,0.011570981568442745,0.011957229098353298,95.0,0.0,-1.0,-1.0,8.315965572534348e-05,0.0082477163415956,21.0,0.023449721137260016,0.056419967176533026,0.08427195720021695
151.0,2.0,0.0,4294967295.0,4294967295.0,2.0,0.011569505647296613,0.011956445280232444,96.0,0.0,-1.0,-1.0,8.315965572534348e-05,0.0082477163415956,21.0,0.023449721137260016,0.056381690646278224,0.08422887276227826
153.0,2.0,0.0,4294967295.0,4294967295.0,2.0,0.011568029726150494,0.011955661462111591,97.0,0.0,-1.0,-1.0,8.315965572534348e-05,0.0082477163415956,21.0,0.023449721137260016,0.05634341980432055,0.08418578832433958
155.0,2.0,0.0,4294967295.0,4294967295.0,2.0,0.011566553805004348,0.011954877643990752,98.0,0.0,-1.0,-1.0,8.315965572534348e-05,0.0082477163415956,21.0,0.023449721137260016,0.05630515465824947,0.08414270388640088
157.0,2.0,0.0,4294967295.0,4294967295.0,2.0,0.011565077883858202,0.011954093825869913,99.0,0.0,-1.0,-1.0,8.315965572534348e-05,0.0082477163415956,21.0,0.023449721137260016,0.05626689521566456,0.08409961944846218
159.0,2.0,0.0,4294967295.0,4294967295.0,2.0,0.011563601962712056,0.011953310007749074,100.0,0.0,-1.0,-1.0,8.315965572534348e-05,0.0082477163415956,21.0,0.023449721137260016,0.05622864148417552,0.08405653501052349
161.0,2.0,0.0,4294967295.0,4294967295.0,2.0,0.011562126041565923,0.011952526189628207,101.0,0.0,-1.0,-1.0,8.315965572534348e-05,0.0082477163415956,21.0,0.023449721137260016,0.05619039347140225,0.0840134505725848
163.0,2.0,0.0,4294967295.0,4294967295.0,2.0,0.011560650120419791,0.011951742371507326,102.0,0.0,-1.0,-1.0,8.315965572534348e-05,0.0082477163415956,21.0,0.023449721137260016,0.05615215118497479,0.0839703661346461
165.0,2.0,0.0,4294967295.0,4294967295.0,2.0,0.011559174199273659,0.01195095855338646,103.0,0.0,-1.0,-1.0,8.315965572534348e-05,0.0082477163415956,21.0,0.023449721137260016,0.05611391463253334,0.0839272816967074
167.0,2.0,0.0,4294967295.0,4294967295.0,2.0,0.01155769827812754,0.011950174735265592,104.0,0.0,-1.0,-1.0,8.315965572534348e-05,0.0082477163415956,21.0,0.023449721137260016,0.056075683821728325,0.08388419725876871
169.0,2.0,0.0,4294967295.0,4294967295.0,2.0,0.011556222356981422,0.01194939091714474,105.0,0.0,-1.0,-1.0,8.315965572534348e-05,0.0082477163415956,21.0,0.023449721137260016,0.056037458760220364,0.08384111282083001
171.0,2.0,0.0,4294967295.0,4294967295.0,2.0,0.011554746435835275,0.011948607099023886,106.0,0.0,-1.0,-1.0,8.315965572534348e-05,0.0082477163415956,21.0,0.023449721137260016,0.055999239455680305,0.08379802838289131
173.0,2.0,3.0,4294967295.0,4294967295.0,1.0,0.011553270514689115,0.01194782328090302,107.0,2.0,-1.0,-1.0,0.9199468679552478,0.9642684400400007,21.0,0.023449721137260016,0.08384270437432031,0.10867033619466024
174.0,1.0,6.0,4294967295.0,4294967295.0,1.0,0.011553270514689115,0.01194782328090302,108.0,0.0,-1.0,-1.0,0.999683885745438,0.9696073950447441,0.0,0.023449721137260016,0.08382512393493158,0.11321594923300177
175.0,1.0,3.0,4294967295.0,4294967295.0,1.0,0.011553270514689115,0.011947823280903005,109.0,1.0,-1.0,-1.0,0.9996862798326052,0.9695950477083302,0.0,0.023449721137260016,0.08380410863457416,0.11319265847100898
176.0,1.0,5.0,4294967295.0,4294967295.0,1.0,0.011553270514689101,0.01194782328090302,110.0,1.0,-1.0,-1.0,0.999686279893699,0.9695950480767632,0.0,0.023449721137260016,0.08378310123101707,0.11316922909374924
177.0,1.0,9.0,4294967295.0,4294967295.0,1.0,0.011553270514689087,0.01194782328090302,111.0,0.0,-1.0,-1.0,0.9996862798937005,0.969595048085752,0.0,0.023449721137260016,0.08376209382723945,0.11314579826768226
178.0,1.0,2.0,4294967295.0,4294967295.0,1.0,0.011553270514689074,0.01194782328090302,112.0,0.0,-1.0,-1.0,0.9996862798937005,0.9695950480857485,0.0,0.023449721137260016,0.08374108642345607,0.11312236599534425
179.0,1.0,5.0,4294967295.0,4294967295.0,1.0,0.011553270514689074,0.01194782328090302,113.0,1.0,-1.0,-1.0,0.9996862798937005,0.9695950480857485,0.0,0.023449721137260016,0.08372007901967271,0.11309893227577078
180.0,1.0,4.0,4294967295.0,4294967295.0,1.0,0.011553270514689074,0.01194782328090302,114.0,0.0,-1.0,-1.0,0.9996862798937005,0.9695950480857485,0.0,0.023449721137260016,0.08369907161588933,0.11307549710799669
181.0,1.0,3.0,4294967295.0,4294967295.0,1.0,0.01155327051468906,0.011947823280903033,115.0,0.0,-1.0,-1.0,0.9996862798937005,0.9695950480857485,0.0,0.023449721137260016,0.08367806421210597,0.11305206049105623
182.0,1.0,7.0,4294967295.0,4294967295.0,1.0,0.01155327051468906,0.011947823280903047,116.0,0.0,-1.0,-1.0,0.9996862798937005,0.9695950480857485,0.0,0.023449721137260016,0.0836570568083226,0.11302862242398293
183.0,1.0,9.0,4294967295.0,4294967295.0,1.0,0.01155327051468906,0.011947823280903047,117.0,0.0,-1.0,-1.0,0.9996862798937005,0.9695950480857485,0.0,0.023449721137260016,0.08363604940453924,0.11300518290580974
184.0,1.0,6.0,4294967295.0,4294967295.0,1.0,0.01155327051468906,0.011947823280903047,118.0,1.0,-1.0,-1.0,0.9996862798937005,0.9695950480857485,0.0,0.023449721137260016,0.08361504200075587,0.11298174193556892
185.0,1.0,5.0,4294967295.0,4294967295.0,1.0,0.011553270514689046,0.011947823280903047,119.0,1.0,-1.0,-1.0,0.9996862798937005,0.9695950480857485,0.0,0.023449721137260016,0.0835940345969725,0.11295829951229217
186.0,1.0,5.0,4294967295.0,4294967295.0,1.0,0.011553270514689046,0.011947823280903047,120.0,1.0,-1.0,-1.0,0.9996862798937005,0.9695950480857485,0.0,0.023449721137260016,0.08357302719318915,0.11293485563501038
187.0,1.0,6.0,4294967295.0,4294967295.0,1.0,0.011553270514689046,0.011947823280903061,121.0,0.0,-1.0,-1.0,0.9996862798937005,0.9695950480857485,0.0,0.023449721137260016,0.0835520197894058,0.11291141030275392
188.0,1.0,5.0,4294967295.0,4294967295.0,1.0,0.011553270514689046,0.011947823280903075,122.0,1.0,-1.0,-1.0,0.9996862798937005,0.9695950480857485,0.0,0.023449721137260016,0.08353101238562244,0.11288796351455246
189.0,1.0,7.0,4294967295.0,4294967295.0,1.0,0.011553270514689046,0.011947823280903075,123.0,2.0,-1.0,-1.0,0.9996862798937005,0.9695950480857485,0.0,0.023449721137260016,0.08351000498183907,0.11286451526943511
190.0,1.0,8.0,4294967295.0,4294967295.0,1.0,0.011553270514689032,0.011947823280903075,124.0,0.0,-1.0,-1.0,0.9996862798937005,0.9695950480857485,0.0,0.023449721137260016,0.0834889975780557,0.11284106556643023
191.0,1.0,8.0,4294967295.0,4294967295.0,1.0,0.011553270514689032,0.011947823280903075,125.0,0.0,-1.0,-1.0,0.9996862798937005,0.9695950480857485,0.0,0.023449721137260016,0.08346799017427234,0.11281761440456556
192.0,1.0,2.0,4294967295.0,4294967295.0,1.0,0.011553270514689032,0.011947823280903089,126.0,0.0,-1.0,-1.0,0.9996862798937005,0.9695950480857485,0.0,0.023449721137260016,0.08344698277048898,0.11279416178286825
193.0,1.0,9.0,4294967295.0,4294967295.0,1.0,0.011553270514689032,0.011947823280903103,127.0,0.0,-1.0,-1.0,0.9996862798937005,0.9695950480857485,0.0,0.023449721137260016,0.08342597536670561,0.11277070770036474
194.0,1.0,4.0,4294967295.0,4294967295.0,1.0,0.011553270514689032,0.011947823280903117,128.0,0.0,-1.0,-1.0,0.9996862798937005,0.9695950480857485,0.0,0.023449721137260016,0.08340496796292224,0.11274725215608078
195.0,1.0,4.0,4294967295.0,4294967295.0,1.0,0.011553270514689032,0.011947823280903117,129.0,1.0,-1.0,-1.0,0.9996862798937005,0.9695950480857485,0.0,0.023449721137260016,0.08338396055913888,0.11272379514904154
196.0,1.0,2.0,4294967295.0,4294967295.0,1.0,0.011553270514689032,0.011947823280903117,130.0,0.0,-1.0,-1.0,0.9996862798937005,0.9695950480857485,0.0,0.023449721137260016,0.08336295315535552,0.11270033667827162
197.0,1.0,2.0,4294967295.0,4294967295.0,1.0,0.011553270514689032,0.011947823280903117,131.0,0.0,-1.0,-1.0,0.9996862798937005,0.9695950480857485,0.0,0.023449721137260016,0.08334194575157215,0.11267687674279472
198.0,1.0,10.0,4294967295.0,4294967295.0,1.0,0.011553270514689032,0.01194782328090313,132.0,0.0,-1.0,-1.0,0.9996862798937005,0.9695950480857485,0.0,0.023449721137260016,0.08332093834778878,0.11265341534163417
199.0,1.0,9.0,4294967295.0,4294967295.0,1.0,0.011553270514689018,0.011947823280903144,133.0,2.0,-1.0,-1.0,0.9996862798937005,0.9695950480857485,0.0,0.023449721137260016,0.0832999309440054,0.11262995247381247
200.0,1.0,5.0,4294967295.0,4294967295.0,1.0,0.011553270514689004,0.011947823280903158,134.0,2.0,-1.0,-1.0,0.9996862798937005,0.9695950480857485,0.0,0.023449721137260016,0.08327892354022204,0.11260648813835153
201.0,1.0,6.0,4294967295.0,4294967295.0,1.0,0.011553270514689004,0.011947823280903158,135.0,3.0,-1.0,-1.0,0.9996862798937005,0.9695950480857485,0.0,0.023449721137260016,0.08325791613643867,0.11258302233427256
202.0,1.0,6.0,4294967295.0,4294967295.0,1.0,0.011553270514689004,0.011947823280903158,136.0,0.0,-1.0,-1.0,0.9996862798937005,0.9695950480857485,0.0,0.023449721137260016,0.08323690873265531,0.1125595550605962
203.0,1.0,6.0,4294967295.0,4294967295.0,1.0,0.011553270514689004,0.011947823280903158,137.0,0.0,-1.0,-1.0,0.9996862798937005,0.9695950480857485,0.0,0.023449721137260016,0.08321590132887194,0.1125360863163424
204.0,1.0,10.0,4294967295.0,4294967295.0,1.0,0.011553270514689004,0.011947823280903172,138.0,0.0,-1.0,-1.0,0.9996862798937005,0.9695950480857485,0.0,0.023449721137260016,0.0831948939250886,0.11251261610053043
205.0,1.0,4.0,4294967295.0,4294967295.0,1.0,0.011553270514689004,0.011947823280903186,139.0,2.0,-1.0,-1.0,0.9996862798937005,0.9695950480857485,0.0,0.023449721137260016,0.08317388652130524,0.11248914441217894
206.0,1.0,9.0,4294967295.0,4294967295.0,1.0,0.011553270514689004,0.011947823280903214,140.0,0.0,-1.0,-1.0,0.9996862798937005,0.9695950480857485,0.0,0.023449721137260016,0.08315287911752188,0.11246567125030588
207.0,1.0,6.0,4294967295.0,4294967295.0,1.0,0.011553270514689004,0.011947823280903214,141.0,1.0,-1.0,-1.0,0.9996862798937005,0.9695950480857485,0.0,0.023449721137260016,0.08313187171373851,0.11244219661392857
208.0,1.0,5.0,4294967295.0,4294967295.0,1.0,0.01155327051468899,0.011947823280903214,142.0,0.0,-1.0,-1.0,0.9996862798937005,0.9695950480857485,0.0,0.023449721137260016,0.08311086430995514,0.1124187205020637
209.0,1.0,9.0,4294967295.0,4294967295.0,1.0,0.01155327051468899,0.011947823280903214,143.0,1.0,-1.0,-1.0,0.9996862798937005,0.9695950480857485,0.0,0.023449721137260016,0.0830898569061718,0.11239524291372727
210.0,1.0,4.0,4294967295.0,4294967295.0,1.0,0.01155327051468899,0.011947823280903228,144.0,1.0,-1.0,-1.0,0.9996862798937005,0.9695950480857485,0.0,0.023449721137260016,0.08306884950238842,0.11237176384793465
211.0,1.0,10.0,4294967295.0,4294967295.0,1.0,0.01155327051468899,0.011947823280903241,145.0,0.0,-1.0,-1.0,0.9996862798937005,0.9695950480857485,0.0,0.023449721137260016,0.08304784209860507,0.11234828330370056
212.0,1.0,5.0,4294967295.0,4294967295.0,1.0,0.01155327051468899,0.01194782328090327,146.0,0.0,-1.0,-1.0,0.9996862798937005,0.9695950480857485,0.0,0.023449721137260016,0.08302683469482168,0.112324801280039
213.0,1.0,1.0,4294967295.0,4294967295.0,1.0,0.011553270514688976,0.01194782328090327,147.0,0.0,-1.0,-1.0,0.9996862798937005,0.9695950480857485,0.0,0.023449721137260016,0.08300582729103831,0.11230131777596339
214.0,1.0,7.0,4294967295.0,4294967295.0,1.0,0.011553270514688962,0.01194782328090327,148.0,1.0,-1.0,-1.0,0.9996862798937005,0.9695950480857485,0.0,0.023449721137260016,0.08298481988725494,0.11227783279048648
215.0,1.0,9.0,4294967295.0,4294967295.0,1.0,0.011553270514688962,0.01194782328090327,149.0,0.0,-1.0,-1.0,0.9996862798937005,0.9695950480857485,0.0,0.023449721137260016,0.08296381248347158,0.11225434632262027
216.0,1.0,6.0,4294967295.0,4294967295.0,1.0,0.011553270514688962,0.011947823280903297,150.0,0.0,-1.0,-1.0,0.9996862798937005,0.9695950480857485,0.0,0.023449721137260016,0.0829428050796882,0.11223085837137622
217.0,1.0,6.0,4294967295.0,4294967295.0,1.0,0.011553270514688949,0.01194782328090331,151.0,0.0,-1.0,-1.0,0.9996862798937005,0.9695950480857485,0.0,0.023449721137260016,0.08292179767590482,0.11220736893576508
218.0,1.0,5.0,4294967295.0,4294967295.0,1.0,0.011553270514688949,0.011947823280903325,152.0,0.0,-1.0,-1.0,0.9996862798937005,0.9695950480857485,0.0,0.023449721137260016,0.08290079027212147,0.11218387801479693
219.0,1.0,4.0,4294967295.0,4294967295.0,1.0,0.011553270514688949,0.011947823280903325,153.0,1.0,-1.0,-1.0,0.9996862798937005,0.9695950480857485,0.0,0.023449721137260016,0.08287978286833811,0.11216038560748118
220.0,1.0,7.0,4294967295.0,4294967295.0,1.0,0.011553270514688949,0.011947823280903325,154.0,0.0,-1.0,-1.0,0.9996862798937005,0.9695950480857485,0.0,0.023449721137260016,0.08285877546455474,0.11213689171282665
221.0,1.0,4.0,4294967295.0,4294967295.0,1.0,0.011553270514688949,0.011947823280903325,155.0,2.0,-1.0,-1.0,0.9996862798937005,0.9695950480857485,0.0,0.023449721137260016,0.08283776806077137,0.11211339632984141
222.0,1.0,8.0,4294967295.0,4294967295.0,1.0,0.011553270514688935,0.011947823280903339,156.0,0.0,-1.0,-1.0,0.9996862798937005,0.9695950480857485,0.0,0.023449721137260016,0.082816760656988,0.11208989945753292
223.0,1.0,5.0,4294967295.0,4294967295.0,1.0,0.01155327051468892,0.011947823280903352,157.0,2.0,-1.0,-1.0,0.9996862798937005,0.9695950480857485,0.0,0.023449721137260016,0.08279575325320464,0.11206640109490798
224.0,1.0,7.0,4294967295.0,4294967295.0,1.0,0.01155327051468892,0.011947823280903366,158.0,1.0,-1.0,-1.0,0.9996862798937005,0.9695950480857485,0.0,0.023449721137260016,0.08277474584942128,0.11204290124097269
225.0,1.0,2.0,4294967295.0,4294967295.0,1.0,0.01155327051468892,0.011947823280903366,159.0,0.0,-1.0,-1.0,0.9996862798937005,0.9695950480857485,0.0,0.023449721137260016,0.08275373844563791,0.11201939989473253
226.0,1.0,8.0,4294967295.0,4294967295.0,1.0,0.011553270514688907,0.011947823280903366,160.0,1.0,-1.0,-1.0,0.9996862798937005,0.9695950480857485,0.0,0.023449721137260016,0.08273273104185454,0.1119958970551923
227.0,1.0,9.0,4294967295.0,4294967295.0,1.0,0.011553270514688907,0.011947823280903366,161.0,0.0,-1.0,-1.0,0.9996862798937005,0.9695950480857485,0.0,0.023449721137260016,0.0827117236380712,0.11197239272135615
228.0,1.0,9.0,4294967295.0,4294967295.0,1.0,0.011553270514688907,0.01194782328090338,162.0,0.0,-1.0,-1.0,0.9996862798937005,0.9695950480857485,0.0,0.023449721137260016,0.08269071623428784,0.11194888689222751
229.0,1.0,4.0,4294967295.0,4294967295.0,1.0,0.011553270514688907,0.011947823280903394,163.0,1.0,-1.0,-1.0,0.9996862798937005,0.9695950480857485,0.0,0.023449721137260016,0.08266970883050447,0.1119253795668092
230.0,1.0,8.0,4294967295.0,4294967295.0,1.0,0.011553270514688907,0.011947823280903394,164.0,2.0,-1.0,-1.0,0.9996862798937005,0.9695950480857485,0.0,0.023449721137260016,0.0826487014267211,0.11190187074410338
231.0,1.0,8.0,4294967295.0,4294967295.0,1.0,0.011553270514688893,0.011947823280903394,165.0,1.0,-1.0,-1.0,0.9996862798937005,0.9695950480857485,0.0,0.023449721137260016,0.08262769402293771,0.11187836042311153
232.0,1.0,6.0,4294967295.0,4294967295.0,1.0,0.011553270514688893,0.011947823280903394,166.0,0.0,-1.0,-1.0,0.9996862798937005,0.9695950480857485,0.0,0.023449721137260016,0.08260668661915437,0.1118548486028344
233.0,1.0,4.0,4294967295.0,4294967295.0,1.0,0.011553270514688893,0.011947823280903394,167.0,0.0,-1.0,-1.0,0.9996862798937005,0.9695950480857485,0.0,0.023449721137260016,0.082585679215371,0.11183133528227221
234.0,1.0,6.0,4294967295.0,4294967295.0,1.0,0.011553270514688893,0.011947823280903408,168.0,0.0,-1.0,-1.0,0.9996862798937005,0.9695950480857485,0.0,0.023449721137260016,0.08256467181158764,0.1118078204604244
235.0,1.0,8.0,4294967295.0,4294967295.0,1.0,0.011553270514688893,0.011947823280903422,169.0,1.0,-1.0,-1.0,0.9996862798937005,0.9695950480857485,0.0,0.023449721137260016,0.08254366440780425,0.11178430413628976
236.0,1.0,7.0,4294967295.0,4294967295.0,1.0,0.011553270514688893,0.011947823280903422,170.0,0.0,-1.0,-1.0,0.9996862798937005,0.9695950480857485,0.0,0.023449721137260016,0.08252265700402091,0.11176078630886646
237.0,1.0,8.0,4294967295.0,4294967295.0,1.0,0.011553270514688893,0.011947823280903422,171.0,0.0,-1.0,-1.0,0.9996862798937005,0.9695950480857485,0.0,0.023449721137260016,0.08250164960023754,0.11173726697715197
238.0,1.0,4.0,4294967295.0,4294967295.0,1.0,0.011553270514688893,0.011947823280903422,172.0,0.0,-1.0,-1.0,0.9996862798937005,0.9695950480857485,0.0,0.023449721137260016,0.08248064219645418,0.1117137461401431
239.0,1.0,5.0,4294967295.0,4294967295.0,1.0,0.011553270514688893,0.011947823280903422,173.0,1.0,-1.0,-1.0,0.9996862798937005,0.9695950480857485,0.0,0.023449721137260016,0.0824596347926708,0.11169022379683596
240.0,1.0,5.0,4294967295.0,4294967295.0,1.0,0.01155327051468888,0.011947823280903436,174.0,0.0,-1.0,-1.0,0.9996862798937005,0.9695950480857485,0.0,0.023449721137260016,0.08243862738888742,0.11166669994622605
241.0,1.0,8.0,4294967295.0,4294967295.0,1.0,0.01155327051468888,0.01194782328090345,175.0,0.0,-1.0,-1.0,0.9996862798937005,0.9695950480857485,0.0,0.023449721137260016,0.08241761998510408,0.11164317458730813
242.0,1.0,6.0,4294967295.0,4294967295.0,1.0,0.01155327051468888,0.01194782328090345,176.0,0.0,-1.0,-1.0,0.9996862798937005,0.9695950480857485,0.0,0.023449721137260016,0.08239661258132072,0.11161964771907634
243.0,1.0,6.0,4294967295.0,4294967295.0,1.0,0.01155327051468888,0.01194782328090345,177.0,0.0,-1.0,-1.0,0.9996862798937005,0.9695950480857485,0.0,0.023449721137260016,0.08237560517753736,0.11159611934052416
244.0,1.0,7.0,4294967295.0,4294967295.0,1.0,0.01155327051468888,0.01194782328090345,178.0,0.0,-1.0,-1.0,0.9996862798937005,0.9695950480857485,0.0,0.023449721137260016,0.08235459777375399,0.11157258945064435
245.0,1.0,6.0,4294967295.0,4294967295.0,1.0,0.01155327051468888,0.01194782328090345,179.0,0.0,-1.0,-1.0,0.9996862798937005,0.9695950480857485,0.0,0.023449721137260016,0.08233359036997064,0.11154905804842902
246.0,1.0,4.0,4294967295.0,4294967295.0,1.0,0.01155327051468888,0.011947823280903463,180.0,1.0,-1.0,-1.0,0.9996862798937005,0.9695950480857485,0.0,0.023449721137260016,0.08231258296618728,0.11152552513286962
247.0,1.0,6.0,4294967295.0,4294967295.0,1.0,0.01155327051468888,0.011947823280903477,181.0,0.0,-1.0,-1.0,0.9996862798937005,0.9695950480857485,0.0,0.023449721137260016,0.08229157556240392,0.11150199070295691
248.0,1.0,6.0,4294967295.0,4294967295.0,1.0,0.01155327051468888,0.011947823280903477,182.0,1.0,-1.0,-1.0,0.9996862798937005,0.9695950480857485,0.0,0.023449721137260016,0.08227056815862055,0.111478454757681
249.0,1.0,7.0,4294967295.0,4294967295.0,1.0,0.01155327051468888,0.011947823280903477,183.0,1.0,-1.0,-1.0,0.9996862798937005,0.9695950480857485,0.0,0.023449721137260016,0.08224956075483718,0.11145491729603133
250.0,1.0,2.0,4294967295.0,4294967295.0,1.0,0.01155327051468888,0.011947823280903477,184.0,0.0,-1.0,-1.0,0.9996862798937005,0.9695950480857485,0.0,0.023449721137260016,0.08222855335105382,0.11143137831699657
251.0,1.0,10.0,4294967295.0,4294967295.0,1.0,0.01155327051468888,0.011947823280903491,185.0,0.0,-1.0,-1.0,0.9996862798937005,0.9695950480857485,0.0,0.023449721137260016,0.08220754594727046,0.11140783781956484
252.0,1.0,5.0,4294967295.0,4294967295.0,1.0,0.01155327051468888,0.011947823280903505,186.0,0.0,-1.0,-1.0,0.9996862798937005,0.9695950480857485,0.0,0.023449721137260016,0.08218653854348709,0.11138429580272355
253.0,1.0,2.0,4294967295.0,4294967295.0,1.0,0.01155327051468888,0.011947823280903519,187.0,0.0,-1.0,-1.0,0.9996862798937005,0.9695950480857485,0.0,0.023449721137260016,0.08216553113970372,0.11136075226545941
254.0,1.0,9.0,4294967295.0,4294967295.0,1.0,0.011553270514688865,0.011947823280903519,188.0,1.0,-1.0,-1.0,0.9996862798937005,0.9695950480857485,0.0,0.023449721137260016,0.08214452373592034,0.11133720720675847
255.0,1.0,5.0,4294967295.0,4294967295.0,1.0,0.011553270514688851,0.011947823280903519,189.0,1.0,-1.0,-1.0,0.9996862798937005,0.9695950480857485,0.0,0.023449721137260016,0.08212351633213698,0.1113136606256061
256.0,1.0,9.0,4294967295.0,4294967295.0,1.0,0.011553270514688851,0.011947823280903519,190.0,2.0,-1.0,-1.0,0.9996862798937005,0.9695950480857485,0.0,0.023449721137260016,0.0821025089283536,0.111290112520987
257.0,1.0,8.0,4294967295.0,4294967295.0,1.0,0.011553270514688851,0.011947823280903533,191.0,3.0,-1.0,-1.0,0.9996862798937005,0.9695950480857485,0.0,0.023449721137260016,0.08208150152457025,0.11126656289188516
258.0,1.0,10.0,4294967295.0,4294967295.0,1.0,0.011553270514688851,0.011947823280903547,192.0,0.0,-1.0,-1.0,0.9996862798937005,0.9695950480857485,0.0,0.023449721137260016,0.08206049412078688,0.11124301173728393
259.0,1.0,9.0,4294967295.0,4294967295.0,1.0,0.011553270514688851,0.01194782328090356,193.0,2.0,-1.0,-1.0,0.9996862798937005,0.9695950480857485,0.0,0.023449721137260016,0.08203948671700353,0.11121945905616601
260.0,1.0,7.0,4294967295.0,4294967295.0,1.0,0.011553270514688851,0.01194782328090356,194.0,2.0,-1.0,-1.0,0.9996862798937005,0.9695950480857485,0.0,0.023449721137260016,0.08201847931322018,0.11119590484751332
261.0,1.0,9.0,4294967295.0,4294967295.0,1.0,0.011553270514688851,0.01194782328090356,195.0,1.0,-1.0,-1.0,0.9996862798937005,0.9695950480857485,0.0,0.023449721137260016,0.08199747190943682,0.11117234911030724
262.0,1.0,6.0,4294967295.0,4294967295.0,1.0,0.011553270514688851,0.011947823280903574,196.0,1.0,-1.0,-1.0,0.9996862798937005,0.9695950480857485,0.0,0.023449721137260016,0.08197646450565345,0.11114879184352833
263.0,1.0,7.0,4294967295.0,4294967295.0,1.0,0.011553270514688838,0.011947823280903588,197.0,1.0,-1.0,-1.0,0.9996862798937005,0.9695950480857485,0.0,0.023449721137260016,0.08195545710187008,0.11112523304615654
264.0,1.0,5.0,4294967295.0,4294967295.0,1.0,0.011553270514688838,0.011947823280903602,198.0,1.0,-1.0,-1.0,0.9996862798937005,0.9695950480857485,0.0,0.023449721137260016,0.08193444969808673,0.11110167271717114
265.0,1.0,8.0,4294967295.0,4294967295.0,1.0,0.011553270514688838,0.011947823280903616,199.0,0.0,-1.0,-1.0,0.9996862798937005,0.9695950480857485,0.0,0.023449721137260016,0.08191344229430336,0.11107811085555075
266.0,1.0,5.0,4294967295.0,4294967295.0,1.0,0.011553270514688838,0.011947823280903616,200.0,0.0,-1.0,-1.0,0.9996862798937005,0.9695950480857485,0.0,0.023449721137260016,0.08189243489052,0.11105454746027327
267.0,1.0,3.0,4294967295.0,4294967295.0,1.0,0.011553270514688838,0.011947823280903616,201.0,1.0,-1.0,-1.0,0.9996862798937005,0.9695950480857485,0.0,0.023449721137260016,0.08187142748673662,0.11103098253031587
268.0,1.0,7.0,4294967295.0,4294967295.0,1.0,0.011553270514688824,0.011947823280903616,202.0,0.0,-1.0,-1.0,0.9996862798937005,0.9695950480857485,0.0,0.023449721137260016,0.08185042008295326,0.11100741606465514
269.0,1.0,7.0,4294967295.0,4294967295.0,1.0,0.011553270514688824,0.01194782328090363,203.0,0.0,-1.0,-1.0,0.9996862798937005,0.9695950480857485,0.0,0.023449721137260016,0.08182941267916989,0.11098384806226688
270.0,1.0,3.0,4294967295.0,4294967295.0,1.0,0.011553270514688824,0.011947823280903644,204.0,0.0,-1.0,-1.0,0.9996862798937005,0.9695950480857485,0.0,0.023449721137260016,0.08180840527538653,0.11096027852212634
271.0,1.0,2.0,4294967295.0,4294967295.0,1.0,0.011553270514688824,0.011947823280903658,205.0,0.0,-1.0,-1.0,0.9996862798937005,0.9695950480857485,0.0,0.023449721137260016,0.08178739787160315,0.11093670744320791
272.0,1.0,0.0,4294967295.0,4294967295.0,1.0,0.01155327051468881,0.011947823280903658,206.0,0.0,-1.0,-1.0,0.867541277643506,0.06874293104515919,0.0,0.023449721137260016,0.08118996216859278,0.10339962123814378
273.0,1.0,0.0,4294967295.0,4294967295.0,2.0,0.011553270514688824,0.011947823280903658,207.0,0.0,-1.0,-1.0,0.014204893595178028,0.008388570143134403,0.0,0.023449721137260016,0.05486152245343052,0.08164323132972706
275.0,2.0,0.0,4294967295.0,4294967295.0,2.0,0.01155178512724113,0.01194702042635222,208.0,0.0,-1.0,-1.0,8.322821131341495e-05,0.008247717015336387,22.0,0.023449721137260016,0.05401973781300639,0.081599837921836
277.0,2.0,0.0,4294967295.0,4294967295.0,2.0,0.0115503092060497,0.011946236608140245,209.0,0.0,-1.0,-1.0,8.315965605345438e-05,0.00824771634159882,22.0,0.023449721137260016,0.05398183097609456,0.0815567534824185
279.0,2.0,0.0,4294967295.0,4294967295.0,2.0,0.011548833284903581,0.011945452790019392,210.0,0.0,-1.0,-1.0,8.315965572534506e-05,0.0082477163415956,22.0,0.023449721137260016,0.05394393422779217,0.0815136690444798
281.0,2.0,0.0,4294967295.0,4294967295.0,2.0,0.011547357363757449,0.01194466897189854,211.0,0.0,-1.0,-1.0,8.315965572534348e-05,0.0082477163415956,22.0,0.023449721137260016,0.053906043674519274,0.08147058460654114
283.0,2.0,0.0,4294967295.0,4294967295.0,2.0,0.011545881442611317,0.011943885153777686,212.0,0.0,-1.0,-1.0,8.315965572534348e-05,0.0082477163415956,22.0,0.023449721137260016,0.053868159324522734,0.08142750016860247
285.0,2.0,0.0,4294967295.0,4294967295.0,2.0,0.01154440552146517,0.011943101335656833,213.0,0.0,-1.0,-1.0,8.315965572534348e-05,0.0082477163415956,22.0,0.023449721137260016,0.05383028118607909,0.08138441573066378
287.0,2.0,0.0,4294967295.0,4294967295.0,2.0,0.011542929600319024,0.011942337735920655,214.0,0.0,-1.0,-1.0,8.315965572534348e-05,0.0082477163415956,22.0,0.023449721137260016,0.053792409267475944,0.0813413312927251
289.0,2.0,0.0,4294967295.0,4294967295.0,2.0,0.011541453679172878,0.011941612407446206,215.0,0.0,-1.0,-1.0,8.315965572534348e-05,0.0082477163415956,22.0,0.023449721137260016,0.05375454357701195,0.0812982468547864
291.0,2.0,0.0,4294967295.0,4294967295.0,2.0,0.011539977758026745,0.011940887078971743,216.0,0.0,-1.0,-1.0,8.315965572534348e-05,0.0082477163415956,22.0,0.023449721137260016,0.05371668412299682,0.0812551624168477
293.0,2.0,0.0,4294967295.0,4294967295.0,2.0,0.011538501836880613,0.011940161750497294,217.0,0.0,-1.0,-1.0,8.315965572534348e-05,0.0082477163415956,22.0,0.023449721137260016,0.053678830913751384,0.081212077978909
295.0,2.0,0.0,4294967295.0,4294967295.0,2.0,0.011537025915734467,0.011939436422022831,218.0,0.0,-1.0,-1.0,8.315965572534348e-05,0.0082477163415956,22.0,0.023449721137260016,0.053640983957607545,0.0811689935409703
297.0,2.0,0.0,4294967295.0,4294967295.0,2.0,0.011535549994588348,0.011938711093548368,219.0,0.0,-1.0,-1.0,8.315965572534348e-05,0.0082477163415956,22.0,0.023449721137260016,0.05360314326290833,0.08112590910303161
299.0,2.0,0.0,4294967295.0,4294967295.0,2.0,0.01153407407344223,0.011937985765073891,220.0,0.0,-1.0,-1.0,8.315965572534348e-05,0.0082477163415956,22.0,0.023449721137260016,0.05356530883800791,0.08108282466509291
301.0,2.0,0.0,4294967295.0,4294967295.0,2.0,0.011532598152296097,0.011937260436599428,221.0,0.0,-1.0,-1.0,8.315965572534348e-05,0.0082477163415956,22.0,0.023449721137260016,0.05352748069127158,0.08103974022715421
303.0,2.0,0.0,4294967295.0,4294967295.0,2.0,0.011531122231149937,0.01193653510812498,222.0,0.0,-1.0,-1.0,8.315965572534348e-05,0.0082477163415956,22.0,0.023449721137260016,0.05348965883107581,0.08099665578921551
305.0,2.0,0.0,4294967295.0,4294967295.0,2.0,0.011529646310003791,0.01193580977965053,223.0,0.0,-1.0,-1.0,8.315965572534348e-05,0.0082477163415956,22.0,0.023449721137260016,0.05345184326580825,0.08095357135127683
307.0,2.0,0.0,4294967295.0,4294967295.0,2.0,0.011528170388857659,0.011935084451176081,224.0,0.0,-1.0,-1.0,8.315965572534348e-05,0.0082477163415956,22.0,0.023449721137260016,0.05341403400386773,0.08091048691333816
309.0,2.0,0.0,4294967295.0,4294967295.0,2.0,0.011526694467711526,0.011934359122701618,225.0,0.0,-1.0,-1.0,8.315965572534348e-05,0.0082477163415956,22.0,0.023449721137260016,0.05337623105366429,0.0808674024753995
311.0,2.0,3.0,4294967295.0,4294967295.0,1.0,0.01152521854656538,0.01193363379422717,226.0,1.0,-1.0,-1.0,0.9199468679552478,0.9642684400400007,22.0,0.023449721137260016,0.0809156306840926,0.10547201500657641
312.0,1.0,10.0,4294967295.0,4294967295.0,1.0,0.011525218546565366,0.01193363379422717,227.0,0.0,-1.0,-1.0,0.999683885745438,0.9696073950447441,0.0,0.023449721137260016,0.08089805024470388,0.10996751320605544
313.0,1.0,3.0,4294967295.0,4294967295.0,1.0,0.011525218546565366,0.01193363379422717,228.0,0.0,-1.0,-1.0,0.9996862798326052,0.9695950477083302,0.0,0.023449721137260016,0.08087703494434646,0.1099440122383114
314.0,1.0,2.0,4294967295.0,4294967295.0,1.0,0.011525218546565366,0.01193363379422717,229.0,0.0,-1.0,-1.0,0.999686279893699,0.9695950480767632,0.0,0.023449721137260016,0.08085602754078938,0.10992037401550275
315.0,1.0,7.0,4294967295.0,4294967295.0,1.0,0.011525218546565352,0.011933633794227155,230.0,3.0,-1.0,-1.0,0.9996862798937005,0.969595048085752,0.0,0.023449721137260016,0.08083502013701178,0.1098967342046484
316.0,1.0,8.0,4294967295.0,4294967295.0,1.0,0.011525218546565352,0.011933633794227155,231.0,1.0,-1.0,-1.0,0.9996862798937005,0.9695950480857485,0.0,0.023449721137260016,0.08081401273322841,0.10987309280815336
317.0,1.0,7.0,4294967295.0,4294967295.0,1.0,0.011525218546565352,0.011933633794227155,232.0,0.0,-1.0,-1.0,0.9996862798937005,0.9695950480857485,0.0,0.023449721137260016,0.08079300532944504,0.10984944982496025
318.0,1.0,6.0,4294967295.0,4294967295.0,1.0,0.011525218546565338,0.011933633794227141,233.0,1.0,-1.0,-1.0,0.9996862798937005,0.9695950480857485,0.0,0.023449721137260016,0.08077199792566167,0.10982580525401098
319.0,1.0,7.0,4294967295.0,4294967295.0,1.0,0.011525218546565338,0.011933633794227128,234.0,0.0,-1.0,-1.0,0.9996862798937005,0.9695950480857485,0.0,0.023449721137260016,0.08075099052187833,0.10980215909424665
320.0,1.0,4.0,4294967295.0,4294967295.0,1.0,0.011525218546565352,0.011933633794227128,235.0,0.0,-1.0,-1.0,0.9996862798937005,0.9695950480857485,0.0,0.023449721137260016,0.08072998311809497,0.1097785113446077
321.0,1.0,4.0,4294967295.0,4294967295.0,1.0,0.011525218546565352,0.011933633794227128,236.0,0.0,-1.0,-1.0,0.9996862798937005,0.9695950480857485,0.0,0.023449721137260016,0.0807089757143116,0.10975486200403389
322.0,1.0,5.0,4294967295.0,4294967295.0,1.0,0.011525218546565338,0.011933633794227141,237.0,0.0,-1.0,-1.0,0.9996862798937005,0.9695950480857485,0.0,0.023449721137260016,0.08068796831052821,0.10973121107146425
323.0,1.0,3.0,4294967295.0,4294967295.0,1.0,0.011525218546565338,0.011933633794227155,238.0,2.0,-1.0,-1.0,0.9996862798937005,0.9695950480857485,0.0,0.023449721137260016,0.08066696090674487,0.10970755854583703
324.0,1.0,6.0,4294967295.0,4294967295.0,1.0,0.011525218546565338,0.01193363379422717,239.0,1.0,-1.0,-1.0,0.9996862798937005,0.9695950480857485,0.0,0.023449721137260016,0.0806459535029615,0.10968390442608986
325.0,1.0,4.0,4294967295.0,4294967295.0,1.0,0.011525218546565338,0.01193363379422717,240.0,0.0,-1.0,-1.0,0.9996862798937005,0.9695950480857485,0.0,0.023449721137260016,0.08062494609917814,0.10966024871115967
326.0,1.0,10.0,4294967295.0,4294967295.0,1.0,0.011525218546565338,0.01193363379422717,241.0,0.0,-1.0,-1.0,0.9996862798937005,0.9695950480857485,0.0,0.023449721137260016,0.08060393869539476,0.10963659139998264
327.0,1.0,9.0,4294967295.0,4294967295.0,1.0,0.011525218546565325,0.01193363379422717,242.0,0.0,-1.0,-1.0,0.9996862798937005,0.9695950480857485,0.0,0.023449721137260016,0.08058293129161138,0.10961293249149423
328.0,1.0,4.0,4294967295.0,4294967295.0,1.0,0.011525218546565325,0.01193363379422717,243.0,0.0,-1.0,-1.0,0.9996862798937005,0.9695950480857485,0.0,0.023449721137260016,0.08056192388782803,0.10958927198462923
329.0,1.0,2.0,4294967295.0,4294967295.0,1.0,0.011525218546565325,0.011933633794227183,244.0,0.0,-1.0,-1.0,0.9996862798937005,0.9695950480857485,0.0,0.023449721137260016,0.08054091648404467,0.1095656098783217
330.0,1.0,5.0,4294967295.0,4294967295.0,1.0,0.011525218546565325,0.011933633794227197,245.0,0.0,-1.0,-1.0,0.9996862798937005,0.9695950480857485,0.0,0.023449721137260016,0.0805199090802613,0.10954194617150498
331.0,1.0,5.0,4294967295.0,4294967295.0,1.0,0.011525218546565325,0.01193363379422721,246.0,1.0,-1.0,-1.0,0.9996862798937005,0.9695950480857485,0.0,0.023449721137260016,0.08049890167647793,0.10951828086311172
332.0,1.0,8.0,4294967295.0,4294967295.0,1.0,0.011525218546565325,0.01193363379422721,247.0,0.0,-1.0,-1.0,0.9996862798937005,0.9695950480857485,0.0,0.023449721137260016,0.08047789427269458,0.10949461395207383
333.0,1.0,9.0,4294967295.0,4294967295.0,1.0,0.011525218546565325,0.01193363379422721,248.0,2.0,-1.0,-1.0,0.9996862798937005,0.9695950480857485,0.0,0.023449721137260016,0.08045688686891123,0.10947094543732253
334.0,1.0,5.0,4294967295.0,4294967295.0,1.0,0.011525218546565325,0.01193363379422721,249.0,1.0,-1.0,-1.0,0.9996862798937005,0.9695950480857485,0.0,0.023449721137260016,0.08043587946512787,0.1094472753177883
335.0,1.0,5.0,4294967295.0,4294967295.0,1.0,0.011525218546565325,0.01193363379422721,250.0,1.0,-1.0,-1.0,0.9996862798937005,0.9695950480857485,0.0,0.023449721137260016,0.0804148720613445,0.109423603592401
336.0,1.0,9.0,4294967295.0,4294967295.0,1.0,0.01152521854656531,0.011933633794227225,251.0,0.0,-1.0,-1.0,0.9996862798937005,0.9695950480857485,0.0,0.023449721137260016,0.08039386465756113,0.10939993026008962
337.0,1.0,0.0,4294967295.0,4294967295.0,1.0,0.01152521854656531,0.011933633794227239,252.0,1.0,-1.0,-1.0,0.867541277643506,0.06874293104515919,0.0,0.023449721137260016,0.07979642895455072,0.10190334459018946
338.0,1.0,7.0,4294967295.0,4294967295.0,1.0,0.01152521854656531,0.011933633794227225,253.0,1.0,-1.0,-1.0,0.9996811680298321,0.9730334464906178,0.0,0.023449721137260016,0.08035404267302154,0.1093522897137634
339.0,1.0,5.0,4294967295.0,4294967295.0,1.0,0.01152521854656531,0.011933633794227239,254.0,2.0,-1.0,-1.0,0.999686279757283,0.9696008543925715,0.0,0.023449721137260016,0.08033084616412091,0.10932890060317799
340.0,1.0,6.0,4294967295.0,4294967295.0,1.0,0.01152521854656531,0.011933633794227252,255.0,0.0,-1.0,-1.0,0.999686279893697,0.9695950435186619,0.0,0.023449721137260016,0.0803098350395098,0.10930522084015992
341.0,1.0,4.0,4294967295.0,4294967295.0,1.0,0.011525218546565297,0.011933633794227252,256.0,0.0,-1.0,-1.0,0.9996862798937004,0.9695950480830628,0.0,0.023449721137260016,0.08028882763864259,0.10928153945713964
342.0,1.0,4.0,4294967295.0,4294967295.0,1.0,0.011525218546565283,0.011933633794227266,257.0,0.0,-1.0,-1.0,0.9996862798937005,0.969595048085753,0.0,0.023449721137260016,0.08026782023486095,0.10925785646075456
343.0,1.0,8.0,4294967295.0,4294967295.0,1.0,0.011525218546565283,0.011933633794227266,258.0,0.0,-1.0,-1.0,0.9996862798937005,0.9695950480857485,0.0,0.023449721137260016,0.08024681283107757,0.1092341718499289
344.0,1.0,8.0,4294967295.0,4294967295.0,1.0,0.011525218546565283,0.01193363379422728,259.0,1.0,-1.0,-1.0,0.9996862798937005,0.9695950480857485,0.0,0.023449721137260016,0.08022580542729421,0.10921048562358604
345.0,1.0,4.0,4294967295.0,4294967295.0,1.0,0.011525218546565283,0.01193363379422728,260.0,1.0,-1.0,-1.0,0.9996862798937005,0.9695950480857485,0.0,0.023449721137260016,0.08020479802351083,0.1091867977806486
346.0,1.0,5.0,4294967295.0,4294967295.0,1.0,0.011525218546565283,0.01193363379422728,261.0,1.0,-1.0,-1.0,0.9996862798937005,0.9695950480857485,0.0,0.023449721137260016,0.08018379061972748,0.10916310832003853
347.0,1.0,10.0,4294967295.0,4294967295.0,1.0,0.011525218546565283,0.01193363379422728,262.0,0.0,-1.0,-1.0,0.9996862798937005,0.9695950480857485,0.0,0.023449721137260016,0.08016278321594411,0.109139417240677
348.0,1.0,12.0,4294967295.0,4294967295.0,1.0,0.011525218546565283,0.011933633794227266,263.0,1.0,-1.0,-1.0,0.9996862798937005,0.9695950480857485,0.0,0.023449721137260016,0.08014177581216075,0.10911572454148444
349.0,1.0,5.0,4294967295.0,4294967295.0,1.0,0.011525218546565283,0.011933633794227252,264.0,0.0,-1.0,-1.0,0.9996862798937005,0.9695950480857485,0.0,0.023449721137260016,0.08012076840837737,0.10909203022138064
350.0,1.0,7.0,4294967295.0,4294967295.0,1.0,0.011525218546565269,0.011933633794227239,265.0,0.0,-1.0,-1.0,0.9996862798937005,0.9695950480857485,0.0,0.023449721137260016,0.08009976100459401,0.10906833427928467
351.0,1.0,6.0,4294967295.0,4294967295.0,1.0,0.011525218546565269,0.011933633794227239,266.0,1.0,-1.0,-1.0,0.9996862798937005,0.9695950480857485,0.0,0.023449721137260016,0.08007875360081065,0.1090446367141148
352.0,1.0,6.0,4294967295.0,4294967295.0,1.0,0.011525218546565269,0.011933633794227239,267.0,1.0,-1.0,-1.0,0.9996862798937005,0.9695950480857485,0.0,0.023449721137260016,0.0800577461970273,0.10902093752478859
353.0,1.0,7.0,4294967295.0,4294967295.0,1.0,0.011525218546565269,0.011933633794227225,268.0,0.0,-1.0,-1.0,0.9996862798937005,0.9695950480857485,0.0,0.023449721137260016,0.08003673879324394,0.10899723671022293
354.0,1.0,5.0,4294967295.0,4294967295.0,1.0,0.011525218546565269,0.011933633794227225,269.0,1.0,-1.0,-1.0,0.9996862798937005,0.9695950480857485,0.0,0.023449721137260016,0.08001573138946057,0.10897353426933401
355.0,1.0,9.0,4294967295.0,4294967295.0,1.0,0.011525218546565269,0.011933633794227225,270.0,1.0,-1.0,-1.0,0.9996862798937005,0.9695950480857485,0.0,0.023449721137260016,0.07999472398567722,0.10894983020103721
356.0,1.0,6.0,4294967295.0,4294967295.0,1.0,0.011525218546565269,0.011933633794227225,271.0,0.0,-1.0,-1.0,0.9996862798937005,0.9695950480857485,0.0,0.023449721137260016,0.07997371658189387,0.10892612450424721
357.0,1.0,3.0,4294967295.0,4294967295.0,1.0,0.011525218546565269,0.011933633794227225,272.0,0.0,-1.0,-1.0,0.9996862798937005,0.9695950480857485,0.0,0.023449721137260016,0.07995270917811051,0.10890241717787807
358.0,1.0,5.0,4294967295.0,4294967295.0,1.0,0.011525218546565269,0.011933633794227225,273.0,1.0,-1.0,-1.0,0.9996862798937005,0.9695950480857485,0.0,0.023449721137260016,0.07993170177432712,0.10887870822084295
359.0,1.0,11.0,4294967295.0,4294967295.0,1.0,0.011525218546565255,0.011933633794227239,274.0,0.0,-1.0,-1.0,0.9996862798937005,0.9695950480857485,0.0,0.023449721137260016,0.07991069437054375,0.10885499763205439
360.0,1.0,3.0,4294967295.0,4294967295.0,1.0,0.011525218546565255,0.011933633794227252,275.0,2.0,-1.0,-1.0,0.9996862798937005,0.9695950480857485,0.0,0.023449721137260016,0.0798896869667604,0.10883128541042425
361.0,1.0,8.0,4294967295.0,4294967295.0,1.0,0.011525218546565255,0.011933633794227266,276.0,1.0,-1.0,-1.0,0.9996862798937005,0.9695950480857485,0.0,0.023449721137260016,0.07986867956297704,0.10880757155486356
362.0,1.0,7.0,4294967295.0,4294967295.0,1.0,0.011525218546565255,0.011933633794227266,277.0,2.0,-1.0,-1.0,0.9996862798937005,0.9695950480857485,0.0,0.023449721137260016,0.07984767215919367,0.10878385606428267
363.0,1.0,8.0,4294967295.0,4294967295.0,1.0,0.011525218546565255,0.011933633794227266,278.0,2.0,-1.0,-1.0,0.9996862798937005,0.9695950480857485,0.0,0.023449721137260016,0.0798266647554103,0.10876013893759123
364.0,1.0,9.0,4294967295.0,4294967295.0,1.0,0.011525218546565241,0.011933633794227266,279.0,0.0,-1.0,-1.0,0.9996862798937005,0.9695950480857485,0.0,0.023449721137260016,0.07980565735162692,0.10873642017369811
365.0,1.0,5.0,4294967295.0,4294967295.0,1.0,0.011525218546565241,0.011933633794227266,280.0,1.0,-1.0,-1.0,0.9996862798937005,0.9695950480857485,0.0,0.023449721137260016,0.07978464994784357,0.10871269977151149
366.0,1.0,10.0,4294967295.0,4294967295.0,1.0,0.011525218546565241,0.011933633794227266,281.0,0.0,-1.0,-1.0,0.9996862798937005,0.9695950480857485,0.0,0.023449721137260016,0.0797636425440602,0.1086889777299388
367.0,1.0,4.0,4294967295.0,4294967295.0,1.0,0.011525218546565241,0.01193363379422728,282.0,0.0,-1.0,-1.0,0.9996862798937005,0.9695950480857485,0.0,0.023449721137260016,0.07974263514027682,0.10866525404788677
368.0,1.0,6.0,4294967295.0,4294967295.0,1.0,0.011525218546565227,0.011933633794227294,283.0,0.0,-1.0,-1.0,0.9996862798937005,0.9695950480857485,0.0,0.023449721137260016,0.07972162773649344,0.10864152872426133
369.0,1.0,5.0,4294967295.0,4294967295.0,1.0,0.011525218546565227,0.011933633794227308,284.0,2.0,-1.0,-1.0,0.9996862798937005,0.9695950480857485,0.0,0.023449721137260016,0.0797006203327101,0.10861780175796781
370.0,1.0,3.0,4294967295.0,4294967295.0,1.0,0.011525218546565227,0.011933633794227308,285.0,2.0,-1.0,-1.0,0.9996862798937005,0.9695950480857485,0.0,0.023449721137260016,0.07967961292892674,0.1085940731479107
371.0,1.0,7.0,4294967295.0,4294967295.0,1.0,0.011525218546565227,0.011933633794227308,286.0,1.0,-1.0,-1.0,0.9996862798937005,0.9695950480857485,0.0,0.023449721137260016,0.07965860552514338,0.10857034289299375
372.0,1.0,4.0,4294967295.0,4294967295.0,1.0,0.011525218546565227,0.011933633794227308,287.0,2.0,-1.0,-1.0,0.9996862798937005,0.9695950480857485,0.0,0.023449721137260016,0.07963759812136001,0.1085466109921201
373.0,1.0,10.0,4294967295.0,4294967295.0,1.0,0.011525218546565213,0.011933633794227308,288.0,1.0,-1.0,-1.0,0.9996862798937005,0.9695950480857485,0.0,0.023449721137260016,0.07961659071757664,0.10852287744419203
374.0,1.0,8.0,4294967295.0,4294967295.0,1.0,0.0115252185465652,0.011933633794227322,289.0,0.0,-1.0,-1.0,0.9996862798937005,0.9695950480857485,0.0,0.023449721137260016,0.07959558331379328,0.10849914224811114
375.0,1.0,7.0,4294967295.0,4294967295.0,1.0,0.0115252185465652,0.011933633794227336,290.0,0.0,-1.0,-1.0,0.9996862798937005,0.9695950480857485,0.0,0.023449721137260016,0.07957457591000992,0.10847540540277831
376.0,1.0,4.0,4294967295.0,4294967295.0,1.0,0.0115252185465652,0.011933633794227336,291.0,1.0,-1.0,-1.0,0.9996862798937005,0.9695950480857485,0.0,0.023449721137260016,0.07955356850622655,0.10845166690709365
377.0,1.0,7.0,4294967295.0,4294967295.0,1.0,0.011525218546565186,0.01193363379422735,292.0,1.0,-1.0,-1.0,0.9996862798937005,0.9695950480857485,0.0,0.023449721137260016,0.07953256110244317,0.10842792675995658
378.0,1.0,5.0,4294967295.0,4294967295.0,1.0,0.011525218546565186,0.01193363379422735,293.0,1.0,-1.0,-1.0,0.9996862798937005,0.9695950480857485,0.0,0.023449721137260016,0.07951155369865982,0.10840418496026574
379.0,1.0,6.0,4294967295.0,4294967295.0,1.0,0.011525218546565186,0.01193363379422735,294.0,1.0,-1.0,-1.0,0.9996862798937005,0.9695950480857485,0.0,0.023449721137260016,0.07949054629487645,0.10838044150691911
380.0,1.0,8.0,4294967295.0,4294967295.0,1.0,0.011525218546565186,0.01193363379422735,295.0,0.0,-1.0,-1.0,0.9996862798937005,0.9695950480857485,0.0,0.023449721137260016,0.0794695388910931,0.10835669639881385
381.0,1.0,9.0,4294967295.0,4294967295.0,1.0,0.011525218546565186,0.011933633794227363,296.0,0.0,-1.0,-1.0,0.9996862798937005,0.9695950480857485,0.0,0.023449721137260016,0.07944853148730971,0.10833294963484641
382.0,1.0,5.0,4294967295.0,4294967295.0,1.0,0.011525218546565172,0.011933633794227377,297.0,0.0,-1.0,-1.0,0.9996862798937005,0.9695950480857485,0.0,0.023449721137260016,0.07942752408352634,0.10830920121391255
383.0,1.0,3.0,4294967295.0,4294967295.0,1.0,0.011525218546565158,0.011933633794227363,298.0,0.0,-1.0,-1.0,0.9996862798937005,0.9695950480857485,0.0,0.023449721137260016,0.07940651667974297,0.1082854511349072
384.0,1.0,5.0,4294967295.0,4294967295.0,1.0,0.011525218546565158,0.01193363379422735,299.0,0.0,-1.0,-1.0,0.9996862798937005,0.9695950480857485,0.0,0.023449721137260016,0.07938550927595961,0.10826169939672464
385.0,1.0,5.0,4294967295.0,4294967295.0,1.0,0.011525218546565158,0.01193363379422735,300.0,0.0,-1.0,-1.0,0.9996862798937005,0.9695950480857485,0.0,0.023449721137260016,0.07936450187217622,0.10823794599825842
386.0,1.0,4.0,4294967295.0,4294967295.0,1.0,0.011525218546565144,0.011933633794227336,301.0,0.0,-1.0,-1.0,0.9996862798937005,0.9695950480857485,0.0,0.023449721137260016,0.07934349446839285,0.10821419093840126
387.0,1.0,7.0,4294967295.0,4294967295.0,1.0,0.011525218546565144,0.011933633794227322,302.0,1.0,-1.0,-1.0,0.9996862798937005,0.9695950480857485,0.0,0.023449721137260016,0.0793224870646095,0.10819043421604524
388.0,1.0,7.0,4294967295.0,4294967295.0,1.0,0.011525218546565144,0.011933633794227308,303.0,2.0,-1.0,-1.0,0.9996862798937005,0.9695950480857485,0.0,0.023449721137260016,0.07930147966082614,0.10816667583008163
389.0,1.0,6.0,4294967295.0,4294967295.0,1.0,0.011525218546565144,0.011933633794227308,304.0,0.0,-1.0,-1.0,0.9996862798937005,0.9695950480857485,0.0,0.023449721137260016,0.07928047225704278,0.10814291577940102
390.0,1.0,5.0,4294967295.0,4294967295.0,1.0,0.011525218546565144,0.011933633794227308,305.0,0.0,-1.0,-1.0,0.9996862798937005,0.9695950480857485,0.0,0.023449721137260016,0.07925946485325941,0.10811915406289319
391.0,1.0,3.0,4294967295.0,4294967295.0,1.0,0.01152521854656513,0.011933633794227294,306.0,0.0,-1.0,-1.0,0.9996862798937005,0.9695950480857485,0.0,0.023449721137260016,0.07923845744947604,0.10809539067944723
392.0,1.0,7.0,4294967295.0,4294967295.0,1.0,0.01152521854656513,0.011933633794227308,307.0,0.0,-1.0,-1.0,0.9996862798937005,0.9695950480857485,0.0,0.023449721137260016,0.0792174500456927,0.10807162562795147
393.0,1.0,2.0,4294967295.0,4294967295.0,1.0,0.01152521854656513,0.011933633794227308,308.0,0.0,-1.0,-1.0,0.9996862798937005,0.9695950480857485,0.0,0.023449721137260016,0.07919644264190934,0.10804785890729354
394.0,1.0,5.0,4294967295.0,4294967295.0,1.0,0.01152521854656513,0.011933633794227308,309.0,3.0,-1.0,-1.0,0.9996862798937005,0.9695950480857485,0.0,0.023449721137260016,0.07917543523812598,0.10802409051636025
395.0,1.0,10.0,4294967295.0,4294967295.0,1.0,0.01152521854656513,0.011933633794227308,310.0,0.0,-1.0,-1.0,0.9996862798937005,0.9695950480857485,0.0,0.023449721137260016,0.07915442783434261,0.10800032045403776
396.0,1.0,8.0,4294967295.0,4294967295.0,1.0,0.01152521854656513,0.011933633794227308,311.0,0.0,-1.0,-1.0,0.9996862798937005,0.9695950480857485,0.0,0.023449721137260016,0.07913342043055925,0.10797654871921139
397.0,1.0,3.0,4294967295.0,4294967295.0,1.0,0.01152521854656513,0.011933633794227322,312.0,0.0,-1.0,-1.0,0.9996862798937005,0.9695950480857485,0.0,0.023449721137260016,0.0791124130267759,0.10795277531076578
398.0,1.0,6.0,4294967295.0,4294967295.0,1.0,0.01152521854656513,0.011933633794227336,313.0,1.0,-1.0,-1.0,0.9996862798937005,0.9695950480857485,0.0,0.023449721137260016,0.07909140562299252,0.10792900022758481
399.0,1.0,8.0,4294967295.0,4294967295.0,1.0,0.01152521854656513,0.01193363379422735,314.0,3.0,-1.0,-1.0,0.9996862798937005,0.9695950480857485,0.0,0.023449721137260016,0.07907039821920916,0.10790522346855166
400.0,1.0,8.0,4294967295.0,4294967295.0,1.0,0.01152521854656513,0.01193363379422735,315.0,0.0,-1.0,-1.0,0.9996862798937005,0.9695950480857485,0.0,0.023449721137260016,0.07904939081542578,0.10788144503254868
401.0,1.0,6.0,4294967295.0,4294967295.0,1.0,0.01152521854656513,0.01193363379422735,316.0,0.0,-1.0,-1.0,0.9996862798937005,0.9695950480857485,0.0,0.023449721137260016,0.07902838341164244,0.1078576649184575
402.0,1.0,9.0,4294967295.0,4294967295.0,1.0,0.01152521854656513,0.01193363379422735,317.0,1.0,-1.0,-1.0,0.9996862798937005,0.9695950480857485,0.0,0.023449721137260016,0.07900737600785906,0.10783388312515907
403.0,1.0,3.0,4294967295.0,4294967295.0,1.0,0.01152521854656513,0.01193363379422735,318.0,1.0,-1.0,-1.0,0.9996862798937005,0.9695950480857485,0.0,0.023449721137260016,0.07898636860407571,0.10781009965153351
404.0,1.0,7.0,4294967295.0,4294967295.0,1.0,0.01152521854656513,0.011933633794227363,319.0,0.0,-1.0,-1.0,0.9996862798937005,0.9695950480857485,0.0,0.023449721137260016,0.07896536120029232,0.10778631449646026
405.0,1.0,7.0,4294967295.0,4294967295.0,1.0,0.01152521854656513,0.011933633794227377,320.0,2.0,-1.0,-1.0,0.9996862798937005,0.9695950480857485,0.0,0.023449721137260016,0.07894435379650898,0.10776252765881797
406.0,1.0,7.0,4294967295.0,4294967295.0,1.0,0.01152521854656513,0.011933633794227391,321.0,0.0,-1.0,-1.0,0.9996862798937005,0.9695950480857485,0.0,0.023449721137260016,0.07892334639272562,0.10773873913748452
407.0,1.0,6.0,4294967295.0,4294967295.0,1.0,0.01152521854656513,0.011933633794227405,322.0,2.0,-1.0,-1.0,0.9996862798937005,0.9695950480857485,0.0,0.023449721137260016,0.07890233898894226,0.10771494893133712
408.0,1.0,5.0,4294967295.0,4294967295.0,1.0,0.01152521854656513,0.011933633794227405,323.0,0.0,-1.0,-1.0,0.9996862798937005,0.9695950480857485,0.0,0.023449721137260016,0.07888133158515889,0.1076911570392522
409.0,1.0,8.0,4294967295.0,4294967295.0,1.0,0.011525218546565116,0.011933633794227405,324.0,0.0,-1.0,-1.0,0.9996862798937005,0.9695950480857485,0.0,0.023449721137260016,0.07886032418137552,0.10766736346010536
410.0,1.0,5.0,4294967295.0,4294967295.0,1.0,0.011525218546565116,0.011933633794227405,325.0,0.0,-1.0,-1.0,0.9996862798937005,0.9695950480857485,0.0,0.023449721137260016,0.07883931677759218,0.10764356819277154
411.0,1.0,7.0,4294967295.0,4294967295.0,1.0,0.011525218546565116,0.011933633794227405,326.0,0.0,-1.0,-1.0,0.9996862798937005,0.9695950480857485,0.0,0.023449721137260016,0.07881830937380882,0.10761977123612496
412.0,1.0,7.0,4294967295.0,4294967295.0,1.0,0.011525218546565116,0.011933633794227419,327.0,0.0,-1.0,-1.0,0.9996862798937005,0.9695950480857485,0.0,0.023449721137260016,0.07879730197002546,0.10759597258903897
413.0,1.0,4.0,4294967295.0,4294967295.0,1.0,0.01152521854656513,0.011933633794227433,328.0,0.0,-1.0,-1.0,0.9996862798937005,0.9695950480857485,0.0,0.023449721137260016,0.07877629456624209,0.10757217225038626
414.0,1.0,3.0,4294967295.0,4294967295.0,1.0,0.011525218546565116,0.011933633794227447,329.0,0.0,-1.0,-1.0,0.9996862798937005,0.9695950480857485,0.0,0.023449721137260016,0.07875528716245872,0.10754837021903874
415.0,1.0,0.0,4294967295.0,4294967295.0,1.0,0.011525218546565116,0.01193363379422746,330.0,0.0,-1.0,-1.0,0.867541277643506,0.06874293104515919,0.0,0.023449721137260016,0.07815785145944831,0.1001027596775731
416.0,1.0,0.0,4294967295.0,4294967295.0,2.0,0.011525218546565116,0.01193363379422746,331.0,0.0,-1.0,-1.0,0.014204893595178028,0.008388570143134403,0.0,0.023449721137260016,0.052157089154094866,0.07860700522152823
418.0,2.0,0.0,4294967295.0,4294967295.0,2.0,0.011523733159117408,0.011932887782666823,332.0,0.0,-1.0,-1.0,8.322821131341495e-05,0.008247717015336387,22.0,0.023449721137260016,0.05132557448366855,0.07856361181363719
420.0,2.0,0.0,4294967295.0,4294967295.0,2.0,0.011522257237925979,0.011932162454093384,333.0,0.0,-1.0,-1.0,8.315965605345438e-05,0.00824771634159882,22.0,0.023449721137260016,0.05128813150998296,0.0785205273742197
422.0,2.0,0.0,4294967295.0,4294967295.0,2.0,0.011520781316779846,0.011931437125618935,334.0,0.0,-1.0,-1.0,8.315965572534506e-05,0.0082477163415956,22.0,0.023449721137260016,0.05125069919606861,0.07847744293628099
424.0,2.0,0.0,4294967295.0,4294967295.0,2.0,0.011519305395633714,0.0119307117971445,335.0,0.0,-1.0,-1.0,8.315965572534348e-05,0.0082477163415956,22.0,0.023449721137260016,0.05121327369684241,0.07843435849834231
426.0,2.0,0.0,4294967295.0,4294967295.0,2.0,0.011517829474487581,0.011929986468670065,336.0,0.0,-1.0,-1.0,8.315965572534348e-05,0.0082477163415956,22.0,0.023449721137260016,0.051175855021378176,0.07839127406040362
428.0,2.0,0.0,4294967295.0,4294967295.0,2.0,0.011516353553341449,0.01192926114019563,337.0,0.0,-1.0,-1.0,8.315965572534348e-05,0.0082477163415956,22.0,0.023449721137260016,0.051138443178780336,0.07834818962246495
430.0,2.0,0.0,4294967295.0,4294967295.0,2.0,0.011514877632195317,0.011928535811721208,338.0,0.0,-1.0,-1.0,8.315965572534348e-05,0.0082477163415956,22.0,0.023449721137260016,0.05110103817816546,0.07830510518452627
432.0,2.0,4.0,4294967295.0,4294967295.0,1.0,0.011513401711049184,0.011927810483246787,339.0,0.0,-1.0,-1.0,0.9199468679552478,0.9642684400400007,22.0,0.023449721137260016,0.07836191799078966,0.10264694077674405
433.0,1.0,7.0,4294967295.0,4294967295.0,1.0,0.011513401711049184,0.0119278104832468,340.0,1.0,-1.0,-1.0,0.999683885745438,0.9696073950447441,0.0,0.023449721137260016,0.07834433755140094,0.10709453944029544
434.0,1.0,5.0,4294967295.0,4294967295.0,1.0,0.011513401711049184,0.011927810483246815,341.0,0.0,-1.0,-1.0,0.9996862798326052,0.9695950477083302,0.0,0.023449721137260016,0.0783233222510435,0.10707083755884676
435.0,1.0,7.0,4294967295.0,4294967295.0,1.0,0.01151340171104917,0.011927810483246828,342.0,0.0,-1.0,-1.0,0.999686279893699,0.9695950480767632,0.0,0.023449721137260016,0.07830231484748643,0.1070469997224087
436.0,1.0,0.0,4294967295.0,4294967295.0,1.0,0.011513401711049157,0.011927810483246828,343.0,0.0,-1.0,-1.0,0.8675412776429925,0.06874293102889073,0.0,0.023449721137260016,0.07770487914447137,0.09961557222183608
437.0,1.0,0.0,4294967295.0,4294967295.0,2.0,0.011513401711049143,0.011927810483246828,344.0,0.0,-1.0,-1.0,0.014204893595115816,0.008388570143094074,0.0,0.023449721137260016,0.051761756011778896,0.07815671194479393
439.0,2.0,0.0,4294967295.0,4294967295.0,2.0,0.011511916323601462,0.011927064471686177,345.0,0.0,-1.0,-1.0,8.322821131341464e-05,0.008247717015336387,22.0,0.023449721137260016,0.05093183367093328,0.07811331853690293
441.0,2.0,0.0,4294967295.0,4294967295.0,2.0,0.011510440402410047,0.011926339143112738,346.0,0.0,-1.0,-1.0,8.315965605345438e-05,0.00824771634159882,22.0,0.023449721137260016,0.05089446261791884,0.07807023409748542
443.0,2.0,0.0,4294967295.0,4294967295.0,2.0,0.011508964481263914,0.011925613814638275,347.0,0.0,-1.0,-1.0,8.315965572534506e-05,0.0082477163415956,22.0,0.023449721137260016,0.050857102313232656,0.07802714965954671
445.0,2.0,0.0,4294967295.0,4294967295.0,2.0,0.011507488560117782,0.011924888486163812,348.0,0.0,-1.0,-1.0,8.315965572534348e-05,0.0082477163415956,22.0,0.023449721137260016,0.05081974891931091,0.07798406522160801
447.0,2.0,0.0,4294967295.0,4294967295.0,2.0,0.01150601263897165,0.011924163157689335,349.0,0.0,-1.0,-1.0,8.315965572534348e-05,0.0082477163415956,22.0,0.023449721137260016,0.050782402445355666,0.07794098078366932
449.0,2.0,0.0,4294967295.0,4294967295.0,2.0,0.011504536717825503,0.011923437829214872,350.0,0.0,-1.0,-1.0,8.315965572534348e-05,0.0082477163415956,22.0,0.023449721137260016,0.050745062900599706,0.07789789634573062
451.0,2.0,0.0,4294967295.0,4294967295.0,2.0,0.01150306079667937,0.011922712500740423,351.0,0.0,-1.0,-1.0,8.315965572534348e-05,0.0082477163415956,22.0,0.023449721137260016,0.05070773029428812,0.07785481190779192
453.0,2.0,0.0,4294967295.0,4294967295.0,2.0,0.011501584875533225,0.011921987172265974,352.0,0.0,-1.0,-1.0,8.315965572534348e-05,0.0082477163415956,22.0,0.023449721137260016,0.050670404635678346,0.07781172746985322
455.0,2.0,0.0,4294967295.0,4294967295.0,2.0,0.011500108954387092,0.011921261843791525,353.0,0.0,-1.0,-1.0,8.315965572534348e-05,0.0082477163415956,22.0,0.023449721137260016,0.05063308593404015,0.07776864303191452
457.0,2.0,0.0,4294967295.0,4294967295.0,2.0,0.011498633033240974,0.01192053651531709,354.0,0.0,-1.0,-1.0,8.315965572534348e-05,0.0082477163415956,22.0,0.023449721137260016,0.0505957741986557,0.07772555859397584
459.0,2.0,0.0,4294967295.0,4294967295.0,2.0,0.011497157112094855,0.011919811186842655,355.0,0.0,-1.0,-1.0,8.315965572534348e-05,0.0082477163415956,22.0,0.023449721137260016,0.05055846943881951,0.07768247415603714
461.0,2.0,0.0,4294967295.0,4294967295.0,2.0,0.011495681190948723,0.01191908585836822,356.0,0.0,-1.0,-1.0,8.315965572534348e-05,0.0082477163415956,22.0,0.023449721137260016,0.05052117166383853,0.07763938971809844
463.0,2.0,0.0,4294967295.0,4294967295.0,2.0,0.01149420526980259,0.011918360529893784,357.0,0.0,-1.0,-1.0,8.315965572534348e-05,0.0082477163415956,22.0,0.023449721137260016,0.05048388088303211,0.07759630528015976
465.0,2.0,0.0,4294967295.0,4294967295.0,2.0,0.011492729348656458,0.011917635201419363,358.0,0.0,-1.0,-1.0,8.315965572534348e-05,0.0082477163415956,22.0,0.023449721137260016,0.050446597105732016,0.07755322084222108
467.0,2.0,0.0,4294967295.0,4294967295.0,2.0,0.011491253427510326,0.011916909872944942,359.0,0.0,-1.0,-1.0,8.315965572534348e-05,0.0082477163415956,22.0,0.023449721137260016,0.05040932034128251,0.0775101364042824
469.0,2.0,0.0,4294967295.0,4294967295.0,2.0,0.01148977750636418,0.01191618454447052,360.0,0.0,-1.0,-1.0,8.315965572534348e-05,0.0082477163415956,22.0,0.023449721137260016,0.05037205059904028,0.07746705196634372
471.0,2.0,0.0,4294967295.0,4294967295.0,2.0,0.011488301585218033,0.011915459215996044,361.0,0.0,-1.0,-1.0,8.315965572534348e-05,0.0082477163415956,22.0,0.023449721137260016,0.05033478788837451,0.07742396752840502
473.0,2.0,0.0,4294967295.0,4294967295.0,2.0,0.0114868256640719,0.01191473388752158,362.0,0.0,-1.0,-1.0,8.315965572534348e-05,0.0082477163415956,22.0,0.023449721137260016,0.05029753221866691,0.07738088309046633
475.0,2.0,0.0,4294967295.0,4294967295.0,2.0,0.011485349742925782,0.011914008559047118,363.0,0.0,-1.0,-1.0,8.315965572534348e-05,0.0082477163415956,23.0,0.023449721137260016,0.050260283599311666,0.07733779865252763
477.0,2.0,0.0,4294967295.0,4294967295.0,2.0,0.01148387382177965,0.011913283230572669,364.0,0.0,-1.0,-1.0,8.315965572534348e-05,0.0082477163415956,23.0,0.023449721137260016,0.05022304203971554,0.07729471421458894
479.0,2.0,0.0,4294967295.0,4294967295.0,2.0,0.011482397900633518,0.01191255790209822,365.0,0.0,-1.0,-1.0,8.315965572534348e-05,0.0082477163415956,23.0,0.023449721137260016,0.050185807549297794,0.07725162977665025
481.0,2.0,0.0,4294967295.0,4294967295.0,2.0,0.011480921979487385,0.011911832573623757,366.0,0.0,-1.0,-1.0,8.315965572534348e-05,0.0082477163415956,23.0,0.023449721137260016,0.0501485801374903,0.07720854533871155
483.0,2.0,0.0,4294967295.0,4294967295.0,2.0,0.011479446058341253,0.011911107245149294,367.0,0.0,-1.0,-1.0,8.315965572534348e-05,0.0082477163415956,23.0,0.023449721137260016,0.05011135981373751,0.07716546090077285
485.0,2.0,0.0,4294967295.0,4294967295.0,2.0,0.01147797013719512,0.011910381916674831,368.0,0.0,-1.0,-1.0,8.315965572534348e-05,0.0082477163415956,23.0,0.023449721137260016,0.05007414658749643,0.07712237646283415
487.0,2.0,0.0,4294967295.0,4294967295.0,2.0,0.011476494216048974,0.011909656588200368,369.0,0.0,-1.0,-1.0,8.315965572534348e-05,0.0082477163415956,23.0,0.023449721137260016,0.05003694046823675,0.07707929202489545
489.0,2.0,0.0,4294967295.0,4294967295.0,2.0,0.011475018294902842,0.011908931259725919,370.0,0.0,-1.0,-1.0,8.315965572534348e-05,0.0082477163415956,23.0,0.023449721137260016,0.049999741465440777,0.07703620758695677
491.0,2.0,0.0,4294967295.0,4294967295.0,2.0,0.011473542373756723,0.01190820593125147,371.0,0.0,-1.0,-1.0,8.315965572534348e-05,0.0082477163415956,23.0,0.023449721137260016,0.04996254958860343,0.07699312314901809
493.0,2.0,0.0,4294967295.0,4294967295.0,2.0,0.011472066452610591,0.01190748060277702,372.0,0.0,-1.0,-1.0,8.315965572534348e-05,0.0082477163415956,23.0,0.023449721137260016,0.04992536484723234,0.07695003871107942
495.0,2.0,0.0,4294967295.0,4294967295.0,2.0,0.011470590531464459,0.011906755274302586,373.0,0.0,-1.0,-1.0,8.315965572534348e-05,0.0082477163415956,23.0,0.023449721137260016,0.0498881872508478,0.07690695427314073
497.0,2.0,0.0,4294967295.0,4294967295.0,2.0,0.011469114610318326,0.011906029945828137,374.0,0.0,-1.0,-1.0,8.315965572534348e-05,0.0082477163415956,23.0,0.023449721137260016,0.049851016808982816,0.07686386983520205
499.0,2.0,0.0,4294967295.0,4294967295.0,2.0,0.011467638689172194,0.011905304617353701,375.0,0.0,-1.0,-1.0,8.315965572534348e-05,0.0082477163415956,23.0,0.023449721137260016,0.0498138535311831,0.07682078539726336
501.0,2.0,0.0,4294967295.0,4294967295.0,2.0,0.011466162768026061,0.011904579288879266,376.0,0.0,-1.0,-1.0,8.315965572534348e-05,0.0082477163415956,23.0,0.023449721137260016,0.04977669742700714,0.07677770095932467
503.0,2.0,0.0,4294967295.0,4294967295.0,2.0,0.011464686846879929,0.011903853960404845,377.0,0.0,-1.0,-1.0,8.315965572534348e-05,0.0082477163415956,23.0,0.023449721137260016,0.04973954850602612,0.07673461652138597
505.0,2.0,0.0,4294967295.0,4294967295.0,2.0,0.01146321092573381,0.01190312863193041,378.0,0.0,-1.0,-1.0,8.315965572534348e-05,0.0082477163415956,23.0,0.023449721137260016,0.049702406777824025,0.07669153208344727
507.0,2.0,0.0,4294967295.0,4294967295.0,2.0,0.011461735004587678,0.01190240330345596,379.0,0.0,-1.0,-1.0,8.315965572534348e-05,0.0082477163415956,23.0,0.023449721137260016,0.04966527225199763,0.07664844764550857
509.0,2.0,0.0,4294967295.0,4294967295.0,2.0,0.011460259083441546,0.011901677974981498,380.0,0.0,-1.0,-1.0,8.315965572534348e-05,0.0082477163415956,23.0,0.023449721137260016,0.0496281449381565,0.07660536320756987
511.0,2.0,0.0,4294967295.0,4294967295.0,2.0,0.011458783162295413,0.011900952646507035,381.0,0.0,-1.0,-1.0,8.315965572534348e-05,0.0082477163415956,23.0,0.023449721137260016,0.04959102484592304,0.07656227876963118
513.0,2.0,0.0,4294967295.0,4294967295.0,2.0,0.011457307241149267,0.011900227318032572,382.0,0.0,-1.0,-1.0,8.315965572534348e-05,0.0082477163415956,23.0,0.023449721137260016,0.04955391198493246,0.07651919433169248
515.0,2.0,0.0,4294967295.0,4294967295.0,2.0,0.011455831320003121,0.011899501989558123,383.0,0.0,-1.0,-1.0,8.315965572534348e-05,0.0082477163415956,23.0,0.023449721137260016,0.049516806364832876,0.0764761098937538
517.0,2.0,0.0,4294967295.0,4294967295.0,2.0,0.011454355398856975,0.011898776661083674,384.0,0.0,-1.0,-1.0,8.315965572534348e-05,0.0082477163415956,23.0,0.023449721137260016,0.04947970799528523,0.07643302545581511
519.0,2.0,0.0,4294967295.0,4294967295.0,2.0,0.011452879477710828,0.011898064216891435,385.0,0.0,-1.0,-1.0,8.315965572534348e-05,0.0082477163415956,23.0,0.023449721137260016,0.04944261688596338,0.07638994101787644
521.0,2.0,0.0,4294967295.0,4294967295.0,2.0,0.011451403556564696,0.01189739529732775,386.0,0.0,-1.0,-1.0,8.315965572534348e-05,0.0082477163415956,23.0,0.023449721137260016,0.04940553304655409,0.07634685657993776
523.0,2.0,0.0,4294967295.0,4294967295.0,2.0,0.011449927635418564,0.01189672637776408,387.0,0.0,-1.0,-1.0,8.315965572534348e-05,0.0082477163415956,23.0,0.023449721137260016,0.04936845648675702,0.07630377214199907
525.0,2.0,0.0,4294967295.0,4294967295.0,2.0,0.011448451714272417,0.01189605745820041,388.0,0.0,-1.0,-1.0,8.315965572534348e-05,0.0082477163415956,23.0,0.023449721137260016,0.04933138721628481,0.07626068770406037
527.0,2.0,0.0,4294967295.0,4294967295.0,2.0,0.011446975793126271,0.011895388538636725,389.0,0.0,-1.0,-1.0,8.315965572534348e-05,0.0082477163415956,23.0,0.023449721137260016,0.04929432524486303,0.07621760326612168
529.0,2.0,0.0,4294967295.0,4294967295.0,2.0,0.011445499871980125,0.011894719619073041,390.0,0.0,-1.0,-1.0,8.315965572534348e-05,0.0082477163415956,23.0,0.023449721137260016,0.04925727058223026,0.07617451882818298
531.0,2.0,0.0,4294967295.0,4294967295.0,2.0,0.011444023950833979,0.01189405069950937,391.0,0.0,-1.0,-1.0,8.315965572534348e-05,0.0082477163415956,23.0,0.023449721137260016,0.049220223238138044,0.07613143439024428
533.0,2.0,0.0,4294967295.0,4294967295.0,2.0,0.011442548029687832,0.011893381779945686,392.0,0.0,-1.0,-1.0,8.315965572534348e-05,0.0082477163415956,23.0,0.023449721137260016,0.049183183222350935,0.07608834995230558
535.0,2.0,0.0,4294967295.0,4294967295.0,2.0,0.011441072108541686,0.011892712860382001,393.0,0.0,-1.0,-1.0,8.315965572534348e-05,0.0082477163415956,23.0,0.023449721137260016,0.04914615054464653,0.07604526551436688
537.0,2.0,0.0,4294967295.0,4294967295.0,2.0,0.011439596187395554,0.011892043940818331,394.0,0.0,-1.0,-1.0,8.315965572534348e-05,0.0082477163415956,23.0,0.023449721137260016,0.049109125214815454,0.0760021810764282
539.0,2.0,0.0,4294967295.0,4294967295.0,2.0,0.011438120266249421,0.011891375021254647,395.0,0.0,-1.0,-1.0,8.315965572534348e-05,0.0082477163415956,23.0,0.023449721137260016,0.04907210724266142,0.07595909663848951
541.0,2.0,0.0,4294967295.0,4294967295.0,2.0,0.011436644345103275,0.011890706101690962,396.0,0.0,-1.0,-1.0,8.315965572534348e-05,0.0082477163415956,23.0,0.023449721137260016,0.0490350966380012,0.07591601220055083
543.0,2.0,0.0,4294967295.0,4294967295.0,2.0,0.011435168423957143,0.011890037182127292,397.0,0.0,-1.0,-1.0,8.315965572534348e-05,0.0082477163415956,23.0,0.023449721137260016,0.04899809341066466,0.07587292776261215
545.0,2.0,0.0,4294967295.0,4294967295.0,2.0,0.011433692502810996,0.011889368262563607,398.0,0.0,-1.0,-1.0,8.315965572534348e-05,0.0082477163415956,23.0,0.023449721137260016,0.048961097570494806,0.07582984332467349
547.0,2.0,0.0,4294967295.0,4294967295.0,2.0,0.01143221658166485,0.011888699342999881,399.0,0.0,-1.0,-1.0,8.315965572534348e-05,0.0082477163415956,23.0,0.023449721137260016,0.04892410912734777,0.07578675888673482
549.0,2.0,0.0,4294967295.0,4294967295.0,2.0,0.011430740660518704,0.011888030423436155,400.0,0.0,-1.0,-1.0,8.315965572534348e-05,0.0082477163415956,23.0,0.023449721137260016,0.04888712809109281,0.07574367444879615
551.0,2.0,0.0,4294967295.0,4294967295.0,2.0,0.011429264739372558,0.011887361503872457,401.0,0.0,-1.0,-1.0,8.315965572534348e-05,0.0082477163415956,23.0,0.023449721137260016,0.04885015447161239,0.07570059001085747
553.0,2.0,0.0,4294967295.0,4294967295.0,2.0,0.011427788818226425,0.011886692584308745,402.0,0.0,-1.0,-1.0,8.315965572534348e-05,0.0082477163415956,23.0,0.023449721137260016,0.048813188278802114,0.07565750557291877
555.0,2.0,0.0,4294967295.0,4294967295.0,2.0,0.011426312897080293,0.011886023664745032,403.0,0.0,-1.0,-1.0,8.315965572534348e-05,0.0082477163415956,23.0,0.023449721137260016,0.04877622952257083,0.07561442113498008
557.0,2.0,0.0,4294967295.0,4294967295.0,2.0,0.011424836975934147,0.011885354745181334,404.0,0.0,-1.0,-1.0,8.315965572534348e-05,0.0082477163415956,23.0,0.023449721137260016,0.04873927821284058,0.0755713366970414
559.0,2.0,0.0,4294967295.0,4294967295.0,2.0,0.011423361054788,0.01188468582561765,405.0,0.0,-1.0,-1.0,8.315965572534348e-05,0.0082477163415956,23.0,0.023449721137260016,0.04870233435954666,0.07552825225910272
561.0,2.0,0.0,4294967295.0,4294967295.0,2.0,0.011421885133641854,0.011884016906053965,406.0,0.0,-1.0,-1.0,8.315965572534348e-05,0.0082477163415956,23.0,0.023449721137260016,0.04866539797263762,0.07548516782116403
563.0,2.0,0.0,4294967295.0,4294967295.0,2.0,0.011420409212495708,0.01188334798649028,407.0,0.0,-1.0,-1.0,8.315965572534348e-05,0.0082477163415956,23.0,0.023449721137260016,0.04862846906207527,0.07544208338322535
565.0,2.0,0.0,4294967295.0,4294967295.0,2.0,0.011418933291349562,0.011882679066926582,408.0,0.0,-1.0,-1.0,8.315965572534348e-05,0.0082477163415956,23.0,0.023449721137260016,0.04859154763783473,0.07539899894528666
567.0,2.0,0.0,4294967295.0,4294967295.0,2.0,0.01141745737020343,0.011882010147362884,409.0,0.0,-1.0,-1.0,8.315965572534348e-05,0.0082477163415956,23.0,0.023449721137260016,0.0485546337099044,0.07535591450734798
569.0,2.0,0.0,4294967295.0,4294967295.0,2.0,0.011415981449057297,0.011881341227799186,410.0,0.0,-1.0,-1.0,8.315965572534348e-05,0.0082477163415956,23.0,0.023449721137260016,0.04851772728828603,0.07531283006940931
571.0,2.0,0.0,4294967295.0,4294967295.0,2.0,0.01141450552791115,0.011880672308235474,411.0,0.0,-1.0,-1.0,8.315965572534348e-05,0.0082477163415956,23.0,0.023449721137260016,0.04848082838299472,0.07526974563147064
573.0,2.0,0.0,4294967295.0,4294967295.0,2.0,0.011413029606765004,0.011880003388671762,412.0,0.0,-1.0,-1.0,8.315965572534348e-05,0.0082477163415956,23.0,0.023449721137260016,0.04844393700405894,0.07522666119353198
575.0,2.0,0.0,4294967295.0,4294967295.0,2.0,0.011411553685618858,0.01187933446910805,413.0,0.0,-1.0,-1.0,8.315965572534348e-05,0.0082477163415956,23.0,0.023449721137260016,0.04840705316152052,0.07518357675559331
577.0,2.0,0.0,4294967295.0,4294967295.0,2.0,0.011410077764472712,0.011878665549544351,414.0,0.0,-1.0,-1.0,8.315965572534348e-05,0.0082477163415956,23.0,0.023449721137260016,0.048370176865434676,0.07514049231765464
579.0,2.0,5.0,4294967295.0,4294967295.0,1.0,0.011408601843326566,0.011877996629980639,415.0,1.0,-1.0,-1.0,0.9199468679552478,0.9642684400400007,23.0,0.023449721137260016,0.07516902976691313,0.09918552270298722
580.0,1.0,6.0,4294967295.0,4294967295.0,1.0,0.011408601843326566,0.011877996629980653,416.0,0.0,-1.0,-1.0,0.999683885745438,0.9696073950447441,0.0,0.023449721137260016,0.0751514493275244,0.10356948340255567
581.0,1.0,5.0,4294967295.0,4294967295.0,1.0,0.011408601843326566,0.011877996629980667,417.0,1.0,-1.0,-1.0,0.9996862798326052,0.9695950477083302,0.0,0.023449721137260016,0.075130434027167,0.10354551459286115
582.0,1.0,5.0,4294967295.0,4294967295.0,1.0,0.011408601843326566,0.011877996629980653,418.0,1.0,-1.0,-1.0,0.999686279893699,0.9695950480767632,0.0,0.023449721137260016,0.07510942662360992,0.10352141155542036
583.0,1.0,4.0,4294967295.0,4294967295.0,1.0,0.011408601843326552,0.011877996629980667,419.0,1.0,-1.0,-1.0,0.9996862798937005,0.969595048085752,0.0,0.023449721137260016,0.07508841921983231,0.10349730662003939
584.0,1.0,9.0,4294967295.0,4294967295.0,1.0,0.011408601843326552,0.011877996629980653,420.0,1.0,-1.0,-1.0,0.9996862798937005,0.9695950480857485,0.0,0.023449721137260016,0.07506741181604895,0.10347319978883135
585.0,1.0,5.0,4294967295.0,4294967295.0,1.0,0.011408601843326552,0.011877996629980653,421.0,0.0,-1.0,-1.0,0.9996862798937005,0.9695950480857485,0.0,0.023449721137260016,0.07504640441226558,0.10344909106053199
586.0,1.0,5.0,4294967295.0,4294967295.0,1.0,0.011408601843326538,0.011877996629980639,422.0,0.0,-1.0,-1.0,0.9996862798937005,0.9695950480857485,0.0,0.023449721137260016,0.07502539700848222,0.10342498043387618
587.0,1.0,7.0,4294967295.0,4294967295.0,1.0,0.011408601843326538,0.011877996629980639,423.0,0.0,-1.0,-1.0,0.9996862798937005,0.9695950480857485,0.0,0.023449721137260016,0.07500438960469885,0.10340086790759792
588.0,1.0,5.0,4294967295.0,4294967295.0,1.0,0.011408601843326524,0.011877996629980639,424.0,2.0,-1.0,-1.0,0.9996862798937005,0.9695950480857485,0.0,0.023449721137260016,0.07498338220091551,0.10337675348043038
589.0,1.0,8.0,4294967295.0,4294967295.0,1.0,0.011408601843326538,0.011877996629980639,425.0,2.0,-1.0,-1.0,0.9996862798937005,0.9695950480857485,0.0,0.023449721137260016,0.07496237479713216,0.10335263715110588
590.0,1.0,10.0,4294967295.0,4294967295.0,1.0,0.011408601843326538,0.011877996629980639,426.0,0.0,-1.0,-1.0,0.9996862798937005,0.9695950480857485,0.0,0.023449721137260016,0.07494136739334879,0.1033285189183559
591.0,1.0,8.0,4294967295.0,4294967295.0,1.0,0.011408601843326524,0.011877996629980639,427.0,1.0,-1.0,-1.0,0.9996862798937005,0.9695950480857485,0.0,0.023449721137260016,0.07492035998956544,0.10330439878091105
592.0,1.0,8.0,4294967295.0,4294967295.0,1.0,0.011408601843326524,0.011877996629980639,428.0,0.0,-1.0,-1.0,0.9996862798937005,0.9695950480857485,0.0,0.023449721137260016,0.07489935258578206,0.10328027673750109
593.0,1.0,6.0,4294967295.0,4294967295.0,1.0,0.01140860184332651,0.011877996629980639,429.0,0.0,-1.0,-1.0,0.9996862798937005,0.9695950480857485,0.0,0.023449721137260016,0.0748783451819987,0.10325615278685499
594.0,1.0,4.0,4294967295.0,4294967295.0,1.0,0.01140860184332651,0.011877996629980639,430.0,0.0,-1.0,-1.0,0.9996862798937005,0.9695950480857485,0.0,0.023449721137260016,0.07485733777821535,0.10323202692770084
595.0,1.0,7.0,4294967295.0,4294967295.0,1.0,0.01140860184332651,0.011877996629980639,431.0,1.0,-1.0,-1.0,0.9996862798937005,0.9695950480857485,0.0,0.023449721137260016,0.07483633037443198,0.10320789915876585
596.0,1.0,4.0,4294967295.0,4294967295.0,1.0,0.011408601843326496,0.011877996629980639,432.0,0.0,-1.0,-1.0,0.9996862798937005,0.9695950480857485,0.0,0.023449721137260016,0.07481532297064862,0.10318376947877642
597.0,1.0,3.0,4294967295.0,4294967295.0,1.0,0.011408601843326496,0.011877996629980639,433.0,0.0,-1.0,-1.0,0.9996862798937005,0.9695950480857485,0.0,0.023449721137260016,0.07479431556686525,0.1031596378864581
598.0,1.0,2.0,4294967295.0,4294967295.0,1.0,0.011408601843326482,0.011877996629980653,434.0,2.0,-1.0,-1.0,0.9996862798937005,0.9695950480857485,0.0,0.023449721137260016,0.07477330816308189,0.10313550438053554
599.0,1.0,9.0,4294967295.0,4294967295.0,1.0,0.011408601843326482,0.011877996629980653,435.0,0.0,-1.0,-1.0,0.9996862798937005,0.9695950480857485,0.0,0.023449721137260016,0.07475230075929852,0.10311136895973264
600.0,1.0,5.0,4294967295.0,4294967295.0,1.0,0.011408601843326469,0.011877996629980639,436.0,0.0,-1.0,-1.0,0.9996862798937005,0.9695950480857485,0.0,0.023449721137260016,0.07473129335551516,0.10308723162277234
601.0,1.0,7.0,4294967295.0,4294967295.0,1.0,0.011408601843326469,0.011877996629980639,437.0,1.0,-1.0,-1.0,0.9996862798937005,0.9695950480857485,0.0,0.023449721137260016,0.0747102859517318,0.10306309236837677
602.0,1.0,5.0,4294967295.0,4294967295.0,1.0,0.011408601843326482,0.011877996629980639,438.0,1.0,-1.0,-1.0,0.9996862798937005,0.9695950480857485,0.0,0.023449721137260016,0.07468927854794845,0.10303895119526724
603.0,1.0,4.0,4294967295.0,4294967295.0,1.0,0.011408601843326469,0.011877996629980639,439.0,1.0,-1.0,-1.0,0.9996862798937005,0.9695950480857485,0.0,0.023449721137260016,0.07466827114416509,0.10301480810216415
604.0,1.0,6.0,4294967295.0,4294967295.0,1.0,0.011408601843326469,0.011877996629980639,440.0,2.0,-1.0,-1.0,0.9996862798937005,0.9695950480857485,0.0,0.023449721137260016,0.07464726374038172,0.10299066308778712
605.0,1.0,7.0,4294967295.0,4294967295.0,1.0,0.011408601843326455,0.011877996629980653,441.0,1.0,-1.0,-1.0,0.9996862798937005,0.9695950480857485,0.0,0.023449721137260016,0.07462625633659836,0.10296651615085486
606.0,1.0,6.0,4294967295.0,4294967295.0,1.0,0.011408601843326455,0.011877996629980653,442.0,1.0,-1.0,-1.0,0.9996862798937005,0.9695950480857485,0.0,0.023449721137260016,0.074605248932815,0.10294236729008524
607.0,1.0,4.0,4294967295.0,4294967295.0,1.0,0.011408601843326455,0.011877996629980653,443.0,3.0,-1.0,-1.0,0.9996862798937005,0.9695950480857485,0.0,0.023449721137260016,0.07458424152903163,0.10291821650419525
608.0,1.0,7.0,4294967295.0,4294967295.0,1.0,0.01140860184332644,0.011877996629980653,444.0,0.0,-1.0,-1.0,0.9996862798937005,0.9695950480857485,0.0,0.023449721137260016,0.07456323412524828,0.10289406379190108
609.0,1.0,1.0,4294967295.0,4294967295.0,1.0,0.01140860184332644,0.011877996629980653,445.0,0.0,-1.0,-1.0,0.9996862798937005,0.9695950480857485,0.0,0.023449721137260016,0.0745422267214649,0.10286990915191802
610.0,1.0,0.0,4294967295.0,4294967295.0,1.0,0.011408601843326427,0.011877996629980653,446.0,0.0,-1.0,-1.0,0.867541277643506,0.06874293104515919,0.0,0.023449721137260016,0.07394479101845447,0.09556395987771293
611.0,1.0,0.0,4294967295.0,4294967295.0,2.0,0.011408601843326413,0.011877996629980653,447.0,0.0,-1.0,-1.0,0.014204893595178028,0.008388570143134403,0.0,0.023449721137260016,0.04852278436930428,0.07442185799410493
613.0,2.0,0.0,4294967295.0,4294967295.0,2.0,0.011407116455878712,0.01187730516637487,448.0,0.0,-1.0,-1.0,8.322821131341495e-05,0.008247717015336387,23.0,0.023449721137260016,0.04770694946514801,0.0743784645862139
615.0,2.0,0.0,4294967295.0,4294967295.0,2.0,0.011405640534687282,0.011876636246703251,449.0,0.0,-1.0,-1.0,8.315965605345438e-05,0.00824771634159882,23.0,0.023449721137260016,0.04767021469868896,0.07433538014679644
617.0,2.0,0.0,4294967295.0,4294967295.0,2.0,0.011404164613541136,0.011875967327139546,450.0,0.0,-1.0,-1.0,8.315965572534506e-05,0.0082477163415956,23.0,0.023449721137260016,0.047633491464027414,0.07429229570885776
619.0,2.0,0.0,4294967295.0,4294967295.0,2.0,0.01140268869239499,0.011875298407575834,451.0,0.0,-1.0,-1.0,8.315965572534348e-05,0.0082477163415956,23.0,0.023449721137260016,0.04759677599012323,0.0742492112709191
621.0,2.0,0.0,4294967295.0,4294967295.0,2.0,0.01140121277124883,0.011874629488012128,452.0,0.0,-1.0,-1.0,8.315965572534348e-05,0.0082477163415956,23.0,0.023449721137260016,0.047560068287312865,0.07420612683298045
623.0,2.0,4.0,4294967295.0,4294967295.0,1.0,0.011399736850102662,0.011873960568448437,453.0,0.0,-1.0,-1.0,0.9199468679552478,0.9642684400400007,23.0,0.023449721137260016,0.0742358390072215,0.09814245421909251
624.0,1.0,5.0,4294967295.0,4294967295.0,1.0,0.011399736850102649,0.011873960568448423,454.0,1.0,-1.0,-1.0,0.999683885745438,0.9696073950447441,0.0,0.023449721137260016,0.07421825856783278,0.10250612204768372
625.0,1.0,4.0,4294967295.0,4294967295.0,1.0,0.011399736850102649,0.011873960568448423,455.0,1.0,-1.0,-1.0,0.9996862798326052,0.9695950477083302,0.0,0.023449721137260016,0.07419724326747537,0.10248206811992266
626.0,1.0,2.0,4294967295.0,4294967295.0,1.0,0.011399736850102649,0.011873960568448395,456.0,0.0,-1.0,-1.0,0.999686279893699,0.9695950480767632,0.0,0.023449721137260016,0.07417623586391829,0.10245788051519852
627.0,1.0,0.0,4294967295.0,4294967295.0,1.0,0.011399736850102635,0.011873960568448381,457.0,0.0,-1.0,-1.0,0.8675412776429925,0.06874293102889073,0.0,0.023449721137260016,0.07357880016090323,0.09516498925056274
628.0,1.0,0.0,4294967295.0,4294967295.0,2.0,0.011399736850102628,0.011873960568448375,458.0,0.0,-1.0,-1.0,0.014204893595115816,0.008388570143094074,0.0,0.023449721137260016,0.04820838196083584,0.07405773359324819
630.0,2.0,0.0,4294967295.0,4294967295.0,2.0,0.011398251462654926,0.011873269104842585,459.0,0.0,-1.0,-1.0,8.322821131341464e-05,0.008247717015336387,23.0,0.023449721137260016,0.047394013079027304,0.07401434018535719
632.0,2.0,0.0,4294967295.0,4294967295.0,2.0,0.011396775541463504,0.011872600185170959,460.0,0.0,-1.0,-1.0,8.315965605345438e-05,0.00824771634159882,23.0,0.023449721137260016,0.04735734452832688,0.07397125574593973
634.0,2.0,0.0,4294967295.0,4294967295.0,2.0,0.011395299620317344,0.011871931265607254,461.0,0.0,-1.0,-1.0,8.315965572534506e-05,0.0082477163415956,23.0,0.023449721137260016,0.047320687590956416,0.07392817130800104
636.0,2.0,0.0,4294967295.0,4294967295.0,2.0,0.011393823699171184,0.011871262346043548,462.0,0.0,-1.0,-1.0,8.315965572534348e-05,0.0082477163415956,23.0,0.023449721137260016,0.04728403850279863,0.07388508687006237
638.0,2.0,0.0,4294967295.0,4294967295.0,2.0,0.011392347778025037,0.011870593426479836,463.0,0.0,-1.0,-1.0,8.315965572534348e-05,0.0082477163415956,23.0,0.023449721137260016,0.04724739727430803,0.07384200243212372
640.0,2.0,0.0,4294967295.0,4294967295.0,2.0,0.011390871856878891,0.011869924506916138,464.0,0.0,-1.0,-1.0,8.315965572534348e-05,0.0082477163415956,23.0,0.023449721137260016,0.047210763915971156,0.07379891799418503
642.0,2.0,0.0,4294967295.0,4294967295.0,2.0,0.011389395935732752,0.01186925558735244,465.0,0.0,-1.0,-1.0,8.315965572534348e-05,0.0082477163415956,23.0,0.023449721137260016,0.04717413843828854,0.07375583355624635
644.0,2.0,0.0,4294967295.0,4294967295.0,2.0,0.011387920014586599,0.011868586667788734,466.0,0.0,-1.0,-1.0,8.315965572534348e-05,0.0082477163415956,23.0,0.023449721137260016,0.04713752085177475,0.07371274911830769
646.0,2.0,0.0,4294967295.0,4294967295.0,2.0,0.011386444093440432,0.011867917748225022,467.0,0.0,-1.0,-1.0,8.315965572534348e-05,0.0082477163415956,23.0,0.023449721137260016,0.04710091116695835,0.07366966468036902
648.0,2.0,0.0,4294967295.0,4294967295.0,2.0,0.011384968172294278,0.01186724882866131,468.0,0.0,-1.0,-1.0,8.315965572534348e-05,0.0082477163415956,23.0,0.023449721137260016,0.04706430939438196,0.07362658024243035
650.0,2.0,0.0,4294967295.0,4294967295.0,2.0,0.011383492251148132,0.011866579909097605,469.0,0.0,-1.0,-1.0,8.315965572534348e-05,0.0082477163415956,23.0,0.023449721137260016,0.047027715544602285,0.0735834958044917
652.0,2.0,0.0,4294967295.0,4294967295.0,2.0,0.011382016330001986,0.0118659109895339,470.0,0.0,-1.0,-1.0,8.315965572534348e-05,0.0082477163415956,23.0,0.023449721137260016,0.04699112962819008,0.07354041136655301
654.0,2.0,0.0,4294967295.0,4294967295.0,2.0,0.01138054040885584,0.011865242069970194,471.0,0.0,-1.0,-1.0,8.315965572534348e-05,0.0082477163415956,23.0,0.023449721137260016,0.046954551655730245,0.07349732692861434
656.0,2.0,0.0,4294967295.0,4294967295.0,2.0,0.011379064487709693,0.011864573150406496,472.0,0.0,-1.0,-1.0,8.315965572534348e-05,0.0082477163415956,23.0,0.023449721137260016,0.046917981637821765,0.07345424249067567
658.0,2.0,0.0,4294967295.0,4294967295.0,2.0,0.011377588566563533,0.01186390423084279,473.0,0.0,-1.0,-1.0,8.315965572534348e-05,0.0082477163415956,23.0,0.023449721137260016,0.046881419585077785,0.073411158052737
660.0,2.0,0.0,4294967295.0,4294967295.0,2.0,0.01137611264541738,0.011863235311279086,474.0,0.0,-1.0,-1.0,8.315965572534348e-05,0.0082477163415956,23.0,0.023449721137260016,0.046844865508125604,0.07336807361479833
662.0,2.0,0.0,4294967295.0,4294967295.0,2.0,0.011374636724271227,0.01186256639171538,475.0,0.0,-1.0,-1.0,8.315965572534348e-05,0.0082477163415956,23.0,0.023449721137260016,0.04680831941760671,0.07332498917685967
664.0,2.0,0.0,4294967295.0,4294967295.0,2.0,0.011373160803125087,0.011861914716346511,476.0,0.0,-1.0,-1.0,8.315965572534348e-05,0.0082477163415956,23.0,0.023449721137260016,0.04677178132417678,0.07328190473892099
666.0,2.0,0.0,4294967295.0,4294967295.0,2.0,0.011371684881978948,0.011861300095094153,477.0,0.0,-1.0,-1.0,8.315965572534348e-05,0.0082477163415956,23.0,0.023449721137260016,0.04673525123850571,0.07323882030098232
668.0,2.0,0.0,4294967295.0,4294967295.0,2.0,0.011370208960832788,0.011860685473841795,478.0,0.0,-1.0,-1.0,8.315965572534348e-05,0.0082477163415956,23.0,0.023449721137260016,0.04669872917127764,0.07319573586304365
670.0,2.0,0.0,4294967295.0,4294967295.0,2.0,0.011368733039686635,0.011860070852589444,479.0,0.0,-1.0,-1.0,8.315965572534348e-05,0.0082477163415956,23.0,0.023449721137260016,0.04666221513319095,0.07315265142510496
672.0,2.0,0.0,4294967295.0,4294967295.0,2.0,0.011367257118540489,0.011859456231337086,480.0,0.0,-1.0,-1.0,8.315965572534348e-05,0.0082477163415956,23.0,0.023449721137260016,0.04662570913495831,0.07310956698716631
674.0,2.0,2.0,4294967295.0,4294967295.0,1.0,0.011365781197394335,0.011858841610084735,481.0,1.0,-1.0,-1.0,0.9199468679552478,0.9642684400400007,23.0,0.023449721137260016,0.07313050576156205,0.09692938241176519
675.0,1.0,5.0,4294967295.0,4294967295.0,1.0,0.011365781197394335,0.011858841610084735,482.0,1.0,-1.0,-1.0,0.999683885745438,0.9696073950447441,0.0,0.023449721137260016,0.07311292532217331,0.10126877189971956
676.0,1.0,8.0,4294967295.0,4294967295.0,1.0,0.011365781197394328,0.011858841610084749,483.0,1.0,-1.0,-1.0,0.9996862798326052,0.9695950477083302,0.0,0.023449721137260016,0.07309191002181592,0.10124461613691427
677.0,1.0,6.0,4294967295.0,4294967295.0,1.0,0.011365781197394322,0.011858841610084749,484.0,0.0,-1.0,-1.0,0.999686279893699,0.9695950480767632,0.0,0.023449721137260016,0.07307090261825885,0.10122032735610151
678.0,1.0,6.0,4294967295.0,4294967295.0,1.0,0.011365781197394328,0.011858841610084749,485.0,1.0,-1.0,-1.0,0.9996862798937005,0.969595048085752,0.0,0.023449721137260016,0.07304989521448126,0.10119603655351248
679.0,1.0,4.0,4294967295.0,4294967295.0,1.0,0.011365781197394328,0.011858841610084749,486.0,1.0,-1.0,-1.0,0.9996862798937005,0.9695950480857485,0.0,0.023449721137260016,0.0730288878106979,0.10117174373114357
680.0,1.0,7.0,4294967295.0,4294967295.0,1.0,0.011365781197394342,0.011858841610084749,487.0,2.0,-1.0,-1.0,0.9996862798937005,0.9695950480857485,0.0,0.023449721137260016,0.07300788040691455,0.10114744888764791
681.0,1.0,11.0,4294967295.0,4294967295.0,1.0,0.011365781197394342,0.011858841610084735,488.0,0.0,-1.0,-1.0,0.9996862798937005,0.9695950480857485,0.0,0.023449721137260016,0.0729868730031312,0.10112315202167764
682.0,1.0,6.0,4294967295.0,4294967295.0,1.0,0.011365781197394342,0.011858841610084735,489.0,1.0,-1.0,-1.0,0.9996862798937005,0.9695950480857485,0.0,0.023449721137260016,0.07296586559934784,0.10109885313188399
683.0,1.0,12.0,4294967295.0,4294967295.0,1.0,0.01136578119739435,0.011858841610084749,490.0,1.0,-1.0,-1.0,0.9996862798937005,0.9695950480857485,0.0,0.023449721137260016,0.0729448581955645,0.10107455221691729
684.0,1.0,10.0,4294967295.0,4294967295.0,1.0,0.011365781197394356,0.011858841610084742,491.0,0.0,-1.0,-1.0,0.9996862798937005,0.9695950480857485,0.0,0.023449721137260016,0.07292385079178114,0.10105024927542697
685.0,1.0,5.0,4294967295.0,4294967295.0,1.0,0.011365781197394356,0.011858841610084749,492.0,0.0,-1.0,-1.0,0.9996862798937005,0.9695950480857485,0.0,0.023449721137260016,0.0729028433879978,0.10102594430606156
686.0,1.0,4.0,4294967295.0,4294967295.0,1.0,0.011365781197394363,0.011858841610084755,493.0,0.0,-1.0,-1.0,0.9996862798937005,0.9695950480857485,0.0,0.023449721137260016,0.07288183598421444,0.1010016373074687
687.0,1.0,4.0,4294967295.0,4294967295.0,1.0,0.011365781197394363,0.011858841610084755,494.0,1.0,-1.0,-1.0,0.9996862798937005,0.9695950480857485,0.0,0.023449721137260016,0.07286082858043108,0.10097732827829513
688.0,1.0,6.0,4294967295.0,4294967295.0,1.0,0.01136578119739437,0.011858841610084755,495.0,0.0,-1.0,-1.0,0.9996862798937005,0.9695950480857485,0.0,0.023449721137260016,0.07283982117664774,0.10095301721718668
689.0,1.0,9.0,4294967295.0,4294967295.0,1.0,0.011365781197394377,0.011858841610084749,496.0,0.0,-1.0,-1.0,0.9996862798937005,0.9695950480857485,0.0,0.023449721137260016,0.0728188137728644,0.10092870412278825
690.0,1.0,3.0,4294967295.0,4294967295.0,1.0,0.011365781197394377,0.011858841610084755,497.0,0.0,-1.0,-1.0,0.9996862798937005,0.9695950480857485,0.0,0.023449721137260016,0.07279780636908104,0.10090438899374388
691.0,1.0,4.0,4294967295.0,4294967295.0,1.0,0.011365781197394384,0.011858841610084755,498.0,0.0,-1.0,-1.0,0.9996862798937005,0.9695950480857485,0.0,0.023449721137260016,0.07277679896529769,0.10088007182869667
692.0,1.0,8.0,4294967295.0,4294967295.0,1.0,0.011365781197394384,0.011858841610084755,499.0,0.0,-1.0,-1.0,0.9996862798937005,0.9695950480857485,0.0,0.023449721137260016,0.07275579156151434,0.10085575262628887
693.0,1.0,6.0,4294967295.0,4294967295.0,1.0,0.011365781197394391,0.011858841610084762,500.0,1.0,-1.0,-1.0,0.9996862798937005,0.9695950480857485,0.0,0.023449721137260016,0.07273478415773099,0.10083143138516178
694.0,1.0,6.0,4294967295.0,4294967295.0,1.0,0.011365781197394398,0.011858841610084762,501.0,0.0,-1.0,-1.0,0.9996862798937005,0.9695950480857485,0.0,0.023449721137260016,0.07271377675394763,0.10080710810395577
695.0,1.0,7.0,4294967295.0,4294967295.0,1.0,0.011365781197394405,0.01185884161008477,502.0,0.0,-1.0,-1.0,0.9996862798937005,0.9695950480857485,0.0,0.023449721137260016,0.07269276935016429,0.10078278278131034
696.0,1.0,10.0,4294967295.0,4294967295.0,1.0,0.011365781197394412,0.011858841610084762,503.0,1.0,-1.0,-1.0,0.9996862798937005,0.9695950480857485,0.0,0.023449721137260016,0.07267176194638093,0.10075845541586408
697.0,1.0,7.0,4294967295.0,4294967295.0,1.0,0.011365781197394412,0.01185884161008477,504.0,1.0,-1.0,-1.0,0.9996862798937005,0.9695950480857485,0.0,0.023449721137260016,0.07265075454259758,0.10073412600625468
698.0,1.0,11.0,4294967295.0,4294967295.0,1.0,0.011365781197394412,0.01185884161008477,505.0,1.0,-1.0,-1.0,0.9996862798937005,0.9695950480857485,0.0,0.023449721137260016,0.07262974713881422,0.1007097945511189
699.0,1.0,8.0,4294967295.0,4294967295.0,1.0,0.011365781197394412,0.01185884161008477,506.0,0.0,-1.0,-1.0,0.9996862798937005,0.9695950480857485,0.0,0.023449721137260016,0.07260873973503086,0.10068546104909261
700.0,1.0,6.0,4294967295.0,4294967295.0,1.0,0.011365781197394419,0.011858841610084776,507.0,0.0,-1.0,-1.0,0.9996862798937005,0.9695950480857485,0.0,0.023449721137260016,0.07258773233124752,0.10066112549881075
701.0,1.0,6.0,4294967295.0,4294967295.0,1.0,0.011365781197394426,0.011858841610084776,508.0,1.0,-1.0,-1.0,0.9996862798937005,0.9695950480857485,0.0,0.023449721137260016,0.07256672492746417,0.10063678789890736
702.0,1.0,3.0,4294967295.0,4294967295.0,1.0,0.011365781197394426,0.011858841610084783,509.0,1.0,-1.0,-1.0,0.9996862798937005,0.9695950480857485,0.0,0.023449721137260016,0.07254571752368083,0.10061244824801557
703.0,1.0,12.0,4294967295.0,4294967295.0,1.0,0.011365781197394426,0.011858841610084783,510.0,0.0,-1.0,-1.0,0.9996862798937005,0.9695950480857485,0.0,0.023449721137260016,0.07252471011989747,0.10058810654476763
704.0,1.0,5.0,4294967295.0,4294967295.0,1.0,0.011365781197394426,0.011858841610084783,511.0,0.0,-1.0,-1.0,0.9996862798937005,0.9695950480857485,0.0,0.023449721137260016,0.07250370271611412,0.10056376278779482
705.0,1.0,4.0,4294967295.0,4294967295.0,1.0,0.011365781197394433,0.011858841610084783,512.0,0.0,-1.0,-1.0,0.9996862798937005,0.9695950480857485,0.0,0.023449721137260016,0.07248269531233077,0.10053941697572755
706.0,1.0,9.0,4294967295.0,4294967295.0,1.0,0.01136578119739444,0.011858841610084783,513.0,0.0,-1.0,-1.0,0.9996862798937005,0.9695950480857485,0.0,0.023449721137260016,0.07246168790854741,0.10051506910719527
707.0,1.0,8.0,4294967295.0,4294967295.0,1.0,0.01136578119739444,0.01185884161008479,514.0,1.0,-1.0,-1.0,0.9996862798937005,0.9695950480857485,0.0,0.023449721137260016,0.07244068050476407,0.10049071918082658
708.0,1.0,5.0,4294967295.0,4294967295.0,1.0,0.011365781197394446,0.01185884161008479,515.0,0.0,-1.0,-1.0,0.9996862798937005,0.9695950480857485,0.0,0.023449721137260016,0.07241967310098071,0.1004663671952491
709.0,1.0,4.0,4294967295.0,4294967295.0,1.0,0.011365781197394446,0.011858841610084797,516.0,0.0,-1.0,-1.0,0.9996862798937005,0.9695950480857485,0.0,0.023449721137260016,0.07239866569719736,0.1004420131490896
710.0,1.0,5.0,4294967295.0,4294967295.0,1.0,0.011365781197394453,0.011858841610084797,517.0,0.0,-1.0,-1.0,0.9996862798937005,0.9695950480857485,0.0,0.023449721137260016,0.072377658293414,0.10041765704097386
711.0,1.0,5.0,4294967295.0,4294967295.0,1.0,0.01136578119739446,0.011858841610084797,518.0,2.0,-1.0,-1.0,0.9996862798937005,0.9695950480857485,0.0,0.023449721137260016,0.07235665088963066,0.1003932988695268
712.0,1.0,6.0,4294967295.0,4294967295.0,1.0,0.01136578119739446,0.011858841610084797,519.0,0.0,-1.0,-1.0,0.9996862798937005,0.9695950480857485,0.0,0.023449721137260016,0.07233564348584731,0.10036893863337241
713.0,1.0,8.0,4294967295.0,4294967295.0,1.0,0.011365781197394467,0.011858841610084797,520.0,0.0,-1.0,-1.0,0.9996862798937005,0.9695950480857485,0.0,0.023449721137260016,0.07231463608206395,0.10034457633113376
714.0,1.0,6.0,4294967295.0,4294967295.0,1.0,0.011365781197394467,0.011858841610084804,521.0,0.0,-1.0,-1.0,0.9996862798937005,0.9695950480857485,0.0,0.023449721137260016,0.07229362867828061,0.10032021196143302
715.0,1.0,5.0,4294967295.0,4294967295.0,1.0,0.011365781197394474,0.011858841610084804,522.0,0.0,-1.0,-1.0,0.9996862798937005,0.9695950480857485,0.0,0.023449721137260016,0.07227262127449727,0.1002958455228914
716.0,1.0,3.0,4294967295.0,4294967295.0,1.0,0.011365781197394481,0.011858841610084811,523.0,2.0,-1.0,-1.0,0.9996862798937005,0.9695950480857485,0.0,0.023449721137260016,0.07225161387071391,0.10027147701412922
717.0,1.0,8.0,4294967295.0,4294967295.0,1.0,0.011365781197394488,0.011858841610084811,524.0,0.0,-1.0,-1.0,0.9996862798937005,0.9695950480857485,0.0,0.023449721137260016,0.07223060646693058,0.10024710643376587
718.0,1.0,7.0,4294967295.0,4294967295.0,1.0,0.011365781197394495,0.011858841610084811,525.0,0.0,-1.0,-1.0,0.9996862798937005,0.9695950480857485,0.0,0.023449721137260016,0.07220959906314722,0.10022273378041982
719.0,1.0,7.0,4294967295.0,4294967295.0,1.0,0.011365781197394495,0.011858841610084804,526.0,0.0,-1.0,-1.0,0.9996862798937005,0.9695950480857485,0.0,0.023449721137260016,0.07218859165936387,0.1001983590527086
720.0,1.0,5.0,4294967295.0,4294967295.0,1.0,0.011365781197394502,0.011858841610084804,527.0,1.0,-1.0,-1.0,0.9996862798937005,0.9695950480857485,0.0,0.023449721137260016,0.07216758425558051,0.10017398224924888
721.0,1.0,5.0,4294967295.0,4294967295.0,1.0,0.011365781197394509,0.011858841610084811,528.0,0.0,-1.0,-1.0,0.9996862798937005,0.9695950480857485,0.0,0.023449721137260016,0.07214657685179715,0.10014960336865635
722.0,1.0,7.0,4294967295.0,4294967295.0,1.0,0.011365781197394516,0.011858841610084811,529.0,0.0,-1.0,-1.0,0.9996862798937005,0.9695950480857485,0.0,0.023449721137260016,0.07212556944801382,0.10012522240954579
723.0,1.0,5.0,4294967295.0,4294967295.0,1.0,0.011365781197394523,0.011858841610084811,530.0,0.0,-1.0,-1.0,0.9996862798937005,0.9695950480857485,0.0,0.023449721137260016,0.07210456204423046,0.10010083937053106
724.0,1.0,4.0,4294967295.0,4294967295.0,1.0,0.011365781197394523,0.011858841610084818,531.0,0.0,-1.0,-1.0,0.9996862798937005,0.9695950480857485,0.0,0.023449721137260016,0.0720835546404471,0.1000764542502251
725.0,1.0,8.0,4294967295.0,4294967295.0,1.0,0.01136578119739453,0.011858841610084818,532.0,0.0,-1.0,-1.0,0.9996862798937005,0.9695950480857485,0.0,0.023449721137260016,0.07206254723666378,0.10005206704723994
726.0,1.0,3.0,4294967295.0,4294967295.0,1.0,0.01136578119739453,0.011858841610084811,533.0,0.0,-1.0,-1.0,0.9996862798937005,0.9695950480857485,0.0,0.023449721137260016,0.07204153983288042,0.10002767776018662
727.0,1.0,5.0,4294967295.0,4294967295.0,1.0,0.011365781197394544,0.011858841610084811,534.0,1.0,-1.0,-1.0,0.9996862798937005,0.9695950480857485,0.0,0.023449721137260016,0.07202053242909709,0.10000328638767529
728.0,1.0,3.0,4294967295.0,4294967295.0,1.0,0.01136578119739455,0.011858841610084818,535.0,1.0,-1.0,-1.0,0.9996862798937005,0.9695950480857485,0.0,0.023449721137260016,0.07199952502531373,0.09997889292831523
729.0,1.0,4.0,4294967295.0,4294967295.0,1.0,0.01136578119739455,0.011858841610084818,536.0,0.0,-1.0,-1.0,0.9996862798937005,0.9695950480857485,0.0,0.023449721137260016,0.07197851762153037,0.09995449738071471
730.0,1.0,0.0,4294967295.0,4294967295.0,1.0,0.01136578119739455,0.011858841610084818,537.0,0.0,-1.0,-1.0,0.867541277643506,0.06874293104515919,0.0,0.023449721137260016,0.07138108191851998,0.0927439668221951
731.0,1.0,0.0,4294967295.0,4294967295.0,2.0,0.01136578119739455,0.011858841610084811,538.0,0.0,-1.0,-1.0,0.014204893595178028,0.008388570143134403,0.0,0.023449721137260016,0.04632075615382219,0.07186293166008134
733.0,2.0,0.0,4294967295.0,4294967295.0,2.0,0.011364295809946849,0.011858202330731107,539.0,0.0,-1.0,-1.0,8.322821131341495e-05,0.008247717015336387,24.0,0.023449721137260016,0.04551563390600281,0.07181953825219034
735.0,2.0,0.0,4294967295.0,4294967295.0,2.0,0.01136281988875542,0.011857587709360719,540.0,0.0,-1.0,-1.0,8.315965605345438e-05,0.00824771634159882,24.0,0.023449721137260016,0.04547938299756196,0.07177645381277287
737.0,2.0,0.0,4294967295.0,4294967295.0,2.0,0.011361343967609273,0.01185697308810836,541.0,0.0,-1.0,-1.0,8.315965572534506e-05,0.0082477163415956,24.0,0.023449721137260016,0.04544314421670031,0.0717333693748342
739.0,2.0,0.0,4294967295.0,4294967295.0,2.0,0.011359868046463113,0.011856358466856003,542.0,0.0,-1.0,-1.0,8.315965572534348e-05,0.0082477163415956,24.0,0.023449721137260016,0.04540691384296499,0.07169028493689553
741.0,2.0,0.0,4294967295.0,4294967295.0,2.0,0.01135839212531696,0.011855743845603652,543.0,0.0,-1.0,-1.0,8.315965572534348e-05,0.0082477163415956,24.0,0.023449721137260016,0.04537069188755511,0.07164720049895687
743.0,2.0,0.0,4294967295.0,4294967295.0,2.0,0.011356916204170814,0.011855129224351293,544.0,0.0,-1.0,-1.0,8.315965572534348e-05,0.0082477163415956,24.0,0.023449721137260016,0.04533447836170259,0.0716041160610182
745.0,2.0,0.0,4294967295.0,4294967295.0,2.0,0.01135544028302466,0.011854514603098942,545.0,0.0,-1.0,-1.0,8.315965572534348e-05,0.0082477163415956,24.0,0.023449721137260016,0.04529827327665434,0.07156103162307953
747.0,2.0,0.0,4294967295.0,4294967295.0,2.0,0.011353964361878521,0.011853899981846591,546.0,0.0,-1.0,-1.0,8.315965572534348e-05,0.0082477163415956,24.0,0.023449721137260016,0.045262076643672246,0.07151794718514085
749.0,2.0,0.0,4294967295.0,4294967295.0,2.0,0.011352488440732368,0.01185328536059424,547.0,0.0,-1.0,-1.0,8.315965572534348e-05,0.0082477163415956,24.0,0.023449721137260016,0.04522588847403328,0.07147486274720218
751.0,2.0,0.0,4294967295.0,4294967295.0,2.0,0.011351012519586201,0.011852670739341882,548.0,0.0,-1.0,-1.0,8.315965572534348e-05,0.0082477163415956,24.0,0.023449721137260016,0.0451897087790294,0.0714317783092635
753.0,2.0,0.0,4294967295.0,4294967295.0,2.0,0.011349536598440055,0.011852056118089538,549.0,0.0,-1.0,-1.0,8.315965572534348e-05,0.0082477163415956,24.0,0.023449721137260016,0.04515353756996768,0.07138869387132485
755.0,2.0,0.0,4294967295.0,4294967295.0,2.0,0.011348060677293909,0.011851441496837173,550.0,0.0,-1.0,-1.0,8.315965572534348e-05,0.0082477163415956,24.0,0.023449721137260016,0.04511737485817024,0.07134560943338618
757.0,2.0,0.0,4294967295.0,4294967295.0,2.0,0.011346584756147762,0.011850826875584822,551.0,0.0,-1.0,-1.0,8.315965572534348e-05,0.0082477163415956,24.0,0.023449721137260016,0.04508122065497432,0.07130252499544751
759.0,2.0,0.0,4294967295.0,4294967295.0,2.0,0.011345108835001616,0.011850212254332464,552.0,0.0,-1.0,-1.0,8.315965572534348e-05,0.0082477163415956,24.0,0.023449721137260016,0.04504507497173231,0.07125944055750882
761.0,2.0,0.0,4294967295.0,4294967295.0,2.0,0.011343632913855463,0.011849597633080113,553.0,0.0,-1.0,-1.0,8.315965572534348e-05,0.0082477163415956,24.0,0.023449721137260016,0.045008937819811703,0.07121635611957014
763.0,2.0,0.0,4294967295.0,4294967295.0,2.0,0.011342156992709303,0.011848983011827761,554.0,0.0,-1.0,-1.0,8.315965572534348e-05,0.0082477163415956,24.0,0.023449721137260016,0.04497280921059518,0.07117327168163148
765.0,2.0,0.0,4294967295.0,4294967295.0,2.0,0.01134068107156315,0.011848368390575403,555.0,0.0,-1.0,-1.0,8.315965572534348e-05,0.0082477163415956,24.0,0.023449721137260016,0.04493668915548062,0.07113018724369283
767.0,2.0,0.0,4294967295.0,4294967295.0,2.0,0.011339205150416996,0.011847753769323045,556.0,0.0,-1.0,-1.0,8.315965572534348e-05,0.0082477163415956,24.0,0.023449721137260016,0.044900577665881104,0.07108710280575414
769.0,2.0,0.0,4294967295.0,4294967295.0,2.0,0.011337729229270857,0.011847139148070694,557.0,0.0,-1.0,-1.0,8.315965572534348e-05,0.0082477163415956,24.0,0.023449721137260016,0.044864474753224935,0.07104401836781549
771.0,2.0,0.0,4294967295.0,4294967295.0,2.0,0.011336253308124718,0.011846524526818343,558.0,0.0,-1.0,-1.0,8.315965572534348e-05,0.0082477163415956,24.0,0.023449721137260016,0.04482838042895566,0.0710009339298768
773.0,2.0,0.0,4294967295.0,4294967295.0,2.0,0.011334777386978558,0.011845909905565985,559.0,0.0,-1.0,-1.0,8.315965572534348e-05,0.0082477163415956,24.0,0.023449721137260016,0.04479229470453209,0.07095784949193813
775.0,2.0,0.0,4294967295.0,4294967295.0,2.0,0.011333301465832404,0.01184529528431364,560.0,0.0,-1.0,-1.0,8.315965572534348e-05,0.0082477163415956,24.0,0.023449721137260016,0.044756217591428345,0.07091476505399946
777.0,2.0,0.0,4294967295.0,4294967295.0,2.0,0.011331825544686258,0.011844680663061276,561.0,0.0,-1.0,-1.0,8.315965572534348e-05,0.0082477163415956,24.0,0.023449721137260016,0.04472014910113384,0.0708716806160608
779.0,2.0,0.0,4294967295.0,4294967295.0,2.0,0.011330349623540112,0.011844066041808932,562.0,0.0,-1.0,-1.0,8.315965572534348e-05,0.0082477163415956,24.0,0.023449721137260016,0.04468408924515332,0.07082859617812214
781.0,2.0,0.0,4294967295.0,4294967295.0,2.0,0.011328873702393966,0.011843451420556574,563.0,0.0,-1.0,-1.0,8.315965572534348e-05,0.0082477163415956,24.0,0.023449721137260016,0.04464803803500689,0.07078551174018347
783.0,2.0,0.0,4294967295.0,4294967295.0,2.0,0.011327397781247812,0.011842836799304216,564.0,0.0,-1.0,-1.0,8.315965572534348e-05,0.0082477163415956,24.0,0.023449721137260016,0.04461199548223,0.0707424273022448
785.0,2.0,0.0,4294967295.0,4294967295.0,2.0,0.011325921860101652,0.011842222178051864,565.0,0.0,-1.0,-1.0,8.315965572534348e-05,0.0082477163415956,24.0,0.023449721137260016,0.04457596159837352,0.07069934286430613
787.0,2.0,0.0,4294967295.0,4294967295.0,2.0,0.011324445938955492,0.011841607556799506,566.0,0.0,-1.0,-1.0,8.315965572534348e-05,0.0082477163415956,24.0,0.023449721137260016,0.044539936395003726,0.07065625842636744
789.0,2.0,0.0,4294967295.0,4294967295.0,2.0,0.011322970017809346,0.011840992935547148,567.0,0.0,-1.0,-1.0,8.315965572534348e-05,0.0082477163415956,24.0,0.023449721137260016,0.0445039198837023,0.07061317398842878
791.0,2.0,0.0,4294967295.0,4294967295.0,2.0,0.011321494096663207,0.011840378314294797,568.0,0.0,-1.0,-1.0,8.315965572534348e-05,0.0082477163415956,24.0,0.023449721137260016,0.044467912076066415,0.07057008955049011
793.0,2.0,0.0,4294967295.0,4294967295.0,2.0,0.011320018175517067,0.011839763693042446,569.0,0.0,-1.0,-1.0,8.315965572534348e-05,0.0082477163415956,24.0,0.023449721137260016,0.044431912983708695,0.07052700511255144
795.0,2.0,0.0,4294967295.0,4294967295.0,2.0,0.011318542254370914,0.011839149071790088,570.0,0.0,-1.0,-1.0,8.315965572534348e-05,0.0082477163415956,24.0,0.023449721137260016,0.044395922618257255,0.07048392067461279
797.0,2.0,0.0,4294967295.0,4294967295.0,2.0,0.011317066333224747,0.01183853445053775,571.0,0.0,-1.0,-1.0,8.315965572534348e-05,0.0082477163415956,24.0,0.023449721137260016,0.044359940991355734,0.0704408362366741
799.0,2.0,0.0,4294967295.0,4294967295.0,2.0,0.011315590412078594,0.011837919829285386,572.0,0.0,-1.0,-1.0,8.315965572534348e-05,0.0082477163415956,24.0,0.023449721137260016,0.044323968114663305,0.07039775179873542
801.0,2.0,0.0,4294967295.0,4294967295.0,2.0,0.011314114490932448,0.011837305208033035,573.0,0.0,-1.0,-1.0,8.315965572534348e-05,0.0082477163415956,24.0,0.023449721137260016,0.04428800399985469,0.07035466736079676
803.0,2.0,0.0,4294967295.0,4294967295.0,2.0,0.011312638569786301,0.011836690586780677,574.0,0.0,-1.0,-1.0,8.315965572534348e-05,0.0082477163415956,24.0,0.023449721137260016,0.0442520486586202,0.07031158292285808
805.0,2.0,0.0,4294967295.0,4294967295.0,2.0,0.011311162648640155,0.011836075965528318,575.0,0.0,-1.0,-1.0,8.315965572534348e-05,0.0082477163415956,24.0,0.023449721137260016,0.04421610210266572,0.07026849848491942
807.0,2.0,0.0,4294967295.0,4294967295.0,2.0,0.011309686727494009,0.011835461344275967,576.0,0.0,-1.0,-1.0,8.315965572534348e-05,0.0082477163415956,24.0,0.023449721137260016,0.044180164343712795,0.07022541404698077
809.0,2.0,8.0,4294967295.0,4294967295.0,1.0,0.011308210806347856,0.01183484672302361,577.0,1.0,-1.0,-1.0,0.9199468679552478,0.9642684400400007,24.0,0.023449721137260016,0.07023693585976265,0.09369865227619575
810.0,1.0,2.0,4294967295.0,4294967295.0,1.0,0.011308210806347856,0.011834846723023616,578.0,0.0,-1.0,-1.0,0.999683885745438,0.9696073950447441,0.0,0.023449721137260016,0.07021935542037391,0.09796964516674975
811.0,1.0,9.0,4294967295.0,4294967295.0,1.0,0.011308210806347856,0.011834846723023623,579.0,0.0,-1.0,-1.0,0.9996862798326052,0.9695950477083302,0.0,0.023449721137260016,0.07019834012001652,0.09794520251570005
812.0,1.0,9.0,4294967295.0,4294967295.0,1.0,0.011308210806347856,0.011834846723023623,580.0,0.0,-1.0,-1.0,0.999686279893699,0.9695950480767632,0.0,0.023449721137260016,0.07017733271645946,0.09792062870304344
813.0,1.0,7.0,4294967295.0,4294967295.0,1.0,0.011308210806347856,0.011834846723023616,581.0,1.0,-1.0,-1.0,0.9996862798937005,0.969595048085752,0.0,0.023449721137260016,0.07015632531268186,0.09789605267857823
814.0,1.0,4.0,4294967295.0,4294967295.0,1.0,0.011308210806347863,0.011834846723023623,582.0,2.0,-1.0,-1.0,0.9996862798937005,0.9695950480857485,0.0,0.023449721137260016,0.07013531790889849,0.09787147444412184
815.0,1.0,5.0,4294967295.0,4294967295.0,1.0,0.01130821080634787,0.011834846723023616,583.0,0.0,-1.0,-1.0,0.9996862798937005,0.9695950480857485,0.0,0.023449721137260016,0.07011431050511516,0.09784689399820051
816.0,1.0,9.0,4294967295.0,4294967295.0,1.0,0.011308210806347876,0.011834846723023623,584.0,0.0,-1.0,-1.0,0.9996862798937005,0.9695950480857485,0.0,0.023449721137260016,0.0700933031013318,0.09782231133933947
817.0,1.0,5.0,4294967295.0,4294967295.0,1.0,0.011308210806347876,0.011834846723023623,585.0,0.0,-1.0,-1.0,0.9996862798937005,0.9695950480857485,0.0,0.023449721137260016,0.07007229569754844,0.09779772646606294
818.0,1.0,5.0,4294967295.0,4294967295.0,1.0,0.011308210806347883,0.01183484672302363,586.0,1.0,-1.0,-1.0,0.9996862798937005,0.9695950480857485,0.0,0.023449721137260016,0.07005128829376511,0.09777313937689416
819.0,1.0,5.0,4294967295.0,4294967295.0,1.0,0.01130821080634789,0.01183484672302363,587.0,0.0,-1.0,-1.0,0.9996862798937005,0.9695950480857485,0.0,0.023449721137260016,0.07003028088998176,0.09774855007035532
820.0,1.0,5.0,4294967295.0,4294967295.0,1.0,0.011308210806347897,0.01183484672302363,588.0,2.0,-1.0,-1.0,0.9996862798937005,0.9695950480857485,0.0,0.023449721137260016,0.07000927348619841,0.09772395854496771
821.0,1.0,10.0,4294967295.0,4294967295.0,1.0,0.011308210806347897,0.011834846723023637,589.0,0.0,-1.0,-1.0,0.9996862798937005,0.9695950480857485,0.0,0.023449721137260016,0.06998826608241505,0.09769936479925165
822.0,1.0,4.0,4294967295.0,4294967295.0,1.0,0.011308210806347897,0.01183484672302363,590.0,1.0,-1.0,-1.0,0.9996862798937005,0.9695950480857485,0.0,0.023449721137260016,0.0699672586786317,0.09767476883172635
823.0,1.0,10.0,4294967295.0,4294967295.0,1.0,0.011308210806347904,0.01183484672302363,591.0,0.0,-1.0,-1.0,0.9996862798937005,0.9695950480857485,0.0,0.023449721137260016,0.06994625127484835,0.09765017064091017
824.0,1.0,4.0,4294967295.0,4294967295.0,1.0,0.011308210806347911,0.01183484672302363,592.0,0.0,-1.0,-1.0,0.9996862798937005,0.9695950480857485,0.0,0.023449721137260016,0.069925243871065,0.0976255702253204
825.0,1.0,10.0,4294967295.0,4294967295.0,1.0,0.011308210806347911,0.011834846723023637,593.0,1.0,-1.0,-1.0,0.9996862798937005,0.9695950480857485,0.0,0.023449721137260016,0.06990423646728164,0.09760096758347336
826.0,1.0,2.0,4294967295.0,4294967295.0,1.0,0.011308210806347918,0.011834846723023637,594.0,1.0,-1.0,-1.0,0.9996862798937005,0.9695950480857485,0.0,0.023449721137260016,0.06988322906349828,0.0975763627138844
827.0,1.0,8.0,4294967295.0,4294967295.0,1.0,0.011308210806347918,0.011834846723023637,595.0,2.0,-1.0,-1.0,0.9996862798937005,0.9695950480857485,0.0,0.023449721137260016,0.06986222165971492,0.09755175561506782
828.0,1.0,9.0,4294967295.0,4294967295.0,1.0,0.011308210806347918,0.011834846723023644,596.0,1.0,-1.0,-1.0,0.9996862798937005,0.9695950480857485,0.0,0.023449721137260016,0.0698412142559316,0.09752714628553705
829.0,1.0,4.0,4294967295.0,4294967295.0,1.0,0.011308210806347925,0.011834846723023644,597.0,1.0,-1.0,-1.0,0.9996862798937005,0.9695950480857485,0.0,0.023449721137260016,0.06982020685214824,0.09750253472380438
830.0,1.0,6.0,4294967295.0,4294967295.0,1.0,0.011308210806347932,0.011834846723023637,598.0,0.0,-1.0,-1.0,0.9996862798937005,0.9695950480857485,0.0,0.023449721137260016,0.06979919944836491,0.0974779209283812
831.0,1.0,4.0,4294967295.0,4294967295.0,1.0,0.011308210806347939,0.011834846723023644,599.0,0.0,-1.0,-1.0,0.9996862798937005,0.9695950480857485,0.0,0.023449721137260016,0.06977819204458155,0.09745330489777787
832.0,1.0,4.0,4294967295.0,4294967295.0,1.0,0.011308210806347939,0.011834846723023651,600.0,1.0,-1.0,-1.0,0.9996862798937005,0.9695950480857485,0.0,0.023449721137260016,0.06975718464079819,0.09742868663050383
833.0,1.0,8.0,4294967295.0,4294967295.0,1.0,0.011308210806347946,0.011834846723023658,601.0,1.0,-1.0,-1.0,0.9996862798937005,0.9695950480857485,0.0,0.023449721137260016,0.06973617723701483,0.09740406612506741
834.0,1.0,7.0,4294967295.0,4294967295.0,1.0,0.011308210806347946,0.011834846723023658,602.0,0.0,-1.0,-1.0,0.9996862798937005,0.9695950480857485,0.0,0.023449721137260016,0.06971516983323148,0.09737944337997603
835.0,1.0,8.0,4294967295.0,4294967295.0,1.0,0.011308210806347953,0.011834846723023665,603.0,0.0,-1.0,-1.0,0.9996862798937005,0.9695950480857485,0.0,0.023449721137260016,0.06969416242944815,0.09735481839373608
836.0,1.0,5.0,4294967295.0,4294967295.0,1.0,0.01130821080634796,0.011834846723023665,604.0,0.0,-1.0,-1.0,0.9996862798937005,0.9695950480857485,0.0,0.023449721137260016,0.06967315502566479,0.09733019116485297
837.0,1.0,7.0,4294967295.0,4294967295.0,1.0,0.01130821080634796,0.011834846723023658,605.0,0.0,-1.0,-1.0,0.9996862798937005,0.9695950480857485,0.0,0.023449721137260016,0.06965214762188143,0.0973055616918311
838.0,1.0,7.0,4294967295.0,4294967295.0,1.0,0.01130821080634796,0.011834846723023658,606.0,2.0,-1.0,-1.0,0.9996862798937005,0.9695950480857485,0.0,0.023449721137260016,0.06963114021809808,0.09728092997317392
839.0,1.0,3.0,4294967295.0,4294967295.0,1.0,0.01130821080634796,0.011834846723023658,607.0,1.0,-1.0,-1.0,0.9996862798937005,0.9695950480857485,0.0,0.023449721137260016,0.06961013281431472,0.09725629600738378
840.0,1.0,6.0,4294967295.0,4294967295.0,1.0,0.011308210806347967,0.011834846723023665,608.0,0.0,-1.0,-1.0,0.9996862798937005,0.9695950480857485,0.0,0.023449721137260016,0.06958912541053137,0.09723165979296214
841.0,1.0,8.0,4294967295.0,4294967295.0,1.0,0.011308210806347974,0.011834846723023665,609.0,1.0,-1.0,-1.0,0.9996862798937005,0.9695950480857485,0.0,0.023449721137260016,0.06956811800674803,0.09720702132840936
842.0,1.0,6.0,4294967295.0,4294967295.0,1.0,0.011308210806347974,0.011834846723023672,610.0,0.0,-1.0,-1.0,0.9996862798937005,0.9695950480857485,0.0,0.023449721137260016,0.06954711060296467,0.09718238061222487
843.0,1.0,3.0,4294967295.0,4294967295.0,1.0,0.011308210806347974,0.011834846723023672,611.0,0.0,-1.0,-1.0,0.9996862798937005,0.9695950480857485,0.0,0.023449721137260016,0.06952610319918132,0.09715773764290711
844.0,1.0,2.0,4294967295.0,4294967295.0,1.0,0.011308210806347974,0.011834846723023672,612.0,2.0,-1.0,-1.0,0.9996862798937005,0.9695950480857485,0.0,0.023449721137260016,0.06950509579539796,0.09713309241895349
845.0,1.0,8.0,4294967295.0,4294967295.0,1.0,0.01130821080634798,0.011834846723023672,613.0,2.0,-1.0,-1.0,0.9996862798937005,0.9695950480857485,0.0,0.023449721137260016,0.06948408839161463,0.09710844493886037
846.0,1.0,6.0,4294967295.0,4294967295.0,1.0,0.011308210806347987,0.011834846723023672,614.0,0.0,-1.0,-1.0,0.9996862798937005,0.9695950480857485,0.0,0.023449721137260016,0.06946308098783127,0.0970837952011232
847.0,1.0,11.0,4294967295.0,4294967295.0,1.0,0.011308210806347987,0.011834846723023679,615.0,1.0,-1.0,-1.0,0.9996862798937005,0.9695950480857485,0.0,0.023449721137260016,0.06944207358404791,0.09705914320423636
848.0,1.0,4.0,4294967295.0,4294967295.0,1.0,0.011308210806347994,0.011834846723023679,616.0,0.0,-1.0,-1.0,0.9996862798937005,0.9695950480857485,0.0,0.023449721137260016,0.06942106618026456,0.09703448894669328
849.0,1.0,9.0,4294967295.0,4294967295.0,1.0,0.011308210806347994,0.011834846723023686,617.0,0.0,-1.0,-1.0,0.9996862798937005,0.9695950480857485,0.0,0.023449721137260016,0.0694000587764812,0.0970098324269863
850.0,1.0,4.0,4294967295.0,4294967295.0,1.0,0.011308210806348001,0.011834846723023686,618.0,2.0,-1.0,-1.0,0.9996862798937005,0.9695950480857485,0.0,0.023449721137260016,0.06937905137269786,0.09698517364360684
851.0,1.0,11.0,4294967295.0,4294967295.0,1.0,0.011308210806348008,0.011834846723023686,619.0,0.0,-1.0,-1.0,0.9996862798937005,0.9695950480857485,0.0,0.023449721137260016,0.06935804396891451,0.09696051259504526
852.0,1.0,3.0,4294967295.0,4294967295.0,1.0,0.011308210806348008,0.011834846723023686,620.0,1.0,-1.0,-1.0,0.9996862798937005,0.9695950480857485,0.0,0.023449721137260016,0.06933703656513115,0.09693584927979099
853.0,1.0,9.0,4294967295.0,4294967295.0,1.0,0.011308210806348015,0.011834846723023686,621.0,0.0,-1.0,-1.0,0.9996862798937005,0.9695950480857485,0.0,0.023449721137260016,0.06931602916134781,0.09691118369633236
854.0,1.0,4.0,4294967295.0,4294967295.0,1.0,0.011308210806348015,0.011834846723023693,622.0,0.0,-1.0,-1.0,0.9996862798937005,0.9695950480857485,0.0,0.023449721137260016,0.06929502175756447,0.09688651584315672
855.0,1.0,6.0,4294967295.0,4294967295.0,1.0,0.011308210806348029,0.011834846723023693,623.0,2.0,-1.0,-1.0,0.9996862798937005,0.9695950480857485,0.0,0.023449721137260016,0.06927401435378112,0.09686184571875045
856.0,1.0,6.0,4294967295.0,4294967295.0,1.0,0.011308210806348036,0.0118348467230237,624.0,0.0,-1.0,-1.0,0.9996862798937005,0.9695950480857485,0.0,0.023449721137260016,0.06925300694999777,0.09683717332159886
857.0,1.0,4.0,4294967295.0,4294967295.0,1.0,0.011308210806348043,0.0118348467230237,625.0,0.0,-1.0,-1.0,0.9996862798937005,0.9695950480857485,0.0,0.023449721137260016,0.06923199954621442,0.09681249865018629
858.0,1.0,10.0,4294967295.0,4294967295.0,1.0,0.01130821080634805,0.0118348467230237,626.0,0.0,-1.0,-1.0,0.9996862798937005,0.9695950480857485,0.0,0.023449721137260016,0.06921099214243107,0.09678782170299605
859.0,1.0,4.0,4294967295.0,4294967295.0,1.0,0.01130821080634805,0.0118348467230237,627.0,2.0,-1.0,-1.0,0.9996862798937005,0.9695950480857485,0.0,0.023449721137260016,0.06918998473864771,0.09676314247851048
860.0,1.0,7.0,4294967295.0,4294967295.0,1.0,0.01130821080634805,0.011834846723023693,628.0,2.0,-1.0,-1.0,0.9996862798937005,0.9695950480857485,0.0,0.023449721137260016,0.06916897733486435,0.09673846097521085
861.0,1.0,7.0,4294967295.0,4294967295.0,1.0,0.01130821080634805,0.011834846723023693,629.0,1.0,-1.0,-1.0,0.9996862798937005,0.9695950480857485,0.0,0.023449721137260016,0.069147969931081,0.0967137771915775
862.0,1.0,7.0,4294967295.0,4294967295.0,1.0,0.011308210806348057,0.011834846723023693,630.0,1.0,-1.0,-1.0,0.9996862798937005,0.9695950480857485,0.0,0.023449721137260016,0.06912696252729765,0.09668909112608964
863.0,1.0,9.0,4294967295.0,4294967295.0,1.0,0.011308210806348064,0.0118348467230237,631.0,0.0,-1.0,-1.0,0.9996862798937005,0.9695950480857485,0.0,0.023449721137260016,0.0691059551235143,0.09666440277722557
864.0,1.0,4.0,4294967295.0,4294967295.0,1.0,0.011308210806348064,0.0118348467230237,632.0,0.0,-1.0,-1.0,0.9996862798937005,0.9695950480857485,0.0,0.023449721137260016,0.06908494771973095,0.09663971214346248
865.0,1.0,8.0,4294967295.0,4294967295.0,1.0,0.011308210806348064,0.0118348467230237,633.0,2.0,-1.0,-1.0,0.9996862798937005,0.9695950480857485,0.0,0.023449721137260016,0.06906394031594759,0.09661501922327662
866.0,1.0,15.0,4294967295.0,4294967295.0,1.0,0.011308210806348064,0.011834846723023706,634.0,2.0,-1.0,-1.0,0.9996862798937005,0.9695950480857485,0.0,0.023449721137260016,0.06904293291216425,0.0965903240151432
867.0,1.0,8.0,4294967295.0,4294967295.0,1.0,0.01130821080634807,0.0118348467230237,635.0,0.0,-1.0,-1.0,0.9996862798937005,0.9695950480857485,0.0,0.023449721137260016,0.0690219255083809,0.09656562651753642
868.0,1.0,9.0,4294967295.0,4294967295.0,1.0,0.011308210806348078,0.0118348467230237,636.0,0.0,-1.0,-1.0,0.9996862798937005,0.9695950480857485,0.0,0.023449721137260016,0.06900091810459755,0.09654092672892944
869.0,1.0,8.0,4294967295.0,4294967295.0,1.0,0.011308210806348078,0.011834846723023706,637.0,1.0,-1.0,-1.0,0.9996862798937005,0.9695950480857485,0.0,0.023449721137260016,0.06897991070081419,0.09651622464779441
870.0,1.0,7.0,4294967295.0,4294967295.0,1.0,0.011308210806348078,0.011834846723023713,638.0,0.0,-1.0,-1.0,0.9996862798937005,0.9695950480857485,0.0,0.023449721137260016,0.06895890329703083,0.09649152027260252
871.0,1.0,6.0,4294967295.0,4294967295.0,1.0,0.011308210806348078,0.01183484672302372,639.0,1.0,-1.0,-1.0,0.9996862798937005,0.9695950480857485,0.0,0.023449721137260016,0.06893789589324748,0.09646681360182385
872.0,1.0,7.0,4294967295.0,4294967295.0,1.0,0.011308210806348085,0.01183484672302372,640.0,0.0,-1.0,-1.0,0.9996862798937005,0.9695950480857485,0.0,0.023449721137260016,0.06891688848946413,0.0964421046339275
873.0,1.0,7.0,4294967295.0,4294967295.0,1.0,0.011308210806348092,0.011834846723023727,641.0,1.0,-1.0,-1.0,0.9996862798937005,0.9695950480857485,0.0,0.023449721137260016,0.06889588108568077,0.09641739336738153
874.0,1.0,5.0,4294967295.0,4294967295.0,1.0,0.011308210806348092,0.01183484672302372,642.0,1.0,-1.0,-1.0,0.9996862798937005,0.9695950480857485,0.0,0.023449721137260016,0.06887487368189743,0.09639267980065302
875.0,1.0,9.0,4294967295.0,4294967295.0,1.0,0.011308210806348098,0.01183484672302372,643.0,1.0,-1.0,-1.0,0.9996862798937005,0.9695950480857485,0.0,0.023449721137260016,0.06885386627811407,0.09636796393220803
876.0,1.0,6.0,4294967295.0,4294967295.0,1.0,0.011308210806348098,0.01183484672302372,644.0,0.0,-1.0,-1.0,0.9996862798937005,0.9695950480857485,0.0,0.023449721137260016,0.06883285887433072,0.09634324576051151
877.0,1.0,3.0,4294967295.0,4294967295.0,1.0,0.011308210806348105,0.01183484672302372,645.0,2.0,-1.0,-1.0,0.9996862798937005,0.9695950480857485,0.0,0.023449721137260016,0.06881185147054739,0.09631852528402748
878.0,1.0,4.0,4294967295.0,4294967295.0,1.0,0.011308210806348112,0.011834846723023727,646.0,0.0,-1.0,-1.0,0.9996862798937005,0.9695950480857485,0.0,0.023449721137260016,0.06879084406676403,0.09629380250121891
879.0,1.0,5.0,4294967295.0,4294967295.0,1.0,0.01130821080634812,0.011834846723023727,647.0,0.0,-1.0,-1.0,0.9996862798937005,0.9695950480857485,0.0,0.023449721137260016,0.0687698366629807,0.09626907741054772
880.0,1.0,6.0,4294967295.0,4294967295.0,1.0,0.011308210806348126,0.011834846723023734,648.0,1.0,-1.0,-1.0,0.9996862798937005,0.9695950480857485,0.0,0.023449721137260016,0.06874882925919734,0.09624435001047482
881.0,1.0,7.0,4294967295.0,4294967295.0,1.0,0.011308210806348126,0.011834846723023734,649.0,1.0,-1.0,-1.0,0.9996862798937005,0.9695950480857485,0.0,0.023449721137260016,0.06872782185541398,0.0962196202994601
882.0,1.0,7.0,4294967295.0,4294967295.0,1.0,0.011308210806348133,0.011834846723023727,650.0,0.0,-1.0,-1.0,0.9996862798937005,0.9695950480857485,0.0,0.023449721137260016,0.06870681445163063,0.09619488827596245
883.0,1.0,7.0,4294967295.0,4294967295.0,1.0,0.01130821080634814,0.011834846723023734,651.0,0.0,-1.0,-1.0,0.9996862798937005,0.9695950480857485,0.0,0.023449721137260016,0.06868580704784727,0.09617015393843967
884.0,1.0,4.0,4294967295.0,4294967295.0,1.0,0.011308210806348147,0.011834846723023734,652.0,0.0,-1.0,-1.0,0.9996862798937005,0.9695950480857485,0.0,0.023449721137260016,0.06866479964406394,0.09614541728534859
885.0,1.0,4.0,4294967295.0,4294967295.0,1.0,0.011308210806348154,0.011834846723023741,653.0,0.0,-1.0,-1.0,0.9996862798937005,0.9695950480857485,0.0,0.023449721137260016,0.06864379224028058,0.09612067831514493
886.0,1.0,3.0,4294967295.0,4294967295.0,1.0,0.011308210806348154,0.011834846723023741,654.0,0.0,-1.0,-1.0,0.9996862798937005,0.9695950480857485,0.0,0.023449721137260016,0.06862278483649722,0.09609593702628347
887.0,1.0,6.0,4294967295.0,4294967295.0,1.0,0.011308210806348154,0.011834846723023748,655.0,0.0,-1.0,-1.0,0.9996862798937005,0.9695950480857485,0.0,0.023449721137260016,0.06860177743271387,0.09607119341721793
888.0,1.0,2.0,4294967295.0,4294967295.0,1.0,0.011308210806348154,0.011834846723023748,656.0,0.0,-1.0,-1.0,0.9996862798937005,0.9695950480857485,0.0,0.023449721137260016,0.06858077002893052,0.09604644748640095
889.0,1.0,9.0,4294967295.0,4294967295.0,1.0,0.011308210806348161,0.011834846723023741,657.0,0.0,-1.0,-1.0,0.9996862798937005,0.9695950480857485,0.0,0.023449721137260016,0.06855976262514718,0.09602169923228424
890.0,1.0,7.0,4294967295.0,4294967295.0,1.0,0.011308210806348175,0.011834846723023748,658.0,0.0,-1.0,-1.0,0.9996862798937005,0.9695950480857485,0.0,0.023449721137260016,0.06853875522136384,0.09599694865331837
891.0,1.0,6.0,4294967295.0,4294967295.0,1.0,0.011308210806348175,0.011834846723023748,659.0,2.0,-1.0,-1.0,0.9996862798937005,0.9695950480857485,0.0,0.023449721137260016,0.06851774781758048,0.09597219574795296
892.0,1.0,6.0,4294967295.0,4294967295.0,1.0,0.011308210806348175,0.011834846723023755,660.0,0.0,-1.0,-1.0,0.9996862798937005,0.9695950480857485,0.0,0.023449721137260016,0.06849674041379712,0.09594744051463652
893.0,1.0,6.0,4294967295.0,4294967295.0,1.0,0.011308210806348175,0.011834846723023755,661.0,0.0,-1.0,-1.0,0.9996862798937005,0.9695950480857485,0.0,0.023449721137260016,0.06847573301001376,0.0959226829518166
894.0,1.0,4.0,4294967295.0,4294967295.0,1.0,0.011308210806348182,0.011834846723023762,662.0,0.0,-1.0,-1.0,0.9996862798937005,0.9695950480857485,0.0,0.023449721137260016,0.06845472560623042,0.09589792305793965
895.0,1.0,9.0,4294967295.0,4294967295.0,1.0,0.011308210806348189,0.011834846723023762,663.0,1.0,-1.0,-1.0,0.9996862798937005,0.9695950480857485,0.0,0.023449721137260016,0.06843371820244706,0.09587316083145114
896.0,1.0,6.0,4294967295.0,4294967295.0,1.0,0.011308210806348189,0.011834846723023755,664.0,1.0,-1.0,-1.0,0.9996862798937005,0.9695950480857485,0.0,0.023449721137260016,0.0684127107986637,0.09584839627079544
897.0,1.0,6.0,4294967295.0,4294967295.0,1.0,0.011308210806348196,0.011834846723023755,665.0,0.0,-1.0,-1.0,0.9996862798937005,0.9695950480857485,0.0,0.023449721137260016,0.06839170339488035,0.09582362937441594
898.0,1.0,8.0,4294967295.0,4294967295.0,1.0,0.011308210806348196,0.011834846723023755,666.0,0.0,-1.0,-1.0,0.9996862798937005,0.9695950480857485,0.0,0.023449721137260016,0.068370695991097,0.095798860140755
899.0,1.0,4.0,4294967295.0,4294967295.0,1.0,0.011308210806348203,0.011834846723023755,667.0,0.0,-1.0,-1.0,0.9996862798937005,0.9695950480857485,0.0,0.023449721137260016,0.06834968858731366,0.0957740885682539
900.0,1.0,6.0,4294967295.0,4294967295.0,1.0,0.01130821080634821,0.011834846723023755,668.0,0.0,-1.0,-1.0,0.9996862798937005,0.9695950480857485,0.0,0.023449721137260016,0.06832868118353032,0.09574931465535286
901.0,1.0,3.0,4294967295.0,4294967295.0,1.0,0.01130821080634821,0.011834846723023755,669.0,1.0,-1.0,-1.0,0.9996862798937005,0.9695950480857485,0.0,0.023449721137260016,0.06830767377974697,0.09572453840049111
902.0,1.0,2.0,4294967295.0,4294967295.0,1.0,0.01130821080634821,0.011834846723023755,670.0,1.0,-1.0,-1.0,0.9996862798937005,0.9695950480857485,0.0,0.023449721137260016,0.06828666637596362,0.09569975980210682
903.0,1.0,7.0,4294967295.0,4294967295.0,1.0,0.01130821080634821,0.011834846723023755,671.0,0.0,-1.0,-1.0,0.9996862798937005,0.9695950480857485,0.0,0.023449721137260016,0.06826565897218026,0.09567497885863716
904.0,1.0,6.0,4294967295.0,4294967295.0,1.0,0.011308210806348216,0.011834846723023755,672.0,1.0,-1.0,-1.0,0.9996862798937005,0.9695950480857485,0.0,0.023449721137260016,0.0682446515683969,0.09565019556851817
905.0,1.0,9.0,4294967295.0,4294967295.0,1.0,0.011308210806348223,0.011834846723023755,673.0,1.0,-1.0,-1.0,0.9996862798937005,0.9695950480857485,0.0,0.023449721137260016,0.06822364416461354,0.09562540993018492
906.0,1.0,8.0,4294967295.0,4294967295.0,1.0,0.011308210806348223,0.011834846723023755,674.0,0.0,-1.0,-1.0,0.9996862798937005,0.9695950480857485,0.0,0.023449721137260016,0.0682026367608302,0.09560062194207139
907.0,1.0,4.0,4294967295.0,4294967295.0,1.0,0.01130821080634823,0.011834846723023762,675.0,0.0,-1.0,-1.0,0.9996862798937005,0.9695950480857485,0.0,0.023449721137260016,0.06818162935704684,0.09557583160261057
908.0,1.0,9.0,4294967295.0,4294967295.0,1.0,0.01130821080634823,0.011834846723023769,676.0,1.0,-1.0,-1.0,0.9996862798937005,0.9695950480857485,0.0,0.023449721137260016,0.06816062195326349,0.09555103891023434
909.0,1.0,10.0,4294967295.0,4294967295.0,1.0,0.01130821080634823,0.011834846723023776,677.0,0.0,-1.0,-1.0,0.9996862798937005,0.9695950480857485,0.0,0.023449721137260016,0.06813961454948013,0.09552624386337358
910.0,1.0,6.0,4294967295.0,4294967295.0,1.0,0.01130821080634823,0.011834846723023776,678.0,0.0,-1.0,-1.0,0.9996862798937005,0.9695950480857485,0.0,0.023449721137260016,0.06811860714569679,0.09550144646045813
911.0,1.0,5.0,4294967295.0,4294967295.0,1.0,0.011308210806348237,0.011834846723023776,679.0,0.0,-1.0,-1.0,0.9996862798937005,0.9695950480857485,0.0,0.023449721137260016,0.06809759974191344,0.09547664669991673
912.0,1.0,11.0,4294967295.0,4294967295.0,1.0,0.011308210806348244,0.011834846723023776,680.0,2.0,-1.0,-1.0,0.9996862798937005,0.9695950480857485,0.0,0.023449721137260016,0.0680765923381301,0.09545184458017714
913.0,1.0,9.0,4294967295.0,4294967295.0,1.0,0.011308210806348251,0.011834846723023776,681.0,1.0,-1.0,-1.0,0.9996862798937005,0.9695950480857485,0.0,0.023449721137260016,0.06805558493434674,0.09542704009966599
914.0,1.0,5.0,4294967295.0,4294967295.0,1.0,0.011308210806348251,0.011834846723023776,682.0,0.0,-1.0,-1.0,0.9996862798937005,0.9695950480857485,0.0,0.023449721137260016,0.06803457753056338,0.09540223325680894
915.0,1.0,9.0,4294967295.0,4294967295.0,1.0,0.011308210806348251,0.011834846723023776,683.0,0.0,-1.0,-1.0,0.9996862798937005,0.9695950480857485,0.0,0.023449721137260016,0.06801357012678003,0.09537742405003055
916.0,1.0,8.0,4294967295.0,4294967295.0,1.0,0.011308210806348251,0.011834846723023783,684.0,0.0,-1.0,-1.0,0.9996862798937005,0.9695950480857485,0.0,0.023449721137260016,0.06799256272299667,0.09535261247775437
917.0,1.0,5.0,4294967295.0,4294967295.0,1.0,0.011308210806348258,0.011834846723023783,685.0,0.0,-1.0,-1.0,0.9996862798937005,0.9695950480857485,0.0,0.023449721137260016,0.06797155531921331,0.09532779853840287
918.0,1.0,5.0,4294967295.0,4294967295.0,1.0,0.011308210806348258,0.01183484672302379,686.0,0.0,-1.0,-1.0,0.9996862798937005,0.9695950480857485,0.0,0.023449721137260016,0.06795054791542997,0.09530298223039749
919.0,1.0,4.0,4294967295.0,4294967295.0,1.0,0.011308210806348265,0.011834846723023783,687.0,1.0,-1.0,-1.0,0.9996862798937005,0.9695950480857485,0.0,0.023449721137260016,0.06792954051164661,0.09527816355215857
920.0,1.0,5.0,4294967295.0,4294967295.0,1.0,0.011308210806348265,0.011834846723023783,688.0,1.0,-1.0,-1.0,0.9996862798937005,0.9695950480857485,0.0,0.023449721137260016,0.06790853310786325,0.0952533425021054
921.0,1.0,9.0,4294967295.0,4294967295.0,1.0,0.011308210806348272,0.01183484672302379,689.0,0.0,-1.0,-1.0,0.9996862798937005,0.9695950480857485,0.0,0.023449721137260016,0.06788752570407991,0.09522851907865632
922.0,1.0,6.0,4294967295.0,4294967295.0,1.0,0.011308210806348279,0.01183484672302379,690.0,0.0,-1.0,-1.0,0.9996862798937005,0.9695950480857485,0.0,0.023449721137260016,0.06786651830029657,0.09520369328022849
923.0,1.0,5.0,4294967295.0,4294967295.0,1.0,0.011308210806348279,0.011834846723023797,691.0,0.0,-1.0,-1.0,0.9996862798937005,0.9695950480857485,0.0,0.023449721137260016,0.06784551089651322,0.09517886510523807
924.0,1.0,7.0,4294967295.0,4294967295.0,1.0,0.011308210806348286,0.011834846723023797,692.0,1.0,-1.0,-1.0,0.9996862798937005,0.9695950480857485,0.0,0.023449721137260016,0.06782450349272987,0.09515403455210017
925.0,1.0,8.0,4294967295.0,4294967295.0,1.0,0.011308210806348286,0.011834846723023804,693.0,0.0,-1.0,-1.0,0.9996862798937005,0.9695950480857485,0.0,0.023449721137260016,0.06780349608894651,0.0951292016192288
926.0,1.0,5.0,4294967295.0,4294967295.0,1.0,0.011308210806348293,0.011834846723023797,694.0,0.0,-1.0,-1.0,0.9996862798937005,0.9695950480857485,0.0,0.023449721137260016,0.06778248868516318,0.09510436630503696
927.0,1.0,5.0,4294967295.0,4294967295.0,1.0,0.0113082108063483,0.011834846723023797,695.0,1.0,-1.0,-1.0,0.9996862798937005,0.9695950480857485,0.0,0.023449721137260016,0.06776148128137982,0.09507952860793659
928.0,1.0,3.0,4294967295.0,4294967295.0,1.0,0.0113082108063483,0.011834846723023804,696.0,0.0,-1.0,-1.0,0.9996862798937005,0.9695950480857485,0.0,0.023449721137260016,0.06774047387759646,0.0950546885263385
929.0,1.0,4.0,4294967295.0,4294967295.0,1.0,0.011308210806348307,0.011834846723023804,697.0,0.0,-1.0,-1.0,0.9996862798937005,0.9695950480857485,0.0,0.023449721137260016,0.0677194664738131,0.09502984605865256
930.0,1.0,1.0,4294967295.0,4294967295.0,1.0,0.011308210806348307,0.01183484672302381,698.0,1.0,-1.0,-1.0,0.9996862798937005,0.9695950480857485,0.0,0.023449721137260016,0.06769845907002975,0.09500500120328748
931.0,1.0,4.0,4294967295.0,4294967295.0,1.0,0.011308210806348314,0.01183484672302381,699.0,1.0,-1.0,-1.0,0.9996862798937005,0.9695950480857485,0.0,0.023449721137260016,0.0676774516662464,0.09498015395865098
932.0,1.0,10.0,4294967295.0,4294967295.0,1.0,0.01130821080634832,0.011834846723023817,700.0,0.0,-1.0,-1.0,0.9996862798937005,0.9695950480857485,0.0,0.023449721137260016,0.06765644426246305,0.09495530432314961
933.0,1.0,8.0,4294967295.0,4294967295.0,1.0,0.01130821080634832,0.011834846723023817,701.0,1.0,-1.0,-1.0,0.9996862798937005,0.9695950480857485,0.0,0.023449721137260016,0.0676354368586797,0.09493045229518898
934.0,1.0,8.0,4294967295.0,4294967295.0,1.0,0.011308210806348327,0.01183484672302381,702.0,0.0,-1.0,-1.0,0.9996862798937005,0.9695950480857485,0.0,0.023449721137260016,0.06761442945489635,0.09490559787317357
935.0,1.0,5.0,4294967295.0,4294967295.0,1.0,0.011308210806348327,0.011834846723023817,703.0,2.0,-1.0,-1.0,0.9996862798937005,0.9695950480857485,0.0,0.023449721137260016,0.067593422051113,0.09488074105550684
936.0,1.0,8.0,4294967295.0,4294967295.0,1.0,0.011308210806348334,0.011834846723023817,704.0,1.0,-1.0,-1.0,0.9996862798937005,0.9695950480857485,0.0,0.023449721137260016,0.06757241464732966,0.09485588184059116
937.0,1.0,9.0,4294967295.0,4294967295.0,1.0,0.011308210806348341,0.011834846723023824,705.0,0.0,-1.0,-1.0,0.9996862798937005,0.9695950480857485,0.0,0.023449721137260016,0.0675514072435463,0.09483102022682777
938.0,1.0,4.0,4294967295.0,4294967295.0,1.0,0.011308210806348348,0.011834846723023824,706.0,0.0,-1.0,-1.0,0.9996862798937005,0.9695950480857485,0.0,0.023449721137260016,0.06753039983976297,0.09480615621261693
939.0,1.0,9.0,4294967295.0,4294967295.0,1.0,0.011308210806348355,0.011834846723023824,707.0,1.0,-1.0,-1.0,0.9996862798937005,0.9695950480857485,0.0,0.023449721137260016,0.06750939243597961,0.09478128979635783
940.0,1.0,8.0,4294967295.0,4294967295.0,1.0,0.011308210806348355,0.011834846723023831,708.0,0.0,-1.0,-1.0,0.9996862798937005,0.9695950480857485,0.0,0.023449721137260016,0.06748838503219626,0.09475642097644854
941.0,1.0,6.0,4294967295.0,4294967295.0,1.0,0.011308210806348355,0.011834846723023824,709.0,0.0,-1.0,-1.0,0.9996862798937005,0.9695950480857485,0.0,0.023449721137260016,0.0674673776284129,0.09473154975128614
942.0,1.0,7.0,4294967295.0,4294967295.0,1.0,0.011308210806348362,0.011834846723023831,710.0,0.0,-1.0,-1.0,0.9996862798937005,0.9695950480857485,0.0,0.023449721137260016,0.06744637022462954,0.09470667611926656
943.0,1.0,7.0,4294967295.0,4294967295.0,1.0,0.011308210806348369,0.011834846723023831,711.0,0.0,-1.0,-1.0,0.9996862798937005,0.9695950480857485,0.0,0.023449721137260016,0.0674253628208462,0.09468180007878466
944.0,1.0,3.0,4294967295.0,4294967295.0,1.0,0.011308210806348376,0.011834846723023831,712.0,0.0,-1.0,-1.0,0.9996862798937005,0.9695950480857485,0.0,0.023449721137260016,0.06740435541706286,0.09465692162823433
945.0,1.0,3.0,4294967295.0,4294967295.0,1.0,0.011308210806348376,0.011834846723023838,713.0,0.0,-1.0,-1.0,0.9996862798937005,0.9695950480857485,0.0,0.023449721137260016,0.0673833480132795,0.09463204076600831
946.0,1.0,3.0,4294967295.0,4294967295.0,1.0,0.011308210806348376,0.011834846723023845,714.0,0.0,-1.0,-1.0,0.9996862798937005,0.9695950480857485,0.0,0.023449721137260016,0.06736234060949614,0.09460715749049825
947.0,1.0,4.0,4294967295.0,4294967295.0,1.0,0.011308210806348376,0.011834846723023852,715.0,0.0,-1.0,-1.0,0.9996862798937005,0.9695950480857485,0.0,0.023449721137260016,0.0673413332057128,0.09458227180009479
948.0,1.0,6.0,4294967295.0,4294967295.0,1.0,0.01130821080634839,0.011834846723023845,716.0,0.0,-1.0,-1.0,0.9996862798937005,0.9695950480857485,0.0,0.023449721137260016,0.06732032580192945,0.09455738369318742
949.0,1.0,6.0,4294967295.0,4294967295.0,1.0,0.011308210806348397,0.011834846723023852,717.0,0.0,-1.0,-1.0,0.9996862798937005,0.9695950480857485,0.0,0.023449721137260016,0.0672993183981461,0.09453249316816462
950.0,1.0,6.0,4294967295.0,4294967295.0,1.0,0.011308210806348397,0.011834846723023852,718.0,0.0,-1.0,-1.0,0.9996862798937005,0.9695950480857485,0.0,0.023449721137260016,0.06727831099436275,0.09450760022341378
951.0,1.0,5.0,4294967295.0,4294967295.0,1.0,0.011308210806348404,0.011834846723023852,719.0,1.0,-1.0,-1.0,0.9996862798937005,0.9695950480857485,0.0,0.023449721137260016,0.0672573035905794,0.09448270485732124
952.0,1.0,5.0,4294967295.0,4294967295.0,1.0,0.011308210806348404,0.011834846723023852,720.0,1.0,-1.0,-1.0,0.9996862798937005,0.9695950480857485,0.0,0.023449721137260016,0.06723629618679604,0.0944578070682722
953.0,1.0,12.0,4294967295.0,4294967295.0,1.0,0.01130821080634841,0.011834846723023852,721.0,0.0,-1.0,-1.0,0.9996862798937005,0.9695950480857485,0.0,0.023449721137260016,0.0672152887830127,0.0944329068546508
954.0,1.0,7.0,4294967295.0,4294967295.0,1.0,0.011308210806348418,0.011834846723023859,722.0,1.0,-1.0,-1.0,0.9996862798937005,0.9695950480857485,0.0,0.023449721137260016,0.06719428137922934,0.09440800421484016
955.0,1.0,6.0,4294967295.0,4294967295.0,1.0,0.011308210806348418,0.011834846723023859,723.0,0.0,-1.0,-1.0,0.9996862798937005,0.9695950480857485,0.0,0.023449721137260016,0.06717327397544598,0.09438309914722226
956.0,1.0,6.0,4294967295.0,4294967295.0,1.0,0.011308210806348425,0.011834846723023859,724.0,0.0,-1.0,-1.0,0.9996862798937005,0.9695950480857485,0.0,0.023449721137260016,0.06715226657166264,0.09435819165017803
957.0,1.0,4.0,4294967295.0,4294967295.0,1.0,0.011308210806348425,0.011834846723023859,725.0,0.0,-1.0,-1.0,0.9996862798937005,0.9695950480857485,0.0,0.023449721137260016,0.06713125916787929,0.09433328172208733
958.0,1.0,9.0,4294967295.0,4294967295.0,1.0,0.011308210806348432,0.011834846723023859,726.0,1.0,-1.0,-1.0,0.9996862798937005,0.9695950480857485,0.0,0.023449721137260016,0.06711025176409595,0.09430836936132889
959.0,1.0,5.0,4294967295.0,4294967295.0,1.0,0.011308210806348439,0.011834846723023866,727.0,1.0,-1.0,-1.0,0.9996862798937005,0.9695950480857485,0.0,0.023449721137260016,0.0670892443603126,0.09428345456628037
960.0,1.0,11.0,4294967295.0,4294967295.0,1.0,0.011308210806348439,0.011834846723023873,728.0,2.0,-1.0,-1.0,0.9996862798937005,0.9695950480857485,0.0,0.023449721137260016,0.06706823695652925,0.09425853733531842
961.0,1.0,8.0,4294967295.0,4294967295.0,1.0,0.011308210806348445,0.01183484672302388,729.0,0.0,-1.0,-1.0,0.9996862798937005,0.9695950480857485,0.0,0.023449721137260016,0.06704722955274589,0.09423361766681854
962.0,1.0,6.0,4294967295.0,4294967295.0,1.0,0.011308210806348445,0.01183484672302388,730.0,3.0,-1.0,-1.0,0.9996862798937005,0.9695950480857485,0.0,0.023449721137260016,0.06702622214896253,0.09420869555915515
963.0,1.0,7.0,4294967295.0,4294967295.0,1.0,0.011308210806348445,0.01183484672302388,731.0,0.0,-1.0,-1.0,0.9996862798937005,0.9695950480857485,0.0,0.023449721137260016,0.06700521474517918,0.0941837710107016
964.0,1.0,6.0,4294967295.0,4294967295.0,1.0,0.011308210806348452,0.01183484672302388,732.0,0.0,-1.0,-1.0,0.9996862798937005,0.9695950480857485,0.0,0.023449721137260016,0.06698420734139582,0.09415884401983016
965.0,1.0,9.0,4294967295.0,4294967295.0,1.0,0.011308210806348452,0.01183484672302388,733.0,0.0,-1.0,-1.0,0.9996862798937005,0.9695950480857485,0.0,0.023449721137260016,0.06696319993761247,0.09413391458491202
966.0,1.0,8.0,4294967295.0,4294967295.0,1.0,0.01130821080634846,0.011834846723023887,734.0,1.0,-1.0,-1.0,0.9996862798937005,0.9695950480857485,0.0,0.023449721137260016,0.06694219253382912,0.09410898270431728
967.0,1.0,11.0,4294967295.0,4294967295.0,1.0,0.01130821080634846,0.011834846723023887,735.0,0.0,-1.0,-1.0,0.9996862798937005,0.9695950480857485,0.0,0.023449721137260016,0.06692118513004577,0.09408404837641493
968.0,1.0,5.0,4294967295.0,4294967295.0,1.0,0.011308210806348466,0.011834846723023894,736.0,0.0,-1.0,-1.0,0.9996862798937005,0.9695950480857485,0.0,0.023449721137260016,0.06690017772626242,0.09405911159957286
969.0,1.0,9.0,4294967295.0,4294967295.0,1.0,0.011308210806348466,0.011834846723023894,737.0,2.0,-1.0,-1.0,0.9996862798937005,0.9695950480857485,0.0,0.023449721137260016,0.06687917032247906,0.09403417237215794
970.0,1.0,6.0,4294967295.0,4294967295.0,1.0,0.011308210806348473,0.0118348467230239,738.0,0.0,-1.0,-1.0,0.9996862798937005,0.9695950480857485,0.0,0.023449721137260016,0.06685816291869573,0.09400923069253589
971.0,1.0,5.0,4294967295.0,4294967295.0,1.0,0.01130821080634848,0.011834846723023894,739.0,0.0,-1.0,-1.0,0.9996862798937005,0.9695950480857485,0.0,0.023449721137260016,0.06683715551491237,0.09398428655907134
972.0,1.0,7.0,4294967295.0,4294967295.0,1.0,0.01130821080634848,0.011834846723023894,740.0,0.0,-1.0,-1.0,0.9996862798937005,0.9695950480857485,0.0,0.023449721137260016,0.06681614811112901,0.0939593399701279
973.0,1.0,5.0,4294967295.0,4294967295.0,1.0,0.01130821080634848,0.0118348467230239,741.0,1.0,-1.0,-1.0,0.9996862798937005,0.9695950480857485,0.0,0.023449721137260016,0.06679514070734566,0.09393439092406802
974.0,1.0,6.0,4294967295.0,4294967295.0,1.0,0.01130821080634848,0.0118348467230239,742.0,1.0,-1.0,-1.0,0.9996862798937005,0.9695950480857485,0.0,0.023449721137260016,0.0667741333035623,0.09390943941925306
975.0,1.0,6.0,4294967295.0,4294967295.0,1.0,0.011308210806348487,0.0118348467230239,743.0,0.0,-1.0,-1.0,0.9996862798937005,0.9695950480857485,0.0,0.023449721137260016,0.06675312589977897,0.09388448545404329
976.0,1.0,6.0,4294967295.0,4294967295.0,1.0,0.011308210806348494,0.0118348467230239,744.0,0.0,-1.0,-1.0,0.9996862798937005,0.9695950480857485,0.0,0.023449721137260016,0.06673211849599561,0.09385952902679795
977.0,1.0,5.0,4294967295.0,4294967295.0,1.0,0.011308210806348494,0.0118348467230239,745.0,1.0,-1.0,-1.0,0.9996862798937005,0.9695950480857485,0.0,0.023449721137260016,0.06671111109221226,0.09383457013587512
978.0,1.0,7.0,4294967295.0,4294967295.0,1.0,0.011308210806348501,0.0118348467230239,746.0,0.0,-1.0,-1.0,0.9996862798937005,0.9695950480857485,0.0,0.023449721137260016,0.0666901036884289,0.09380960877963176
979.0,1.0,11.0,4294967295.0,4294967295.0,1.0,0.011308210806348501,0.0118348467230239,747.0,3.0,-1.0,-1.0,0.9996862798937005,0.9695950480857485,0.0,0.023449721137260016,0.06666909628464554,0.09378464495642383
980.0,1.0,12.0,4294967295.0,4294967295.0,1.0,0.011308210806348508,0.011834846723023908,748.0,1.0,-1.0,-1.0,0.9996862798937005,0.9695950480857485,0.0,0.023449721137260016,0.06664808888086221,0.0937596786646061
981.0,1.0,8.0,4294967295.0,4294967295.0,1.0,0.011308210806348515,0.011834846723023908,749.0,0.0,-1.0,-1.0,0.9996862798937005,0.9695950480857485,0.0,0.023449721137260016,0.06662708147707885,0.09373470990253227
982.0,1.0,5.0,4294967295.0,4294967295.0,1.0,0.011308210806348515,0.011834846723023908,750.0,0.0,-1.0,-1.0,0.9996862798937005,0.9695950480857485,0.0,0.023449721137260016,0.06660607407329552,0.093709738668555
983.0,1.0,7.0,4294967295.0,4294967295.0,1.0,0.011308210806348529,0.011834846723023915,751.0,0.0,-1.0,-1.0,0.9996862798937005,0.9695950480857485,0.0,0.023449721137260016,0.06658506666951217,0.09368476496102579
984.0,1.0,5.0,4294967295.0,4294967295.0,1.0,0.011308210806348529,0.011834846723023922,752.0,0.0,-1.0,-1.0,0.9996862798937005,0.9695950480857485,0.0,0.023449721137260016,0.06656405926572881,0.09365978877829506
985.0,1.0,4.0,4294967295.0,4294967295.0,1.0,0.011308210806348536,0.011834846723023928,753.0,0.0,-1.0,-1.0,0.9996862798937005,0.9695950480857485,0.0,0.023449721137260016,0.06654305186194547,0.09363481011871208
986.0,1.0,5.0,4294967295.0,4294967295.0,1.0,0.011308210806348543,0.011834846723023922,754.0,1.0,-1.0,-1.0,0.9996862798937005,0.9695950480857485,0.0,0.023449721137260016,0.06652204445816211,0.09360982898062511
987.0,1.0,6.0,4294967295.0,4294967295.0,1.0,0.011308210806348543,0.011834846723023928,755.0,0.0,-1.0,-1.0,0.9996862798937005,0.9695950480857485,0.0,0.023449721137260016,0.06650103705437876,0.09358484536238129
988.0,1.0,7.0,4294967295.0,4294967295.0,1.0,0.01130821080634855,0.011834846723023928,756.0,1.0,-1.0,-1.0,0.9996862798937005,0.9695950480857485,0.0,0.023449721137260016,0.0664800296505954,0.09355985926232657
989.0,1.0,5.0,4294967295.0,4294967295.0,1.0,0.01130821080634855,0.011834846723023928,757.0,0.0,-1.0,-1.0,0.9996862798937005,0.9695950480857485,0.0,0.023449721137260016,0.06645902224681205,0.09353487067880586
990.0,1.0,5.0,4294967295.0,4294967295.0,1.0,0.01130821080634855,0.011834846723023928,758.0,1.0,-1.0,-1.0,0.9996862798937005,0.9695950480857485,0.0,0.023449721137260016,0.06643801484302869,0.093509879610163
991.0,1.0,6.0,4294967295.0,4294967295.0,1.0,0.011308210806348556,0.011834846723023928,759.0,0.0,-1.0,-1.0,0.9996862798937005,0.9695950480857485,0.0,0.023449721137260016,0.06641700743924533,0.09348488605474062
992.0,1.0,2.0,4294967295.0,4294967295.0,1.0,0.011308210806348563,0.011834846723023935,760.0,2.0,-1.0,-1.0,0.9996862798937005,0.9695950480857485,0.0,0.023449721137260016,0.066396000035462,0.0934598900108804
993.0,1.0,8.0,4294967295.0,4294967295.0,1.0,0.01130821080634857,0.011834846723023928,761.0,2.0,-1.0,-1.0,0.9996862798937005,0.9695950480857485,0.0,0.023449721137260016,0.06637499263167865,0.0934348914769228
994.0,1.0,10.0,4294967295.0,4294967295.0,1.0,0.01130821080634857,0.011834846723023935,762.0,0.0,-1.0,-1.0,0.9996862798937005,0.9695950480857485,0.0,0.023449721137260016,0.0663539852278953,0.0934098904512072
995.0,1.0,3.0,4294967295.0,4294967295.0,1.0,0.01130821080634857,0.011834846723023935,763.0,2.0,-1.0,-1.0,0.9996862798937005,0.9695950480857485,0.0,0.023449721137260016,0.06633297782411196,0.09338488693207189
996.0,1.0,9.0,4294967295.0,4294967295.0,1.0,0.011308210806348577,0.011834846723023935,764.0,3.0,-1.0,-1.0,0.9996862798937005,0.9695950480857485,0.0,0.023449721137260016,0.0663119704203286,0.093359880917854
997.0,1.0,7.0,4294967295.0,4294967295.0,1.0,0.011308210806348584,0.011834846723023942,765.0,0.0,-1.0,-1.0,0.9996862798937005,0.9695950480857485,0.0,0.023449721137260016,0.06629096301654525,0.09333487240688959
998.0,1.0,6.0,4294967295.0,4294967295.0,1.0,0.011308210806348591,0.01183484672302395,766.0,1.0,-1.0,-1.0,0.9996862798937005,0.9695950480857485,0.0,0.023449721137260016,0.06626995561276189,0.09330986139751365
999.0,1.0,8.0,4294967295.0,4294967295.0,1.0,0.011308210806348591,0.011834846723023956,767.0,0.0,-1.0,-1.0,0.9996862798937005,0.9695950480857485,0.0,0.023449721137260016,0.06624894820897854,0.09328484788805996
1000.0,1.0,9.0,4294967295.0,4294967295.0,1.0,0.011308210806348598,0.01183484672302395,768.0,0.0,-1.0,-1.0,0.9996862798937005,0.9695950480857485,0.0,0.023449721137260016,0.06622794080519519,0.0932598318768613
1001.0,1.0,3.0,4294967295.0,4294967295.0,1.0,0.011308210806348598,0.01183484672302395,769.0,0.0,-1.0,-1.0,0.9996862798937005,0.9695950480857485,0.0,0.023449721137260016,0.06620693340141183,0.09323481336224926
1002.0,1.0,3.0,4294967295.0,4294967295.0,1.0,0.011308210806348605,0.01183484672302395,770.0,1.0,-1.0,-1.0,0.9996862798937005,0.9695950480857485,0.0,0.023449721137260016,0.06618592599762849,0.09320979234255433
1003.0,1.0,7.0,4294967295.0,4294967295.0,1.0,0.011308210806348612,0.01183484672302395,771.0,0.0,-1.0,-1.0,0.9996862798937005,0.9695950480857485,0.0,0.023449721137260016,0.06616491859384513,0.0931847688161059
1004.0,1.0,8.0,4294967295.0,4294967295.0,1.0,0.011308210806348612,0.011834846723023956,772.0,0.0,-1.0,-1.0,0.9996862798937005,0.9695950480857485,0.0,0.023449721137260016,0.0661439111900618,0.09315974278123226
1005.0,1.0,8.0,4294967295.0,4294967295.0,1.0,0.011308210806348619,0.011834846723023956,773.0,1.0,-1.0,-1.0,0.9996862798937005,0.9695950480857485,0.0,0.023449721137260016,0.06612290378627844,0.09313471423626057
1006.0,1.0,8.0,4294967295.0,4294967295.0,1.0,0.011308210806348619,0.011834846723023963,774.0,0.0,-1.0,-1.0,0.9996862798937005,0.9695950480857485,0.0,0.023449721137260016,0.06610189638249508,0.09310968317951684
1007.0,1.0,7.0,4294967295.0,4294967295.0,1.0,0.011308210806348626,0.011834846723023963,775.0,0.0,-1.0,-1.0,0.9996862798937005,0.9695950480857485,0.0,0.023449721137260016,0.06608088897871175,0.09308464960932603
1008.0,1.0,3.0,4294967295.0,4294967295.0,1.0,0.011308210806348633,0.011834846723023963,776.0,1.0,-1.0,-1.0,0.9996862798937005,0.9695950480857485,0.0,0.023449721137260016,0.0660598815749284,0.09305961352401193
1009.0,1.0,1.0,4294967295.0,4294967295.0,1.0,0.011308210806348633,0.011834846723023963,777.0,0.0,-1.0,-1.0,0.9996862798937005,0.9695950480857485,0.0,0.023449721137260016,0.06603887417114504,0.09303457492189726
1010.0,1.0,4.0,4294967295.0,4294967295.0,1.0,0.01130821080634864,0.011834846723023963,778.0,0.0,-1.0,-1.0,0.9996862798937005,0.9695950480857485,0.0,0.023449721137260016,0.06601786676736168,0.09300953380130358
1011.0,1.0,7.0,4294967295.0,4294967295.0,1.0,0.01130821080634864,0.01183484672302397,779.0,0.0,-1.0,-1.0,0.9996862798937005,0.9695950480857485,0.0,0.023449721137260016,0.06599685936357833,0.09298449016055133
1012.0,1.0,7.0,4294967295.0,4294967295.0,1.0,0.011308210806348647,0.01183484672302397,780.0,1.0,-1.0,-1.0,0.9996862798937005,0.9695950480857485,0.0,0.023449721137260016,0.06597585195979498,0.09295944399795986
1013.0,1.0,11.0,4294967295.0,4294967295.0,1.0,0.011308210806348654,0.01183484672302397,781.0,0.0,-1.0,-1.0,0.9996862798937005,0.9695950480857485,0.0,0.023449721137260016,0.06595484455601162,0.09293439531184736
1014.0,1.0,7.0,4294967295.0,4294967295.0,1.0,0.011308210806348654,0.01183484672302397,782.0,1.0,-1.0,-1.0,0.9996862798937005,0.9695950480857485,0.0,0.023449721137260016,0.06593383715222828,0.09290934410053095
1015.0,1.0,4.0,4294967295.0,4294967295.0,1.0,0.01130821080634866,0.011834846723023963,783.0,1.0,-1.0,-1.0,0.9996862798937005,0.9695950480857485,0.0,0.023449721137260016,0.06591282974844492,0.0928842903623266
1016.0,1.0,2.0,4294967295.0,4294967295.0,1.0,0.01130821080634866,0.01183484672302397,784.0,1.0,-1.0,-1.0,0.9996862798937005,0.9695950480857485,0.0,0.023449721137260016,0.06589182234466158,0.09285923409554916
1017.0,1.0,9.0,4294967295.0,4294967295.0,1.0,0.011308210806348667,0.01183484672302397,785.0,0.0,-1.0,-1.0,0.9996862798937005,0.9695950480857485,0.0,0.023449721137260016,0.06587081494087824,0.09283417529851232
1018.0,1.0,5.0,4294967295.0,4294967295.0,1.0,0.011308210806348674,0.011834846723023977,786.0,0.0,-1.0,-1.0,0.9996862798937005,0.9695950480857485,0.0,0.023449721137260016,0.06584980753709488,0.0928091139695287
1019.0,1.0,6.0,4294967295.0,4294967295.0,1.0,0.011308210806348681,0.011834846723023977,787.0,1.0,-1.0,-1.0,0.9996862798937005,0.9695950480857485,0.0,0.023449721137260016,0.06582880013331155,0.0927840501069098
1020.0,1.0,4.0,4294967295.0,4294967295.0,1.0,0.011308210806348688,0.011834846723023977,788.0,2.0,-1.0,-1.0,0.9996862798937005,0.9695950480857485,0.0,0.023449721137260016,0.06580779272952819,0.0927589837089659
1021.0,1.0,7.0,4294967295.0,4294967295.0,1.0,0.011308210806348688,0.011834846723023984,789.0,1.0,-1.0,-1.0,0.9996862798937005,0.9695950480857485,0.0,0.023449721137260016,0.06578678532574483,0.09273391477400625
1022.0,1.0,9.0,4294967295.0,4294967295.0,1.0,0.011308210806348688,0.011834846723023991,790.0,0.0,-1.0,-1.0,0.9996862798937005,0.9695950480857485,0.0,0.023449721137260016,0.06576577792196148,0.09270884330033896
1023.0,1.0,7.0,4294967295.0,4294967295.0,1.0,0.011308210806348695,0.011834846723023991,791.0,1.0,-1.0,-1.0,0.9996862798937005,0.9695950480857485,0.0,0.023449721137260016,0.06574477051817812,0.09268376928627098
1024.0,1.0,6.0,4294967295.0,4294967295.0,1.0,0.011308210806348702,0.011834846723023991,792.0,0.0,-1.0,-1.0,0.9996862798937005,0.9695950480857485,0.0,0.023449721137260016,0.06572376311439478,0.09265869273010816
1025.0,1.0,4.0,4294967295.0,4294967295.0,1.0,0.011308210806348709,0.011834846723023998,793.0,1.0,-1.0,-1.0,0.9996862798937005,0.9695950480857485,0.0,0.023449721137260016,0.06570275571061142,0.09263361363015521
1026.0,1.0,7.0,4294967295.0,4294967295.0,1.0,0.011308210806348709,0.011834846723023998,794.0,0.0,-1.0,-1.0,0.9996862798937005,0.9695950480857485,0.0,0.023449721137260016,0.06568174830682807,0.09260853198471566
1027.0,1.0,13.0,4294967295.0,4294967295.0,1.0,0.011308210806348716,0.011834846723023998,795.0,0.0,-1.0,-1.0,0.9996862798937005,0.9695950480857485,0.0,0.023449721137260016,0.06566074090304472,0.09258344779209196
1028.0,1.0,4.0,4294967295.0,4294967295.0,1.0,0.011308210806348716,0.011834846723023998,796.0,0.0,-1.0,-1.0,0.9996862798937005,0.9695950480857485,0.0,0.023449721137260016,0.06563973349926137,0.09255836105058546
1029.0,1.0,9.0,4294967295.0,4294967295.0,1.0,0.011308210806348723,0.011834846723023998,797.0,0.0,-1.0,-1.0,0.9996862798937005,0.9695950480857485,0.0,0.023449721137260016,0.06561872609547803,0.09253327175849635
1030.0,1.0,5.0,4294967295.0,4294967295.0,1.0,0.01130821080634873,0.011834846723023998,798.0,0.0,-1.0,-1.0,0.9996862798937005,0.9695950480857485,0.0,0.023449721137260016,0.06559771869169467,0.0925081799141236
1031.0,1.0,7.0,4294967295.0,4294967295.0,1.0,0.01130821080634873,0.011834846723023998,799.0,0.0,-1.0,-1.0,0.9996862798937005,0.9695950480857485,0.0,0.023449721137260016,0.06557671128791133,0.0924830855157652
1032.0,1.0,6.0,4294967295.0,4294967295.0,1.0,0.011308210806348737,0.011834846723024005,800.0,0.0,-1.0,-1.0,0.9996862798937005,0.9695950480857485,0.0,0.023449721137260016,0.06555570388412797,0.09245798856171786
1033.0,1.0,2.0,4294967295.0,4294967295.0,1.0,0.011308210806348737,0.011834846723024005,801.0,1.0,-1.0,-1.0,0.9996862798937005,0.9695950480857485,0.0,0.023449721137260016,0.06553469648034461,0.09243288905027724
1034.0,1.0,8.0,4294967295.0,4294967295.0,1.0,0.011308210806348744,0.011834846723024005,802.0,0.0,-1.0,-1.0,0.9996862798937005,0.9695950480857485,0.0,0.023449721137260016,0.06551368907656127,0.09240778697973787
1035.0,1.0,1.0,4294967295.0,4294967295.0,1.0,0.01130821080634875,0.011834846723024012,803.0,1.0,-1.0,-1.0,0.9996862798937005,0.9695950480857485,0.0,0.023449721137260016,0.06549268167277791,0.09238268234839309
1036.0,1.0,5.0,4294967295.0,4294967295.0,1.0,0.01130821080634875,0.011834846723024019,804.0,0.0,-1.0,-1.0,0.9996862798937005,0.9695950480857485,0.0,0.023449721137260016,0.06547167426899456,0.09235757515453513
1037.0,1.0,6.0,4294967295.0,4294967295.0,1.0,0.011308210806348758,0.011834846723024026,805.0,0.0,-1.0,-1.0,0.9996862798937005,0.9695950480857485,0.0,0.023449721137260016,0.0654506668652112,0.0923324653964551
1038.0,1.0,4.0,4294967295.0,4294967295.0,1.0,0.011308210806348758,0.011834846723024019,806.0,0.0,-1.0,-1.0,0.9996862798937005,0.9695950480857485,0.0,0.023449721137260016,0.06542965946142786,0.09230735307244292
1039.0,1.0,5.0,4294967295.0,4294967295.0,1.0,0.011308210806348758,0.011834846723024026,807.0,2.0,-1.0,-1.0,0.9996862798937005,0.9695950480857485,0.0,0.023449721137260016,0.06540865205764451,0.0922822381807874
1040.0,1.0,4.0,4294967295.0,4294967295.0,1.0,0.011308210806348765,0.011834846723024026,808.0,1.0,-1.0,-1.0,0.9996862798937005,0.9695950480857485,0.0,0.023449721137260016,0.06538764465386115,0.09225712071977621
1041.0,1.0,4.0,4294967295.0,4294967295.0,1.0,0.011308210806348772,0.011834846723024026,809.0,0.0,-1.0,-1.0,0.9996862798937005,0.9695950480857485,0.0,0.023449721137260016,0.06536663725007782,0.09223200068769591
1042.0,1.0,12.0,4294967295.0,4294967295.0,1.0,0.011308210806348779,0.011834846723024026,810.0,0.0,-1.0,-1.0,0.9996862798937005,0.9695950480857485,0.0,0.023449721137260016,0.06534562984629447,0.09220687808283182
1043.0,1.0,4.0,4294967295.0,4294967295.0,1.0,0.011308210806348779,0.011834846723024026,811.0,0.0,-1.0,-1.0,0.9996862798937005,0.9695950480857485,0.0,0.023449721137260016,0.06532462244251111,0.09218175290346822
1044.0,1.0,3.0,4294967295.0,4294967295.0,1.0,0.011308210806348779,0.011834846723024026,812.0,0.0,-1.0,-1.0,0.9996862798937005,0.9695950480857485,0.0,0.023449721137260016,0.06530361503872775,0.09215662514788822
1045.0,1.0,5.0,4294967295.0,4294967295.0,1.0,0.011308210806348785,0.011834846723024019,813.0,0.0,-1.0,-1.0,0.9996862798937005,0.9695950480857485,0.0,0.023449721137260016,0.0652826076349444,0.09213149481437374
1046.0,1.0,1.0,4294967295.0,4294967295.0,1.0,0.011308210806348785,0.011834846723024026,814.0,0.0,-1.0,-1.0,0.9996862798937005,0.9695950480857485,0.0,0.023449721137260016,0.06526160023116105,0.09210636190120558
1047.0,1.0,4.0,4294967295.0,4294967295.0,1.0,0.011308210806348792,0.011834846723024026,815.0,0.0,-1.0,-1.0,0.9996862798937005,0.9695950480857485,0.0,0.023449721137260016,0.0652405928273777,0.09208122640666341
1048.0,1.0,5.0,4294967295.0,4294967295.0,1.0,0.011308210806348792,0.011834846723024026,816.0,0.0,-1.0,-1.0,0.9996862798937005,0.9695950480857485,0.0,0.023449721137260016,0.06521958542359435,0.09205608832902573
1049.0,1.0,8.0,4294967295.0,4294967295.0,1.0,0.0113082108063488,0.011834846723024033,817.0,0.0,-1.0,-1.0,0.9996862798937005,0.9695950480857485,0.0,0.023449721137260016,0.065198578019811,0.09203094766656991
1050.0,1.0,5.0,4294967295.0,4294967295.0,1.0,0.0113082108063488,0.011834846723024033,818.0,0.0,-1.0,-1.0,0.9996862798937005,0.9695950480857485,0.0,0.023449721137260016,0.06517757061602764,0.09200580441757217
1051.0,1.0,4.0,4294967295.0,4294967295.0,1.0,0.011308210806348806,0.011834846723024033,819.0,1.0,-1.0,-1.0,0.9996862798937005,0.9695950480857485,0.0,0.023449721137260016,0.0651565632122443,0.09198065858030757
1052.0,1.0,6.0,4294967295.0,4294967295.0,1.0,0.011308210806348813,0.011834846723024026,820.0,0.0,-1.0,-1.0,0.9996862798937005,0.9695950480857485,0.0,0.023449721137260016,0.06513555580846095,0.09195551015305001
1053.0,1.0,4.0,4294967295.0,4294967295.0,1.0,0.01130821080634882,0.011834846723024019,821.0,0.0,-1.0,-1.0,0.9996862798937005,0.9695950480857485,0.0,0.023449721137260016,0.0651145484046776,0.0919303591340723
1054.0,1.0,6.0,4294967295.0,4294967295.0,1.0,0.01130821080634882,0.011834846723024026,822.0,0.0,-1.0,-1.0,0.9996862798937005,0.9695950480857485,0.0,0.023449721137260016,0.06509354100089425,0.091905205521646
1055.0,1.0,7.0,4294967295.0,4294967295.0,1.0,0.01130821080634882,0.011834846723024026,823.0,0.0,-1.0,-1.0,0.9996862798937005,0.9695950480857485,0.0,0.023449721137260016,0.06507253359711089,0.09188004931404159
1056.0,1.0,1.0,4294967295.0,4294967295.0,1.0,0.011308210806348827,0.011834846723024033,824.0,0.0,-1.0,-1.0,0.9996862798937005,0.9695950480857485,0.0,0.023449721137260016,0.06505152619332755,0.09185489050952836
1057.0,1.0,4.0,4294967295.0,4294967295.0,1.0,0.011308210806348834,0.011834846723024033,825.0,2.0,-1.0,-1.0,0.9996862798937005,0.9695950480857485,0.0,0.023449721137260016,0.06503051878954419,0.09182972910637444
1058.0,1.0,7.0,4294967295.0,4294967295.0,1.0,0.011308210806348834,0.011834846723024033,826.0,0.0,-1.0,-1.0,0.9996862798937005,0.9695950480857485,0.0,0.023449721137260016,0.06500951138576083,0.0918045651028469
1059.0,1.0,5.0,4294967295.0,4294967295.0,1.0,0.011308210806348841,0.01183484672302404,827.0,1.0,-1.0,-1.0,0.9996862798937005,0.9695950480857485,0.0,0.023449721137260016,0.06498850398197747,0.0917793984972115
1060.0,1.0,10.0,4294967295.0,4294967295.0,1.0,0.011308210806348841,0.01183484672302404,828.0,0.0,-1.0,-1.0,0.9996862798937005,0.9695950480857485,0.0,0.023449721137260016,0.06496749657819412,0.09175422928773294
1061.0,1.0,4.0,4294967295.0,4294967295.0,1.0,0.011308210806348848,0.011834846723024046,829.0,0.0,-1.0,-1.0,0.9996862798937005,0.9695950480857485,0.0,0.023449721137260016,0.06494648917441079,0.09172905747267479
1062.0,1.0,8.0,4294967295.0,4294967295.0,1.0,0.011308210806348855,0.011834846723024046,830.0,2.0,-1.0,-1.0,0.9996862798937005,0.9695950480857485,0.0,0.023449721137260016,0.06492548177062743,0.09170388305029936
1063.0,1.0,4.0,4294967295.0,4294967295.0,1.0,0.011308210806348855,0.011834846723024053,831.0,0.0,-1.0,-1.0,0.9996862798937005,0.9695950480857485,0.0,0.023449721137260016,0.06490447436684409,0.09167870601886793
1064.0,1.0,3.0,4294967295.0,4294967295.0,1.0,0.011308210806348862,0.011834846723024053,832.0,0.0,-1.0,-1.0,0.9996862798937005,0.9695950480857485,0.0,0.023449721137260016,0.06488346696306074,0.09165352637664045
1065.0,1.0,6.0,4294967295.0,4294967295.0,1.0,0.011308210806348869,0.011834846723024053,833.0,1.0,-1.0,-1.0,0.9996862798937005,0.9695950480857485,0.0,0.023449721137260016,0.06486245955927739,0.09162834412187593
1066.0,1.0,5.0,4294967295.0,4294967295.0,1.0,0.011308210806348876,0.011834846723024053,834.0,1.0,-1.0,-1.0,0.9996862798937005,0.9695950480857485,0.0,0.023449721137260016,0.06484145215549404,0.091603159252832
1067.0,1.0,3.0,4294967295.0,4294967295.0,1.0,0.011308210806348883,0.011834846723024046,835.0,0.0,-1.0,-1.0,0.9996862798937005,0.9695950480857485,0.0,0.023449721137260016,0.06482044475171068,0.09157797176776525
1068.0,1.0,10.0,4294967295.0,4294967295.0,1.0,0.011308210806348883,0.011834846723024053,836.0,1.0,-1.0,-1.0,0.9996862798937005,0.9695950480857485,0.0,0.023449721137260016,0.06479943734792734,0.09155278166493108
1069.0,1.0,4.0,4294967295.0,4294967295.0,1.0,0.01130821080634889,0.011834846723024053,837.0,0.0,-1.0,-1.0,0.9996862798937005,0.9695950480857485,0.0,0.023449721137260016,0.06477842994414398,0.09152758894258378
1070.0,1.0,8.0,4294967295.0,4294967295.0,1.0,0.01130821080634889,0.01183484672302406,838.0,0.0,-1.0,-1.0,0.9996862798937005,0.9695950480857485,0.0,0.023449721137260016,0.06475742254036063,0.09150239359897638
1071.0,1.0,8.0,4294967295.0,4294967295.0,1.0,0.01130821080634889,0.01183484672302406,839.0,1.0,-1.0,-1.0,0.9996862798937005,0.9695950480857485,0.0,0.023449721137260016,0.06473641513657727,0.09147719563236079
1072.0,1.0,5.0,4294967295.0,4294967295.0,1.0,0.011308210806348896,0.01183484672302406,840.0,0.0,-1.0,-1.0,0.9996862798937005,0.9695950480857485,0.0,0.023449721137260016,0.06471540773279391,0.0914519950409878
1073.0,1.0,8.0,4294967295.0,4294967295.0,1.0,0.011308210806348903,0.011834846723024067,841.0,0.0,-1.0,-1.0,0.9996862798937005,0.9695950480857485,0.0,0.023449721137260016,0.06469440032901058,0.0914267918231069
1074.0,1.0,2.0,4294967295.0,4294967295.0,1.0,0.01130821080634891,0.011834846723024074,842.0,0.0,-1.0,-1.0,0.9996862798937005,0.9695950480857485,0.0,0.023449721137260016,0.06467339292522722,0.09140158597696657
1075.0,1.0,7.0,4294967295.0,4294967295.0,1.0,0.01130821080634891,0.011834846723024074,843.0,0.0,-1.0,-1.0,0.9996862798937005,0.9695950480857485,0.0,0.023449721137260016,0.06465238552144387,0.09137637750081404
1076.0,1.0,6.0,4294967295.0,4294967295.0,1.0,0.01130821080634891,0.011834846723024074,844.0,0.0,-1.0,-1.0,0.9996862798937005,0.9695950480857485,0.0,0.023449721137260016,0.06463137811766052,0.0913511663928954
1077.0,1.0,7.0,4294967295.0,4294967295.0,1.0,0.01130821080634891,0.011834846723024081,845.0,0.0,-1.0,-1.0,0.9996862798937005,0.9695950480857485,0.0,0.023449721137260016,0.06461037071387717,0.09132595265145552
1078.0,1.0,11.0,4294967295.0,4294967295.0,1.0,0.011308210806348917,0.011834846723024081,846.0,0.0,-1.0,-1.0,0.9996862798937005,0.9695950480857485,0.0,0.023449721137260016,0.06458936331009382,0.09130073627473814
1079.0,1.0,2.0,4294967295.0,4294967295.0,1.0,0.011308210806348924,0.011834846723024081,847.0,0.0,-1.0,-1.0,0.9996862798937005,0.9695950480857485,0.0,0.023449721137260016,0.06456835590631047,0.09127551726098582
1080.0,1.0,5.0,4294967295.0,4294967295.0,1.0,0.011308210806348924,0.011834846723024081,848.0,1.0,-1.0,-1.0,0.9996862798937005,0.9695950480857485,0.0,0.023449721137260016,0.06454734850252711,0.09125029560843997
1081.0,1.0,9.0,4294967295.0,4294967295.0,1.0,0.011308210806348931,0.011834846723024081,849.0,1.0,-1.0,-1.0,0.9996862798937005,0.9695950480857485,0.0,0.023449721137260016,0.06452634109874375,0.0912250713153408
1082.0,1.0,10.0,4294967295.0,4294967295.0,1.0,0.011308210806348931,0.011834846723024074,850.0,0.0,-1.0,-1.0,0.9996862798937005,0.9695950480857485,0.0,0.023449721137260016,0.06450533369496039,0.09119984437992734
1083.0,1.0,4.0,4294967295.0,4294967295.0,1.0,0.011308210806348938,0.011834846723024074,851.0,0.0,-1.0,-1.0,0.9996862798937005,0.9695950480857485,0.0,0.023449721137260016,0.06448432629117706,0.09117461480043748
1084.0,1.0,4.0,4294967295.0,4294967295.0,1.0,0.011308210806348945,0.011834846723024081,852.0,1.0,-1.0,-1.0,0.9996862798937005,0.9695950480857485,0.0,0.023449721137260016,0.0644633188873937,0.09114938257510793
1085.0,1.0,8.0,4294967295.0,4294967295.0,1.0,0.011308210806348945,0.011834846723024081,853.0,1.0,-1.0,-1.0,0.9996862798937005,0.9695950480857485,0.0,0.023449721137260016,0.06444231148361035,0.09112414770217417
1086.0,1.0,3.0,4294967295.0,4294967295.0,1.0,0.011308210806348952,0.011834846723024081,854.0,0.0,-1.0,-1.0,0.9996862798937005,0.9695950480857485,0.0,0.023449721137260016,0.064421304079827,0.09109891017987057
1087.0,1.0,0.0,4294967295.0,4294967295.0,1.0,0.011308210806348952,0.011834846723024088,855.0,0.0,-1.0,-1.0,0.867541277643506,0.06874293104515919,0.0,0.023449721137260016,0.06382386837681661,0.084221869054627
1088.0,1.0,0.0,4294967295.0,4294967295.0,2.0,0.011308210806348945,0.011834846723024088,856.0,0.0,-1.0,-1.0,0.014204893595178028,0.008388570143134403,0.0,0.023449721137260016,0.03995845212071731,0.06429012980850533
1090.0,2.0,9.0,4294967295.0,4294967295.0,1.0,0.011306725418901223,0.011834207443670391,857.0,1.0,-1.0,-1.0,0.9955323450155331,0.9642134337326946,25.0,0.023449721137260016,0.064332334835945,0.09078162283606597
1091.0,1.0,5.0,4294967295.0,4294967295.0,1.0,0.011306725418901223,0.011834207443670391,858.0,2.0,-1.0,-1.0,0.9996861627522755,0.9696073927532233,0.0,0.023449721137260016,0.06431478956829559,0.0909716512500966
1092.0,1.0,10.0,4294967295.0,4294967295.0,1.0,0.011306725418901216,0.011834207443670398,859.0,2.0,-1.0,-1.0,0.9996862798906989,0.9695950477501876,0.0,0.023449721137260016,0.0642937742694739,0.09094640386442476
1093.0,1.0,11.0,4294967295.0,4294967295.0,1.0,0.011306725418901223,0.011834207443670391,860.0,1.0,-1.0,-1.0,0.9996862798937005,0.9695950480767503,0.0,0.023449721137260016,0.06427276686589004,0.09092114774715027
1094.0,1.0,8.0,4294967295.0,4294967295.0,1.0,0.01130672541890123,0.011834207443670398,861.0,0.0,-1.0,-1.0,0.9996862798937005,0.969595048085752,0.0,0.023449721137260016,0.06425175946211245,0.09089588896618268
1095.0,1.0,6.0,4294967295.0,4294967295.0,1.0,0.01130672541890123,0.011834207443670398,862.0,1.0,-1.0,-1.0,0.9996862798937005,0.9695950480857485,0.0,0.023449721137260016,0.0642307520583291,0.09087062751990127
1096.0,1.0,8.0,4294967295.0,4294967295.0,1.0,0.011306725418901237,0.011834207443670398,863.0,2.0,-1.0,-1.0,0.9996862798937005,0.9695950480857485,0.0,0.023449721137260016,0.06420974465454574,0.09084536340652852
1097.0,1.0,5.0,4294967295.0,4294967295.0,1.0,0.011306725418901237,0.011834207443670391,864.0,1.0,-1.0,-1.0,0.9996862798937005,0.9695950480857485,0.0,0.023449721137260016,0.06418873725076238,0.09082009662428579
1098.0,1.0,5.0,4294967295.0,4294967295.0,1.0,0.011306725418901237,0.011834207443670391,865.0,0.0,-1.0,-1.0,0.9996862798937005,0.9695950480857485,0.0,0.023449721137260016,0.06416772984697904,0.09079482717139326
1099.0,1.0,11.0,4294967295.0,4294967295.0,1.0,0.011306725418901237,0.011834207443670398,866.0,1.0,-1.0,-1.0,0.9996862798937005,0.9695950480857485,0.0,0.023449721137260016,0.06414672244319569,0.09076955504606987
1100.0,1.0,6.0,4294967295.0,4294967295.0,1.0,0.01130672541890125,0.011834207443670398,867.0,1.0,-1.0,-1.0,0.9996862798937005,0.9695950480857485,0.0,0.023449721137260016,0.06412571503941235,0.09074428024653344
1101.0,1.0,7.0,4294967295.0,4294967295.0,1.0,0.011306725418901258,0.011834207443670405,868.0,1.0,-1.0,-1.0,0.9996862798937005,0.9695950480857485,0.0,0.023449721137260016,0.06410470763562899,0.09071900277100055
1102.0,1.0,6.0,4294967295.0,4294967295.0,1.0,0.011306725418901258,0.011834207443670405,869.0,0.0,-1.0,-1.0,0.9996862798937005,0.9695950480857485,0.0,0.023449721137260016,0.06408370023184563,0.09069372261768659
1103.0,1.0,6.0,4294967295.0,4294967295.0,1.0,0.011306725418901258,0.011834207443670405,870.0,1.0,-1.0,-1.0,0.9996862798937005,0.9695950480857485,0.0,0.023449721137260016,0.06406269282806228,0.0906684397848058
1104.0,1.0,9.0,4294967295.0,4294967295.0,1.0,0.011306725418901258,0.011834207443670405,871.0,0.0,-1.0,-1.0,0.9996862798937005,0.9695950480857485,0.0,0.023449721137260016,0.06404168542427892,0.0906431542705712
1105.0,1.0,8.0,4294967295.0,4294967295.0,1.0,0.011306725418901264,0.011834207443670405,872.0,0.0,-1.0,-1.0,0.9996862798937005,0.9695950480857485,0.0,0.023449721137260016,0.06402067802049557,0.09061786607319464
1106.0,1.0,5.0,4294967295.0,4294967295.0,1.0,0.011306725418901271,0.011834207443670412,873.0,0.0,-1.0,-1.0,0.9996862798937005,0.9695950480857485,0.0,0.023449721137260016,0.06399967061671222,0.09059257519088672
1107.0,1.0,6.0,4294967295.0,4294967295.0,1.0,0.011306725418901271,0.011834207443670412,874.0,2.0,-1.0,-1.0,0.9996862798937005,0.9695950480857485,0.0,0.023449721137260016,0.06397866321292886,0.09056728162185693
1108.0,1.0,8.0,4294967295.0,4294967295.0,1.0,0.011306725418901278,0.01183420744367042,875.0,1.0,-1.0,-1.0,0.9996862798937005,0.9695950480857485,0.0,0.023449721137260016,0.06395765580914552,0.09054198536431352
1109.0,1.0,6.0,4294967295.0,4294967295.0,1.0,0.011306725418901278,0.01183420744367042,876.0,1.0,-1.0,-1.0,0.9996862798937005,0.9695950480857485,0.0,0.023449721137260016,0.06393664840536217,0.09051668641646353
1110.0,1.0,8.0,4294967295.0,4294967295.0,1.0,0.011306725418901285,0.01183420744367042,877.0,2.0,-1.0,-1.0,0.9996862798937005,0.9695950480857485,0.0,0.023449721137260016,0.06391564100157883,0.09049138477651283
1111.0,1.0,6.0,4294967295.0,4294967295.0,1.0,0.011306725418901292,0.01183420744367042,878.0,1.0,-1.0,-1.0,0.9996862798937005,0.9695950480857485,0.0,0.023449721137260016,0.06389463359779549,0.09046608044266612
1112.0,1.0,9.0,4294967295.0,4294967295.0,1.0,0.0113067254189013,0.011834207443670412,879.0,1.0,-1.0,-1.0,0.9996862798937005,0.9695950480857485,0.0,0.023449721137260016,0.06387362619401213,0.09044077341312683
1113.0,1.0,6.0,4294967295.0,4294967295.0,1.0,0.011306725418901306,0.01183420744367042,880.0,0.0,-1.0,-1.0,0.9996862798937005,0.9695950480857485,0.0,0.023449721137260016,0.06385261879022877,0.09041546368609724
1114.0,1.0,4.0,4294967295.0,4294967295.0,1.0,0.011306725418901306,0.01183420744367042,881.0,0.0,-1.0,-1.0,0.9996862798937005,0.9695950480857485,0.0,0.023449721137260016,0.06383161138644541,0.09039015125977842
1115.0,1.0,5.0,4294967295.0,4294967295.0,1.0,0.011306725418901313,0.011834207443670426,882.0,0.0,-1.0,-1.0,0.9996862798937005,0.9695950480857485,0.0,0.023449721137260016,0.06381060398266208,0.09036483613237027
1116.0,1.0,6.0,4294967295.0,4294967295.0,1.0,0.01130672541890132,0.011834207443670426,883.0,0.0,-1.0,-1.0,0.9996862798937005,0.9695950480857485,0.0,0.023449721137260016,0.06378959657887873,0.09033951830207146
1117.0,1.0,4.0,4294967295.0,4294967295.0,1.0,0.011306725418901327,0.011834207443670426,884.0,1.0,-1.0,-1.0,0.9996862798937005,0.9695950480857485,0.0,0.023449721137260016,0.06376858917509537,0.09031419776707943
1118.0,1.0,6.0,4294967295.0,4294967295.0,1.0,0.011306725418901334,0.011834207443670433,885.0,1.0,-1.0,-1.0,0.9996862798937005,0.9695950480857485,0.0,0.023449721137260016,0.06374758177131201,0.09028887452559047
1119.0,1.0,6.0,4294967295.0,4294967295.0,1.0,0.011306725418901334,0.011834207443670433,886.0,2.0,-1.0,-1.0,0.9996862798937005,0.9695950480857485,0.0,0.023449721137260016,0.06372657436752865,0.09026354857579966
1120.0,1.0,6.0,4294967295.0,4294967295.0,1.0,0.011306725418901334,0.01183420744367044,887.0,0.0,-1.0,-1.0,0.9996862798937005,0.9695950480857485,0.0,0.023449721137260016,0.06370556696374531,0.09023821991590084
1121.0,1.0,7.0,4294967295.0,4294967295.0,1.0,0.011306725418901334,0.01183420744367044,888.0,1.0,-1.0,-1.0,0.9996862798937005,0.9695950480857485,0.0,0.023449721137260016,0.06368455955996197,0.09021288854408668
1122.0,1.0,3.0,4294967295.0,4294967295.0,1.0,0.01130672541890134,0.011834207443670447,889.0,2.0,-1.0,-1.0,0.9996862798937005,0.9695950480857485,0.0,0.023449721137260016,0.06366355215617862,0.09018755445854863
1123.0,1.0,5.0,4294967295.0,4294967295.0,1.0,0.011306725418901348,0.011834207443670447,890.0,0.0,-1.0,-1.0,0.9996862798937005,0.9695950480857485,0.0,0.023449721137260016,0.06364254475239528,0.09016221765747694
1124.0,1.0,4.0,4294967295.0,4294967295.0,1.0,0.011306725418901348,0.011834207443670447,891.0,1.0,-1.0,-1.0,0.9996862798937005,0.9695950480857485,0.0,0.023449721137260016,0.06362153734861192,0.09013687813906064
1125.0,1.0,10.0,4294967295.0,4294967295.0,1.0,0.011306725418901348,0.011834207443670447,892.0,1.0,-1.0,-1.0,0.9996862798937005,0.9695950480857485,0.0,0.023449721137260016,0.06360052994482857,0.0901115359014876
1126.0,1.0,3.0,4294967295.0,4294967295.0,1.0,0.011306725418901348,0.011834207443670447,893.0,0.0,-1.0,-1.0,0.9996862798937005,0.9695950480857485,0.0,0.023449721137260016,0.06357952254104521,0.0900861909429444
1127.0,1.0,2.0,4294967295.0,4294967295.0,1.0,0.011306725418901355,0.01183420744367044,894.0,0.0,-1.0,-1.0,0.9996862798937005,0.9695950480857485,0.0,0.023449721137260016,0.06355851513726185,0.09006084326161645
1128.0,1.0,6.0,4294967295.0,4294967295.0,1.0,0.011306725418901362,0.011834207443670447,895.0,0.0,-1.0,-1.0,0.9996862798937005,0.9695950480857485,0.0,0.023449721137260016,0.0635375077334785,0.090035492855688
1129.0,1.0,4.0,4294967295.0,4294967295.0,1.0,0.011306725418901362,0.011834207443670454,896.0,1.0,-1.0,-1.0,0.9996862798937005,0.9695950480857485,0.0,0.023449721137260016,0.06351650032969515,0.09001013972334204
1130.0,1.0,4.0,4294967295.0,4294967295.0,1.0,0.011306725418901369,0.01183420744367046,897.0,0.0,-1.0,-1.0,0.9996862798937005,0.9695950480857485,0.0,0.023449721137260016,0.06349549292591179,0.08998478386276032
1131.0,1.0,5.0,4294967295.0,4294967295.0,1.0,0.011306725418901369,0.01183420744367046,898.0,0.0,-1.0,-1.0,0.9996862798937005,0.9695950480857485,0.0,0.023449721137260016,0.06347448552212843,0.08995942527212343
1132.0,1.0,4.0,4294967295.0,4294967295.0,1.0,0.011306725418901376,0.011834207443670468,899.0,0.0,-1.0,-1.0,0.9996862798937005,0.9695950480857485,0.0,0.023449721137260016,0.06345347811834509,0.08993406394961072
1133.0,1.0,6.0,4294967295.0,4294967295.0,1.0,0.011306725418901382,0.011834207443670468,900.0,1.0,-1.0,-1.0,0.9996862798937005,0.9695950480857485,0.0,0.023449721137260016,0.06343247071456175,0.08990869989340033
1134.0,1.0,4.0,4294967295.0,4294967295.0,1.0,0.011306725418901382,0.01183420744367046,901.0,0.0,-1.0,-1.0,0.9996862798937005,0.9695950480857485,0.0,0.023449721137260016,0.0634114633107784,0.08988333310166918
1135.0,1.0,5.0,4294967295.0,4294967295.0,1.0,0.01130672541890139,0.01183420744367046,902.0,1.0,-1.0,-1.0,0.9996862798937005,0.9695950480857485,0.0,0.023449721137260016,0.06339045590699505,0.089857963572593
1136.0,1.0,5.0,4294967295.0,4294967295.0,1.0,0.01130672541890139,0.01183420744367046,903.0,1.0,-1.0,-1.0,0.9996862798937005,0.9695950480857485,0.0,0.023449721137260016,0.06336944850321169,0.08983259130434627
1137.0,1.0,4.0,4294967295.0,4294967295.0,1.0,0.011306725418901396,0.011834207443670468,904.0,1.0,-1.0,-1.0,0.9996862798937005,0.9695950480857485,0.0,0.023449721137260016,0.06334844109942836,0.08980721629510229
1138.0,1.0,6.0,4294967295.0,4294967295.0,1.0,0.011306725418901403,0.011834207443670468,905.0,2.0,-1.0,-1.0,0.9996862798937005,0.9695950480857485,0.0,0.023449721137260016,0.063327433695645,0.08978183854303311
1139.0,1.0,6.0,4294967295.0,4294967295.0,1.0,0.011306725418901403,0.011834207443670475,906.0,1.0,-1.0,-1.0,0.9996862798937005,0.9695950480857485,0.0,0.023449721137260016,0.06330642629186164,0.08975645804630955
1140.0,1.0,6.0,4294967295.0,4294967295.0,1.0,0.01130672541890141,0.011834207443670475,907.0,1.0,-1.0,-1.0,0.9996862798937005,0.9695950480857485,0.0,0.023449721137260016,0.06328541888807829,0.08973107480310126
1141.0,1.0,9.0,4294967295.0,4294967295.0,1.0,0.01130672541890141,0.011834207443670468,908.0,0.0,-1.0,-1.0,0.9996862798937005,0.9695950480857485,0.0,0.023449721137260016,0.06326441148429493,0.08970568881157662
1142.0,1.0,10.0,4294967295.0,4294967295.0,1.0,0.01130672541890141,0.011834207443670468,909.0,0.0,-1.0,-1.0,0.9996862798937005,0.9695950480857485,0.0,0.023449721137260016,0.06324340408051157,0.0896803000699028
1143.0,1.0,3.0,4294967295.0,4294967295.0,1.0,0.011306725418901417,0.011834207443670475,910.0,1.0,-1.0,-1.0,0.9996862798937005,0.9695950480857485,0.0,0.023449721137260016,0.06322239667672822,0.08965490857624575
1144.0,1.0,9.0,4294967295.0,4294967295.0,1.0,0.011306725418901424,0.011834207443670482,911.0,0.0,-1.0,-1.0,0.9996862798937005,0.9695950480857485,0.0,0.023449721137260016,0.06320138927294489,0.08962951432877023
1145.0,1.0,3.0,4294967295.0,4294967295.0,1.0,0.011306725418901431,0.011834207443670482,912.0,2.0,-1.0,-1.0,0.9996862798937005,0.9695950480857485,0.0,0.023449721137260016,0.06318038186916153,0.08960411732563973
1146.0,1.0,6.0,4294967295.0,4294967295.0,1.0,0.011306725418901431,0.011834207443670489,913.0,0.0,-1.0,-1.0,0.9996862798937005,0.9695950480857485,0.0,0.023449721137260016,0.06315937446537818,0.08957871756501656
1147.0,1.0,4.0,4294967295.0,4294967295.0,1.0,0.011306725418901438,0.011834207443670489,914.0,0.0,-1.0,-1.0,0.9996862798937005,0.9695950480857485,0.0,0.023449721137260016,0.06313836706159484,0.08955331504506175
1148.0,1.0,7.0,4294967295.0,4294967295.0,1.0,0.011306725418901438,0.011834207443670489,915.0,0.0,-1.0,-1.0,0.9996862798937005,0.9695950480857485,0.0,0.023449721137260016,0.06311735965781148,0.08952790976393517
1149.0,1.0,4.0,4294967295.0,4294967295.0,1.0,0.011306725418901445,0.011834207443670482,916.0,0.0,-1.0,-1.0,0.9996862798937005,0.9695950480857485,0.0,0.023449721137260016,0.06309635225402813,0.08950250171979539
1150.0,1.0,4.0,4294967295.0,4294967295.0,1.0,0.011306725418901452,0.011834207443670482,917.0,0.0,-1.0,-1.0,0.9996862798937005,0.9695950480857485,0.0,0.023449721137260016,0.06307534485024477,0.0894770909107998
1151.0,1.0,10.0,4294967295.0,4294967295.0,1.0,0.011306725418901452,0.011834207443670489,918.0,0.0,-1.0,-1.0,0.9996862798937005,0.9695950480857485,0.0,0.023449721137260016,0.06305433744646143,0.08945167733510455
1152.0,1.0,7.0,4294967295.0,4294967295.0,1.0,0.011306725418901459,0.011834207443670489,919.0,0.0,-1.0,-1.0,0.9996862798937005,0.9695950480857485,0.0,0.023449721137260016,0.06303333004267807,0.08942626099086454
1153.0,1.0,8.0,4294967295.0,4294967295.0,1.0,0.011306725418901459,0.011834207443670496,920.0,1.0,-1.0,-1.0,0.9996862798937005,0.9695950480857485,0.0,0.023449721137260016,0.06301232263889471,0.08940084187623348
1154.0,1.0,5.0,4294967295.0,4294967295.0,1.0,0.011306725418901466,0.011834207443670496,921.0,0.0,-1.0,-1.0,0.9996862798937005,0.9695950480857485,0.0,0.023449721137260016,0.06299131523511137,0.08937541998936381
1155.0,1.0,2.0,4294967295.0,4294967295.0,1.0,0.011306725418901473,0.011834207443670496,922.0,2.0,-1.0,-1.0,0.9996862798937005,0.9695950480857485,0.0,0.023449721137260016,0.06297030783132801,0.08934999532840676
1156.0,1.0,5.0,4294967295.0,4294967295.0,1.0,0.011306725418901473,0.011834207443670496,923.0,0.0,-1.0,-1.0,0.9996862798937005,0.9695950480857485,0.0,0.023449721137260016,0.06294930042754467,0.08932456789151233
1157.0,1.0,7.0,4294967295.0,4294967295.0,1.0,0.01130672541890148,0.011834207443670502,924.0,0.0,-1.0,-1.0,0.9996862798937005,0.9695950480857485,0.0,0.023449721137260016,0.06292829302376132,0.08929913767682929
1158.0,1.0,3.0,4294967295.0,4294967295.0,1.0,0.01130672541890148,0.011834207443670502,925.0,0.0,-1.0,-1.0,0.9996862798937005,0.9695950480857485,0.0,0.023449721137260016,0.06290728561997797,0.08927370468250513
1159.0,1.0,5.0,4294967295.0,4294967295.0,1.0,0.011306725418901493,0.011834207443670502,926.0,1.0,-1.0,-1.0,0.9996862798937005,0.9695950480857485,0.0,0.023449721137260016,0.06288627821619464,0.08924826890668616
1160.0,1.0,2.0,4294967295.0,4294967295.0,1.0,0.0113067254189015,0.01183420744367051,927.0,0.0,-1.0,-1.0,0.9996862798937005,0.9695950480857485,0.0,0.023449721137260016,0.06286527081241128,0.08922283034751745
1161.0,1.0,4.0,4294967295.0,4294967295.0,1.0,0.0113067254189015,0.011834207443670516,928.0,1.0,-1.0,-1.0,0.9996862798937005,0.9695950480857485,0.0,0.023449721137260016,0.06284426340862792,0.0891973890031428
1162.0,1.0,6.0,4294967295.0,4294967295.0,1.0,0.011306725418901507,0.011834207443670516,929.0,2.0,-1.0,-1.0,0.9996862798937005,0.9695950480857485,0.0,0.023449721137260016,0.06282325600484456,0.08917194487170475
1163.0,1.0,13.0,4294967295.0,4294967295.0,1.0,0.011306725418901507,0.011834207443670516,930.0,0.0,-1.0,-1.0,0.9996862798937005,0.9695950480857485,0.0,0.023449721137260016,0.0628022486010612,0.08914649795134465
1164.0,1.0,4.0,4294967295.0,4294967295.0,1.0,0.011306725418901507,0.01183420744367051,931.0,0.0,-1.0,-1.0,0.9996862798937005,0.9695950480857485,0.0,0.023449721137260016,0.06278124119727785,0.08912104824020262
1165.0,1.0,7.0,4294967295.0,4294967295.0,1.0,0.011306725418901514,0.01183420744367051,932.0,0.0,-1.0,-1.0,0.9996862798937005,0.9695950480857485,0.0,0.023449721137260016,0.06276023379349449,0.08909559573641751
1166.0,1.0,9.0,4294967295.0,4294967295.0,1.0,0.011306725418901514,0.011834207443670516,933.0,0.0,-1.0,-1.0,0.9996862798937005,0.9695950480857485,0.0,0.023449721137260016,0.06273922638971115,0.08907014043812694
1167.0,1.0,7.0,4294967295.0,4294967295.0,1.0,0.011306725418901521,0.011834207443670523,934.0,2.0,-1.0,-1.0,0.9996862798937005,0.9695950480857485,0.0,0.023449721137260016,0.06271821898592779,0.0890446823434673
1168.0,1.0,7.0,4294967295.0,4294967295.0,1.0,0.011306725418901521,0.01183420744367053,935.0,0.0,-1.0,-1.0,0.9996862798937005,0.9695950480857485,0.0,0.023449721137260016,0.06269721158214445,0.08901922145057371
1169.0,1.0,5.0,4294967295.0,4294967295.0,1.0,0.011306725418901528,0.01183420744367053,936.0,0.0,-1.0,-1.0,0.9996862798937005,0.9695950480857485,0.0,0.023449721137260016,0.06267620417836109,0.08899375775758009
1170.0,1.0,9.0,4294967295.0,4294967295.0,1.0,0.011306725418901528,0.011834207443670537,937.0,0.0,-1.0,-1.0,0.9996862798937005,0.9695950480857485,0.0,0.023449721137260016,0.06265519677457775,0.08896829126261903
1171.0,1.0,8.0,4294967295.0,4294967295.0,1.0,0.011306725418901535,0.01183420744367053,938.0,0.0,-1.0,-1.0,0.9996862798937005,0.9695950480857485,0.0,0.023449721137260016,0.0626341893707944,0.08894282196382194
1172.0,1.0,9.0,4294967295.0,4294967295.0,1.0,0.011306725418901542,0.01183420744367053,939.0,0.0,-1.0,-1.0,0.9996862798937005,0.9695950480857485,0.0,0.023449721137260016,0.06261318196701104,0.088917349859319
1173.0,1.0,3.0,4294967295.0,4294967295.0,1.0,0.011306725418901542,0.01183420744367053,940.0,0.0,-1.0,-1.0,0.9996862798937005,0.9695950480857485,0.0,0.023449721137260016,0.06259217456322769,0.08889187494723909
1174.0,1.0,3.0,4294967295.0,4294967295.0,1.0,0.011306725418901549,0.01183420744367053,941.0,0.0,-1.0,-1.0,0.9996862798937005,0.9695950480857485,0.0,0.023449721137260016,0.06257116715944434,0.08886639722570988
1175.0,1.0,4.0,4294967295.0,4294967295.0,1.0,0.011306725418901556,0.011834207443670537,942.0,1.0,-1.0,-1.0,0.9996862798937005,0.9695950480857485,0.0,0.023449721137260016,0.06255015975566099,0.08884091669285775
1176.0,1.0,7.0,4294967295.0,4294967295.0,1.0,0.011306725418901563,0.011834207443670537,943.0,0.0,-1.0,-1.0,0.9996862798937005,0.9695950480857485,0.0,0.023449721137260016,0.06252915235187764,0.08881543334680791
1177.0,1.0,4.0,4294967295.0,4294967295.0,1.0,0.01130672541890157,0.011834207443670544,944.0,0.0,-1.0,-1.0,0.9996862798937005,0.9695950480857485,0.0,0.023449721137260016,0.06250814494809429,0.08878994718568425
1178.0,1.0,10.0,4294967295.0,4294967295.0,1.0,0.01130672541890157,0.011834207443670544,945.0,2.0,-1.0,-1.0,0.9996862798937005,0.9695950480857485,0.0,0.023449721137260016,0.062487137544310935,0.08876445820760943
1179.0,1.0,10.0,4294967295.0,4294967295.0,1.0,0.011306725418901577,0.011834207443670537,946.0,0.0,-1.0,-1.0,0.9996862798937005,0.9695950480857485,0.0,0.023449721137260016,0.062466130140527584,0.08873896641070485
1180.0,1.0,5.0,4294967295.0,4294967295.0,1.0,0.011306725418901577,0.011834207443670544,947.0,0.0,-1.0,-1.0,0.9996862798937005,0.9695950480857485,0.0,0.023449721137260016,0.062445122736744234,0.08871347179309066
1181.0,1.0,4.0,4294967295.0,4294967295.0,1.0,0.011306725418901584,0.011834207443670551,948.0,2.0,-1.0,-1.0,0.9996862798937005,0.9695950480857485,0.0,0.023449721137260016,0.0624241153329609,0.08868797435288577
1182.0,1.0,8.0,4294967295.0,4294967295.0,1.0,0.01130672541890159,0.011834207443670558,949.0,1.0,-1.0,-1.0,0.9996862798937005,0.9695950480857485,0.0,0.023449721137260016,0.06240310792917755,0.08866247408820781
1183.0,1.0,9.0,4294967295.0,4294967295.0,1.0,0.01130672541890159,0.011834207443670558,950.0,1.0,-1.0,-1.0,0.9996862798937005,0.9695950480857485,0.0,0.023449721137260016,0.062382100525394196,0.08863697099717319
1184.0,1.0,3.0,4294967295.0,4294967295.0,1.0,0.011306725418901598,0.011834207443670565,951.0,1.0,-1.0,-1.0,0.9996862798937005,0.9695950480857485,0.0,0.023449721137260016,0.06236109312161084,0.08861146507789702
1185.0,1.0,7.0,4294967295.0,4294967295.0,1.0,0.011306725418901598,0.011834207443670565,952.0,0.0,-1.0,-1.0,0.9996862798937005,0.9695950480857485,0.0,0.023449721137260016,0.06234008571782748,0.08858595632849321
1186.0,1.0,4.0,4294967295.0,4294967295.0,1.0,0.011306725418901598,0.011834207443670558,953.0,0.0,-1.0,-1.0,0.9996862798937005,0.9695950480857485,0.0,0.023449721137260016,0.06231907831404413,0.08856044474707435
1187.0,1.0,5.0,4294967295.0,4294967295.0,1.0,0.011306725418901604,0.011834207443670558,954.0,1.0,-1.0,-1.0,0.9996862798937005,0.9695950480857485,0.0,0.023449721137260016,0.062298070910260774,0.0885349303317518
1188.0,1.0,12.0,4294967295.0,4294967295.0,1.0,0.011306725418901604,0.011834207443670558,955.0,1.0,-1.0,-1.0,0.9996862798937005,0.9695950480857485,0.0,0.023449721137260016,0.06227706350647742,0.08850941308063569
1189.0,1.0,5.0,4294967295.0,4294967295.0,1.0,0.011306725418901611,0.011834207443670565,956.0,0.0,-1.0,-1.0,0.9996862798937005,0.9695950480857485,0.0,0.023449721137260016,0.062256056102694066,0.08848389299183483
1190.0,1.0,6.0,4294967295.0,4294967295.0,1.0,0.011306725418901611,0.011834207443670565,957.0,0.0,-1.0,-1.0,0.9996862798937005,0.9695950480857485,0.0,0.023449721137260016,0.062235048698910715,0.08845837006345682
1191.0,1.0,6.0,4294967295.0,4294967295.0,1.0,0.011306725418901618,0.011834207443670572,958.0,1.0,-1.0,-1.0,0.9996862798937005,0.9695950480857485,0.0,0.023449721137260016,0.06221404129512736,0.08843284429360797
1192.0,1.0,7.0,4294967295.0,4294967295.0,1.0,0.011306725418901618,0.011834207443670572,959.0,1.0,-1.0,-1.0,0.9996862798937005,0.9695950480857485,0.0,0.023449721137260016,0.06219303389134401,0.08840731568039333
1193.0,1.0,7.0,4294967295.0,4294967295.0,1.0,0.011306725418901625,0.011834207443670565,960.0,1.0,-1.0,-1.0,0.9996862798937005,0.9695950480857485,0.0,0.023449721137260016,0.06217202648756067,0.08838178422191668
1194.0,1.0,7.0,4294967295.0,4294967295.0,1.0,0.011306725418901632,0.011834207443670565,961.0,1.0,-1.0,-1.0,0.9996862798937005,0.9695950480857485,0.0,0.023449721137260016,0.06215101908377732,0.08835624991628058
1195.0,1.0,7.0,4294967295.0,4294967295.0,1.0,0.011306725418901632,0.011834207443670572,962.0,0.0,-1.0,-1.0,0.9996862798937005,0.9695950480857485,0.0,0.023449721137260016,0.06213001167999397,0.08833071276158624
1196.0,1.0,5.0,4294967295.0,4294967295.0,1.0,0.01130672541890164,0.011834207443670572,963.0,0.0,-1.0,-1.0,0.9996862798937005,0.9695950480857485,0.0,0.023449721137260016,0.06210900427621061,0.08830517275593372
1197.0,1.0,0.0,4294967295.0,4294967295.0,1.0,0.01130672541890164,0.011834207443670572,964.0,0.0,-1.0,-1.0,0.867541277643506,0.06874293104515919,0.0,0.023449721137260016,0.06151156857320023,0.081547939268896
1198.0,1.0,0.0,4294967295.0,4294967295.0,2.0,0.01130672541890164,0.011834207443670572,965.0,0.0,-1.0,-1.0,0.014204893595178028,0.008388570143134403,0.0,0.023449721137260016,0.0380604383326715,0.06196606346286198
1200.0,2.0,0.0,4294967295.0,4294967295.0,2.0,0.011305240031453945,0.011833568164316882,966.0,0.0,-1.0,-1.0,8.322821131341495e-05,0.008247717015336387,26.0,0.023449721137260016,0.03730620773341828,0.06192267005497096
1202.0,2.0,0.0,4294967295.0,4294967295.0,2.0,0.011303764110262515,0.011832953542946487,967.0,0.0,-1.0,-1.0,8.315965605345438e-05,0.00824771634159882,26.0,0.023449721137260016,0.037272255445547686,0.0618795856155535
1204.0,2.0,0.0,4294967295.0,4294967295.0,2.0,0.011302288189116369,0.011832386667818488,968.0,0.0,-1.0,-1.0,8.315965572534506e-05,0.0082477163415956,26.0,0.023449721137260016,0.03723831811558252,0.06183650117761483
1206.0,2.0,0.0,4294967295.0,4294967295.0,2.0,0.011300812267970223,0.011831824205426528,969.0,0.0,-1.0,-1.0,8.315965572534348e-05,0.0082477163415956,26.0,0.023449721137260016,0.037204392263390396,0.06179341673967616
1208.0,2.0,0.0,4294967295.0,4294967295.0,2.0,0.01129933634682407,0.011831261743034574,970.0,0.0,-1.0,-1.0,8.315965572534348e-05,0.0082477163415956,26.0,0.023449721137260016,0.03717047790426849,0.06175033230173748
1210.0,2.0,0.0,4294967295.0,4294967295.0,2.0,0.011297860425677916,0.01183069928064262,971.0,0.0,-1.0,-1.0,8.315965572534348e-05,0.0082477163415956,26.0,0.023449721137260016,0.037136575053551085,0.0617072478637988
1212.0,2.0,0.0,4294967295.0,4294967295.0,2.0,0.01129638450453177,0.011830136818250674,972.0,0.0,-1.0,-1.0,8.315965572534348e-05,0.0082477163415956,26.0,0.023449721137260016,0.03710268372659298,0.06166416342586013
1214.0,2.0,0.0,4294967295.0,4294967295.0,2.0,0.011294908583385624,0.011829574355858713,973.0,0.0,-1.0,-1.0,8.315965572534348e-05,0.0082477163415956,26.0,0.023449721137260016,0.03706880393876943,0.06162107898792147
1216.0,2.0,0.0,4294967295.0,4294967295.0,2.0,0.011293432662239478,0.011829011893466752,974.0,0.0,-1.0,-1.0,8.315965572534348e-05,0.0082477163415956,26.0,0.023449721137260016,0.037034935705476196,0.061577994549982806
1218.0,2.0,0.0,4294967295.0,4294967295.0,2.0,0.011291956741093324,0.011828449431074792,975.0,0.0,-1.0,-1.0,8.315965572534348e-05,0.0082477163415956,26.0,0.023449721137260016,0.03700107904212961,0.061534910112044136
1220.0,2.0,0.0,4294967295.0,4294967295.0,2.0,0.011290480819947157,0.011827886968682845,976.0,0.0,-1.0,-1.0,8.315965572534348e-05,0.0082477163415956,26.0,0.023449721137260016,0.036967233964166554,0.06149182567410546
1222.0,2.0,0.0,4294967295.0,4294967295.0,2.0,0.011289004898801011,0.011827324506290891,977.0,0.0,-1.0,-1.0,8.315965572534348e-05,0.0082477163415956,26.0,0.023449721137260016,0.0369334004870445,0.06144874123616678
1224.0,2.0,0.0,4294967295.0,4294967295.0,2.0,0.011287528977654872,0.011826762043898938,978.0,0.0,-1.0,-1.0,8.315965572534348e-05,0.0082477163415956,26.0,0.023449721137260016,0.036899578626241554,0.06140565679822812
1226.0,2.0,0.0,4294967295.0,4294967295.0,2.0,0.011286053056508719,0.011826199581506991,979.0,0.0,-1.0,-1.0,8.315965572534348e-05,0.0082477163415956,26.0,0.023449721137260016,0.03686576839725647,0.061362572360289455
1228.0,2.0,0.0,4294967295.0,4294967295.0,2.0,0.011284577135362572,0.011825637119115023,980.0,0.0,-1.0,-1.0,8.315965572534348e-05,0.0082477163415956,26.0,0.023449721137260016,0.0368319698156087,0.061319487922350785
1230.0,2.0,0.0,4294967295.0,4294967295.0,2.0,0.011283101214216426,0.011825074656723063,981.0,0.0,-1.0,-1.0,8.315965572534348e-05,0.0082477163415956,26.0,0.023449721137260016,0.03679818289683836,0.06127640348441212
1232.0,2.0,0.0,4294967295.0,4294967295.0,2.0,0.011281625293070266,0.011824512194331102,982.0,0.0,-1.0,-1.0,8.315965572534348e-05,0.0082477163415956,26.0,0.023449721137260016,0.03676440765650634,0.06123331904647345
1234.0,2.0,0.0,4294967295.0,4294967295.0,2.0,0.011280149371924113,0.011823949731939155,983.0,0.0,-1.0,-1.0,8.315965572534348e-05,0.0082477163415956,26.0,0.023449721137260016,0.03673064411019428,0.06119023460853478
1236.0,2.0,0.0,4294967295.0,4294967295.0,2.0,0.011278673450777967,0.011823387269547202,984.0,0.0,-1.0,-1.0,8.315965572534348e-05,0.0082477163415956,26.0,0.023449721137260016,0.03669689227350459,0.06114715017059611
1238.0,2.0,0.0,4294967295.0,4294967295.0,2.0,0.01127719752963182,0.011822824807155248,985.0,0.0,-1.0,-1.0,8.315965572534348e-05,0.0082477163415956,26.0,0.023449721137260016,0.03666315216206053,0.06110406573265744
1240.0,2.0,0.0,4294967295.0,4294967295.0,2.0,0.011275721608485681,0.011822262344763294,986.0,0.0,-1.0,-1.0,8.315965572534348e-05,0.0082477163415956,26.0,0.023449721137260016,0.036629423791506174,0.06106098129471877
1242.0,2.0,0.0,4294967295.0,4294967295.0,2.0,0.01127424568733952,0.01182169988237134,987.0,0.0,-1.0,-1.0,8.315965572534348e-05,0.0082477163415956,26.0,0.023449721137260016,0.03659570717750649,0.0610178968567801
1244.0,2.0,0.0,4294967295.0,4294967295.0,2.0,0.011272769766193354,0.01182113741997938,988.0,0.0,-1.0,-1.0,8.315965572534348e-05,0.0082477163415956,26.0,0.023449721137260016,0.03656200233574734,0.060974812418841444
1246.0,2.0,0.0,4294967295.0,4294967295.0,2.0,0.011271293845047207,0.01182057495758742,989.0,0.0,-1.0,-1.0,8.315965572534348e-05,0.0082477163415956,26.0,0.023449721137260016,0.03652830928193551,0.06093172798090278
1248.0,2.0,0.0,4294967295.0,4294967295.0,2.0,0.011269817923901061,0.011820012495195466,990.0,0.0,-1.0,-1.0,8.315965572534348e-05,0.0082477163415956,26.0,0.023449721137260016,0.03649462803179876,0.060888643542964103
1250.0,2.0,0.0,4294967295.0,4294967295.0,2.0,0.011268342002754915,0.011819450032803505,991.0,0.0,-1.0,-1.0,8.315965572534348e-05,0.0082477163415956,26.0,0.023449721137260016,0.036460958601085794,0.060845559105025426
1252.0,2.0,0.0,4294967295.0,4294967295.0,2.0,0.011266866081608776,0.011818887570411551,992.0,0.0,-1.0,-1.0,8.315965572534348e-05,0.0082477163415956,26.0,0.023449721137260016,0.03642730100556637,0.060802474667086756
1254.0,2.0,0.0,4294967295.0,4294967295.0,2.0,0.011265390160462622,0.011818325108019605,993.0,0.0,-1.0,-1.0,8.315965572534348e-05,0.0082477163415956,27.0,0.023449721137260016,0.03639365526103127,0.06075939022914809
1256.0,2.0,0.0,4294967295.0,4294967295.0,2.0,0.011263914239316462,0.011817762645627651,994.0,0.0,-1.0,-1.0,8.315965572534348e-05,0.0082477163415956,27.0,0.023449721137260016,0.03636002138329235,0.060716305791209436
1258.0,2.0,0.0,4294967295.0,4294967295.0,2.0,0.01126243831817031,0.01181720018323569,995.0,0.0,-1.0,-1.0,8.315965572534348e-05,0.0082477163415956,27.0,0.023449721137260016,0.03632639938818254,0.060673221353270766
1260.0,2.0,0.0,4294967295.0,4294967295.0,2.0,0.011260962397024163,0.01181663772084373,996.0,0.0,-1.0,-1.0,8.315965572534348e-05,0.0082477163415956,27.0,0.023449721137260016,0.03629278929155594,0.06063013691533209
1262.0,2.0,0.0,4294967295.0,4294967295.0,2.0,0.011259486475878024,0.01181607525845177,997.0,0.0,-1.0,-1.0,8.315965572534348e-05,0.0082477163415956,27.0,0.023449721137260016,0.036259191109287756,0.06058705247739341
1264.0,2.0,0.0,4294967295.0,4294967295.0,2.0,0.01125801055473187,0.011815512796059816,998.0,0.0,-1.0,-1.0,8.315965572534348e-05,0.0082477163415956,27.0,0.023449721137260016,0.03622560485727439,0.06054396803945474
1266.0,2.0,0.0,4294967295.0,4294967295.0,2.0,0.01125653463358571,0.011814950333667862,999.0,0.0,-1.0,-1.0,8.315965572534348e-05,0.0082477163415956,27.0,0.023449721137260016,0.03619203055143347,0.06050088360151608
1268.0,2.0,0.0,4294967295.0,4294967295.0,2.0,0.011255058712439557,0.011814387871275908,1000.0,0.0,-1.0,-1.0,8.315965572534348e-05,0.0082477163415956,27.0,0.023449721137260016,0.03615846820770385,0.06045779916357741
1270.0,2.0,0.0,4294967295.0,4294967295.0,2.0,0.01125358279129341,0.011813825408883954,1001.0,0.0,-1.0,-1.0,8.315965572534348e-05,0.0082477163415956,27.0,0.023449721137260016,0.03612491784204565,0.060414714725638745
1272.0,2.0,0.0,4294967295.0,4294967295.0,2.0,0.011252106870147265,0.011813262946491994,1002.0,0.0,-1.0,-1.0,8.315965572534348e-05,0.0082477163415956,27.0,0.023449721137260016,0.03609137947044026,0.060371630287700075
1274.0,2.0,0.0,4294967295.0,4294967295.0,2.0,0.011250630949001118,0.011812700484100033,1003.0,0.0,-1.0,-1.0,8.315965572534348e-05,0.0082477163415956,27.0,0.023449721137260016,0.03605785310889045,0.0603285458497614
1276.0,2.0,0.0,4294967295.0,4294967295.0,2.0,0.011249155027854972,0.01181213802170808,1004.0,0.0,-1.0,-1.0,8.315965572534348e-05,0.0082477163415956,27.0,0.023449721137260016,0.03602433877342029,0.06028546141182273
1278.0,2.0,0.0,4294967295.0,4294967295.0,2.0,0.011247679106708826,0.011811575559316119,1005.0,0.0,-1.0,-1.0,8.315965572534348e-05,0.0082477163415956,27.0,0.023449721137260016,0.035990836480075256,0.06024237697388406
1280.0,2.0,0.0,4294967295.0,4294967295.0,2.0,0.011246203185562666,0.011811013096924158,1006.0,0.0,-1.0,-1.0,8.315965572534348e-05,0.0082477163415956,27.0,0.023449721137260016,0.03595734624492222,0.06019929253594539
1282.0,2.0,0.0,4294967295.0,4294967295.0,2.0,0.011244727264416512,0.011810450634532205,1007.0,0.0,-1.0,-1.0,8.315965572534348e-05,0.0082477163415956,27.0,0.023449721137260016,0.03592386808404949,0.06015620809800672
1284.0,2.0,0.0,4294967295.0,4294967295.0,2.0,0.011243251343270373,0.011809888172140258,1008.0,0.0,-1.0,-1.0,8.315965572534348e-05,0.0082477163415956,27.0,0.023449721137260016,0.035890402013566844,0.06011312366006805
1286.0,2.0,0.0,4294967295.0,4294967295.0,2.0,0.011241775422124227,0.011809355673381157,1009.0,0.0,-1.0,-1.0,8.315965572534348e-05,0.0082477163415956,27.0,0.023449721137260016,0.03585694804960556,0.06007003922212938
1288.0,2.0,0.0,4294967295.0,4294967295.0,2.0,0.011240299500978074,0.011808843202586815,1010.0,0.0,-1.0,-1.0,8.315965572534348e-05,0.0082477163415956,27.0,0.023449721137260016,0.03582350620831844,0.060026954784190706
1290.0,2.0,0.0,4294967295.0,4294967295.0,2.0,0.01123882357983192,0.01180833073179248,1011.0,0.0,-1.0,-1.0,8.315965572534348e-05,0.0082477163415956,27.0,0.023449721137260016,0.0357900765058798,0.05998387034625203
1292.0,2.0,0.0,4294967295.0,4294967295.0,2.0,0.011237347658685767,0.011807818260998137,1012.0,0.0,-1.0,-1.0,8.315965572534348e-05,0.0082477163415956,27.0,0.023449721137260016,0.03575665895848559,0.05994078590831336
1294.0,2.0,0.0,4294967295.0,4294967295.0,2.0,0.011235871737539614,0.011807305790203802,1013.0,0.0,-1.0,-1.0,8.315965572534348e-05,0.0082477163415956,27.0,0.023449721137260016,0.03572325358235335,0.059897701470374695
1296.0,2.0,0.0,4294967295.0,4294967295.0,2.0,0.011234395816393468,0.011806793319409467,1014.0,0.0,-1.0,-1.0,8.315965572534348e-05,0.0082477163415956,27.0,0.023449721137260016,0.03568986039372224,0.05985461703243604
1298.0,2.0,0.0,4294967295.0,4294967295.0,2.0,0.011232919895247322,0.011806280848615132,1015.0,0.0,-1.0,-1.0,8.315965572534348e-05,0.0082477163415956,27.0,0.023449721137260016,0.03565647940885311,0.05981153259449737
1300.0,2.0,0.0,4294967295.0,4294967295.0,2.0,0.011231443974101175,0.01180576837782081,1016.0,0.0,-1.0,-1.0,8.315965572534348e-05,0.0082477163415956,27.0,0.023449721137260016,0.03562311064402848,0.05976844815655869
1302.0,2.0,0.0,4294967295.0,4294967295.0,2.0,0.011229968052955015,0.011805255907026482,1017.0,0.0,-1.0,-1.0,8.315965572534348e-05,0.0082477163415956,27.0,0.023449721137260016,0.035589754115552624,0.059725363718620014
1304.0,2.0,0.0,4294967295.0,4294967295.0,2.0,0.011228492131808848,0.01180474343623214,1018.0,0.0,-1.0,-1.0,8.315965572534348e-05,0.0082477163415956,27.0,0.023449721137260016,0.03555640983975154,0.059682279280681344
1306.0,2.0,0.0,4294967295.0,4294967295.0,2.0,0.011227016210662709,0.011804230965437798,1019.0,0.0,-1.0,-1.0,8.315965572534348e-05,0.0082477163415956,27.0,0.023449721137260016,0.035523077832973045,0.05963919484274268
1308.0,2.0,0.0,4294967295.0,4294967295.0,2.0,0.01122554028951657,0.011803718494643463,1020.0,0.0,-1.0,-1.0,8.315965572534348e-05,0.0082477163415956,27.0,0.023449721137260016,0.03548975811158673,0.05959611040480401
1310.0,2.0,0.0,4294967295.0,4294967295.0,2.0,0.011224064368370416,0.011803206023849128,1021.0,0.0,-1.0,-1.0,8.315965572534348e-05,0.0082477163415956,27.0,0.023449721137260016,0.03545645069198405,0.05955302596686535
1312.0,2.0,0.0,4294967295.0,4294967295.0,2.0,0.01122258844722427,0.011802693553054792,1022.0,0.0,-1.0,-1.0,8.315965572534348e-05,0.0082477163415956,27.0,0.023449721137260016,0.03542315559057832,0.05950994152892668
1314.0,2.0,0.0,4294967295.0,4294967295.0,2.0,0.011221112526078117,0.011802181082260464,1023.0,0.0,-1.0,-1.0,8.315965572534348e-05,0.0082477163415956,27.0,0.023449721137260016,0.03538987282380476,0.059466857090988
1316.0,2.0,0.0,4294967295.0,4294967295.0,2.0,0.011219636604931957,0.011801668611466136,1024.0,0.0,-1.0,-1.0,8.315965572534348e-05,0.0082477163415956,27.0,0.023449721137260016,0.03535660240812051,0.05942377265304933
1318.0,2.0,0.0,4294967295.0,4294967295.0,2.0,0.01121816068378581,0.011801156140671794,1025.0,0.0,-1.0,-1.0,8.315965572534348e-05,0.0082477163415956,27.0,0.023449721137260016,0.035323344360004685,0.05938068821511066
1320.0,2.0,0.0,4294967295.0,4294967295.0,2.0,0.011216684762639671,0.011800643669877459,1026.0,0.0,-1.0,-1.0,8.315965572534348e-05,0.0082477163415956,27.0,0.023449721137260016,0.03529009869595836,0.05933760377717199
1322.0,2.0,0.0,4294967295.0,4294967295.0,2.0,0.011215208841493532,0.011800131199083116,1027.0,0.0,-1.0,-1.0,8.315965572534348e-05,0.0082477163415956,27.0,0.023449721137260016,0.03525686543250464,0.05929451933923332
1324.0,2.0,0.0,4294967295.0,4294967295.0,2.0,0.011213732920347386,0.011799618728288788,1028.0,0.0,-1.0,-1.0,8.315965572534348e-05,0.0082477163415956,27.0,0.023449721137260016,0.03522364458618869,0.059251434901294656
1326.0,2.0,0.0,4294967295.0,4294967295.0,2.0,0.011212256999201219,0.011799106257494453,1029.0,0.0,-1.0,-1.0,8.315965572534348e-05,0.0082477163415956,27.0,0.023449721137260016,0.03519043617357773,0.059208350463355985
1328.0,2.0,0.0,4294967295.0,4294967295.0,2.0,0.011210781078055072,0.011798593786700132,1030.0,0.0,-1.0,-1.0,8.315965572534348e-05,0.0082477163415956,27.0,0.023449721137260016,0.035157240211261084,0.05916526602541731
1330.0,2.0,0.0,4294967295.0,4294967295.0,2.0,0.011209305156908933,0.011798081315905797,1031.0,0.0,-1.0,-1.0,8.315965572534348e-05,0.0082477163415956,27.0,0.023449721137260016,0.03512405671585022,0.05912218158747864
1332.0,2.0,0.0,4294967295.0,4294967295.0,2.0,0.01120782923576278,0.011797568845111461,1032.0,0.0,-1.0,-1.0,8.315965572534348e-05,0.0082477163415956,27.0,0.023449721137260016,0.035090885703978766,0.05907909714953997
1334.0,2.0,0.0,4294967295.0,4294967295.0,2.0,0.011206353314616634,0.01179705637431712,1033.0,0.0,-1.0,-1.0,8.315965572534348e-05,0.0082477163415956,27.0,0.023449721137260016,0.03505772719230255,0.0590360127116013
1336.0,2.0,0.0,4294967295.0,4294967295.0,2.0,0.011204877393470494,0.011796543903522784,1034.0,0.0,-1.0,-1.0,8.315965572534348e-05,0.0082477163415956,27.0,0.023449721137260016,0.03502458119749961,0.05899292827366264
1338.0,2.0,0.0,4294967295.0,4294967295.0,2.0,0.011203401472324334,0.011796031432728449,1035.0,0.0,-1.0,-1.0,8.315965572534348e-05,0.0082477163415956,27.0,0.023449721137260016,0.034991447736270234,0.05894984383572397
1340.0,2.0,0.0,4294967295.0,4294967295.0,2.0,0.011201925551178181,0.011795518961934114,1036.0,0.0,-1.0,-1.0,8.315965572534348e-05,0.0082477163415956,27.0,0.023449721137260016,0.03495832682533701,0.058906759397785294
1342.0,2.0,0.0,4294967295.0,4294967295.0,2.0,0.011200449630032035,0.0117950064911398,1037.0,0.0,-1.0,-1.0,8.315965572534348e-05,0.0082477163415956,27.0,0.023449721137260016,0.03492521848144482,0.05886367495984662
1344.0,2.0,0.0,4294967295.0,4294967295.0,2.0,0.011198973708885895,0.011794494020345464,1038.0,0.0,-1.0,-1.0,8.315965572534348e-05,0.0082477163415956,27.0,0.023449721137260016,0.0348921227213609,0.058820590521907946
1346.0,2.0,0.0,4294967295.0,4294967295.0,2.0,0.011197497787739756,0.011793981549551122,1039.0,0.0,-1.0,-1.0,8.315965572534348e-05,0.0082477163415956,27.0,0.023449721137260016,0.03485903956187485,0.05877750608396928
1348.0,2.0,0.0,4294967295.0,4294967295.0,2.0,0.011196021866593603,0.01179346907875678,1040.0,0.0,-1.0,-1.0,8.315965572534348e-05,0.0082477163415956,27.0,0.023449721137260016,0.03482596901979866,0.05873442164603061
1350.0,2.0,0.0,4294967295.0,4294967295.0,2.0,0.011194545945447443,0.011792956607962445,1041.0,0.0,-1.0,-1.0,8.315965572534348e-05,0.0082477163415956,27.0,0.023449721137260016,0.034792911111966786,0.05869133720809195
1352.0,2.0,0.0,4294967295.0,4294967295.0,2.0,0.01119307002430129,0.011792444137168116,1042.0,0.0,-1.0,-1.0,8.315965572534348e-05,0.0082477163415956,27.0,0.023449721137260016,0.034759865855236105,0.05864825277015328
1354.0,2.0,0.0,4294967295.0,4294967295.0,2.0,0.011191594103155143,0.011791931666373788,1043.0,0.0,-1.0,-1.0,8.315965572534348e-05,0.0082477163415956,27.0,0.023449721137260016,0.03472683326648601,0.0586051683322146
1356.0,2.0,0.0,4294967295.0,4294967295.0,2.0,0.011190118182008997,0.01179141919557946,1044.0,0.0,-1.0,-1.0,8.315965572534348e-05,0.0082477163415956,27.0,0.023449721137260016,0.03469381336261841,0.05856208389427593
1358.0,2.0,0.0,4294967295.0,4294967295.0,2.0,0.011188642260862858,0.011790939229304541,1045.0,0.0,-1.0,-1.0,8.315965572534348e-05,0.0082477163415956,27.0,0.023449721137260016,0.03466080616055776,0.05851899945633726
1360.0,2.0,0.0,4294967295.0,4294967295.0,2.0,0.011187166339716711,0.011790474556100106,1046.0,0.0,-1.0,-1.0,8.315965572534348e-05,0.0082477163415956,27.0,0.023449721137260016,0.03462781167725108,0.05847591501839859
1362.0,2.0,0.0,4294967295.0,4294967295.0,2.0,0.011185690418570551,0.011790009882895656,1047.0,0.0,-1.0,-1.0,8.315965572534348e-05,0.0082477163415956,27.0,0.023449721137260016,0.03459482992966805,0.05843283058045992
1364.0,2.0,0.0,4294967295.0,4294967295.0,2.0,0.011184214497424398,0.011789545209691228,1048.0,0.0,-1.0,-1.0,8.315965572534348e-05,0.0082477163415956,27.0,0.023449721137260016,0.034561860934800945,0.05838974614252126
1366.0,2.0,0.0,4294967295.0,4294967295.0,2.0,0.011182738576278252,0.011789080536486786,1049.0,0.0,-1.0,-1.0,8.315965572534348e-05,0.0082477163415956,27.0,0.023449721137260016,0.03452890470966473,0.05834666170458259
1368.0,2.0,0.0,4294967295.0,4294967295.0,2.0,0.011181262655132113,0.011788615863282344,1050.0,0.0,-1.0,-1.0,8.315965572534348e-05,0.0082477163415956,27.0,0.023449721137260016,0.03449596127129706,0.05830357726664391
1370.0,2.0,0.0,4294967295.0,4294967295.0,2.0,0.01117978673398596,0.011788151190077902,1051.0,0.0,-1.0,-1.0,8.315965572534348e-05,0.0082477163415956,27.0,0.023449721137260016,0.03446303063675833,0.05826049282870524
1372.0,2.0,0.0,4294967295.0,4294967295.0,2.0,0.011178310812839806,0.011787686516873473,1052.0,0.0,-1.0,-1.0,8.315965572534348e-05,0.0082477163415956,27.0,0.023449721137260016,0.034430112823131714,0.05821740839076657
1374.0,2.0,0.0,4294967295.0,4294967295.0,2.0,0.011176834891693653,0.011787221843669038,1053.0,0.0,-1.0,-1.0,8.315965572534348e-05,0.0082477163415956,27.0,0.023449721137260016,0.034397207847523155,0.05817432395282791
1376.0,2.0,0.0,4294967295.0,4294967295.0,2.0,0.0111753589705475,0.011786757170464596,1054.0,0.0,-1.0,-1.0,8.315965572534348e-05,0.0082477163415956,27.0,0.023449721137260016,0.03436431572706143,0.05813123951488925
1378.0,2.0,0.0,4294967295.0,4294967295.0,2.0,0.011173883049401354,0.011786292497260153,1055.0,0.0,-1.0,-1.0,8.315965572534348e-05,0.0082477163415956,27.0,0.023449721137260016,0.03433143647889815,0.05808815507695058
1380.0,2.0,0.0,4294967295.0,4294967295.0,2.0,0.011172407128255214,0.011785827824055718,1056.0,0.0,-1.0,-1.0,8.315965572534348e-05,0.0082477163415956,27.0,0.023449721137260016,0.03429857012020785,0.0580450706390119
1382.0,2.0,0.0,4294967295.0,4294967295.0,2.0,0.011170931207109068,0.011785363150851283,1057.0,0.0,-1.0,-1.0,8.315965572534348e-05,0.0082477163415956,27.0,0.023449721137260016,0.03426571666818795,0.058001986201073226
1384.0,2.0,0.0,4294967295.0,4294967295.0,2.0,0.011169455285962915,0.011784898477646834,1058.0,0.0,-1.0,-1.0,8.315965572534348e-05,0.0082477163415956,27.0,0.023449721137260016,0.03423287614005881,0.057958901763134556
1386.0,2.0,0.0,4294967295.0,4294967295.0,2.0,0.011167979364816755,0.011784433804442399,1059.0,0.0,-1.0,-1.0,8.315965572534348e-05,0.0082477163415956,27.0,0.023449721137260016,0.034200048553063786,0.05791581732519589
1388.0,2.0,11.0,4294967295.0,4294967295.0,1.0,0.011166503443670595,0.011783969131237963,1060.0,1.0,-1.0,-1.0,0.9199468679552478,0.9642684400400007,27.0,0.023449721137260016,0.05793194170652272,0.07942094297721838
1389.0,1.0,5.0,4294967295.0,4294967295.0,1.0,0.011166503443670595,0.011783969131237963,1061.0,0.0,-1.0,-1.0,0.999683885745438,0.9696073950447441,0.0,0.023449721137260016,0.05791436126713399,0.08331757741202125
1390.0,1.0,7.0,4294967295.0,4294967295.0,1.0,0.011166503443670588,0.01178396913123797,1062.0,0.0,-1.0,-1.0,0.9996862798326052,0.9695950477083302,0.0,0.023449721137260016,0.05789334596677659,0.08329156452145339
1391.0,1.0,2.0,4294967295.0,4294967295.0,1.0,0.01116650344367058,0.01178396913123797,1063.0,0.0,-1.0,-1.0,0.999686279893699,0.9695950480767632,0.0,0.023449721137260016,0.057872338563219515,0.08326543063000671
1392.0,1.0,5.0,4294967295.0,4294967295.0,1.0,0.01116650344367058,0.011783969131237963,1064.0,0.0,-1.0,-1.0,0.9996862798937005,0.969595048085752,0.0,0.023449721137260016,0.05785133115944192,0.08323929348663836
1393.0,1.0,6.0,4294967295.0,4294967295.0,1.0,0.011166503443670588,0.011783969131237956,1065.0,0.0,-1.0,-1.0,0.9996862798937005,0.9695950480857485,0.0,0.023449721137260016,0.05783032375565856,0.08321315309218591
1394.0,1.0,6.0,4294967295.0,4294967295.0,1.0,0.011166503443670588,0.01178396913123795,1066.0,1.0,-1.0,-1.0,0.9996862798937005,0.9695950480857485,0.0,0.023449721137260016,0.05780931635187521,0.08318700944448132
1395.0,1.0,5.0,4294967295.0,4294967295.0,1.0,0.011166503443670588,0.01178396913123795,1067.0,1.0,-1.0,-1.0,0.9996862798937005,0.9695950480857485,0.0,0.023449721137260016,0.05778830894809186,0.08316086254135505
1396.0,1.0,9.0,4294967295.0,4294967295.0,1.0,0.011166503443670601,0.011783969131237956,1068.0,1.0,-1.0,-1.0,0.9996862798937005,0.9695950480857485,0.0,0.023449721137260016,0.05776730154430852,0.08313471238063605
1397.0,1.0,6.0,4294967295.0,4294967295.0,1.0,0.011166503443670608,0.011783969131237956,1069.0,1.0,-1.0,-1.0,0.9996862798937005,0.9695950480857485,0.0,0.023449721137260016,0.057746294140525165,0.0831085589601519
1398.0,1.0,10.0,4294967295.0,4294967295.0,1.0,0.011166503443670608,0.011783969131237963,1070.0,1.0,-1.0,-1.0,0.9996862798937005,0.9695950480857485,0.0,0.023449721137260016,0.057725286736741814,0.08308240227772873
1399.0,1.0,6.0,4294967295.0,4294967295.0,1.0,0.011166503443670615,0.011783969131237956,1071.0,1.0,-1.0,-1.0,0.9996862798937005,0.9695950480857485,0.0,0.023449721137260016,0.057704279332958464,0.08305624233119113
1400.0,1.0,5.0,4294967295.0,4294967295.0,1.0,0.011166503443670622,0.01178396913123795,1072.0,1.0,-1.0,-1.0,0.9996862798937005,0.9695950480857485,0.0,0.023449721137260016,0.057683271929175106,0.08303007911836233
1401.0,1.0,4.0,4294967295.0,4294967295.0,1.0,0.01116650344367063,0.011783969131237942,1073.0,0.0,-1.0,-1.0,0.9996862798937005,0.9695950480857485,0.0,0.023449721137260016,0.05766226452539176,0.08300391263706408
1402.0,1.0,2.0,4294967295.0,4294967295.0,1.0,0.011166503443670636,0.011783969131237942,1074.0,1.0,-1.0,-1.0,0.9996862798937005,0.9695950480857485,0.0,0.023449721137260016,0.057641257121608405,0.08297774288511667
1403.0,1.0,3.0,4294967295.0,4294967295.0,1.0,0.011166503443670636,0.011783969131237942,1075.0,0.0,-1.0,-1.0,0.9996862798937005,0.9695950480857485,0.0,0.023449721137260016,0.057620249717825055,0.08295156986033894
1404.0,1.0,2.0,4294967295.0,4294967295.0,1.0,0.011166503443670643,0.01178396913123795,1076.0,0.0,-1.0,-1.0,0.9996862798937005,0.9695950480857485,0.0,0.023449721137260016,0.0575992423140417,0.08292539356054829
1405.0,1.0,4.0,4294967295.0,4294967295.0,1.0,0.011166503443670643,0.01178396913123795,1077.0,0.0,-1.0,-1.0,0.9996862798937005,0.9695950480857485,0.0,0.023449721137260016,0.05757823491025835,0.0828992139835606
1406.0,1.0,2.0,4294967295.0,4294967295.0,1.0,0.01116650344367065,0.01178396913123795,1078.0,0.0,-1.0,-1.0,0.9996862798937005,0.9695950480857485,0.0,0.023449721137260016,0.05755722750647501,0.08287303112719038
1407.0,1.0,3.0,4294967295.0,4294967295.0,1.0,0.011166503443670657,0.011783969131237942,1079.0,0.0,-1.0,-1.0,0.9996862798937005,0.9695950480857485,0.0,0.023449721137260016,0.05753622010269166,0.08284684498925066
1408.0,1.0,7.0,4294967295.0,4294967295.0,1.0,0.011166503443670664,0.011783969131237942,1080.0,0.0,-1.0,-1.0,0.9996862798937005,0.9695950480857485,0.0,0.023449721137260016,0.057515212698908316,0.08282065556755294
1409.0,1.0,6.0,4294967295.0,4294967295.0,1.0,0.011166503443670671,0.011783969131237935,1081.0,1.0,-1.0,-1.0,0.9996862798937005,0.9695950480857485,0.0,0.023449721137260016,0.05749420529512496,0.08279446285990738
1410.0,1.0,3.0,4294967295.0,4294967295.0,1.0,0.011166503443670671,0.011783969131237935,1082.0,1.0,-1.0,-1.0,0.9996862798937005,0.9695950480857485,0.0,0.023449721137260016,0.0574731978913416,0.08276826686412261
1411.0,1.0,7.0,4294967295.0,4294967295.0,1.0,0.011166503443670671,0.011783969131237935,1083.0,0.0,-1.0,-1.0,0.9996862798937005,0.9695950480857485,0.0,0.023449721137260016,0.05745219048755825,0.08274206757800576
1412.0,1.0,3.0,4294967295.0,4294967295.0,1.0,0.011166503443670678,0.011783969131237935,1084.0,2.0,-1.0,-1.0,0.9996862798937005,0.9695950480857485,0.0,0.023449721137260016,0.057431183083774894,0.08271586499936259
1413.0,1.0,5.0,4294967295.0,4294967295.0,1.0,0.011166503443670678,0.011783969131237935,1085.0,2.0,-1.0,-1.0,0.9996862798937005,0.9695950480857485,0.0,0.023449721137260016,0.05741017567999154,0.08268965912599735
1414.0,1.0,7.0,4294967295.0,4294967295.0,1.0,0.011166503443670685,0.011783969131237942,1086.0,0.0,-1.0,-1.0,0.9996862798937005,0.9695950480857485,0.0,0.023449721137260016,0.057389168276208186,0.08266344995571279
1415.0,1.0,4.0,4294967295.0,4294967295.0,1.0,0.011166503443670685,0.011783969131237935,1087.0,0.0,-1.0,-1.0,0.9996862798937005,0.9695950480857485,0.0,0.023449721137260016,0.057368160872424835,0.08263723748631027
1416.0,1.0,8.0,4294967295.0,4294967295.0,1.0,0.011166503443670692,0.011783969131237935,1088.0,0.0,-1.0,-1.0,0.9996862798937005,0.9695950480857485,0.0,0.023449721137260016,0.05734715346864149,0.08261102171558962
1417.0,1.0,2.0,4294967295.0,4294967295.0,1.0,0.011166503443670699,0.011783969131237929,1089.0,1.0,-1.0,-1.0,0.9996862798937005,0.9695950480857485,0.0,0.023449721137260016,0.05732614606485814,0.08258480264134921
1418.0,1.0,8.0,4294967295.0,4294967295.0,1.0,0.011166503443670706,0.011783969131237922,1090.0,1.0,-1.0,-1.0,0.9996862798937005,0.9695950480857485,0.0,0.023449721137260016,0.057305138661074805,0.08255858026138602
1419.0,1.0,7.0,4294967295.0,4294967295.0,1.0,0.011166503443670713,0.011783969131237922,1091.0,0.0,-1.0,-1.0,0.9996862798937005,0.9695950480857485,0.0,0.023449721137260016,0.057284131257291454,0.08253235457349545
1420.0,1.0,5.0,4294967295.0,4294967295.0,1.0,0.011166503443670713,0.011783969131237929,1092.0,0.0,-1.0,-1.0,0.9996862798937005,0.9695950480857485,0.0,0.023449721137260016,0.0572631238535081,0.08250612557547149
1421.0,1.0,3.0,4294967295.0,4294967295.0,1.0,0.011166503443670713,0.011783969131237929,1093.0,1.0,-1.0,-1.0,0.9996862798937005,0.9695950480857485,0.0,0.023449721137260016,0.05724211644972474,0.08247989326510666
1422.0,1.0,5.0,4294967295.0,4294967295.0,1.0,0.011166503443670713,0.011783969131237935,1094.0,2.0,-1.0,-1.0,0.9996862798937005,0.9695950480857485,0.0,0.023449721137260016,0.05722110904594138,0.08245365764019197
1423.0,1.0,11.0,4294967295.0,4294967295.0,1.0,0.01116650344367072,0.011783969131237929,1095.0,1.0,-1.0,-1.0,0.9996862798937005,0.9695950480857485,0.0,0.023449721137260016,0.05720010164215804,0.08242741869851702
1424.0,1.0,5.0,4294967295.0,4294967295.0,1.0,0.011166503443670726,0.011783969131237922,1096.0,1.0,-1.0,-1.0,0.9996862798937005,0.9695950480857485,0.0,0.023449721137260016,0.05717909423837468,0.0824011764378699
1425.0,1.0,7.0,4294967295.0,4294967295.0,1.0,0.011166503443670726,0.011783969131237915,1097.0,0.0,-1.0,-1.0,0.9996862798937005,0.9695950480857485,0.0,0.023449721137260016,0.05715808683459133,0.08237493085603717
1426.0,1.0,3.0,4294967295.0,4294967295.0,1.0,0.011166503443670733,0.011783969131237915,1098.0,0.0,-1.0,-1.0,0.9996862798937005,0.9695950480857485,0.0,0.023449721137260016,0.05713707943080797,0.08234868195080403
1427.0,1.0,7.0,4294967295.0,4294967295.0,1.0,0.011166503443670733,0.011783969131237908,1099.0,0.0,-1.0,-1.0,0.9996862798937005,0.9695950480857485,0.0,0.023449721137260016,0.057116072027024616,0.08232242971995413
1428.0,1.0,5.0,4294967295.0,4294967295.0,1.0,0.01116650344367074,0.011783969131237915,1100.0,1.0,-1.0,-1.0,0.9996862798937005,0.9695950480857485,0.0,0.023449721137260016,0.05709506462324127,0.08229617416126961
1429.0,1.0,3.0,4294967295.0,4294967295.0,1.0,0.011166503443670747,0.011783969131237908,1101.0,1.0,-1.0,-1.0,0.9996862798937005,0.9695950480857485,0.0,0.023449721137260016,0.05707405721945792,0.08226991527253122
1430.0,1.0,6.0,4294967295.0,4294967295.0,1.0,0.011166503443670747,0.011783969131237908,1102.0,0.0,-1.0,-1.0,0.9996862798937005,0.9695950480857485,0.0,0.023449721137260016,0.05705304981567458,0.08224365305151815
1431.0,1.0,6.0,4294967295.0,4294967295.0,1.0,0.011166503443670754,0.011783969131237894,1103.0,0.0,-1.0,-1.0,0.9996862798937005,0.9695950480857485,0.0,0.023449721137260016,0.05703204241189123,0.08221738749600815
1432.0,1.0,2.0,4294967295.0,4294967295.0,1.0,0.011166503443670754,0.011783969131237894,1104.0,0.0,-1.0,-1.0,0.9996862798937005,0.9695950480857485,0.0,0.023449721137260016,0.05701103500810787,0.08219111860377751
1433.0,1.0,11.0,4294967295.0,4294967295.0,1.0,0.011166503443670761,0.01178396913123788,1105.0,0.0,-1.0,-1.0,0.9996862798937005,0.9695950480857485,0.0,0.023449721137260016,0.05699002760432453,0.08216484637260099
1434.0,1.0,3.0,4294967295.0,4294967295.0,1.0,0.011166503443670768,0.01178396913123788,1106.0,1.0,-1.0,-1.0,0.9996862798937005,0.9695950480857485,0.0,0.023449721137260016,0.05696902020054117,0.08213857080025186
1435.0,1.0,5.0,4294967295.0,4294967295.0,1.0,0.011166503443670768,0.011783969131237873,1107.0,2.0,-1.0,-1.0,0.9996862798937005,0.9695950480857485,0.0,0.023449721137260016,0.05694801279675782,0.08211229188450198
1436.0,1.0,8.0,4294967295.0,4294967295.0,1.0,0.011166503443670775,0.011783969131237873,1108.0,2.0,-1.0,-1.0,0.9996862798937005,0.9695950480857485,0.0,0.023449721137260016,0.05692700539297446,0.08208600962312163
1437.0,1.0,8.0,4294967295.0,4294967295.0,1.0,0.011166503443670775,0.011783969131237866,1109.0,1.0,-1.0,-1.0,0.9996862798937005,0.9695950480857485,0.0,0.023449721137260016,0.056905997989191104,0.08205972401387965
1438.0,1.0,8.0,4294967295.0,4294967295.0,1.0,0.011166503443670775,0.011783969131237873,1110.0,2.0,-1.0,-1.0,0.9996862798937005,0.9695950480857485,0.0,0.023449721137260016,0.05688499058540775,0.08203343505454341
1439.0,1.0,6.0,4294967295.0,4294967295.0,1.0,0.011166503443670782,0.01178396913123786,1111.0,0.0,-1.0,-1.0,0.9996862798937005,0.9695950480857485,0.0,0.023449721137260016,0.056863983181624396,0.08200714274287876
1440.0,1.0,3.0,4294967295.0,4294967295.0,1.0,0.011166503443670789,0.01178396913123786,1112.0,1.0,-1.0,-1.0,0.9996862798937005,0.9695950480857485,0.0,0.023449721137260016,0.05684297577784105,0.08198084707665004
1441.0,1.0,5.0,4294967295.0,4294967295.0,1.0,0.011166503443670796,0.011783969131237845,1113.0,0.0,-1.0,-1.0,0.9996862798937005,0.9695950480857485,0.0,0.023449721137260016,0.0568219683740577,0.08195454805362018
1442.0,1.0,0.0,4294967295.0,4294967295.0,1.0,0.011166503443670796,0.011783969131237838,1114.0,0.0,-1.0,-1.0,0.867541277643506,0.06874293104515919,0.0,0.023449721137260016,0.056224532671047316,0.07549794625311734
1443.0,1.0,0.0,4294967295.0,4294967295.0,2.0,0.011166503443670789,0.011783969131237838,1115.0,0.0,-1.0,-1.0,0.014204893595178028,0.008388570143134403,0.0,0.023449721137260016,0.03395744083810241,0.05671142207839369
1445.0,2.0,0.0,4294967295.0,4294967295.0,2.0,0.011165018056223067,0.011783471395647088,1116.0,0.0,-1.0,-1.0,8.322821131341495e-05,0.008247717015336387,28.0,0.023449721137260016,0.03323696214924422,0.05666802867050268
1447.0,2.0,0.0,4294967295.0,4294967295.0,2.0,0.011163542135031637,0.011783006722284342,1117.0,0.0,-1.0,-1.0,8.315965605345438e-05,0.00824771634159882,28.0,0.023449721137260016,0.0332045343322388,0.056624944231085224
1449.0,2.0,0.0,4294967295.0,4294967295.0,2.0,0.011162066213885498,0.011782542049079893,1118.0,0.0,-1.0,-1.0,8.315965572534506e-05,0.0082477163415956,28.0,0.023449721137260016,0.03317212335024281,0.05658185979314654
1451.0,2.0,0.0,4294967295.0,4294967295.0,2.0,0.011160590292739352,0.01178207737587545,1119.0,0.0,-1.0,-1.0,8.315965572534348e-05,0.0082477163415956,28.0,0.023449721137260016,0.033139725882507104,0.05653877535520787
1453.0,2.0,0.0,4294967295.0,4294967295.0,2.0,0.011159114371593205,0.011781612702671015,1120.0,0.0,-1.0,-1.0,8.315965572534348e-05,0.0082477163415956,28.0,0.023449721137260016,0.0331073419470467,0.0564956909172692
1455.0,2.0,0.0,4294967295.0,4294967295.0,2.0,0.011157638450447059,0.011781148029466566,1121.0,0.0,-1.0,-1.0,8.315965572534348e-05,0.0082477163415956,28.0,0.023449721137260016,0.03307497156191669,0.056452606479330536
1457.0,2.0,0.0,4294967295.0,4294967295.0,2.0,0.011156162529300899,0.011780683356262131,1122.0,0.0,-1.0,-1.0,8.315965572534348e-05,0.0082477163415956,28.0,0.023449721137260016,0.03304261474519621,0.05640952204139187
1459.0,2.0,0.0,4294967295.0,4294967295.0,2.0,0.011154686608154753,0.011780218683057689,1123.0,0.0,-1.0,-1.0,8.315965572534348e-05,0.0082477163415956,28.0,0.023449721137260016,0.033010271514988546,0.056366437603453196
1461.0,2.0,0.0,4294967295.0,4294967295.0,2.0,0.011153210687008606,0.011779754009853254,1124.0,0.0,-1.0,-1.0,8.315965572534348e-05,0.0082477163415956,28.0,0.023449721137260016,0.03297794188942113,0.05632335316551452
1463.0,2.0,0.0,4294967295.0,4294967295.0,2.0,0.011151734765862453,0.011779289336648811,1125.0,0.0,-1.0,-1.0,8.315965572534348e-05,0.0082477163415956,28.0,0.023449721137260016,0.03294562588664559,0.05628026872757585
1465.0,2.0,0.0,4294967295.0,4294967295.0,2.0,0.011150258844716314,0.011778824663444376,1126.0,0.0,-1.0,-1.0,8.315965572534348e-05,0.0082477163415956,28.0,0.023449721137260016,0.03291332352483775,0.056237184289637185
1467.0,2.0,9.0,4294967295.0,4294967295.0,1.0,0.011148782923570168,0.01177835999023994,1127.0,0.0,-1.0,-1.0,0.9199468679552478,0.9642684400400007,28.0,0.023449721137260016,0.05625463628753721,0.07740846889543239
1468.0,1.0,9.0,4294967295.0,4294967295.0,1.0,0.01114878292357016,0.011778359990239934,1128.0,0.0,-1.0,-1.0,0.999683885745438,0.9696073950447441,0.0,0.023449721137260016,0.05623705584814849,0.08124188416015157
1469.0,1.0,7.0,4294967295.0,4294967295.0,1.0,0.01114878292357016,0.01177835999023994,1129.0,2.0,-1.0,-1.0,0.9996862798326052,0.9695950477083302,0.0,0.023449721137260016,0.056216040547791085,0.08121560609796105
1470.0,1.0,11.0,4294967295.0,4294967295.0,1.0,0.011148782923570154,0.01177835999023994,1130.0,1.0,-1.0,-1.0,0.999686279893699,0.9695950480767632,0.0,0.023449721137260016,0.05619503314423401,0.081189208750768
1471.0,1.0,10.0,4294967295.0,4294967295.0,1.0,0.011148782923570154,0.011778359990239934,1131.0,0.0,-1.0,-1.0,0.9996862798937005,0.969595048085752,0.0,0.023449721137260016,0.05617402574045641,0.08116280797600588
1472.0,1.0,6.0,4294967295.0,4294967295.0,1.0,0.011148782923570154,0.011778359990239934,1132.0,0.0,-1.0,-1.0,0.9996862798937005,0.9695950480857485,0.0,0.023449721137260016,0.05615301833667305,0.0811364037743468
1473.0,1.0,6.0,4294967295.0,4294967295.0,1.0,0.01114878292357016,0.01177835999023992,1133.0,1.0,-1.0,-1.0,0.9996862798937005,0.9695950480857485,0.0,0.023449721137260016,0.05613201093288969,0.08110999614350548
1474.0,1.0,6.0,4294967295.0,4294967295.0,1.0,0.01114878292357016,0.01177835999023992,1134.0,0.0,-1.0,-1.0,0.9996862798937005,0.9695950480857485,0.0,0.023449721137260016,0.05611100352910634,0.08108358508119502
1475.0,1.0,5.0,4294967295.0,4294967295.0,1.0,0.011148782923570168,0.011778359990239913,1135.0,1.0,-1.0,-1.0,0.9996862798937005,0.9695950480857485,0.0,0.023449721137260016,0.056089996125322984,0.08105717058512703
1476.0,1.0,8.0,4294967295.0,4294967295.0,1.0,0.011148782923570168,0.01177835999023992,1136.0,2.0,-1.0,-1.0,0.9996862798937005,0.9695950480857485,0.0,0.023449721137260016,0.05606898872153963,0.08103075265301159
1477.0,1.0,8.0,4294967295.0,4294967295.0,1.0,0.011148782923570168,0.011778359990239913,1137.0,1.0,-1.0,-1.0,0.9996862798937005,0.9695950480857485,0.0,0.023449721137260016,0.05604798131775628,0.0810043312825572
1478.0,1.0,2.0,4294967295.0,4294967295.0,1.0,0.011148782923570175,0.011778359990239913,1138.0,0.0,-1.0,-1.0,0.9996862798937005,0.9695950480857485,0.0,0.023449721137260016,0.05602697391397293,0.08097790647147088
1479.0,1.0,8.0,4294967295.0,4294967295.0,1.0,0.011148782923570182,0.0117783599902399,1139.0,1.0,-1.0,-1.0,0.9996862798937005,0.9695950480857485,0.0,0.023449721137260016,0.056005966510189596,0.08095147821745813
1480.0,1.0,8.0,4294967295.0,4294967295.0,1.0,0.011148782923570189,0.011778359990239892,1140.0,1.0,-1.0,-1.0,0.9996862798937005,0.9695950480857485,0.0,0.023449721137260016,0.05598495910640624,0.08092504651822288
1481.0,1.0,7.0,4294967295.0,4294967295.0,1.0,0.011148782923570189,0.011778359990239878,1141.0,0.0,-1.0,-1.0,0.9996862798937005,0.9695950480857485,0.0,0.023449721137260016,0.05596395170262288,0.08089861137146757
1482.0,1.0,4.0,4294967295.0,4294967295.0,1.0,0.011148782923570189,0.011778359990239878,1142.0,1.0,-1.0,-1.0,0.9996862798937005,0.9695950480857485,0.0,0.023449721137260016,0.05594294429883953,0.08087217277489306
1483.0,1.0,5.0,4294967295.0,4294967295.0,1.0,0.011148782923570195,0.011778359990239871,1143.0,0.0,-1.0,-1.0,0.9996862798937005,0.9695950480857485,0.0,0.023449721137260016,0.055921936895056173,0.08084573072619872
1484.0,1.0,4.0,4294967295.0,4294967295.0,1.0,0.011148782923570202,0.011778359990239871,1144.0,0.0,-1.0,-1.0,0.9996862798937005,0.9695950480857485,0.0,0.023449721137260016,0.05590092949127283,0.08081928522308238
1485.0,1.0,5.0,4294967295.0,4294967295.0,1.0,0.01114878292357021,0.011778359990239864,1145.0,0.0,-1.0,-1.0,0.9996862798937005,0.9695950480857485,0.0,0.023449721137260016,0.05587992208748947,0.08079283626324031
1486.0,1.0,4.0,4294967295.0,4294967295.0,1.0,0.01114878292357021,0.011778359990239864,1146.0,0.0,-1.0,-1.0,0.9996862798937005,0.9695950480857485,0.0,0.023449721137260016,0.05585891468370612,0.08076638384436724
1487.0,1.0,11.0,4294967295.0,4294967295.0,1.0,0.011148782923570216,0.01177835999023985,1147.0,1.0,-1.0,-1.0,0.9996862798937005,0.9695950480857485,0.0,0.023449721137260016,0.055837907279922765,0.0807399279641564
1488.0,1.0,10.0,4294967295.0,4294967295.0,1.0,0.011148782923570216,0.01177835999023985,1148.0,0.0,-1.0,-1.0,0.9996862798937005,0.9695950480857485,0.0,0.023449721137260016,0.05581689987613941,0.08071346862029947
1489.0,1.0,9.0,4294967295.0,4294967295.0,1.0,0.011148782923570216,0.011778359990239837,1149.0,0.0,-1.0,-1.0,0.9996862798937005,0.9695950480857485,0.0,0.023449721137260016,0.055795892472356064,0.08068700581048659
1490.0,1.0,4.0,4294967295.0,4294967295.0,1.0,0.011148782923570223,0.01177835999023983,1150.0,0.0,-1.0,-1.0,0.9996862798937005,0.9695950480857485,0.0,0.023449721137260016,0.05577488506857271,0.08066053953240632
1491.0,1.0,3.0,4294967295.0,4294967295.0,1.0,0.011148782923570223,0.011778359990239823,1151.0,0.0,-1.0,-1.0,0.9996862798937005,0.9695950480857485,0.0,0.023449721137260016,0.05575387766478937,0.08063406978374577
1492.0,1.0,6.0,4294967295.0,4294967295.0,1.0,0.01114878292357023,0.011778359990239823,1152.0,0.0,-1.0,-1.0,0.9996862798937005,0.9695950480857485,0.0,0.023449721137260016,0.05573287026100601,0.08060759656219037
1493.0,1.0,3.0,4294967295.0,4294967295.0,1.0,0.01114878292357023,0.011778359990239816,1153.0,0.0,-1.0,-1.0,0.9996862798937005,0.9695950480857485,0.0,0.023449721137260016,0.055711862857222655,0.08058111986542411
1494.0,1.0,5.0,4294967295.0,4294967295.0,1.0,0.01114878292357023,0.011778359990239823,1154.0,0.0,-1.0,-1.0,0.9996862798937005,0.9695950480857485,0.0,0.023449721137260016,0.055690855453439304,0.08055463969112944
1495.0,1.0,6.0,4294967295.0,4294967295.0,1.0,0.011148782923570237,0.011778359990239809,1155.0,0.0,-1.0,-1.0,0.9996862798937005,0.9695950480857485,0.0,0.023449721137260016,0.05566984804965595,0.08052815603698721
1496.0,1.0,6.0,4294967295.0,4294967295.0,1.0,0.011148782923570237,0.011778359990239802,1156.0,0.0,-1.0,-1.0,0.9996862798937005,0.9695950480857485,0.0,0.023449721137260016,0.055648840645872596,0.08050166890067675
1497.0,1.0,7.0,4294967295.0,4294967295.0,1.0,0.011148782923570244,0.011778359990239788,1157.0,0.0,-1.0,-1.0,0.9996862798937005,0.9695950480857485,0.0,0.023449721137260016,0.05562783324208924,0.08047517827987584
1498.0,1.0,2.0,4294967295.0,4294967295.0,1.0,0.011148782923570244,0.011778359990239781,1158.0,0.0,-1.0,-1.0,0.9996862798937005,0.9695950480857485,0.0,0.023449721137260016,0.05560682583830589,0.08044868417226073
1499.0,1.0,3.0,4294967295.0,4294967295.0,1.0,0.011148782923570251,0.011778359990239774,1159.0,1.0,-1.0,-1.0,0.9996862798937005,0.9695950480857485,0.0,0.023449721137260016,0.05558581843452254,0.08042218657550608
1500.0,1.0,4.0,4294967295.0,4294967295.0,1.0,0.011148782923570258,0.011778359990239781,1160.0,1.0,-1.0,-1.0,0.9996862798937005,0.9695950480857485,0.0,0.023449721137260016,0.05556481103073918,0.08039568548728504
1501.0,1.0,7.0,4294967295.0,4294967295.0,1.0,0.011148782923570265,0.011778359990239774,1161.0,0.0,-1.0,-1.0,0.9996862798937005,0.9695950480857485,0.0,0.023449721137260016,0.055543803626955844,0.08036918090526918
1502.0,1.0,6.0,4294967295.0,4294967295.0,1.0,0.011148782923570272,0.011778359990239774,1162.0,2.0,-1.0,-1.0,0.9996862798937005,0.9695950480857485,0.0,0.023449721137260016,0.055522796223172494,0.08034267282712851
1503.0,1.0,7.0,4294967295.0,4294967295.0,1.0,0.011148782923570272,0.01177835999023976,1163.0,1.0,-1.0,-1.0,0.9996862798937005,0.9695950480857485,0.0,0.023449721137260016,0.05550178881938915,0.08031616125053154
1504.0,1.0,5.0,4294967295.0,4294967295.0,1.0,0.011148782923570279,0.011778359990239753,1164.0,1.0,-1.0,-1.0,0.9996862798937005,0.9695950480857485,0.0,0.023449721137260016,0.05548078141560579,0.08028964617314516
1505.0,1.0,10.0,4294967295.0,4294967295.0,1.0,0.011148782923570279,0.01177835999023974,1165.0,0.0,-1.0,-1.0,0.9996862798937005,0.9695950480857485,0.0,0.023449721137260016,0.055459774011822435,0.08026312759263474
1506.0,1.0,5.0,4294967295.0,4294967295.0,1.0,0.011148782923570286,0.01177835999023974,1166.0,0.0,-1.0,-1.0,0.9996862798937005,0.9695950480857485,0.0,0.023449721137260016,0.05543876660803909,0.08023660550666409
1507.0,1.0,6.0,4294967295.0,4294967295.0,1.0,0.011148782923570293,0.011778359990239733,1167.0,1.0,-1.0,-1.0,0.9996862798937005,0.9695950480857485,0.0,0.023449721137260016,0.055417759204255734,0.08021007991289543
1508.0,1.0,2.0,4294967295.0,4294967295.0,1.0,0.011148782923570293,0.011778359990239733,1168.0,2.0,-1.0,-1.0,0.9996862798937005,0.9695950480857485,0.0,0.023449721137260016,0.055396751800472384,0.08018355080898948
1509.0,1.0,10.0,4294967295.0,4294967295.0,1.0,0.0111487829235703,0.011778359990239726,1169.0,0.0,-1.0,-1.0,0.9996862798937005,0.9695950480857485,0.0,0.023449721137260016,0.055375744396689026,0.08015701819260537
1510.0,1.0,3.0,4294967295.0,4294967295.0,1.0,0.0111487829235703,0.011778359990239726,1170.0,1.0,-1.0,-1.0,0.9996862798937005,0.9695950480857485,0.0,0.023449721137260016,0.05535473699290567,0.08013048206140065
1511.0,1.0,5.0,4294967295.0,4294967295.0,1.0,0.0111487829235703,0.011778359990239712,1171.0,1.0,-1.0,-1.0,0.9996862798937005,0.9695950480857485,0.0,0.023449721137260016,0.05533372958912232,0.08010394241303133
1512.0,1.0,5.0,4294967295.0,4294967295.0,1.0,0.011148782923570306,0.011778359990239712,1172.0,1.0,-1.0,-1.0,0.9996862798937005,0.9695950480857485,0.0,0.023449721137260016,0.05531272218533896,0.08007739924515188
1513.0,1.0,9.0,4294967295.0,4294967295.0,1.0,0.011148782923570306,0.011778359990239698,1173.0,0.0,-1.0,-1.0,0.9996862798937005,0.9695950480857485,0.0,0.023449721137260016,0.05529171478155562,0.08005085255541515
1514.0,1.0,11.0,4294967295.0,4294967295.0,1.0,0.011148782923570313,0.011778359990239691,1174.0,0.0,-1.0,-1.0,0.9996862798937005,0.9695950480857485,0.0,0.023449721137260016,0.05527070737777227,0.08002430234147245
1515.0,1.0,4.0,4294967295.0,4294967295.0,1.0,0.011148782923570313,0.011778359990239684,1175.0,2.0,-1.0,-1.0,0.9996862798937005,0.9695950480857485,0.0,0.023449721137260016,0.05524969997398892,0.07999774860097351
1516.0,1.0,8.0,4294967295.0,4294967295.0,1.0,0.011148782923570313,0.011778359990239684,1176.0,0.0,-1.0,-1.0,0.9996862798937005,0.9695950480857485,0.0,0.023449721137260016,0.055228692570205566,0.07997119133156656
1517.0,1.0,7.0,4294967295.0,4294967295.0,1.0,0.01114878292357032,0.011778359990239677,1177.0,1.0,-1.0,-1.0,0.9996862798937005,0.9695950480857485,0.0,0.023449721137260016,0.05520768516642221,0.07994463053089818
1518.0,1.0,8.0,4294967295.0,4294967295.0,1.0,0.01114878292357032,0.011778359990239684,1178.0,0.0,-1.0,-1.0,0.9996862798937005,0.9695950480857485,0.0,0.023449721137260016,0.05518667776263886,0.0799180661966134
1519.0,1.0,4.0,4294967295.0,4294967295.0,1.0,0.011148782923570327,0.01177835999023967,1179.0,1.0,-1.0,-1.0,0.9996862798937005,0.9695950480857485,0.0,0.023449721137260016,0.0551656703588555,0.0798914983263557
1520.0,1.0,9.0,4294967295.0,4294967295.0,1.0,0.011148782923570327,0.011778359990239663,1180.0,0.0,-1.0,-1.0,0.9996862798937005,0.9695950480857485,0.0,0.023449721137260016,0.05514466295507215,0.07986492691776696
1521.0,1.0,7.0,4294967295.0,4294967295.0,1.0,0.011148782923570334,0.01177835999023965,1181.0,1.0,-1.0,-1.0,0.9996862798937005,0.9695950480857485,0.0,0.023449721137260016,0.0551236555512888,0.07983835196848754
1522.0,1.0,9.0,4294967295.0,4294967295.0,1.0,0.011148782923570341,0.011778359990239642,1182.0,0.0,-1.0,-1.0,0.9996862798937005,0.9695950480857485,0.0,0.023449721137260016,0.05510264814750544,0.07981177347615616
1523.0,1.0,6.0,4294967295.0,4294967295.0,1.0,0.011148782923570348,0.011778359990239635,1183.0,1.0,-1.0,-1.0,0.9996862798937005,0.9695950480857485,0.0,0.023449721137260016,0.0550816407437221,0.07978519143841004
1524.0,1.0,1.0,4294967295.0,4294967295.0,1.0,0.011148782923570355,0.011778359990239642,1184.0,0.0,-1.0,-1.0,0.9996862798937005,0.9695950480857485,0.0,0.023449721137260016,0.05506063333993875,0.07975860585288475
1525.0,1.0,0.0,4294967295.0,4294967295.0,1.0,0.011148782923570355,0.011778359990239635,1185.0,1.0,-1.0,-1.0,0.867541277643506,0.06874293104515919,0.0,0.023449721137260016,0.05446319763692837,0.07341550575718003
1526.0,1.0,10.0,4294967295.0,4294967295.0,1.0,0.011148782923570348,0.011778359990239635,1186.0,2.0,-1.0,-1.0,0.9996811680298321,0.9730334464906178,0.0,0.023449721137260016,0.05502081135539916,0.07970517973609606
1527.0,1.0,5.0,4294967295.0,4294967295.0,1.0,0.011148782923570348,0.011778359990239629,1187.0,0.0,-1.0,-1.0,0.999686279757283,0.9696008543925715,0.0,0.023449721137260016,0.05499761484649855,0.07967882777944835
1528.0,1.0,6.0,4294967295.0,4294967295.0,1.0,0.011148782923570341,0.011778359990239622,1188.0,0.0,-1.0,-1.0,0.999686279893697,0.9695950435186619,0.0,0.023449721137260016,0.054976603721887445,0.07965222798564855
1529.0,1.0,3.0,4294967295.0,4294967295.0,1.0,0.011148782923570348,0.011778359990239615,1189.0,0.0,-1.0,-1.0,0.9996862798937004,0.9695950480830628,0.0,0.023449721137260016,0.05495559632102026,0.07962562462570642
1530.0,1.0,3.0,4294967295.0,4294967295.0,1.0,0.011148782923570348,0.011778359990239615,1190.0,0.0,-1.0,-1.0,0.9996862798937005,0.969595048085753,0.0,0.023449721137260016,0.05493458891723863,0.07959901770376544
1531.0,1.0,7.0,4294967295.0,4294967295.0,1.0,0.011148782923570355,0.011778359990239615,1191.0,1.0,-1.0,-1.0,0.9996862798937005,0.9695950480857485,0.0,0.023449721137260016,0.05491358151345527,0.07957240721745029
1532.0,1.0,5.0,4294967295.0,4294967295.0,1.0,0.011148782923570355,0.011778359990239622,1192.0,0.0,-1.0,-1.0,0.9996862798937005,0.9695950480857485,0.0,0.023449721137260016,0.05489257410967191,0.07954579316438393
1533.0,1.0,2.0,4294967295.0,4294967295.0,1.0,0.011148782923570355,0.011778359990239622,1193.0,0.0,-1.0,-1.0,0.9996862798937005,0.9695950480857485,0.0,0.023449721137260016,0.05487156670588856,0.07951917554218775
1534.0,1.0,6.0,4294967295.0,4294967295.0,1.0,0.011148782923570362,0.011778359990239622,1194.0,0.0,-1.0,-1.0,0.9996862798937005,0.9695950480857485,0.0,0.023449721137260016,0.0548505593021052,0.07949255434848153
1535.0,1.0,2.0,4294967295.0,4294967295.0,1.0,0.011148782923570362,0.011778359990239608,1195.0,1.0,-1.0,-1.0,0.9996862798937005,0.9695950480857485,0.0,0.023449721137260016,0.05482955189832185,0.07946592958088348
1536.0,1.0,8.0,4294967295.0,4294967295.0,1.0,0.011148782923570369,0.0117783599902396,1196.0,3.0,-1.0,-1.0,0.9996862798937005,0.9695950480857485,0.0,0.023449721137260016,0.054808544494538494,0.0794393012370102
1537.0,1.0,14.0,4294967295.0,4294967295.0,1.0,0.011148782923570369,0.011778359990239594,1197.0,0.0,-1.0,-1.0,0.9996862798937005,0.9695950480857485,0.0,0.023449721137260016,0.054787537090755144,0.0794126693144767
1538.0,1.0,8.0,4294967295.0,4294967295.0,1.0,0.011148782923570369,0.011778359990239594,1198.0,0.0,-1.0,-1.0,0.9996862798937005,0.9695950480857485,0.0,0.023449721137260016,0.0547665296869718,0.07938603381089644
1539.0,1.0,5.0,4294967295.0,4294967295.0,1.0,0.011148782923570376,0.011778359990239594,1199.0,0.0,-1.0,-1.0,0.9996862798937005,0.9695950480857485,0.0,0.023449721137260016,0.05474552228318845,0.07935939472388125
1540.0,1.0,3.0,4294967295.0,4294967295.0,1.0,0.011148782923570383,0.011778359990239594,1200.0,1.0,-1.0,-1.0,0.9996862798937005,0.9695950480857485,0.0,0.023449721137260016,0.054724514879405106,0.07933275205104134
1541.0,1.0,9.0,4294967295.0,4294967295.0,1.0,0.01114878292357039,0.011778359990239587,1201.0,3.0,-1.0,-1.0,0.9996862798937005,0.9695950480857485,0.0,0.023449721137260016,0.05470350747562175,0.0793061057899854
1542.0,1.0,9.0,4294967295.0,4294967295.0,1.0,0.01114878292357039,0.011778359990239587,1202.0,1.0,-1.0,-1.0,0.9996862798937005,0.9695950480857485,0.0,0.023449721137260016,0.05468250007183839,0.07927945593832049
1543.0,1.0,9.0,4294967295.0,4294967295.0,1.0,0.01114878292357039,0.01177835999023958,1203.0,1.0,-1.0,-1.0,0.9996862798937005,0.9695950480857485,0.0,0.023449721137260016,0.05466149266805504,0.07925280249365206
1544.0,1.0,6.0,4294967295.0,4294967295.0,1.0,0.011148782923570397,0.01177835999023958,1204.0,0.0,-1.0,-1.0,0.9996862798937005,0.9695950480857485,0.0,0.023449721137260016,0.05464048526427168,0.07922614545358399
1545.0,1.0,5.0,4294967295.0,4294967295.0,1.0,0.011148782923570404,0.011778359990239573,1205.0,0.0,-1.0,-1.0,0.9996862798937005,0.9695950480857485,0.0,0.023449721137260016,0.05461947786048834,0.07919948481571853
1546.0,1.0,0.0,4294967295.0,4294967295.0,1.0,0.01114878292357041,0.011778359990239566,1206.0,0.0,-1.0,-1.0,0.867541277643506,0.06874293104515919,0.0,0.023449721137260016,0.05402204215747796,0.07288611145918236
1547.0,1.0,0.0,4294967295.0,4294967295.0,2.0,0.011148782923570404,0.011778359990239573,1207.0,0.0,-1.0,-1.0,0.014204893595178028,0.008388570143134403,0.0,0.023449721137260016,0.03227320333814246,0.054504788039300006
1549.0,2.0,0.0,4294967295.0,4294967295.0,2.0,0.01114729753612271,0.01177786225464883,1208.0,0.0,-1.0,-1.0,8.322821131341495e-05,0.008247717015336387,28.0,0.023449721137260016,0.031568804902375694,0.054461394631408984
1551.0,2.0,0.0,4294967295.0,4294967295.0,2.0,0.01114582161493128,0.01177739758128609,1209.0,0.0,-1.0,-1.0,8.315965605345438e-05,0.00824771634159882,29.0,0.023449721137260016,0.031537103381365235,0.054418310191991524
1553.0,2.0,0.0,4294967295.0,4294967295.0,2.0,0.01114434569378512,0.011776932908081655,1210.0,0.0,-1.0,-1.0,8.315965572534506e-05,0.0082477163415956,29.0,0.023449721137260016,0.03150541958966345,0.05437522575405284
1555.0,2.0,0.0,4294967295.0,4294967295.0,2.0,0.011142869772638973,0.011776488906539144,1211.0,0.0,-1.0,-1.0,8.315965572534348e-05,0.0082477163415956,29.0,0.023449721137260016,0.031473750282455325,0.05433214131611417
1557.0,2.0,0.0,4294967295.0,4294967295.0,2.0,0.011141393851492834,0.011776069811264597,1212.0,0.0,-1.0,-1.0,8.315965572534348e-05,0.0082477163415956,29.0,0.023449721137260016,0.03144209547905076,0.0542890568781755
1559.0,2.0,0.0,4294967295.0,4294967295.0,2.0,0.011139917930346695,0.01177565071599005,1213.0,0.0,-1.0,-1.0,8.315965572534348e-05,0.0082477163415956,29.0,0.023449721137260016,0.03141045519880105,0.05424597244023683
1561.0,2.0,0.0,4294967295.0,4294967295.0,2.0,0.011138442009200542,0.011775231620715504,1214.0,0.0,-1.0,-1.0,8.315965572534348e-05,0.0082477163415956,29.0,0.023449721137260016,0.031378829461083314,0.05420288800229816
1563.0,2.0,0.0,4294967295.0,4294967295.0,2.0,0.011136966088054388,0.01177481252544095,1215.0,0.0,-1.0,-1.0,8.315965572534348e-05,0.0082477163415956,29.0,0.023449721137260016,0.03134721828530054,0.054159803564359496
1565.0,2.0,0.0,4294967295.0,4294967295.0,2.0,0.011135490166908235,0.01177439343016641,1216.0,0.0,-1.0,-1.0,8.315965572534348e-05,0.0082477163415956,29.0,0.023449721137260016,0.03131562169088159,0.054116719126420826
1567.0,2.0,0.0,4294967295.0,4294967295.0,2.0,0.011134014245762075,0.01177397433489185,1217.0,0.0,-1.0,-1.0,8.315965572534348e-05,0.0082477163415956,29.0,0.023449721137260016,0.031284039697281246,0.05407363468848215
1569.0,2.0,0.0,4294967295.0,4294967295.0,2.0,0.011132538324615929,0.01177355523961729,1218.0,0.0,-1.0,-1.0,8.315965572534348e-05,0.0082477163415956,29.0,0.023449721137260016,0.03125247232398025,0.05403055025054348
1571.0,2.0,0.0,4294967295.0,4294967295.0,2.0,0.01113106240346979,0.011773136144342736,1219.0,0.0,-1.0,-1.0,8.315965572534348e-05,0.0082477163415956,29.0,0.023449721137260016,0.031220919590485334,0.05398746581260481
1573.0,2.0,0.0,4294967295.0,4294967295.0,2.0,0.011129586482323643,0.011772717049068175,1220.0,0.0,-1.0,-1.0,8.315965572534348e-05,0.0082477163415956,29.0,0.023449721137260016,0.031189381516329263,0.05394438137466614
1575.0,2.0,0.0,4294967295.0,4294967295.0,2.0,0.011128110561177497,0.011772297953793621,1221.0,0.0,-1.0,-1.0,8.315965572534348e-05,0.0082477163415956,29.0,0.023449721137260016,0.03115785812107085,0.053901296936727475
1577.0,2.0,0.0,4294967295.0,4294967295.0,2.0,0.011126634640031337,0.011771878858519068,1222.0,0.0,-1.0,-1.0,8.315965572534348e-05,0.0082477163415956,29.0,0.023449721137260016,0.03112634942429502,0.05385821249878881
1579.0,2.0,0.0,4294967295.0,4294967295.0,2.0,0.011125158718885184,0.011771459763244521,1223.0,0.0,-1.0,-1.0,8.315965572534348e-05,0.0082477163415956,29.0,0.023449721137260016,0.031094855445612815,0.053815128060850134
1581.0,2.0,0.0,4294967295.0,4294967295.0,2.0,0.011123682797739044,0.011771040667969968,1224.0,0.0,-1.0,-1.0,8.315965572534348e-05,0.0082477163415956,29.0,0.023449721137260016,0.031063376204661458,0.05377204362291146
1583.0,2.0,0.0,4294967295.0,4294967295.0,2.0,0.011122206876592891,0.011770621572695414,1225.0,0.0,-1.0,-1.0,8.315965572534348e-05,0.0082477163415956,29.0,0.023449721137260016,0.031031911721104356,0.05372895918497279
1585.0,2.0,0.0,4294967295.0,4294967295.0,2.0,0.011120730955446745,0.01177020247742086,1226.0,0.0,-1.0,-1.0,8.315965572534348e-05,0.0082477163415956,29.0,0.023449721137260016,0.031000462014631164,0.053685874747034124
1587.0,2.0,0.0,4294967295.0,4294967295.0,2.0,0.011119255034300606,0.011769783382146314,1227.0,0.0,-1.0,-1.0,8.315965572534348e-05,0.0082477163415956,29.0,0.023449721137260016,0.030969027104957796,0.05364279030909545
1589.0,2.0,0.0,4294967295.0,4294967295.0,2.0,0.011117779113154445,0.01176936428687176,1228.0,0.0,-1.0,-1.0,8.315965572534348e-05,0.0082477163415956,29.0,0.023449721137260016,0.030937607011826473,0.05359970587115678
1591.0,2.0,0.0,4294967295.0,4294967295.0,2.0,0.011116303192008292,0.0117689451915972,1229.0,0.0,-1.0,-1.0,8.315965572534348e-05,0.0082477163415956,29.0,0.023449721137260016,0.030906201755005767,0.05355662143321812
1593.0,2.0,0.0,4294967295.0,4294967295.0,2.0,0.011114827270862153,0.011768526096322646,1230.0,0.0,-1.0,-1.0,8.315965572534348e-05,0.0082477163415956,29.0,0.023449721137260016,0.03087481135429062,0.05351353699527944
1595.0,2.0,0.0,4294967295.0,4294967295.0,2.0,0.011113351349716007,0.011768107001048092,1231.0,0.0,-1.0,-1.0,8.315965572534348e-05,0.0082477163415956,29.0,0.023449721137260016,0.030843435829502382,0.05347045255734077
1597.0,2.0,0.0,4294967295.0,4294967295.0,2.0,0.01111187542856986,0.011767687905773538,1232.0,0.0,-1.0,-1.0,8.315965572534348e-05,0.0082477163415956,29.0,0.023449721137260016,0.03081207520048885,0.0534273681194021
1599.0,2.0,0.0,4294967295.0,4294967295.0,2.0,0.011110399507423707,0.011767268810498992,1233.0,0.0,-1.0,-1.0,8.315965572534348e-05,0.0082477163415956,29.0,0.023449721137260016,0.030780729487124306,0.05338428368146343
1601.0,2.0,0.0,4294967295.0,4294967295.0,2.0,0.011108923586277547,0.011766849715224445,1234.0,0.0,-1.0,-1.0,8.315965572534348e-05,0.0082477163415956,29.0,0.023449721137260016,0.030749398709309542,0.05334119924352476
1603.0,2.0,0.0,4294967295.0,4294967295.0,2.0,0.0111074476651314,0.011766430619949898,1235.0,0.0,-1.0,-1.0,8.315965572534348e-05,0.0082477163415956,29.0,0.023449721137260016,0.03071808288697191,0.0532981148055861
1605.0,2.0,0.0,4294967295.0,4294967295.0,2.0,0.011105971743985248,0.011766011524675352,1236.0,0.0,-1.0,-1.0,8.315965572534348e-05,0.0082477163415956,29.0,0.023449721137260016,0.03068678204006535,0.05325503036764743
1607.0,2.0,0.0,4294967295.0,4294967295.0,2.0,0.011104495822839101,0.011765592429400798,1237.0,0.0,-1.0,-1.0,8.315965572534348e-05,0.0082477163415956,29.0,0.023449721137260016,0.030655496188570407,0.05321194592970875
1609.0,2.0,0.0,4294967295.0,4294967295.0,2.0,0.011103019901692962,0.011765203715051256,1238.0,0.0,-1.0,-1.0,8.315965572534348e-05,0.0082477163415956,29.0,0.023449721137260016,0.030624225352494313,0.05316886149177008
1611.0,2.0,0.0,4294967295.0,4294967295.0,2.0,0.011101543980546809,0.011764827953511935,1239.0,0.0,-1.0,-1.0,8.315965572534348e-05,0.0082477163415956,29.0,0.023449721137260016,0.030592969551870967,0.05312577705383141
1613.0,2.0,0.0,4294967295.0,4294967295.0,2.0,0.011100068059400649,0.011764452191972627,1240.0,0.0,-1.0,-1.0,8.315965572534348e-05,0.0082477163415956,29.0,0.023449721137260016,0.03056172880676102,0.05308269261589274
1615.0,2.0,0.0,4294967295.0,4294967295.0,2.0,0.011098592138254502,0.01176407643043332,1241.0,0.0,-1.0,-1.0,8.315965572534348e-05,0.0082477163415956,29.0,0.023449721137260016,0.030530503137251874,0.05303960817795408
1617.0,2.0,0.0,4294967295.0,4294967295.0,2.0,0.011097116217108356,0.011763700668894018,1242.0,0.0,-1.0,-1.0,8.315965572534348e-05,0.0082477163415956,29.0,0.023449721137260016,0.030499292563457743,0.052996523740015414
1619.0,2.0,0.0,4294967295.0,4294967295.0,2.0,0.011095640295962217,0.011763324907354704,1243.0,0.0,-1.0,-1.0,8.315965572534348e-05,0.0082477163415956,29.0,0.023449721137260016,0.030468097105519662,0.05295343930207674
1621.0,2.0,0.0,4294967295.0,4294967295.0,2.0,0.01109416437481607,0.011762949145815382,1244.0,0.0,-1.0,-1.0,8.315965572534348e-05,0.0082477163415956,29.0,0.023449721137260016,0.03043691678360555,0.05291035486413806
1623.0,2.0,0.0,4294967295.0,4294967295.0,2.0,0.011092688453669917,0.01176257338427606,1245.0,0.0,-1.0,-1.0,8.315965572534348e-05,0.0082477163415956,29.0,0.023449721137260016,0.030405751617910235,0.05286727042619939
1625.0,2.0,0.0,4294967295.0,4294967295.0,2.0,0.011091212532523764,0.011762197622736753,1246.0,0.0,-1.0,-1.0,8.315965572534348e-05,0.0082477163415956,29.0,0.023449721137260016,0.03037460162865549,0.052824185988260726
1627.0,2.0,0.0,4294967295.0,4294967295.0,2.0,0.011089736611377618,0.011761821861197445,1247.0,0.0,-1.0,-1.0,8.315965572534348e-05,0.0082477163415956,29.0,0.023449721137260016,0.03034346683609006,0.052781101550322056
1629.0,2.0,0.0,4294967295.0,4294967295.0,2.0,0.011088260690231472,0.011761446099658145,1248.0,0.0,-1.0,-1.0,8.315965572534348e-05,0.0082477163415956,29.0,0.023449721137260016,0.030312347260489717,0.052738017112383385
1631.0,2.0,0.0,4294967295.0,4294967295.0,2.0,0.011086784769085332,0.01176107033811883,1249.0,0.0,-1.0,-1.0,8.315965572534348e-05,0.0082477163415956,29.0,0.023449721137260016,0.03028124292215727,0.052694932674444715
1633.0,2.0,0.0,4294967295.0,4294967295.0,2.0,0.011085308847939186,0.011760694576579508,1250.0,0.0,-1.0,-1.0,8.315965572534348e-05,0.0082477163415956,29.0,0.023449721137260016,0.03025015384142264,0.05265184823650604
1635.0,2.0,0.0,4294967295.0,4294967295.0,2.0,0.01108383292679304,0.011760318815040187,1251.0,0.0,-1.0,-1.0,8.315965572534348e-05,0.0082477163415956,29.0,0.023449721137260016,0.030219080038642845,0.05260876379856737
1637.0,2.0,0.0,4294967295.0,4294967295.0,2.0,0.01108235700564688,0.011759943053500872,1252.0,0.0,-1.0,-1.0,8.315965572534348e-05,0.0082477163415956,29.0,0.023449721137260016,0.030188021534202084,0.0525656793606287
1639.0,2.0,0.0,4294967295.0,4294967295.0,2.0,0.011080881084500727,0.011759567291961565,1253.0,0.0,-1.0,-1.0,8.315965572534348e-05,0.0082477163415956,29.0,0.023449721137260016,0.03015697834851175,0.05252259492269003
1641.0,2.0,0.0,4294967295.0,4294967295.0,2.0,0.011079405163354587,0.011759191530422264,1254.0,0.0,-1.0,-1.0,8.315965572534348e-05,0.0082477163415956,29.0,0.023449721137260016,0.030125950502010466,0.05247951048475136
1643.0,2.0,0.0,4294967295.0,4294967295.0,2.0,0.011077929242208441,0.01175881576888295,1255.0,0.0,-1.0,-1.0,8.315965572534348e-05,0.0082477163415956,29.0,0.023449721137260016,0.03009493801516412,0.052436426046812694
1645.0,2.0,0.0,4294967295.0,4294967295.0,2.0,0.011076453321062288,0.01175844000734362,1256.0,0.0,-1.0,-1.0,8.315965572534348e-05,0.0082477163415956,29.0,0.023449721137260016,0.030063940908465918,0.052393341608874024
1647.0,2.0,0.0,4294967295.0,4294967295.0,2.0,0.011074977399916149,0.0117580642458043,1257.0,0.0,-1.0,-1.0,8.315965572534348e-05,0.0082477163415956,29.0,0.023449721137260016,0.030032959202436395,0.052350257170935346
1649.0,2.0,0.0,4294967295.0,4294967295.0,2.0,0.011073501478769988,0.011757688484264985,1258.0,0.0,-1.0,-1.0,8.315965572534348e-05,0.0082477163415956,29.0,0.023449721137260016,0.030001992917623475,0.052307172732996676
1651.0,2.0,0.0,4294967295.0,4294967295.0,2.0,0.011072025557623835,0.011757312722725677,1259.0,0.0,-1.0,-1.0,8.315965572534348e-05,0.0082477163415956,29.0,0.023449721137260016,0.02997104207460249,0.052264088295058006
1653.0,2.0,0.0,4294967295.0,4294967295.0,2.0,0.011070549636477696,0.011756936961186376,1260.0,0.0,-1.0,-1.0,8.315965572534348e-05,0.0082477163415956,29.0,0.023449721137260016,0.029940106693976235,0.052221003857119336
1655.0,2.0,0.0,4294967295.0,4294967295.0,2.0,0.01106907371533155,0.011756594221001268,1261.0,0.0,-1.0,-1.0,8.315965572534348e-05,0.0082477163415956,29.0,0.023449721137260016,0.029909186796374984,0.05217791941918067
1657.0,2.0,0.0,4294967295.0,4294967295.0,2.0,0.01106759779418541,0.011756259525609603,1262.0,0.0,-1.0,-1.0,8.315965572534348e-05,0.0082477163415956,29.0,0.023449721137260016,0.029878282402456536,0.05213483498124201
1659.0,2.0,0.0,4294967295.0,4294967295.0,2.0,0.011066121873039264,0.01175592483021793,1263.0,0.0,-1.0,-1.0,8.315965572534348e-05,0.0082477163415956,29.0,0.023449721137260016,0.029847393532906257,0.05209175054330333
1661.0,2.0,0.0,4294967295.0,4294967295.0,2.0,0.011064645951893097,0.011755590134826265,1264.0,0.0,-1.0,-1.0,8.315965572534348e-05,0.0082477163415956,29.0,0.023449721137260016,0.02981652020843711,0.052048666105364655
1663.0,2.0,0.0,4294967295.0,4294967295.0,2.0,0.01106317003074695,0.011755255439434592,1265.0,0.0,-1.0,-1.0,8.315965572534348e-05,0.0082477163415956,29.0,0.023449721137260016,0.02978566244978969,0.05200558166742599
1665.0,2.0,0.0,4294967295.0,4294967295.0,2.0,0.011061694109600811,0.01175492074404292,1266.0,0.0,-1.0,-1.0,8.315965572534348e-05,0.0082477163415956,29.0,0.023449721137260016,0.029754820277732272,0.05196249722948733
1667.0,2.0,0.0,4294967295.0,4294967295.0,2.0,0.011060218188454658,0.011754586048651247,1267.0,0.0,-1.0,-1.0,8.315965572534348e-05,0.0082477163415956,29.0,0.023449721137260016,0.02972399371306084,0.05191941279154866
1669.0,2.0,0.0,4294967295.0,4294967295.0,2.0,0.011058742267308519,0.011754251353259589,1268.0,0.0,-1.0,-1.0,8.315965572534348e-05,0.0082477163415956,29.0,0.023449721137260016,0.02969318277659912,0.05187632835360999
1671.0,2.0,0.0,4294967295.0,4294967295.0,2.0,0.011057266346162366,0.011753916657867923,1269.0,0.0,-1.0,-1.0,8.315965572534348e-05,0.0082477163415956,29.0,0.023449721137260016,0.029662387489198624,0.05183324391567132
1673.0,2.0,0.0,4294967295.0,4294967295.0,2.0,0.011055790425016206,0.011753581962476244,1270.0,0.0,-1.0,-1.0,8.315965572534348e-05,0.0082477163415956,29.0,0.023449721137260016,0.02963160787173868,0.05179015947773265
1675.0,2.0,0.0,4294967295.0,4294967295.0,2.0,0.011054314503870052,0.011753247267084564,1271.0,0.0,-1.0,-1.0,8.315965572534348e-05,0.0082477163415956,29.0,0.023449721137260016,0.029600843945126472,0.05174707503979398
1677.0,2.0,0.0,4294967295.0,4294967295.0,2.0,0.011052838582723906,0.011752912571692899,1272.0,0.0,-1.0,-1.0,8.315965572534348e-05,0.0082477163415956,29.0,0.023449721137260016,0.02957009573029709,0.05170399060185531
1679.0,2.0,0.0,4294967295.0,4294967295.0,2.0,0.011051362661577767,0.01175257787630124,1273.0,0.0,-1.0,-1.0,8.315965572534348e-05,0.0082477163415956,29.0,0.023449721137260016,0.029539363248213553,0.05166090616391664
1681.0,2.0,0.0,4294967295.0,4294967295.0,2.0,0.01104988674043162,0.011752243180909575,1274.0,0.0,-1.0,-1.0,8.315965572534348e-05,0.0082477163415956,29.0,0.023449721137260016,0.029508646519866844,0.051617821725977966
1683.0,2.0,0.0,4294967295.0,4294967295.0,2.0,0.011048410819285467,0.011751908485517895,1275.0,0.0,-1.0,-1.0,8.315965572534348e-05,0.0082477163415956,29.0,0.023449721137260016,0.02947794556627595,0.05157473728803931
1685.0,2.0,0.0,4294967295.0,4294967295.0,2.0,0.011046934898139314,0.011751573790126223,1276.0,0.0,-1.0,-1.0,8.315965572534348e-05,0.0082477163415956,29.0,0.023449721137260016,0.029447260408487917,0.05153165285010064
1687.0,2.0,0.0,4294967295.0,4294967295.0,2.0,0.011045458976993168,0.011751239094734564,1277.0,0.0,-1.0,-1.0,8.315965572534348e-05,0.0082477163415956,30.0,0.023449721137260016,0.029416591067577852,0.05148856841216196
1689.0,2.0,0.0,4294967295.0,4294967295.0,2.0,0.011043983055847015,0.011750904399342892,1278.0,0.0,-1.0,-1.0,8.315965572534348e-05,0.0082477163415956,30.0,0.023449721137260016,0.029385937564649,0.05144548397422329
1691.0,2.0,0.0,4294967295.0,4294967295.0,2.0,0.011042507134700869,0.01175056970395122,1279.0,0.0,-1.0,-1.0,8.315965572534348e-05,0.0082477163415956,30.0,0.023449721137260016,0.029355299920832748,0.05140239953628462
1693.0,2.0,0.0,4294967295.0,4294967295.0,2.0,0.011041031213554722,0.011750246679490928,1280.0,0.0,-1.0,-1.0,8.315965572534348e-05,0.0082477163415956,30.0,0.023449721137260016,0.02932467815728869,0.05135931509834596
1695.0,2.0,0.0,4294967295.0,4294967295.0,2.0,0.011039555292408576,0.011749950760430908,1281.0,0.0,-1.0,-1.0,8.315965572534348e-05,0.0082477163415956,30.0,0.023449721137260016,0.029294072295204636,0.05131623066040729
1697.0,2.0,0.0,4294967295.0,4294967295.0,2.0,0.011038079371262416,0.011749654841370881,1282.0,0.0,-1.0,-1.0,8.315965572534348e-05,0.0082477163415956,30.0,0.023449721137260016,0.02926348235579667,0.051273146222468625
1699.0,2.0,0.0,4294967295.0,4294967295.0,2.0,0.011036603450116256,0.011749358922310854,1283.0,0.0,-1.0,-1.0,8.315965572534348e-05,0.0082477163415956,30.0,0.023449721137260016,0.029232908360309198,0.05123006178452995
1701.0,2.0,0.0,4294967295.0,4294967295.0,2.0,0.011035127528970116,0.011749063003250827,1284.0,0.0,-1.0,-1.0,8.315965572534348e-05,0.0082477163415956,30.0,0.023449721137260016,0.02920235033001495,0.05118697734659127
1703.0,2.0,0.0,4294967295.0,4294967295.0,2.0,0.011033651607823977,0.011748767084190814,1285.0,0.0,-1.0,-1.0,8.315965572534348e-05,0.0082477163415956,30.0,0.023449721137260016,0.02917180828621506,0.05114389290865261
1705.0,2.0,0.0,4294967295.0,4294967295.0,2.0,0.011032175686677824,0.011748471165130794,1286.0,0.0,-1.0,-1.0,8.315965572534348e-05,0.0082477163415956,30.0,0.023449721137260016,0.029141282250239056,0.051100808470713945
1707.0,2.0,0.0,4294967295.0,4294967295.0,2.0,0.011030699765531685,0.011748175246070774,1287.0,0.0,-1.0,-1.0,8.315965572534348e-05,0.0082477163415956,30.0,0.023449721137260016,0.02911077224344495,0.051057724032775274
1709.0,2.0,0.0,4294967295.0,4294967295.0,2.0,0.011029223844385531,0.011747879327010755,1288.0,0.0,-1.0,-1.0,8.315965572534348e-05,0.0082477163415956,30.0,0.023449721137260016,0.029080278287219236,0.051014639594836604
1711.0,2.0,0.0,4294967295.0,4294967295.0,2.0,0.011027747923239371,0.011747583407950742,1289.0,0.0,-1.0,-1.0,8.315965572534348e-05,0.0082477163415956,30.0,0.023449721137260016,0.029049800402976944,0.050971555156897934
1713.0,2.0,0.0,4294967295.0,4294967295.0,2.0,0.011026272002093225,0.011747287488890715,1290.0,0.0,-1.0,-1.0,8.315965572534348e-05,0.0082477163415956,30.0,0.023449721137260016,0.029019338612161674,0.050928470718959264
1715.0,2.0,0.0,4294967295.0,4294967295.0,2.0,0.011024796080947079,0.011746991569830695,1291.0,0.0,-1.0,-1.0,8.315965572534348e-05,0.0082477163415956,30.0,0.023449721137260016,0.02898889293624564,0.050885386281020586
1717.0,2.0,0.0,4294967295.0,4294967295.0,2.0,0.011023320159800933,0.011746695650770689,1292.0,0.0,-1.0,-1.0,8.315965572534348e-05,0.0082477163415956,30.0,0.023449721137260016,0.028958463396729715,0.050842301843081916
1719.0,2.0,0.0,4294967295.0,4294967295.0,2.0,0.01102184423865478,0.011746399731710669,1293.0,0.0,-1.0,-1.0,8.315965572534348e-05,0.0082477163415956,30.0,0.023449721137260016,0.028928050015143442,0.050799217405143246
1721.0,2.0,0.0,4294967295.0,4294967295.0,2.0,0.011020368317508612,0.011746103812650649,1294.0,0.0,-1.0,-1.0,8.315965572534348e-05,0.0082477163415956,30.0,0.023449721137260016,0.028897652813045092,0.050756132967204576
1723.0,2.0,0.0,4294967295.0,4294967295.0,2.0,0.011018892396362466,0.011745807893590636,1295.0,0.0,-1.0,-1.0,8.315965572534348e-05,0.0082477163415956,30.0,0.023449721137260016,0.02886727181202171,0.05071304852926592
1725.0,2.0,0.0,4294967295.0,4294967295.0,2.0,0.011017416475216327,0.011745511974530623,1296.0,0.0,-1.0,-1.0,8.315965572534348e-05,0.0082477163415956,30.0,0.023449721137260016,0.02883690703368914,0.05066996409132724
1727.0,2.0,0.0,4294967295.0,4294967295.0,2.0,0.011015940554070174,0.011745243271269044,1297.0,0.0,-1.0,-1.0,8.315965572534348e-05,0.0082477163415956,30.0,0.023449721137260016,0.028806558499692058,0.05062689180956121
1729.0,2.0,0.0,4294967295.0,4294967295.0,2.0,0.011014464632924027,0.01174498381768254,1298.0,0.0,-1.0,-1.0,8.315965572534348e-05,0.0082477163415956,30.0,0.023449721137260016,0.02877622623170402,0.05058384672441555
1731.0,2.0,0.0,4294967295.0,4294967295.0,2.0,0.011012988711777881,0.011744724364096043,1299.0,0.0,-1.0,-1.0,8.315965572534348e-05,0.0082477163415956,30.0,0.023449721137260016,0.028745910251427507,0.05054080163926989
1733.0,2.0,0.0,4294967295.0,4294967295.0,2.0,0.011011512790631721,0.011744464910509532,1300.0,0.0,-1.0,-1.0,8.315965572534348e-05,0.0082477163415956,30.0,0.023449721137260016,0.028715610580593954,0.05049775655412424
1735.0,2.0,0.0,4294967295.0,4294967295.0,2.0,0.011010036869485575,0.011744205456923021,1301.0,0.0,-1.0,-1.0,8.315965572534348e-05,0.0082477163415956,30.0,0.023449721137260016,0.028685327240963787,0.050454711468978584
1737.0,2.0,0.0,4294967295.0,4294967295.0,2.0,0.011008560948339428,0.011743946003336517,1302.0,0.0,-1.0,-1.0,8.315965572534348e-05,0.0082477163415956,30.0,0.023449721137260016,0.02865506025432647,0.05041166638383293
1739.0,2.0,0.0,4294967295.0,4294967295.0,2.0,0.011007085027193282,0.011743686549750006,1303.0,0.0,-1.0,-1.0,8.315965572534348e-05,0.0082477163415956,30.0,0.023449721137260016,0.028624809642500533,0.05036862129868728
1741.0,2.0,0.0,4294967295.0,4294967295.0,2.0,0.011005609106047143,0.011743427096163488,1304.0,0.0,-1.0,-1.0,8.315965572534348e-05,0.0082477163415956,30.0,0.023449721137260016,0.028594575427333617,0.050325576213541626
1743.0,2.0,0.0,4294967295.0,4294967295.0,2.0,0.01100413318490099,0.011743167642576983,1305.0,0.0,-1.0,-1.0,8.315965572534348e-05,0.0082477163415956,30.0,0.023449721137260016,0.028564357630702517,0.05028253112839597
1745.0,2.0,0.0,4294967295.0,4294967295.0,2.0,0.01100265726375483,0.011742908188990472,1306.0,0.0,-1.0,-1.0,8.315965572534348e-05,0.0082477163415956,30.0,0.023449721137260016,0.028534156274513212,0.05023948604325033
1747.0,2.0,0.0,4294967295.0,4294967295.0,2.0,0.011001181342608683,0.011742648735403968,1307.0,0.0,-1.0,-1.0,8.315965572534348e-05,0.0082477163415956,30.0,0.023449721137260016,0.02850397138070092,0.050196440958104674
1749.0,2.0,0.0,4294967295.0,4294967295.0,2.0,0.01099970542146253,0.011742389281817464,1308.0,0.0,-1.0,-1.0,8.315965572534348e-05,0.0082477163415956,30.0,0.023449721137260016,0.028473802971230113,0.050153395872959014
1751.0,2.0,0.0,4294967295.0,4294967295.0,2.0,0.010998229500316384,0.011742129828230953,1309.0,0.0,-1.0,-1.0,8.315965572534348e-05,0.0082477163415956,30.0,0.023449721137260016,0.028443651068094565,0.050110350787813354
1753.0,2.0,0.0,4294967295.0,4294967295.0,2.0,0.010996753579170244,0.011741870374644442,1310.0,0.0,-1.0,-1.0,8.315965572534348e-05,0.0082477163415956,30.0,0.023449721137260016,0.028413515693317414,0.050067305702667694
1755.0,2.0,0.0,4294967295.0,4294967295.0,2.0,0.010995277658024091,0.011741634851455476,1311.0,0.0,-1.0,-1.0,8.315965572534348e-05,0.0082477163415956,30.0,0.023449721137260016,0.028383396868951163,0.05002426061752204
1757.0,2.0,0.0,4294967295.0,4294967295.0,2.0,0.010993801736877931,0.011741409532649363,1312.0,0.0,-1.0,-1.0,8.315965572534348e-05,0.0082477163415956,30.0,0.023449721137260016,0.02835329461707774,0.04998121553237639
1759.0,2.0,3.0,4294967295.0,4294967295.0,1.0,0.010992325815731785,0.01174118421384325,1313.0,0.0,-1.0,-1.0,0.9199468679552478,0.9642684400400007,30.0,0.023449721137260016,0.049964017274959006,0.06980835786368224
1760.0,1.0,5.0,4294967295.0,4294967295.0,1.0,0.010992325815731785,0.01174118421384325,1314.0,2.0,-1.0,-1.0,0.999683885745438,0.9696073950447441,0.0,0.023449721137260016,0.049946436835570276,0.07337695505124076
1761.0,1.0,14.0,4294967295.0,4294967295.0,1.0,0.010992325815731778,0.01174118421384325,1315.0,0.0,-1.0,-1.0,0.9996862798326052,0.9695950477083302,0.0,0.023449721137260016,0.04992542153521288,0.07334956621459462
1762.0,1.0,4.0,4294967295.0,4294967295.0,1.0,0.010992325815731778,0.01174118421384325,1316.0,0.0,-1.0,-1.0,0.999686279893699,0.9695950480767632,0.0,0.023449721137260016,0.049904414131655805,0.07332206528056107
1763.0,1.0,7.0,4294967295.0,4294967295.0,1.0,0.010992325815731778,0.011741184213843257,1317.0,3.0,-1.0,-1.0,0.9996862798937005,0.969595048085752,0.0,0.023449721137260016,0.0498834067278782,0.07329456018319103
1764.0,1.0,10.0,4294967295.0,4294967295.0,1.0,0.010992325815731778,0.011741184213843264,1318.0,1.0,-1.0,-1.0,0.9996862798937005,0.9695950480857485,0.0,0.023449721137260016,0.04986239932409484,0.07326705092246351
1765.0,1.0,10.0,4294967295.0,4294967295.0,1.0,0.010992325815731778,0.011741184213843271,1319.0,3.0,-1.0,-1.0,0.9996862798937005,0.9695950480857485,0.0,0.023449721137260016,0.0498413919203115,0.07323953749560207
1766.0,1.0,6.0,4294967295.0,4294967295.0,1.0,0.010992325815731785,0.011741184213843271,1320.0,0.0,-1.0,-1.0,0.9996862798937005,0.9695950480857485,0.0,0.023449721137260016,0.04982038451652815,0.07321201989982837
1767.0,1.0,3.0,4294967295.0,4294967295.0,1.0,0.010992325815731792,0.011741184213843271,1321.0,1.0,-1.0,-1.0,0.9996862798937005,0.9695950480857485,0.0,0.023449721137260016,0.04979937711274481,0.0731844981323622
1768.0,1.0,3.0,4294967295.0,4294967295.0,1.0,0.010992325815731799,0.011741184213843278,1322.0,0.0,-1.0,-1.0,0.9996862798937005,0.9695950480857485,0.0,0.023449721137260016,0.049778369708961455,0.07315697219042153
1769.0,1.0,7.0,4294967295.0,4294967295.0,1.0,0.010992325815731799,0.011741184213843278,1323.0,0.0,-1.0,-1.0,0.9996862798937005,0.9695950480857485,0.0,0.023449721137260016,0.0497573623051781,0.07312944207122242
1770.0,1.0,8.0,4294967295.0,4294967295.0,1.0,0.010992325815731799,0.011741184213843285,1324.0,0.0,-1.0,-1.0,0.9996862798937005,0.9695950480857485,0.0,0.023449721137260016,0.04973635490139475,0.07310190777197911
1771.0,1.0,8.0,4294967295.0,4294967295.0,1.0,0.010992325815731806,0.011741184213843285,1325.0,0.0,-1.0,-1.0,0.9996862798937005,0.9695950480857485,0.0,0.023449721137260016,0.04971534749761139,0.07307436928990399
1772.0,1.0,5.0,4294967295.0,4294967295.0,1.0,0.010992325815731813,0.011741184213843292,1326.0,0.0,-1.0,-1.0,0.9996862798937005,0.9695950480857485,0.0,0.023449721137260016,0.049694340093828046,0.07304682662220756
1773.0,1.0,3.0,4294967295.0,4294967295.0,1.0,0.01099232581573182,0.011741184213843299,1327.0,0.0,-1.0,-1.0,0.9996862798937005,0.9695950480857485,0.0,0.023449721137260016,0.04967333269004469,0.07301927976609848
1774.0,1.0,10.0,4294967295.0,4294967295.0,1.0,0.01099232581573182,0.011741184213843299,1328.0,0.0,-1.0,-1.0,0.9996862798937005,0.9695950480857485,0.0,0.023449721137260016,0.04965232528626134,0.07299172871878354
1775.0,1.0,12.0,4294967295.0,4294967295.0,1.0,0.010992325815731827,0.011741184213843313,1329.0,1.0,-1.0,-1.0,0.9996862798937005,0.9695950480857485,0.0,0.023449721137260016,0.04963131788247798,0.07296417347746768
1776.0,1.0,3.0,4294967295.0,4294967295.0,1.0,0.010992325815731827,0.011741184213843313,1330.0,1.0,-1.0,-1.0,0.9996862798937005,0.9695950480857485,0.0,0.023449721137260016,0.04961031047869463,0.07293661403935396
1777.0,1.0,3.0,4294967295.0,4294967295.0,1.0,0.010992325815731833,0.01174118421384332,1331.0,1.0,-1.0,-1.0,0.9996862798937005,0.9695950480857485,0.0,0.023449721137260016,0.049589303074911294,0.07290905040164358
1778.0,1.0,10.0,4294967295.0,4294967295.0,1.0,0.01099232581573184,0.01174118421384332,1332.0,0.0,-1.0,-1.0,0.9996862798937005,0.9695950480857485,0.0,0.023449721137260016,0.04956829567112794,0.0728814825615359
1779.0,1.0,9.0,4294967295.0,4294967295.0,1.0,0.010992325815731847,0.011741184213843327,1333.0,0.0,-1.0,-1.0,0.9996862798937005,0.9695950480857485,0.0,0.023449721137260016,0.0495472882673446,0.07285391051622835
1780.0,1.0,5.0,4294967295.0,4294967295.0,1.0,0.010992325815731854,0.011741184213843327,1334.0,2.0,-1.0,-1.0,0.9996862798937005,0.9695950480857485,0.0,0.023449721137260016,0.04952628086356124,0.07282633426291654
1781.0,1.0,4.0,4294967295.0,4294967295.0,1.0,0.010992325815731854,0.011741184213843334,1335.0,0.0,-1.0,-1.0,0.9996862798937005,0.9695950480857485,0.0,0.023449721137260016,0.049505273459777885,0.0727987537987942
1782.0,1.0,7.0,4294967295.0,4294967295.0,1.0,0.010992325815731861,0.011741184213843334,1336.0,0.0,-1.0,-1.0,0.9996862798937005,0.9695950480857485,0.0,0.023449721137260016,0.04948426605599454,0.07277116912105322
1783.0,1.0,6.0,4294967295.0,4294967295.0,1.0,0.010992325815731868,0.011741184213843334,1337.0,0.0,-1.0,-1.0,0.9996862798937005,0.9695950480857485,0.0,0.023449721137260016,0.049463258652211184,0.07274358022688354
1784.0,1.0,5.0,4294967295.0,4294967295.0,1.0,0.010992325815731868,0.01174118421384334,1338.0,1.0,-1.0,-1.0,0.9996862798937005,0.9695950480857485,0.0,0.023449721137260016,0.04944225124842783,0.0727159871134733
1785.0,1.0,6.0,4294967295.0,4294967295.0,1.0,0.010992325815731875,0.01174118421384334,1339.0,2.0,-1.0,-1.0,0.9996862798937005,0.9695950480857485,0.0,0.023449721137260016,0.049421243844644476,0.0726883897780087
1786.0,1.0,4.0,4294967295.0,4294967295.0,1.0,0.010992325815731875,0.011741184213843348,1340.0,0.0,-1.0,-1.0,0.9996862798937005,0.9695950480857485,0.0,0.023449721137260016,0.049400236440861126,0.07266078821767413
1787.0,1.0,5.0,4294967295.0,4294967295.0,1.0,0.010992325815731882,0.011741184213843348,1341.0,0.0,-1.0,-1.0,0.9996862798937005,0.9695950480857485,0.0,0.023449721137260016,0.049379229037077775,0.07263318242965207
1788.0,1.0,6.0,4294967295.0,4294967295.0,1.0,0.010992325815731889,0.011741184213843354,1342.0,1.0,-1.0,-1.0,0.9996862798937005,0.9695950480857485,0.0,0.023449721137260016,0.049358221633294425,0.0726055724111231
1789.0,1.0,3.0,4294967295.0,4294967295.0,1.0,0.010992325815731896,0.011741184213843354,1343.0,1.0,-1.0,-1.0,0.9996862798937005,0.9695950480857485,0.0,0.023449721137260016,0.04933721422951109,0.07257795815926595
1790.0,1.0,6.0,4294967295.0,4294967295.0,1.0,0.010992325815731903,0.011741184213843361,1344.0,0.0,-1.0,-1.0,0.9996862798937005,0.9695950480857485,0.0,0.023449721137260016,0.04931620682572774,0.07255033967125747
1791.0,1.0,5.0,4294967295.0,4294967295.0,1.0,0.01099232581573191,0.011741184213843361,1345.0,0.0,-1.0,-1.0,0.9996862798937005,0.9695950480857485,0.0,0.023449721137260016,0.04929519942194439,0.07252271694427262
1792.0,1.0,9.0,4294967295.0,4294967295.0,1.0,0.01099232581573191,0.011741184213843368,1346.0,0.0,-1.0,-1.0,0.9996862798937005,0.9695950480857485,0.0,0.023449721137260016,0.04927419201816104,0.07249508997548446
1793.0,1.0,10.0,4294967295.0,4294967295.0,1.0,0.010992325815731917,0.011741184213843375,1347.0,0.0,-1.0,-1.0,0.9996862798937005,0.9695950480857485,0.0,0.023449721137260016,0.04925318461437768,0.07246745876206417
1794.0,1.0,8.0,4294967295.0,4294967295.0,1.0,0.010992325815731924,0.01174118421384339,1348.0,3.0,-1.0,-1.0,0.9996862798937005,0.9695950480857485,0.0,0.023449721137260016,0.049232177210594336,0.07243982330118108
1795.0,1.0,10.0,4294967295.0,4294967295.0,1.0,0.01099232581573193,0.011741184213843396,1349.0,1.0,-1.0,-1.0,0.9996862798937005,0.9695950480857485,0.0,0.023449721137260016,0.04921116980681098,0.0724121835900026
1796.0,1.0,7.0,4294967295.0,4294967295.0,1.0,0.01099232581573193,0.011741184213843396,1350.0,0.0,-1.0,-1.0,0.9996862798937005,0.9695950480857485,0.0,0.023449721137260016,0.04919016240302763,0.07238453962569422
1797.0,1.0,8.0,4294967295.0,4294967295.0,1.0,0.010992325815731938,0.011741184213843403,1351.0,1.0,-1.0,-1.0,0.9996862798937005,0.9695950480857485,0.0,0.023449721137260016,0.04916915499924427,0.07235689140541962
1798.0,1.0,9.0,4294967295.0,4294967295.0,1.0,0.010992325815731938,0.011741184213843417,1352.0,1.0,-1.0,-1.0,0.9996862798937005,0.9695950480857485,0.0,0.023449721137260016,0.04914814759546091,0.07232923892634052
1799.0,1.0,10.0,4294967295.0,4294967295.0,1.0,0.010992325815731938,0.01174118421384343,1353.0,1.0,-1.0,-1.0,0.9996862798937005,0.9695950480857485,0.0,0.023449721137260016,0.04912714019167756,0.07230158218561678
1800.0,1.0,5.0,4294967295.0,4294967295.0,1.0,0.010992325815731945,0.011741184213843438,1354.0,1.0,-1.0,-1.0,0.9996862798937005,0.9695950480857485,0.0,0.023449721137260016,0.04910613278789421,0.07227392118040633
1801.0,1.0,5.0,4294967295.0,4294967295.0,1.0,0.010992325815731945,0.011741184213843445,1355.0,0.0,-1.0,-1.0,0.9996862798937005,0.9695950480857485,0.0,0.023449721137260016,0.04908512538411087,0.07224625590786526
1802.0,1.0,10.0,4294967295.0,4294967295.0,1.0,0.010992325815731951,0.011741184213843452,1356.0,0.0,-1.0,-1.0,0.9996862798937005,0.9695950480857485,0.0,0.023449721137260016,0.04906411798032752,0.07221858636514773
1803.0,1.0,7.0,4294967295.0,4294967295.0,1.0,0.010992325815731958,0.011741184213843466,1357.0,0.0,-1.0,-1.0,0.9996862798937005,0.9695950480857485,0.0,0.023449721137260016,0.04904311057654417,0.072190912549406
1804.0,1.0,6.0,4294967295.0,4294967295.0,1.0,0.010992325815731958,0.011741184213843472,1358.0,1.0,-1.0,-1.0,0.9996862798937005,0.9695950480857485,0.0,0.023449721137260016,0.04902210317276082,0.07216323445779044
1805.0,1.0,9.0,4294967295.0,4294967295.0,1.0,0.010992325815731965,0.01174118421384348,1359.0,1.0,-1.0,-1.0,0.9996862798937005,0.9695950480857485,0.0,0.023449721137260016,0.04900109576897746,0.07213555208744951
1806.0,1.0,7.0,4294967295.0,4294967295.0,1.0,0.010992325815731965,0.01174118421384348,1360.0,0.0,-1.0,-1.0,0.9996862798937005,0.9695950480857485,0.0,0.023449721137260016,0.04898008836519411,0.07210786543552979
1807.0,1.0,10.0,4294967295.0,4294967295.0,1.0,0.010992325815731972,0.011741184213843493,1361.0,1.0,-1.0,-1.0,0.9996862798937005,0.9695950480857485,0.0,0.023449721137260016,0.04895908096141075,0.07208017449917592
1808.0,1.0,6.0,4294967295.0,4294967295.0,1.0,0.010992325815731972,0.0117411842138435,1362.0,1.0,-1.0,-1.0,0.9996862798937005,0.9695950480857485,0.0,0.023449721137260016,0.0489380735576274,0.07205247927553068
1809.0,1.0,4.0,4294967295.0,4294967295.0,1.0,0.01099232581573198,0.011741184213843507,1363.0,0.0,-1.0,-1.0,0.9996862798937005,0.9695950480857485,0.0,0.023449721137260016,0.04891706615384405,0.07202477976173491
1810.0,1.0,6.0,4294967295.0,4294967295.0,1.0,0.010992325815731986,0.011741184213843514,1364.0,2.0,-1.0,-1.0,0.9996862798937005,0.9695950480857485,0.0,0.023449721137260016,0.04889605875006069,0.07199707595492758
1811.0,1.0,5.0,4294967295.0,4294967295.0,1.0,0.010992325815731993,0.011741184213843521,1365.0,2.0,-1.0,-1.0,0.9996862798937005,0.9695950480857485,0.0,0.023449721137260016,0.04887505134627735,0.07196936785224568
1812.0,1.0,7.0,4294967295.0,4294967295.0,1.0,0.010992325815732,0.011741184213843528,1366.0,0.0,-1.0,-1.0,0.9996862798937005,0.9695950480857485,0.0,0.023449721137260016,0.048854043942494,0.07194165545082438
1813.0,1.0,7.0,4294967295.0,4294967295.0,1.0,0.010992325815732,0.011741184213843521,1367.0,1.0,-1.0,-1.0,0.9996862798937005,0.9695950480857485,0.0,0.023449721137260016,0.048833036538710656,0.07191393874779689
1814.0,1.0,5.0,4294967295.0,4294967295.0,1.0,0.010992325815732007,0.011741184213843521,1368.0,1.0,-1.0,-1.0,0.9996862798937005,0.9695950480857485,0.0,0.023449721137260016,0.048812029134927305,0.07188621774029452
1815.0,1.0,3.0,4294967295.0,4294967295.0,1.0,0.010992325815732014,0.011741184213843521,1369.0,0.0,-1.0,-1.0,0.9996862798937005,0.9695950480857485,0.0,0.023449721137260016,0.048791021731143955,0.07185849242544666
1816.0,1.0,4.0,4294967295.0,4294967295.0,1.0,0.01099232581573202,0.011741184213843514,1370.0,1.0,-1.0,-1.0,0.9996862798937005,0.9695950480857485,0.0,0.023449721137260016,0.04877001432736061,0.07183076280038078
1817.0,1.0,7.0,4294967295.0,4294967295.0,1.0,0.010992325815732028,0.011741184213843514,1371.0,1.0,-1.0,-1.0,0.9996862798937005,0.9695950480857485,0.0,0.023449721137260016,0.048749006923577254,0.07180302886222244
1818.0,1.0,10.0,4294967295.0,4294967295.0,1.0,0.010992325815732028,0.011741184213843521,1372.0,0.0,-1.0,-1.0,0.9996862798937005,0.9695950480857485,0.0,0.023449721137260016,0.0487279995197939,0.0717752906080953
1819.0,1.0,9.0,4294967295.0,4294967295.0,1.0,0.010992325815732035,0.011741184213843521,1373.0,2.0,-1.0,-1.0,0.9996862798937005,0.9695950480857485,0.0,0.023449721137260016,0.048706992116010546,0.07174754803512108
1820.0,1.0,5.0,4294967295.0,4294967295.0,1.0,0.010992325815732035,0.011741184213843521,1374.0,3.0,-1.0,-1.0,0.9996862798937005,0.9695950480857485,0.0,0.023449721137260016,0.04868598471222719,0.07171980114041959
1821.0,1.0,7.0,4294967295.0,4294967295.0,1.0,0.010992325815732035,0.011741184213843521,1375.0,0.0,-1.0,-1.0,0.9996862798937005,0.9695950480857485,0.0,0.023449721137260016,0.04866497730844384,0.07169204992110872
1822.0,1.0,6.0,4294967295.0,4294967295.0,1.0,0.010992325815732042,0.011741184213843528,1376.0,0.0,-1.0,-1.0,0.9996862798937005,0.9695950480857485,0.0,0.023449721137260016,0.04864396990466048,0.07166429437430444
1823.0,1.0,5.0,4294967295.0,4294967295.0,1.0,0.010992325815732042,0.011741184213843535,1377.0,0.0,-1.0,-1.0,0.9996862798937005,0.9695950480857485,0.0,0.023449721137260016,0.04862296250087713,0.07163653449712078
1824.0,1.0,7.0,4294967295.0,4294967295.0,1.0,0.010992325815732049,0.011741184213843535,1378.0,0.0,-1.0,-1.0,0.9996862798937005,0.9695950480857485,0.0,0.023449721137260016,0.04860195509709378,0.07160877028666986
1825.0,1.0,7.0,4294967295.0,4294967295.0,1.0,0.010992325815732049,0.011741184213843542,1379.0,2.0,-1.0,-1.0,0.9996862798937005,0.9695950480857485,0.0,0.023449721137260016,0.04858094769331043,0.07158100174006188
1826.0,1.0,8.0,4294967295.0,4294967295.0,1.0,0.010992325815732049,0.011741184213843542,1380.0,1.0,-1.0,-1.0,0.9996862798937005,0.9695950480857485,0.0,0.023449721137260016,0.048559940289527086,0.07155322885440511
1827.0,1.0,12.0,4294967295.0,4294967295.0,1.0,0.010992325815732056,0.011741184213843542,1381.0,0.0,-1.0,-1.0,0.9996862798937005,0.9695950480857485,0.0,0.023449721137260016,0.048538932885743735,0.07152545162680589
1828.0,1.0,4.0,4294967295.0,4294967295.0,1.0,0.010992325815732062,0.011741184213843549,1382.0,0.0,-1.0,-1.0,0.9996862798937005,0.9695950480857485,0.0,0.023449721137260016,0.04851792548196039,0.0714976700543686
1829.0,1.0,9.0,4294967295.0,4294967295.0,1.0,0.01099232581573207,0.011741184213843549,1383.0,1.0,-1.0,-1.0,0.9996862798937005,0.9695950480857485,0.0,0.023449721137260016,0.048496918078177034,0.07146988413419574
1830.0,1.0,6.0,4294967295.0,4294967295.0,1.0,0.01099232581573207,0.011741184213843556,1384.0,0.0,-1.0,-1.0,0.9996862798937005,0.9695950480857485,0.0,0.023449721137260016,0.04847591067439368,0.07144209386338783
1831.0,1.0,4.0,4294967295.0,4294967295.0,1.0,0.01099232581573207,0.01174118421384357,1385.0,0.0,-1.0,-1.0,0.9996862798937005,0.9695950480857485,0.0,0.023449721137260016,0.048454903270610326,0.07141429923904351
1832.0,1.0,10.0,4294967295.0,4294967295.0,1.0,0.010992325815732076,0.011741184213843577,1386.0,0.0,-1.0,-1.0,0.9996862798937005,0.9695950480857485,0.0,0.023449721137260016,0.04843389586682697,0.07138650025825942
1833.0,1.0,3.0,4294967295.0,4294967295.0,1.0,0.010992325815732083,0.011741184213843577,1387.0,2.0,-1.0,-1.0,0.9996862798937005,0.9695950480857485,0.0,0.023449721137260016,0.048412888463043625,0.07135869691813032
1834.0,1.0,8.0,4294967295.0,4294967295.0,1.0,0.01099232581573209,0.011741184213843583,1388.0,0.0,-1.0,-1.0,0.9996862798937005,0.9695950480857485,0.0,0.023449721137260016,0.04839188105926027,0.07133088921574901
1835.0,1.0,10.0,4294967295.0,4294967295.0,1.0,0.01099232581573209,0.01174118421384359,1389.0,0.0,-1.0,-1.0,0.9996862798937005,0.9695950480857485,0.0,0.023449721137260016,0.04837087365547692,0.07130307714820636
1836.0,1.0,4.0,4294967295.0,4294967295.0,1.0,0.010992325815732097,0.011741184213843583,1390.0,1.0,-1.0,-1.0,0.9996862798937005,0.9695950480857485,0.0,0.023449721137260016,0.04834986625169357,0.07127526071259127
1837.0,1.0,12.0,4294967295.0,4294967295.0,1.0,0.010992325815732097,0.01174118421384359,1391.0,0.0,-1.0,-1.0,0.9996862798937005,0.9695950480857485,0.0,0.023449721137260016,0.04832885884791022,0.07124743990599075
1838.0,1.0,5.0,4294967295.0,4294967295.0,1.0,0.010992325815732104,0.011741184213843597,1392.0,1.0,-1.0,-1.0,0.9996862798937005,0.9695950480857485,0.0,0.023449721137260016,0.04830785144412688,0.07121961472548981
1839.0,1.0,12.0,4294967295.0,4294967295.0,1.0,0.010992325815732118,0.011741184213843597,1393.0,0.0,-1.0,-1.0,0.9996862798937005,0.9695950480857485,0.0,0.023449721137260016,0.04828684404034353,0.07119178516817155
1840.0,1.0,4.0,4294967295.0,4294967295.0,1.0,0.010992325815732118,0.011741184213843611,1394.0,1.0,-1.0,-1.0,0.9996862798937005,0.9695950480857485,0.0,0.023449721137260016,0.04826583663656018,0.07116395123111713
1841.0,1.0,4.0,4294967295.0,4294967295.0,1.0,0.010992325815732125,0.011741184213843618,1395.0,2.0,-1.0,-1.0,0.9996862798937005,0.9695950480857485,0.0,0.023449721137260016,0.04824482923277682,0.07113611291140576
1842.0,1.0,6.0,4294967295.0,4294967295.0,1.0,0.010992325815732125,0.011741184213843632,1396.0,0.0,-1.0,-1.0,0.9996862798937005,0.9695950480857485,0.0,0.023449721137260016,0.048223821828993464,0.07110827020611467
1843.0,1.0,5.0,4294967295.0,4294967295.0,1.0,0.010992325815732125,0.011741184213843625,1397.0,1.0,-1.0,-1.0,0.9996862798937005,0.9695950480857485,0.0,0.023449721137260016,0.048202814425210114,0.07108042311231919
1844.0,1.0,8.0,4294967295.0,4294967295.0,1.0,0.010992325815732132,0.011741184213843632,1398.0,1.0,-1.0,-1.0,0.9996862798937005,0.9695950480857485,0.0,0.023449721137260016,0.048181807021426756,0.07105257162709264
1845.0,1.0,7.0,4294967295.0,4294967295.0,1.0,0.010992325815732132,0.011741184213843639,1399.0,0.0,-1.0,-1.0,0.9996862798937005,0.9695950480857485,0.0,0.023449721137260016,0.048160799617643406,0.07102471574750645
1846.0,1.0,6.0,4294967295.0,4294967295.0,1.0,0.010992325815732139,0.011741184213843639,1400.0,1.0,-1.0,-1.0,0.9996862798937005,0.9695950480857485,0.0,0.023449721137260016,0.04813979221386005,0.07099685547063007
1847.0,1.0,6.0,4294967295.0,4294967295.0,1.0,0.010992325815732139,0.011741184213843646,1401.0,0.0,-1.0,-1.0,0.9996862798937005,0.9695950480857485,0.0,0.023449721137260016,0.0481187848100767,0.07096899079353099
1848.0,1.0,13.0,4294967295.0,4294967295.0,1.0,0.010992325815732146,0.011741184213843653,1402.0,0.0,-1.0,-1.0,0.9996862798937005,0.9695950480857485,0.0,0.023449721137260016,0.048097777406293354,0.07094112171327475
1849.0,1.0,2.0,4294967295.0,4294967295.0,1.0,0.010992325815732153,0.01174118421384366,1403.0,2.0,-1.0,-1.0,0.9996862798937005,0.9695950480857485,0.0,0.023449721137260016,0.048076770002510004,0.07091324822692494
1850.0,1.0,8.0,4294967295.0,4294967295.0,1.0,0.010992325815732153,0.011741184213843667,1404.0,0.0,-1.0,-1.0,0.9996862798937005,0.9695950480857485,0.0,0.023449721137260016,0.04805576259872666,0.07088537033154317
1851.0,1.0,3.0,4294967295.0,4294967295.0,1.0,0.010992325815732167,0.011741184213843667,1405.0,0.0,-1.0,-1.0,0.9996862798937005,0.9695950480857485,0.0,0.023449721137260016,0.04803475519494331,0.07085748802418912
1852.0,1.0,6.0,4294967295.0,4294967295.0,1.0,0.010992325815732167,0.01174118421384368,1406.0,0.0,-1.0,-1.0,0.9996862798937005,0.9695950480857485,0.0,0.023449721137260016,0.04801374779115996,0.07082960130192048
1853.0,1.0,4.0,4294967295.0,4294967295.0,1.0,0.010992325815732173,0.011741184213843688,1407.0,0.0,-1.0,-1.0,0.9996862798937005,0.9695950480857485,0.0,0.023449721137260016,0.04799274038737661,0.07080171016179301
1854.0,1.0,4.0,4294967295.0,4294967295.0,1.0,0.01099232581573218,0.01174118421384368,1408.0,1.0,-1.0,-1.0,0.9996862798937005,0.9695950480857485,0.0,0.023449721137260016,0.04797173298359325,0.07077381460086048
1855.0,1.0,8.0,4294967295.0,4294967295.0,1.0,0.010992325815732187,0.01174118421384368,1409.0,0.0,-1.0,-1.0,0.9996862798937005,0.9695950480857485,0.0,0.023449721137260016,0.04795072557980991,0.0707459146161747
1856.0,1.0,4.0,4294967295.0,4294967295.0,1.0,0.010992325815732194,0.011741184213843688,1410.0,1.0,-1.0,-1.0,0.9996862798937005,0.9695950480857485,0.0,0.023449721137260016,0.04792971817602655,0.07071801020478552
1857.0,1.0,5.0,4294967295.0,4294967295.0,1.0,0.010992325815732194,0.011741184213843694,1411.0,0.0,-1.0,-1.0,0.9996862798937005,0.9695950480857485,0.0,0.023449721137260016,0.0479087107722432,0.07069010136374083
1858.0,1.0,5.0,4294967295.0,4294967295.0,1.0,0.010992325815732201,0.011741184213843701,1412.0,0.0,-1.0,-1.0,0.9996862798937005,0.9695950480857485,0.0,0.023449721137260016,0.04788770336845984,0.07066218809008654
1859.0,1.0,8.0,4294967295.0,4294967295.0,1.0,0.010992325815732201,0.011741184213843694,1413.0,0.0,-1.0,-1.0,0.9996862798937005,0.9695950480857485,0.0,0.023449721137260016,0.047866695964676485,0.07063427038086657
1860.0,1.0,7.0,4294967295.0,4294967295.0,1.0,0.010992325815732201,0.011741184213843701,1414.0,1.0,-1.0,-1.0,0.9996862798937005,0.9695950480857485,0.0,0.023449721137260016,0.04784568856089314,0.07060634823312292
1861.0,1.0,6.0,4294967295.0,4294967295.0,1.0,0.010992325815732208,0.011741184213843715,1415.0,1.0,-1.0,-1.0,0.9996862798937005,0.9695950480857485,0.0,0.023449721137260016,0.04782468115710979,0.07057842164389556
1862.0,1.0,5.0,4294967295.0,4294967295.0,1.0,0.010992325815732208,0.011741184213843715,1416.0,1.0,-1.0,-1.0,0.9996862798937005,0.9695950480857485,0.0,0.023449721137260016,0.04780367375332645,0.07055049061022255
1863.0,1.0,5.0,4294967295.0,4294967295.0,1.0,0.010992325815732222,0.011741184213843715,1417.0,0.0,-1.0,-1.0,0.9996862798937005,0.9695950480857485,0.0,0.023449721137260016,0.0477826663495431,0.07052255512913991
1864.0,1.0,9.0,4294967295.0,4294967295.0,1.0,0.010992325815732222,0.011741184213843722,1418.0,0.0,-1.0,-1.0,0.9996862798937005,0.9695950480857485,0.0,0.023449721137260016,0.04776165894575974,0.0704946151976817
1865.0,1.0,6.0,4294967295.0,4294967295.0,1.0,0.010992325815732222,0.01174118421384373,1419.0,0.0,-1.0,-1.0,0.9996862798937005,0.9695950480857485,0.0,0.023449721137260016,0.04774065154197639,0.07046667081288005
1866.0,1.0,9.0,4294967295.0,4294967295.0,1.0,0.010992325815732229,0.01174118421384373,1420.0,1.0,-1.0,-1.0,0.9996862798937005,0.9695950480857485,0.0,0.023449721137260016,0.04771964413819303,0.07043872197176505
1867.0,1.0,6.0,4294967295.0,4294967295.0,1.0,0.010992325815732229,0.011741184213843736,1421.0,0.0,-1.0,-1.0,0.9996862798937005,0.9695950480857485,0.0,0.023449721137260016,0.04769863673440968,0.07041076867136484
1868.0,1.0,2.0,4294967295.0,4294967295.0,1.0,0.010992325815732236,0.011741184213843736,1422.0,1.0,-1.0,-1.0,0.9996862798937005,0.9695950480857485,0.0,0.023449721137260016,0.047677629330626324,0.07038281090870556
1869.0,1.0,9.0,4294967295.0,4294967295.0,1.0,0.010992325815732236,0.011741184213843736,1423.0,0.0,-1.0,-1.0,0.9996862798937005,0.9695950480857485,0.0,0.023449721137260016,0.047656621926842974,0.0703548486808114
1870.0,1.0,5.0,4294967295.0,4294967295.0,1.0,0.010992325815732243,0.011741184213843736,1424.0,0.0,-1.0,-1.0,0.9996862798937005,0.9695950480857485,0.0,0.023449721137260016,0.04763561452305962,0.07032688198470455
1871.0,1.0,8.0,4294967295.0,4294967295.0,1.0,0.01099232581573225,0.011741184213843736,1425.0,0.0,-1.0,-1.0,0.9996862798937005,0.9695950480857485,0.0,0.023449721137260016,0.047614607119276266,0.07029891081740516
1872.0,1.0,9.0,4294967295.0,4294967295.0,1.0,0.010992325815732257,0.011741184213843736,1426.0,0.0,-1.0,-1.0,0.9996862798937005,0.9695950480857485,0.0,0.023449721137260016,0.04759359971549293,0.0702709351759315
1873.0,1.0,3.0,4294967295.0,4294967295.0,1.0,0.010992325815732264,0.011741184213843743,1427.0,1.0,-1.0,-1.0,0.9996862798937005,0.9695950480857485,0.0,0.023449721137260016,0.04757259231170958,0.07024295505729976
1874.0,1.0,6.0,4294967295.0,4294967295.0,1.0,0.010992325815732264,0.011741184213843743,1428.0,0.0,-1.0,-1.0,0.9996862798937005,0.9695950480857485,0.0,0.023449721137260016,0.047551584907926235,0.07021497045852416
1875.0,1.0,4.0,4294967295.0,4294967295.0,1.0,0.010992325815732278,0.011741184213843743,1429.0,1.0,-1.0,-1.0,0.9996862798937005,0.9695950480857485,0.0,0.023449721137260016,0.047530577504142885,0.070186981376617
1876.0,1.0,12.0,4294967295.0,4294967295.0,1.0,0.010992325815732278,0.011741184213843743,1430.0,1.0,-1.0,-1.0,0.9996862798937005,0.9695950480857485,0.0,0.023449721137260016,0.04750957010035953,0.07015898780858847
1877.0,1.0,3.0,4294967295.0,4294967295.0,1.0,0.010992325815732285,0.01174118421384375,1431.0,0.0,-1.0,-1.0,0.9996862798937005,0.9695950480857485,0.0,0.023449721137260016,0.047488562696576184,0.07013098975144685
1878.0,1.0,10.0,4294967295.0,4294967295.0,1.0,0.010992325815732291,0.01174118421384375,1432.0,0.0,-1.0,-1.0,0.9996862798937005,0.9695950480857485,0.0,0.023449721137260016,0.047467555292792826,0.07010298720219839
1879.0,1.0,2.0,4294967295.0,4294967295.0,1.0,0.010992325815732291,0.011741184213843743,1433.0,0.0,-1.0,-1.0,0.9996862798937005,0.9695950480857485,0.0,0.023449721137260016,0.047446547889009476,0.07007498015784737
1880.0,1.0,3.0,4294967295.0,4294967295.0,1.0,0.010992325815732298,0.01174118421384375,1434.0,0.0,-1.0,-1.0,0.9996862798937005,0.9695950480857485,0.0,0.023449721137260016,0.04742554048522612,0.07004696861539605
1881.0,1.0,6.0,4294967295.0,4294967295.0,1.0,0.010992325815732298,0.011741184213843764,1435.0,1.0,-1.0,-1.0,0.9996862798937005,0.9695950480857485,0.0,0.023449721137260016,0.04740453308144276,0.07001895257184468
1882.0,1.0,5.0,4294967295.0,4294967295.0,1.0,0.010992325815732298,0.011741184213843764,1436.0,0.0,-1.0,-1.0,0.9996862798937005,0.9695950480857485,0.0,0.023449721137260016,0.04738352567765941,0.06999093202419154
1883.0,1.0,5.0,4294967295.0,4294967295.0,1.0,0.010992325815732305,0.011741184213843778,1437.0,0.0,-1.0,-1.0,0.9996862798937005,0.9695950480857485,0.0,0.023449721137260016,0.04736251827387605,0.0699629069694329
1884.0,1.0,2.0,4294967295.0,4294967295.0,1.0,0.010992325815732305,0.011741184213843785,1438.0,0.0,-1.0,-1.0,0.9996862798937005,0.9695950480857485,0.0,0.023449721137260016,0.04734151087009271,0.06993487740456301
1885.0,1.0,0.0,4294967295.0,4294967295.0,1.0,0.010992325815732312,0.011741184213843792,1439.0,0.0,-1.0,-1.0,0.867541277643506,0.06874293104515919,0.0,0.023449721137260016,0.04674407516708232,0.06416370880692913
1886.0,1.0,0.0,4294967295.0,4294967295.0,2.0,0.010992325815732305,0.011741184213843799,1440.0,0.0,-1.0,-1.0,0.014204893595178028,0.008388570143134403,0.0,0.023449721137260016,0.027062307571038464,0.04725557494732557
1888.0,2.0,0.0,4294967295.0,4294967295.0,2.0,0.010990840428284597,0.01174088925346678,1441.0,0.0,-1.0,-1.0,8.322821131341495e-05,0.008247717015336387,31.0,0.023449721137260016,0.02641878244722748,0.047212181539434545
1890.0,2.0,0.0,4294967295.0,4294967295.0,2.0,0.010989364507093147,0.011740663934327038,1442.0,0.0,-1.0,-1.0,8.315965605345438e-05,0.00824771634159882,31.0,0.023449721137260016,0.026389830388083235,0.04716909710001709
1892.0,2.0,0.0,4294967295.0,4294967295.0,2.0,0.010987888585947007,0.011740438615520918,1443.0,0.0,-1.0,-1.0,8.315965572534506e-05,0.0082477163415956,31.0,0.023449721137260016,0.026360899443701603,0.047126012662078415
1894.0,2.0,0.0,4294967295.0,4294967295.0,2.0,0.010986412664800854,0.011740213296714805,1444.0,0.0,-1.0,-1.0,8.315965572534348e-05,0.0082477163415956,31.0,0.023449721137260016,0.026331986656723427,0.047082928224139745
1896.0,2.0,0.0,4294967295.0,4294967295.0,2.0,0.010984936743654708,0.011739987977908692,1445.0,0.0,-1.0,-1.0,8.315965572534348e-05,0.0082477163415956,31.0,0.023449721137260016,0.026303092051360444,0.047039843786201074
1898.0,2.0,0.0,4294967295.0,4294967295.0,2.0,0.010983460822508569,0.011739762659102572,1446.0,0.0,-1.0,-1.0,8.315965572534348e-05,0.0082477163415956,31.0,0.023449721137260016,0.026274215651870974,0.046996759348262404
1900.0,2.0,0.0,4294967295.0,4294967295.0,2.0,0.010981984901362415,0.011739537340296466,1447.0,0.0,-1.0,-1.0,8.315965572534348e-05,0.0082477163415956,31.0,0.023449721137260016,0.02624535748254571,0.046953674910323734
1902.0,2.0,0.0,4294967295.0,4294967295.0,2.0,0.010980508980216255,0.011739312021490353,1448.0,0.0,-1.0,-1.0,8.315965572534348e-05,0.0082477163415956,31.0,0.023449721137260016,0.026216517567707744,0.046910590472385064
1904.0,2.0,0.0,4294967295.0,4294967295.0,2.0,0.010979033059070109,0.01173908670268424,1449.0,0.0,-1.0,-1.0,8.315965572534348e-05,0.0082477163415956,31.0,0.023449721137260016,0.026187695931712635,0.04686750603444639
1906.0,2.0,0.0,4294967295.0,4294967295.0,2.0,0.010977557137923963,0.011738872469463514,1450.0,0.0,-1.0,-1.0,8.315965572534348e-05,0.0082477163415956,31.0,0.023449721137260016,0.026158892598948418,0.04682442159650772
1908.0,2.0,0.0,4294967295.0,4294967295.0,2.0,0.010976081216777824,0.011738678936136261,1451.0,0.0,-1.0,-1.0,8.315965572534348e-05,0.0082477163415956,31.0,0.023449721137260016,0.026130107593835685,0.04678133715856905
1910.0,2.0,0.0,4294967295.0,4294967295.0,2.0,0.01097460529563167,0.011738485402809015,1452.0,0.0,-1.0,-1.0,8.315965572534348e-05,0.0082477163415956,31.0,0.023449721137260016,0.0261013409408276,0.04673825272063039
1912.0,2.0,0.0,4294967295.0,4294967295.0,2.0,0.010973129374485517,0.011738291869481762,1453.0,0.0,-1.0,-1.0,8.315965572534348e-05,0.0082477163415956,31.0,0.023449721137260016,0.026072592664409956,0.04669516828269172
1914.0,2.0,0.0,4294967295.0,4294967295.0,2.0,0.010971653453339364,0.011738098336154502,1454.0,0.0,-1.0,-1.0,8.315965572534348e-05,0.0082477163415956,31.0,0.023449721137260016,0.026043862789101216,0.04665208384475304
1916.0,2.0,0.0,4294967295.0,4294967295.0,2.0,0.01097017753219321,0.011737904802827256,1455.0,0.0,-1.0,-1.0,8.315965572534348e-05,0.0082477163415956,31.0,0.023449721137260016,0.026015151339452557,0.04660899940681437
1918.0,2.0,0.0,4294967295.0,4294967295.0,2.0,0.010968701611047064,0.011737711269499997,1456.0,0.0,-1.0,-1.0,8.315965572534348e-05,0.0082477163415956,31.0,0.023449721137260016,0.02598645834004791,0.0465659149688757
1920.0,2.0,0.0,4294967295.0,4294967295.0,2.0,0.010967225689900925,0.01173751773617275,1457.0,0.0,-1.0,-1.0,8.315965572534348e-05,0.0082477163415956,32.0,0.023449721137260016,0.02595778381550401,0.04652283053093704
1922.0,2.0,0.0,4294967295.0,4294967295.0,2.0,0.010965749768754779,0.011737324202845505,1458.0,0.0,-1.0,-1.0,8.315965572534348e-05,0.0082477163415956,32.0,0.023449721137260016,0.025929127790470425,0.046479749422011794
1924.0,2.0,0.0,4294967295.0,4294967295.0,2.0,0.010964273847608626,0.011737130669518252,1459.0,0.0,-1.0,-1.0,8.315965572534348e-05,0.0082477163415956,32.0,0.023449721137260016,0.02590049028962963,0.046436704336866134
1926.0,2.0,0.0,4294967295.0,4294967295.0,2.0,0.010962797926462466,0.011736937136190999,1460.0,0.0,-1.0,-1.0,8.315965572534348e-05,0.0082477163415956,32.0,0.023449721137260016,0.02587187133769702,0.046393659251720475
1928.0,2.0,0.0,4294967295.0,4294967295.0,2.0,0.01096132200531632,0.011736767026981232,1461.0,0.0,-1.0,-1.0,8.315965572534348e-05,0.0082477163415956,32.0,0.023449721137260016,0.02584327095942097,0.046350614166574815
1930.0,2.0,0.0,4294967295.0,4294967295.0,2.0,0.01095984608417018,0.011736602912467961,1462.0,0.0,-1.0,-1.0,8.315965572534348e-05,0.0082477163415956,32.0,0.023449721137260016,0.025814689179582868,0.046307569081429155
1932.0,2.0,0.0,4294967295.0,4294967295.0,2.0,0.010958370163024034,0.011736438797954697,1463.0,0.0,-1.0,-1.0,8.315965572534348e-05,0.0082477163415956,32.0,0.023449721137260016,0.025786126022997173,0.046264523996283495
1934.0,2.0,0.0,4294967295.0,4294967295.0,2.0,0.01095689424187788,0.01173627468344144,1464.0,0.0,-1.0,-1.0,8.315965572534348e-05,0.0082477163415956,32.0,0.023449721137260016,0.025757581514511445,0.04622147891113784
1936.0,2.0,0.0,4294967295.0,4294967295.0,2.0,0.010955418320731734,0.011736110568928176,1465.0,0.0,-1.0,-1.0,8.315965572534348e-05,0.0082477163415956,32.0,0.023449721137260016,0.025729055679006407,0.04617843382599219
1938.0,2.0,0.0,4294967295.0,4294967295.0,2.0,0.010953942399585581,0.011735946454414906,1466.0,0.0,-1.0,-1.0,8.315965572534348e-05,0.0082477163415956,32.0,0.023449721137260016,0.02570054854139597,0.046135388740846536
1940.0,2.0,0.0,4294967295.0,4294967295.0,2.0,0.010952466478439435,0.011735782339901649,1467.0,0.0,-1.0,-1.0,8.315965572534348e-05,0.0082477163415956,32.0,0.023449721137260016,0.02567206012662729,0.04609234365570088
1942.0,2.0,0.0,4294967295.0,4294967295.0,2.0,0.010950990557293289,0.011735618225388385,1468.0,0.0,-1.0,-1.0,8.315965572534348e-05,0.0082477163415956,32.0,0.023449721137260016,0.025643590459680798,0.046049298570555224
1944.0,2.0,10.0,4294967295.0,4294967295.0,1.0,0.010949514636147142,0.011735454110875114,1469.0,1.0,-1.0,-1.0,0.9199468679552478,0.9642684400400007,32.0,0.023449721137260016,0.04603483639545357,0.06484276995493142
1945.0,1.0,5.0,4294967295.0,4294967295.0,1.0,0.010949514636147142,0.011735454110875114,1470.0,0.0,-1.0,-1.0,0.999683885745438,0.9696073950447441,0.0,0.023449721137260016,0.04601725595606485,0.06821485968875465
1946.0,1.0,7.0,4294967295.0,4294967295.0,1.0,0.010949514636147142,0.011735454110875107,1471.0,0.0,-1.0,-1.0,0.9996862798326052,0.9695950477083302,0.0,0.023449721137260016,0.04599624065570746,0.06818664660528109
1947.0,1.0,3.0,4294967295.0,4294967295.0,1.0,0.01094951463614715,0.011735454110875114,1472.0,0.0,-1.0,-1.0,0.999686279893699,0.9695950480767632,0.0,0.023449721137260016,0.0459752332521504,0.06815832675796817
1948.0,1.0,8.0,4294967295.0,4294967295.0,1.0,0.01094951463614715,0.011735454110875114,1473.0,0.0,-1.0,-1.0,0.9996862798937005,0.969595048085752,0.0,0.023449721137260016,0.045954225848372804,0.06813000220134478
1949.0,1.0,7.0,4294967295.0,4294967295.0,1.0,0.010949514636147156,0.011735454110875107,1474.0,0.0,-1.0,-1.0,0.9996862798937005,0.9695950480857485,0.0,0.023449721137260016,0.04593321844458944,0.06810167293487561
1950.0,1.0,5.0,4294967295.0,4294967295.0,1.0,0.010949514636147163,0.011735454110875107,1475.0,1.0,-1.0,-1.0,0.9996862798937005,0.9695950480857485,0.0,0.023449721137260016,0.045912211040806096,0.06807333895541977
1951.0,1.0,6.0,4294967295.0,4294967295.0,1.0,0.01094951463614717,0.011735454110875114,1476.0,2.0,-1.0,-1.0,0.9996862798937005,0.9695950480857485,0.0,0.023449721137260016,0.04589120363702274,0.0680450002598342
1952.0,1.0,5.0,4294967295.0,4294967295.0,1.0,0.01094951463614717,0.011735454110875107,1477.0,2.0,-1.0,-1.0,0.9996862798937005,0.9695950480857485,0.0,0.023449721137260016,0.04587019623323939,0.06801665684497381
1953.0,1.0,5.0,4294967295.0,4294967295.0,1.0,0.010949514636147177,0.0117354541108751,1478.0,2.0,-1.0,-1.0,0.9996862798937005,0.9695950480857485,0.0,0.023449721137260016,0.04584918882945603,0.06798830870769133
1954.0,1.0,10.0,4294967295.0,4294967295.0,1.0,0.010949514636147177,0.011735454110875086,1479.0,0.0,-1.0,-1.0,0.9996862798937005,0.9695950480857485,0.0,0.023449721137260016,0.04582818142567267,0.06795995584483745
1955.0,1.0,7.0,4294967295.0,4294967295.0,1.0,0.010949514636147184,0.011735454110875086,1480.0,1.0,-1.0,-1.0,0.9996862798937005,0.9695950480857485,0.0,0.023449721137260016,0.04580717402188933,0.06793159825326073
1956.0,1.0,5.0,4294967295.0,4294967295.0,1.0,0.010949514636147191,0.011735454110875086,1481.0,0.0,-1.0,-1.0,0.9996862798937005,0.9695950480857485,0.0,0.023449721137260016,0.04578616661810597,0.06790323592980764
1957.0,1.0,3.0,4294967295.0,4294967295.0,1.0,0.010949514636147191,0.01173545411087508,1482.0,0.0,-1.0,-1.0,0.9996862798937005,0.9695950480857485,0.0,0.023449721137260016,0.04576515921432263,0.06787486887132253
1958.0,1.0,11.0,4294967295.0,4294967295.0,1.0,0.010949514636147198,0.01173545411087508,1483.0,2.0,-1.0,-1.0,0.9996862798937005,0.9695950480857485,0.0,0.023449721137260016,0.04574415181053928,0.0678464970746477
1959.0,1.0,9.0,4294967295.0,4294967295.0,1.0,0.010949514636147198,0.011735454110875072,1484.0,1.0,-1.0,-1.0,0.9996862798937005,0.9695950480857485,0.0,0.023449721137260016,0.04572314440675593,0.06781812053662326
1960.0,1.0,7.0,4294967295.0,4294967295.0,1.0,0.010949514636147205,0.011735454110875065,1485.0,0.0,-1.0,-1.0,0.9996862798937005,0.9695950480857485,0.0,0.023449721137260016,0.045702137002972584,0.06778973925408727
1961.0,1.0,4.0,4294967295.0,4294967295.0,1.0,0.010949514636147212,0.011735454110875065,1486.0,0.0,-1.0,-1.0,0.9996862798937005,0.9695950480857485,0.0,0.023449721137260016,0.04568112959918923,0.06776135322387566
1962.0,1.0,7.0,4294967295.0,4294967295.0,1.0,0.010949514636147212,0.011735454110875058,1487.0,1.0,-1.0,-1.0,0.9996862798937005,0.9695950480857485,0.0,0.023449721137260016,0.045660122195405876,0.06773296244282229
1963.0,1.0,7.0,4294967295.0,4294967295.0,1.0,0.010949514636147219,0.011735454110875045,1488.0,0.0,-1.0,-1.0,0.9996862798937005,0.9695950480857485,0.0,0.023449721137260016,0.04563911479162252,0.06770456690775883
1964.0,1.0,4.0,4294967295.0,4294967295.0,1.0,0.010949514636147219,0.011735454110875038,1489.0,0.0,-1.0,-1.0,0.9996862798937005,0.9695950480857485,0.0,0.023449721137260016,0.04561810738783916,0.06767616661551493
1965.0,1.0,8.0,4294967295.0,4294967295.0,1.0,0.010949514636147219,0.011735454110875024,1490.0,3.0,-1.0,-1.0,0.9996862798937005,0.9695950480857485,0.0,0.023449721137260016,0.04559709998405581,0.06764776156291805
1966.0,1.0,10.0,4294967295.0,4294967295.0,1.0,0.010949514636147226,0.01173545411087503,1491.0,0.0,-1.0,-1.0,0.9996862798937005,0.9695950480857485,0.0,0.023449721137260016,0.045576092580272454,0.06761935174679355
1967.0,1.0,1.0,4294967295.0,4294967295.0,1.0,0.010949514636147226,0.011735454110875038,1492.0,1.0,-1.0,-1.0,0.9996862798937005,0.9695950480857485,0.0,0.023449721137260016,0.0455550851764891,0.06759093716396473
1968.0,1.0,3.0,4294967295.0,4294967295.0,1.0,0.010949514636147233,0.011735454110875038,1493.0,0.0,-1.0,-1.0,0.9996862798937005,0.9695950480857485,0.0,0.023449721137260016,0.045534077772705746,0.06756251781125269
1969.0,1.0,6.0,4294967295.0,4294967295.0,1.0,0.010949514636147233,0.01173545411087503,1494.0,0.0,-1.0,-1.0,0.9996862798937005,0.9695950480857485,0.0,0.023449721137260016,0.0455130703689224,0.06753409368547646
1970.0,1.0,6.0,4294967295.0,4294967295.0,1.0,0.01094951463614724,0.01173545411087503,1495.0,0.0,-1.0,-1.0,0.9996862798937005,0.9695950480857485,0.0,0.023449721137260016,0.04549206296513905,0.06750566478345293
1971.0,1.0,8.0,4294967295.0,4294967295.0,1.0,0.01094951463614724,0.011735454110875024,1496.0,0.0,-1.0,-1.0,0.9996862798937005,0.9695950480857485,0.0,0.023449721137260016,0.0454710555613557,0.0674772311019969
1972.0,1.0,9.0,4294967295.0,4294967295.0,1.0,0.010949514636147246,0.011735454110875017,1497.0,1.0,-1.0,-1.0,0.9996862798937005,0.9695950480857485,0.0,0.023449721137260016,0.04545004815757236,0.06744879263792099
1973.0,1.0,6.0,4294967295.0,4294967295.0,1.0,0.010949514636147253,0.011735454110875017,1498.0,1.0,-1.0,-1.0,0.9996862798937005,0.9695950480857485,0.0,0.023449721137260016,0.045429040753789,0.06742034938803573
1974.0,1.0,7.0,4294967295.0,4294967295.0,1.0,0.010949514636147253,0.01173545411087501,1499.0,1.0,-1.0,-1.0,0.9996862798937005,0.9695950480857485,0.0,0.023449721137260016,0.04540803335000565,0.06739190134914952
1975.0,1.0,10.0,4294967295.0,4294967295.0,1.0,0.01094951463614726,0.01173545411087501,1500.0,0.0,-1.0,-1.0,0.9996862798937005,0.9695950480857485,0.0,0.023449721137260016,0.04538702594622229,0.06736344851806861
1976.0,1.0,6.0,4294967295.0,4294967295.0,1.0,0.01094951463614726,0.011735454110875003,1501.0,0.0,-1.0,-1.0,0.9996862798937005,0.9695950480857485,0.0,0.023449721137260016,0.045366018542438935,0.06733499089159718
1977.0,1.0,5.0,4294967295.0,4294967295.0,1.0,0.01094951463614726,0.011735454110875003,1502.0,0.0,-1.0,-1.0,0.9996862798937005,0.9695950480857485,0.0,0.023449721137260016,0.045345011138655585,0.06730652846653722
1978.0,1.0,6.0,4294967295.0,4294967295.0,1.0,0.010949514636147267,0.011735454110875003,1503.0,0.0,-1.0,-1.0,0.9996862798937005,0.9695950480857485,0.0,0.023449721137260016,0.04532400373487223,0.06727806123968859
1979.0,1.0,4.0,4294967295.0,4294967295.0,1.0,0.010949514636147267,0.011735454110874989,1504.0,0.0,-1.0,-1.0,0.9996862798937005,0.9695950480857485,0.0,0.023449721137260016,0.04530299633108888,0.06724958920784903
1980.0,1.0,4.0,4294967295.0,4294967295.0,1.0,0.010949514636147274,0.011735454110874989,1505.0,1.0,-1.0,-1.0,0.9996862798937005,0.9695950480857485,0.0,0.023449721137260016,0.04528198892730552,0.06722111236781417
1981.0,1.0,4.0,4294967295.0,4294967295.0,1.0,0.010949514636147274,0.011735454110874989,1506.0,1.0,-1.0,-1.0,0.9996862798937005,0.9695950480857485,0.0,0.023449721137260016,0.04526098152352217,0.06719263071637745
1982.0,1.0,5.0,4294967295.0,4294967295.0,1.0,0.010949514636147274,0.011735454110874975,1507.0,0.0,-1.0,-1.0,0.9996862798937005,0.9695950480857485,0.0,0.023449721137260016,0.045239974119738825,0.06716414425033021
1983.0,1.0,3.0,4294967295.0,4294967295.0,1.0,0.010949514636147281,0.011735454110874968,1508.0,0.0,-1.0,-1.0,0.9996862798937005,0.9695950480857485,0.0,0.023449721137260016,0.045218966715955475,0.06713565296646164
1984.0,1.0,8.0,4294967295.0,4294967295.0,1.0,0.010949514636147281,0.011735454110874968,1509.0,1.0,-1.0,-1.0,0.9996862798937005,0.9695950480857485,0.0,0.023449721137260016,0.045197959312172124,0.0671071568615588
1985.0,1.0,4.0,4294967295.0,4294967295.0,1.0,0.010949514636147288,0.011735454110874975,1510.0,1.0,-1.0,-1.0,0.9996862798937005,0.9695950480857485,0.0,0.023449721137260016,0.04517695190838877,0.06707865593240657
1986.0,1.0,4.0,4294967295.0,4294967295.0,1.0,0.010949514636147288,0.011735454110874968,1511.0,0.0,-1.0,-1.0,0.9996862798937005,0.9695950480857485,0.0,0.023449721137260016,0.045155944504605416,0.06705015017578772
1987.0,1.0,7.0,4294967295.0,4294967295.0,1.0,0.010949514636147295,0.011735454110874968,1512.0,1.0,-1.0,-1.0,0.9996862798937005,0.9695950480857485,0.0,0.023449721137260016,0.045134937100822066,0.06702163958848288
1988.0,1.0,10.0,4294967295.0,4294967295.0,1.0,0.010949514636147302,0.011735454110874961,1513.0,1.0,-1.0,-1.0,0.9996862798937005,0.9695950480857485,0.0,0.023449721137260016,0.04511392969703871,0.06699312416727052
1989.0,1.0,4.0,4294967295.0,4294967295.0,1.0,0.010949514636147302,0.011735454110874961,1514.0,0.0,-1.0,-1.0,0.9996862798937005,0.9695950480857485,0.0,0.023449721137260016,0.04509292229325536,0.06696460390892695
1990.0,1.0,5.0,4294967295.0,4294967295.0,1.0,0.010949514636147309,0.011735454110874961,1515.0,1.0,-1.0,-1.0,0.9996862798937005,0.9695950480857485,0.0,0.023449721137260016,0.045071914889472,0.06693607881022633
1991.0,1.0,4.0,4294967295.0,4294967295.0,1.0,0.010949514636147309,0.011735454110874954,1516.0,0.0,-1.0,-1.0,0.9996862798937005,0.9695950480857485,0.0,0.023449721137260016,0.04505090748568865,0.06690754886794069
1992.0,1.0,4.0,4294967295.0,4294967295.0,1.0,0.010949514636147316,0.011735454110874961,1517.0,0.0,-1.0,-1.0,0.9996862798937005,0.9695950480857485,0.0,0.023449721137260016,0.04502990008190529,0.0668790140788399
1993.0,1.0,10.0,4294967295.0,4294967295.0,1.0,0.010949514636147316,0.011735454110874961,1518.0,1.0,-1.0,-1.0,0.9996862798937005,0.9695950480857485,0.0,0.023449721137260016,0.04500889267812194,0.06685047443969167
1994.0,1.0,7.0,4294967295.0,4294967295.0,1.0,0.010949514636147323,0.011735454110874954,1519.0,0.0,-1.0,-1.0,0.9996862798937005,0.9695950480857485,0.0,0.023449721137260016,0.044987885274338606,0.06682192994726155
1995.0,1.0,7.0,4294967295.0,4294967295.0,1.0,0.01094951463614733,0.011735454110874954,1520.0,0.0,-1.0,-1.0,0.9996862798937005,0.9695950480857485,0.0,0.023449721137260016,0.044966877870555255,0.06679338059831297
1996.0,1.0,5.0,4294967295.0,4294967295.0,1.0,0.01094951463614733,0.011735454110874954,1521.0,0.0,-1.0,-1.0,0.9996862798937005,0.9695950480857485,0.0,0.023449721137260016,0.044945870466771905,0.06676482638960712
1997.0,1.0,4.0,4294967295.0,4294967295.0,1.0,0.010949514636147337,0.011735454110874947,1522.0,1.0,-1.0,-1.0,0.9996862798937005,0.9695950480857485,0.0,0.023449721137260016,0.04492486306298855,0.06673626731790312
1998.0,1.0,6.0,4294967295.0,4294967295.0,1.0,0.010949514636147337,0.011735454110874934,1523.0,0.0,-1.0,-1.0,0.9996862798937005,0.9695950480857485,0.0,0.023449721137260016,0.04490385565920519,0.06670770337995789
1999.0,1.0,4.0,4294967295.0,4294967295.0,1.0,0.010949514636147337,0.011735454110874927,1524.0,0.0,-1.0,-1.0,0.9996862798937005,0.9695950480857485,0.0,0.023449721137260016,0.04488284825542184,0.06667913457252617
2000.0,1.0,6.0,4294967295.0,4294967295.0,1.0,0.010949514636147344,0.011735454110874927,1525.0,0.0,-1.0,-1.0,0.9996862798937005,0.9695950480857485,0.0,0.023449721137260016,0.04486184085163848,0.06665056089236056
2001.0,1.0,7.0,4294967295.0,4294967295.0,1.0,0.010949514636147344,0.011735454110874934,1526.0,0.0,-1.0,-1.0,0.9996862798937005,0.9695950480857485,0.0,0.023449721137260016,0.04484083344785513,0.0666219823362115
2002.0,1.0,6.0,4294967295.0,4294967295.0,1.0,0.01094951463614735,0.011735454110874927,1527.0,0.0,-1.0,-1.0,0.9996862798937005,0.9695950480857485,0.0,0.023449721137260016,0.044819826044071774,0.06659339890082723
2003.0,1.0,13.0,4294967295.0,4294967295.0,1.0,0.01094951463614735,0.01173545411087492,1528.0,0.0,-1.0,-1.0,0.9996862798937005,0.9695950480857485,0.0,0.023449721137260016,0.044798818640288424,0.06656481058295385
2004.0,1.0,3.0,4294967295.0,4294967295.0,1.0,0.010949514636147357,0.01173545411087492,1529.0,1.0,-1.0,-1.0,0.9996862798937005,0.9695950480857485,0.0,0.023449721137260016,0.04477781123650507,0.06653621737933528
2005.0,1.0,4.0,4294967295.0,4294967295.0,1.0,0.010949514636147364,0.01173545411087492,1530.0,0.0,-1.0,-1.0,0.9996862798937005,0.9695950480857485,0.0,0.023449721137260016,0.04475680383272172,0.06650761928671328
2006.0,1.0,5.0,4294967295.0,4294967295.0,1.0,0.010949514636147364,0.01173545411087492,1531.0,1.0,-1.0,-1.0,0.9996862798937005,0.9695950480857485,0.0,0.023449721137260016,0.04473579642893838,0.06647901630182743
2007.0,1.0,10.0,4294967295.0,4294967295.0,1.0,0.010949514636147371,0.011735454110874927,1532.0,0.0,-1.0,-1.0,0.9996862798937005,0.9695950480857485,0.0,0.023449721137260016,0.04471478902515503,0.06645040842141511
2008.0,1.0,4.0,4294967295.0,4294967295.0,1.0,0.010949514636147378,0.01173545411087492,1533.0,1.0,-1.0,-1.0,0.9996862798937005,0.9695950480857485,0.0,0.023449721137260016,0.044693781621371685,0.06642179564221157
2009.0,1.0,11.0,4294967295.0,4294967295.0,1.0,0.010949514636147385,0.01173545411087492,1534.0,1.0,-1.0,-1.0,0.9996862798937005,0.9695950480857485,0.0,0.023449721137260016,0.044672774217588335,0.06639317796094985
2010.0,1.0,4.0,4294967295.0,4294967295.0,1.0,0.010949514636147392,0.01173545411087492,1535.0,0.0,-1.0,-1.0,0.9996862798937005,0.9695950480857485,0.0,0.023449721137260016,0.04465176681380498,0.06636455537436083
2011.0,1.0,3.0,4294967295.0,4294967295.0,1.0,0.010949514636147399,0.011735454110874906,1536.0,0.0,-1.0,-1.0,0.9996862798937005,0.9695950480857485,0.0,0.023449721137260016,0.044630759410021634,0.0663359278791732
2012.0,1.0,6.0,4294967295.0,4294967295.0,1.0,0.010949514636147406,0.011735454110874899,1537.0,1.0,-1.0,-1.0,0.9996862798937005,0.9695950480857485,0.0,0.023449721137260016,0.044609752006238276,0.06630729547211345
2013.0,1.0,5.0,4294967295.0,4294967295.0,1.0,0.010949514636147406,0.011735454110874892,1538.0,0.0,-1.0,-1.0,0.9996862798937005,0.9695950480857485,0.0,0.023449721137260016,0.044588744602454926,0.06627865814990594
2014.0,1.0,7.0,4294967295.0,4294967295.0,1.0,0.010949514636147413,0.011735454110874885,1539.0,2.0,-1.0,-1.0,0.9996862798937005,0.9695950480857485,0.0,0.023449721137260016,0.04456773719867157,0.06625001590927278
2015.0,1.0,12.0,4294967295.0,4294967295.0,1.0,0.010949514636147413,0.011735454110874878,1540.0,0.0,-1.0,-1.0,0.9996862798937005,0.9695950480857485,0.0,0.023449721137260016,0.04454672979488821,0.06622136874693395
2016.0,1.0,9.0,4294967295.0,4294967295.0,1.0,0.010949514636147413,0.011735454110874878,1541.0,1.0,-1.0,-1.0,0.9996862798937005,0.9695950480857485,0.0,0.023449721137260016,0.04452572239110486,0.06619271665960721
2017.0,1.0,7.0,4294967295.0,4294967295.0,1.0,0.01094951463614742,0.011735454110874878,1542.0,1.0,-1.0,-1.0,0.9996862798937005,0.9695950480857485,0.0,0.023449721137260016,0.04450471498732151,0.06616405964400814
2018.0,1.0,10.0,4294967295.0,4294967295.0,1.0,0.01094951463614742,0.011735454110874878,1543.0,0.0,-1.0,-1.0,0.9996862798937005,0.9695950480857485,0.0,0.023449721137260016,0.044483707583538167,0.06613539769685013
2019.0,1.0,5.0,4294967295.0,4294967295.0,1.0,0.010949514636147427,0.011735454110874878,1544.0,0.0,-1.0,-1.0,0.9996862798937005,0.9695950480857485,0.0,0.023449721137260016,0.044462700179754816,0.06610673081484437
2020.0,1.0,4.0,4294967295.0,4294967295.0,1.0,0.010949514636147427,0.011735454110874878,1545.0,0.0,-1.0,-1.0,0.9996862798937005,0.9695950480857485,0.0,0.023449721137260016,0.044441692775971466,0.06607805899469989
2021.0,1.0,6.0,4294967295.0,4294967295.0,1.0,0.010949514636147427,0.011735454110874878,1546.0,0.0,-1.0,-1.0,0.9996862798937005,0.9695950480857485,0.0,0.023449721137260016,0.044420685372188115,0.06604938223312347
2022.0,1.0,5.0,4294967295.0,4294967295.0,1.0,0.010949514636147434,0.011735454110874871,1547.0,0.0,-1.0,-1.0,0.9996862798937005,0.9695950480857485,0.0,0.023449721137260016,0.04439967796840476,0.06602070052681974
2023.0,1.0,4.0,4294967295.0,4294967295.0,1.0,0.010949514636147434,0.011735454110874871,1548.0,1.0,-1.0,-1.0,0.9996862798937005,0.9695950480857485,0.0,0.023449721137260016,0.04437867056462141,0.06599201387249112
2024.0,1.0,8.0,4294967295.0,4294967295.0,1.0,0.01094951463614744,0.011735454110874864,1549.0,1.0,-1.0,-1.0,0.9996862798937005,0.9695950480857485,0.0,0.023449721137260016,0.04435766316083805,0.0659633222668378
2025.0,1.0,3.0,4294967295.0,4294967295.0,1.0,0.01094951463614744,0.01173545411087485,1550.0,0.0,-1.0,-1.0,0.9996862798937005,0.9695950480857485,0.0,0.023449721137260016,0.0443366557570547,0.06593462570655784
2026.0,1.0,9.0,4294967295.0,4294967295.0,1.0,0.010949514636147448,0.011735454110874843,1551.0,1.0,-1.0,-1.0,0.9996862798937005,0.9695950480857485,0.0,0.023449721137260016,0.04431564835327134,0.06590592418834702
2027.0,1.0,6.0,4294967295.0,4294967295.0,1.0,0.010949514636147448,0.011735454110874836,1552.0,1.0,-1.0,-1.0,0.9996862798937005,0.9695950480857485,0.0,0.023449721137260016,0.044294640949487984,0.06587721770889897
2028.0,1.0,7.0,4294967295.0,4294967295.0,1.0,0.010949514636147455,0.01173545411087483,1553.0,0.0,-1.0,-1.0,0.9996862798937005,0.9695950480857485,0.0,0.023449721137260016,0.04427363354570464,0.06584850626490507
2029.0,1.0,5.0,4294967295.0,4294967295.0,1.0,0.010949514636147462,0.01173545411087483,1554.0,0.0,-1.0,-1.0,0.9996862798937005,0.9695950480857485,0.0,0.023449721137260016,0.04425262614192129,0.06581978985305455
2030.0,1.0,4.0,4294967295.0,4294967295.0,1.0,0.010949514636147462,0.011735454110874823,1555.0,0.0,-1.0,-1.0,0.9996862798937005,0.9695950480857485,0.0,0.023449721137260016,0.04423161873813795,0.06579106847003438
2031.0,1.0,9.0,4294967295.0,4294967295.0,1.0,0.010949514636147469,0.011735454110874816,1556.0,1.0,-1.0,-1.0,0.9996862798937005,0.9695950480857485,0.0,0.023449721137260016,0.044210611334354596,0.06576234211252935
2032.0,1.0,7.0,4294967295.0,4294967295.0,1.0,0.010949514636147469,0.011735454110874809,1557.0,1.0,-1.0,-1.0,0.9996862798937005,0.9695950480857485,0.0,0.023449721137260016,0.044189603930571246,0.06573361077722202
2033.0,1.0,9.0,4294967295.0,4294967295.0,1.0,0.010949514636147475,0.011735454110874802,1558.0,0.0,-1.0,-1.0,0.9996862798937005,0.9695950480857485,0.0,0.023449721137260016,0.0441685965267879,0.06570487446079276
2034.0,1.0,2.0,4294967295.0,4294967295.0,1.0,0.010949514636147482,0.011735454110874802,1559.0,1.0,-1.0,-1.0,0.9996862798937005,0.9695950480857485,0.0,0.023449721137260016,0.044147589123004545,0.06567613315991971
2035.0,1.0,7.0,4294967295.0,4294967295.0,1.0,0.010949514636147482,0.011735454110874795,1560.0,2.0,-1.0,-1.0,0.9996862798937005,0.9695950480857485,0.0,0.023449721137260016,0.044126581719221195,0.06564738687127882
2036.0,1.0,4.0,4294967295.0,4294967295.0,1.0,0.01094951463614749,0.011735454110874781,1561.0,1.0,-1.0,-1.0,0.9996862798937005,0.9695950480857485,0.0,0.023449721137260016,0.04410557431543784,0.06561863559154378
2037.0,1.0,9.0,4294967295.0,4294967295.0,1.0,0.01094951463614749,0.011735454110874774,1562.0,1.0,-1.0,-1.0,0.9996862798937005,0.9695950480857485,0.0,0.023449721137260016,0.04408456691165448,0.06558987931738608
2038.0,1.0,8.0,4294967295.0,4294967295.0,1.0,0.010949514636147496,0.011735454110874781,1563.0,0.0,-1.0,-1.0,0.9996862798937005,0.9695950480857485,0.0,0.023449721137260016,0.044063559507871136,0.06556111804547501
2039.0,1.0,3.0,4294967295.0,4294967295.0,1.0,0.010949514636147503,0.011735454110874774,1564.0,1.0,-1.0,-1.0,0.9996862798937005,0.9695950480857485,0.0,0.023449721137260016,0.04404255210408778,0.06553235177247764
2040.0,1.0,6.0,4294967295.0,4294967295.0,1.0,0.01094951463614751,0.011735454110874774,1565.0,0.0,-1.0,-1.0,0.9996862798937005,0.9695950480857485,0.0,0.023449721137260016,0.04402154470030444,0.06550358049505878
2041.0,1.0,5.0,4294967295.0,4294967295.0,1.0,0.010949514636147517,0.01173545411087476,1566.0,0.0,-1.0,-1.0,0.9996862798937005,0.9695950480857485,0.0,0.023449721137260016,0.04400053729652109,0.06547480420988101
2042.0,1.0,8.0,4294967295.0,4294967295.0,1.0,0.010949514636147517,0.01173545411087476,1567.0,1.0,-1.0,-1.0,0.9996862798937005,0.9695950480857485,0.0,0.023449721137260016,0.04397952989273774,0.06544602291360475
2043.0,1.0,9.0,4294967295.0,4294967295.0,1.0,0.010949514636147524,0.011735454110874753,1568.0,1.0,-1.0,-1.0,0.9996862798937005,0.9695950480857485,0.0,0.023449721137260016,0.0439585224889544,0.06541723660288813
2044.0,1.0,7.0,4294967295.0,4294967295.0,1.0,0.010949514636147524,0.011735454110874753,1569.0,0.0,-1.0,-1.0,0.9996862798937005,0.9695950480857485,0.0,0.023449721137260016,0.04393751508517105,0.06538844527438711
2045.0,1.0,7.0,4294967295.0,4294967295.0,1.0,0.010949514636147531,0.01173545411087476,1570.0,0.0,-1.0,-1.0,0.9996862798937005,0.9695950480857485,0.0,0.023449721137260016,0.04391650768138771,0.06535964892475535
2046.0,1.0,9.0,4294967295.0,4294967295.0,1.0,0.010949514636147538,0.01173545411087476,1571.0,1.0,-1.0,-1.0,0.9996862798937005,0.9695950480857485,0.0,0.023449721137260016,0.04389550027760435,0.06533084755064432
2047.0,1.0,7.0,4294967295.0,4294967295.0,1.0,0.010949514636147538,0.01173545411087476,1572.0,0.0,-1.0,-1.0,0.9996862798937005,0.9695950480857485,0.0,0.023449721137260016,0.043874492873820996,0.06530204114870325
2048.0,1.0,0.0,4294967295.0,4294967295.0,1.0,0.010949514636147545,0.01173545411087476,1573.0,0.0,-1.0,-1.0,0.867541277643506,0.06874293104515919,0.0,0.023449721137260016,0.043277057170810554,0.059838562263904396
2049.0,1.0,0.0,4294967295.0,4294967295.0,5.0,0.010949514636147538,0.011735454110874753,1574.0,0.0,-1.0,-1.0,0.014204893595178028,0.008388570143134403,0.0,0.023449721137260016,0.02472986678606947,0.043788504459739454
2054.0,5.0,0.0,4294967295.0,4294967295.0,5.0,0.010914806236392849,0.01173095245435267,1575.0,0.0,-1.0,-1.0,8.31596557261291e-05,0.008247716341804082,14.0,0.023449721137260016,0.024070373761680842,0.04366266259360189
2059.0,5.0,0.0,4294967295.0,4294967295.0,5.0,0.010880183834224288,0.011728417512855333,1576.0,0.0,-1.0,-1.0,8.315965572541127e-05,0.008247716341804075,14.0,0.023449721137260016,0.02400165992944845,0.0435379691936848
2064.0,5.0,8.0,4294967295.0,4294967295.0,1.0,0.010845561432055721,0.011726430302522888,1577.0,1.0,-1.0,-1.0,0.9195271168608681,0.9200949295447014,14.0,0.023449721137260016,0.043381736058593766,0.061523102226029275
2065.0,1.0,4.0,4294967295.0,4294967295.0,1.0,0.010845561432055721,0.011726430302522895,1578.0,0.0,-1.0,-1.0,0.9996838039462109,0.9696181658632155,0.0,0.023449721137260016,0.04339242115405028,0.06477129020100658
2066.0,1.0,2.0,4294967295.0,4294967295.0,1.0,0.010845561432055714,0.011726430302522902,1579.0,1.0,-1.0,-1.0,0.9996862798292867,0.9695950784340946,0.0,0.023449721137260016,0.04337139901728217,0.06474248881611835
2067.0,1.0,8.0,4294967295.0,4294967295.0,1.0,0.010845561432055707,0.011726430302522902,1580.0,0.0,-1.0,-1.0,0.999686279893699,0.9695950480580318,0.0,0.023449721137260016,0.04335039159404437,0.06471358115309422
2068.0,1.0,5.0,4294967295.0,4294967295.0,1.0,0.010845561432055707,0.011726430302522909,1581.0,1.0,-1.0,-1.0,0.9996862798937005,0.9695950480857358,0.0,0.023449721137260016,0.043329384190278736,0.06468466838872403
2069.0,1.0,12.0,4294967295.0,4294967295.0,1.0,0.010845561432055714,0.011726430302522895,1582.0,0.0,-1.0,-1.0,0.9996862798937005,0.9695950480857485,0.0,0.023449721137260016,0.043308376786495385,0.06465575052223879
2070.0,1.0,4.0,4294967295.0,4294967295.0,1.0,0.010845561432055721,0.011726430302522895,1583.0,2.0,-1.0,-1.0,0.9996862798937005,0.9695950480857485,0.0,0.023449721137260016,0.043287369382712035,0.06462682755023605
2071.0,1.0,7.0,4294967295.0,4294967295.0,1.0,0.010845561432055721,0.011726430302522902,1584.0,1.0,-1.0,-1.0,0.9996862798937005,0.9695950480857485,0.0,0.023449721137260016,0.04326636197892868,0.064597899469311
2072.0,1.0,3.0,4294967295.0,4294967295.0,1.0,0.010845561432055728,0.011726430302522902,1585.0,0.0,-1.0,-1.0,0.9996862798937005,0.9695950480857485,0.0,0.023449721137260016,0.043245354575145334,0.06456896627605652
2073.0,1.0,11.0,4294967295.0,4294967295.0,1.0,0.010845561432055735,0.011726430302522909,1586.0,0.0,-1.0,-1.0,0.9996862798937005,0.9695950480857485,0.0,0.023449721137260016,0.04322434717136198,0.06454002796706329
2074.0,1.0,6.0,4294967295.0,4294967295.0,1.0,0.010845561432055735,0.011726430302522909,1587.0,1.0,-1.0,-1.0,0.9996862798937005,0.9695950480857485,0.0,0.023449721137260016,0.04320333976757863,0.06451108453891966
2075.0,1.0,5.0,4294967295.0,4294967295.0,1.0,0.010845561432055742,0.011726430302522916,1588.0,1.0,-1.0,-1.0,0.9996862798937005,0.9695950480857485,0.0,0.023449721137260016,0.04318233236379529,0.06448213598821173
2076.0,1.0,4.0,4294967295.0,4294967295.0,1.0,0.010845561432055742,0.011726430302522916,1589.0,0.0,-1.0,-1.0,0.9996862798937005,0.9695950480857485,0.0,0.023449721137260016,0.04316132496001194,0.06445318231152333
2077.0,1.0,6.0,4294967295.0,4294967295.0,1.0,0.010845561432055749,0.011726430302522909,1590.0,0.0,-1.0,-1.0,0.9996862798937005,0.9695950480857485,0.0,0.023449721137260016,0.043140317556228595,0.06442422350543597
2078.0,1.0,8.0,4294967295.0,4294967295.0,1.0,0.010845561432055749,0.011726430302522902,1591.0,0.0,-1.0,-1.0,0.9996862798937005,0.9695950480857485,0.0,0.023449721137260016,0.043119310152445245,0.06439525956652897
2079.0,1.0,4.0,4294967295.0,4294967295.0,1.0,0.010845561432055756,0.011726430302522909,1592.0,1.0,-1.0,-1.0,0.9996862798937005,0.9695950480857485,0.0,0.023449721137260016,0.043098302748661894,0.06436629049137924
2080.0,1.0,9.0,4294967295.0,4294967295.0,1.0,0.010845561432055763,0.011726430302522909,1593.0,1.0,-1.0,-1.0,0.9996862798937005,0.9695950480857485,0.0,0.023449721137260016,0.043077295344878544,0.06433731627656153
2081.0,1.0,7.0,4294967295.0,4294967295.0,1.0,0.01084556143205577,0.011726430302522916,1594.0,1.0,-1.0,-1.0,0.9996862798937005,0.9695950480857485,0.0,0.023449721137260016,0.043056287941095193,0.0643083369186482
2082.0,1.0,4.0,4294967295.0,4294967295.0,1.0,0.010845561432055777,0.011726430302522916,1595.0,1.0,-1.0,-1.0,0.9996862798937005,0.9695950480857485,0.0,0.023449721137260016,0.04303528053731184,0.06427935241420943
2083.0,1.0,3.0,4294967295.0,4294967295.0,1.0,0.010845561432055784,0.011726430302522923,1596.0,0.0,-1.0,-1.0,0.9996862798937005,0.9695950480857485,0.0,0.023449721137260016,0.04301427313352849,0.06425036275981302
2084.0,1.0,8.0,4294967295.0,4294967295.0,1.0,0.01084556143205579,0.011726430302522923,1597.0,0.0,-1.0,-1.0,0.9996862798937005,0.9695950480857485,0.0,0.023449721137260016,0.04299326572974514,0.06422136795202456
2085.0,1.0,4.0,4294967295.0,4294967295.0,1.0,0.010845561432055797,0.011726430302522909,1598.0,2.0,-1.0,-1.0,0.9996862798937005,0.9695950480857485,0.0,0.023449721137260016,0.04297225832596179,0.06419236798740727
2086.0,1.0,7.0,4294967295.0,4294967295.0,1.0,0.010845561432055797,0.011726430302522909,1599.0,0.0,-1.0,-1.0,0.9996862798937005,0.9695950480857485,0.0,0.023449721137260016,0.042951250922178434,0.06416336286252215
2087.0,1.0,8.0,4294967295.0,4294967295.0,1.0,0.010845561432055797,0.011726430302522895,1600.0,3.0,-1.0,-1.0,0.9996862798937005,0.9695950480857485,0.0,0.023449721137260016,0.042930243518395084,0.06413435257392786
2088.0,1.0,6.0,4294967295.0,4294967295.0,1.0,0.010845561432055804,0.011726430302522895,1601.0,0.0,-1.0,-1.0,0.9996862798937005,0.9695950480857485,0.0,0.023449721137260016,0.04290923611461173,0.06410533711818076
2089.0,1.0,4.0,4294967295.0,4294967295.0,1.0,0.010845561432055811,0.011726430302522888,1602.0,1.0,-1.0,-1.0,0.9996862798937005,0.9695950480857485,0.0,0.023449721137260016,0.04288822871082838,0.06407631649183493
2090.0,1.0,9.0,4294967295.0,4294967295.0,1.0,0.010845561432055818,0.011726430302522888,1603.0,2.0,-1.0,-1.0,0.9996862798937005,0.9695950480857485,0.0,0.023449721137260016,0.04286722130704503,0.0640472906914422
2091.0,1.0,8.0,4294967295.0,4294967295.0,1.0,0.010845561432055825,0.011726430302522888,1604.0,1.0,-1.0,-1.0,0.9996862798937005,0.9695950480857485,0.0,0.023449721137260016,0.04284621390326168,0.06401825971355202
2092.0,1.0,6.0,4294967295.0,4294967295.0,1.0,0.010845561432055825,0.011726430302522888,1605.0,0.0,-1.0,-1.0,0.9996862798937005,0.9695950480857485,0.0,0.023449721137260016,0.042825206499478324,0.0639892235547116
2093.0,1.0,3.0,4294967295.0,4294967295.0,1.0,0.010845561432055832,0.011726430302522881,1606.0,1.0,-1.0,-1.0,0.9996862798937005,0.9695950480857485,0.0,0.023449721137260016,0.042804199095694974,0.0639601822114658
2094.0,1.0,6.0,4294967295.0,4294967295.0,1.0,0.010845561432055839,0.011726430302522881,1607.0,0.0,-1.0,-1.0,0.9996862798937005,0.9695950480857485,0.0,0.023449721137260016,0.04278319169191163,0.06393113568035722
2095.0,1.0,3.0,4294967295.0,4294967295.0,1.0,0.010845561432055846,0.011726430302522888,1608.0,1.0,-1.0,-1.0,0.9996862798937005,0.9695950480857485,0.0,0.023449721137260016,0.04276218428812828,0.0639020839579261
2096.0,1.0,8.0,4294967295.0,4294967295.0,1.0,0.010845561432055853,0.011726430302522888,1609.0,0.0,-1.0,-1.0,0.9996862798937005,0.9695950480857485,0.0,0.023449721137260016,0.04274117688434493,0.0638730270407104
2097.0,1.0,9.0,4294967295.0,4294967295.0,1.0,0.01084556143205586,0.011726430302522895,1610.0,0.0,-1.0,-1.0,0.9996862798937005,0.9695950480857485,0.0,0.023449721137260016,0.04272016948056158,0.06384396492524583
2098.0,1.0,10.0,4294967295.0,4294967295.0,1.0,0.01084556143205586,0.011726430302522895,1611.0,0.0,-1.0,-1.0,0.9996862798937005,0.9695950480857485,0.0,0.023449721137260016,0.04269916207677822,0.06381489760806569
2099.0,1.0,8.0,4294967295.0,4294967295.0,1.0,0.010845561432055867,0.011726430302522902,1612.0,0.0,-1.0,-1.0,0.9996862798937005,0.9695950480857485,0.0,0.023449721137260016,0.04267815467299487,0.06378582508570102
2100.0,1.0,6.0,4294967295.0,4294967295.0,1.0,0.010845561432055874,0.011726430302522902,1613.0,3.0,-1.0,-1.0,0.9996862798937005,0.9695950480857485,0.0,0.023449721137260016,0.04265714726921153,0.06375674735468055
2101.0,1.0,11.0,4294967295.0,4294967295.0,1.0,0.01084556143205588,0.011726430302522895,1614.0,1.0,-1.0,-1.0,0.9996862798937005,0.9695950480857485,0.0,0.023449721137260016,0.04263613986542818,0.06372766441153069
2102.0,1.0,3.0,4294967295.0,4294967295.0,1.0,0.010845561432055888,0.011726430302522888,1615.0,1.0,-1.0,-1.0,0.9996862798937005,0.9695950480857485,0.0,0.023449721137260016,0.04261513246164483,0.0636985762527755
2103.0,1.0,5.0,4294967295.0,4294967295.0,1.0,0.010845561432055888,0.011726430302522881,1616.0,1.0,-1.0,-1.0,0.9996862798937005,0.9695950480857485,0.0,0.023449721137260016,0.04259412505786147,0.06366948287493676
2104.0,1.0,4.0,4294967295.0,4294967295.0,1.0,0.010845561432055888,0.011726430302522888,1617.0,3.0,-1.0,-1.0,0.9996862798937005,0.9695950480857485,0.0,0.023449721137260016,0.04257311765407811,0.06364038427453395
2105.0,1.0,7.0,4294967295.0,4294967295.0,1.0,0.010845561432055895,0.011726430302522895,1618.0,0.0,-1.0,-1.0,0.9996862798937005,0.9695950480857485,0.0,0.023449721137260016,0.04255211025029476,0.06361128044808417
2106.0,1.0,6.0,4294967295.0,4294967295.0,1.0,0.010845561432055902,0.011726430302522902,1619.0,2.0,-1.0,-1.0,0.9996862798937005,0.9695950480857485,0.0,0.023449721137260016,0.04253110284651142,0.06358217139210223
2107.0,1.0,6.0,4294967295.0,4294967295.0,1.0,0.010845561432055915,0.011726430302522895,1620.0,1.0,-1.0,-1.0,0.9996862798937005,0.9695950480857485,0.0,0.023449721137260016,0.042510095442728074,0.06355305710310064
2108.0,1.0,8.0,4294967295.0,4294967295.0,1.0,0.010845561432055922,0.011726430302522902,1621.0,0.0,-1.0,-1.0,0.9996862798937005,0.9695950480857485,0.0,0.023449721137260016,0.042489088038944724,0.06352393757758952
2109.0,1.0,1.0,4294967295.0,4294967295.0,1.0,0.010845561432055922,0.011726430302522909,1622.0,0.0,-1.0,-1.0,0.9996862798937005,0.9695950480857485,0.0,0.023449721137260016,0.042468080635161366,0.06349481281207672
2110.0,1.0,2.0,4294967295.0,4294967295.0,1.0,0.010845561432055922,0.011726430302522909,1623.0,0.0,-1.0,-1.0,0.9996862798937005,0.9695950480857485,0.0,0.023449721137260016,0.04244707323137801,0.06346568280306773
2111.0,1.0,4.0,4294967295.0,4294967295.0,1.0,0.01084556143205593,0.011726430302522916,1624.0,0.0,-1.0,-1.0,0.9996862798937005,0.9695950480857485,0.0,0.023449721137260016,0.04242606582759466,0.06343654754706574
2112.0,1.0,8.0,4294967295.0,4294967295.0,1.0,0.010845561432055936,0.011726430302522916,1625.0,0.0,-1.0,-1.0,0.9996862798937005,0.9695950480857485,0.0,0.023449721137260016,0.042405058423811315,0.06340740704057157
2113.0,1.0,4.0,4294967295.0,4294967295.0,1.0,0.01084556143205595,0.011726430302522909,1626.0,0.0,-1.0,-1.0,0.9996862798937005,0.9695950480857485,0.0,0.023449721137260016,0.04238405102002797,0.06337826128008374
2114.0,1.0,5.0,4294967295.0,4294967295.0,1.0,0.010845561432055957,0.011726430302522909,1627.0,2.0,-1.0,-1.0,0.9996862798937005,0.9695950480857485,0.0,0.023449721137260016,0.04236304361624462,0.06334911026209841
2115.0,1.0,7.0,4294967295.0,4294967295.0,1.0,0.010845561432055957,0.011726430302522902,1628.0,0.0,-1.0,-1.0,0.9996862798937005,0.9695950480857485,0.0,0.023449721137260016,0.04234203621246126,0.0633199539831094
2116.0,1.0,3.0,4294967295.0,4294967295.0,1.0,0.010845561432055964,0.011726430302522902,1629.0,1.0,-1.0,-1.0,0.9996862798937005,0.9695950480857485,0.0,0.023449721137260016,0.04232102880867791,0.06329079243960822
2117.0,1.0,7.0,4294967295.0,4294967295.0,1.0,0.010845561432055971,0.011726430302522909,1630.0,0.0,-1.0,-1.0,0.9996862798937005,0.9695950480857485,0.0,0.023449721137260016,0.04230002140489456,0.06326162562808403
2118.0,1.0,8.0,4294967295.0,4294967295.0,1.0,0.010845561432055978,0.011726430302522909,1631.0,1.0,-1.0,-1.0,0.9996862798937005,0.9695950480857485,0.0,0.023449721137260016,0.04227901400111121,0.06323245354502363
2119.0,1.0,8.0,4294967295.0,4294967295.0,1.0,0.010845561432055992,0.011726430302522909,1632.0,1.0,-1.0,-1.0,0.9996862798937005,0.9695950480857485,0.0,0.023449721137260016,0.04225800659732787,0.06320327618691152
2120.0,1.0,5.0,4294967295.0,4294967295.0,1.0,0.010845561432055992,0.011726430302522909,1633.0,2.0,-1.0,-1.0,0.9996862798937005,0.9695950480857485,0.0,0.023449721137260016,0.04223699919354451,0.06317409355022977
2121.0,1.0,8.0,4294967295.0,4294967295.0,1.0,0.010845561432055992,0.011726430302522909,1634.0,0.0,-1.0,-1.0,0.9996862798937005,0.9695950480857485,0.0,0.023449721137260016,0.042215991789761154,0.06314490563145822
2122.0,1.0,3.0,4294967295.0,4294967295.0,1.0,0.010845561432055999,0.011726430302522909,1635.0,0.0,-1.0,-1.0,0.9996862798937005,0.9695950480857485,0.0,0.023449721137260016,0.0421949843859778,0.06311571242707426
2123.0,1.0,7.0,4294967295.0,4294967295.0,1.0,0.010845561432056006,0.011726430302522902,1636.0,0.0,-1.0,-1.0,0.9996862798937005,0.9695950480857485,0.0,0.023449721137260016,0.04217397698219445,0.063086513933553
2124.0,1.0,3.0,4294967295.0,4294967295.0,1.0,0.010845561432056013,0.011726430302522909,1637.0,0.0,-1.0,-1.0,0.9996862798937005,0.9695950480857485,0.0,0.023449721137260016,0.0421529695784111,0.06305731014736715
2125.0,1.0,6.0,4294967295.0,4294967295.0,1.0,0.01084556143205602,0.011726430302522902,1638.0,0.0,-1.0,-1.0,0.9996862798937005,0.9695950480857485,0.0,0.023449721137260016,0.04213196217462776,0.06302810106498713
2126.0,1.0,4.0,4294967295.0,4294967295.0,1.0,0.01084556143205602,0.011726430302522909,1639.0,2.0,-1.0,-1.0,0.9996862798937005,0.9695950480857485,0.0,0.023449721137260016,0.0421109547708444,0.06299888668288092
2127.0,1.0,10.0,4294967295.0,4294967295.0,1.0,0.010845561432056026,0.011726430302522916,1640.0,0.0,-1.0,-1.0,0.9996862798937005,0.9695950480857485,0.0,0.023449721137260016,0.04208994736706105,0.06296966699751422
2128.0,1.0,7.0,4294967295.0,4294967295.0,1.0,0.010845561432056033,0.011726430302522916,1641.0,0.0,-1.0,-1.0,0.9996862798937005,0.9695950480857485,0.0,0.023449721137260016,0.04206893996327769,0.06294044200535032
2129.0,1.0,3.0,4294967295.0,4294967295.0,1.0,0.010845561432056033,0.011726430302522923,1642.0,0.0,-1.0,-1.0,0.9996862798937005,0.9695950480857485,0.0,0.023449721137260016,0.042047932559494336,0.0629112117028502
2130.0,1.0,3.0,4294967295.0,4294967295.0,1.0,0.010845561432056033,0.011726430302522916,1643.0,2.0,-1.0,-1.0,0.9996862798937005,0.9695950480857485,0.0,0.023449721137260016,0.04202692515571098,0.06288197608647246
2131.0,1.0,10.0,4294967295.0,4294967295.0,1.0,0.010845561432056033,0.011726430302522916,1644.0,1.0,-1.0,-1.0,0.9996862798937005,0.9695950480857485,0.0,0.023449721137260016,0.04200591775192762,0.06285273515267331
2132.0,1.0,4.0,4294967295.0,4294967295.0,1.0,0.010845561432056033,0.011726430302522916,1645.0,0.0,-1.0,-1.0,0.9996862798937005,0.9695950480857485,0.0,0.023449721137260016,0.04198491034814427,0.06282348889790665
2133.0,1.0,3.0,4294967295.0,4294967295.0,1.0,0.010845561432056033,0.011726430302522923,1646.0,0.0,-1.0,-1.0,0.9996862798937005,0.9695950480857485,0.0,0.023449721137260016,0.04196390294436092,0.06279423731862395
2134.0,1.0,4.0,4294967295.0,4294967295.0,1.0,0.010845561432056037,0.011726430302522923,1647.0,1.0,-1.0,-1.0,0.9996862798937005,0.9695950480857485,0.0,0.023449721137260016,0.04194289554057756,0.06276498041127437
2135.0,1.0,2.0,4294967295.0,4294967295.0,1.0,0.01084556143205604,0.01172643030252293,1648.0,0.0,-1.0,-1.0,0.9996862798937005,0.9695950480857485,0.0,0.023449721137260016,0.04192188813679421,0.06273571817230468
2136.0,1.0,5.0,4294967295.0,4294967295.0,1.0,0.01084556143205604,0.011726430302522937,1649.0,0.0,-1.0,-1.0,0.9996862798937005,0.9695950480857485,0.0,0.023449721137260016,0.041900880733010855,0.06270645059815927
2137.0,1.0,9.0,4294967295.0,4294967295.0,1.0,0.01084556143205604,0.011726430302522944,1650.0,0.0,-1.0,-1.0,0.9996862798937005,0.9695950480857485,0.0,0.023449721137260016,0.0418798733292275,0.0626771776852802
2138.0,1.0,4.0,4294967295.0,4294967295.0,1.0,0.01084556143205604,0.011726430302522944,1651.0,0.0,-1.0,-1.0,0.9996862798937005,0.9695950480857485,0.0,0.023449721137260016,0.04185886592544415,0.0626478994301071
2139.0,1.0,4.0,4294967295.0,4294967295.0,1.0,0.01084556143205604,0.01172643030252295,1652.0,1.0,-1.0,-1.0,0.9996862798937005,0.9695950480857485,0.0,0.023449721137260016,0.04183785852166079,0.06261861582907725
2140.0,1.0,6.0,4294967295.0,4294967295.0,1.0,0.01084556143205604,0.01172643030252295,1653.0,1.0,-1.0,-1.0,0.9996862798937005,0.9695950480857485,0.0,0.023449721137260016,0.04181685111787743,0.06258932687862558
2141.0,1.0,8.0,4294967295.0,4294967295.0,1.0,0.01084556143205604,0.01172643030252295,1654.0,0.0,-1.0,-1.0,0.9996862798937005,0.9695950480857485,0.0,0.023449721137260016,0.041795843714094075,0.06256003257518458
2142.0,1.0,2.0,4294967295.0,4294967295.0,1.0,0.01084556143205604,0.01172643030252295,1655.0,2.0,-1.0,-1.0,0.9996862798937005,0.9695950480857485,0.0,0.023449721137260016,0.04177483631031072,0.06253073291518446
2143.0,1.0,10.0,4294967295.0,4294967295.0,1.0,0.01084556143205604,0.011726430302522958,1656.0,0.0,-1.0,-1.0,0.9996862798937005,0.9695950480857485,0.0,0.023449721137260016,0.04175382890652736,0.06250142789505295
2144.0,1.0,7.0,4294967295.0,4294967295.0,1.0,0.01084556143205604,0.011726430302522958,1657.0,0.0,-1.0,-1.0,0.9996862798937005,0.9695950480857485,0.0,0.023449721137260016,0.04173282150274401,0.062472117511215425
2145.0,1.0,6.0,4294967295.0,4294967295.0,1.0,0.010845561432056044,0.011726430302522965,1658.0,0.0,-1.0,-1.0,0.9996862798937005,0.9695950480857485,0.0,0.023449721137260016,0.04171181409896066,0.062442801760094924
2146.0,1.0,6.0,4294967295.0,4294967295.0,1.0,0.010845561432056044,0.011726430302522965,1659.0,1.0,-1.0,-1.0,0.9996862798937005,0.9695950480857485,0.0,0.023449721137260016,0.0416908066951773,0.06241348063811205
2147.0,1.0,8.0,4294967295.0,4294967295.0,1.0,0.010845561432056047,0.011726430302522965,1660.0,1.0,-1.0,-1.0,0.9996862798937005,0.9695950480857485,0.0,0.023449721137260016,0.04166979929139395,0.062384154141685036
2148.0,1.0,16.0,4294967295.0,4294967295.0,1.0,0.010845561432056047,0.011726430302522965,1661.0,0.0,-1.0,-1.0,0.9996862798937005,0.9695950480857485,0.0,0.023449721137260016,0.041648791887610594,0.06235482226722973
2149.0,1.0,4.0,4294967295.0,4294967295.0,1.0,0.010845561432056047,0.011726430302522971,1662.0,0.0,-1.0,-1.0,0.9996862798937005,0.9695950480857485,0.0,0.023449721137260016,0.041627784483827236,0.062325485011159566
2150.0,1.0,10.0,4294967295.0,4294967295.0,1.0,0.010845561432056047,0.011726430302522978,1663.0,0.0,-1.0,-1.0,0.9996862798937005,0.9695950480857485,0.0,0.023449721137260016,0.041606777080043886,0.062296142369885635
2151.0,1.0,5.0,4294967295.0,4294967295.0,1.0,0.01084556143205605,0.011726430302522985,1664.0,0.0,-1.0,-1.0,0.9996862798937005,0.9695950480857485,0.0,0.023449721137260016,0.04158576967626053,0.06226679433981658
2152.0,1.0,3.0,4294967295.0,4294967295.0,1.0,0.01084556143205605,0.011726430302522985,1665.0,0.0,-1.0,-1.0,0.9996862798937005,0.9695950480857485,0.0,0.023449721137260016,0.04156476227247718,0.06223744091735867
2153.0,1.0,8.0,4294967295.0,4294967295.0,1.0,0.01084556143205605,0.011726430302522978,1666.0,0.0,-1.0,-1.0,0.9996862798937005,0.9695950480857485,0.0,0.023449721137260016,0.04154375486869382,0.0622080820989158
2154.0,1.0,3.0,4294967295.0,4294967295.0,1.0,0.01084556143205605,0.011726430302522985,1667.0,1.0,-1.0,-1.0,0.9996862798937005,0.9695950480857485,0.0,0.023449721137260016,0.04152274746491046,0.06217871788088943
2155.0,1.0,5.0,4294967295.0,4294967295.0,1.0,0.01084556143205605,0.011726430302522992,1668.0,1.0,-1.0,-1.0,0.9996862798937005,0.9695950480857485,0.0,0.023449721137260016,0.041501740061127106,0.06214934825967864
2156.0,1.0,5.0,4294967295.0,4294967295.0,1.0,0.010845561432056054,0.011726430302523,1669.0,4.0,-1.0,-1.0,0.9996862798937005,0.9695950480857485,0.0,0.023449721137260016,0.041480732657343755,0.062119973231680115
2157.0,1.0,10.0,4294967295.0,4294967295.0,1.0,0.010845561432056054,0.011726430302523,1670.0,1.0,-1.0,-1.0,0.9996862798937005,0.9695950480857485,0.0,0.023449721137260016,0.0414597252535604,0.06209059279328812
2158.0,1.0,9.0,4294967295.0,4294967295.0,1.0,0.010845561432056054,0.011726430302523,1671.0,0.0,-1.0,-1.0,0.9996862798937005,0.9695950480857485,0.0,0.023449721137260016,0.04143871784977705,0.06206120694089454
2159.0,1.0,8.0,4294967295.0,4294967295.0,1.0,0.010845561432056054,0.011726430302522992,1672.0,0.0,-1.0,-1.0,0.9996862798937005,0.9695950480857485,0.0,0.023449721137260016,0.04141771044599369,0.062031815670888814
2160.0,1.0,8.0,4294967295.0,4294967295.0,1.0,0.010845561432056054,0.011726430302522985,1673.0,1.0,-1.0,-1.0,0.9996862798937005,0.9695950480857485,0.0,0.023449721137260016,0.04139670304221033,0.06200241897965801
2161.0,1.0,4.0,4294967295.0,4294967295.0,1.0,0.010845561432056054,0.011726430302522971,1674.0,1.0,-1.0,-1.0,0.9996862798937005,0.9695950480857485,0.0,0.023449721137260016,0.041375695638426975,0.06197301686358676
2162.0,1.0,4.0,4294967295.0,4294967295.0,1.0,0.010845561432056054,0.011726430302522978,1675.0,0.0,-1.0,-1.0,0.9996862798937005,0.9695950480857485,0.0,0.023449721137260016,0.041354688234643625,0.06194360931905732
2163.0,1.0,3.0,4294967295.0,4294967295.0,1.0,0.010845561432056054,0.011726430302522978,1676.0,0.0,-1.0,-1.0,0.9996862798937005,0.9695950480857485,0.0,0.023449721137260016,0.04133368083086027,0.06191419634244949
2164.0,1.0,8.0,4294967295.0,4294967295.0,1.0,0.010845561432056054,0.011726430302522978,1677.0,1.0,-1.0,-1.0,0.9996862798937005,0.9695950480857485,0.0,0.023449721137260016,0.04131267342707691,0.061884777930140696
2165.0,1.0,4.0,4294967295.0,4294967295.0,1.0,0.010845561432056054,0.011726430302522978,1678.0,0.0,-1.0,-1.0,0.9996862798937005,0.9695950480857485,0.0,0.023449721137260016,0.04129166602329355,0.06185535407850592
2166.0,1.0,5.0,4294967295.0,4294967295.0,1.0,0.010845561432056054,0.011726430302522978,1679.0,1.0,-1.0,-1.0,0.9996862798937005,0.9695950480857485,0.0,0.023449721137260016,0.041270658619510195,0.06182592478391773
2167.0,1.0,4.0,4294967295.0,4294967295.0,1.0,0.010845561432056058,0.011726430302522985,1680.0,2.0,-1.0,-1.0,0.9996862798937005,0.9695950480857485,0.0,0.023449721137260016,0.041249651215726844,0.06179649004274628
2168.0,1.0,14.0,4294967295.0,4294967295.0,1.0,0.010845561432056058,0.011726430302522992,1681.0,0.0,-1.0,-1.0,0.9996862798937005,0.9695950480857485,0.0,0.023449721137260016,0.041228643811943494,0.061767049851359314
2169.0,1.0,7.0,4294967295.0,4294967295.0,1.0,0.010845561432056058,0.011726430302523,1682.0,0.0,-1.0,-1.0,0.9996862798937005,0.9695950480857485,0.0,0.023449721137260016,0.041207636408160137,0.06173760420612214
2170.0,1.0,2.0,4294967295.0,4294967295.0,1.0,0.010845561432056058,0.011726430302523006,1683.0,2.0,-1.0,-1.0,0.9996862798937005,0.9695950480857485,0.0,0.023449721137260016,0.04118662900437678,0.061708153103397646
2171.0,1.0,12.0,4294967295.0,4294967295.0,1.0,0.010845561432056061,0.011726430302523006,1684.0,0.0,-1.0,-1.0,0.9996862798937005,0.9695950480857485,0.0,0.023449721137260016,0.04116562160059343,0.061678696539546274
2172.0,1.0,3.0,4294967295.0,4294967295.0,1.0,0.010845561432056061,0.011726430302523006,1685.0,0.0,-1.0,-1.0,0.9996862798937005,0.9695950480857485,0.0,0.023449721137260016,0.04114461419681007,0.06164923451092609
2173.0,1.0,9.0,4294967295.0,4294967295.0,1.0,0.010845561432056065,0.011726430302523,1686.0,1.0,-1.0,-1.0,0.9996862798937005,0.9695950480857485,0.0,0.023449721137260016,0.04112360679302672,0.06161976701389269
2174.0,1.0,7.0,4294967295.0,4294967295.0,1.0,0.010845561432056065,0.011726430302523,1687.0,0.0,-1.0,-1.0,0.9996862798937005,0.9695950480857485,0.0,0.023449721137260016,0.04110259938924336,0.06159029404479925
2175.0,1.0,4.0,4294967295.0,4294967295.0,1.0,0.010845561432056065,0.011726430302523,1688.0,1.0,-1.0,-1.0,0.9996862798937005,0.9695950480857485,0.0,0.023449721137260016,0.041081591985460006,0.06156081559999651
2176.0,1.0,6.0,4294967295.0,4294967295.0,1.0,0.010845561432056065,0.011726430302523006,1689.0,0.0,-1.0,-1.0,0.9996862798937005,0.9695950480857485,0.0,0.023449721137260016,0.04106058458167665,0.06153133167583278
2177.0,1.0,8.0,4294967295.0,4294967295.0,1.0,0.010845561432056065,0.011726430302523013,1690.0,0.0,-1.0,-1.0,0.9996862798937005,0.9695950480857485,0.0,0.023449721137260016,0.0410395771778933,0.06150184226865393
2178.0,1.0,5.0,4294967295.0,4294967295.0,1.0,0.010845561432056068,0.011726430302523013,1691.0,0.0,-1.0,-1.0,0.9996862798937005,0.9695950480857485,0.0,0.023449721137260016,0.04101856977410995,0.06147234737480341
2179.0,1.0,5.0,4294967295.0,4294967295.0,1.0,0.010845561432056072,0.01172643030252302,1692.0,2.0,-1.0,-1.0,0.9996862798937005,0.9695950480857485,0.0,0.023449721137260016,0.04099756237032659,0.0614428469906222
2180.0,1.0,9.0,4294967295.0,4294967295.0,1.0,0.010845561432056072,0.011726430302523013,1693.0,1.0,-1.0,-1.0,0.9996862798937005,0.9695950480857485,0.0,0.023449721137260016,0.04097655496654323,0.06141334111244887
2181.0,1.0,6.0,4294967295.0,4294967295.0,1.0,0.010845561432056072,0.01172643030252302,1694.0,2.0,-1.0,-1.0,0.9996862798937005,0.9695950480857485,0.0,0.023449721137260016,0.040955547562759875,0.06138382973661955
2182.0,1.0,13.0,4294967295.0,4294967295.0,1.0,0.010845561432056072,0.01172643030252302,1695.0,0.0,-1.0,-1.0,0.9996862798937005,0.9695950480857485,0.0,0.023449721137260016,0.040934540158976525,0.0613543128594679
2183.0,1.0,5.0,4294967295.0,4294967295.0,1.0,0.010845561432056072,0.01172643030252302,1696.0,0.0,-1.0,-1.0,0.9996862798937005,0.9695950480857485,0.0,0.023449721137260016,0.040913532755193174,0.06132479047732516
2184.0,1.0,12.0,4294967295.0,4294967295.0,1.0,0.010845561432056075,0.01172643030252302,1697.0,0.0,-1.0,-1.0,0.9996862798937005,0.9695950480857485,0.0,0.023449721137260016,0.04089252535140982,0.0612952625865201
2185.0,1.0,3.0,4294967295.0,4294967295.0,1.0,0.010845561432056075,0.011726430302523027,1698.0,0.0,-1.0,-1.0,0.9996862798937005,0.9695950480857485,0.0,0.023449721137260016,0.04087151794762646,0.06126572918337906
2186.0,1.0,6.0,4294967295.0,4294967295.0,1.0,0.010845561432056075,0.011726430302523027,1699.0,1.0,-1.0,-1.0,0.9996862798937005,0.9695950480857485,0.0,0.023449721137260016,0.0408505105438431,0.06123619026422593
2187.0,1.0,6.0,4294967295.0,4294967295.0,1.0,0.010845561432056075,0.01172643030252302,1700.0,3.0,-1.0,-1.0,0.9996862798937005,0.9695950480857485,0.0,0.023449721137260016,0.04082950314005975,0.06120664582538213
2188.0,1.0,9.0,4294967295.0,4294967295.0,1.0,0.010845561432056075,0.011726430302523027,1701.0,0.0,-1.0,-1.0,0.9996862798937005,0.9695950480857485,0.0,0.023449721137260016,0.0408084957362764,0.061177095863166636
2189.0,1.0,6.0,4294967295.0,4294967295.0,1.0,0.010845561432056079,0.011726430302523034,1702.0,0.0,-1.0,-1.0,0.9996862798937005,0.9695950480857485,0.0,0.023449721137260016,0.040787488332493044,0.061147540373895984
2190.0,1.0,2.0,4294967295.0,4294967295.0,1.0,0.010845561432056082,0.011726430302523034,1703.0,0.0,-1.0,-1.0,0.9996862798937005,0.9695950480857485,0.0,0.023449721137260016,0.040766480928709686,0.061117979353884244
2191.0,1.0,8.0,4294967295.0,4294967295.0,1.0,0.010845561432056082,0.011726430302523027,1704.0,0.0,-1.0,-1.0,0.9996862798937005,0.9695950480857485,0.0,0.023449721137260016,0.04074547352492633,0.06108841279944302
2192.0,1.0,0.0,4294967295.0,4294967295.0,1.0,0.010845561432056082,0.011726430302523027,1705.0,0.0,-1.0,-1.0,0.867541277643506,0.06874293104515919,0.0,0.023449721137260016,0.04014803782191586,0.055926015200753576
2193.0,1.0,5.0,4294967295.0,4294967295.0,1.0,0.010845561432056079,0.01172643030252303,1706.0,1.0,-1.0,-1.0,0.9996811680298321,0.9730334464906178,0.0,0.023449721137260016,0.04070565154038674,0.061029064599496516
2194.0,1.0,4.0,4294967295.0,4294967295.0,1.0,0.010845561432056079,0.01172643030252303,1707.0,0.0,-1.0,-1.0,0.999686279757283,0.9696008543925715,0.0,0.023449721137260016,0.040682455031486126,0.06099967988732737
2195.0,1.0,9.0,4294967295.0,4294967295.0,1.0,0.010845561432056079,0.011726430302523023,1708.0,0.0,-1.0,-1.0,0.999686279893697,0.9695950435186619,0.0,0.023449721137260016,0.040661443906875025,0.06097009116352925
2196.0,1.0,3.0,4294967295.0,4294967295.0,1.0,0.010845561432056079,0.01172643030252303,1709.0,0.0,-1.0,-1.0,0.9996862798937004,0.9695950480830628,0.0,0.023449721137260016,0.040640436506007835,0.06094049688152874
2197.0,1.0,3.0,4294967295.0,4294967295.0,1.0,0.010845561432056075,0.01172643030252303,1710.0,2.0,-1.0,-1.0,0.9996862798937005,0.969595048085753,0.0,0.023449721137260016,0.0406194291022262,0.06091089704291658
2198.0,1.0,12.0,4294967295.0,4294967295.0,1.0,0.010845561432056075,0.01172643030252303,1711.0,0.0,-1.0,-1.0,0.9996862798937005,0.9695950480857485,0.0,0.023449721137260016,0.04059842169844284,0.060881291643987236
2199.0,1.0,3.0,4294967295.0,4294967295.0,1.0,0.010845561432056075,0.01172643030252303,1712.0,1.0,-1.0,-1.0,0.9996862798937005,0.9695950480857485,0.0,0.023449721137260016,0.04057741429465948,0.0608516806810326
2200.0,1.0,7.0,4294967295.0,4294967295.0,1.0,0.010845561432056075,0.011726430302523023,1713.0,0.0,-1.0,-1.0,0.9996862798937005,0.9695950480857485,0.0,0.023449721137260016,0.040556406890876126,0.06082206415034207
2201.0,1.0,7.0,4294967295.0,4294967295.0,1.0,0.010845561432056079,0.011726430302523017,1714.0,0.0,-1.0,-1.0,0.9996862798937005,0.9695950480857485,0.0,0.023449721137260016,0.04053539948709278,0.06079244204820261
2202.0,1.0,8.0,4294967295.0,4294967295.0,1.0,0.010845561432056079,0.011726430302523017,1715.0,0.0,-1.0,-1.0,0.9996862798937005,0.9695950480857485,0.0,0.023449721137260016,0.040514392083309425,0.06076281437089868
2203.0,1.0,5.0,4294967295.0,4294967295.0,1.0,0.010845561432056079,0.011726430302523017,1716.0,3.0,-1.0,-1.0,0.9996862798937005,0.9695950480857485,0.0,0.023449721137260016,0.04049338467952607,0.06073318111471224
2204.0,1.0,7.0,4294967295.0,4294967295.0,1.0,0.010845561432056079,0.011726430302523023,1717.0,2.0,-1.0,-1.0,0.9996862798937005,0.9695950480857485,0.0,0.023449721137260016,0.04047237727574271,0.060703542275922825
2205.0,1.0,7.0,4294967295.0,4294967295.0,1.0,0.010845561432056079,0.01172643030252303,1718.0,1.0,-1.0,-1.0,0.9996862798937005,0.9695950480857485,0.0,0.023449721137260016,0.04045136987195935,0.06067389785080744
2206.0,1.0,7.0,4294967295.0,4294967295.0,1.0,0.010845561432056082,0.01172643030252303,1719.0,0.0,-1.0,-1.0,0.9996862798937005,0.9695950480857485,0.0,0.023449721137260016,0.04043036246817601,0.06064424783564063
2207.0,1.0,6.0,4294967295.0,4294967295.0,1.0,0.010845561432056085,0.011726430302523037,1720.0,1.0,-1.0,-1.0,0.9996862798937005,0.9695950480857485,0.0,0.023449721137260016,0.04040935506439265,0.06061459222669445
2208.0,1.0,8.0,4294967295.0,4294967295.0,1.0,0.010845561432056085,0.011726430302523037,1721.0,0.0,-1.0,-1.0,0.9996862798937005,0.9695950480857485,0.0,0.023449721137260016,0.040388347660609294,0.06058493102023847
2209.0,1.0,6.0,4294967295.0,4294967295.0,1.0,0.010845561432056085,0.011726430302523044,1722.0,0.0,-1.0,-1.0,0.9996862798937005,0.9695950480857485,0.0,0.023449721137260016,0.04036734025682594,0.06055526421253978
2210.0,1.0,4.0,4294967295.0,4294967295.0,1.0,0.010845561432056085,0.011726430302523044,1723.0,1.0,-1.0,-1.0,0.9996862798937005,0.9695950480857485,0.0,0.023449721137260016,0.04034633285304258,0.06052559179986297
2211.0,1.0,6.0,4294967295.0,4294967295.0,1.0,0.010845561432056085,0.011726430302523044,1724.0,0.0,-1.0,-1.0,0.9996862798937005,0.9695950480857485,0.0,0.023449721137260016,0.04032532544925922,0.06049591377847015
2212.0,1.0,4.0,4294967295.0,4294967295.0,1.0,0.010845561432056089,0.011726430302523037,1725.0,0.0,-1.0,-1.0,0.9996862798937005,0.9695950480857485,0.0,0.023449721137260016,0.04030431804547588,0.060466230144620915
2213.0,1.0,11.0,4294967295.0,4294967295.0,1.0,0.010845561432056092,0.011726430302523037,1726.0,0.0,-1.0,-1.0,0.9996862798937005,0.9695950480857485,0.0,0.023449721137260016,0.04028331064169252,0.060436540894572385
2214.0,1.0,2.0,4294967295.0,4294967295.0,1.0,0.010845561432056092,0.011726430302523037,1727.0,1.0,-1.0,-1.0,0.9996862798937005,0.9695950480857485,0.0,0.023449721137260016,0.040262303237909164,0.06040684602457918
2215.0,1.0,8.0,4294967295.0,4294967295.0,1.0,0.010845561432056092,0.01172643030252303,1728.0,0.0,-1.0,-1.0,0.9996862798937005,0.9695950480857485,0.0,0.023449721137260016,0.040241295834125806,0.06037714553089342
2216.0,1.0,5.0,4294967295.0,4294967295.0,1.0,0.010845561432056092,0.011726430302523023,1729.0,0.0,-1.0,-1.0,0.9996862798937005,0.9695950480857485,0.0,0.023449721137260016,0.04022028843034245,0.060347439409764725
2217.0,1.0,4.0,4294967295.0,4294967295.0,1.0,0.010845561432056092,0.01172643030252303,1730.0,1.0,-1.0,-1.0,0.9996862798937005,0.9695950480857485,0.0,0.023449721137260016,0.04019928102655909,0.06031772765744022
2218.0,1.0,5.0,4294967295.0,4294967295.0,1.0,0.010845561432056092,0.011726430302523017,1731.0,2.0,-1.0,-1.0,0.9996862798937005,0.9695950480857485,0.0,0.023449721137260016,0.04017827362277574,0.06028801027016452
2219.0,1.0,6.0,4294967295.0,4294967295.0,1.0,0.010845561432056092,0.011726430302523017,1732.0,2.0,-1.0,-1.0,0.9996862798937005,0.9695950480857485,0.0,0.023449721137260016,0.04015726621899239,0.06025828724417974
2220.0,1.0,6.0,4294967295.0,4294967295.0,1.0,0.010845561432056092,0.01172643030252301,1733.0,1.0,-1.0,-1.0,0.9996862798937005,0.9695950480857485,0.0,0.023449721137260016,0.04013625881520903,0.06022855857572548
2221.0,1.0,6.0,4294967295.0,4294967295.0,1.0,0.010845561432056092,0.01172643030252301,1734.0,0.0,-1.0,-1.0,0.9996862798937005,0.9695950480857485,0.0,0.023449721137260016,0.040115251411425676,0.060198824261038855
2222.0,1.0,0.0,4294967295.0,4294967295.0,1.0,0.010845561432056092,0.011726430302523017,1735.0,0.0,-1.0,-1.0,0.867541277643506,0.06874293104515919,0.0,0.023449721137260016,0.0395178157084152,0.05510287315885412
2223.0,1.0,0.0,4294967295.0,4294967295.0,5.0,0.010845561432056089,0.01172643030252302,1736.0,0.0,-1.0,-1.0,0.014204893595178028,0.008388570143134403,0.0,0.023449721137260016,0.02237441562239384,0.04005384500876009
2228.0,5.0,0.0,4294967295.0,4294967295.0,5.0,0.010810853032301393,0.011722413706196602,1737.0,0.0,-1.0,-1.0,8.31596557261291e-05,0.008247716341804082,15.0,0.023449721137260016,0.021758981308124876,0.039928630692289746
2233.0,5.0,0.0,4294967295.0,4294967295.0,5.0,0.010776230630132829,0.01172064175628195,1738.0,0.0,-1.0,-1.0,8.315965572541127e-05,0.008247716341804075,15.0,0.023449721137260016,0.021694940230515634,0.03980393729237264
2238.0,5.0,0.0,4294967295.0,4294967295.0,5.0,0.010741608227964269,0.011718973439866328,1739.0,0.0,-1.0,-1.0,8.315965572541127e-05,0.008247716341804077,15.0,0.023449721137260016,0.02163104160320698,0.03967924389245553
2243.0,5.0,0.0,4294967295.0,4294967295.0,5.0,0.010706985825795705,0.011717637487872547,1740.0,0.0,-1.0,-1.0,8.315965572541127e-05,0.008247716341804077,15.0,0.023449721137260016,0.021567285901825488,0.03955455049253843
2248.0,5.0,0.0,4294967295.0,4294967295.0,5.0,0.010672363423627138,0.011716301535878826,1741.0,0.0,-1.0,-1.0,8.315965572541127e-05,0.008247716341804077,15.0,0.023449721137260016,0.021503673603585835,0.039429857092621326
2253.0,5.0,0.0,4294967295.0,4294967295.0,5.0,0.010637741021458574,0.01171496558388518,1742.0,0.0,-1.0,-1.0,8.315965572541127e-05,0.008247716341804077,15.0,0.023449721137260016,0.02144020518729606,0.03930516369270422
2258.0,5.0,0.0,4294967295.0,4294967295.0,5.0,0.010603118619290006,0.011713629631891601,1743.0,0.0,-1.0,-1.0,8.315965572541127e-05,0.008247716341804077,15.0,0.023449721137260016,0.021376881133362897,0.03918047029278712
2263.0,5.0,0.0,4294967295.0,4294967295.0,5.0,0.010568496217121442,0.011712520700362026,1744.0,0.0,-1.0,-1.0,8.315965572541127e-05,0.008247716341804077,15.0,0.023449721137260016,0.021313701923797106,0.039056650205820574
2268.0,5.0,0.0,4294967295.0,4294967295.0,5.0,0.010533873814952882,0.011711560000350577,1745.0,0.0,-1.0,-1.0,8.315965572541127e-05,0.008247716341804077,15.0,0.023449721137260016,0.021250668042218833,0.03893327500850602
2273.0,5.0,0.0,4294967295.0,4294967295.0,5.0,0.010499251412784315,0.01171059930033918,1746.0,0.0,-1.0,-1.0,8.315965572541127e-05,0.008247716341804077,15.0,0.023449721137260016,0.021187779973862977,0.03880989981119146
2278.0,5.0,0.0,4294967295.0,4294967295.0,5.0,0.010464629010615747,0.011709638600327848,1747.0,0.0,-1.0,-1.0,8.315965572541127e-05,0.008247716341804077,15.0,0.023449721137260016,0.021125038205584583,0.03868652461387691
2283.0,5.0,0.0,4294967295.0,4294967295.0,5.0,0.01043000660844718,0.011708677900316568,1748.0,0.0,-1.0,-1.0,8.315965572541127e-05,0.008247716341804077,15.0,0.023449721137260016,0.021062443225864272,0.038563149416562345
2288.0,5.0,0.0,4294967295.0,4294967295.0,5.0,0.010395384206278616,0.011707717200305352,1749.0,0.0,-1.0,-1.0,8.315965572541127e-05,0.008247716341804077,15.0,0.023449721137260016,0.020999995524813617,0.03843977421924778
2293.0,5.0,5.0,4294967295.0,4294967295.0,1.0,0.010360761804110056,0.011706756500294197,1750.0,1.0,-1.0,-1.0,0.9195271168608681,0.9200949295447014,15.0,0.023449721137260016,0.03808624096425964,0.05505300734853995
2294.0,1.0,9.0,4294967295.0,4294967295.0,1.0,0.010360761804110052,0.011706756500294183,1751.0,1.0,-1.0,-1.0,0.9996838039462109,0.9696181658632155,0.0,0.023449721137260016,0.03809692605971615,0.05799701176139331
2295.0,1.0,7.0,4294967295.0,4294967295.0,1.0,0.010360761804110049,0.01170675650029419,1752.0,0.0,-1.0,-1.0,0.9996862798292867,0.9695950784340946,0.0,0.023449721137260016,0.03807590392294804,0.05796694082735587
2296.0,1.0,8.0,4294967295.0,4294967295.0,1.0,0.010360761804110049,0.01170675650029419,1753.0,1.0,-1.0,-1.0,0.999686279893699,0.9695950480580318,0.0,0.023449721137260016,0.03805489649971024,0.05793677213751024
2297.0,1.0,6.0,4294967295.0,4294967295.0,1.0,0.010360761804110049,0.01170675650029419,1754.0,1.0,-1.0,-1.0,0.9996862798937005,0.9695950480857358,0.0,0.023449721137260016,0.038033889095944594,0.05790659750559761
2298.0,1.0,7.0,4294967295.0,4294967295.0,1.0,0.010360761804110052,0.01170675650029419,1755.0,1.0,-1.0,-1.0,0.9996862798937005,0.9695950480857485,0.0,0.023449721137260016,0.03801288169216124,0.057876416930044444
2299.0,1.0,7.0,4294967295.0,4294967295.0,1.0,0.010360761804110052,0.01170675650029419,1756.0,0.0,-1.0,-1.0,0.9996862798937005,0.9695950480857485,0.0,0.023449721137260016,0.037991874288377886,0.057846230406887064
2300.0,1.0,3.0,4294967295.0,4294967295.0,1.0,0.010360761804110052,0.01170675650029419,1757.0,0.0,-1.0,-1.0,0.9996862798937005,0.9695950480857485,0.0,0.023449721137260016,0.03797086688459453,0.05781603793215907
2301.0,1.0,7.0,4294967295.0,4294967295.0,1.0,0.010360761804110056,0.01170675650029419,1758.0,2.0,-1.0,-1.0,0.9996862798937005,0.9695950480857485,0.0,0.023449721137260016,0.037949859480811185,0.05778583950189144
2302.0,1.0,7.0,4294967295.0,4294967295.0,1.0,0.010360761804110056,0.01170675650029419,1759.0,0.0,-1.0,-1.0,0.9996862798937005,0.9695950480857485,0.0,0.023449721137260016,0.03792885207702783,0.05775563511211246
2303.0,1.0,4.0,4294967295.0,4294967295.0,1.0,0.010360761804110056,0.011706756500294183,1760.0,0.0,-1.0,-1.0,0.9996862798937005,0.9695950480857485,0.0,0.023449721137260016,0.03790784467324447,0.05772542475884783
2304.0,1.0,3.0,4294967295.0,4294967295.0,1.0,0.01036076180411006,0.011706756500294183,1761.0,0.0,-1.0,-1.0,0.9996862798937005,0.9695950480857485,0.0,0.023449721137260016,0.03788683726946112,0.05769520843812054
2305.0,1.0,6.0,4294967295.0,4294967295.0,1.0,0.01036076180411006,0.011706756500294176,1762.0,0.0,-1.0,-1.0,0.9996862798937005,0.9695950480857485,0.0,0.023449721137260016,0.03786582986567776,0.05766498614595099
2306.0,1.0,6.0,4294967295.0,4294967295.0,1.0,0.01036076180411006,0.01170675650029417,1763.0,0.0,-1.0,-1.0,0.9996862798937005,0.9695950480857485,0.0,0.023449721137260016,0.037844822461894405,0.057634757878356854
2307.0,1.0,3.0,4294967295.0,4294967295.0,1.0,0.010360761804110063,0.01170675650029417,1764.0,1.0,-1.0,-1.0,0.9996862798937005,0.9695950480857485,0.0,0.023449721137260016,0.037823815058111054,0.05760452363135321
2308.0,1.0,7.0,4294967295.0,4294967295.0,1.0,0.010360761804110063,0.01170675650029417,1765.0,1.0,-1.0,-1.0,0.9996862798937005,0.9695950480857485,0.0,0.023449721137260016,0.0378028076543277,0.05757428340095244
2309.0,1.0,6.0,4294967295.0,4294967295.0,1.0,0.010360761804110063,0.011706756500294162,1766.0,0.0,-1.0,-1.0,0.9996862798937005,0.9695950480857485,0.0,0.023449721137260016,0.037781800250544346,0.057544037183164296
2310.0,1.0,7.0,4294967295.0,4294967295.0,1.0,0.010360761804110066,0.011706756500294162,1767.0,2.0,-1.0,-1.0,0.9996862798937005,0.9695950480857485,0.0,0.023449721137260016,0.03776079284676099,0.057513784973995855
2311.0,1.0,10.0,4294967295.0,4294967295.0,1.0,0.010360761804110063,0.011706756500294162,1768.0,0.0,-1.0,-1.0,0.9996862798937005,0.9695950480857485,0.0,0.023449721137260016,0.03773978544297763,0.05748352676945152
2312.0,1.0,8.0,4294967295.0,4294967295.0,1.0,0.010360761804110063,0.011706756500294156,1769.0,1.0,-1.0,-1.0,0.9996862798937005,0.9695950480857485,0.0,0.023449721137260016,0.037718778039194274,0.057453262565533056
2313.0,1.0,10.0,4294967295.0,4294967295.0,1.0,0.010360761804110063,0.011706756500294162,1770.0,0.0,-1.0,-1.0,0.9996862798937005,0.9695950480857485,0.0,0.023449721137260016,0.03769777063541092,0.05742299235823954
2314.0,1.0,5.0,4294967295.0,4294967295.0,1.0,0.010360761804110063,0.01170675650029417,1771.0,0.0,-1.0,-1.0,0.9996862798937005,0.9695950480857485,0.0,0.023449721137260016,0.037676763231627566,0.05739271614356738
2315.0,1.0,3.0,4294967295.0,4294967295.0,1.0,0.010360761804110063,0.011706756500294162,1772.0,1.0,-1.0,-1.0,0.9996862798937005,0.9695950480857485,0.0,0.023449721137260016,0.03765575582784421,0.05736243391751035
2316.0,1.0,5.0,4294967295.0,4294967295.0,1.0,0.010360761804110063,0.011706756500294156,1773.0,0.0,-1.0,-1.0,0.9996862798937005,0.9695950480857485,0.0,0.023449721137260016,0.03763474842406085,0.05733214567605949
2317.0,1.0,9.0,4294967295.0,4294967295.0,1.0,0.010360761804110063,0.011706756500294149,1774.0,1.0,-1.0,-1.0,0.9996862798937005,0.9695950480857485,0.0,0.023449721137260016,0.037613741020277494,0.05730185141520322
2318.0,1.0,10.0,4294967295.0,4294967295.0,1.0,0.010360761804110066,0.011706756500294142,1775.0,0.0,-1.0,-1.0,0.9996862798937005,0.9695950480857485,0.0,0.023449721137260016,0.037592733616494144,0.05727155113092726
2319.0,1.0,6.0,4294967295.0,4294967295.0,1.0,0.010360761804110066,0.011706756500294142,1776.0,0.0,-1.0,-1.0,0.9996862798937005,0.9695950480857485,0.0,0.023449721137260016,0.03757172621271079,0.05724124481921465
2320.0,1.0,3.0,4294967295.0,4294967295.0,1.0,0.010360761804110066,0.011706756500294135,1777.0,0.0,-1.0,-1.0,0.9996862798937005,0.9695950480857485,0.0,0.023449721137260016,0.037550718808927436,0.05721093247604578
2321.0,1.0,4.0,4294967295.0,4294967295.0,1.0,0.010360761804110066,0.01170675650029412,1778.0,0.0,-1.0,-1.0,0.9996862798937005,0.9695950480857485,0.0,0.023449721137260016,0.03752971140514408,0.0571806140973983
2322.0,1.0,4.0,4294967295.0,4294967295.0,1.0,0.010360761804110066,0.01170675650029412,1779.0,0.0,-1.0,-1.0,0.9996862798937005,0.9695950480857485,0.0,0.023449721137260016,0.03750870400136072,0.05715028967924726
2323.0,1.0,2.0,4294967295.0,4294967295.0,1.0,0.010360761804110066,0.011706756500294107,1780.0,2.0,-1.0,-1.0,0.9996862798937005,0.9695950480857485,0.0,0.023449721137260016,0.037487696597577363,0.05711995921756495
2324.0,1.0,6.0,4294967295.0,4294967295.0,1.0,0.01036076180411007,0.011706756500294107,1781.0,0.0,-1.0,-1.0,0.9996862798937005,0.9695950480857485,0.0,0.023449721137260016,0.03746668919379401,0.05708962270832103
2325.0,1.0,0.0,4294967295.0,4294967295.0,1.0,0.01036076180411007,0.011706756500294107,1782.0,0.0,-1.0,-1.0,0.867541277643506,0.06874293104515919,0.0,0.023449721137260016,0.036869253490783536,0.052232188892810436
2326.0,1.0,0.0,4294967295.0,4294967295.0,5.0,0.010360761804110066,0.0117067565002941,1783.0,0.0,-1.0,-1.0,0.014204893595178028,0.008388570143134403,0.0,0.023449721137260016,0.02104845238771659,0.037619150456543515
2331.0,5.0,0.0,4294967295.0,4294967295.0,5.0,0.01032605340435537,0.01170163975392952,1784.0,0.0,-1.0,-1.0,8.31596557261291e-05,0.008247716341804082,15.0,0.023449721137260016,0.020461611188007184,0.03749517887862225
2336.0,5.0,0.0,4294967295.0,4294967295.0,5.0,0.010291431002186806,0.011700679053918906,1785.0,0.0,-1.0,-1.0,8.315965572541127e-05,0.008247716341804075,16.0,0.023449721137260016,0.02040060262333093,0.037371803681307686
2341.0,5.0,0.0,4294967295.0,4294967295.0,5.0,0.010256808600018243,0.011699718353908362,1786.0,0.0,-1.0,-1.0,8.315965572541127e-05,0.008247716341804077,16.0,0.023449721137260016,0.020339746634197728,0.037248536961214204
2346.0,5.0,0.0,4294967295.0,4294967295.0,5.0,0.010222186197849679,0.011698757653897881,1787.0,0.0,-1.0,-1.0,8.315965572541127e-05,0.008247716341804077,16.0,0.023449721137260016,0.02027904373004128,0.03712644103794896
2351.0,5.0,0.0,4294967295.0,4294967295.0,5.0,0.010187563795681111,0.011697796953887464,1788.0,0.0,-1.0,-1.0,8.315965572541127e-05,0.008247716341804077,16.0,0.023449721137260016,0.020218494421996268,0.03700434511468373
2356.0,5.0,0.0,4294967295.0,4294967295.0,5.0,0.010152941393512548,0.011696836253877118,1789.0,0.0,-1.0,-1.0,8.315965572541127e-05,0.008247716341804077,16.0,0.023449721137260016,0.020158099222903986,0.036882249191418484
2361.0,5.0,0.0,4294967295.0,4294967295.0,5.0,0.01011831899134398,0.01169587555386684,1790.0,0.0,-1.0,-1.0,8.315965572541127e-05,0.008247716341804077,16.0,0.023449721137260016,0.02009785864731805,0.036760153268153246
2366.0,5.0,0.0,4294967295.0,4294967295.0,5.0,0.010083696589175416,0.011694914853856627,1791.0,0.0,-1.0,-1.0,8.315965572541127e-05,0.008247716341804077,16.0,0.023449721137260016,0.02003777321151013,0.03663805734488801
2371.0,5.0,0.0,4294967295.0,4294967295.0,5.0,0.010049074187006853,0.011693954153846484,1792.0,0.0,-1.0,-1.0,8.315965572541127e-05,0.008247716341804077,16.0,0.023449721137260016,0.019977843433475667,0.036515961421622764
2376.0,5.0,0.0,4294967295.0,4294967295.0,5.0,0.010014451784838289,0.01169299345383641,1793.0,0.0,-1.0,-1.0,8.315965572541127e-05,0.008247716341804077,16.0,0.023449721137260016,0.019918069832939624,0.03639386549835752
2381.0,5.0,0.0,4294967295.0,4294967295.0,5.0,0.009979829382669721,0.0116922137003688,1794.0,0.0,-1.0,-1.0,8.315965572541127e-05,0.008247716341804077,16.0,0.023449721137260016,0.019858452931362285,0.03627176957509228
2386.0,5.0,0.0,4294967295.0,4294967295.0,5.0,0.009945206980501154,0.011691567028370736,1795.0,0.0,-1.0,-1.0,8.315965572541127e-05,0.008247716341804077,16.0,0.023449721137260016,0.019798993251945028,0.036149673651827044
2391.0,5.0,0.0,4294967295.0,4294967295.0,5.0,0.00991058457833259,0.011690920356372715,1796.0,0.0,-1.0,-1.0,8.315965572541127e-05,0.008247716341804077,16.0,0.023449721137260016,0.019739691319636158,0.0360275777285618
2396.0,5.0,0.0,4294967295.0,4294967295.0,5.0,0.009875962176164023,0.011690273684374733,1797.0,0.0,-1.0,-1.0,8.315965572541127e-05,0.008247716341804077,16.0,0.023449721137260016,0.019680547661136704,0.03590633612550812
2401.0,5.0,0.0,4294967295.0,4294967295.0,5.0,0.009841339773995463,0.01168962701237679,1798.0,0.0,-1.0,-1.0,8.315965572541127e-05,0.008247716341804077,16.0,0.023449721137260016,0.019621562804906314,0.03578547901407944
2406.0,5.0,0.0,4294967295.0,4294967295.0,5.0,0.009806717371826895,0.01168898034037889,1799.0,0.0,-1.0,-1.0,8.315965572541127e-05,0.008247716341804077,16.0,0.023449721137260016,0.0195627372811691,0.03566462190265075
2411.0,5.0,0.0,4294967295.0,4294967295.0,5.0,0.009772094969658331,0.011688333668381035,1800.0,0.0,-1.0,-1.0,8.315965572541127e-05,0.008247716341804077,16.0,0.023449721137260016,0.019504071621919528,0.03554376479122208
2416.0,5.0,0.0,4294967295.0,4294967295.0,5.0,0.009737472567489764,0.011687686996383222,1801.0,0.0,-1.0,-1.0,8.315965572541127e-05,0.008247716341804077,16.0,0.023449721137260016,0.01944556636092836,0.03542290767979339
2421.0,5.0,0.0,4294967295.0,4294967295.0,5.0,0.0097028501653212,0.01168704032438545,1802.0,0.0,-1.0,-1.0,8.315965572541127e-05,0.008247716341804077,16.0,0.023449721137260016,0.01938722203374854,0.03530205056836472
2426.0,5.0,0.0,4294967295.0,4294967295.0,5.0,0.009668227763152636,0.011686393652387723,1803.0,0.0,-1.0,-1.0,8.315965572541127e-05,0.008247716341804077,16.0,0.023449721137260016,0.01932903917772119,0.03518119345693603
2431.0,5.0,0.0,4294967295.0,4294967295.0,5.0,0.009633605360984072,0.011685746980390037,1804.0,0.0,-1.0,-1.0,8.315965572541127e-05,0.008247716341804077,16.0,0.023449721137260016,0.019271018331981533,0.03506033634550735
2436.0,5.0,19.0,4294967295.0,4294967295.0,1.0,0.009598982958815505,0.011685100308392395,1805.0,1.0,-1.0,-1.0,0.9195271168608681,0.9200949295447014,16.0,0.023449721137260016,0.03432040337794523,0.05087367611518083
2437.0,1.0,7.0,4294967295.0,4294967295.0,1.0,0.009598982958815505,0.011685100308392402,1806.0,2.0,-1.0,-1.0,0.9996838039462109,0.9696181658632155,0.0,0.023449721137260016,0.034331088473401744,0.05360278291761767
2438.0,1.0,6.0,4294967295.0,4294967295.0,1.0,0.009598982958815505,0.011685100308392402,1807.0,0.0,-1.0,-1.0,0.9996862798292867,0.9695950784340946,0.0,0.023449721137260016,0.034310066336633624,0.053571815080813476
2439.0,1.0,4.0,4294967295.0,4294967295.0,1.0,0.009598982958815505,0.011685100308392402,1808.0,0.0,-1.0,-1.0,0.999686279893699,0.9695950480580318,0.0,0.023449721137260016,0.03428905891339583,0.053540755508999345
2440.0,1.0,5.0,4294967295.0,4294967295.0,1.0,0.009598982958815505,0.01168510030839241,1809.0,2.0,-1.0,-1.0,0.9996862798937005,0.9695950480857358,0.0,0.023449721137260016,0.03426805150963018,0.0535096894011712
2441.0,1.0,7.0,4294967295.0,4294967295.0,1.0,0.009598982958815505,0.011685100308392416,1810.0,1.0,-1.0,-1.0,0.9996862798937005,0.9695950480857485,0.0,0.023449721137260016,0.03424704410584683,0.05347861675518709
2442.0,1.0,6.0,4294967295.0,4294967295.0,1.0,0.009598982958815505,0.011685100308392423,1811.0,0.0,-1.0,-1.0,0.9996862798937005,0.9695950480857485,0.0,0.023449721137260016,0.03422603670206348,0.05344753756668687
2443.0,1.0,5.0,4294967295.0,4294967295.0,1.0,0.009598982958815509,0.01168510030839243,1812.0,0.0,-1.0,-1.0,0.9996862798937005,0.9695950480857485,0.0,0.023449721137260016,0.03420502929828012,0.05341645183130739
2444.0,1.0,3.0,4294967295.0,4294967295.0,1.0,0.009598982958815509,0.011685100308392437,1813.0,0.0,-1.0,-1.0,0.9996862798937005,0.9695950480857485,0.0,0.023449721137260016,0.03418402189449676,0.05338535954468261
2445.0,1.0,11.0,4294967295.0,4294967295.0,1.0,0.009598982958815509,0.011685100308392437,1814.0,1.0,-1.0,-1.0,0.9996862798937005,0.9695950480857485,0.0,0.023449721137260016,0.034163014490713406,0.0533542607024436
2446.0,1.0,4.0,4294967295.0,4294967295.0,1.0,0.009598982958815509,0.011685100308392437,1815.0,0.0,-1.0,-1.0,0.9996862798937005,0.9695950480857485,0.0,0.023449721137260016,0.03414200708693005,0.05332315530021845
2447.0,1.0,2.0,4294967295.0,4294967295.0,1.0,0.009598982958815509,0.011685100308392444,1816.0,0.0,-1.0,-1.0,0.9996862798937005,0.9695950480857485,0.0,0.023449721137260016,0.03412099968314669,0.05329204333363241
2448.0,1.0,3.0,4294967295.0,4294967295.0,1.0,0.009598982958815509,0.011685100308392444,1817.0,1.0,-1.0,-1.0,0.9996862798937005,0.9695950480857485,0.0,0.023449721137260016,0.03409999227936334,0.05326092479830778
2449.0,1.0,9.0,4294967295.0,4294967295.0,1.0,0.009598982958815512,0.011685100308392444,1818.0,0.0,-1.0,-1.0,0.9996862798937005,0.9695950480857485,0.0,0.023449721137260016,0.03407898487557999,0.05322979968986394
2450.0,1.0,5.0,4294967295.0,4294967295.0,1.0,0.009598982958815512,0.011685100308392444,1819.0,1.0,-1.0,-1.0,0.9996862798937005,0.9695950480857485,0.0,0.023449721137260016,0.03405797747179663,0.05319866800391733
2451.0,1.0,7.0,4294967295.0,4294967295.0,1.0,0.009598982958815516,0.01168510030839245,1820.0,1.0,-1.0,-1.0,0.9996862798937005,0.9695950480857485,0.0,0.023449721137260016,0.034036970068013275,0.0531675297360815
2452.0,1.0,6.0,4294967295.0,4294967295.0,1.0,0.009598982958815516,0.01168510030839245,1821.0,0.0,-1.0,-1.0,0.9996862798937005,0.9695950480857485,0.0,0.023449721137260016,0.03401596266422992,0.05313638488196707
2453.0,1.0,9.0,4294967295.0,4294967295.0,1.0,0.009598982958815516,0.011685100308392458,1822.0,1.0,-1.0,-1.0,0.9996862798937005,0.9695950480857485,0.0,0.023449721137260016,0.03399495526044656,0.05310523343718171
2454.0,1.0,5.0,4294967295.0,4294967295.0,1.0,0.009598982958815516,0.011685100308392472,1823.0,1.0,-1.0,-1.0,0.9996862798937005,0.9695950480857485,0.0,0.023449721137260016,0.03397394785666321,0.05307407539733018
2455.0,1.0,4.0,4294967295.0,4294967295.0,1.0,0.009598982958815516,0.011685100308392472,1824.0,1.0,-1.0,-1.0,0.9996862798937005,0.9695950480857485,0.0,0.023449721137260016,0.03395294045287986,0.0530429107580143
2456.0,1.0,5.0,4294967295.0,4294967295.0,1.0,0.009598982958815516,0.011685100308392479,1825.0,1.0,-1.0,-1.0,0.9996862798937005,0.9695950480857485,0.0,0.023449721137260016,0.0339319330490965,0.05301173951483296
2457.0,1.0,6.0,4294967295.0,4294967295.0,1.0,0.009598982958815516,0.011685100308392486,1826.0,0.0,-1.0,-1.0,0.9996862798937005,0.9695950480857485,0.0,0.023449721137260016,0.033910925645313145,0.052980561663382116
2458.0,1.0,6.0,4294967295.0,4294967295.0,1.0,0.009598982958815516,0.011685100308392486,1827.0,2.0,-1.0,-1.0,0.9996862798937005,0.9695950480857485,0.0,0.023449721137260016,0.03388991824152979,0.0529493771992548
2459.0,1.0,6.0,4294967295.0,4294967295.0,1.0,0.009598982958815516,0.011685100308392492,1828.0,0.0,-1.0,-1.0,0.9996862798937005,0.9695950480857485,0.0,0.023449721137260016,0.03386891083774643,0.05291818611804106
2460.0,1.0,3.0,4294967295.0,4294967295.0,1.0,0.009598982958815516,0.011685100308392492,1829.0,0.0,-1.0,-1.0,0.9996862798937005,0.9695950480857485,0.0,0.023449721137260016,0.03384790343396307,0.05288698841532806
2461.0,1.0,6.0,4294967295.0,4294967295.0,1.0,0.009598982958815516,0.0116851003083925,1830.0,0.0,-1.0,-1.0,0.9996862798937005,0.9695950480857485,0.0,0.023449721137260016,0.03382689603017972,0.05285578408669999
2462.0,1.0,8.0,4294967295.0,4294967295.0,1.0,0.009598982958815516,0.011685100308392506,1831.0,1.0,-1.0,-1.0,0.9996862798937005,0.9695950480857485,0.0,0.023449721137260016,0.033805888626396365,0.052824573127738104
2463.0,1.0,5.0,4294967295.0,4294967295.0,1.0,0.009598982958815516,0.011685100308392506,1832.0,1.0,-1.0,-1.0,0.9996862798937005,0.9695950480857485,0.0,0.023449721137260016,0.03378488122261301,0.0527933555340207
2464.0,1.0,4.0,4294967295.0,4294967295.0,1.0,0.009598982958815516,0.011685100308392513,1833.0,1.0,-1.0,-1.0,0.9996862798937005,0.9695950480857485,0.0,0.023449721137260016,0.03376387381882965,0.05276213130112313
2465.0,1.0,9.0,4294967295.0,4294967295.0,1.0,0.009598982958815516,0.01168510030839252,1834.0,0.0,-1.0,-1.0,0.9996862798937005,0.9695950480857485,0.0,0.023449721137260016,0.0337428664150463,0.052730900424617796
2466.0,1.0,3.0,4294967295.0,4294967295.0,1.0,0.009598982958815516,0.011685100308392527,1835.0,1.0,-1.0,-1.0,0.9996862798937005,0.9695950480857485,0.0,0.023449721137260016,0.03372185901126294,0.05269966290007416
2467.0,1.0,12.0,4294967295.0,4294967295.0,1.0,0.009598982958815516,0.011685100308392534,1836.0,0.0,-1.0,-1.0,0.9996862798937005,0.9695950480857485,0.0,0.023449721137260016,0.033700851607479584,0.05266841872305872
2468.0,1.0,6.0,4294967295.0,4294967295.0,1.0,0.009598982958815516,0.011685100308392534,1837.0,0.0,-1.0,-1.0,0.9996862798937005,0.9695950480857485,0.0,0.023449721137260016,0.03367984420369623,0.05263716788913501
2469.0,1.0,3.0,4294967295.0,4294967295.0,1.0,0.009598982958815519,0.011685100308392534,1838.0,0.0,-1.0,-1.0,0.9996862798937005,0.9695950480857485,0.0,0.023449721137260016,0.033658836799912877,0.052605910393863614
2470.0,1.0,4.0,4294967295.0,4294967295.0,1.0,0.009598982958815519,0.011685100308392534,1839.0,1.0,-1.0,-1.0,0.9996862798937005,0.9695950480857485,0.0,0.023449721137260016,0.03363782939612952,0.05257464623280215
2471.0,1.0,7.0,4294967295.0,4294967295.0,1.0,0.009598982958815519,0.011685100308392541,1840.0,0.0,-1.0,-1.0,0.9996862798937005,0.9695950480857485,0.0,0.023449721137260016,0.03361682199234617,0.05254337540150528
2472.0,1.0,6.0,4294967295.0,4294967295.0,1.0,0.009598982958815519,0.011685100308392541,1841.0,1.0,-1.0,-1.0,0.9996862798937005,0.9695950480857485,0.0,0.023449721137260016,0.03359581458856281,0.05251209789552468
2473.0,1.0,7.0,4294967295.0,4294967295.0,1.0,0.009598982958815522,0.011685100308392541,1842.0,2.0,-1.0,-1.0,0.9996862798937005,0.9695950480857485,0.0,0.023449721137260016,0.03357480718477946,0.0524808137104091
2474.0,1.0,9.0,4294967295.0,4294967295.0,1.0,0.009598982958815522,0.011685100308392548,1843.0,0.0,-1.0,-1.0,0.9996862798937005,0.9695950480857485,0.0,0.023449721137260016,0.0335537997809961,0.05244952284170428
2475.0,1.0,7.0,4294967295.0,4294967295.0,1.0,0.009598982958815522,0.011685100308392548,1844.0,0.0,-1.0,-1.0,0.9996862798937005,0.9695950480857485,0.0,0.023449721137260016,0.033532792377212746,0.052418225284953025
2476.0,1.0,7.0,4294967295.0,4294967295.0,1.0,0.009598982958815522,0.011685100308392548,1845.0,0.0,-1.0,-1.0,0.9996862798937005,0.9695950480857485,0.0,0.023449721137260016,0.03351178497342939,0.05238692103569516
2477.0,1.0,5.0,4294967295.0,4294967295.0,1.0,0.009598982958815522,0.011685100308392548,1846.0,1.0,-1.0,-1.0,0.9996862798937005,0.9695950480857485,0.0,0.023449721137260016,0.03349077756964604,0.05235561008946749
2478.0,1.0,6.0,4294967295.0,4294967295.0,1.0,0.009598982958815522,0.011685100308392562,1847.0,0.0,-1.0,-1.0,0.9996862798937005,0.9695950480857485,0.0,0.023449721137260016,0.03346977016586268,0.052324292441803914
2479.0,1.0,3.0,4294967295.0,4294967295.0,1.0,0.009598982958815522,0.011685100308392562,1848.0,0.0,-1.0,-1.0,0.9996862798937005,0.9695950480857485,0.0,0.023449721137260016,0.03344876276207932,0.0522929680882353
2480.0,1.0,2.0,4294967295.0,4294967295.0,1.0,0.009598982958815526,0.011685100308392562,1849.0,0.0,-1.0,-1.0,0.9996862798937005,0.9695950480857485,0.0,0.023449721137260016,0.03342775535829597,0.05226163702428957
2481.0,1.0,3.0,4294967295.0,4294967295.0,1.0,0.009598982958815526,0.011685100308392576,1850.0,1.0,-1.0,-1.0,0.9996862798937005,0.9695950480857485,0.0,0.023449721137260016,0.033406747954512615,0.052230299245491635
2482.0,1.0,7.0,4294967295.0,4294967295.0,1.0,0.009598982958815526,0.011685100308392576,1851.0,0.0,-1.0,-1.0,0.9996862798937005,0.9695950480857485,0.0,0.023449721137260016,0.03338574055072926,0.05219895474736344
2483.0,1.0,5.0,4294967295.0,4294967295.0,1.0,0.009598982958815526,0.01168510030839259,1852.0,0.0,-1.0,-1.0,0.9996862798937005,0.9695950480857485,0.0,0.023449721137260016,0.03336473314694591,0.05216760352542392
2484.0,1.0,4.0,4294967295.0,4294967295.0,1.0,0.009598982958815526,0.011685100308392597,1853.0,0.0,-1.0,-1.0,0.9996862798937005,0.9695950480857485,0.0,0.023449721137260016,0.03334372574316255,0.052136245575189054
2485.0,1.0,5.0,4294967295.0,4294967295.0,1.0,0.009598982958815526,0.01168510030839261,1854.0,0.0,-1.0,-1.0,0.9996862798937005,0.9695950480857485,0.0,0.023449721137260016,0.03332271833937919,0.05210488089217182
2486.0,1.0,8.0,4294967295.0,4294967295.0,1.0,0.00959898295881553,0.01168510030839261,1855.0,2.0,-1.0,-1.0,0.9996862798937005,0.9695950480857485,0.0,0.023449721137260016,0.03330171093559584,0.05207350947188221
2487.0,1.0,5.0,4294967295.0,4294967295.0,1.0,0.00959898295881553,0.011685100308392617,1856.0,1.0,-1.0,-1.0,0.9996862798937005,0.9695950480857485,0.0,0.023449721137260016,0.033280703531812485,0.0520421313098272
2488.0,1.0,5.0,4294967295.0,4294967295.0,1.0,0.00959898295881553,0.011685100308392617,1857.0,1.0,-1.0,-1.0,0.9996862798937005,0.9695950480857485,0.0,0.023449721137260016,0.03325969612802913,0.05201074640151077
2489.0,1.0,8.0,4294967295.0,4294967295.0,1.0,0.00959898295881553,0.011685100308392624,1858.0,1.0,-1.0,-1.0,0.9996862798937005,0.9695950480857485,0.0,0.023449721137260016,0.03323868872424578,0.051979354742433925
2490.0,1.0,7.0,4294967295.0,4294967295.0,1.0,0.009598982958815533,0.011685100308392631,1859.0,1.0,-1.0,-1.0,0.9996862798937005,0.9695950480857485,0.0,0.023449721137260016,0.03321768132046242,0.05194795632809466
2491.0,1.0,6.0,4294967295.0,4294967295.0,1.0,0.009598982958815533,0.011685100308392638,1860.0,1.0,-1.0,-1.0,0.9996862798937005,0.9695950480857485,0.0,0.023449721137260016,0.03319667391667907,0.05191655115398796
2492.0,1.0,6.0,4294967295.0,4294967295.0,1.0,0.009598982958815536,0.011685100308392638,1861.0,0.0,-1.0,-1.0,0.9996862798937005,0.9695950480857485,0.0,0.023449721137260016,0.03317566651289572,0.051885139215605815
2493.0,1.0,4.0,4294967295.0,4294967295.0,1.0,0.009598982958815536,0.011685100308392652,1862.0,1.0,-1.0,-1.0,0.9996862798937005,0.9695950480857485,0.0,0.023449721137260016,0.03315465910911236,0.051853720508437194
2494.0,1.0,4.0,4294967295.0,4294967295.0,1.0,0.009598982958815536,0.011685100308392659,1863.0,0.0,-1.0,-1.0,0.9996862798937005,0.9695950480857485,0.0,0.023449721137260016,0.033133651705329004,0.05182229502796807
2495.0,1.0,6.0,4294967295.0,4294967295.0,1.0,0.009598982958815536,0.011685100308392666,1864.0,0.0,-1.0,-1.0,0.9996862798937005,0.9695950480857485,0.0,0.023449721137260016,0.033112644301545646,0.05179086276968141
2496.0,1.0,5.0,4294967295.0,4294967295.0,1.0,0.009598982958815536,0.011685100308392666,1865.0,1.0,-1.0,-1.0,0.9996862798937005,0.9695950480857485,0.0,0.023449721137260016,0.03309163689776229,0.051759423729057154
2497.0,1.0,6.0,4294967295.0,4294967295.0,1.0,0.00959898295881554,0.011685100308392673,1866.0,0.0,-1.0,-1.0,0.9996862798937005,0.9695950480857485,0.0,0.023449721137260016,0.033070629493978945,0.051727977901572256
2498.0,1.0,9.0,4294967295.0,4294967295.0,1.0,0.009598982958815543,0.01168510030839268,1867.0,0.0,-1.0,-1.0,0.9996862798937005,0.9695950480857485,0.0,0.023449721137260016,0.03304962209019559,0.05169652528270061
2499.0,1.0,7.0,4294967295.0,4294967295.0,1.0,0.009598982958815543,0.01168510030839268,1868.0,0.0,-1.0,-1.0,0.9996862798937005,0.9695950480857485,0.0,0.023449721137260016,0.03302861468641223,0.05166506586791313
2500.0,1.0,5.0,4294967295.0,4294967295.0,1.0,0.009598982958815543,0.011685100308392694,1869.0,1.0,-1.0,-1.0,0.9996862798937005,0.9695950480857485,0.0,0.023449721137260016,0.03300760728262887,0.0516335996526777
2501.0,1.0,3.0,4294967295.0,4294967295.0,1.0,0.009598982958815543,0.0116851003083927,1870.0,0.0,-1.0,-1.0,0.9996862798937005,0.9695950480857485,0.0,0.023449721137260016,0.032986599878845516,0.05160212663245915
2502.0,1.0,6.0,4294967295.0,4294967295.0,1.0,0.009598982958815543,0.0116851003083927,1871.0,3.0,-1.0,-1.0,0.9996862798937005,0.9695950480857485,0.0,0.023449721137260016,0.032965592475062165,0.05157064680271935
2503.0,1.0,8.0,4294967295.0,4294967295.0,1.0,0.009598982958815543,0.011685100308392708,1872.0,0.0,-1.0,-1.0,0.9996862798937005,0.9695950480857485,0.0,0.023449721137260016,0.032944585071278815,0.051539160158917074
2504.0,1.0,8.0,4294967295.0,4294967295.0,1.0,0.009598982958815547,0.011685100308392714,1873.0,0.0,-1.0,-1.0,0.9996862798937005,0.9695950480857485,0.0,0.023449721137260016,0.03292357766749546,0.051507666696508116
2505.0,1.0,6.0,4294967295.0,4294967295.0,1.0,0.009598982958815547,0.011685100308392721,1874.0,0.0,-1.0,-1.0,0.9996862798937005,0.9695950480857485,0.0,0.023449721137260016,0.0329025702637121,0.05147616641094521
2506.0,1.0,10.0,4294967295.0,4294967295.0,1.0,0.009598982958815547,0.011685100308392721,1875.0,1.0,-1.0,-1.0,0.9996862798937005,0.9695950480857485,0.0,0.023449721137260016,0.03288156285992874,0.05144465929767807
2507.0,1.0,9.0,4294967295.0,4294967295.0,1.0,0.009598982958815547,0.011685100308392742,1876.0,1.0,-1.0,-1.0,0.9996862798937005,0.9695950480857485,0.0,0.023449721137260016,0.032860555456145385,0.0514131453521534
2508.0,1.0,6.0,4294967295.0,4294967295.0,1.0,0.00959898295881555,0.01168510030839275,1877.0,1.0,-1.0,-1.0,0.9996862798937005,0.9695950480857485,0.0,0.023449721137260016,0.03283954805236204,0.051381624569814814
2509.0,1.0,8.0,4294967295.0,4294967295.0,1.0,0.00959898295881555,0.01168510030839275,1878.0,0.0,-1.0,-1.0,0.9996862798937005,0.9695950480857485,0.0,0.023449721137260016,0.032818540648578684,0.05135009694610294
2510.0,1.0,1.0,4294967295.0,4294967295.0,1.0,0.009598982958815554,0.011685100308392756,1879.0,0.0,-1.0,-1.0,0.9996862798937005,0.9695950480857485,0.0,0.023449721137260016,0.03279753324479533,0.05131856247645532
2511.0,1.0,8.0,4294967295.0,4294967295.0,1.0,0.009598982958815554,0.011685100308392756,1880.0,1.0,-1.0,-1.0,0.9996862798937005,0.9695950480857485,0.0,0.023449721137260016,0.03277652584101197,0.05128702115630649
2512.0,1.0,4.0,4294967295.0,4294967295.0,1.0,0.009598982958815554,0.011685100308392756,1881.0,0.0,-1.0,-1.0,0.9996862798937005,0.9695950480857485,0.0,0.023449721137260016,0.03275551843722861,0.051255472981087916
2513.0,1.0,7.0,4294967295.0,4294967295.0,1.0,0.009598982958815554,0.011685100308392756,1882.0,1.0,-1.0,-1.0,0.9996862798937005,0.9695950480857485,0.0,0.023449721137260016,0.032734511033445254,0.051223917946228034
2514.0,1.0,5.0,4294967295.0,4294967295.0,1.0,0.009598982958815557,0.011685100308392763,1883.0,1.0,-1.0,-1.0,0.9996862798937005,0.9695950480857485,0.0,0.023449721137260016,0.03271350362966191,0.05119235604715222
2515.0,1.0,8.0,4294967295.0,4294967295.0,1.0,0.009598982958815557,0.011685100308392777,1884.0,0.0,-1.0,-1.0,0.9996862798937005,0.9695950480857485,0.0,0.023449721137260016,0.03269249622587855,0.05116078727928282
2516.0,1.0,10.0,4294967295.0,4294967295.0,1.0,0.009598982958815557,0.011685100308392777,1885.0,3.0,-1.0,-1.0,0.9996862798937005,0.9695950480857485,0.0,0.023449721137260016,0.032671488822095196,0.05112921163803909
2517.0,1.0,5.0,4294967295.0,4294967295.0,1.0,0.009598982958815557,0.011685100308392784,1886.0,0.0,-1.0,-1.0,0.9996862798937005,0.9695950480857485,0.0,0.023449721137260016,0.032650481418311846,0.051097629118837265
2518.0,1.0,3.0,4294967295.0,4294967295.0,1.0,0.00959898295881556,0.011685100308392798,1887.0,0.0,-1.0,-1.0,0.9996862798937005,0.9695950480857485,0.0,0.023449721137260016,0.03262947401452849,0.05106603971709052
2519.0,1.0,6.0,4294967295.0,4294967295.0,1.0,0.00959898295881556,0.011685100308392798,1888.0,0.0,-1.0,-1.0,0.9996862798937005,0.9695950480857485,0.0,0.023449721137260016,0.03260846661074514,0.05103444342820894
2520.0,1.0,3.0,4294967295.0,4294967295.0,1.0,0.00959898295881556,0.011685100308392798,1889.0,1.0,-1.0,-1.0,0.9996862798937005,0.9695950480857485,0.0,0.023449721137260016,0.03258745920696178,0.05100284024759959
2521.0,1.0,3.0,4294967295.0,4294967295.0,1.0,0.00959898295881556,0.011685100308392805,1890.0,1.0,-1.0,-1.0,0.9996862798937005,0.9695950480857485,0.0,0.023449721137260016,0.03256645180317842,0.05097123017066644
2522.0,1.0,4.0,4294967295.0,4294967295.0,1.0,0.00959898295881556,0.011685100308392805,1891.0,0.0,-1.0,-1.0,0.9996862798937005,0.9695950480857485,0.0,0.023449721137260016,0.03254544439939507,0.05093961319281041
2523.0,1.0,4.0,4294967295.0,4294967295.0,1.0,0.00959898295881556,0.011685100308392805,1892.0,0.0,-1.0,-1.0,0.9996862798937005,0.9695950480857485,0.0,0.023449721137260016,0.032524436995611715,0.050907989309429344
2524.0,1.0,4.0,4294967295.0,4294967295.0,1.0,0.00959898295881556,0.011685100308392805,1893.0,1.0,-1.0,-1.0,0.9996862798937005,0.9695950480857485,0.0,0.023449721137260016,0.03250342959182836,0.05087635851591804
2525.0,1.0,9.0,4294967295.0,4294967295.0,1.0,0.009598982958815564,0.011685100308392819,1894.0,0.0,-1.0,-1.0,0.9996862798937005,0.9695950480857485,0.0,0.023449721137260016,0.03248242218804501,0.05084472080766821
2526.0,1.0,8.0,4294967295.0,4294967295.0,1.0,0.009598982958815564,0.011685100308392826,1895.0,1.0,-1.0,-1.0,0.9996862798937005,0.9695950480857485,0.0,0.023449721137260016,0.03246141478426165,0.05081307618006849
2527.0,1.0,9.0,4294967295.0,4294967295.0,1.0,0.009598982958815564,0.011685100308392826,1896.0,0.0,-1.0,-1.0,0.9996862798937005,0.9695950480857485,0.0,0.023449721137260016,0.0324404073804783,0.05078142462850442
2528.0,1.0,4.0,4294967295.0,4294967295.0,1.0,0.009598982958815568,0.011685100308392826,1897.0,1.0,-1.0,-1.0,0.9996862798937005,0.9695950480857485,0.0,0.023449721137260016,0.03241939997669494,0.05074976614835851
2529.0,1.0,6.0,4294967295.0,4294967295.0,1.0,0.009598982958815564,0.011685100308392832,1898.0,0.0,-1.0,-1.0,0.9996862798937005,0.9695950480857485,0.0,0.023449721137260016,0.032398392572911584,0.05071810073501015
2530.0,1.0,5.0,4294967295.0,4294967295.0,1.0,0.009598982958815568,0.01168510030839284,1899.0,0.0,-1.0,-1.0,0.9996862798937005,0.9695950480857485,0.0,0.023449721137260016,0.032377385169128234,0.05068642838383567
2531.0,1.0,10.0,4294967295.0,4294967295.0,1.0,0.009598982958815568,0.011685100308392846,1900.0,0.0,-1.0,-1.0,0.9996862798937005,0.9695950480857485,0.0,0.023449721137260016,0.032356377765344876,0.05065474909020831
2532.0,1.0,10.0,4294967295.0,4294967295.0,1.0,0.009598982958815568,0.011685100308392846,1901.0,0.0,-1.0,-1.0,0.9996862798937005,0.9695950480857485,0.0,0.023449721137260016,0.03233537036156152,0.05062306284949823
2533.0,1.0,1.0,4294967295.0,4294967295.0,1.0,0.009598982958815568,0.011685100308392853,1902.0,1.0,-1.0,-1.0,0.9996862798937005,0.9695950480857485,0.0,0.023449721137260016,0.03231436295777816,0.05059136965707249
2534.0,1.0,10.0,4294967295.0,4294967295.0,1.0,0.009598982958815571,0.011685100308392853,1903.0,0.0,-1.0,-1.0,0.9996862798937005,0.9695950480857485,0.0,0.023449721137260016,0.03229335555399481,0.05055966950829507
2535.0,1.0,4.0,4294967295.0,4294967295.0,1.0,0.009598982958815571,0.01168510030839286,1904.0,0.0,-1.0,-1.0,0.9996862798937005,0.9695950480857485,0.0,0.023449721137260016,0.032272348150211454,0.05052796239852685
2536.0,1.0,5.0,4294967295.0,4294967295.0,1.0,0.009598982958815575,0.01168510030839286,1905.0,1.0,-1.0,-1.0,0.9996862798937005,0.9695950480857485,0.0,0.023449721137260016,0.0322513407464281,0.05049624832312564
2537.0,1.0,12.0,4294967295.0,4294967295.0,1.0,0.009598982958815575,0.011685100308392867,1906.0,0.0,-1.0,-1.0,0.9996862798937005,0.9695950480857485,0.0,0.023449721137260016,0.032230333342644746,0.050464527277446124
2538.0,1.0,7.0,4294967295.0,4294967295.0,1.0,0.009598982958815575,0.011685100308392867,1907.0,0.0,-1.0,-1.0,0.9996862798937005,0.9695950480857485,0.0,0.023449721137260016,0.03220932593886139,0.0504327992568399
2539.0,1.0,5.0,4294967295.0,4294967295.0,1.0,0.009598982958815575,0.011685100308392874,1908.0,0.0,-1.0,-1.0,0.9996862798937005,0.9695950480857485,0.0,0.023449721137260016,0.03218831853507803,0.05040106425665546
2540.0,1.0,7.0,4294967295.0,4294967295.0,1.0,0.009598982958815578,0.011685100308392874,1909.0,0.0,-1.0,-1.0,0.9996862798937005,0.9695950480857485,0.0,0.023449721137260016,0.03216731113129468,0.05036932227223821
2541.0,1.0,3.0,4294967295.0,4294967295.0,1.0,0.009598982958815578,0.011685100308392881,1910.0,1.0,-1.0,-1.0,0.9996862798937005,0.9695950480857485,0.0,0.023449721137260016,0.03214630372751132,0.05033757329893045
2542.0,1.0,6.0,4294967295.0,4294967295.0,1.0,0.009598982958815581,0.011685100308392881,1911.0,2.0,-1.0,-1.0,0.9996862798937005,0.9695950480857485,0.0,0.023449721137260016,0.03212529632372797,0.05030581733207135
2543.0,1.0,5.0,4294967295.0,4294967295.0,1.0,0.009598982958815581,0.011685100308392881,1912.0,0.0,-1.0,-1.0,0.9996862798937005,0.9695950480857485,0.0,0.023449721137260016,0.032104288919944615,0.050274054366996994
2544.0,1.0,10.0,4294967295.0,4294967295.0,1.0,0.009598982958815581,0.011685100308392888,1913.0,0.0,-1.0,-1.0,0.9996862798937005,0.9695950480857485,0.0,0.023449721137260016,0.03208328151616126,0.05024228439904035
2545.0,1.0,3.0,4294967295.0,4294967295.0,1.0,0.009598982958815581,0.011685100308392888,1914.0,0.0,-1.0,-1.0,0.9996862798937005,0.9695950480857485,0.0,0.023449721137260016,0.03206227411237791,0.05021050742353127
2546.0,1.0,8.0,4294967295.0,4294967295.0,1.0,0.009598982958815588,0.011685100308392895,1915.0,0.0,-1.0,-1.0,0.9996862798937005,0.9695950480857485,0.0,0.023449721137260016,0.03204126670859456,0.05017872343579649
2547.0,1.0,8.0,4294967295.0,4294967295.0,1.0,0.009598982958815588,0.011685100308392909,1916.0,0.0,-1.0,-1.0,0.9996862798937005,0.9695950480857485,0.0,0.023449721137260016,0.0320202593048112,0.050146932431159655
2548.0,1.0,10.0,4294967295.0,4294967295.0,1.0,0.009598982958815588,0.011685100308392916,1917.0,0.0,-1.0,-1.0,0.9996862798937005,0.9695950480857485,0.0,0.023449721137260016,0.03199925190102784,0.05011513440494126
2549.0,1.0,2.0,4294967295.0,4294967295.0,1.0,0.009598982958815588,0.01168510030839293,1918.0,0.0,-1.0,-1.0,0.9996862798937005,0.9695950480857485,0.0,0.023449721137260016,0.031978244497244485,0.05008332935245869
2550.0,1.0,6.0,4294967295.0,4294967295.0,1.0,0.009598982958815588,0.011685100308392937,1919.0,1.0,-1.0,-1.0,0.9996862798937005,0.9695950480857485,0.0,0.023449721137260016,0.03195723709346113,0.0500515172690262
2551.0,1.0,7.0,4294967295.0,4294967295.0,1.0,0.009598982958815588,0.011685100308392937,1920.0,1.0,-1.0,-1.0,0.9996862798937005,0.9695950480857485,0.0,0.023449721137260016,0.03193622968967777,0.05001969814995494
2552.0,1.0,7.0,4294967295.0,4294967295.0,1.0,0.009598982958815588,0.011685100308392943,1921.0,0.0,-1.0,-1.0,0.9996862798937005,0.9695950480857485,0.0,0.023449721137260016,0.03191522228589442,0.04998787199055291
2553.0,1.0,5.0,4294967295.0,4294967295.0,1.0,0.009598982958815592,0.011685100308392957,1922.0,0.0,-1.0,-1.0,0.9996862798937005,0.9695950480857485,0.0,0.023449721137260016,0.03189421488211107,0.04995603878612499
2554.0,1.0,10.0,4294967295.0,4294967295.0,1.0,0.009598982958815592,0.011685100308392957,1923.0,0.0,-1.0,-1.0,0.9996862798937005,0.9695950480857485,0.0,0.023449721137260016,0.03187320747832771,0.04992419853197294
2555.0,1.0,6.0,4294967295.0,4294967295.0,1.0,0.009598982958815592,0.011685100308392971,1924.0,1.0,-1.0,-1.0,0.9996862798937005,0.9695950480857485,0.0,0.023449721137260016,0.031852200074544354,0.04989235122339537
2556.0,1.0,4.0,4294967295.0,4294967295.0,1.0,0.009598982958815592,0.011685100308392971,1925.0,0.0,-1.0,-1.0,0.9996862798937005,0.9695950480857485,0.0,0.023449721137260016,0.031831192670761,0.04986049685568776
2557.0,1.0,4.0,4294967295.0,4294967295.0,1.0,0.009598982958815592,0.011685100308392971,1926.0,0.0,-1.0,-1.0,0.9996862798937005,0.9695950480857485,0.0,0.023449721137260016,0.03181018526697764,0.04982863542414246
2558.0,1.0,8.0,4294967295.0,4294967295.0,1.0,0.009598982958815592,0.011685100308392985,1927.0,2.0,-1.0,-1.0,0.9996862798937005,0.9695950480857485,0.0,0.023449721137260016,0.03178917786319429,0.04979676692404868
2559.0,1.0,9.0,4294967295.0,4294967295.0,1.0,0.009598982958815595,0.011685100308392999,1928.0,0.0,-1.0,-1.0,0.9996862798937005,0.9695950480857485,0.0,0.023449721137260016,0.03176817045941094,0.04976489135069247
2560.0,1.0,6.0,4294967295.0,4294967295.0,1.0,0.009598982958815595,0.011685100308392999,1929.0,1.0,-1.0,-1.0,0.9996862798937005,0.9695950480857485,0.0,0.023449721137260016,0.03174716305562758,0.04973300869935675
2561.0,1.0,9.0,4294967295.0,4294967295.0,1.0,0.009598982958815595,0.011685100308393006,1930.0,1.0,-1.0,-1.0,0.9996862798937005,0.9695950480857485,0.0,0.023449721137260016,0.03172615565184422,0.049701118965321305
2562.0,1.0,5.0,4294967295.0,4294967295.0,1.0,0.009598982958815595,0.011685100308393013,1931.0,1.0,-1.0,-1.0,0.9996862798937005,0.9695950480857485,0.0,0.023449721137260016,0.031705148248060866,0.049669222143862754
2563.0,1.0,10.0,4294967295.0,4294967295.0,1.0,0.009598982958815599,0.01168510030839302,1932.0,0.0,-1.0,-1.0,0.9996862798937005,0.9695950480857485,0.0,0.023449721137260016,0.031684140844277515,0.049637318230254565
2564.0,1.0,4.0,4294967295.0,4294967295.0,1.0,0.009598982958815602,0.011685100308393027,1933.0,1.0,-1.0,-1.0,0.9996862798937005,0.9695950480857485,0.0,0.023449721137260016,0.031663133440494165,0.049605407219767084
2565.0,1.0,6.0,4294967295.0,4294967295.0,1.0,0.009598982958815606,0.011685100308393027,1934.0,0.0,-1.0,-1.0,0.9996862798937005,0.9695950480857485,0.0,0.023449721137260016,0.03164212603671081,0.04957348910766746
2566.0,1.0,5.0,4294967295.0,4294967295.0,1.0,0.009598982958815606,0.011685100308393027,1935.0,0.0,-1.0,-1.0,0.9996862798937005,0.9695950480857485,0.0,0.023449721137260016,0.03162111863292745,0.049541563889219715
2567.0,1.0,4.0,4294967295.0,4294967295.0,1.0,0.009598982958815606,0.01168510030839304,1936.0,0.0,-1.0,-1.0,0.9996862798937005,0.9695950480857485,0.0,0.023449721137260016,0.03160011122914409,0.04950963155968469
2568.0,1.0,7.0,4294967295.0,4294967295.0,1.0,0.009598982958815606,0.01168510030839304,1937.0,0.0,-1.0,-1.0,0.9996862798937005,0.9695950480857485,0.0,0.023449721137260016,0.03157910382536074,0.049477692114320106
2569.0,1.0,4.0,4294967295.0,4294967295.0,1.0,0.009598982958815606,0.011685100308393054,1938.0,0.0,-1.0,-1.0,0.9996862798937005,0.9695950480857485,0.0,0.023449721137260016,0.03155809642157739,0.04944574554838047
2570.0,1.0,7.0,4294967295.0,4294967295.0,1.0,0.00959898295881561,0.011685100308393061,1939.0,0.0,-1.0,-1.0,0.9996862798937005,0.9695950480857485,0.0,0.023449721137260016,0.031537089017794034,0.04941379185711717
2571.0,1.0,2.0,4294967295.0,4294967295.0,1.0,0.009598982958815613,0.011685100308393061,1940.0,0.0,-1.0,-1.0,0.9996862798937005,0.9695950480857485,0.0,0.023449721137260016,0.031516081614010684,0.049381831035778395
2572.0,1.0,4.0,4294967295.0,4294967295.0,1.0,0.009598982958815613,0.011685100308393061,1941.0,0.0,-1.0,-1.0,0.9996862798937005,0.9695950480857485,0.0,0.023449721137260016,0.031495074210227327,0.04934986307960917
2573.0,1.0,7.0,4294967295.0,4294967295.0,1.0,0.009598982958815613,0.011685100308393061,1942.0,0.0,-1.0,-1.0,0.9996862798937005,0.9695950480857485,0.0,0.023449721137260016,0.03147406680644397,0.04931788798385138
2574.0,1.0,7.0,4294967295.0,4294967295.0,1.0,0.009598982958815613,0.011685100308393082,1943.0,1.0,-1.0,-1.0,0.9996862798937005,0.9695950480857485,0.0,0.023449721137260016,0.03145305940266061,0.04928590574374368
2575.0,1.0,4.0,4294967295.0,4294967295.0,1.0,0.009598982958815613,0.011685100308393103,1944.0,0.0,-1.0,-1.0,0.9996862798937005,0.9695950480857485,0.0,0.023449721137260016,0.03143205199887726,0.049253916354521615
2576.0,1.0,7.0,4294967295.0,4294967295.0,1.0,0.009598982958815613,0.011685100308393103,1945.0,1.0,-1.0,-1.0,0.9996862798937005,0.9695950480857485,0.0,0.023449721137260016,0.031411044595093904,0.049221919811417505
2577.0,1.0,4.0,4294967295.0,4294967295.0,1.0,0.009598982958815613,0.01168510030839311,1946.0,1.0,-1.0,-1.0,0.9996862798937005,0.9695950480857485,0.0,0.023449721137260016,0.031390037191310546,0.049189916109660496
2578.0,1.0,5.0,4294967295.0,4294967295.0,1.0,0.009598982958815613,0.01168510030839311,1947.0,0.0,-1.0,-1.0,0.9996862798937005,0.9695950480857485,0.0,0.023449721137260016,0.03136902978752719,0.049157905244476566
2579.0,1.0,0.0,4294967295.0,4294967295.0,1.0,0.009598982958815613,0.01168510030839311,1948.0,0.0,-1.0,-1.0,0.867541277643506,0.06874293104515919,0.0,0.023449721137260016,0.030771594084516712,0.04496365051436455
2580.0,1.0,0.0,4294967295.0,4294967295.0,5.0,0.00959898295881561,0.01168510030839311,1949.0,0.0,-1.0,-1.0,0.014204893595178028,0.008388570143134403,0.0,0.023449721137260016,0.01807489277186728,0.031892991922238934
2585.0,5.0,0.0,4294967295.0,4294967295.0,5.0,0.00956427455906092,0.011678281363120985,1950.0,0.0,-1.0,-1.0,8.31596557261291e-05,0.008247716341804082,17.0,0.023449721137260016,0.017567552541780294,0.03177133677512125
2590.0,5.0,5.0,4294967295.0,4294967295.0,1.0,0.009529652156892356,0.011677634691124797,1951.0,0.0,-1.0,-1.0,0.9195271168608993,0.9200949295447014,18.0,0.023449721137260016,0.03101593239338528,0.04625657666480909
2591.0,1.0,9.0,4294967295.0,4294967295.0,1.0,0.009529652156892356,0.011677634691124804,1952.0,0.0,-1.0,-1.0,0.999683803946211,0.9696181658632155,0.0,0.023449721137260016,0.031026617488841796,0.04873015593904119
2592.0,1.0,3.0,4294967295.0,4294967295.0,1.0,0.009529652156892356,0.011677634691124797,1953.0,0.0,-1.0,-1.0,0.9996862798292867,0.9695950784340946,0.0,0.023449721137260016,0.03100559535207368,0.04869812162529206
2593.0,1.0,2.0,4294967295.0,4294967295.0,1.0,0.009529652156892356,0.011677634691124797,1954.0,0.0,-1.0,-1.0,0.999686279893699,0.9695950480580318,0.0,0.023449721137260016,0.030984587928835884,0.04866600273566191
2594.0,1.0,3.0,4294967295.0,4294967295.0,1.0,0.00952965215689236,0.011677634691124804,1955.0,0.0,-1.0,-1.0,0.9996862798937005,0.9695950480857358,0.0,0.023449721137260016,0.030963580525070238,0.0486338766037753
2595.0,1.0,9.0,4294967295.0,4294967295.0,1.0,0.009529652156892363,0.011677634691124811,1956.0,0.0,-1.0,-1.0,0.9996862798937005,0.9695950480857485,0.0,0.023449721137260016,0.03094257312128689,0.04860174322681443
2596.0,1.0,3.0,4294967295.0,4294967295.0,1.0,0.009529652156892363,0.011677634691124811,1957.0,0.0,-1.0,-1.0,0.9996862798937005,0.9695950480857485,0.0,0.023449721137260016,0.030921565717503534,0.04856960259994767
2597.0,1.0,5.0,4294967295.0,4294967295.0,1.0,0.009529652156892363,0.011677634691124811,1958.0,0.0,-1.0,-1.0,0.9996862798937005,0.9695950480857485,0.0,0.023449721137260016,0.030900558313720176,0.04853745471834016
2598.0,1.0,4.0,4294967295.0,4294967295.0,1.0,0.009529652156892367,0.011677634691124818,1959.0,1.0,-1.0,-1.0,0.9996862798937005,0.9695950480857485,0.0,0.023449721137260016,0.030879550909936822,0.04850529957715379
2599.0,1.0,7.0,4294967295.0,4294967295.0,1.0,0.009529652156892367,0.011677634691124825,1960.0,1.0,-1.0,-1.0,0.9996862798937005,0.9695950480857485,0.0,0.023449721137260016,0.03085854350615347,0.04847313717154721
2600.0,1.0,4.0,4294967295.0,4294967295.0,1.0,0.009529652156892367,0.011677634691124825,1961.0,0.0,-1.0,-1.0,0.9996862798937005,0.9695950480857485,0.0,0.023449721137260016,0.030837536102370115,0.048440967496675875
2601.0,1.0,6.0,4294967295.0,4294967295.0,1.0,0.00952965215689237,0.011677634691124825,1962.0,0.0,-1.0,-1.0,0.9996862798937005,0.9695950480857485,0.0,0.023449721137260016,0.03081652869858676,0.04840879054769199
2602.0,1.0,9.0,4294967295.0,4294967295.0,1.0,0.00952965215689237,0.011677634691124832,1963.0,1.0,-1.0,-1.0,0.9996862798937005,0.9695950480857485,0.0,0.023449721137260016,0.030795521294803403,0.048376606319744525
2603.0,1.0,4.0,4294967295.0,4294967295.0,1.0,0.00952965215689237,0.011677634691124832,1964.0,0.0,-1.0,-1.0,0.9996862798937005,0.9695950480857485,0.0,0.023449721137260016,0.030774513891020046,0.04834441480797923
2604.0,1.0,5.0,4294967295.0,4294967295.0,1.0,0.009529652156892374,0.011677634691124839,1965.0,0.0,-1.0,-1.0,0.9996862798937005,0.9695950480857485,0.0,0.023449721137260016,0.030753506487236692,0.048312216007538586
2605.0,1.0,1.0,4294967295.0,4294967295.0,1.0,0.009529652156892374,0.011677634691124839,1966.0,0.0,-1.0,-1.0,0.9996862798937005,0.9695950480857485,0.0,0.023449721137260016,0.030732499083453338,0.048280009913561885
2606.0,1.0,6.0,4294967295.0,4294967295.0,1.0,0.009529652156892374,0.011677634691124846,1967.0,1.0,-1.0,-1.0,0.9996862798937005,0.9695950480857485,0.0,0.023449721137260016,0.030711491679669984,0.04824779652118513
2607.0,1.0,12.0,4294967295.0,4294967295.0,1.0,0.009529652156892374,0.011677634691124853,1968.0,0.0,-1.0,-1.0,0.9996862798937005,0.9695950480857485,0.0,0.023449721137260016,0.030690484275886633,0.04821557582554109
2608.0,1.0,9.0,4294967295.0,4294967295.0,1.0,0.009529652156892377,0.01167763469112486,1969.0,0.0,-1.0,-1.0,0.9996862798937005,0.9695950480857485,0.0,0.023449721137260016,0.030669476872103276,0.04818334782175932
2609.0,1.0,1.0,4294967295.0,4294967295.0,1.0,0.009529652156892377,0.011677634691124867,1970.0,1.0,-1.0,-1.0,0.9996862798937005,0.9695950480857485,0.0,0.023449721137260016,0.03064846946831992,0.048151112504966086
2610.0,1.0,8.0,4294967295.0,4294967295.0,1.0,0.009529652156892377,0.011677634691124867,1971.0,0.0,-1.0,-1.0,0.9996862798937005,0.9695950480857485,0.0,0.023449721137260016,0.03062746206453656,0.04811886987028443
2611.0,1.0,8.0,4294967295.0,4294967295.0,1.0,0.009529652156892377,0.01167763469112488,1972.0,1.0,-1.0,-1.0,0.9996862798937005,0.9695950480857485,0.0,0.023449721137260016,0.030606454660753207,0.04808661991283413
2612.0,1.0,8.0,4294967295.0,4294967295.0,1.0,0.009529652156892377,0.011677634691124887,1973.0,2.0,-1.0,-1.0,0.9996862798937005,0.9695950480857485,0.0,0.023449721137260016,0.030585447256969853,0.04805436262773172
2613.0,1.0,5.0,4294967295.0,4294967295.0,1.0,0.009529652156892377,0.011677634691124887,1974.0,0.0,-1.0,-1.0,0.9996862798937005,0.9695950480857485,0.0,0.023449721137260016,0.0305644398531865,0.04802209801009046
2614.0,1.0,6.0,4294967295.0,4294967295.0,1.0,0.009529652156892377,0.011677634691124887,1975.0,2.0,-1.0,-1.0,0.9996862798937005,0.9695950480857485,0.0,0.023449721137260016,0.030543432449403142,0.04798982605502036
2615.0,1.0,2.0,4294967295.0,4294967295.0,1.0,0.00952965215689238,0.011677634691124894,1976.0,2.0,-1.0,-1.0,0.9996862798937005,0.9695950480857485,0.0,0.023449721137260016,0.030522425045619788,0.04795754675762818
2616.0,1.0,8.0,4294967295.0,4294967295.0,1.0,0.00952965215689238,0.011677634691124901,1977.0,1.0,-1.0,-1.0,0.9996862798937005,0.9695950480857485,0.0,0.023449721137260016,0.03050141764183643,0.047925260113017405
2617.0,1.0,8.0,4294967295.0,4294967295.0,1.0,0.00952965215689238,0.011677634691124908,1978.0,1.0,-1.0,-1.0,0.9996862798937005,0.9695950480857485,0.0,0.023449721137260016,0.030480410238053077,0.04789296611628825
2618.0,1.0,5.0,4294967295.0,4294967295.0,1.0,0.00952965215689238,0.011677634691124915,1979.0,0.0,-1.0,-1.0,0.9996862798937005,0.9695950480857485,0.0,0.023449721137260016,0.030459402834269723,0.047860664762537676
2619.0,1.0,2.0,4294967295.0,4294967295.0,1.0,0.00952965215689238,0.011677634691124915,1980.0,0.0,-1.0,-1.0,0.9996862798937005,0.9695950480857485,0.0,0.023449721137260016,0.03043839543048637,0.04782835604685935
2620.0,1.0,9.0,4294967295.0,4294967295.0,1.0,0.009529652156892384,0.011677634691124915,1981.0,0.0,-1.0,-1.0,0.9996862798937005,0.9695950480857485,0.0,0.023449721137260016,0.030417388026703015,0.0477960399643437
2621.0,1.0,5.0,4294967295.0,4294967295.0,1.0,0.009529652156892388,0.011677634691124922,1982.0,0.0,-1.0,-1.0,0.9996862798937005,0.9695950480857485,0.0,0.023449721137260016,0.03039638062291966,0.04776371651007787
2622.0,1.0,7.0,4294967295.0,4294967295.0,1.0,0.009529652156892388,0.011677634691124929,1983.0,3.0,-1.0,-1.0,0.9996862798937005,0.9695950480857485,0.0,0.023449721137260016,0.030375373219136304,0.047731385679145706
2623.0,1.0,12.0,4294967295.0,4294967295.0,1.0,0.009529652156892388,0.011677634691124929,1984.0,0.0,-1.0,-1.0,0.9996862798937005,0.9695950480857485,0.0,0.023449721137260016,0.03035436581535295,0.0476990474666278
2624.0,1.0,4.0,4294967295.0,4294967295.0,1.0,0.009529652156892388,0.011677634691124943,1985.0,0.0,-1.0,-1.0,0.9996862798937005,0.9695950480857485,0.0,0.023449721137260016,0.030333358411569592,0.04766670186760145
2625.0,1.0,6.0,4294967295.0,4294967295.0,1.0,0.009529652156892384,0.011677634691124943,1986.0,0.0,-1.0,-1.0,0.9996862798937005,0.9695950480857485,0.0,0.023449721137260016,0.030312351007786238,0.04763434887714067
2626.0,1.0,8.0,4294967295.0,4294967295.0,1.0,0.009529652156892391,0.011677634691124943,1987.0,1.0,-1.0,-1.0,0.9996862798937005,0.9695950480857485,0.0,0.023449721137260016,0.030291343604002888,0.047601988490316195
2627.0,1.0,7.0,4294967295.0,4294967295.0,1.0,0.009529652156892391,0.011677634691124957,1988.0,0.0,-1.0,-1.0,0.9996862798937005,0.9695950480857485,0.0,0.023449721137260016,0.03027033620021953,0.047569620702195475
2628.0,1.0,5.0,4294967295.0,4294967295.0,1.0,0.009529652156892391,0.011677634691124957,1989.0,1.0,-1.0,-1.0,0.9996862798937005,0.9695950480857485,0.0,0.023449721137260016,0.030249328796436173,0.047537245507842676
2629.0,1.0,4.0,4294967295.0,4294967295.0,1.0,0.009529652156892391,0.011677634691124957,1990.0,0.0,-1.0,-1.0,0.9996862798937005,0.9695950480857485,0.0,0.023449721137260016,0.030228321392652815,0.04750486290231865
2630.0,1.0,0.0,4294967295.0,4294967295.0,1.0,0.009529652156892391,0.011677634691124964,1991.0,0.0,-1.0,-1.0,0.867541277643506,0.06874293104515919,0.0,0.023449721137260016,0.02963088568964234,0.04345784712711517
2631.0,1.0,0.0,4294967295.0,4294967295.0,5.0,0.009529652156892391,0.011677634691124964,1992.0,0.0,-1.0,-1.0,0.014204893595178028,0.008388570143134403,0.0,0.023449721137260016,0.017522660144436132,0.030783478316460836
2636.0,5.0,0.0,4294967295.0,4294967295.0,5.0,0.009494943757137702,0.01167081574585337,1993.0,0.0,-1.0,-1.0,8.31596557261291e-05,0.008247716341804082,18.0,0.023449721137260016,0.01703297071175689,0.0306618231693436
2641.0,5.0,0.0,4294967295.0,4294967295.0,5.0,0.009460321354969135,0.011670169073857728,1994.0,0.0,-1.0,-1.0,8.315965572541127e-05,0.008247716341804075,18.0,0.023449721137260016,0.016982265816146397,0.03054096605791558
2646.0,5.0,0.0,4294967295.0,4294967295.0,5.0,0.00942569895280057,0.011669522401862142,1995.0,0.0,-1.0,-1.0,8.315965572541127e-05,0.008247716341804077,18.0,0.023449721137260016,0.016931747898948767,0.030420497152917985
2651.0,5.0,0.0,4294967295.0,4294967295.0,5.0,0.009391076550632007,0.011668875729866612,1996.0,0.0,-1.0,-1.0,8.315965572541127e-05,0.008247716341804077,18.0,0.023449721137260016,0.016881417584465274,0.03030083689387945
2656.0,5.0,0.0,4294967295.0,4294967295.0,5.0,0.009356454148463443,0.011668229057871134,1997.0,0.0,-1.0,-1.0,8.315965572541127e-05,0.008247716341804077,18.0,0.023449721137260016,0.0168312754990817,0.030181176634841954
2661.0,5.0,0.0,4294967295.0,4294967295.0,5.0,0.009321831746294876,0.011667582385875714,1998.0,0.0,-1.0,-1.0,8.315965572541127e-05,0.008247716341804077,18.0,0.023449721137260016,0.01678132227127525,0.030061516375805626
2666.0,5.0,0.0,4294967295.0,4294967295.0,5.0,0.009287209344126308,0.01166693571388035,1999.0,0.0,-1.0,-1.0,8.315965572541127e-05,0.008247716341804077,18.0,0.023449721137260016,0.016731558531621567,0.02994185611677062
2671.0,5.0,0.0,4294967295.0,4294967295.0,5.0,0.009252586941957748,0.011666289041885042,2000.0,0.0,-1.0,-1.0,8.315965572541127e-05,0.008247716341804077,18.0,0.023449721137260016,0.016681984912801703,0.029822195857737106
2676.0,5.0,0.0,4294967295.0,4294967295.0,5.0,0.009217964539789188,0.01166564236988979,2001.0,0.0,-1.0,-1.0,8.315965572541127e-05,0.008247716341804077,18.0,0.023449721137260016,0.01663260204960917,0.02970253559870528
2681.0,5.0,0.0,4294967295.0,4294967295.0,5.0,0.009183342137620627,0.011664995697894594,2002.0,0.0,-1.0,-1.0,8.315965572541127e-05,0.008247716341804077,18.0,0.023449721137260016,0.016583410578956997,0.02958287533967536
2686.0,5.0,0.0,4294967295.0,4294967295.0,5.0,0.00914871973545206,0.011664349025899454,2003.0,0.0,-1.0,-1.0,8.315965572541127e-05,0.008247716341804077,19.0,0.023449721137260016,0.01653441113988479,0.029463215080647594
2691.0,5.0,0.0,4294967295.0,4294967295.0,5.0,0.009114097333283493,0.01166370235390437,2004.0,0.0,-1.0,-1.0,8.315965572541127e-05,0.008247716341804077,19.0,0.023449721137260016,0.01648560437356584,0.02934355482162227
2696.0,5.0,0.0,4294967295.0,4294967295.0,5.0,0.009079474931114925,0.011663055681909347,2005.0,0.0,-1.0,-1.0,8.315965572541127e-05,0.008247716341804077,19.0,0.023449721137260016,0.016436990923314257,0.0292238945625997
2701.0,5.0,0.0,4294967295.0,4294967295.0,5.0,0.009044852528946361,0.01166240900991438,2006.0,0.0,-1.0,-1.0,8.315965572541127e-05,0.008247716341804077,19.0,0.023449721137260016,0.01638857143459211,0.029104234303580247
2706.0,5.0,0.0,4294967295.0,4294967295.0,5.0,0.009010230126777798,0.011661762337919473,2007.0,0.0,-1.0,-1.0,8.315965572541127e-05,0.008247716341804077,19.0,0.023449721137260016,0.01634034655501658,0.028984574044564317
2711.0,5.0,0.0,4294967295.0,4294967295.0,5.0,0.008975607724609234,0.01166111566592462,2008.0,0.0,-1.0,-1.0,8.315965572541127e-05,0.008247716341804077,19.0,0.023449721137260016,0.016292316934367196,0.02886491378555236
2716.0,5.0,0.0,4294967295.0,4294967295.0,5.0,0.008940985322440673,0.011660468993929831,2009.0,0.0,-1.0,-1.0,8.315965572541127e-05,0.008247716341804077,19.0,0.023449721137260016,0.01624448322459302,0.02874556040874474
2721.0,5.0,0.0,4294967295.0,4294967295.0,5.0,0.00890636292027211,0.0116598223219351,2010.0,0.0,-1.0,-1.0,8.315965572541127e-05,0.008247716341804077,19.0,0.023449721137260016,0.016196846079819905,0.028627053585210224
2726.0,5.0,0.0,4294967295.0,4294967295.0,5.0,0.008871740518103546,0.011659175649940429,2011.0,0.0,-1.0,-1.0,8.315965572541127e-05,0.008247716341804077,19.0,0.023449721137260016,0.016149406156357765,0.028508546761712515
2731.0,5.0,0.0,4294967295.0,4294967295.0,5.0,0.008837118115934985,0.011658528977945816,2012.0,0.0,-1.0,-1.0,8.315965572541127e-05,0.008247716341804077,19.0,0.023449721137260016,0.016102164112707866,0.02839003993825597
2736.0,5.0,0.0,4294967295.0,4294967295.0,5.0,0.008802495713766421,0.011657882305951266,2013.0,0.0,-1.0,-1.0,8.315965572541127e-05,0.008247716341804077,19.0,0.023449721137260016,0.01605512060957013,0.028271533114845423
2741.0,5.0,0.0,4294967295.0,4294967295.0,5.0,0.008767873311597854,0.011657235633956774,2014.0,0.0,-1.0,-1.0,8.315965572541127e-05,0.008247716341804077,19.0,0.023449721137260016,0.016008276309850498,0.0281530262914863
2746.0,5.0,0.0,4294967295.0,4294967295.0,5.0,0.00873325090942929,0.011656588961962346,2015.0,0.0,-1.0,-1.0,8.315965572541127e-05,0.008247716341804077,19.0,0.023449721137260016,0.015961631878668277,0.028034519468184662
2751.0,5.0,0.0,4294967295.0,4294967295.0,5.0,0.00869862850726073,0.011655942289967976,2016.0,0.0,-1.0,-1.0,8.315965572541127e-05,0.008247716341804077,19.0,0.023449721137260016,0.015915187983363548,0.027916012644947284
2756.0,5.0,0.0,4294967295.0,4294967295.0,5.0,0.00866400610509217,0.011655295617973668,2017.0,0.0,-1.0,-1.0,8.315965572541127e-05,0.008247716341804077,19.0,0.023449721137260016,0.01586894529350455,0.027797505821781743
2761.0,5.0,0.0,4294967295.0,4294967295.0,5.0,0.008629383702923609,0.01165464894597942,2018.0,0.0,-1.0,-1.0,8.315965572541127e-05,0.008247716341804077,19.0,0.023449721137260016,0.015822904480895163,0.027678998998696504
2766.0,5.0,0.0,4294967295.0,4294967295.0,5.0,0.008594761300755042,0.011654002273985237,2019.0,0.0,-1.0,-1.0,8.315965572541127e-05,0.008247716341804077,19.0,0.023449721137260016,0.015777066219582334,0.02756049217570103
2771.0,5.0,0.0,4294967295.0,4294967295.0,5.0,0.008560138898586474,0.011653355601991116,2020.0,0.0,-1.0,-1.0,8.315965572541127e-05,0.008247716341804077,19.0,0.023449721137260016,0.015731431185863592,0.027441985352805894
2776.0,5.0,0.0,4294967295.0,4294967295.0,5.0,0.008525516496417907,0.011652708929997056,2021.0,0.0,-1.0,-1.0,8.315965572541127e-05,0.008247716341804077,19.0,0.023449721137260016,0.01568600005829455,0.02732347853002293
2781.0,5.0,28.0,4294967295.0,4294967295.0,1.0,0.008490894094249343,0.011652062258003061,2022.0,2.0,-1.0,-1.0,0.9195271168608681,0.9200949295447014,19.0,0.023449721137260016,0.025964760208121277,0.04031999394325548
2782.0,1.0,9.0,4294967295.0,4294967295.0,1.0,0.008490894094249343,0.011652062258003065,2023.0,0.0,-1.0,-1.0,0.9996838039462109,0.9696181658632155,0.0,0.023449721137260016,0.02597544530357779,0.0424379444822467
2783.0,1.0,4.0,4294967295.0,4294967295.0,1.0,0.008490894094249343,0.011652062258003061,2024.0,2.0,-1.0,-1.0,0.9996862798292867,0.9695950784340946,0.0,0.023449721137260016,0.025954423166809674,0.042404425906313555
2784.0,1.0,8.0,4294967295.0,4294967295.0,1.0,0.00849089409424934,0.011652062258003058,2025.0,0.0,-1.0,-1.0,0.999686279893699,0.9695950480580318,0.0,0.023449721137260016,0.02593341574357188,0.04237083271816937
2785.0,1.0,4.0,4294967295.0,4294967295.0,1.0,0.008490894094249343,0.011652062258003054,2026.0,1.0,-1.0,-1.0,0.9996862798937005,0.9695950480857358,0.0,0.023449721137260016,0.025912408339806226,0.0423372313048605
2786.0,1.0,12.0,4294967295.0,4294967295.0,1.0,0.00849089409424934,0.011652062258003054,2027.0,0.0,-1.0,-1.0,0.9996862798937005,0.9695950480857485,0.0,0.023449721137260016,0.025891400936022876,0.042303621662628514
2787.0,1.0,7.0,4294967295.0,4294967295.0,1.0,0.00849089409424934,0.01165206225800305,2028.0,0.0,-1.0,-1.0,0.9996862798937005,0.9695950480857485,0.0,0.023449721137260016,0.02587039353223952,0.04227000378598567
2788.0,1.0,3.0,4294967295.0,4294967295.0,1.0,0.00849089409424934,0.011652062258003047,2029.0,3.0,-1.0,-1.0,0.9996862798937005,0.9695950480857485,0.0,0.023449721137260016,0.025849386128456164,0.042236377669440536
2789.0,1.0,8.0,4294967295.0,4294967295.0,1.0,0.008490894094249343,0.011652062258003044,2030.0,0.0,-1.0,-1.0,0.9996862798937005,0.9695950480857485,0.0,0.023449721137260016,0.02582837872467281,0.04220274330749801
2790.0,1.0,7.0,4294967295.0,4294967295.0,1.0,0.00849089409424934,0.01165206225800304,2031.0,1.0,-1.0,-1.0,0.9996862798937005,0.9695950480857485,0.0,0.023449721137260016,0.025807371320889453,0.042169100694659324
2791.0,1.0,6.0,4294967295.0,4294967295.0,1.0,0.008490894094249343,0.01165206225800304,2032.0,1.0,-1.0,-1.0,0.9996862798937005,0.9695950480857485,0.0,0.023449721137260016,0.0257863639171061,0.04213544982542204
2792.0,1.0,4.0,4294967295.0,4294967295.0,1.0,0.008490894094249343,0.01165206225800304,2033.0,0.0,-1.0,-1.0,0.9996862798937005,0.9695950480857485,0.0,0.023449721137260016,0.02576535651332274,0.04210179069428007
2793.0,1.0,4.0,4294967295.0,4294967295.0,1.0,0.008490894094249343,0.011652062258003037,2034.0,0.0,-1.0,-1.0,0.9996862798937005,0.9695950480857485,0.0,0.023449721137260016,0.025744349109539388,0.04206812329572364
2794.0,1.0,6.0,4294967295.0,4294967295.0,1.0,0.008490894094249347,0.011652062258003037,2035.0,0.0,-1.0,-1.0,0.9996862798937005,0.9695950480857485,0.0,0.023449721137260016,0.025723341705756034,0.0420344476242393
2795.0,1.0,7.0,4294967295.0,4294967295.0,1.0,0.00849089409424935,0.011652062258003037,2036.0,1.0,-1.0,-1.0,0.9996862798937005,0.9695950480857485,0.0,0.023449721137260016,0.025702334301972676,0.042000763674309924
2796.0,1.0,8.0,4294967295.0,4294967295.0,1.0,0.008490894094249347,0.011652062258003033,2037.0,1.0,-1.0,-1.0,0.9996862798937005,0.9695950480857485,0.0,0.023449721137260016,0.02568132689818932,0.041967071440414706
2797.0,1.0,9.0,4294967295.0,4294967295.0,1.0,0.008490894094249347,0.01165206225800303,2038.0,0.0,-1.0,-1.0,0.9996862798937005,0.9695950480857485,0.0,0.023449721137260016,0.025660319494405965,0.04193337091702917
2798.0,1.0,4.0,4294967295.0,4294967295.0,1.0,0.008490894094249347,0.01165206225800303,2039.0,1.0,-1.0,-1.0,0.9996862798937005,0.9695950480857485,0.0,0.023449721137260016,0.025639312090622608,0.04189966209862515
2799.0,1.0,10.0,4294967295.0,4294967295.0,1.0,0.008490894094249347,0.011652062258003026,2040.0,0.0,-1.0,-1.0,0.9996862798937005,0.9695950480857485,0.0,0.023449721137260016,0.025618304686839254,0.04186594497967076
2800.0,1.0,11.0,4294967295.0,4294967295.0,1.0,0.00849089409424935,0.011652062258003023,2041.0,1.0,-1.0,-1.0,0.9996862798937005,0.9695950480857485,0.0,0.023449721137260016,0.025597297283055896,0.0418322195546305
2801.0,1.0,4.0,4294967295.0,4294967295.0,1.0,0.00849089409424935,0.01165206225800302,2042.0,0.0,-1.0,-1.0,0.9996862798937005,0.9695950480857485,0.0,0.023449721137260016,0.02557628987927254,0.041798485817965095
2802.0,1.0,3.0,4294967295.0,4294967295.0,1.0,0.00849089409424935,0.011652062258003016,2043.0,1.0,-1.0,-1.0,0.9996862798937005,0.9695950480857485,0.0,0.023449721137260016,0.025555282475489185,0.04176474376413164
2803.0,1.0,10.0,4294967295.0,4294967295.0,1.0,0.008490894094249354,0.01165206225800302,2044.0,0.0,-1.0,-1.0,0.9996862798937005,0.9695950480857485,0.0,0.023449721137260016,0.02553427507170583,0.041730993387583494
2804.0,1.0,5.0,4294967295.0,4294967295.0,1.0,0.008490894094249354,0.01165206225800302,2045.0,2.0,-1.0,-1.0,0.9996862798937005,0.9695950480857485,0.0,0.023449721137260016,0.025513267667922473,0.041697234682770326
2805.0,1.0,6.0,4294967295.0,4294967295.0,1.0,0.008490894094249354,0.01165206225800302,2046.0,2.0,-1.0,-1.0,0.9996862798937005,0.9695950480857485,0.0,0.023449721137260016,0.02549226026413912,0.04166346764413812
2806.0,1.0,5.0,4294967295.0,4294967295.0,1.0,0.008490894094249357,0.01165206225800302,2047.0,1.0,-1.0,-1.0,0.9996862798937005,0.9695950480857485,0.0,0.023449721137260016,0.025471252860355762,0.04162969226612914
2807.0,1.0,7.0,4294967295.0,4294967295.0,1.0,0.008490894094249354,0.011652062258003016,2048.0,1.0,-1.0,-1.0,0.9996862798937005,0.9695950480857485,0.0,0.023449721137260016,0.0254502454565724,0.041595908543181945
2808.0,1.0,9.0,4294967295.0,4294967295.0,1.0,0.008490894094249354,0.011652062258003016,2049.0,0.0,-1.0,-1.0,0.9996862798937005,0.9695950480857485,0.0,0.023449721137260016,0.025429238052789044,0.04156211646973139
2809.0,1.0,5.0,4294967295.0,4294967295.0,1.0,0.008490894094249357,0.011652062258003016,2050.0,1.0,-1.0,-1.0,0.9996862798937005,0.9695950480857485,0.0,0.023449721137260016,0.02540823064900569,0.04152831604020862
2810.0,1.0,4.0,4294967295.0,4294967295.0,1.0,0.008490894094249357,0.011652062258003016,2051.0,0.0,-1.0,-1.0,0.9996862798937005,0.9695950480857485,0.0,0.023449721137260016,0.025387223245222336,0.04149450724904106
2811.0,1.0,5.0,4294967295.0,4294967295.0,1.0,0.00849089409424936,0.01165206225800302,2052.0,1.0,-1.0,-1.0,0.9996862798937005,0.9695950480857485,0.0,0.023449721137260016,0.025366215841438982,0.04146069009065242
2812.0,1.0,9.0,4294967295.0,4294967295.0,1.0,0.008490894094249364,0.011652062258003016,2053.0,1.0,-1.0,-1.0,0.9996862798937005,0.9695950480857485,0.0,0.023449721137260016,0.025345208437655625,0.04142686455946269
2813.0,1.0,5.0,4294967295.0,4294967295.0,1.0,0.00849089409424936,0.011652062258003013,2054.0,1.0,-1.0,-1.0,0.9996862798937005,0.9695950480857485,0.0,0.023449721137260016,0.025324201033872264,0.04139303064988815
2814.0,1.0,5.0,4294967295.0,4294967295.0,1.0,0.00849089409424936,0.011652062258003013,2055.0,2.0,-1.0,-1.0,0.9996862798937005,0.9695950480857485,0.0,0.023449721137260016,0.025303193630088906,0.04135918835634134
2815.0,1.0,6.0,4294967295.0,4294967295.0,1.0,0.008490894094249364,0.011652062258003016,2056.0,1.0,-1.0,-1.0,0.9996862798937005,0.9695950480857485,0.0,0.023449721137260016,0.025282186226305552,0.04132533767323109
2816.0,1.0,4.0,4294967295.0,4294967295.0,1.0,0.008490894094249364,0.011652062258003016,2057.0,1.0,-1.0,-1.0,0.9996862798937005,0.9695950480857485,0.0,0.023449721137260016,0.0252611788225222,0.04129147859496249
2817.0,1.0,9.0,4294967295.0,4294967295.0,1.0,0.008490894094249368,0.01165206225800302,2058.0,1.0,-1.0,-1.0,0.9996862798937005,0.9695950480857485,0.0,0.023449721137260016,0.025240171418738844,0.0412576111159369
2818.0,1.0,7.0,4294967295.0,4294967295.0,1.0,0.008490894094249371,0.011652062258003023,2059.0,0.0,-1.0,-1.0,0.9996862798937005,0.9695950480857485,0.0,0.023449721137260016,0.025219164014955487,0.04122373523055194
2819.0,1.0,4.0,4294967295.0,4294967295.0,1.0,0.008490894094249368,0.011652062258003023,2060.0,1.0,-1.0,-1.0,0.9996862798937005,0.9695950480857485,0.0,0.023449721137260016,0.025198156611172126,0.041189850933201516
2820.0,1.0,3.0,4294967295.0,4294967295.0,1.0,0.008490894094249368,0.01165206225800302,2061.0,0.0,-1.0,-1.0,0.9996862798937005,0.9695950480857485,0.0,0.023449721137260016,0.02517714920738877,0.04115595821827578
2821.0,1.0,10.0,4294967295.0,4294967295.0,1.0,0.008490894094249368,0.011652062258003023,2062.0,0.0,-1.0,-1.0,0.9996862798937005,0.9695950480857485,0.0,0.023449721137260016,0.02515614180360541,0.04112205708016114
2822.0,1.0,4.0,4294967295.0,4294967295.0,1.0,0.008490894094249368,0.011652062258003023,2063.0,1.0,-1.0,-1.0,0.9996862798937005,0.9695950480857485,0.0,0.023449721137260016,0.025135134399822057,0.04108814751324025
2823.0,1.0,8.0,4294967295.0,4294967295.0,1.0,0.008490894094249371,0.011652062258003023,2064.0,1.0,-1.0,-1.0,0.9996862798937005,0.9695950480857485,0.0,0.023449721137260016,0.025114126996038703,0.04105422951189206
2824.0,1.0,3.0,4294967295.0,4294967295.0,1.0,0.008490894094249374,0.01165206225800302,2065.0,0.0,-1.0,-1.0,0.9996862798937005,0.9695950480857485,0.0,0.023449721137260016,0.02509311959225535,0.041020303070491725
2825.0,1.0,7.0,4294967295.0,4294967295.0,1.0,0.008490894094249374,0.011652062258003016,2066.0,0.0,-1.0,-1.0,0.9996862798937005,0.9695950480857485,0.0,0.023449721137260016,0.02507211218847199,0.04098636818341067
2826.0,1.0,7.0,4294967295.0,4294967295.0,1.0,0.008490894094249371,0.011652062258003013,2067.0,0.0,-1.0,-1.0,0.9996862798937005,0.9695950480857485,0.0,0.023449721137260016,0.025051104784688628,0.04095242484501657
2827.0,1.0,9.0,4294967295.0,4294967295.0,1.0,0.008490894094249371,0.011652062258003009,2068.0,0.0,-1.0,-1.0,0.9996862798937005,0.9695950480857485,0.0,0.023449721137260016,0.02503009738090527,0.04091847304967334
2828.0,1.0,2.0,4294967295.0,4294967295.0,1.0,0.008490894094249371,0.011652062258003006,2069.0,0.0,-1.0,-1.0,0.9996862798937005,0.9695950480857485,0.0,0.023449721137260016,0.02500908997712192,0.04088451279174112
2829.0,1.0,4.0,4294967295.0,4294967295.0,1.0,0.008490894094249374,0.011652062258003006,2070.0,1.0,-1.0,-1.0,0.9996862798937005,0.9695950480857485,0.0,0.023449721137260016,0.024988082573338566,0.04085054406557632
2830.0,1.0,7.0,4294967295.0,4294967295.0,1.0,0.008490894094249378,0.011652062258003006,2071.0,1.0,-1.0,-1.0,0.9996862798937005,0.9695950480857485,0.0,0.023449721137260016,0.02496707516955521,0.04081656686553155
2831.0,1.0,8.0,4294967295.0,4294967295.0,1.0,0.008490894094249374,0.011652062258003006,2072.0,1.0,-1.0,-1.0,0.9996862798937005,0.9695950480857485,0.0,0.023449721137260016,0.024946067765771848,0.04078258118595569
2832.0,1.0,5.0,4294967295.0,4294967295.0,1.0,0.008490894094249374,0.011652062258003002,2073.0,0.0,-1.0,-1.0,0.9996862798937005,0.9695950480857485,0.0,0.023449721137260016,0.02492506036198849,0.04074858702119383
2833.0,1.0,4.0,4294967295.0,4294967295.0,1.0,0.008490894094249374,0.011652062258002999,2074.0,0.0,-1.0,-1.0,0.9996862798937005,0.9695950480857485,0.0,0.023449721137260016,0.024904052958205133,0.04071458436558728
2834.0,1.0,3.0,4294967295.0,4294967295.0,1.0,0.008490894094249374,0.011652062258002999,2075.0,1.0,-1.0,-1.0,0.9996862798937005,0.9695950480857485,0.0,0.023449721137260016,0.02488304555442178,0.04068057321347361
2835.0,1.0,8.0,4294967295.0,4294967295.0,1.0,0.008490894094249381,0.011652062258002999,2076.0,0.0,-1.0,-1.0,0.9996862798937005,0.9695950480857485,0.0,0.023449721137260016,0.02486203815063843,0.04064655355918659
2836.0,1.0,6.0,4294967295.0,4294967295.0,1.0,0.008490894094249385,0.011652062258002995,2077.0,1.0,-1.0,-1.0,0.9996862798937005,0.9695950480857485,0.0,0.023449721137260016,0.024841030746855074,0.040612525397056204
2837.0,1.0,12.0,4294967295.0,4294967295.0,1.0,0.008490894094249385,0.011652062258002988,2078.0,0.0,-1.0,-1.0,0.9996862798937005,0.9695950480857485,0.0,0.023449721137260016,0.024820023343071713,0.04057848872140868
2838.0,1.0,6.0,4294967295.0,4294967295.0,1.0,0.008490894094249381,0.011652062258002988,2079.0,0.0,-1.0,-1.0,0.9996862798937005,0.9695950480857485,0.0,0.023449721137260016,0.024799015939288353,0.04054444352656643
2839.0,1.0,6.0,4294967295.0,4294967295.0,1.0,0.008490894094249381,0.011652062258002985,2080.0,0.0,-1.0,-1.0,0.9996862798937005,0.9695950480857485,0.0,0.023449721137260016,0.024778008535504995,0.04051038980684811
2840.0,1.0,5.0,4294967295.0,4294967295.0,1.0,0.008490894094249381,0.011652062258002985,2081.0,0.0,-1.0,-1.0,0.9996862798937005,0.9695950480857485,0.0,0.023449721137260016,0.02475700113172164,0.04047632755656856
2841.0,1.0,6.0,4294967295.0,4294967295.0,1.0,0.008490894094249385,0.011652062258002981,2082.0,0.0,-1.0,-1.0,0.9996862798937005,0.9695950480857485,0.0,0.023449721137260016,0.024735993727938287,0.04044225677003886
2842.0,1.0,7.0,4294967295.0,4294967295.0,1.0,0.008490894094249388,0.011652062258002978,2083.0,0.0,-1.0,-1.0,0.9996862798937005,0.9695950480857485,0.0,0.023449721137260016,0.024714986324154933,0.04040817744156628
2843.0,1.0,11.0,4294967295.0,4294967295.0,1.0,0.008490894094249388,0.011652062258002974,2084.0,0.0,-1.0,-1.0,0.9996862798937005,0.9695950480857485,0.0,0.023449721137260016,0.024693978920371572,0.040374089565454276
2844.0,1.0,1.0,4294967295.0,4294967295.0,1.0,0.008490894094249385,0.011652062258002974,2085.0,1.0,-1.0,-1.0,0.9996862798937005,0.9695950480857485,0.0,0.023449721137260016,0.02467297151658821,0.04033999313600254
2845.0,1.0,4.0,4294967295.0,4294967295.0,1.0,0.008490894094249385,0.011652062258002974,2086.0,0.0,-1.0,-1.0,0.9996862798937005,0.9695950480857485,0.0,0.023449721137260016,0.024651964112804858,0.040305888147506935
2846.0,1.0,8.0,4294967295.0,4294967295.0,1.0,0.008490894094249388,0.011652062258002971,2087.0,0.0,-1.0,-1.0,0.9996862798937005,0.9695950480857485,0.0,0.023449721137260016,0.024630956709021504,0.04027177459425953
2847.0,1.0,3.0,4294967295.0,4294967295.0,1.0,0.008490894094249392,0.011652062258002967,2088.0,0.0,-1.0,-1.0,0.9996862798937005,0.9695950480857485,0.0,0.023449721137260016,0.024609949305238153,0.040237652470548585
2848.0,1.0,8.0,4294967295.0,4294967295.0,1.0,0.008490894094249392,0.011652062258002967,2089.0,0.0,-1.0,-1.0,0.9996862798937005,0.9695950480857485,0.0,0.023449721137260016,0.024588941901454796,0.04020352177065855
2849.0,1.0,8.0,4294967295.0,4294967295.0,1.0,0.008490894094249395,0.01165206225800296,2090.0,0.0,-1.0,-1.0,0.9996862798937005,0.9695950480857485,0.0,0.023449721137260016,0.024567934497671442,0.040169382488870066
2850.0,1.0,7.0,4294967295.0,4294967295.0,1.0,0.008490894094249399,0.01165206225800296,2091.0,0.0,-1.0,-1.0,0.9996862798937005,0.9695950480857485,0.0,0.023449721137260016,0.024546927093888088,0.040135234619459975
2851.0,1.0,5.0,4294967295.0,4294967295.0,1.0,0.008490894094249395,0.01165206225800296,2092.0,0.0,-1.0,-1.0,0.9996862798937005,0.9695950480857485,0.0,0.023449721137260016,0.02452591969010473,0.040101078156701275
2852.0,1.0,3.0,4294967295.0,4294967295.0,1.0,0.008490894094249399,0.011652062258002957,2093.0,1.0,-1.0,-1.0,0.9996862798937005,0.9695950480857485,0.0,0.023449721137260016,0.024504912286321377,0.040066913094863155
2853.0,1.0,5.0,4294967295.0,4294967295.0,1.0,0.008490894094249402,0.011652062258002954,2094.0,1.0,-1.0,-1.0,0.9996862798937005,0.9695950480857485,0.0,0.023449721137260016,0.024483904882538023,0.040032739428210985
2854.0,1.0,7.0,4294967295.0,4294967295.0,1.0,0.008490894094249399,0.011652062258002954,2095.0,0.0,-1.0,-1.0,0.9996862798937005,0.9695950480857485,0.0,0.023449721137260016,0.024462897478754665,0.039998557151006316
2855.0,1.0,8.0,4294967295.0,4294967295.0,1.0,0.008490894094249402,0.011652062258002954,2096.0,0.0,-1.0,-1.0,0.9996862798937005,0.9695950480857485,0.0,0.023449721137260016,0.02444189007497131,0.039964366257506864
2856.0,1.0,6.0,4294967295.0,4294967295.0,1.0,0.008490894094249406,0.011652062258002954,2097.0,0.0,-1.0,-1.0,0.9996862798937005,0.9695950480857485,0.0,0.023449721137260016,0.024420882671187957,0.03993016674196652
2857.0,1.0,5.0,4294967295.0,4294967295.0,1.0,0.008490894094249406,0.011652062258002954,2098.0,1.0,-1.0,-1.0,0.9996862798937005,0.9695950480857485,0.0,0.023449721137260016,0.024399875267404603,0.03989595859863533
2858.0,1.0,2.0,4294967295.0,4294967295.0,1.0,0.00849089409424941,0.011652062258002954,2099.0,0.0,-1.0,-1.0,0.9996862798937005,0.9695950480857485,0.0,0.023449721137260016,0.02437886786362125,0.03986174182175952
2859.0,1.0,5.0,4294967295.0,4294967295.0,1.0,0.008490894094249413,0.01165206225800295,2100.0,0.0,-1.0,-1.0,0.9996862798937005,0.9695950480857485,0.0,0.023449721137260016,0.024357860459837895,0.03982751640558148
2860.0,1.0,3.0,4294967295.0,4294967295.0,1.0,0.008490894094249413,0.011652062258002943,2101.0,0.0,-1.0,-1.0,0.9996862798937005,0.9695950480857485,0.0,0.023449721137260016,0.02433685305605454,0.039793282344339743
2861.0,1.0,5.0,4294967295.0,4294967295.0,1.0,0.008490894094249416,0.01165206225800294,2102.0,0.0,-1.0,-1.0,0.9996862798937005,0.9695950480857485,0.0,0.023449721137260016,0.024315845652271184,0.039759039632269025
2862.0,1.0,3.0,4294967295.0,4294967295.0,1.0,0.008490894094249413,0.011652062258002936,2103.0,1.0,-1.0,-1.0,0.9996862798937005,0.9695950480857485,0.0,0.023449721137260016,0.024294838248487823,0.03972478826360017
2863.0,1.0,8.0,4294967295.0,4294967295.0,1.0,0.00849089409424941,0.011652062258002933,2104.0,0.0,-1.0,-1.0,0.9996862798937005,0.9695950480857485,0.0,0.023449721137260016,0.02427383084470447,0.0396905282325602
2864.0,1.0,7.0,4294967295.0,4294967295.0,1.0,0.008490894094249413,0.011652062258002926,2105.0,0.0,-1.0,-1.0,0.9996862798937005,0.9695950480857485,0.0,0.023449721137260016,0.024252823440921112,0.039656259533372276
2865.0,1.0,6.0,4294967295.0,4294967295.0,1.0,0.00849089409424941,0.011652062258002922,2106.0,0.0,-1.0,-1.0,0.9996862798937005,0.9695950480857485,0.0,0.023449721137260016,0.024231816037137754,0.0396219821602557
2866.0,1.0,3.0,4294967295.0,4294967295.0,1.0,0.00849089409424941,0.011652062258002919,2107.0,1.0,-1.0,-1.0,0.9996862798937005,0.9695950480857485,0.0,0.023449721137260016,0.024210808633354404,0.03958769610742592
2867.0,1.0,9.0,4294967295.0,4294967295.0,1.0,0.008490894094249413,0.011652062258002919,2108.0,1.0,-1.0,-1.0,0.9996862798937005,0.9695950480857485,0.0,0.023449721137260016,0.024189801229571047,0.03955340136909455
2868.0,1.0,6.0,4294967295.0,4294967295.0,1.0,0.00849089409424941,0.011652062258002919,2109.0,0.0,-1.0,-1.0,0.9996862798937005,0.9695950480857485,0.0,0.023449721137260016,0.02416879382578769,0.039519097939469304
2869.0,1.0,6.0,4294967295.0,4294967295.0,1.0,0.008490894094249413,0.011652062258002919,2110.0,0.0,-1.0,-1.0,0.9996862798937005,0.9695950480857485,0.0,0.023449721137260016,0.02414778642200434,0.039484785812754074
2870.0,1.0,4.0,4294967295.0,4294967295.0,1.0,0.008490894094249416,0.011652062258002919,2111.0,0.0,-1.0,-1.0,0.9996862798937005,0.9695950480857485,0.0,0.023449721137260016,0.02412677901822098,0.03945046498314885
2871.0,1.0,6.0,4294967295.0,4294967295.0,1.0,0.008490894094249416,0.011652062258002915,2112.0,0.0,-1.0,-1.0,0.9996862798937005,0.9695950480857485,0.0,0.023449721137260016,0.024105771614437624,0.03941613544484978
2872.0,1.0,8.0,4294967295.0,4294967295.0,1.0,0.008490894094249418,0.011652062258002912,2113.0,0.0,-1.0,-1.0,0.9996862798937005,0.9695950480857485,0.0,0.023449721137260016,0.024084764210654273,0.03938179719204913
2873.0,1.0,5.0,4294967295.0,4294967295.0,1.0,0.008490894094249418,0.011652062258002912,2114.0,1.0,-1.0,-1.0,0.9996862798937005,0.9695950480857485,0.0,0.023449721137260016,0.024063756806870916,0.03934745021893529
2874.0,1.0,5.0,4294967295.0,4294967295.0,1.0,0.00849089409424942,0.011652062258002908,2115.0,0.0,-1.0,-1.0,0.9996862798937005,0.9695950480857485,0.0,0.023449721137260016,0.02404274940308756,0.03931309451969279
2875.0,1.0,13.0,4294967295.0,4294967295.0,1.0,0.00849089409424942,0.011652062258002905,2116.0,0.0,-1.0,-1.0,0.9996862798937005,0.9695950480857485,0.0,0.023449721137260016,0.024021741999304208,0.03927873008850226
2876.0,1.0,9.0,4294967295.0,4294967295.0,1.0,0.008490894094249421,0.011652062258002905,2117.0,0.0,-1.0,-1.0,0.9996862798937005,0.9695950480857485,0.0,0.023449721137260016,0.02400073459552085,0.03924435691954047
2877.0,1.0,7.0,4294967295.0,4294967295.0,1.0,0.008490894094249423,0.011652062258002905,2118.0,0.0,-1.0,-1.0,0.9996862798937005,0.9695950480857485,0.0,0.023449721137260016,0.023979727191737493,0.0392099750069803
2878.0,1.0,9.0,4294967295.0,4294967295.0,1.0,0.008490894094249423,0.011652062258002902,2119.0,0.0,-1.0,-1.0,0.9996862798937005,0.9695950480857485,0.0,0.023449721137260016,0.023958719787954143,0.03917558434499072
2879.0,1.0,3.0,4294967295.0,4294967295.0,1.0,0.008490894094249425,0.011652062258002898,2120.0,1.0,-1.0,-1.0,0.9996862798937005,0.9695950480857485,0.0,0.023449721137260016,0.023937712384170785,0.03914118492773686
2880.0,1.0,9.0,4294967295.0,4294967295.0,1.0,0.008490894094249427,0.011652062258002895,2121.0,0.0,-1.0,-1.0,0.9996862798937005,0.9695950480857485,0.0,0.023449721137260016,0.023916704980387428,0.03910677674937991
2881.0,1.0,4.0,4294967295.0,4294967295.0,1.0,0.008490894094249427,0.011652062258002895,2122.0,1.0,-1.0,-1.0,0.9996862798937005,0.9695950480857485,0.0,0.023449721137260016,0.023895697576604074,0.0390723598040772
2882.0,1.0,12.0,4294967295.0,4294967295.0,1.0,0.008490894094249427,0.011652062258002895,2123.0,1.0,-1.0,-1.0,0.9996862798937005,0.9695950480857485,0.0,0.023449721137260016,0.02387469017282072,0.03903793408598215
2883.0,1.0,6.0,4294967295.0,4294967295.0,1.0,0.00849089409424943,0.011652062258002891,2124.0,1.0,-1.0,-1.0,0.9996862798937005,0.9695950480857485,0.0,0.023449721137260016,0.023853682769037363,0.03900349958924427
2884.0,1.0,10.0,4294967295.0,4294967295.0,1.0,0.00849089409424943,0.011652062258002888,2125.0,0.0,-1.0,-1.0,0.9996862798937005,0.9695950480857485,0.0,0.023449721137260016,0.02383267536525401,0.03896905630800919
2885.0,1.0,5.0,4294967295.0,4294967295.0,1.0,0.00849089409424943,0.011652062258002888,2126.0,2.0,-1.0,-1.0,0.9996862798937005,0.9695950480857485,0.0,0.023449721137260016,0.023811667961470655,0.038934604236418625
2886.0,1.0,7.0,4294967295.0,4294967295.0,1.0,0.008490894094249433,0.011652062258002884,2127.0,0.0,-1.0,-1.0,0.9996862798937005,0.9695950480857485,0.0,0.023449721137260016,0.023790660557687297,0.03890014336861038
2887.0,1.0,5.0,4294967295.0,4294967295.0,1.0,0.008490894094249433,0.01165206225800288,2128.0,0.0,-1.0,-1.0,0.9996862798937005,0.9695950480857485,0.0,0.023449721137260016,0.023769653153903943,0.038865673698718364
2888.0,1.0,5.0,4294967295.0,4294967295.0,1.0,0.008490894094249433,0.011652062258002877,2129.0,0.0,-1.0,-1.0,0.9996862798937005,0.9695950480857485,0.0,0.023449721137260016,0.02374864575012059,0.038831195220872555
2889.0,1.0,6.0,4294967295.0,4294967295.0,1.0,0.008490894094249435,0.011652062258002874,2130.0,0.0,-1.0,-1.0,0.9996862798937005,0.9695950480857485,0.0,0.023449721137260016,0.023727638346337232,0.03879670792919904
2890.0,1.0,7.0,4294967295.0,4294967295.0,1.0,0.008490894094249437,0.01165206225800287,2131.0,1.0,-1.0,-1.0,0.9996862798937005,0.9695950480857485,0.0,0.023449721137260016,0.023706630942553878,0.03876221181781995
2891.0,1.0,4.0,4294967295.0,4294967295.0,1.0,0.008490894094249437,0.011652062258002874,2132.0,0.0,-1.0,-1.0,0.9996862798937005,0.9695950480857485,0.0,0.023449721137260016,0.023685623538770524,0.038727706880853544
2892.0,1.0,4.0,4294967295.0,4294967295.0,1.0,0.008490894094249437,0.011652062258002877,2133.0,0.0,-1.0,-1.0,0.9996862798937005,0.9695950480857485,0.0,0.023449721137260016,0.023664616134987167,0.03869319311241413
2893.0,1.0,4.0,4294967295.0,4294967295.0,1.0,0.008490894094249439,0.011652062258002874,2134.0,2.0,-1.0,-1.0,0.9996862798937005,0.9695950480857485,0.0,0.023449721137260016,0.023643608731203813,0.038658670506612085
2894.0,1.0,6.0,4294967295.0,4294967295.0,1.0,0.008490894094249439,0.01165206225800287,2135.0,2.0,-1.0,-1.0,0.9996862798937005,0.9695950480857485,0.0,0.023449721137260016,0.02362260132742046,0.03862413905755388
2895.0,1.0,8.0,4294967295.0,4294967295.0,1.0,0.008490894094249439,0.011652062258002867,2136.0,0.0,-1.0,-1.0,0.9996862798937005,0.9695950480857485,0.0,0.023449721137260016,0.0236015939236371,0.03858959875934204
2896.0,1.0,2.0,4294967295.0,4294967295.0,1.0,0.00849089409424944,0.011652062258002863,2137.0,0.0,-1.0,-1.0,0.9996862798937005,0.9695950480857485,0.0,0.023449721137260016,0.023580586519853747,0.03855504960607517
2897.0,1.0,11.0,4294967295.0,4294967295.0,1.0,0.00849089409424944,0.011652062258002863,2138.0,2.0,-1.0,-1.0,0.9996862798937005,0.9695950480857485,0.0,0.023449721137260016,0.023559579116070394,0.03852049159184793
2898.0,1.0,10.0,4294967295.0,4294967295.0,1.0,0.00849089409424944,0.011652062258002863,2139.0,1.0,-1.0,-1.0,0.9996862798937005,0.9695950480857485,0.0,0.023449721137260016,0.023538571712287036,0.03848592471075103
2899.0,1.0,10.0,4294967295.0,4294967295.0,1.0,0.00849089409424944,0.011652062258002856,2140.0,0.0,-1.0,-1.0,0.9996862798937005,0.9695950480857485,0.0,0.023449721137260016,0.02351756430850368,0.03845134895687128
2900.0,1.0,10.0,4294967295.0,4294967295.0,1.0,0.008490894094249442,0.011652062258002853,2141.0,0.0,-1.0,-1.0,0.9996862798937005,0.9695950480857485,0.0,0.023449721137260016,0.023496556904720328,0.038416764324291496
2901.0,1.0,3.0,4294967295.0,4294967295.0,1.0,0.008490894094249442,0.01165206225800285,2142.0,1.0,-1.0,-1.0,0.9996862798937005,0.9695950480857485,0.0,0.023449721137260016,0.02347554950093697,0.038382170807090575
2902.0,1.0,10.0,4294967295.0,4294967295.0,1.0,0.008490894094249442,0.011652062258002846,2143.0,0.0,-1.0,-1.0,0.9996862798937005,0.9695950480857485,0.0,0.023449721137260016,0.023454542097153613,0.03834756839934346
2903.0,1.0,3.0,4294967295.0,4294967295.0,1.0,0.008490894094249444,0.011652062258002843,2144.0,0.0,-1.0,-1.0,0.9996862798937005,0.9695950480857485,0.0,0.023449721137260016,0.02343353469337026,0.038312957095121156
2904.0,1.0,7.0,4294967295.0,4294967295.0,1.0,0.008490894094249444,0.011652062258002836,2145.0,1.0,-1.0,-1.0,0.9996862798937005,0.9695950480857485,0.0,0.023449721137260016,0.023412527289586905,0.03827833688849069
2905.0,1.0,4.0,4294967295.0,4294967295.0,1.0,0.008490894094249446,0.011652062258002832,2146.0,0.0,-1.0,-1.0,0.9996862798937005,0.9695950480857485,0.0,0.023449721137260016,0.023391519885803548,0.03824370777351515
2906.0,1.0,11.0,4294967295.0,4294967295.0,1.0,0.008490894094249447,0.011652062258002832,2147.0,0.0,-1.0,-1.0,0.9996862798937005,0.9695950480857485,0.0,0.023449721137260016,0.023370512482020194,0.03820906974425366
2907.0,1.0,6.0,4294967295.0,4294967295.0,1.0,0.008490894094249447,0.011652062258002832,2148.0,0.0,-1.0,-1.0,0.9996862798937005,0.9695950480857485,0.0,0.023449721137260016,0.02334950507823684,0.038174422794761374
2908.0,1.0,7.0,4294967295.0,4294967295.0,1.0,0.008490894094249449,0.011652062258002829,2149.0,0.0,-1.0,-1.0,0.9996862798937005,0.9695950480857485,0.0,0.023449721137260016,0.023328497674453483,0.0381397669190895
2909.0,1.0,5.0,4294967295.0,4294967295.0,1.0,0.00849089409424945,0.011652062258002829,2150.0,0.0,-1.0,-1.0,0.9996862798937005,0.9695950480857485,0.0,0.023449721137260016,0.02330749027067013,0.03810510211128526
2910.0,1.0,10.0,4294967295.0,4294967295.0,1.0,0.00849089409424945,0.011652062258002829,2151.0,0.0,-1.0,-1.0,0.9996862798937005,0.9695950480857485,0.0,0.023449721137260016,0.023286482866886775,0.03807042836539192
2911.0,1.0,6.0,4294967295.0,4294967295.0,1.0,0.008490894094249453,0.011652062258002825,2152.0,0.0,-1.0,-1.0,0.9996862798937005,0.9695950480857485,0.0,0.023449721137260016,0.023265475463103417,0.03803574567544876
2912.0,1.0,9.0,4294967295.0,4294967295.0,1.0,0.008490894094249453,0.011652062258002825,2153.0,0.0,-1.0,-1.0,0.9996862798937005,0.9695950480857485,0.0,0.023449721137260016,0.023244468059320064,0.0380010540354911
2913.0,1.0,2.0,4294967295.0,4294967295.0,1.0,0.008490894094249454,0.011652062258002825,2154.0,0.0,-1.0,-1.0,0.9996862798937005,0.9695950480857485,0.0,0.023449721137260016,0.02322346065553671,0.037966353439550266
2914.0,1.0,5.0,4294967295.0,4294967295.0,1.0,0.008490894094249456,0.011652062258002825,2155.0,1.0,-1.0,-1.0,0.9996862798937005,0.9695950480857485,0.0,0.023449721137260016,0.023202453251753352,0.03793164388165361
2915.0,1.0,7.0,4294967295.0,4294967295.0,1.0,0.008490894094249456,0.011652062258002822,2156.0,0.0,-1.0,-1.0,0.9996862798937005,0.9695950480857485,0.0,0.023449721137260016,0.023181445847969998,0.037896925355824514
2916.0,1.0,8.0,4294967295.0,4294967295.0,1.0,0.008490894094249458,0.011652062258002818,2157.0,0.0,-1.0,-1.0,0.9996862798937005,0.9695950480857485,0.0,0.023449721137260016,0.023160438444186644,0.03786219785608235
2917.0,1.0,6.0,4294967295.0,4294967295.0,1.0,0.00849089409424946,0.011652062258002818,2158.0,1.0,-1.0,-1.0,0.9996862798937005,0.9695950480857485,0.0,0.023449721137260016,0.023139431040403287,0.03782746137644253
2918.0,1.0,9.0,4294967295.0,4294967295.0,1.0,0.00849089409424946,0.011652062258002815,2159.0,0.0,-1.0,-1.0,0.9996862798937005,0.9695950480857485,0.0,0.023449721137260016,0.02311842363661993,0.037792715910916444
2919.0,1.0,10.0,4294967295.0,4294967295.0,1.0,0.00849089409424946,0.011652062258002811,2160.0,0.0,-1.0,-1.0,0.9996862798937005,0.9695950480857485,0.0,0.023449721137260016,0.023097416232836575,0.03775796145351151
2920.0,1.0,4.0,4294967295.0,4294967295.0,1.0,0.008490894094249463,0.011652062258002811,2161.0,0.0,-1.0,-1.0,0.9996862798937005,0.9695950480857485,0.0,0.023449721137260016,0.02307640882905322,0.03772319799823115
2921.0,1.0,6.0,4294967295.0,4294967295.0,1.0,0.008490894094249463,0.011652062258002811,2162.0,1.0,-1.0,-1.0,0.9996862798937005,0.9695950480857485,0.0,0.023449721137260016,0.023055401425269864,0.037688425539074775
2922.0,1.0,7.0,4294967295.0,4294967295.0,1.0,0.008490894094249463,0.011652062258002808,2163.0,0.0,-1.0,-1.0,0.9996862798937005,0.9695950480857485,0.0,0.023449721137260016,0.02303439402148651,0.0376536440700378
2923.0,1.0,6.0,4294967295.0,4294967295.0,1.0,0.008490894094249466,0.011652062258002808,2164.0,1.0,-1.0,-1.0,0.9996862798937005,0.9695950480857485,0.0,0.023449721137260016,0.023013386617703156,0.03761885358511163
2924.0,1.0,5.0,4294967295.0,4294967295.0,1.0,0.008490894094249466,0.011652062258002808,2165.0,1.0,-1.0,-1.0,0.9996862798937005,0.9695950480857485,0.0,0.023449721137260016,0.0229923792139198,0.037584054078283684
2925.0,1.0,3.0,4294967295.0,4294967295.0,1.0,0.008490894094249466,0.011652062258002804,2166.0,0.0,-1.0,-1.0,0.9996862798937005,0.9695950480857485,0.0,0.023449721137260016,0.022971371810136445,0.03754924554353734
2926.0,1.0,6.0,4294967295.0,4294967295.0,1.0,0.008490894094249468,0.011652062258002801,2167.0,2.0,-1.0,-1.0,0.9996862798937005,0.9695950480857485,0.0,0.023449721137260016,0.02295036440635309,0.03751442797485198
2927.0,1.0,13.0,4294967295.0,4294967295.0,1.0,0.008490894094249468,0.011652062258002797,2168.0,1.0,-1.0,-1.0,0.9996862798937005,0.9695950480857485,0.0,0.023449721137260016,0.022929357002569734,0.03747960136620297
2928.0,1.0,11.0,4294967295.0,4294967295.0,1.0,0.008490894094249468,0.011652062258002794,2169.0,0.0,-1.0,-1.0,0.9996862798937005,0.9695950480857485,0.0,0.023449721137260016,0.02290834959878638,0.03744476571156167
2929.0,1.0,2.0,4294967295.0,4294967295.0,1.0,0.008490894094249468,0.01165206225800279,2170.0,1.0,-1.0,-1.0,0.9996862798937005,0.9695950480857485,0.0,0.023449721137260016,0.022887342195003026,0.037409921004895395
2930.0,1.0,4.0,4294967295.0,4294967295.0,1.0,0.00849089409424947,0.011652062258002794,2171.0,2.0,-1.0,-1.0,0.9996862798937005,0.9695950480857485,0.0,0.023449721137260016,0.022866334791219668,0.03737506724016745
2931.0,1.0,8.0,4294967295.0,4294967295.0,1.0,0.00849089409424947,0.01165206225800279,2172.0,0.0,-1.0,-1.0,0.9996862798937005,0.9695950480857485,0.0,0.023449721137260016,0.022845327387436314,0.037340204411337126
2932.0,1.0,6.0,4294967295.0,4294967295.0,1.0,0.00849089409424947,0.011652062258002787,2173.0,1.0,-1.0,-1.0,0.9996862798937005,0.9695950480857485,0.0,0.023449721137260016,0.02282431998365296,0.037305332512359665
2933.0,1.0,7.0,4294967295.0,4294967295.0,1.0,0.008490894094249472,0.011652062258002784,2174.0,0.0,-1.0,-1.0,0.9996862798937005,0.9695950480857485,0.0,0.023449721137260016,0.022803312579869603,0.03727045153718629
2934.0,1.0,4.0,4294967295.0,4294967295.0,1.0,0.008490894094249472,0.011652062258002784,2175.0,0.0,-1.0,-1.0,0.9996862798937005,0.9695950480857485,0.0,0.023449721137260016,0.02278230517608625,0.03723556147976417
2935.0,1.0,6.0,4294967295.0,4294967295.0,1.0,0.008490894094249472,0.01165206225800278,2176.0,2.0,-1.0,-1.0,0.9996862798937005,0.9695950480857485,0.0,0.023449721137260016,0.022761297772302895,0.03720066233403648
2936.0,1.0,6.0,4294967295.0,4294967295.0,1.0,0.008490894094249472,0.011652062258002777,2177.0,0.0,-1.0,-1.0,0.9996862798937005,0.9695950480857485,0.0,0.023449721137260016,0.022740290368519538,0.037165754093942314
2937.0,1.0,11.0,4294967295.0,4294967295.0,1.0,0.008490894094249473,0.011652062258002777,2178.0,0.0,-1.0,-1.0,0.9996862798937005,0.9695950480857485,0.0,0.023449721137260016,0.02271928296473618,0.03713083675341674
2938.0,1.0,3.0,4294967295.0,4294967295.0,1.0,0.008490894094249473,0.011652062258002777,2179.0,1.0,-1.0,-1.0,0.9996862798937005,0.9695950480857485,0.0,0.023449721137260016,0.022698275560952826,0.037095910306390784
2939.0,1.0,8.0,4294967295.0,4294967295.0,1.0,0.008490894094249475,0.01165206225800278,2180.0,0.0,-1.0,-1.0,0.9996862798937005,0.9695950480857485,0.0,0.023449721137260016,0.022677268157169472,0.03706097474679142
2940.0,1.0,0.0,4294967295.0,4294967295.0,1.0,0.008490894094249477,0.011652062258002777,2181.0,2.0,-1.0,-1.0,0.867541277643506,0.06874293104515919,0.0,0.023449721137260016,0.02207983245415904,0.03402513330333801
2941.0,1.0,5.0,4294967295.0,4294967295.0,1.0,0.008490894094249477,0.011652062258002777,2182.0,1.0,-1.0,-1.0,0.9996811680298321,0.9730334464906178,0.0,0.023449721137260016,0.022637446172629878,0.03699096031854196
2942.0,1.0,4.0,4294967295.0,4294967295.0,1.0,0.008490894094249477,0.011652062258002777,2183.0,0.0,-1.0,-1.0,0.999686279757283,0.9696008543925715,0.0,0.023449721137260016,0.02261424966372927,0.0369561133286714
2943.0,1.0,4.0,4294967295.0,4294967295.0,1.0,0.008490894094249477,0.01165206225800278,2184.0,1.0,-1.0,-1.0,0.999686279893697,0.9695950435186619,0.0,0.023449721137260016,0.022593238539118158,0.03692114126105753
2944.0,1.0,7.0,4294967295.0,4294967295.0,1.0,0.008490894094249475,0.01165206225800278,2185.0,1.0,-1.0,-1.0,0.9996862798937004,0.9695950480830628,0.0,0.023449721137260016,0.022572231138250968,0.036886160047354
2945.0,1.0,7.0,4294967295.0,4294967295.0,1.0,0.008490894094249475,0.011652062258002777,2186.0,1.0,-1.0,-1.0,0.9996862798937005,0.969595048085753,0.0,0.023449721137260016,0.02255122373446934,0.036851169684553695
2946.0,1.0,9.0,4294967295.0,4294967295.0,1.0,0.008490894094249477,0.011652062258002773,2187.0,0.0,-1.0,-1.0,0.9996862798937005,0.9695950480857485,0.0,0.023449721137260016,0.02253021633068598,0.03681617016655526
2947.0,1.0,6.0,4294967295.0,4294967295.0,1.0,0.008490894094249479,0.01165206225800277,2188.0,1.0,-1.0,-1.0,0.9996862798937005,0.9695950480857485,0.0,0.023449721137260016,0.022509208926902627,0.03678116148725319
2948.0,1.0,4.0,4294967295.0,4294967295.0,1.0,0.00849089409424948,0.01165206225800277,2189.0,3.0,-1.0,-1.0,0.9996862798937005,0.9695950480857485,0.0,0.023449721137260016,0.02248820152311927,0.03674614364053792
2949.0,1.0,14.0,4294967295.0,4294967295.0,1.0,0.00849089409424948,0.01165206225800277,2190.0,0.0,-1.0,-1.0,0.9996862798937005,0.9695950480857485,0.0,0.023449721137260016,0.022467194119335916,0.0367111166202958
2950.0,1.0,6.0,4294967295.0,4294967295.0,1.0,0.008490894094249482,0.01165206225800277,2191.0,0.0,-1.0,-1.0,0.9996862798937005,0.9695950480857485,0.0,0.023449721137260016,0.02244618671555256,0.0366760804204091
2951.0,1.0,0.0,4294967295.0,4294967295.0,1.0,0.008490894094249484,0.011652062258002766,2192.0,0.0,-1.0,-1.0,0.867541277643506,0.06874293104515919,0.0,0.023449721137260016,0.021848751012542134,0.03368010059306191
2952.0,1.0,0.0,4294967295.0,4294967295.0,5.0,0.008490894094249484,0.011652062258002763,2193.0,0.0,-1.0,-1.0,0.014204893595178028,0.008388570143134403,0.0,0.023449721137260016,0.014551788516661297,0.023584400523553935
2957.0,5.0,0.0,4294967295.0,4294967295.0,5.0,0.008456185694494805,0.011645243312735257,2194.0,0.0,-1.0,-1.0,8.31596557261291e-05,0.008247716341804082,22.0,0.023449721137260016,0.014188095785027569,0.02346479088599273
2962.0,5.0,0.0,4294967295.0,4294967295.0,5.0,0.008421563292326247,0.011644596640743798,2195.0,0.0,-1.0,-1.0,8.315965572541127e-05,0.008247716341804075,22.0,0.023449721137260016,0.014150753778746182,0.02334628412926045
2967.0,5.0,0.0,4294967295.0,4294967295.0,5.0,0.00838694089015769,0.011643949968752417,2196.0,0.0,-1.0,-1.0,8.315965572541127e-05,0.008247716341804077,22.0,0.023449721137260016,0.014113643368162907,0.023227777380437804
2972.0,5.0,0.0,4294967295.0,4294967295.0,5.0,0.00835231848798913,0.011643303296761113,2197.0,0.0,-1.0,-1.0,8.315965572541127e-05,0.008247716341804077,22.0,0.023449721137260016,0.014076765326551458,0.023109270640456966
2977.0,5.0,0.0,4294967295.0,4294967295.0,5.0,0.00831769608582057,0.011642656624769888,2198.0,0.0,-1.0,-1.0,8.315965572541127e-05,0.008247716341804077,23.0,0.023449721137260016,0.01404012042976745,0.02299076391035995
2982.0,5.0,0.0,4294967295.0,4294967295.0,5.0,0.008283073683652012,0.011642009952778741,2199.0,0.0,-1.0,-1.0,8.315965572541127e-05,0.008247716341804077,23.0,0.023449721137260016,0.014003709456256999,0.022873342231906485
2987.0,5.0,0.0,4294967295.0,4294967295.0,5.0,0.008248451281483453,0.011641363280787673,2200.0,0.0,-1.0,-1.0,8.315965572541127e-05,0.008247716341804077,23.0,0.023449721137260016,0.013967533187065366,0.022755944441732158
2992.0,5.0,0.0,4294967295.0,4294967295.0,5.0,0.008213828879314896,0.011640716608796686,2201.0,0.0,-1.0,-1.0,8.315965572541127e-05,0.008247716341804077,23.0,0.023449721137260016,0.013931592405845645,0.02263854669726561
2997.0,5.0,24.0,4294967295.0,4294967295.0,1.0,0.008179206477146336,0.011640069936805778,2202.0,0.0,-1.0,-1.0,0.9195271168608681,0.9200949295447014,23.0,0.023449721137260016,0.021115473373813295,0.03331248744538101
2998.0,1.0,5.0,4294967295.0,4294967295.0,1.0,0.008179206477146336,0.011640069936805778,2203.0,0.0,-1.0,-1.0,0.9996838039462109,0.9696181658632155,0.0,0.023449721137260016,0.021126158469269806,0.03496973786900402
2999.0,1.0,0.0,4294967295.0,4294967295.0,1.0,0.008179206477146336,0.011640069936805778,2204.0,0.0,-1.0,-1.0,0.8666898130981473,0.06878497054429782,0.0,0.023449721137260016,0.02052873491365762,0.03213328119300511
3000.0,1.0,0.0,4294967295.0,4294967295.0,5.0,0.00817920647714634,0.011640069936805785,2205.0,0.0,-1.0,-1.0,0.014102394627179434,0.008388674360806429,0.0,0.023449721137260016,0.0141696726051413,0.022458585918270404
3005.0,5.0,0.0,4294967295.0,4294967295.0,5.0,0.00814449801376208,0.01163326742806603,2206.0,0.0,-1.0,-1.0,8.31596557261238e-05,0.008247716341804082,23.0,0.023449721137260016,0.013829475765217397,0.022339873065883028
3010.0,5.0,0.0,4294967295.0,4294967295.0,5.0,0.008109875611593521,0.011632620756075332,2207.0,0.0,-1.0,-1.0,8.315965572541127e-05,0.008247716341804075,23.0,0.023449721137260016,0.013794389269873178,0.02222247552996668
3015.0,5.0,0.0,4294967295.0,4294967295.0,5.0,0.008075253209424964,0.011631974084084716,2208.0,0.0,-1.0,-1.0,8.315965572541127e-05,0.008247716341804077,23.0,0.023449721137260016,0.01375954190114141,0.022105078066732918
3020.0,5.0,10.0,4294967295.0,4294967295.0,1.0,0.008040630807256406,0.011631327412094182,2209.0,1.0,-1.0,-1.0,0.9195271168608681,0.9200949295447014,23.0,0.023449721137260016,0.020493727416906173,0.032535210991420385
3021.0,1.0,6.0,4294967295.0,4294967295.0,1.0,0.008040630807256406,0.011631327412094185,2210.0,2.0,-1.0,-1.0,0.9996838039462109,0.9696181658632155,0.0,0.023449721137260016,0.020504412512362687,0.034139382713718545
3022.0,1.0,7.0,4294967295.0,4294967295.0,1.0,0.008040630807256406,0.011631327412094185,2211.0,0.0,-1.0,-1.0,0.9996862798292867,0.9695950784340946,0.0,0.023449721137260016,0.020483390375594566,0.03410371981593231
3023.0,1.0,5.0,4294967295.0,4294967295.0,1.0,0.008040630807256406,0.011631327412094185,2212.0,0.0,-1.0,-1.0,0.999686279893699,0.9695950480580318,0.0,0.023449721137260016,0.02046238295235677,0.0340679967005046
3024.0,1.0,6.0,4294967295.0,4294967295.0,1.0,0.008040630807256404,0.011631327412094185,2213.0,1.0,-1.0,-1.0,0.9996862798937005,0.9695950480857358,0.0,0.023449721137260016,0.020441375548591118,0.034032263939899235
3025.0,1.0,6.0,4294967295.0,4294967295.0,1.0,0.008040630807256406,0.011631327412094182,2214.0,3.0,-1.0,-1.0,0.9996862798937005,0.9695950480857485,0.0,0.023449721137260016,0.02042036814480777,0.03399652152899882
3026.0,1.0,12.0,4294967295.0,4294967295.0,1.0,0.008040630807256408,0.011631327412094182,2215.0,2.0,-1.0,-1.0,0.9996862798937005,0.9695950480857485,0.0,0.023449721137260016,0.020399360741024417,0.03396076946136771
3027.0,1.0,8.0,4294967295.0,4294967295.0,1.0,0.00804063080725641,0.011631327412094179,2216.0,1.0,-1.0,-1.0,0.9996862798937005,0.9695950480857485,0.0,0.023449721137260016,0.020378353337241063,0.03392500773056594
3028.0,1.0,4.0,4294967295.0,4294967295.0,1.0,0.00804063080725641,0.011631327412094175,2217.0,1.0,-1.0,-1.0,0.9996862798937005,0.9695950480857485,0.0,0.023449721137260016,0.020357345933457706,0.03388923633014926
3029.0,1.0,6.0,4294967295.0,4294967295.0,1.0,0.00804063080725641,0.011631327412094168,2218.0,1.0,-1.0,-1.0,0.9996862798937005,0.9695950480857485,0.0,0.023449721137260016,0.02033633852967435,0.033853455253669104
3030.0,1.0,8.0,4294967295.0,4294967295.0,1.0,0.008040630807256411,0.011631327412094168,2219.0,0.0,-1.0,-1.0,0.9996862798937005,0.9695950480857485,0.0,0.023449721137260016,0.020315331125890995,0.033817664494672606
3031.0,1.0,8.0,4294967295.0,4294967295.0,1.0,0.008040630807256411,0.011631327412094168,2220.0,2.0,-1.0,-1.0,0.9996862798937005,0.9695950480857485,0.0,0.023449721137260016,0.02029432372210764,0.033781864046702616
3032.0,1.0,8.0,4294967295.0,4294967295.0,1.0,0.008040630807256411,0.011631327412094165,2221.0,0.0,-1.0,-1.0,0.9996862798937005,0.9695950480857485,0.0,0.023449721137260016,0.020273316318324283,0.03374605390329766
3033.0,1.0,4.0,4294967295.0,4294967295.0,1.0,0.008040630807256413,0.011631327412094165,2222.0,0.0,-1.0,-1.0,0.9996862798937005,0.9695950480857485,0.0,0.023449721137260016,0.020252308914540926,0.03371023405799195
3034.0,1.0,7.0,4294967295.0,4294967295.0,1.0,0.008040630807256413,0.011631327412094165,2223.0,0.0,-1.0,-1.0,0.9996862798937005,0.9695950480857485,0.0,0.023449721137260016,0.020231301510757572,0.0336744045043154
3035.0,1.0,4.0,4294967295.0,4294967295.0,1.0,0.008040630807256413,0.011631327412094158,2224.0,1.0,-1.0,-1.0,0.9996862798937005,0.9695950480857485,0.0,0.023449721137260016,0.020210294106974214,0.033638565235793616
3036.0,1.0,6.0,4294967295.0,4294967295.0,1.0,0.008040630807256413,0.011631327412094158,2225.0,0.0,-1.0,-1.0,0.9996862798937005,0.9695950480857485,0.0,0.023449721137260016,0.02018928670319086,0.033602716245947864
3037.0,1.0,3.0,4294967295.0,4294967295.0,1.0,0.008040630807256414,0.011631327412094154,2226.0,1.0,-1.0,-1.0,0.9996862798937005,0.9695950480857485,0.0,0.023449721137260016,0.020168279299407503,0.03356685752829511
3038.0,1.0,4.0,4294967295.0,4294967295.0,1.0,0.008040630807256416,0.01163132741209415,2227.0,0.0,-1.0,-1.0,0.9996862798937005,0.9695950480857485,0.0,0.023449721137260016,0.02014727189562415,0.033530989076347974
3039.0,1.0,4.0,4294967295.0,4294967295.0,1.0,0.008040630807256416,0.01163132741209415,2228.0,3.0,-1.0,-1.0,0.9996862798937005,0.9695950480857485,0.0,0.023449721137260016,0.020126264491840795,0.03349511088361477
3040.0,1.0,5.0,4294967295.0,4294967295.0,1.0,0.008040630807256416,0.01163132741209415,2229.0,0.0,-1.0,-1.0,0.9996862798937005,0.9695950480857485,0.0,0.023449721137260016,0.020105257088057438,0.03345922294359947
3041.0,1.0,6.0,4294967295.0,4294967295.0,1.0,0.00804063080725642,0.01163132741209415,2230.0,1.0,-1.0,-1.0,0.9996862798937005,0.9695950480857485,0.0,0.023449721137260016,0.020084249684274084,0.033423325249801725
3042.0,1.0,6.0,4294967295.0,4294967295.0,1.0,0.00804063080725642,0.011631327412094147,2231.0,1.0,-1.0,-1.0,0.9996862798937005,0.9695950480857485,0.0,0.023449721137260016,0.02006324228049073,0.03338741779571684
3043.0,1.0,8.0,4294967295.0,4294967295.0,1.0,0.00804063080725642,0.011631327412094147,2232.0,0.0,-1.0,-1.0,0.9996862798937005,0.9695950480857485,0.0,0.023449721137260016,0.020042234876707372,0.0333515005748358
3044.0,1.0,5.0,4294967295.0,4294967295.0,1.0,0.008040630807256423,0.01163132741209415,2233.0,0.0,-1.0,-1.0,0.9996862798937005,0.9695950480857485,0.0,0.023449721137260016,0.02002122747292402,0.033315573580645234
3045.0,1.0,3.0,4294967295.0,4294967295.0,1.0,0.008040630807256423,0.011631327412094147,2234.0,0.0,-1.0,-1.0,0.9996862798937005,0.9695950480857485,0.0,0.023449721137260016,0.020000220069140665,0.03327963680662742
3046.0,1.0,5.0,4294967295.0,4294967295.0,1.0,0.008040630807256423,0.01163132741209414,2235.0,0.0,-1.0,-1.0,0.9996862798937005,0.9695950480857485,0.0,0.023449721137260016,0.019979212665357307,0.03324369024626031
3047.0,1.0,5.0,4294967295.0,4294967295.0,1.0,0.008040630807256425,0.01163132741209414,2236.0,2.0,-1.0,-1.0,0.9996862798937005,0.9695950480857485,0.0,0.023449721137260016,0.019958205261573953,0.03320773389301748
3048.0,1.0,8.0,4294967295.0,4294967295.0,1.0,0.008040630807256425,0.01163132741209414,2237.0,0.0,-1.0,-1.0,0.9996862798937005,0.9695950480857485,0.0,0.023449721137260016,0.0199371978577906,0.03317176774036818
3049.0,1.0,6.0,4294967295.0,4294967295.0,1.0,0.008040630807256425,0.01163132741209414,2238.0,3.0,-1.0,-1.0,0.9996862798937005,0.9695950480857485,0.0,0.023449721137260016,0.019916190454007242,0.03313579178177729
3050.0,1.0,8.0,4294967295.0,4294967295.0,1.0,0.008040630807256427,0.011631327412094137,2239.0,0.0,-1.0,-1.0,0.9996862798937005,0.9695950480857485,0.0,0.023449721137260016,0.019895183050223888,0.03309980601070535
3051.0,1.0,3.0,4294967295.0,4294967295.0,1.0,0.008040630807256427,0.011631327412094133,2240.0,1.0,-1.0,-1.0,0.9996862798937005,0.9695950480857485,0.0,0.023449721137260016,0.01987417564644053,0.03306381042060851
3052.0,1.0,6.0,4294967295.0,4294967295.0,1.0,0.008040630807256427,0.011631327412094133,2241.0,1.0,-1.0,-1.0,0.9996862798937005,0.9695950480857485,0.0,0.023449721137260016,0.019853168242657177,0.033027805004938585
3053.0,1.0,7.0,4294967295.0,4294967295.0,1.0,0.008040630807256428,0.01163132741209413,2242.0,0.0,-1.0,-1.0,0.9996862798937005,0.9695950480857485,0.0,0.023449721137260016,0.01983216083887382,0.03299178975714299
3054.0,1.0,6.0,4294967295.0,4294967295.0,1.0,0.008040630807256428,0.01163132741209413,2243.0,0.0,-1.0,-1.0,0.9996862798937005,0.9695950480857485,0.0,0.023449721137260016,0.01981115343509046,0.0329557646706648
3055.0,1.0,5.0,4294967295.0,4294967295.0,1.0,0.008040630807256428,0.011631327412094133,2244.0,1.0,-1.0,-1.0,0.9996862798937005,0.9695950480857485,0.0,0.023449721137260016,0.019790146031307108,0.0329197297389427
3056.0,1.0,5.0,4294967295.0,4294967295.0,1.0,0.008040630807256428,0.01163132741209413,2245.0,0.0,-1.0,-1.0,0.9996862798937005,0.9695950480857485,0.0,0.023449721137260016,0.019769138627523754,0.03288368495541102
3057.0,1.0,11.0,4294967295.0,4294967295.0,1.0,0.00804063080725643,0.011631327412094127,2246.0,0.0,-1.0,-1.0,0.9996862798937005,0.9695950480857485,0.0,0.023449721137260016,0.019748131223740396,0.03284763031349968
3058.0,1.0,5.0,4294967295.0,4294967295.0,1.0,0.00804063080725643,0.011631327412094127,2247.0,1.0,-1.0,-1.0,0.9996862798937005,0.9695950480857485,0.0,0.023449721137260016,0.01972712381995704,0.032811565806634246
3059.0,1.0,6.0,4294967295.0,4294967295.0,1.0,0.00804063080725643,0.01163132741209412,2248.0,2.0,-1.0,-1.0,0.9996862798937005,0.9695950480857485,0.0,0.023449721137260016,0.019706116416173685,0.03277549142823588
3060.0,1.0,9.0,4294967295.0,4294967295.0,1.0,0.008040630807256432,0.01163132741209412,2249.0,2.0,-1.0,-1.0,0.9996862798937005,0.9695950480857485,0.0,0.023449721137260016,0.01968510901239033,0.032739407171721385
3061.0,1.0,6.0,4294967295.0,4294967295.0,1.0,0.008040630807256432,0.011631327412094116,2250.0,1.0,-1.0,-1.0,0.9996862798937005,0.9695950480857485,0.0,0.023449721137260016,0.019664101608606974,0.03270331303050314
3062.0,1.0,8.0,4294967295.0,4294967295.0,1.0,0.008040630807256432,0.011631327412094113,2251.0,1.0,-1.0,-1.0,0.9996862798937005,0.9695950480857485,0.0,0.023449721137260016,0.019643094204823616,0.032667208997989146
3063.0,1.0,7.0,4294967295.0,4294967295.0,1.0,0.008040630807256432,0.011631327412094113,2252.0,0.0,-1.0,-1.0,0.9996862798937005,0.9695950480857485,0.0,0.023449721137260016,0.019622086801040262,0.03263109506758301
3064.0,1.0,3.0,4294967295.0,4294967295.0,1.0,0.008040630807256434,0.011631327412094113,2253.0,0.0,-1.0,-1.0,0.9996862798937005,0.9695950480857485,0.0,0.023449721137260016,0.01960107939725691,0.032594971232683935
3065.0,1.0,5.0,4294967295.0,4294967295.0,1.0,0.008040630807256434,0.01163132741209411,2254.0,0.0,-1.0,-1.0,0.9996862798937005,0.9695950480857485,0.0,0.023449721137260016,0.01958007199347355,0.032558837486686726
3066.0,1.0,3.0,4294967295.0,4294967295.0,1.0,0.008040630807256435,0.011631327412094102,2255.0,0.0,-1.0,-1.0,0.9996862798937005,0.9695950480857485,0.0,0.023449721137260016,0.019559064589690197,0.03252269382298177
3067.0,1.0,7.0,4294967295.0,4294967295.0,1.0,0.008040630807256437,0.011631327412094102,2256.0,0.0,-1.0,-1.0,0.9996862798937005,0.9695950480857485,0.0,0.023449721137260016,0.019538057185906843,0.03248654023495508
3068.0,1.0,3.0,4294967295.0,4294967295.0,1.0,0.008040630807256437,0.011631327412094102,2257.0,1.0,-1.0,-1.0,0.9996862798937005,0.9695950480857485,0.0,0.023449721137260016,0.019517049782123486,0.032450376715988216
3069.0,1.0,9.0,4294967295.0,4294967295.0,1.0,0.008040630807256439,0.011631327412094099,2258.0,1.0,-1.0,-1.0,0.9996862798937005,0.9695950480857485,0.0,0.023449721137260016,0.01949604237834013,0.03241420325945836
3070.0,1.0,6.0,4294967295.0,4294967295.0,1.0,0.00804063080725644,0.011631327412094099,2259.0,0.0,-1.0,-1.0,0.9996862798937005,0.9695950480857485,0.0,0.023449721137260016,0.019475034974556778,0.03237801985873824
3071.0,1.0,5.0,4294967295.0,4294967295.0,1.0,0.00804063080725644,0.011631327412094092,2260.0,1.0,-1.0,-1.0,0.9996862798937005,0.9695950480857485,0.0,0.023449721137260016,0.01945402757077342,0.03234182650719622
3072.0,1.0,6.0,4294967295.0,4294967295.0,1.0,0.008040630807256442,0.011631327412094095,2261.0,1.0,-1.0,-1.0,0.9996862798937005,0.9695950480857485,0.0,0.023449721137260016,0.019433020166990066,0.03230562319819617
3073.0,1.0,3.0,4294967295.0,4294967295.0,1.0,0.008040630807256444,0.011631327412094088,2262.0,1.0,-1.0,-1.0,0.9996862798937005,0.9695950480857485,0.0,0.023449721137260016,0.019412012763206712,0.032269409925097595
3074.0,1.0,6.0,4294967295.0,4294967295.0,1.0,0.008040630807256444,0.011631327412094088,2263.0,0.0,-1.0,-1.0,0.9996862798937005,0.9695950480857485,0.0,0.023449721137260016,0.019391005359423355,0.032233186681255535
3075.0,1.0,7.0,4294967295.0,4294967295.0,1.0,0.008040630807256446,0.011631327412094085,2264.0,1.0,-1.0,-1.0,0.9996862798937005,0.9695950480857485,0.0,0.023449721137260016,0.01936999795564,0.03219695346002062
3076.0,1.0,7.0,4294967295.0,4294967295.0,1.0,0.008040630807256447,0.011631327412094081,2265.0,1.0,-1.0,-1.0,0.9996862798937005,0.9695950480857485,0.0,0.023449721137260016,0.019348990551856644,0.032160710254739024
3077.0,1.0,5.0,4294967295.0,4294967295.0,1.0,0.008040630807256447,0.011631327412094081,2266.0,3.0,-1.0,-1.0,0.9996862798937005,0.9695950480857485,0.0,0.023449721137260016,0.01932798314807329,0.03212445705875251
3078.0,1.0,7.0,4294967295.0,4294967295.0,1.0,0.008040630807256447,0.011631327412094081,2267.0,0.0,-1.0,-1.0,0.9996862798937005,0.9695950480857485,0.0,0.023449721137260016,0.019306975744289932,0.032088193865398386
3079.0,1.0,4.0,4294967295.0,4294967295.0,1.0,0.008040630807256447,0.011631327412094081,2268.0,0.0,-1.0,-1.0,0.9996862798937005,0.9695950480857485,0.0,0.023449721137260016,0.019285968340506575,0.03205192066800952
3080.0,1.0,5.0,4294967295.0,4294967295.0,1.0,0.00804063080725645,0.011631327412094081,2269.0,1.0,-1.0,-1.0,0.9996862798937005,0.9695950480857485,0.0,0.023449721137260016,0.01926496093672322,0.03201563745991432
3081.0,1.0,9.0,4294967295.0,4294967295.0,1.0,0.00804063080725645,0.011631327412094078,2270.0,0.0,-1.0,-1.0,0.9996862798937005,0.9695950480857485,0.0,0.023449721137260016,0.019243953532939867,0.03197934423443677
3082.0,1.0,4.0,4294967295.0,4294967295.0,1.0,0.00804063080725645,0.011631327412094071,2271.0,1.0,-1.0,-1.0,0.9996862798937005,0.9695950480857485,0.0,0.023449721137260016,0.01922294612915651,0.03194304098489638
3083.0,1.0,9.0,4294967295.0,4294967295.0,1.0,0.008040630807256451,0.011631327412094068,2272.0,1.0,-1.0,-1.0,0.9996862798937005,0.9695950480857485,0.0,0.023449721137260016,0.019201938725373152,0.031906727704608215
3084.0,1.0,4.0,4294967295.0,4294967295.0,1.0,0.008040630807256451,0.011631327412094064,2273.0,0.0,-1.0,-1.0,0.9996862798937005,0.9695950480857485,0.0,0.023449721137260016,0.019180931321589798,0.03187040438688288
3085.0,1.0,1.0,4294967295.0,4294967295.0,1.0,0.008040630807256451,0.011631327412094064,2274.0,1.0,-1.0,-1.0,0.9996862798937005,0.9695950480857485,0.0,0.023449721137260016,0.01915992391780644,0.031834071025026514
3086.0,1.0,3.0,4294967295.0,4294967295.0,1.0,0.008040630807256451,0.011631327412094064,2275.0,2.0,-1.0,-1.0,0.9996862798937005,0.9695950480857485,0.0,0.023449721137260016,0.019138916514023087,0.031797727612340815
3087.0,1.0,5.0,4294967295.0,4294967295.0,1.0,0.008040630807256453,0.011631327412094057,2276.0,0.0,-1.0,-1.0,0.9996862798937005,0.9695950480857485,0.0,0.023449721137260016,0.01911790911023973,0.03176137414212299
3088.0,1.0,1.0,4294967295.0,4294967295.0,1.0,0.008040630807256453,0.01163132741209405,2277.0,0.0,-1.0,-1.0,0.9996862798937005,0.9695950480857485,0.0,0.023449721137260016,0.019096901706456372,0.03172501060766576
3089.0,1.0,2.0,4294967295.0,4294967295.0,1.0,0.008040630807256453,0.011631327412094047,2278.0,1.0,-1.0,-1.0,0.9996862798937005,0.9695950480857485,0.0,0.023449721137260016,0.01907589430267302,0.03168863700225742
3090.0,1.0,12.0,4294967295.0,4294967295.0,1.0,0.008040630807256454,0.011631327412094047,2279.0,0.0,-1.0,-1.0,0.9996862798937005,0.9695950480857485,0.0,0.023449721137260016,0.019054886898889664,0.031652253319181756
3091.0,1.0,8.0,4294967295.0,4294967295.0,1.0,0.008040630807256454,0.01163132741209404,2280.0,1.0,-1.0,-1.0,0.9996862798937005,0.9695950480857485,0.0,0.023449721137260016,0.019033879495106307,0.031615859551718084
3092.0,1.0,6.0,4294967295.0,4294967295.0,1.0,0.008040630807256454,0.01163132741209404,2281.0,1.0,-1.0,-1.0,0.9996862798937005,0.9695950480857485,0.0,0.023449721137260016,0.019012872091322953,0.03157945569314123
3093.0,1.0,12.0,4294967295.0,4294967295.0,1.0,0.008040630807256456,0.01163132741209404,2282.0,2.0,-1.0,-1.0,0.9996862798937005,0.9695950480857485,0.0,0.023449721137260016,0.0189918646875396,0.03154304173672155
3094.0,1.0,5.0,4294967295.0,4294967295.0,1.0,0.008040630807256458,0.011631327412094036,2283.0,0.0,-1.0,-1.0,0.9996862798937005,0.9695950480857485,0.0,0.023449721137260016,0.01897085728375624,0.03150661767572491
3095.0,1.0,4.0,4294967295.0,4294967295.0,1.0,0.008040630807256458,0.011631327412094036,2284.0,0.0,-1.0,-1.0,0.9996862798937005,0.9695950480857485,0.0,0.023449721137260016,0.018949849879972887,0.03147018350341266
3096.0,1.0,1.0,4294967295.0,4294967295.0,1.0,0.00804063080725646,0.011631327412094033,2285.0,1.0,-1.0,-1.0,0.9996862798937005,0.9695950480857485,0.0,0.023449721137260016,0.018928842476189534,0.03143373921304169
3097.0,1.0,9.0,4294967295.0,4294967295.0,1.0,0.008040630807256461,0.01163132741209403,2286.0,1.0,-1.0,-1.0,0.9996862798937005,0.9695950480857485,0.0,0.023449721137260016,0.018907835072406176,0.03139728479786438
3098.0,1.0,7.0,4294967295.0,4294967295.0,1.0,0.008040630807256461,0.01163132741209403,2287.0,0.0,-1.0,-1.0,0.9996862798937005,0.9695950480857485,0.0,0.023449721137260016,0.01888682766862282,0.0313608202511286
3099.0,1.0,5.0,4294967295.0,4294967295.0,1.0,0.008040630807256461,0.01163132741209403,2288.0,0.0,-1.0,-1.0,0.9996862798937005,0.9695950480857485,0.0,0.023449721137260016,0.018865820264839465,0.03132434556607774
3100.0,1.0,5.0,4294967295.0,4294967295.0,1.0,0.008040630807256463,0.01163132741209403,2289.0,1.0,-1.0,-1.0,0.9996862798937005,0.9695950480857485,0.0,0.023449721137260016,0.01884481286105611,0.031287860735950655
3101.0,1.0,8.0,4294967295.0,4294967295.0,1.0,0.008040630807256463,0.01163132741209403,2290.0,1.0,-1.0,-1.0,0.9996862798937005,0.9695950480857485,0.0,0.023449721137260016,0.018823805457272753,0.031251365753981714
3102.0,1.0,7.0,4294967295.0,4294967295.0,1.0,0.008040630807256463,0.01163132741209403,2291.0,0.0,-1.0,-1.0,0.9996862798937005,0.9695950480857485,0.0,0.023449721137260016,0.018802798053489396,0.031214860613400758
3103.0,1.0,2.0,4294967295.0,4294967295.0,1.0,0.008040630807256465,0.01163132741209403,2292.0,1.0,-1.0,-1.0,0.9996862798937005,0.9695950480857485,0.0,0.023449721137260016,0.018781790649706046,0.03117834530743313
3104.0,1.0,8.0,4294967295.0,4294967295.0,1.0,0.008040630807256467,0.011631327412094026,2293.0,1.0,-1.0,-1.0,0.9996862798937005,0.9695950480857485,0.0,0.023449721137260016,0.018760783245922688,0.031141819829299644
3105.0,1.0,6.0,4294967295.0,4294967295.0,1.0,0.008040630807256467,0.011631327412094022,2294.0,0.0,-1.0,-1.0,0.9996862798937005,0.9695950480857485,0.0,0.023449721137260016,0.01873977584213933,0.03110528417221659
3106.0,1.0,6.0,4294967295.0,4294967295.0,1.0,0.008040630807256467,0.011631327412094019,2295.0,0.0,-1.0,-1.0,0.9996862798937005,0.9695950480857485,0.0,0.023449721137260016,0.018718768438355977,0.031068738329395742
3107.0,1.0,8.0,4294967295.0,4294967295.0,1.0,0.008040630807256468,0.011631327412094022,2296.0,1.0,-1.0,-1.0,0.9996862798937005,0.9695950480857485,0.0,0.023449721137260016,0.01869776103457262,0.031032182294044343
3108.0,1.0,5.0,4294967295.0,4294967295.0,1.0,0.008040630807256468,0.011631327412094019,2297.0,0.0,-1.0,-1.0,0.9996862798937005,0.9695950480857485,0.0,0.023449721137260016,0.018676753630789265,0.03099561605936511
3109.0,1.0,4.0,4294967295.0,4294967295.0,1.0,0.008040630807256468,0.011631327412094015,2298.0,1.0,-1.0,-1.0,0.9996862798937005,0.9695950480857485,0.0,0.023449721137260016,0.018655746227005908,0.030959039618556224
3110.0,1.0,8.0,4294967295.0,4294967295.0,1.0,0.00804063080725647,0.011631327412094015,2299.0,1.0,-1.0,-1.0,0.9996862798937005,0.9695950480857485,0.0,0.023449721137260016,0.01863473882322255,0.030922452964811328
3111.0,1.0,5.0,4294967295.0,4294967295.0,1.0,0.00804063080725647,0.011631327412094012,2300.0,1.0,-1.0,-1.0,0.9996862798937005,0.9695950480857485,0.0,0.023449721137260016,0.018613731419439197,0.03088585609131953
3112.0,1.0,7.0,4294967295.0,4294967295.0,1.0,0.00804063080725647,0.011631327412094009,2301.0,0.0,-1.0,-1.0,0.9996862798937005,0.9695950480857485,0.0,0.023449721137260016,0.018592724015655843,0.0308492489912654
3113.0,1.0,7.0,4294967295.0,4294967295.0,1.0,0.008040630807256472,0.011631327412094005,2302.0,0.0,-1.0,-1.0,0.9996862798937005,0.9695950480857485,0.0,0.023449721137260016,0.018571716611872485,0.030812631657828944
3114.0,1.0,6.0,4294967295.0,4294967295.0,1.0,0.008040630807256472,0.011631327412094002,2303.0,0.0,-1.0,-1.0,0.9996862798937005,0.9695950480857485,0.0,0.023449721137260016,0.018550709208089128,0.03077600408418564
3115.0,1.0,4.0,4294967295.0,4294967295.0,1.0,0.008040630807256472,0.011631327412093998,2304.0,1.0,-1.0,-1.0,0.9996862798937005,0.9695950480857485,0.0,0.023449721137260016,0.018529701804305777,0.0307393662635064
3116.0,1.0,10.0,4294967295.0,4294967295.0,1.0,0.008040630807256473,0.011631327412093991,2305.0,0.0,-1.0,-1.0,0.9996862798937005,0.9695950480857485,0.0,0.023449721137260016,0.01850869440052242,0.0307027181889576
3117.0,1.0,2.0,4294967295.0,4294967295.0,1.0,0.008040630807256473,0.011631327412093991,2306.0,1.0,-1.0,-1.0,0.9996862798937005,0.9695950480857485,0.0,0.023449721137260016,0.018487686996739063,0.03066605985370104
3118.0,1.0,5.0,4294967295.0,4294967295.0,1.0,0.008040630807256473,0.011631327412093984,2307.0,1.0,-1.0,-1.0,0.9996862798937005,0.9695950480857485,0.0,0.023449721137260016,0.01846667959295571,0.030629391250893968
3119.0,1.0,4.0,4294967295.0,4294967295.0,1.0,0.008040630807256475,0.011631327412093984,2308.0,1.0,-1.0,-1.0,0.9996862798937005,0.9695950480857485,0.0,0.023449721137260016,0.01844567218917235,0.030592712373689074
3120.0,1.0,8.0,4294967295.0,4294967295.0,1.0,0.008040630807256473,0.01163132741209398,2309.0,0.0,-1.0,-1.0,0.9996862798937005,0.9695950480857485,0.0,0.023449721137260016,0.018424664785388994,0.030556023215234467
3121.0,1.0,5.0,4294967295.0,4294967295.0,1.0,0.008040630807256473,0.01163132741209398,2310.0,2.0,-1.0,-1.0,0.9996862798937005,0.9695950480857485,0.0,0.023449721137260016,0.01840365738160564,0.0305193237686737
3122.0,1.0,7.0,4294967295.0,4294967295.0,1.0,0.008040630807256473,0.01163132741209398,2311.0,3.0,-1.0,-1.0,0.9996862798937005,0.9695950480857485,0.0,0.023449721137260016,0.018382649977822282,0.030482614027145742
3123.0,1.0,10.0,4294967295.0,4294967295.0,1.0,0.008040630807256472,0.01163132741209398,2312.0,0.0,-1.0,-1.0,0.9996862798937005,0.9695950480857485,0.0,0.023449721137260016,0.018361642574038925,0.030445893983785003
3124.0,1.0,7.0,4294967295.0,4294967295.0,1.0,0.008040630807256473,0.011631327412093977,2313.0,4.0,-1.0,-1.0,0.9996862798937005,0.9695950480857485,0.0,0.023449721137260016,0.018340635170255568,0.03040916363172131
3125.0,1.0,6.0,4294967295.0,4294967295.0,1.0,0.008040630807256473,0.011631327412093977,2314.0,0.0,-1.0,-1.0,0.9996862798937005,0.9695950480857485,0.0,0.023449721137260016,0.01831962776647221,0.030372422964079892
3126.0,1.0,6.0,4294967295.0,4294967295.0,1.0,0.008040630807256472,0.011631327412093974,2315.0,1.0,-1.0,-1.0,0.9996862798937005,0.9695950480857485,0.0,0.023449721137260016,0.018298620362688853,0.030335671973981407
3127.0,1.0,4.0,4294967295.0,4294967295.0,1.0,0.008040630807256473,0.011631327412093974,2316.0,0.0,-1.0,-1.0,0.9996862798937005,0.9695950480857485,0.0,0.023449721137260016,0.018277612958905495,0.030298910654541922
3128.0,1.0,7.0,4294967295.0,4294967295.0,1.0,0.008040630807256473,0.011631327412093974,2317.0,0.0,-1.0,-1.0,0.9996862798937005,0.9695950480857485,0.0,0.023449721137260016,0.018256605555122138,0.030262138998872912
3129.0,1.0,6.0,4294967295.0,4294967295.0,1.0,0.008040630807256473,0.01163132741209397,2318.0,2.0,-1.0,-1.0,0.9996862798937005,0.9695950480857485,0.0,0.023449721137260016,0.018235598151338784,0.030225357000081263
3130.0,1.0,9.0,4294967295.0,4294967295.0,1.0,0.008040630807256475,0.01163132741209397,2319.0,0.0,-1.0,-1.0,0.9996862798937005,0.9695950480857485,0.0,0.023449721137260016,0.01821459074755543,0.030188564651269265
3131.0,1.0,7.0,4294967295.0,4294967295.0,1.0,0.008040630807256477,0.01163132741209397,2320.0,0.0,-1.0,-1.0,0.9996862798937005,0.9695950480857485,0.0,0.023449721137260016,0.018193583343772073,0.03015176194553459
3132.0,1.0,3.0,4294967295.0,4294967295.0,1.0,0.008040630807256477,0.011631327412093967,2321.0,2.0,-1.0,-1.0,0.9996862798937005,0.9695950480857485,0.0,0.023449721137260016,0.018172575939988715,0.030114948875970337
3133.0,1.0,8.0,4294967295.0,4294967295.0,1.0,0.008040630807256479,0.011631327412093963,2322.0,0.0,-1.0,-1.0,0.9996862798937005,0.9695950480857485,0.0,0.023449721137260016,0.01815156853620536,0.030078125435664974
3134.0,1.0,6.0,4294967295.0,4294967295.0,1.0,0.00804063080725648,0.011631327412093967,2323.0,0.0,-1.0,-1.0,0.9996862798937005,0.9695950480857485,0.0,0.023449721137260016,0.018130561132422007,0.03004129161770237
3135.0,1.0,9.0,4294967295.0,4294967295.0,1.0,0.00804063080725648,0.011631327412093963,2324.0,0.0,-1.0,-1.0,0.9996862798937005,0.9695950480857485,0.0,0.023449721137260016,0.01810955372863865,0.03000444741516178
3136.0,1.0,5.0,4294967295.0,4294967295.0,1.0,0.008040630807256482,0.011631327412093957,2325.0,0.0,-1.0,-1.0,0.9996862798937005,0.9695950480857485,0.0,0.023449721137260016,0.018088546324855292,0.02996759282111784
3137.0,1.0,1.0,4294967295.0,4294967295.0,1.0,0.008040630807256482,0.01163132741209395,2326.0,1.0,-1.0,-1.0,0.9996862798937005,0.9695950480857485,0.0,0.023449721137260016,0.018067538921071935,0.029930727828640577
3138.0,1.0,9.0,4294967295.0,4294967295.0,1.0,0.008040630807256484,0.011631327412093946,2327.0,0.0,-1.0,-1.0,0.9996862798937005,0.9695950480857485,0.0,0.023449721137260016,0.01804653151728858,0.02989385243079539
3139.0,1.0,4.0,4294967295.0,4294967295.0,1.0,0.008040630807256486,0.01163132741209394,2328.0,1.0,-1.0,-1.0,0.9996862798937005,0.9695950480857485,0.0,0.023449721137260016,0.018025524113505224,0.02985696662064306
3140.0,1.0,4.0,4294967295.0,4294967295.0,1.0,0.008040630807256486,0.011631327412093936,2329.0,0.0,-1.0,-1.0,0.9996862798937005,0.9695950480857485,0.0,0.023449721137260016,0.01800451670972187,0.029820070391239722
3141.0,1.0,6.0,4294967295.0,4294967295.0,1.0,0.008040630807256487,0.011631327412093932,2330.0,1.0,-1.0,-1.0,0.9996862798937005,0.9695950480857485,0.0,0.023449721137260016,0.017983509305938512,0.0297831637356369
3142.0,1.0,5.0,4294967295.0,4294967295.0,1.0,0.008040630807256489,0.011631327412093929,2331.0,0.0,-1.0,-1.0,0.9996862798937005,0.9695950480857485,0.0,0.023449721137260016,0.017962501902155155,0.02974624664688148
3143.0,1.0,9.0,4294967295.0,4294967295.0,1.0,0.008040630807256489,0.011631327412093925,2332.0,1.0,-1.0,-1.0,0.9996862798937005,0.9695950480857485,0.0,0.023449721137260016,0.017941494498371797,0.0297093191180157
3144.0,1.0,8.0,4294967295.0,4294967295.0,1.0,0.008040630807256489,0.011631327412093918,2333.0,0.0,-1.0,-1.0,0.9996862798937005,0.9695950480857485,0.0,0.023449721137260016,0.01792048709458844,0.02967238114207717
3145.0,1.0,6.0,4294967295.0,4294967295.0,1.0,0.00804063080725649,0.011631327412093918,2334.0,0.0,-1.0,-1.0,0.9996862798937005,0.9695950480857485,0.0,0.023449721137260016,0.017899479690805083,0.029635432712098852
3146.0,1.0,6.0,4294967295.0,4294967295.0,1.0,0.008040630807256489,0.011631327412093915,2335.0,0.0,-1.0,-1.0,0.9996862798937005,0.9695950480857485,0.0,0.023449721137260016,0.017878472287021725,0.02959847382110906
3147.0,1.0,4.0,4294967295.0,4294967295.0,1.0,0.008040630807256489,0.011631327412093915,2336.0,2.0,-1.0,-1.0,0.9996862798937005,0.9695950480857485,0.0,0.023449721137260016,0.017857464883238368,0.029561504462131464
3148.0,1.0,11.0,4294967295.0,4294967295.0,1.0,0.008040630807256489,0.011631327412093915,2337.0,1.0,-1.0,-1.0,0.9996862798937005,0.9695950480857485,0.0,0.023449721137260016,0.01783645747945501,0.029524524628185077
3149.0,1.0,7.0,4294967295.0,4294967295.0,1.0,0.00804063080725649,0.011631327412093915,2338.0,1.0,-1.0,-1.0,0.9996862798937005,0.9695950480857485,0.0,0.023449721137260016,0.017815450075671653,0.02948753431228426
3150.0,1.0,5.0,4294967295.0,4294967295.0,1.0,0.00804063080725649,0.011631327412093911,2339.0,0.0,-1.0,-1.0,0.9996862798937005,0.9695950480857485,0.0,0.023449721137260016,0.017794442671888296,0.029450533507438714
3151.0,1.0,14.0,4294967295.0,4294967295.0,1.0,0.00804063080725649,0.011631327412093911,2340.0,0.0,-1.0,-1.0,0.9996862798937005,0.9695950480857485,0.0,0.023449721137260016,0.017773435268104938,0.029413522206653477
3152.0,1.0,7.0,4294967295.0,4294967295.0,1.0,0.008040630807256493,0.011631327412093908,2341.0,0.0,-1.0,-1.0,0.9996862798937005,0.9695950480857485,0.0,0.023449721137260016,0.01775242786432158,0.02937650040292893
3153.0,1.0,4.0,4294967295.0,4294967295.0,1.0,0.00804063080725649,0.011631327412093908,2342.0,0.0,-1.0,-1.0,0.9996862798937005,0.9695950480857485,0.0,0.023449721137260016,0.017731420460538223,0.029339468089260766
3154.0,1.0,4.0,4294967295.0,4294967295.0,1.0,0.008040630807256493,0.011631327412093904,2343.0,1.0,-1.0,-1.0,0.9996862798937005,0.9695950480857485,0.0,0.023449721137260016,0.017710413056754866,0.029302425258640026
3155.0,1.0,6.0,4294967295.0,4294967295.0,1.0,0.008040630807256494,0.011631327412093901,2344.0,1.0,-1.0,-1.0,0.9996862798937005,0.9695950480857485,0.0,0.023449721137260016,0.01768940565297151,0.029265371904053074
3156.0,1.0,5.0,4294967295.0,4294967295.0,1.0,0.008040630807256493,0.011631327412093898,2345.0,1.0,-1.0,-1.0,0.9996862798937005,0.9695950480857485,0.0,0.023449721137260016,0.017668398249188148,0.02922830801848159
3157.0,1.0,9.0,4294967295.0,4294967295.0,1.0,0.008040630807256494,0.011631327412093894,2346.0,1.0,-1.0,-1.0,0.9996862798937005,0.9695950480857485,0.0,0.023449721137260016,0.01764739084540479,0.029191233594902576
3158.0,1.0,4.0,4294967295.0,4294967295.0,1.0,0.008040630807256494,0.011631327412093894,2347.0,0.0,-1.0,-1.0,0.9996862798937005,0.9695950480857485,0.0,0.023449721137260016,0.01762638344162143,0.02915414862628835
3159.0,1.0,4.0,4294967295.0,4294967295.0,1.0,0.008040630807256494,0.011631327412093894,2348.0,0.0,-1.0,-1.0,0.9996862798937005,0.9695950480857485,0.0,0.023449721137260016,0.017605376037838072,0.029117053105606545
3160.0,1.0,9.0,4294967295.0,4294967295.0,1.0,0.008040630807256494,0.011631327412093894,2349.0,0.0,-1.0,-1.0,0.9996862798937005,0.9695950480857485,0.0,0.023449721137260016,0.01758436863405471,0.029079947025820105
3161.0,1.0,9.0,4294967295.0,4294967295.0,1.0,0.008040630807256494,0.01163132741209389,2350.0,0.0,-1.0,-1.0,0.9996862798937005,0.9695950480857485,0.0,0.023449721137260016,0.017563361230271354,0.029042830379887283
3162.0,1.0,6.0,4294967295.0,4294967295.0,1.0,0.008040630807256498,0.011631327412093887,2351.0,0.0,-1.0,-1.0,0.9996862798937005,0.9695950480857485,0.0,0.023449721137260016,0.017542353826487993,0.02900570316076163
3163.0,1.0,5.0,4294967295.0,4294967295.0,1.0,0.008040630807256496,0.011631327412093884,2352.0,0.0,-1.0,-1.0,0.9996862798937005,0.9695950480857485,0.0,0.023449721137260016,0.017521346422704635,0.028968565361391998
3164.0,1.0,2.0,4294967295.0,4294967295.0,1.0,0.008040630807256498,0.01163132741209388,2353.0,0.0,-1.0,-1.0,0.9996862798937005,0.9695950480857485,0.0,0.023449721137260016,0.017500339018921274,0.028931416974722544
3165.0,1.0,4.0,4294967295.0,4294967295.0,1.0,0.0080406308072565,0.011631327412093877,2354.0,1.0,-1.0,-1.0,0.9996862798937005,0.9695950480857485,0.0,0.023449721137260016,0.017479331615137914,0.028894257993692718
3166.0,1.0,7.0,4294967295.0,4294967295.0,1.0,0.0080406308072565,0.011631327412093877,2355.0,1.0,-1.0,-1.0,0.9996862798937005,0.9695950480857485,0.0,0.023449721137260016,0.017458324211354556,0.028857088411237252
3167.0,1.0,4.0,4294967295.0,4294967295.0,1.0,0.0080406308072565,0.011631327412093873,2356.0,1.0,-1.0,-1.0,0.9996862798937005,0.9695950480857485,0.0,0.023449721137260016,0.017437316807571192,0.02881990822028617
3168.0,1.0,9.0,4294967295.0,4294967295.0,1.0,0.0080406308072565,0.01163132741209387,2357.0,0.0,-1.0,-1.0,0.9996862798937005,0.9695950480857485,0.0,0.023449721137260016,0.01741630940378783,0.02878271741376479
3169.0,1.0,4.0,4294967295.0,4294967295.0,1.0,0.008040630807256503,0.01163132741209387,2358.0,1.0,-1.0,-1.0,0.9996862798937005,0.9695950480857485,0.0,0.023449721137260016,0.01739530200000447,0.0287455159845937
3170.0,1.0,7.0,4294967295.0,4294967295.0,1.0,0.008040630807256503,0.011631327412093866,2359.0,0.0,-1.0,-1.0,0.9996862798937005,0.9695950480857485,0.0,0.023449721137260016,0.017374294596221106,0.02870830392568878
3171.0,1.0,4.0,4294967295.0,4294967295.0,1.0,0.008040630807256505,0.011631327412093866,2360.0,0.0,-1.0,-1.0,0.9996862798937005,0.9695950480857485,0.0,0.023449721137260016,0.01735328719243774,0.028671081229961173
3172.0,1.0,9.0,4294967295.0,4294967295.0,1.0,0.008040630807256503,0.011631327412093866,2361.0,0.0,-1.0,-1.0,0.9996862798937005,0.9695950480857485,0.0,0.023449721137260016,0.017332279788654377,0.028633847890317303
3173.0,1.0,8.0,4294967295.0,4294967295.0,1.0,0.008040630807256506,0.01163132741209387,2362.0,2.0,-1.0,-1.0,0.9996862798937005,0.9695950480857485,0.0,0.023449721137260016,0.017311272384871016,0.028596603899658856
3174.0,1.0,6.0,4294967295.0,4294967295.0,1.0,0.008040630807256506,0.011631327412093873,2363.0,0.0,-1.0,-1.0,0.9996862798937005,0.9695950480857485,0.0,0.023449721137260016,0.01729026498108765,0.028559349250882788
3175.0,1.0,4.0,4294967295.0,4294967295.0,1.0,0.00804063080725651,0.011631327412093873,2364.0,1.0,-1.0,-1.0,0.9996862798937005,0.9695950480857485,0.0,0.023449721137260016,0.017269257577304284,0.028522083936881316
3176.0,1.0,6.0,4294967295.0,4294967295.0,1.0,0.008040630807256508,0.011631327412093873,2365.0,0.0,-1.0,-1.0,0.9996862798937005,0.9695950480857485,0.0,0.023449721137260016,0.01724825017352092,0.028484807950541924
3177.0,1.0,4.0,4294967295.0,4294967295.0,1.0,0.00804063080725651,0.011631327412093873,2366.0,1.0,-1.0,-1.0,0.9996862798937005,0.9695950480857485,0.0,0.023449721137260016,0.01722724276973755,0.02844752128474735
3178.0,1.0,12.0,4294967295.0,4294967295.0,1.0,0.00804063080725651,0.011631327412093877,2367.0,0.0,-1.0,-1.0,0.9996862798937005,0.9695950480857485,0.0,0.023449721137260016,0.017206235365954184,0.028410223932375585
3179.0,1.0,1.0,4294967295.0,4294967295.0,1.0,0.008040630807256512,0.011631327412093877,2368.0,3.0,-1.0,-1.0,0.9996862798937005,0.9695950480857485,0.0,0.023449721137260016,0.017185227962170816,0.028372915886299862
3180.0,1.0,7.0,4294967295.0,4294967295.0,1.0,0.008040630807256513,0.011631327412093877,2369.0,0.0,-1.0,-1.0,0.9996862798937005,0.9695950480857485,0.0,0.023449721137260016,0.017164220558387448,0.028335597139388668
3181.0,1.0,5.0,4294967295.0,4294967295.0,1.0,0.008040630807256513,0.011631327412093877,2370.0,1.0,-1.0,-1.0,0.9996862798937005,0.9695950480857485,0.0,0.023449721137260016,0.017143213154604077,0.028298267684505735
3182.0,1.0,11.0,4294967295.0,4294967295.0,1.0,0.008040630807256517,0.011631327412093877,2371.0,1.0,-1.0,-1.0,0.9996862798937005,0.9695950480857485,0.0,0.023449721137260016,0.017122205750820713,0.02826092751451004
3183.0,1.0,6.0,4294967295.0,4294967295.0,1.0,0.008040630807256519,0.011631327412093873,2372.0,0.0,-1.0,-1.0,0.9996862798937005,0.9695950480857485,0.0,0.023449721137260016,0.01710119834703734,0.028223576622255785
3184.0,1.0,7.0,4294967295.0,4294967295.0,1.0,0.008040630807256519,0.011631327412093873,2373.0,2.0,-1.0,-1.0,0.9996862798937005,0.9695950480857485,0.0,0.023449721137260016,0.017080190943253967,0.028186215000592416
3185.0,1.0,6.0,4294967295.0,4294967295.0,1.0,0.008040630807256522,0.01163132741209387,2374.0,1.0,-1.0,-1.0,0.9996862798937005,0.9695950480857485,0.0,0.023449721137260016,0.017059183539470595,0.028148842642364617
3186.0,1.0,4.0,4294967295.0,4294967295.0,1.0,0.008040630807256524,0.01163132741209387,2375.0,0.0,-1.0,-1.0,0.9996862798937005,0.9695950480857485,0.0,0.023449721137260016,0.01703817613568722,0.028111459540412286
3187.0,1.0,5.0,4294967295.0,4294967295.0,1.0,0.008040630807256524,0.011631327412093866,2376.0,0.0,-1.0,-1.0,0.9996862798937005,0.9695950480857485,0.0,0.023449721137260016,0.017017168731903842,0.02807406568757055
3188.0,1.0,7.0,4294967295.0,4294967295.0,1.0,0.008040630807256526,0.011631327412093863,2377.0,0.0,-1.0,-1.0,0.9996862798937005,0.9695950480857485,0.0,0.023449721137260016,0.016996161328120464,0.02803666107666977
3189.0,1.0,11.0,4294967295.0,4294967295.0,1.0,0.008040630807256529,0.011631327412093863,2378.0,1.0,-1.0,-1.0,0.9996862798937005,0.9695950480857485,0.0,0.023449721137260016,0.016975153924337086,0.0279992457005355
3190.0,1.0,5.0,4294967295.0,4294967295.0,1.0,0.00804063080725653,0.01163132741209386,2379.0,3.0,-1.0,-1.0,0.9996862798937005,0.9695950480857485,0.0,0.023449721137260016,0.016954146520553704,0.02796181955198854
3191.0,1.0,7.0,4294967295.0,4294967295.0,1.0,0.00804063080725653,0.011631327412093863,2380.0,1.0,-1.0,-1.0,0.9996862798937005,0.9695950480857485,0.0,0.023449721137260016,0.016933139116770322,0.02792438262384488
3192.0,1.0,3.0,4294967295.0,4294967295.0,1.0,0.008040630807256529,0.01163132741209386,2381.0,0.0,-1.0,-1.0,0.9996862798937005,0.9695950480857485,0.0,0.023449721137260016,0.01691213171298693,0.027886934908915716
3193.0,1.0,9.0,4294967295.0,4294967295.0,1.0,0.008040630807256527,0.011631327412093856,2382.0,1.0,-1.0,-1.0,0.9996862798937005,0.9695950480857485,0.0,0.023449721137260016,0.016891124309203545,0.027849476400007473
3194.0,1.0,1.0,4294967295.0,4294967295.0,1.0,0.008040630807256527,0.011631327412093856,2383.0,1.0,-1.0,-1.0,0.9996862798937005,0.9695950480857485,0.0,0.023449721137260016,0.016870116905420153,0.027812007089921768
3195.0,1.0,8.0,4294967295.0,4294967295.0,1.0,0.008040630807256527,0.011631327412093854,2384.0,1.0,-1.0,-1.0,0.9996862798937005,0.9695950480857485,0.0,0.023449721137260016,0.01684910950163676,0.02777452697145541
3196.0,1.0,12.0,4294967295.0,4294967295.0,1.0,0.008040630807256526,0.011631327412093854,2385.0,0.0,-1.0,-1.0,0.9996862798937005,0.9695950480857485,0.0,0.023449721137260016,0.016828102097853362,0.02773703603740041
3197.0,1.0,6.0,4294967295.0,4294967295.0,1.0,0.008040630807256526,0.011631327412093852,2386.0,1.0,-1.0,-1.0,0.9996862798937005,0.9695950480857485,0.0,0.023449721137260016,0.016807094694069963,0.02769953428054396
3198.0,1.0,9.0,4294967295.0,4294967295.0,1.0,0.008040630807256526,0.011631327412093852,2387.0,1.0,-1.0,-1.0,0.9996862798937005,0.9695950480857485,0.0,0.023449721137260016,0.016786087290286564,0.027662021693668472
3199.0,1.0,4.0,4294967295.0,4294967295.0,1.0,0.008040630807256527,0.01163132741209385,2388.0,1.0,-1.0,-1.0,0.9996862798937005,0.9695950480857485,0.0,0.023449721137260016,0.01676507988650316,0.027624498269551517
3200.0,1.0,8.0,4294967295.0,4294967295.0,1.0,0.008040630807256527,0.01163132741209385,2389.0,0.0,-1.0,-1.0,0.9996862798937005,0.9695950480857485,0.0,0.023449721137260016,0.016744072482719752,0.027586964000965865
3201.0,1.0,5.0,4294967295.0,4294967295.0,1.0,0.008040630807256527,0.011631327412093849,2390.0,1.0,-1.0,-1.0,0.9996862798937005,0.9695950480857485,0.0,0.023449721137260016,0.01672306507893634,0.027549418880679452
3202.0,1.0,8.0,4294967295.0,4294967295.0,1.0,0.008040630807256526,0.011631327412093849,2391.0,2.0,-1.0,-1.0,0.9996862798937005,0.9695950480857485,0.0,0.023449721137260016,0.016702057675152926,0.0275118629014554
3203.0,1.0,10.0,4294967295.0,4294967295.0,1.0,0.008040630807256527,0.011631327412093849,2392.0,1.0,-1.0,-1.0,0.9996862798937005,0.9695950480857485,0.0,0.023449721137260016,0.016681050271369506,0.02747429605605201
3204.0,1.0,8.0,4294967295.0,4294967295.0,1.0,0.008040630807256527,0.011631327412093847,2393.0,0.0,-1.0,-1.0,0.9996862798937005,0.9695950480857485,0.0,0.023449721137260016,0.016660042867586086,0.02743671833722274
3205.0,1.0,5.0,4294967295.0,4294967295.0,1.0,0.008040630807256529,0.011631327412093849,2394.0,1.0,-1.0,-1.0,0.9996862798937005,0.9695950480857485,0.0,0.023449721137260016,0.01663903546380266,0.027399129737716226
3206.0,1.0,5.0,4294967295.0,4294967295.0,1.0,0.00804063080725653,0.011631327412093849,2395.0,0.0,-1.0,-1.0,0.9996862798937005,0.9695950480857485,0.0,0.023449721137260016,0.01661802806001923,0.02736153025027626
3207.0,1.0,6.0,4294967295.0,4294967295.0,1.0,0.00804063080725653,0.011631327412093847,2396.0,0.0,-1.0,-1.0,0.9996862798937005,0.9695950480857485,0.0,0.023449721137260016,0.016597020656235792,0.027323919867641804
3208.0,1.0,8.0,4294967295.0,4294967295.0,1.0,0.008040630807256529,0.011631327412093849,2397.0,0.0,-1.0,-1.0,0.9996862798937005,0.9695950480857485,0.0,0.023449721137260016,0.016576013252452344,0.027286298582546973
3209.0,1.0,4.0,4294967295.0,4294967295.0,1.0,0.008040630807256527,0.01163132741209385,2398.0,1.0,-1.0,-1.0,0.9996862798937005,0.9695950480857485,0.0,0.023449721137260016,0.016555005848668893,0.027248666387721037
3210.0,1.0,6.0,4294967295.0,4294967295.0,1.0,0.008040630807256527,0.011631327412093849,2399.0,1.0,-1.0,-1.0,0.9996862798937005,0.9695950480857485,0.0,0.023449721137260016,0.016533998444885435,0.027211023275888417
3211.0,1.0,6.0,4294967295.0,4294967295.0,1.0,0.008040630807256526,0.011631327412093849,2400.0,0.0,-1.0,-1.0,0.9996862798937005,0.9695950480857485,0.0,0.023449721137260016,0.016512991041101974,0.02717336923976868
3212.0,1.0,2.0,4294967295.0,4294967295.0,1.0,0.008040630807256527,0.011631327412093849,2401.0,0.0,-1.0,-1.0,0.9996862798937005,0.9695950480857485,0.0,0.023449721137260016,0.016491983637318505,0.027135704272076542
3213.0,1.0,7.0,4294967295.0,4294967295.0,1.0,0.008040630807256527,0.011631327412093849,2402.0,0.0,-1.0,-1.0,0.9996862798937005,0.9695950480857485,0.0,0.023449721137260016,0.01647097623353503,0.027098028365521856
3214.0,1.0,4.0,4294967295.0,4294967295.0,1.0,0.00804063080725653,0.011631327412093847,2403.0,1.0,-1.0,-1.0,0.9996862798937005,0.9695950480857485,0.0,0.023449721137260016,0.016449968829751548,0.02706034151280962
3215.0,1.0,10.0,4294967295.0,4294967295.0,1.0,0.008040630807256532,0.011631327412093847,2404.0,0.0,-1.0,-1.0,0.9996862798937005,0.9695950480857485,0.0,0.023449721137260016,0.01642896142596805,0.02702264370663996
3216.0,1.0,4.0,4294967295.0,4294967295.0,1.0,0.008040630807256532,0.011631327412093847,2405.0,0.0,-1.0,-1.0,0.9996862798937005,0.9695950480857485,0.0,0.023449721137260016,0.016407954022184548,0.026984934939708133
3217.0,1.0,5.0,4294967295.0,4294967295.0,1.0,0.008040630807256532,0.011631327412093847,2406.0,2.0,-1.0,-1.0,0.9996862798937005,0.9695950480857485,0.0,0.023449721137260016,0.016386946618401035,0.026947215204704535
3218.0,1.0,6.0,4294967295.0,4294967295.0,1.0,0.008040630807256534,0.011631327412093847,2407.0,0.0,-1.0,-1.0,0.9996862798937005,0.9695950480857485,0.0,0.023449721137260016,0.01636593921461751,0.026909484494314673
3219.0,1.0,5.0,4294967295.0,4294967295.0,1.0,0.008040630807256534,0.011631327412093845,2408.0,0.0,-1.0,-1.0,0.9996862798937005,0.9695950480857485,0.0,0.023449721137260016,0.016344931810833976,0.02687174280121919
3220.0,1.0,4.0,4294967295.0,4294967295.0,1.0,0.008040630807256536,0.011631327412093845,2409.0,0.0,-1.0,-1.0,0.9996862798937005,0.9695950480857485,0.0,0.023449721137260016,0.016323924407050425,0.026833990118093835
3221.0,1.0,9.0,4294967295.0,4294967295.0,1.0,0.008040630807256538,0.011631327412093844,2410.0,1.0,-1.0,-1.0,0.9996862798937005,0.9695950480857485,0.0,0.023449721137260016,0.016302917003266866,0.026796226437609483
3222.0,1.0,9.0,4294967295.0,4294967295.0,1.0,0.00804063080725654,0.011631327412093844,2411.0,0.0,-1.0,-1.0,0.9996862798937005,0.9695950480857485,0.0,0.023449721137260016,0.01628190959948329,0.026758451752432116
3223.0,1.0,5.0,4294967295.0,4294967295.0,1.0,0.00804063080725654,0.011631327412093845,2412.0,0.0,-1.0,-1.0,0.9996862798937005,0.9695950480857485,0.0,0.023449721137260016,0.016260902195699697,0.026720666055222823
3224.0,1.0,5.0,4294967295.0,4294967295.0,1.0,0.008040630807256538,0.011631327412093847,2413.0,0.0,-1.0,-1.0,0.9996862798937005,0.9695950480857485,0.0,0.023449721137260016,0.016239894791916086,0.026682869338637807
3225.0,1.0,6.0,4294967295.0,4294967295.0,1.0,0.008040630807256538,0.011631327412093845,2414.0,0.0,-1.0,-1.0,0.9996862798937005,0.9695950480857485,0.0,0.023449721137260016,0.01621888738813246,0.02664506159532836
3226.0,1.0,9.0,4294967295.0,4294967295.0,1.0,0.008040630807256538,0.011631327412093845,2415.0,0.0,-1.0,-1.0,0.9996862798937005,0.9695950480857485,0.0,0.023449721137260016,0.016197879984348816,0.026607242817940892
3227.0,1.0,7.0,4294967295.0,4294967295.0,1.0,0.008040630807256536,0.011631327412093845,2416.0,1.0,-1.0,-1.0,0.9996862798937005,0.9695950480857485,0.0,0.023449721137260016,0.016176872580565153,0.02656941299911689
3228.0,1.0,8.0,4294967295.0,4294967295.0,1.0,0.008040630807256538,0.011631327412093844,2417.0,0.0,-1.0,-1.0,0.9996862798937005,0.9695950480857485,0.0,0.023449721137260016,0.01615586517678147,0.02653157213149295
3229.0,1.0,4.0,4294967295.0,4294967295.0,1.0,0.00804063080725654,0.011631327412093844,2418.0,1.0,-1.0,-1.0,0.9996862798937005,0.9695950480857485,0.0,0.023449721137260016,0.016134857772997765,0.02649372020770074
3230.0,1.0,6.0,4294967295.0,4294967295.0,1.0,0.008040630807256541,0.011631327412093845,2419.0,0.0,-1.0,-1.0,0.9996862798937005,0.9695950480857485,0.0,0.023449721137260016,0.016113850369214033,0.02645585722036703
3231.0,1.0,8.0,4294967295.0,4294967295.0,1.0,0.00804063080725654,0.011631327412093845,2420.0,1.0,-1.0,-1.0,0.9996862798937005,0.9695950480857485,0.0,0.023449721137260016,0.016092842965430273,0.026417983162113662
3232.0,1.0,3.0,4294967295.0,4294967295.0,1.0,0.008040630807256541,0.011631327412093845,2421.0,1.0,-1.0,-1.0,0.9996862798937005,0.9695950480857485,0.0,0.023449721137260016,0.01607183556164649,0.02638009802555757
3233.0,1.0,3.0,4294967295.0,4294967295.0,1.0,0.008040630807256545,0.011631327412093845,2422.0,0.0,-1.0,-1.0,0.9996862798937005,0.9695950480857485,0.0,0.023449721137260016,0.016050828157862677,0.026342201803310747
3234.0,1.0,2.0,4294967295.0,4294967295.0,1.0,0.008040630807256545,0.011631327412093845,2423.0,0.0,-1.0,-1.0,0.9996862798937005,0.9695950480857485,0.0,0.023449721137260016,0.016029820754078827,0.02630429448798028
3235.0,1.0,6.0,4294967295.0,4294967295.0,1.0,0.008040630807256545,0.011631327412093845,2424.0,1.0,-1.0,-1.0,0.9996862798937005,0.9695950480857485,0.0,0.023449721137260016,0.016008813350294946,0.0262663760721683
3236.0,1.0,6.0,4294967295.0,4294967295.0,1.0,0.008040630807256546,0.011631327412093845,2425.0,0.0,-1.0,-1.0,0.9996862798937005,0.9695950480857485,0.0,0.023449721137260016,0.01598780594651103,0.026228446548472027
3237.0,1.0,11.0,4294967295.0,4294967295.0,1.0,0.008040630807256546,0.011631327412093845,2426.0,0.0,-1.0,-1.0,0.9996862798937005,0.9695950480857485,0.0,0.023449721137260016,0.015966798542727076,0.026190505909483738
3238.0,1.0,4.0,4294967295.0,4294967295.0,1.0,0.008040630807256546,0.011631327412093847,2427.0,1.0,-1.0,-1.0,0.9996862798937005,0.9695950480857485,0.0,0.023449721137260016,0.015945791138943077,0.026152554147790764
3239.0,1.0,8.0,4294967295.0,4294967295.0,1.0,0.008040630807256546,0.01163132741209385,2428.0,0.0,-1.0,-1.0,0.9996862798937005,0.9695950480857485,0.0,0.023449721137260016,0.015924783735159036,0.026114591255975497
3240.0,1.0,10.0,4294967295.0,4294967295.0,1.0,0.008040630807256548,0.01163132741209385,2429.0,0.0,-1.0,-1.0,0.9996862798937005,0.9695950480857485,0.0,0.023449721137260016,0.01590377633137495,0.026076617226615383
3241.0,1.0,6.0,4294967295.0,4294967295.0,1.0,0.00804063080725655,0.01163132741209385,2430.0,0.0,-1.0,-1.0,0.9996862798937005,0.9695950480857485,0.0,0.023449721137260016,0.015882768927590808,0.02603863205228291
3242.0,1.0,6.0,4294967295.0,4294967295.0,1.0,0.00804063080725655,0.011631327412093849,2431.0,0.0,-1.0,-1.0,0.9996862798937005,0.9695950480857485,0.0,0.023449721137260016,0.015861761523806618,0.026000635725545625
3243.0,1.0,3.0,4294967295.0,4294967295.0,1.0,0.008040630807256552,0.011631327412093849,2432.0,0.0,-1.0,-1.0,0.9996862798937005,0.9695950480857485,0.0,0.023449721137260016,0.015840754120022366,0.02596262823896612
3244.0,1.0,4.0,4294967295.0,4294967295.0,1.0,0.00804063080725655,0.01163132741209385,2433.0,0.0,-1.0,-1.0,0.9996862798937005,0.9695950480857485,0.0,0.023449721137260016,0.01581974671623805,0.025924609585102003
3245.0,1.0,2.0,4294967295.0,4294967295.0,1.0,0.00804063080725655,0.011631327412093849,2434.0,2.0,-1.0,-1.0,0.9996862798937005,0.9695950480857485,0.0,0.023449721137260016,0.015798739312453673,0.025886579756505945
3246.0,1.0,9.0,4294967295.0,4294967295.0,1.0,0.00804063080725655,0.011631327412093849,2435.0,1.0,-1.0,-1.0,0.9996862798937005,0.9695950480857485,0.0,0.023449721137260016,0.015777731908669226,0.02584853874572564
3247.0,1.0,7.0,4294967295.0,4294967295.0,1.0,0.00804063080725655,0.011631327412093849,2436.0,0.0,-1.0,-1.0,0.9996862798937005,0.9695950480857485,0.0,0.023449721137260016,0.015756724504884703,0.025810486545303817
3248.0,1.0,3.0,4294967295.0,4294967295.0,1.0,0.00804063080725655,0.011631327412093847,2437.0,0.0,-1.0,-1.0,0.9996862798937005,0.9695950480857485,0.0,0.023449721137260016,0.015735717101100097,0.025772423147778223
3249.0,1.0,6.0,4294967295.0,4294967295.0,1.0,0.00804063080725655,0.011631327412093849,2438.0,1.0,-1.0,-1.0,0.9996862798937005,0.9695950480857485,0.0,0.023449721137260016,0.015714709697315407,0.02573434854568163
3250.0,1.0,7.0,4294967295.0,4294967295.0,1.0,0.00804063080725655,0.011631327412093849,2439.0,1.0,-1.0,-1.0,0.9996862798937005,0.9695950480857485,0.0,0.023449721137260016,0.015693702293530624,0.02569626273154184
3251.0,1.0,5.0,4294967295.0,4294967295.0,1.0,0.00804063080725655,0.011631327412093847,2440.0,0.0,-1.0,-1.0,0.9996862798937005,0.9695950480857485,0.0,0.023449721137260016,0.015672694889745743,0.025658165697881662
3252.0,1.0,14.0,4294967295.0,4294967295.0,1.0,0.00804063080725655,0.011631327412093849,2441.0,1.0,-1.0,-1.0,0.9996862798937005,0.9695950480857485,0.0,0.023449721137260016,0.01565168748596076,0.025620057437218922
3253.0,1.0,3.0,4294967295.0,4294967295.0,1.0,0.00804063080725655,0.01163132741209385,2442.0,4.0,-1.0,-1.0,0.9996862798937005,0.9695950480857485,0.0,0.023449721137260016,0.015630680082175663,0.02558193794206646
3254.0,1.0,8.0,4294967295.0,4294967295.0,1.0,0.00804063080725655,0.011631327412093852,2443.0,0.0,-1.0,-1.0,0.9996862798937005,0.9695950480857485,0.0,0.023449721137260016,0.015609672678390446,0.02554380720493211
3255.0,1.0,3.0,4294967295.0,4294967295.0,1.0,0.00804063080725655,0.01163132741209385,2444.0,2.0,-1.0,-1.0,0.9996862798937005,0.9695950480857485,0.0,0.023449721137260016,0.015588665274605099,0.025505665218318728
3256.0,1.0,6.0,4294967295.0,4294967295.0,1.0,0.00804063080725655,0.011631327412093849,2445.0,0.0,-1.0,-1.0,0.9996862798937005,0.9695950480857485,0.0,0.023449721137260016,0.015567657870819616,0.02546751197472416
3257.0,1.0,3.0,4294967295.0,4294967295.0,1.0,0.00804063080725655,0.011631327412093847,2446.0,2.0,-1.0,-1.0,0.9996862798937005,0.9695950480857485,0.0,0.023449721137260016,0.015546650467033987,0.025429347466641244
3258.0,1.0,10.0,4294967295.0,4294967295.0,1.0,0.00804063080725655,0.011631327412093847,2447.0,0.0,-1.0,-1.0,0.9996862798937005,0.9695950480857485,0.0,0.023449721137260016,0.0155256430632482,0.025391171686557825
3259.0,1.0,9.0,4294967295.0,4294967295.0,1.0,0.00804063080725655,0.011631327412093847,2448.0,1.0,-1.0,-1.0,0.9996862798937005,0.9695950480857485,0.0,0.023449721137260016,0.015504635659462248,0.025352984626956725
3260.0,1.0,8.0,4294967295.0,4294967295.0,1.0,0.00804063080725655,0.011631327412093847,2449.0,2.0,-1.0,-1.0,0.9996862798937005,0.9695950480857485,0.0,0.023449721137260016,0.015483628255676115,0.02531478628031576
3261.0,1.0,5.0,4294967295.0,4294967295.0,1.0,0.00804063080725655,0.011631327412093845,2450.0,2.0,-1.0,-1.0,0.9996862798937005,0.9695950480857485,0.0,0.023449721137260016,0.015462620851889791,0.025276576639107724
3262.0,1.0,6.0,4294967295.0,4294967295.0,1.0,0.00804063080725655,0.011631327412093845,2451.0,0.0,-1.0,-1.0,0.9996862798937005,0.9695950480857485,0.0,0.023449721137260016,0.015441613448103263,0.0252383556958004
3263.0,1.0,2.0,4294967295.0,4294967295.0,1.0,0.00804063080725655,0.011631327412093844,2452.0,1.0,-1.0,-1.0,0.9996862798937005,0.9695950480857485,0.0,0.023449721137260016,0.015420606044316516,0.025200123442856548
3264.0,1.0,8.0,4294967295.0,4294967295.0,1.0,0.008040630807256552,0.011631327412093844,2453.0,0.0,-1.0,-1.0,0.9996862798937005,0.9695950480857485,0.0,0.023449721137260016,0.015399598640529536,0.025161879872733883
3265.0,1.0,9.0,4294967295.0,4294967295.0,1.0,0.008040630807256552,0.011631327412093844,2454.0,0.0,-1.0,-1.0,0.9996862798937005,0.9695950480857485,0.0,0.023449721137260016,0.015378591236742305,0.025123624977885114
3266.0,1.0,5.0,4294967295.0,4294967295.0,1.0,0.00804063080725655,0.011631327412093845,2455.0,1.0,-1.0,-1.0,0.9996862798937005,0.9695950480857485,0.0,0.023449721137260016,0.015357583832954805,0.025085358750757902
3267.0,1.0,7.0,4294967295.0,4294967295.0,1.0,0.00804063080725655,0.011631327412093847,2456.0,0.0,-1.0,-1.0,0.9996862798937005,0.9695950480857485,0.0,0.023449721137260016,0.015336576429167022,0.025047081183794877
3268.0,1.0,4.0,4294967295.0,4294967295.0,1.0,0.00804063080725655,0.011631327412093845,2457.0,2.0,-1.0,-1.0,0.9996862798937005,0.9695950480857485,0.0,0.023449721137260016,0.015315569025378933,0.02500879226943363
3269.0,1.0,7.0,4294967295.0,4294967295.0,1.0,0.00804063080725655,0.011631327412093845,2458.0,2.0,-1.0,-1.0,0.9996862798937005,0.9695950480857485,0.0,0.023449721137260016,0.01529456162159052,0.024970492000106703
3270.0,1.0,10.0,4294967295.0,4294967295.0,1.0,0.00804063080725655,0.011631327412093844,2459.0,0.0,-1.0,-1.0,0.9996862798937005,0.9695950480857485,0.0,0.023449721137260016,0.015273554217801757,0.0249321803682416
3271.0,1.0,2.0,4294967295.0,4294967295.0,1.0,0.00804063080725655,0.011631327412093844,2460.0,1.0,-1.0,-1.0,0.9996862798937005,0.9695950480857485,0.0,0.023449721137260016,0.01525254681401262,0.024893857366260763
3272.0,1.0,4.0,4294967295.0,4294967295.0,1.0,0.00804063080725655,0.011631327412093844,2461.0,0.0,-1.0,-1.0,0.9996862798937005,0.9695950480857485,0.0,0.023449721137260016,0.015231539410223087,0.0248555229865816
3273.0,1.0,7.0,4294967295.0,4294967295.0,1.0,0.00804063080725655,0.011631327412093844,2462.0,0.0,-1.0,-1.0,0.9996862798937005,0.9695950480857485,0.0,0.023449721137260016,0.015210532006433127,0.024817177221616433
3274.0,1.0,6.0,4294967295.0,4294967295.0,1.0,0.00804063080725655,0.011631327412093844,2463.0,1.0,-1.0,-1.0,0.9996862798937005,0.9695950480857485,0.0,0.023449721137260016,0.015189524602642713,0.024778820063772553
3275.0,1.0,7.0,4294967295.0,4294967295.0,1.0,0.00804063080725655,0.011631327412093844,2464.0,0.0,-1.0,-1.0,0.9996862798937005,0.9695950480857485,0.0,0.023449721137260016,0.015168517198851811,0.02474045150545217
3276.0,1.0,4.0,4294967295.0,4294967295.0,1.0,0.00804063080725655,0.011631327412093844,2465.0,0.0,-1.0,-1.0,0.9996862798937005,0.9695950480857485,4.0,0.023449721137260016,0.015147509795060389,0.024702071539052434
3277.0,1.0,2.0,4294967295.0,4294967295.0,1.0,0.00804063080725655,0.011631327412093844,2466.0,0.0,-1.0,-1.0,0.9996862798937005,0.9695950480857485,5.0,0.023449721137260016,0.01512650239126841,0.02466368015696542
3278.0,1.0,5.0,4294967295.0,4294967295.0,1.0,0.00804063080725655,0.011631327412093845,2467.0,0.0,-1.0,-1.0,0.9996862798937005,0.9695950480857485,6.0,0.023449721137260016,0.01510549498747584,0.024625277351578136
3279.0,1.0,4.0,4294967295.0,4294967295.0,1.0,0.00804063080725655,0.011631327412093845,2468.0,0.0,-1.0,-1.0,0.9996862798937005,0.9695950480857485,8.0,0.023449721137260016,0.015084487583682632,0.02458686311527251
3280.0,1.0,8.0,4294967295.0,4294967295.0,1.0,0.00804063080725655,0.011631327412093844,2469.0,1.0,-1.0,-1.0,0.9996862798937005,0.9695950480857485,8.0,0.023449721137260016,0.015063480179888747,0.02454843744042539
3281.0,1.0,8.0,4294967295.0,4294967295.0,1.0,0.00804063080725655,0.011631327412093842,2470.0,0.0,-1.0,-1.0,0.9996862798937005,0.9695950480857485,9.0,0.023449721137260016,0.015042472776094133,0.02451000031940853
3282.0,1.0,8.0,4294967295.0,4294967295.0,1.0,0.00804063080725655,0.011631327412093842,2471.0,3.0,-1.0,-1.0,0.9996862798937005,0.9695950480857485,10.0,0.023449721137260016,0.015021465372298745,0.02447155174458862
3283.0,1.0,7.0,4294967295.0,4294967295.0,1.0,0.00804063080725655,0.011631327412093842,2472.0,2.0,-1.0,-1.0,0.9996862798937005,0.9695950480857485,11.0,0.023449721137260016,0.015000457968502528,0.024433091708327234
3284.0,1.0,9.0,4294967295.0,4294967295.0,1.0,0.00804063080725655,0.011631327412093842,2473.0,0.0,-1.0,-1.0,0.9996862798937005,0.9695950480857485,11.0,0.023449721137260016,0.014979450564705423,0.02439462020298087
3285.0,1.0,4.0,4294967295.0,4294967295.0,1.0,0.00804063080725655,0.011631327412093842,2474.0,1.0,-1.0,-1.0,0.9996862798937005,0.9695950480857485,12.0,0.023449721137260016,0.014958443160907373,0.02435613722090092
3286.0,1.0,7.0,4294967295.0,4294967295.0,1.0,0.00804063080725655,0.01163132741209384,2475.0,1.0,-1.0,-1.0,0.9996862798937005,0.9695950480857485,13.0,0.023449721137260016,0.014937435757108309,0.024317642754433676
3287.0,1.0,7.0,4294967295.0,4294967295.0,1.0,0.00804063080725655,0.01163132741209384,2476.0,0.0,-1.0,-1.0,0.9996862798937005,0.9695950480857485,13.0,0.023449721137260016,0.01491642835330816,0.02427913679592033
3288.0,1.0,3.0,4294967295.0,4294967295.0,1.0,0.00804063080725655,0.011631327412093842,2477.0,0.0,-1.0,-1.0,0.9996862798937005,0.9695950480857485,14.0,0.023449721137260016,0.014895420949506855,0.024240619337696955
3289.0,1.0,9.0,4294967295.0,4294967295.0,1.0,0.00804063080725655,0.011631327412093842,2478.0,0.0,-1.0,-1.0,0.9996862798937005,0.9695950480857485,14.0,0.023449721137260016,0.014874413545704313,0.02420209037209453
3290.0,1.0,4.0,4294967295.0,4294967295.0,1.0,0.00804063080725655,0.01163132741209384,2479.0,1.0,-1.0,-1.0,0.9996862798937005,0.9695950480857485,15.0,0.023449721137260016,0.014853406141900448,0.024163549891438915
3291.0,1.0,8.0,4294967295.0,4294967295.0,1.0,0.00804063080725655,0.01163132741209384,2480.0,0.0,-1.0,-1.0,0.9996862798937005,0.9695950480857485,15.0,0.023449721137260016,0.014832398738095168,0.02412499788805084
3292.0,1.0,6.0,4294967295.0,4294967295.0,1.0,0.00804063080725655,0.011631327412093839,2481.0,0.0,-1.0,-1.0,0.9996862798937005,0.9695950480857485,16.0,0.023449721137260016,0.01481139133428838,0.024086434354245925
3293.0,1.0,5.0,4294967295.0,4294967295.0,1.0,0.00804063080725655,0.011631327412093837,2482.0,0.0,-1.0,-1.0,0.9996862798937005,0.9695950480857485,16.0,0.023449721137260016,0.014790383930479975,0.024047859282334664
3294.0,1.0,7.0,4294967295.0,4294967295.0,1.0,0.00804063080725655,0.011631327412093837,2483.0,2.0,-1.0,-1.0,0.9996862798937005,0.9695950480857485,17.0,0.023449721137260016,0.014769376526669842,0.024009272664622418
3295.0,1.0,7.0,4294967295.0,4294967295.0,1.0,0.00804063080725655,0.011631327412093837,2484.0,0.0,-1.0,-1.0,0.9996862798937005,0.9695950480857485,17.0,0.023449721137260016,0.014748369122857864,0.023970674493409422
3296.0,1.0,5.0,4294967295.0,4294967295.0,1.0,0.00804063080725655,0.011631327412093837,2485.0,0.0,-1.0,-1.0,0.9996862798937005,0.9695950480857485,18.0,0.023449721137260016,0.014727361719043913,0.023932064760990777
3297.0,1.0,6.0,4294967295.0,4294967295.0,1.0,0.00804063080725655,0.011631327412093837,2486.0,1.0,-1.0,-1.0,0.9996862798937005,0.9695950480857485,18.0,0.023449721137260016,0.014706354315227852,0.023893443459656438
3298.0,1.0,9.0,4294967295.0,4294967295.0,1.0,0.00804063080725655,0.01163132741209384,2487.0,2.0,-1.0,-1.0,0.9996862798937005,0.9695950480857485,19.0,0.023449721137260016,0.014685346911409537,0.023854810581691227
3299.0,1.0,8.0,4294967295.0,4294967295.0,1.0,0.00804063080725655,0.011631327412093842,2488.0,0.0,-1.0,-1.0,0.9996862798937005,0.9695950480857485,19.0,0.023449721137260016,0.014664339507588813,0.023816166119374812
3300.0,1.0,7.0,4294967295.0,4294967295.0,1.0,0.00804063080725655,0.011631327412093842,2489.0,0.0,-1.0,-1.0,0.9996862798937005,0.9695950480857485,19.0,0.023449721137260016,0.014643332103765512,0.023777510064981723
3301.0,1.0,6.0,4294967295.0,4294967295.0,1.0,0.00804063080725655,0.01163132741209384,2490.0,0.0,-1.0,-1.0,0.9996862798937005,0.9695950480857485,20.0,0.023449721137260016,0.014622324699939458,0.02373884241078133
3302.0,1.0,6.0,4294967295.0,4294967295.0,1.0,0.00804063080725655,0.011631327412093844,2491.0,0.0,-1.0,-1.0,0.9996862798937005,0.9695950480857485,20.0,0.023449721137260016,0.01460131729611046,0.023700163149037848
3303.0,1.0,11.0,4294967295.0,4294967295.0,1.0,0.00804063080725655,0.011631327412093844,2492.0,0.0,-1.0,-1.0,0.9996862798937005,0.9695950480857485,21.0,0.023449721137260016,0.014580309892278313,0.023661472272010337
3304.0,1.0,8.0,4294967295.0,4294967295.0,1.0,0.00804063080725655,0.011631327412093844,2493.0,1.0,-1.0,-1.0,0.9996862798937005,0.9695950480857485,21.0,0.023449721137260016,0.014559302488442807,0.02362276977195269
3305.0,1.0,6.0,4294967295.0,4294967295.0,1.0,0.00804063080725655,0.011631327412093842,2494.0,2.0,-1.0,-1.0,0.9996862798937005,0.9695950480857485,21.0,0.023449721137260016,0.014538295084603702,0.023584055641113644
3306.0,1.0,5.0,4294967295.0,4294967295.0,1.0,0.00804063080725655,0.011631327412093842,2495.0,1.0,-1.0,-1.0,0.9996862798937005,0.9695950480857485,22.0,0.023449721137260016,0.014517287680760757,0.023545329871736756
3307.0,1.0,6.0,4294967295.0,4294967295.0,1.0,0.00804063080725655,0.011631327412093842,2496.0,0.0,-1.0,-1.0,0.9996862798937005,0.9695950480857485,22.0,0.023449721137260016,0.0144962802769137,0.023506592456060404
3308.0,1.0,3.0,4294967295.0,4294967295.0,1.0,0.00804063080725655,0.011631327412093844,2497.0,0.0,-1.0,-1.0,0.9996862798937005,0.9695950480857485,22.0,0.023449721137260016,0.014475272873062255,0.023467843386317813
3309.0,1.0,3.0,4294967295.0,4294967295.0,1.0,0.00804063080725655,0.011631327412093844,2498.0,2.0,-1.0,-1.0,0.9996862798937005,0.9695950480857485,23.0,0.023449721137260016,0.014454265469206116,0.02342908265473701
3310.0,1.0,8.0,4294967295.0,4294967295.0,1.0,0.00804063080725655,0.011631327412093844,2499.0,0.0,-1.0,-1.0,0.9996862798937005,0.9695950480857485,23.0,0.023449721137260016,0.01443325806534496,0.02339031025354085
3311.0,1.0,7.0,4294967295.0,4294967295.0,1.0,0.00804063080725655,0.011631327412093847,2500.0,1.0,-1.0,-1.0,0.9996862798937005,0.9695950480857485,23.0,0.023449721137260016,0.01441225066147844,0.023351526174946985
3312.0,1.0,5.0,4294967295.0,4294967295.0,1.0,0.00804063080725655,0.011631327412093845,2501.0,0.0,-1.0,-1.0,0.9996862798937005,0.9695950480857485,23.0,0.023449721137260016,0.014391243257606184,0.023312730411167888
3313.0,1.0,2.0,4294967295.0,4294967295.0,1.0,0.00804063080725655,0.011631327412093847,2502.0,1.0,-1.0,-1.0,0.9996862798937005,0.9695950480857485,24.0,0.023449721137260016,0.014370235853727802,0.023273922954410848
3314.0,1.0,4.0,4294967295.0,4294967295.0,1.0,0.00804063080725655,0.011631327412093845,2503.0,2.0,-1.0,-1.0,0.9996862798937005,0.9695950480857485,24.0,0.023449721137260016,0.01434922844984287,0.023235103796877942
3315.0,1.0,4.0,4294967295.0,4294967295.0,1.0,0.00804063080725655,0.011631327412093847,2504.0,0.0,-1.0,-1.0,0.9996862798937005,0.9695950480857485,24.0,0.023449721137260016,0.014328221045950934,0.02319627293076605
3316.0,1.0,7.0,4294967295.0,4294967295.0,1.0,0.00804063080725655,0.011631327412093845,2505.0,0.0,-1.0,-1.0,0.9996862798937005,0.9695950480857485,25.0,0.023449721137260016,0.014307213642051514,0.02315743034826686
3317.0,1.0,6.0,4294967295.0,4294967295.0,1.0,0.00804063080725655,0.011631327412093844,2506.0,0.0,-1.0,-1.0,0.9996862798937005,0.9695950480857485,25.0,0.023449721137260016,0.01428620623814409,0.023118576041566828
3318.0,1.0,7.0,4294967295.0,4294967295.0,1.0,0.00804063080725655,0.011631327412093845,2507.0,0.0,-1.0,-1.0,0.9996862798937005,0.9695950480857485,25.0,0.023449721137260016,0.014265198834228117,0.02307971000284722
3319.0,1.0,6.0,4294967295.0,4294967295.0,1.0,0.00804063080725655,0.011631327412093845,2508.0,1.0,-1.0,-1.0,0.9996862798937005,0.9695950480857485,25.0,0.023449721137260016,0.014244191430302998,0.02304083222428409
3320.0,1.0,6.0,4294967295.0,4294967295.0,1.0,0.00804063080725655,0.011631327412093847,2509.0,1.0,-1.0,-1.0,0.9996862798937005,0.9695950480857485,26.0,0.023449721137260016,0.014223184026368109,0.02300194269804825
3321.0,1.0,4.0,4294967295.0,4294967295.0,1.0,0.00804063080725655,0.011631327412093847,2510.0,0.0,-1.0,-1.0,0.9996862798937005,0.9695950480857485,26.0,0.023449721137260016,0.01420217662242277,0.022963041416305324
3322.0,1.0,8.0,4294967295.0,4294967295.0,1.0,0.00804063080725655,0.011631327412093847,2511.0,0.0,-1.0,-1.0,0.9996862798937005,0.9695950480857485,26.0,0.023449721137260016,0.014181169218466266,0.022924128371215685
3323.0,1.0,5.0,4294967295.0,4294967295.0,1.0,0.00804063080725655,0.011631327412093849,2512.0,1.0,-1.0,-1.0,0.9996862798937005,0.9695950480857485,26.0,0.023449721137260016,0.014160161814497828,0.022885203554934494
3324.0,1.0,9.0,4294967295.0,4294967295.0,1.0,0.00804063080725655,0.01163132741209385,2513.0,0.0,-1.0,-1.0,0.9996862798937005,0.9695950480857485,27.0,0.023449721137260016,0.014139154410516627,0.02284626695961166
3325.0,1.0,3.0,4294967295.0,4294967295.0,1.0,0.00804063080725655,0.011631327412093852,2514.0,0.0,-1.0,-1.0,0.9996862798937005,0.9695950480857485,27.0,0.023449721137260016,0.014118147006521788,0.022807318577391884
3326.0,1.0,8.0,4294967295.0,4294967295.0,1.0,0.00804063080725655,0.011631327412093854,2515.0,1.0,-1.0,-1.0,0.9996862798937005,0.9695950480857485,27.0,0.023449721137260016,0.014097139602512371,0.022768358400414607
3327.0,1.0,8.0,4294967295.0,4294967295.0,1.0,0.00804063080725655,0.011631327412093856,2516.0,1.0,-1.0,-1.0,0.9996862798937005,0.9695950480857485,27.0,0.023449721137260016,0.014076132198487367,0.02272938642081404
3328.0,1.0,11.0,4294967295.0,4294967295.0,1.0,0.00804063080725655,0.011631327412093856,2517.0,1.0,-1.0,-1.0,0.9996862798937005,0.9695950480857485,27.0,0.023449721137260016,0.014055124794445706,0.022690402630719145
3329.0,1.0,6.0,4294967295.0,4294967295.0,1.0,0.00804063080725655,0.011631327412093858,2518.0,0.0,-1.0,-1.0,0.9996862798937005,0.9695950480857485,28.0,0.023449721137260016,0.014034117390386236,0.022651407022253628
3330.0,1.0,4.0,4294967295.0,4294967295.0,1.0,0.00804063080725655,0.01163132741209386,2519.0,2.0,-1.0,-1.0,0.9996862798937005,0.9695950480857485,28.0,0.023449721137260016,0.014013109986307733,0.022612399587535956
3331.0,1.0,7.0,4294967295.0,4294967295.0,1.0,0.00804063080725655,0.01163132741209386,2520.0,0.0,-1.0,-1.0,0.9996862798937005,0.9695950480857485,28.0,0.023449721137260016,0.013992102582208883,0.022573380318679327
3332.0,1.0,1.0,4294967295.0,4294967295.0,1.0,0.00804063080725655,0.01163132741209386,2521.0,0.0,-1.0,-1.0,0.9996862798937005,0.9695950480857485,28.0,0.023449721137260016,0.013971095178088283,0.022534349207791685
3333.0,1.0,6.0,4294967295.0,4294967295.0,1.0,0.00804063080725655,0.011631327412093858,2522.0,3.0,-1.0,-1.0,0.9996862798937005,0.9695950480857485,28.0,0.023449721137260016,0.013950087773944433,0.02249530624697571
3334.0,1.0,11.0,4294967295.0,4294967295.0,1.0,0.00804063080725655,0.011631327412093858,2523.0,2.0,-1.0,-1.0,0.9996862798937005,0.9695950480857485,29.0,0.023449721137260016,0.01392908036977573,0.02245625142832882
3335.0,1.0,11.0,4294967295.0,4294967295.0,1.0,0.00804063080725655,0.011631327412093858,2524.0,0.0,-1.0,-1.0,0.9996862798937005,0.9695950480857485,29.0,0.023449721137260016,0.013908072965580467,0.022417184743943153
3336.0,1.0,4.0,4294967295.0,4294967295.0,1.0,0.00804063080725655,0.011631327412093858,2525.0,0.0,-1.0,-1.0,0.9996862798937005,0.9695950480857485,29.0,0.023449721137260016,0.013887065561356802,0.022378106185905584
3337.0,1.0,8.0,4294967295.0,4294967295.0,1.0,0.00804063080725655,0.011631327412093858,2526.0,2.0,-1.0,-1.0,0.9996862798937005,0.9695950480857485,29.0,0.023449721137260016,0.013866058157102784,0.0223390157462977
3338.0,1.0,9.0,4294967295.0,4294967295.0,1.0,0.00804063080725655,0.01163132741209386,2527.0,0.0,-1.0,-1.0,0.9996862798937005,0.9695950480857485,29.0,0.023449721137260016,0.01384505075281632,0.022299913417195824
3339.0,1.0,6.0,4294967295.0,4294967295.0,1.0,0.00804063080725655,0.01163132741209386,2528.0,1.0,-1.0,-1.0,0.9996862798937005,0.9695950480857485,30.0,0.023449721137260016,0.013824043348495171,0.022260799190670973
3340.0,1.0,5.0,4294967295.0,4294967295.0,1.0,0.00804063080725655,0.01163132741209386,2529.0,0.0,-1.0,-1.0,0.9996862798937005,0.9695950480857485,30.0,0.023449721137260016,0.01380303594413695,0.022221673058788895
3341.0,1.0,5.0,4294967295.0,4294967295.0,1.0,0.00804063080725655,0.011631327412093858,2530.0,0.0,-1.0,-1.0,0.9996862798937005,0.9695950480857485,30.0,0.023449721137260016,0.013782028539739095,0.022182535013610033
3342.0,1.0,7.0,4294967295.0,4294967295.0,1.0,0.00804063080725655,0.011631327412093856,2531.0,0.0,-1.0,-1.0,0.9996862798937005,0.9695950480857485,30.0,0.023449721137260016,0.013761021135298878,0.022143385047189545
3343.0,1.0,3.0,4294967295.0,4294967295.0,1.0,0.008040630807256552,0.011631327412093858,2532.0,1.0,-1.0,-1.0,0.9996862798937005,0.9695950480857485,30.0,0.023449721137260016,0.013740013730813381,0.022104223151577288
3344.0,1.0,7.0,4294967295.0,4294967295.0,1.0,0.008040630807256552,0.011631327412093856,2533.0,0.0,-1.0,-1.0,0.9996862798937005,0.9695950480857485,30.0,0.023449721137260016,0.013719006326279475,0.02206504931881781
3345.0,1.0,5.0,4294967295.0,4294967295.0,1.0,0.008040630807256552,0.011631327412093854,2534.0,2.0,-1.0,-1.0,0.9996862798937005,0.9695950480857485,31.0,0.023449721137260016,0.013697998921693828,0.022025863540950368
3346.0,1.0,6.0,4294967295.0,4294967295.0,1.0,0.00804063080725655,0.011631327412093852,2535.0,0.0,-1.0,-1.0,0.9996862798937005,0.9695950480857485,31.0,0.023449721137260016,0.013676991517052872,0.02198666581000889
3347.0,1.0,4.0,4294967295.0,4294967295.0,1.0,0.00804063080725655,0.011631327412093852,2536.0,2.0,-1.0,-1.0,0.9996862798937005,0.9695950480857485,31.0,0.023449721137260016,0.013655984112352793,0.021947456118022013
3348.0,1.0,10.0,4294967295.0,4294967295.0,1.0,0.00804063080725655,0.011631327412093854,2537.0,1.0,-1.0,-1.0,0.9996862798937005,0.9695950480857485,31.0,0.023449721137260016,0.013634976707589518,0.021908234457013044
3349.0,1.0,5.0,4294967295.0,4294967295.0,1.0,0.00804063080725655,0.011631327412093856,2538.0,0.0,-1.0,-1.0,0.9996862798937005,0.9695950480857485,31.0,0.023449721137260016,0.013613969302758686,0.02186900081899998
3350.0,1.0,6.0,4294967295.0,4294967295.0,1.0,0.00804063080725655,0.011631327412093856,2539.0,1.0,-1.0,-1.0,0.9996862798937005,0.9695950480857485,31.0,0.023449721137260016,0.013592961897855645,0.021829755195995476
3351.0,1.0,6.0,4294967295.0,4294967295.0,1.0,0.00804063080725655,0.011631327412093858,2540.0,3.0,-1.0,-1.0,0.9996862798937005,0.9695950480857485,32.0,0.023449721137260016,0.013571954492875413,0.021790497580006885
3352.0,1.0,5.0,4294967295.0,4294967295.0,1.0,0.00804063080725655,0.011631327412093858,2541.0,0.0,-1.0,-1.0,0.9996862798937005,0.9695950480857485,32.0,0.023449721137260016,0.013550947087812671,0.021751227963036218
3353.0,1.0,1.0,4294967295.0,4294967295.0,1.0,0.00804063080725655,0.011631327412093858,2542.0,0.0,-1.0,-1.0,0.9996862798937005,0.9695950480857485,32.0,0.023449721137260016,0.013529939682661727,0.021711946337080144
3354.0,1.0,8.0,4294967295.0,4294967295.0,1.0,0.00804063080725655,0.011631327412093858,2543.0,0.0,-1.0,-1.0,0.9996862798937005,0.9695950480857485,32.0,0.023449721137260016,0.013508932277416504,0.021672652694130018
3355.0,1.0,2.0,4294967295.0,4294967295.0,1.0,0.00804063080725655,0.011631327412093858,2544.0,0.0,-1.0,-1.0,0.9996862798937005,0.9695950480857485,32.0,0.023449721137260016,0.013487924872070504,0.021633347026171833
3356.0,1.0,1.0,4294967295.0,4294967295.0,1.0,0.00804063080725655,0.011631327412093856,2545.0,1.0,-1.0,-1.0,0.9996862798937005,0.9695950480857485,32.0,0.023449721137260016,0.013466917466616775,0.02159402932518624
3357.0,1.0,8.0,4294967295.0,4294967295.0,2.0,0.00804063080725655,0.011631327412093854,2546.0,2.0,-1.0,-1.0,0.9996862798937005,0.9695950480857485,32.0,0.023449721137260016,0.01344591006104789,0.02155469958314855
3359.0,2.0,17.0,4294967295.0,4294967295.0,2.0,0.007974546111179079,0.01155986914639146,2547.0,1.0,-1.0,-1.0,0.9993539822908061,0.939416337053971,0.0,0.023449721137260016,0.013318500078660228,0.021401361888692263
3361.0,2.0,9.0,4294967295.0,4294967295.0,2.0,0.007910489642433204,0.01148844984858781,2548.0,0.0,-1.0,-1.0,0.9993539616175972,0.9394694542828419,0.0,0.023449721137260016,0.013212462763310704,0.02125117007843561
3363.0,2.0,11.0,4294967295.0,4294967295.0,2.0,0.007846429626080221,0.011417030553202185,2549.0,1.0,-1.0,-1.0,0.9993539616164318,0.9394693794616078,0.0,0.023449721137260016,0.01310638788673188,0.021100930172513573
3365.0,2.0,4.0,4294967295.0,4294967295.0,2.0,0.007782369614715431,0.011345611257816676,2550.0,0.0,-1.0,-1.0,0.9993539616164316,0.9394693795582207,0.0,0.023449721137260016,0.013000313062349118,0.020950641909278853
3367.0,2.0,11.0,4294967295.0,4294967295.0,2.0,0.007718309603344205,0.011274191962431155,2551.0,0.0,-1.0,-1.0,0.9993539616164318,0.9394693795581006,0.0,0.023449721137260016,0.012894238237111756,0.020800305224200975
3369.0,2.0,14.0,4294967295.0,4294967295.0,2.0,0.007654249591972986,0.01120277266704562,2552.0,1.0,-1.0,-1.0,0.9993539616164318,0.9394693795581008,0.0,0.023449721137260016,0.012788163410976,0.020649920052674423
3371.0,2.0,13.0,4294967295.0,4294967295.0,2.0,0.007590189580601767,0.011131353371660073,2553.0,1.0,-1.0,-1.0,0.9993539616164316,0.9394693795581008,0.0,0.023449721137260016,0.012682088583813613,0.020499486330007477
3373.0,2.0,14.0,4294967295.0,4294967295.0,2.0,0.007526129569230547,0.011059934076274513,2554.0,1.0,-1.0,-1.0,0.9993539616164318,0.9394693795581008,0.0,0.023449721137260016,0.012576013755478165,0.020349003991422115
3375.0,2.0,16.0,4294967295.0,4294967295.0,2.0,0.0074620695578593264,0.010988514780888943,2555.0,0.0,-1.0,-1.0,0.9993539616164318,0.9394693795581008,0.0,0.023449721137260016,0.012469938925802344,0.020198472972053877
3377.0,2.0,7.0,4294967295.0,4294967295.0,2.0,0.007398009546488104,0.010917095485503363,2556.0,0.0,-1.0,-1.0,0.9993539616164316,0.9394693795581008,0.0,0.023449721137260016,0.01236386409459497,0.020047893206951755
3379.0,2.0,8.0,4294967295.0,4294967295.0,2.0,0.0073339495351168816,0.010845676190117767,2557.0,0.0,-1.0,-1.0,0.9993539616164318,0.9394693795581008,0.0,0.023449721137260016,0.012257789261637597,0.019897264631078094
3381.0,2.0,7.0,4294967295.0,4294967295.0,2.0,0.007269889523745657,0.01077425689473216,2558.0,0.0,-1.0,-1.0,0.9993539616164318,0.9394693795581008,0.0,0.023449721137260016,0.012151714426680622,0.019746587179308453
3383.0,2.0,10.0,4294967295.0,4294967295.0,2.0,0.007205829512374432,0.01070283759934654,2559.0,1.0,-1.0,-1.0,0.9993539616164316,0.9394693795581008,0.0,0.023449721137260016,0.012045639589438844,0.01959586078643151
3385.0,2.0,12.0,4294967295.0,4294967295.0,2.0,0.007141769501003205,0.010631418303960909,2560.0,1.0,-1.0,-1.0,0.9993539616164318,0.9394693795581008,0.0,0.023449721137260016,0.011939564749586374,0.01944508538714894
3387.0,2.0,14.0,4294967295.0,4294967295.0,2.0,0.007077709489631976,0.010559999008575266,2561.0,2.0,-1.0,-1.0,0.9993539616164318,0.9394693795581008,0.0,0.023449721137260016,0.01183348990675085,0.019294260916075272
3389.0,2.0,10.0,4294967295.0,4294967295.0,2.0,0.007013649478260746,0.01048857971318961,2562.0,1.0,-1.0,-1.0,0.9993539616164316,0.9394693795581008,0.0,0.023449721137260016,0.011727415060506795,0.019143387307737826
3391.0,2.0,10.0,4294967295.0,4294967295.0,2.0,0.006949589466889513,0.01041716041780394,2563.0,0.0,-1.0,-1.0,0.9993539616164318,0.9394693795581008,0.0,0.023449721137260016,0.011621340210368054,0.01899246449657655
3393.0,2.0,13.0,4294967295.0,4294967295.0,2.0,0.006885529455518278,0.01034574112241826,2564.0,0.0,-1.0,-1.0,0.9993539616164318,0.9394693795581008,0.0,0.023449721137260016,0.01151526535577912,0.018841492416943925
3395.0,2.0,7.0,4294967295.0,4294967295.0,2.0,0.006821469444147039,0.010274321827032565,2565.0,2.0,-1.0,-1.0,0.9993539616164316,0.9394693795581008,0.0,0.023449721137260016,0.01140919049610526,0.018690471003104836
3397.0,2.0,17.0,4294967295.0,4294967295.0,2.0,0.006757409432775797,0.010202902531646858,2566.0,0.0,-1.0,-1.0,0.9993539616164318,0.9394693795581008,0.0,0.023449721137260016,0.01130311563062121,0.018539400189236475
3399.0,2.0,12.0,4294967295.0,4294967295.0,2.0,0.006693349421404551,0.010131483236261138,2567.0,1.0,-1.0,-1.0,0.9993539616164318,0.9394693795581008,0.0,0.023449721137260016,0.011197040758498259,0.0183882799094282
3401.0,2.0,15.0,4294967295.0,4294967295.0,2.0,0.006629289410033302,0.010060063940875405,2568.0,0.0,-1.0,-1.0,0.9993539616164316,0.9394693795581008,0.0,0.023449721137260016,0.011090965878789497,0.018237110097681433
3403.0,2.0,14.0,4294967295.0,4294967295.0,2.0,0.006565229398662047,0.009988644645489661,2569.0,0.0,-1.0,-1.0,0.9993539616164318,0.9394693795581008,0.0,0.023449721137260016,0.01098489099041295,0.018085890687909556
3405.0,2.0,8.0,4294967295.0,4294967295.0,2.0,0.006501169387290785,0.009917225350103904,2570.0,0.0,-1.0,-1.0,0.9993539616164318,0.9394693795581008,0.0,0.023449721137260016,0.010878816092132329,0.01793462161393775
3407.0,2.0,11.0,4294967295.0,4294967295.0,2.0,0.006437109375919518,0.009845806054718138,2571.0,1.0,-1.0,-1.0,0.9993539616164316,0.9394693795581008,0.0,0.023449721137260016,0.01077274118253501,0.017783302809502917
3409.0,2.0,10.0,4294967295.0,4294967295.0,2.0,0.006373049364548242,0.009774386759332357,2572.0,1.0,-1.0,-1.0,0.9993539616164318,0.9394693795581008,0.0,0.023449721137260016,0.01066666626000689,0.017631934208253555
3411.0,2.0,7.0,4294967295.0,4294967295.0,2.0,0.006308989353176958,0.009702967463946565,2573.0,0.0,-1.0,-1.0,0.9993539616164318,0.9394693795581008,0.0,0.023449721137260016,0.010560591322703634,0.017480515743749616
3413.0,2.0,15.0,4294967295.0,4294967295.0,2.0,0.006244929341805664,0.00963154816856076,2574.0,1.0,-1.0,-1.0,0.9993539616164316,0.9394693795581008,0.0,0.023449721137260016,0.010454516368517857,0.01732904734946243
3415.0,2.0,9.0,4294967295.0,4294967295.0,2.0,0.006180869330434358,0.00956012887317494,2575.0,0.0,-1.0,-1.0,0.9993539616164318,0.9394693795581008,0.0,0.023449721137260016,0.010348441395041597,0.017177528958774543
3417.0,2.0,9.0,4294967295.0,4294967295.0,2.0,0.006116809319063041,0.009488709577789108,2576.0,0.0,-1.0,-1.0,0.9993539616164318,0.9394693795581008,0.0,0.023449721137260016,0.010242366399523438,0.01702596050497963
3419.0,2.0,15.0,4294967295.0,4294967295.0,2.0,0.006052749307691708,0.009417290282403264,2577.0,0.0,-1.0,-1.0,0.9993539616164316,0.9394693795581008,0.0,0.023449721137260016,0.01013629137881953,0.01687434192128236
3421.0,2.0,12.0,4294967295.0,4294967295.0,2.0,0.005988689296320358,0.009345870987017408,2578.0,0.0,-1.0,-1.0,0.9993539616164318,0.9394693795581008,0.0,0.023449721137260016,0.010030216329337614,0.01672267314079829
3423.0,2.0,14.0,4294967295.0,4294967295.0,2.0,0.005924629284948988,0.009274451691631536,2579.0,0.0,-1.0,-1.0,0.9993539616164318,0.9394693795581008,0.0,0.023449721137260016,0.009924141246973068,0.016570954096553722
3425.0,2.0,11.0,4294967295.0,4294967295.0,2.0,0.005860569273577597,0.009203032396245654,2580.0,0.0,-1.0,-1.0,0.9993539616164316,0.9394693795581008,0.0,0.023449721137260016,0.009818066127035821,0.01641918472148561
3427.0,2.0,10.0,4294967295.0,4294967295.0,2.0,0.005796509262206181,0.009131613100859757,2581.0,2.0,-1.0,-1.0,0.9993539616164318,0.9394693795581008,0.0,0.023449721137260016,0.009711990964166854,0.016267364948441443
3429.0,2.0,18.0,4294967295.0,4294967295.0,2.0,0.005732449250834736,0.009060193805473848,2582.0,0.0,-1.0,-1.0,0.9993539616164318,0.9394693795581008,0.0,0.023449721137260016,0.009605915752242788,0.01611549471017909
3431.0,2.0,12.0,4294967295.0,4294967295.0,2.0,0.0056683892394632585,0.008988774510087928,2583.0,0.0,-1.0,-1.0,0.9993539616164316,0.9394693795581008,0.0,0.023449721137260016,0.009499840484266865,0.015963573939366718
3433.0,2.0,10.0,4294967295.0,4294967295.0,2.0,0.005604329228091743,0.008917355214701994,2584.0,1.0,-1.0,-1.0,0.9993539616164318,0.9394693795581008,0.0,0.023449721137260016,0.009393765152244375,0.015811602568582658
3435.0,2.0,11.0,4294967295.0,4294967295.0,2.0,0.005540269216720186,0.008845935919316048,2585.0,0.0,-1.0,-1.0,0.9993539616164318,0.9394693795581008,0.0,0.023449721137260016,0.009287689747040317,0.01565958053031528
3437.0,2.0,10.0,4294967295.0,4294967295.0,2.0,0.005476209205348579,0.008774516623930088,2586.0,0.0,-1.0,-1.0,0.9993539616164316,0.9394693795581008,0.0,0.023449721137260016,0.009181614258216755,0.015507507756962885
3439.0,2.0,5.0,4294967295.0,4294967295.0,2.0,0.005412149193976916,0.008703097328544115,2587.0,0.0,-1.0,-1.0,0.9993539616164318,0.9394693795581008,0.0,0.023449721137260016,0.00907553867384699,0.015355384180833574
3441.0,2.0,10.0,4294967295.0,4294967295.0,2.0,0.005348089182605189,0.00863167803315813,2588.0,0.0,-1.0,-1.0,0.9993539616164318,0.9394693795581008,0.0,0.023449721137260016,0.008969462980303204,0.015203209734145132
3443.0,2.0,12.0,4294967295.0,4294967295.0,2.0,0.005284029171233389,0.008560258737772131,2589.0,1.0,-1.0,-1.0,0.9993539616164316,0.9394693795581008,0.0,0.023449721137260016,0.008863387162013845,0.01505098434902491
3445.0,2.0,11.0,4294967295.0,4294967295.0,2.0,0.005219969159861506,0.008488839442386119,2590.0,1.0,-1.0,-1.0,0.9993539616164318,0.9394693795581008,0.0,0.023449721137260016,0.00875731120118637,0.0148987079575097
3447.0,2.0,10.0,4294967295.0,4294967295.0,2.0,0.005155909148489526,0.008417420147000094,2591.0,0.0,-1.0,-1.0,0.9993539616164318,0.9394693795581008,0.0,0.023449721137260016,0.008651235077490478,0.014746380491545617
3449.0,2.0,10.0,4294967295.0,4294967295.0,2.0,0.005091849137117438,0.008346000851614056,2592.0,0.0,-1.0,-1.0,0.9993539616164316,0.9394693795581008,0.0,0.023449721137260016,0.008545158767696149,0.014594001882987971
3451.0,2.0,12.0,4294967295.0,4294967295.0,2.0,0.0050277891257452245,0.008274581556228004,2593.0,1.0,-1.0,-1.0,0.9993539616164318,0.9394693795581008,0.0,0.023449721137260016,0.008439082245260045,0.014441572063601166
3453.0,2.0,19.0,4294967295.0,4294967295.0,2.0,0.004963729114372871,0.008203162260841938,2594.0,0.0,-1.0,-1.0,0.9993539616164318,0.9394693795581008,0.0,0.023449721137260016,0.008333005479852941,0.014289090965058548
3455.0,2.0,7.0,4294967295.0,4294967295.0,2.0,0.004899669103000354,0.008131742965455858,2595.0,0.0,-1.0,-1.0,0.9993539616164316,0.9394693795581008,0.0,0.023449721137260016,0.00822692843681973,0.01413655851894231
3457.0,2.0,10.0,4294967295.0,4294967295.0,2.0,0.004835609091627651,0.008060323670069768,2596.0,0.0,-1.0,-1.0,0.9993539616164318,0.9394693795581008,0.0,0.023449721137260016,0.008120851076562427,0.013983974656743357
3459.0,2.0,14.0,4294967295.0,4294967295.0,2.0,0.004771549080254735,0.007988904374683662,2597.0,0.0,-1.0,-1.0,0.9993539616164318,0.9394693795581008,0.0,0.023449721137260016,0.008014773353835162,0.01383133930986119
3461.0,2.0,12.0,4294967295.0,4294967295.0,2.0,0.004707489068881577,0.007917485079297543,2598.0,0.0,-1.0,-1.0,0.9993539616164316,0.9394693795581008,0.0,0.023449721137260016,0.007908695216938622,0.013678652409603781
3463.0,2.0,13.0,4294967295.0,4294967295.0,2.0,0.004643429057508142,0.00784606578391141,2599.0,0.0,-1.0,-1.0,0.9993539616164318,0.9394693795581008,0.0,0.023449721137260016,0.007802616606799585,0.013525913887187449
3465.0,2.0,10.0,4294967295.0,4294967295.0,2.0,0.0045793690461343895,0.007774646488525264,2600.0,1.0,-1.0,-1.0,0.9993539616164318,0.9394693795581008,0.0,0.023449721137260016,0.007696537455919181,0.013373123673736744
3467.0,2.0,14.0,4294967295.0,4294967295.0,2.0,0.004515309034760275,0.007703227193139105,2601.0,0.0,-1.0,-1.0,0.9993539616164316,0.9394693795581008,0.0,0.023449721137260016,0.007590457687171129,0.013220281700284314
3469.0,2.0,18.0,4294967295.0,4294967295.0,2.0,0.004451249023385747,0.007631807897752933,2602.0,1.0,-1.0,-1.0,0.9993539616164318,0.9394693795581008,0.0,0.023449721137260016,0.007484377212428589,0.0130673878977708
3471.0,2.0,12.0,4294967295.0,4294967295.0,2.0,0.004387189012010748,0.007560388602366747,2603.0,1.0,-1.0,-1.0,0.9993539616164318,0.9394693795581008,0.0,0.023449721137260016,0.007378295930995125,0.012914442197044695
3473.0,2.0,17.0,4294967295.0,4294967295.0,2.0,0.004323129000635209,0.007488969306980548,2604.0,1.0,-1.0,-1.0,0.9993539616164316,0.9394693795581008,0.0,0.023449721137260016,0.00727221372781191,0.012761444528862225
3475.0,2.0,15.0,4294967295.0,4294967295.0,2.0,0.004259068989259053,0.007417550011594334,2605.0,0.0,-1.0,-1.0,0.9993539616164318,0.9394693795581008,0.0,0.023449721137260016,0.007166130471409205,0.012608394823887242
3477.0,2.0,9.0,4294967295.0,4294967295.0,2.0,0.004195008977882191,0.007346130716208109,2606.0,0.0,-1.0,-1.0,0.9993539616164318,0.9394693795581008,0.0,0.023449721137260016,0.00706004601156566,0.012455293012691073
3479.0,2.0,12.0,4294967295.0,4294967295.0,2.0,0.004130948966504525,0.00727471142082187,2607.0,1.0,-1.0,-1.0,0.9993539616164316,0.9394693795581008,0.0,0.023449721137260016,0.00695396017663376,0.012302139025752425
3481.0,2.0,15.0,4294967295.0,4294967295.0,2.0,0.004066888955125938,0.007203292125435616,2608.0,0.0,-1.0,-1.0,0.9993539616164318,0.9394693795581008,0.0,0.023449721137260016,0.006847872770483801,0.01214893279345724
3483.0,2.0,12.0,4294967295.0,4294967295.0,2.0,0.0040028289437463,0.00713187283004935,2609.0,1.0,-1.0,-1.0,0.9993539616164318,0.9394693795581008,0.0,0.023449721137260016,0.006741783569011975,0.01199567424609858
3485.0,2.0,11.0,4294967295.0,4294967295.0,2.0,0.0039387689323654605,0.007060453534663068,2610.0,0.0,-1.0,-1.0,0.9993539616164316,0.9394693795581008,0.0,0.023449721137260016,0.006635692316150409,0.011842363313876508
3487.0,2.0,14.0,4294967295.0,4294967295.0,2.0,0.0038747089209832486,0.006989034239276774,2611.0,1.0,-1.0,-1.0,0.9993539616164318,0.9394693795581008,0.0,0.023449721137260016,0.006529598719308111,0.011688999926897953
3489.0,2.0,18.0,4294967295.0,4294967295.0,2.0,0.0038106489095994685,0.006917614943890465,2612.0,0.0,-1.0,-1.0,0.9993539616164318,0.9394693795581008,0.0,0.023449721137260016,0.006423502444161653,0.01153558401517659
3491.0,2.0,9.0,4294967295.0,4294967295.0,2.0,0.003746588898213895,0.006846195648504144,2613.0,1.0,-1.0,-1.0,0.9993539616164316,0.9394693795581008,0.0,0.023449721137260016,0.00631740310870285,0.011382115508632721
3493.0,2.0,13.0,4294967295.0,4294967295.0,2.0,0.0036825288868262735,0.006774776353117808,2614.0,0.0,-1.0,-1.0,0.9993539616164318,0.9394693795581008,0.0,0.023449721137260016,0.006211300276437452,0.011228594337093147
3495.0,2.0,9.0,4294967295.0,4294967295.0,2.0,0.0036184688754363125,0.006703357057731458,2615.0,0.0,-1.0,-1.0,0.9993539616164318,0.9394693795581008,0.0,0.023449721137260016,0.006105193448613764,0.011075020430291033
3497.0,2.0,11.0,4294967295.0,4294967295.0,2.0,0.003554408864043677,0.006631937762345096,2616.0,0.0,-1.0,-1.0,0.9993539616164316,0.9394693795581008,0.0,0.023449721137260016,0.005999082055342827,0.010921393717865803
3499.0,2.0,12.0,4294967295.0,4294967295.0,2.0,0.003490348852647987,0.006560518466958719,2617.0,0.0,-1.0,-1.0,0.9993539616164318,0.9394693795581008,0.0,0.023449721137260016,0.005892965445452064,0.010767714129363
3501.0,2.0,13.0,4294967295.0,4294967295.0,2.0,0.003426288841248806,0.0064890991715723274,2618.0,0.0,-1.0,-1.0,0.9993539616164318,0.9394693795581008,0.0,0.023449721137260016,0.00578684287489175,0.01061398159423417
3503.0,2.0,17.0,4294967295.0,4294967295.0,2.0,0.0033622288298456354,0.006417679876185922,2619.0,0.0,-1.0,-1.0,0.9993539616164316,0.9394693795581008,0.0,0.023449721137260016,0.0056807134934878855,0.01046019604183672
3505.0,2.0,18.0,4294967295.0,4294967295.0,2.0,0.003298168818437908,0.006346260580799503,2620.0,1.0,-1.0,-1.0,0.9993539616164318,0.9394693795581008,0.0,0.023449721137260016,0.005574576329805627,0.010306357401433814
3507.0,2.0,15.0,4294967295.0,4294967295.0,2.0,0.0032341088070249715,0.00627484128541307,2621.0,1.0,-1.0,-1.0,0.9993539616164318,0.9394693795581008,0.0,0.023449721137260016,0.005468430273853775,0.010152465602194235
3509.0,2.0,7.0,4294967295.0,4294967295.0,2.0,0.003170048795606085,0.006203421990026623,2622.0,1.0,-1.0,-1.0,0.9993539616164316,0.9394693795581008,0.0,0.023449721137260016,0.005362274057322397,0.009998520573192258
3511.0,2.0,13.0,4294967295.0,4294967295.0,2.0,0.003105988784180399,0.006132002694640162,2623.0,0.0,-1.0,-1.0,0.9993539616164318,0.9394693795581008,0.0,0.023449721137260016,0.005256106231001725,0.009844522243407533
3513.0,2.0,15.0,4294967295.0,4294967295.0,2.0,0.0030419287727469434,0.006060583399253687,2624.0,1.0,-1.0,-1.0,0.9993539616164318,0.9394693795581008,0.0,0.023449721137260016,0.005149925138980304,0.00969047054172495
3515.0,2.0,17.0,4294967295.0,4294967295.0,2.0,0.0029778687613046103,0.005989164103867198,2625.0,0.0,-1.0,-1.0,0.9993539616164316,0.9394693795581008,0.0,0.023449721137260016,0.005043728889163001,0.009536365396934513
3517.0,2.0,12.0,4294967295.0,4294967295.0,2.0,0.0029138087498521334,0.005917744808480695,2626.0,0.0,-1.0,-1.0,0.9993539616164318,0.9394693795581008,0.0,0.023449721137260016,0.0049375153195839756,0.009382206737731222
3519.0,2.0,8.0,4294967295.0,4294967295.0,2.0,0.0028497487383880664,0.005846325513094178,2627.0,1.0,-1.0,-1.0,0.9993539616164318,0.9394693795581008,0.0,0.023449721137260016,0.004831281959914861,0.009227994492714936
3521.0,2.0,8.0,4294967295.0,4294967295.0,2.0,0.002785688726910756,0.005774906217707645,2628.0,1.0,-1.0,-1.0,0.9993539616164316,0.9394693795581008,0.0,0.023449721137260016,0.004725025987482819,0.00907372859039025
3523.0,2.0,13.0,4294967295.0,4294967295.0,2.0,0.002721628715418313,0.005703486922321099,2629.0,0.0,-1.0,-1.0,0.9993539616164318,0.9394693795581008,0.0,0.023449721137260016,0.004618744177015435,0.008919408959166372
3525.0,2.0,10.0,4294967295.0,4294967295.0,2.0,0.002657568703908579,0.005632067626934538,2630.0,0.0,-1.0,-1.0,0.9993539616164318,0.9394693795581008,0.0,0.023449721137260016,0.004512432843217683,0.008765035527356985
3527.0,2.0,10.0,4294967295.0,4294967295.0,2.0,0.0025935086923790877,0.005560648331547964,2631.0,1.0,-1.0,-1.0,0.9993539616164316,0.9394693795581008,0.0,0.023449721137260016,0.004406087775158623,0.008610608223180136
3529.0,2.0,11.0,4294967295.0,4294967295.0,2.0,0.0025294486808270216,0.005489229036161375,2632.0,1.0,-1.0,-1.0,0.9993539616164318,0.9394693795581008,0.0,0.023449721137260016,0.00429970416129962,0.008456126974758095
3531.0,2.0,13.0,4294967295.0,4294967295.0,2.0,0.00246538866924916,0.005417809740774772,2633.0,2.0,-1.0,-1.0,0.9993539616164318,0.9394693795581008,0.0,0.023449721137260016,0.0041932765038292935,0.008301591710117224
3533.0,2.0,13.0,4294967295.0,4294967295.0,2.0,0.0024013286576418246,0.005346390445388155,2634.0,1.0,-1.0,-1.0,0.9993539616164316,0.9394693795581008,0.0,0.023449721137260016,0.004086798520780014,0.008147002357187865
3535.0,2.0,6.0,4294967295.0,4294967295.0,2.0,0.002337268646000811,0.005274971150001522,2635.0,2.0,-1.0,-1.0,0.9993539616164318,0.9394693795581008,0.0,0.023449721137260016,0.003980263034183208,0.007992358843804202
3537.0,2.0,18.0,4294967295.0,4294967295.0,2.0,0.0022732086343213165,0.005203551854614875,2636.0,0.0,-1.0,-1.0,0.9993539616164318,0.9394693795581008,0.0,0.023449721137260016,0.003873661842272191,0.007837661097704129
3539.0,2.0,8.0,4294967295.0,4294967295.0,2.0,0.002209148622597852,0.005132132559228214,2637.0,0.0,-1.0,-1.0,0.9993539616164316,0.9394693795581008,0.0,0.023449721137260016,0.0037669855734571976,0.007682909046529129
3541.0,2.0,10.0,4294967295.0,4294967295.0,2.0,0.0021450886108241455,0.005060713263841538,2638.0,0.0,-1.0,-1.0,0.9993539616164318,0.9394693795581008,0.0,0.023449721137260016,0.0036602235194727996,0.007528102617824146
3543.0,2.0,14.0,4294967295.0,4294967295.0,2.0,0.002081028598993031,0.004989293968454847,2639.0,2.0,-1.0,-1.0,0.9993539616164318,0.9394693795581008,0.0,0.023449721137260016,0.0035533634447270203,0.007373766157400357
3545.0,2.0,12.0,4294967295.0,4294967295.0,2.0,0.0020169685870963204,0.004917874673068142,2640.0,3.0,-1.0,-1.0,0.9993539616164316,0.9394693795581008,0.0,0.023449721137260016,0.0034463913684578042,0.007219907481678562
3547.0,2.0,8.0,4294967295.0,4294967295.0,2.0,0.0019529085751246581,0.004846455377681422,2641.0,1.0,-1.0,-1.0,0.9993539616164318,0.9394693795581008,0.0,0.023449721137260016,0.003339291315818321,0.007065961336663972
3549.0,2.0,19.0,4294967295.0,4294967295.0,2.0,0.0018888485630673536,0.004775036082294687,2642.0,0.0,-1.0,-1.0,0.9993539616164318,0.9394693795581008,0.0,0.023449721137260016,0.0032320450334594204,0.00691192753069394
3551.0,2.0,11.0,4294967295.0,4294967295.0,2.0,0.0018247885509121919,0.004703616786907939,2643.0,2.0,-1.0,-1.0,0.9993539616164316,0.9394693795581008,0.0,0.023449721137260016,0.003124631664545427,0.006757805871685844
3553.0,2.0,8.0,4294967295.0,4294967295.0,2.0,0.0017607285386452148,0.004632197491521174,2644.0,0.0,-1.0,-1.0,0.9993539616164318,0.9394693795581008,0.0,0.023449721137260016,0.003017027377417245,0.006603596167136169
3555.0,2.0,7.0,4294967295.0,4294967295.0,2.0,0.001696668526250475,0.004560778196134395,2645.0,0.0,-1.0,-1.0,0.9993539616164318,0.9394693795581008,0.0,0.023449721137260016,0.0029092049412914435,0.006449298224119595
3557.0,2.0,15.0,4294967295.0,4294967295.0,2.0,0.001632608513709749,0.004489358900747601,2646.0,1.0,-1.0,-1.0,0.9993539616164316,0.9394693795581008,0.0,0.023449721137260016,0.002801133241441044,0.006294911849288057
3559.0,2.0,16.0,4294967295.0,4294967295.0,2.0,0.0015685485010022149,0.004417939605360793,2647.0,0.0,-1.0,-1.0,0.9993539616164318,0.9394693795581008,0.0,0.023449721137260016,0.00269277672522624,0.006140436848869826
3561.0,2.0,12.0,4294967295.0,4294967295.0,2.0,0.0015044884881040804,0.00434652030997397,2648.0,0.0,-1.0,-1.0,0.9993539616164318,0.9394693795581008,0.0,0.023449721137260016,0.0025840947691121354,0.005985873028668583
3563.0,2.0,14.0,4294967295.0,4294967295.0,2.0,0.0014404284749881605,0.004275101014587132,2649.0,1.0,-1.0,-1.0,0.9993539616164316,0.9394693795581008,0.0,0.023449721137260016,0.0024750409554038263,0.0058312201940624855
3565.0,2.0,11.0,4294967295.0,4294967295.0,2.0,0.0013763684616233923,0.004203681719200279,2650.0,2.0,-1.0,-1.0,0.9993539616164318,0.9394693795581008,0.0,0.023449721137260016,0.002365562245821767,0.005676478150003236
3567.0,2.0,19.0,4294967295.0,4294967295.0,2.0,0.0013123084479742821,0.004132262423813411,2651.0,0.0,-1.0,-1.0,0.9993539616164318,0.9394693795581008,0.0,0.023449721137260016,0.0022555980372036674,0.005521646701015147
3569.0,2.0,14.0,4294967295.0,4294967295.0,2.0,0.0012482484340002745,0.004060843128426528,2652.0,0.0,-1.0,-1.0,0.9993539616164316,0.9394693795581008,0.0,0.023449721137260016,0.0021450790825205714,0.005366725651194202
3571.0,2.0,10.0,4294967295.0,4294967295.0,2.0,0.001184188419655029,0.003989423833039629,2653.0,0.0,-1.0,-1.0,0.9993539616164318,0.9394693795581008,0.0,0.023449721137260016,0.002033926257996788,0.0052117148042071255
3573.0,2.0,9.0,4294967295.0,4294967295.0,2.0,0.0011201284048855953,0.003918004537652716,2654.0,2.0,-1.0,-1.0,0.9993539616164318,0.9394693795581008,0.0,0.023449721137260016,0.0019220491543833719,0.005056613963290433
3575.0,2.0,13.0,4294967295.0,4294967295.0,2.0,0.0010560683896314715,0.0038465852422657877,2655.0,2.0,-1.0,-1.0,0.9993539616164316,0.9394693795581008,7.0,0.023449721137260016,0.0018093444673040655,0.004901422931249493
3577.0,2.0,10.0,4294967295.0,4294967295.0,2.0,0.000992008373823526,0.003775165946878844,2656.0,1.0,-1.0,-1.0,0.9993539616164318,0.9394693795581008,13.0,0.023449721137260016,0.0016956941580152842,0.00474614151045758
3579.0,2.0,10.0,4294967295.0,4294967295.0,2.0,0.0009279483573827666,0.0037037466514918856,2657.0,0.0,-1.0,-1.0,0.9993539616164318,0.9394693795581008,17.0,0.023449721137260016,0.0015809633518341557,0.004590769502854929
3581.0,2.0,11.0,4294967295.0,4294967295.0,2.0,0.0008638883402189349,0.0036323273561049115,2658.0,0.0,-1.0,-1.0,0.9993539616164316,0.9394693795581008,20.0,0.023449721137260016,0.0014649979368180467,0.004435306709947791
3583.0,2.0,11.0,4294967295.0,4294967295.0,2.0,0.0007998283222288987,0.0035609080607179227,2659.0,0.0,-1.0,-1.0,0.9993539616164318,0.9394693795581008,22.0,0.023449721137260016,0.001347621819942258,0.00427975293280747
3585.0,2.0,9.0,4294967295.0,4294967295.0,2.0,0.0007357683032948155,0.0034894887653309182,2660.0,3.0,-1.0,-1.0,0.9993539616164318,0.9394693795581008,24.0,0.023449721137260016,0.0012286337919246413,0.004124107972069384
3587.0,2.0,14.0,4294967295.0,4294967295.0,2.0,0.0006717082832820357,0.0034180694699438986,2661.0,0.0,-1.0,-1.0,0.9993539616164316,0.9394693795581008,26.0,0.023449721137260016,0.0011078039448782064,0.0039683716279321005
3589.0,2.0,15.0,4294967295.0,4294967295.0,2.0,0.0006076482620367039,0.0033466501745568634,2662.0,0.0,-1.0,-1.0,0.9993539616164318,0.9394693795581008,27.0,0.023449721137260016,0.0009848695790112914,0.0038125437001563837
3591.0,2.0,11.0,4294967295.0,4294967295.0,2.0,0.0005435882393830207,0.003275230879169813,2663.0,0.0,-1.0,-1.0,0.9993539616164318,0.9394693795581008,29.0,0.023449721137260016,0.0008595305254978403,0.003656623988064232
3593.0,2.0,12.0,4294967295.0,4294967295.0,2.0,0.00047952821512011194,0.0032038115837827474,2664.0,0.0,-1.0,-1.0,0.9993539616164316,0.9394693795581008,30.0,0.023449721137260016,0.0007314438022457625,0.00350061229053792
3595.0,2.0,12.0,4294967295.0,4294967295.0,2.0,0.0004154681890184529,0.003132392288395666,2665.0,2.0,-1.0,-1.0,0.9993539616164318,0.9394693795581008,31.0,0.023449721137260016,0.0006002175074142156,0.003344508406019032
3597.0,2.0,13.0,4294967295.0,4294967295.0,300.0,0.0003514081608157815,0.0030609729930085694,2666.0,0.0,-1.0,-1.0,0.9993539616164318,0.9394693795581008,32.0,0.023449721137260016,0.0004654038419594672,0.0031883121325074985
