satellite,cadence_s,response,mask,direction,target_level_s_inv,stratum,zone,metric,positive_pairs,p50_positive,p90_positive,p99_positive,max_positive,instrument,maximum_value,maximum_from_utc,maximum_from_source_name,maximum_from_sha256,maximum_from_version,maximum_from_signature,maximum_from_screened,maximum_from_strict,maximum_from_core_strict,maximum_to_utc,maximum_to_source_name,maximum_to_sha256,maximum_to_version,maximum_to_signature,maximum_to_screened,maximum_to_strict,maximum_to_core_strict,maximum_from_response_s_inv,maximum_to_response_s_inv,maximum_all_covering_window_phases,equivalent_bin_efold_s,illustrative_2x_empirical_rho_s_inv,pairs_exceed_1_over_60,pairs_exceed_1_over_180,pairs_exceed_legacy_rho,unique_adjacent_pairs,ambiguous_window_history_pairs,extreme_satellite,extreme_direction
all_separate_directions_not_independent,60,core_only,reported,all,0.001,all_retained,above_level,H,37801,0.0006257813465612309,0.0017242645245462817,0.0031479868400523968,0.023589044027737063,GOES-19 SGPS,0.023589044027737063,2026-01-19T21:39:00+00:00,sci_sgps-l2-avg1m_g19_d20260119_v3-0-3.nc,eb1c6d9b1161c537d049264831e07f7eb7a9a4e8ebc27ab40782d765db7b3cab,3-0-3,6,True,False,False,2026-01-19T21:40:00+00:00,sci_sgps-l2-avg1m_g19_d20260119_v3-0-3.nc,eb1c6d9b1161c537d049264831e07f7eb7a9a4e8ebc27ab40782d765db7b3cab,3-0-3,6,True,False,False,0.00537917907341087,0.022150906377021162,sep_20260118_2255:post_peak,42.39256151390259,0.047178088055474125,2,47,0,75585,11047,19,W
all_separate_directions_not_independent,60,core_only,reported,all,0.001,all_retained,above_level,log,37801,0.0006257813465612241,0.0017242645245462778,0.0031479868400523963,0.023589044027737077,GOES-19 SGPS,0.023589044027737077,2026-01-19T21:39:00+00:00,sci_sgps-l2-avg1m_g19_d20260119_v3-0-3.nc,eb1c6d9b1161c537d049264831e07f7eb7a9a4e8ebc27ab40782d765db7b3cab,3-0-3,6,True,False,False,2026-01-19T21:40:00+00:00,sci_sgps-l2-avg1m_g19_d20260119_v3-0-3.nc,eb1c6d9b1161c537d049264831e07f7eb7a9a4e8ebc27ab40782d765db7b3cab,3-0-3,6,True,False,False,0.00537917907341087,0.022150906377021162,sep_20260118_2255:post_peak,42.39256151390257,0.04717808805547415,2,47,0,75585,11047,19,W
all_separate_directions_not_independent,60,core_only,reported,all,0.001,all_retained,approach,H,27416,0.0004879847459865322,0.0017066628467552465,0.0032488887868939147,0.015159749931914402,GOES-18 SGPS,0.015159749931914402,2024-10-29T10:22:00+00:00,sci_sgps-l2-avg1m_g18_d20241029_v3-0-2.nc,30dc2d0dfab586fb3969aea3281dd72daa8278cfb46718b7c4e71e4d22d3325c,3-0-2,6,False,False,False,2024-10-29T10:23:00+00:00,sci_sgps-l2-avg1m_g18_d20241029_v3-0-2.nc,30dc2d0dfab586fb3969aea3281dd72daa8278cfb46718b7c4e71e4d22d3325c,3-0-2,6,False,False,False,0.0002616334649508769,0.001186749979132723,sep_20241026_1910:post_peak,65.96414878155699,0.030319499863828803,0,12,0,52371,6111,18,W
all_separate_directions_not_independent,60,core_only,reported,all,0.001,all_retained,approach,log,0,,,,,GOES-16 SGPS,,,,,,,,,,,,,,,,,,,,,,,0,0,0,52371,6111,16,E
all_separate_directions_not_independent,60,core_only,reported,all,0.001,all_retained,whole,H,560807,0.00011206744581505831,0.0006765311438593906,0.0020155857121317198,0.023589044027737063,GOES-19 SGPS,0.023589044027737063,2026-01-19T21:39:00+00:00,sci_sgps-l2-avg1m_g19_d20260119_v3-0-3.nc,eb1c6d9b1161c537d049264831e07f7eb7a9a4e8ebc27ab40782d765db7b3cab,3-0-3,6,True,False,False,2026-01-19T21:40:00+00:00,sci_sgps-l2-avg1m_g19_d20260119_v3-0-3.nc,eb1c6d9b1161c537d049264831e07f7eb7a9a4e8ebc27ab40782d765db7b3cab,3-0-3,6,True,False,False,0.00537917907341087,0.022150906377021162,sep_20260118_2255:post_peak,42.39256151390259,0.047178088055474125,2,62,0,1122658,17158,19,W
all_separate_directions_not_independent,60,core_only,reported,all,0.001,all_retained,whole,log,37801,0.0006257813465612241,0.0017242645245462778,0.0031479868400523963,0.023589044027737077,GOES-19 SGPS,0.023589044027737077,2026-01-19T21:39:00+00:00,sci_sgps-l2-avg1m_g19_d20260119_v3-0-3.nc,eb1c6d9b1161c537d049264831e07f7eb7a9a4e8ebc27ab40782d765db7b3cab,3-0-3,6,True,False,False,2026-01-19T21:40:00+00:00,sci_sgps-l2-avg1m_g19_d20260119_v3-0-3.nc,eb1c6d9b1161c537d049264831e07f7eb7a9a4e8ebc27ab40782d765db7b3cab,3-0-3,6,True,False,False,0.00537917907341087,0.022150906377021162,sep_20260118_2255:post_peak,42.39256151390257,0.04717808805547415,2,47,0,1122658,17158,19,W
all_separate_directions_not_independent,60,core_only,reported,all,0.001,censored_first,above_level,H,3167,0.0005950128981700997,0.0017089668535274953,0.003500733910874885,0.019219671056573198,GOES-18 SGPS,0.019219671056573198,2026-01-19T21:40:00+00:00,sci_sgps-l2-avg1m_g18_d20260119_v3-0-3.nc,8b2ca91b906ccc5d91274b14cf976314b3b61f5f4b7286d0166f52a6b5573740,3-0-3,15,True,False,False,2026-01-19T21:41:00+00:00,sci_sgps-l2-avg1m_g18_d20260119_v3-0-3.nc,8b2ca91b906ccc5d91274b14cf976314b3b61f5f4b7286d0166f52a6b5573740,3-0-3,15,True,False,False,0.003632106952246817,0.01150743295974584,sep_20260118_2255:post_peak,52.03002679163941,0.038439342113146396,1,7,0,6462,2034,18,E
all_separate_directions_not_independent,60,core_only,reported,all,0.001,censored_first,above_level,log,3167,0.000595012898170101,0.0017089668535274945,0.0035007339108748823,0.01921967105657319,GOES-18 SGPS,0.01921967105657319,2026-01-19T21:40:00+00:00,sci_sgps-l2-avg1m_g18_d20260119_v3-0-3.nc,8b2ca91b906ccc5d91274b14cf976314b3b61f5f4b7286d0166f52a6b5573740,3-0-3,15,True,False,False,2026-01-19T21:41:00+00:00,sci_sgps-l2-avg1m_g18_d20260119_v3-0-3.nc,8b2ca91b906ccc5d91274b14cf976314b3b61f5f4b7286d0166f52a6b5573740,3-0-3,15,True,False,False,0.003632106952246817,0.01150743295974584,sep_20260118_2255:post_peak,52.03002679163943,0.03843934211314638,1,7,0,6462,2034,18,E
all_separate_directions_not_independent,60,core_only,reported,all,0.001,censored_first,approach,H,3677,0.00022017702656870937,0.001068361164619515,0.0024121429659714963,0.015159749931914402,GOES-18 SGPS,0.015159749931914402,2024-10-29T10:22:00+00:00,sci_sgps-l2-avg1m_g18_d20241029_v3-0-2.nc,30dc2d0dfab586fb3969aea3281dd72daa8278cfb46718b7c4e71e4d22d3325c,3-0-2,6,False,False,False,2024-10-29T10:23:00+00:00,sci_sgps-l2-avg1m_g18_d20241029_v3-0-2.nc,30dc2d0dfab586fb3969aea3281dd72daa8278cfb46718b7c4e71e4d22d3325c,3-0-2,6,False,False,False,0.0002616334649508769,0.001186749979132723,sep_20241026_1910:post_peak,65.96414878155699,0.030319499863828803,0,1,0,7233,0,18,W
all_separate_directions_not_independent,60,core_only,reported,all,0.001,censored_first,approach,log,0,,,,,GOES-16 SGPS,,,,,,,,,,,,,,,,,,,,,,,0,0,0,7233,0,16,E
all_separate_directions_not_independent,60,core_only,reported,all,0.001,censored_first,whole,H,6844,0.00036161479627619327,0.0014487563743601792,0.0030617018875551197,0.019219671056573198,GOES-18 SGPS,0.019219671056573198,2026-01-19T21:40:00+00:00,sci_sgps-l2-avg1m_g18_d20260119_v3-0-3.nc,8b2ca91b906ccc5d91274b14cf976314b3b61f5f4b7286d0166f52a6b5573740,3-0-3,15,True,False,False,2026-01-19T21:41:00+00:00,sci_sgps-l2-avg1m_g18_d20260119_v3-0-3.nc,8b2ca91b906ccc5d91274b14cf976314b3b61f5f4b7286d0166f52a6b5573740,3-0-3,15,True,False,False,0.003632106952246817,0.01150743295974584,sep_20260118_2255:post_peak,52.03002679163941,0.038439342113146396,1,8,0,13695,2034,18,E
all_separate_directions_not_independent,60,core_only,reported,all,0.001,censored_first,whole,log,3167,0.000595012898170101,0.0017089668535274945,0.0035007339108748823,0.01921967105657319,GOES-18 SGPS,0.01921967105657319,2026-01-19T21:40:00+00:00,sci_sgps-l2-avg1m_g18_d20260119_v3-0-3.nc,8b2ca91b906ccc5d91274b14cf976314b3b61f5f4b7286d0166f52a6b5573740,3-0-3,15,True,False,False,2026-01-19T21:41:00+00:00,sci_sgps-l2-avg1m_g18_d20260119_v3-0-3.nc,8b2ca91b906ccc5d91274b14cf976314b3b61f5f4b7286d0166f52a6b5573740,3-0-3,15,True,False,False,0.003632106952246817,0.01150743295974584,sep_20260118_2255:post_peak,52.03002679163943,0.03843934211314638,1,7,0,13695,2034,18,E
all_separate_directions_not_independent,60,core_only,reported,all,0.001,censored_repeat,above_level,H,9189,0.0005785115434373618,0.0016258843839544288,0.0030848343148284813,0.011861545496098191,GOES-19 SGPS,0.011861545496098191,2024-10-10T15:13:00+00:00,sci_sgps-l2-avg1m_g19_d20241010_v3-0-2.nc,67ab392836ae26a5d8199a2255dab22eed552f484f261c86dd4ad5480617f672,3-0-2,0,False,False,False,2024-10-10T15:14:00+00:00,sci_sgps-l2-avg1m_g19_d20241010_v3-0-2.nc,67ab392836ae26a5d8199a2255dab22eed552f484f261c86dd4ad5480617f672,3-0-2,0,False,False,False,0.003447419353619381,0.007023900338091485,sep_20241009_0505:pre_peak,84.30604598101876,0.023723090992196383,0,11,0,18344,2967,19,E
all_separate_directions_not_independent,60,core_only,reported,all,0.001,censored_repeat,above_level,log,9189,0.0005785115434373654,0.0016258843839544288,0.0030848343148284795,0.011861545496098193,GOES-19 SGPS,0.011861545496098193,2024-10-10T15:13:00+00:00,sci_sgps-l2-avg1m_g19_d20241010_v3-0-2.nc,67ab392836ae26a5d8199a2255dab22eed552f484f261c86dd4ad5480617f672,3-0-2,0,False,False,False,2024-10-10T15:14:00+00:00,sci_sgps-l2-avg1m_g19_d20241010_v3-0-2.nc,67ab392836ae26a5d8199a2255dab22eed552f484f261c86dd4ad5480617f672,3-0-2,0,False,False,False,0.003447419353619381,0.007023900338091485,sep_20241009_0505:pre_peak,84.30604598101874,0.023723090992196386,0,11,0,18344,2967,19,E
all_separate_directions_not_independent,60,core_only,reported,all,0.001,censored_repeat,approach,H,6720,0.0005788725592579371,0.0018629438300229396,0.0034665624574840926,0.009899141790439348,GOES-16 SGPS,0.009899141790439348,2024-02-11T02:09:00+00:00,sci_sgps-l2-avg1m_g16_d20240211_v3-0-2.nc,ea6eb5b16606450d37d4ab87b6631ed986afd9b3226602edd43f1554a514b5bc,3-0-2,12,True,False,False,2024-02-11T02:10:00+00:00,sci_sgps-l2-avg1m_g16_d20240211_v3-0-2.nc,ea6eb5b16606450d37d4ab87b6631ed986afd9b3226602edd43f1554a514b5bc,3-0-2,12,True,False,False,0.000637891608865147,0.0012609181124472485,sep_20240209_1530:post_peak|sep_20240212_0805:pre_peak,101.0188581161456,0.019798283580878696,0,5,0,12797,6034,16,E
all_separate_directions_not_independent,60,core_only,reported,all,0.001,censored_repeat,approach,log,0,,,,,GOES-16 SGPS,,,,,,,,,,,,,,,,,,,,,,,0,0,0,12797,6034,16,E
all_separate_directions_not_independent,60,core_only,reported,all,0.001,censored_repeat,whole,H,15909,0.0005786098182416525,0.0017149675728377791,0.0032722818752669663,0.011861545496098191,GOES-19 SGPS,0.011861545496098191,2024-10-10T15:13:00+00:00,sci_sgps-l2-avg1m_g19_d20241010_v3-0-2.nc,67ab392836ae26a5d8199a2255dab22eed552f484f261c86dd4ad5480617f672,3-0-2,0,False,False,False,2024-10-10T15:14:00+00:00,sci_sgps-l2-avg1m_g19_d20241010_v3-0-2.nc,67ab392836ae26a5d8199a2255dab22eed552f484f261c86dd4ad5480617f672,3-0-2,0,False,False,False,0.003447419353619381,0.007023900338091485,sep_20241009_0505:pre_peak,84.30604598101876,0.023723090992196383,0,16,0,31141,9001,19,E
all_separate_directions_not_independent,60,core_only,reported,all,0.001,censored_repeat,whole,log,9189,0.0005785115434373654,0.0016258843839544288,0.0030848343148284795,0.011861545496098193,GOES-19 SGPS,0.011861545496098193,2024-10-10T15:13:00+00:00,sci_sgps-l2-avg1m_g19_d20241010_v3-0-2.nc,67ab392836ae26a5d8199a2255dab22eed552f484f261c86dd4ad5480617f672,3-0-2,0,False,False,False,2024-10-10T15:14:00+00:00,sci_sgps-l2-avg1m_g19_d20241010_v3-0-2.nc,67ab392836ae26a5d8199a2255dab22eed552f484f261c86dd4ad5480617f672,3-0-2,0,False,False,False,0.003447419353619381,0.007023900338091485,sep_20241009_0505:pre_peak,84.30604598101874,0.023723090992196386,0,11,0,31141,9001,19,E
all_separate_directions_not_independent,60,core_only,reported,all,0.001,confirmed_entry,above_level,H,3001,0.0006454095345711471,0.0017910918874081952,0.003046595652213931,0.006292175562623866,GOES-16 SGPS,0.006292175562623866,2023-07-18T00:56:00+00:00,sci_sgps-l2-avg1m_g16_d20230718_v3-0-1.nc,e4f863b7940e10ea5f0315e9e2c3a2ac7562d38ca24d5c431290b449be318c82,3-0-1,9,False,False,False,2023-07-18T00:57:00+00:00,sci_sgps-l2-avg1m_g16_d20230718_v3-0-1.nc,e4f863b7940e10ea5f0315e9e2c3a2ac7562d38ca24d5c431290b449be318c82,3-0-1,9,False,False,False,0.001644706249759648,0.002399096793438174,sep_20230716_0635:post_peak|sep_20230718_0115:pre_peak,158.927542635666,0.012584351125247731,0,2,0,5981,572,16,E
all_separate_directions_not_independent,60,core_only,reported,all,0.001,confirmed_entry,above_level,log,3001,0.0006454095345711471,0.0017910918874081948,0.0030465956522139344,0.006292175562623862,GOES-16 SGPS,0.006292175562623862,2023-07-18T00:56:00+00:00,sci_sgps-l2-avg1m_g16_d20230718_v3-0-1.nc,e4f863b7940e10ea5f0315e9e2c3a2ac7562d38ca24d5c431290b449be318c82,3-0-1,9,False,False,False,2023-07-18T00:57:00+00:00,sci_sgps-l2-avg1m_g16_d20230718_v3-0-1.nc,e4f863b7940e10ea5f0315e9e2c3a2ac7562d38ca24d5c431290b449be318c82,3-0-1,9,False,False,False,0.001644706249759648,0.002399096793438174,sep_20230716_0635:post_peak|sep_20230718_0115:pre_peak,158.92754263566607,0.012584351125247724,0,2,0,5981,572,16,E
all_separate_directions_not_independent,60,core_only,reported,all,0.001,confirmed_entry,approach,H,13438,0.00044202105287371774,0.0013914295142286091,0.0026508584681724876,0.007108760827876041,GOES-19 SGPS,0.007108760827876041,2025-06-01T06:43:00+00:00,sci_sgps-l2-avg1m_g19_d20250601_v3-0-2.nc,90f031b9ee725501b0e9ac4069a11a20ea3181be2726c984ec8285390f29c34f,3-0-2,2,True,False,False,2025-06-01T06:44:00+00:00,sci_sgps-l2-avg1m_g19_d20250601_v3-0-2.nc,90f031b9ee725501b0e9ac4069a11a20ea3181be2726c984ec8285390f29c34f,3-0-2,2,True,False,False,0.0006044734352734294,0.0010314845600220097,sep_20250531_1710:pre_peak,140.67149313543308,0.014217521655752081,0,3,0,26294,0,19,W
all_separate_directions_not_independent,60,core_only,reported,all,0.001,confirmed_entry,approach,log,0,,,,,GOES-16 SGPS,,,,,,,,,,,,,,,,,,,,,,,0,0,0,26294,0,16,E
all_separate_directions_not_independent,60,core_only,reported,all,0.001,confirmed_entry,whole,H,16439,0.00047149115414977236,0.0014701836890501402,0.0027480925114362373,0.007108760827876041,GOES-19 SGPS,0.007108760827876041,2025-06-01T06:43:00+00:00,sci_sgps-l2-avg1m_g19_d20250601_v3-0-2.nc,90f031b9ee725501b0e9ac4069a11a20ea3181be2726c984ec8285390f29c34f,3-0-2,2,True,False,False,2025-06-01T06:44:00+00:00,sci_sgps-l2-avg1m_g19_d20250601_v3-0-2.nc,90f031b9ee725501b0e9ac4069a11a20ea3181be2726c984ec8285390f29c34f,3-0-2,2,True,False,False,0.0006044734352734294,0.0010314845600220097,sep_20250531_1710:pre_peak,140.67149313543308,0.014217521655752081,0,5,0,32275,572,19,W
all_separate_directions_not_independent,60,core_only,reported,all,0.001,confirmed_entry,whole,log,3001,0.0006454095345711471,0.0017910918874081948,0.0030465956522139344,0.006292175562623862,GOES-16 SGPS,0.006292175562623862,2023-07-18T00:56:00+00:00,sci_sgps-l2-avg1m_g16_d20230718_v3-0-1.nc,e4f863b7940e10ea5f0315e9e2c3a2ac7562d38ca24d5c431290b449be318c82,3-0-1,9,False,False,False,2023-07-18T00:57:00+00:00,sci_sgps-l2-avg1m_g16_d20230718_v3-0-1.nc,e4f863b7940e10ea5f0315e9e2c3a2ac7562d38ca24d5c431290b449be318c82,3-0-1,9,False,False,False,0.001644706249759648,0.002399096793438174,sep_20230716_0635:post_peak|sep_20230718_0115:pre_peak,158.92754263566607,0.012584351125247724,0,2,0,32275,572,16,E
all_separate_directions_not_independent,60,core_only,reported,all,0.001,repeat_post_peak,above_level,H,4275,0.0007633257997939384,0.0019050770436409858,0.0031463942061733916,0.006614086521736173,GOES-16 SGPS,0.006614086521736173,2023-07-18T01:42:00+00:00,sci_sgps-l2-avg1m_g16_d20230718_v3-0-1.nc,e4f863b7940e10ea5f0315e9e2c3a2ac7562d38ca24d5c431290b449be318c82,3-0-1,9,False,False,False,2023-07-18T01:43:00+00:00,sci_sgps-l2-avg1m_g16_d20230718_v3-0-1.nc,e4f863b7940e10ea5f0315e9e2c3a2ac7562d38ca24d5c431290b449be318c82,3-0-1,9,False,False,False,0.0010039795791892902,0.0014930438266981113,sep_20230716_0635:post_peak|sep_20230718_0115:pre_peak,151.19245820472025,0.013228173043472347,0,2,0,8592,5123,16,E
all_separate_directions_not_independent,60,core_only,reported,all,0.001,repeat_post_peak,above_level,log,4275,0.0007633257997939375,0.001905077043640988,0.0031463942061733933,0.006614086521736177,GOES-16 SGPS,0.006614086521736177,2023-07-18T01:42:00+00:00,sci_sgps-l2-avg1m_g16_d20230718_v3-0-1.nc,e4f863b7940e10ea5f0315e9e2c3a2ac7562d38ca24d5c431290b449be318c82,3-0-1,9,False,False,False,2023-07-18T01:43:00+00:00,sci_sgps-l2-avg1m_g16_d20230718_v3-0-1.nc,e4f863b7940e10ea5f0315e9e2c3a2ac7562d38ca24d5c431290b449be318c82,3-0-1,9,False,False,False,0.0010039795791892902,0.0014930438266981113,sep_20230716_0635:post_peak|sep_20230718_0115:pre_peak,151.1924582047202,0.013228173043472354,0,2,0,8592,5123,16,E
all_separate_directions_not_independent,60,core_only,reported,all,0.001,repeat_post_peak,approach,H,3429,0.0009361125793870402,0.002398810201667109,0.003927085932806748,0.009899141790439348,GOES-16 SGPS,0.009899141790439348,2024-02-11T02:09:00+00:00,sci_sgps-l2-avg1m_g16_d20240211_v3-0-2.nc,ea6eb5b16606450d37d4ab87b6631ed986afd9b3226602edd43f1554a514b5bc,3-0-2,12,True,False,False,2024-02-11T02:10:00+00:00,sci_sgps-l2-avg1m_g16_d20240211_v3-0-2.nc,ea6eb5b16606450d37d4ab87b6631ed986afd9b3226602edd43f1554a514b5bc,3-0-2,12,True,False,False,0.000637891608865147,0.0012609181124472485,sep_20240209_1530:post_peak|sep_20240212_0805:pre_peak,101.0188581161456,0.019798283580878696,0,4,0,6157,2359,16,E
all_separate_directions_not_independent,60,core_only,reported,all,0.001,repeat_post_peak,approach,log,0,,,,,GOES-16 SGPS,,,,,,,,,,,,,,,,,,,,,,,0,0,0,6157,2359,16,E
all_separate_directions_not_independent,60,core_only,reported,all,0.001,repeat_post_peak,whole,H,7704,0.0008301192408127803,0.002145313713494509,0.0035944793550494723,0.009899141790439348,GOES-16 SGPS,0.009899141790439348,2024-02-11T02:09:00+00:00,sci_sgps-l2-avg1m_g16_d20240211_v3-0-2.nc,ea6eb5b16606450d37d4ab87b6631ed986afd9b3226602edd43f1554a514b5bc,3-0-2,12,True,False,False,2024-02-11T02:10:00+00:00,sci_sgps-l2-avg1m_g16_d20240211_v3-0-2.nc,ea6eb5b16606450d37d4ab87b6631ed986afd9b3226602edd43f1554a514b5bc,3-0-2,12,True,False,False,0.000637891608865147,0.0012609181124472485,sep_20240209_1530:post_peak|sep_20240212_0805:pre_peak,101.0188581161456,0.019798283580878696,0,6,0,14749,7482,16,E
all_separate_directions_not_independent,60,core_only,reported,all,0.001,repeat_post_peak,whole,log,4275,0.0007633257997939375,0.001905077043640988,0.0031463942061733933,0.006614086521736177,GOES-16 SGPS,0.006614086521736177,2023-07-18T01:42:00+00:00,sci_sgps-l2-avg1m_g16_d20230718_v3-0-1.nc,e4f863b7940e10ea5f0315e9e2c3a2ac7562d38ca24d5c431290b449be318c82,3-0-1,9,False,False,False,2023-07-18T01:43:00+00:00,sci_sgps-l2-avg1m_g16_d20230718_v3-0-1.nc,e4f863b7940e10ea5f0315e9e2c3a2ac7562d38ca24d5c431290b449be318c82,3-0-1,9,False,False,False,0.0010039795791892902,0.0014930438266981113,sep_20230716_0635:post_peak|sep_20230718_0115:pre_peak,151.1924582047202,0.013228173043472354,0,2,0,14749,7482,16,E
all_separate_directions_not_independent,60,core_only,reported,all,0.001,repeat_pre_peak,above_level,H,20831,0.0006402617412251566,0.001742708945203934,0.0031427858442443076,0.023589044027737063,GOES-19 SGPS,0.023589044027737063,2026-01-19T21:39:00+00:00,sci_sgps-l2-avg1m_g19_d20260119_v3-0-3.nc,eb1c6d9b1161c537d049264831e07f7eb7a9a4e8ebc27ab40782d765db7b3cab,3-0-3,6,True,False,False,2026-01-19T21:40:00+00:00,sci_sgps-l2-avg1m_g19_d20260119_v3-0-3.nc,eb1c6d9b1161c537d049264831e07f7eb7a9a4e8ebc27ab40782d765db7b3cab,3-0-3,6,True,False,False,0.00537917907341087,0.022150906377021162,sep_20260118_2255:post_peak,42.39256151390259,0.047178088055474125,1,27,0,41609,5754,19,W
all_separate_directions_not_independent,60,core_only,reported,all,0.001,repeat_pre_peak,above_level,log,20831,0.0006402617412251524,0.00174270894520393,0.003142785844244307,0.023589044027737077,GOES-19 SGPS,0.023589044027737077,2026-01-19T21:39:00+00:00,sci_sgps-l2-avg1m_g19_d20260119_v3-0-3.nc,eb1c6d9b1161c537d049264831e07f7eb7a9a4e8ebc27ab40782d765db7b3cab,3-0-3,6,True,False,False,2026-01-19T21:40:00+00:00,sci_sgps-l2-avg1m_g19_d20260119_v3-0-3.nc,eb1c6d9b1161c537d049264831e07f7eb7a9a4e8ebc27ab40782d765db7b3cab,3-0-3,6,True,False,False,0.00537917907341087,0.022150906377021162,sep_20260118_2255:post_peak,42.39256151390257,0.04717808805547415,1,27,0,41609,5754,19,W
all_separate_directions_not_independent,60,core_only,reported,all,0.001,repeat_pre_peak,approach,H,1447,0.0011201111751642271,0.002501465893883322,0.0041088474117884355,0.007846928368772271,GOES-16 SGPS,0.007846928368772271,2023-07-18T03:07:00+00:00,sci_sgps-l2-avg1m_g16_d20230718_v3-0-1.nc,e4f863b7940e10ea5f0315e9e2c3a2ac7562d38ca24d5c431290b449be318c82,3-0-1,9,False,False,False,2023-07-18T03:08:00+00:00,sci_sgps-l2-avg1m_g16_d20230718_v3-0-1.nc,e4f863b7940e10ea5f0315e9e2c3a2ac7562d38ca24d5c431290b449be318c82,3-0-1,9,False,False,False,0.000971781450340676,0.0015567450770919472,sep_20230716_0635:post_peak|sep_20230718_0115:pre_peak,127.43840048032193,0.015693856737544542,0,2,0,2378,206,16,W
all_separate_directions_not_independent,60,core_only,reported,all,0.001,repeat_pre_peak,approach,log,0,,,,,GOES-16 SGPS,,,,,,,,,,,,,,,,,,,,,,,0,0,0,2378,206,16,E
all_separate_directions_not_independent,60,core_only,reported,all,0.001,repeat_pre_peak,whole,H,22278,0.0006649754262513963,0.001809311572852725,0.0032830976683239977,0.023589044027737063,GOES-19 SGPS,0.023589044027737063,2026-01-19T21:39:00+00:00,sci_sgps-l2-avg1m_g19_d20260119_v3-0-3.nc,eb1c6d9b1161c537d049264831e07f7eb7a9a4e8ebc27ab40782d765db7b3cab,3-0-3,6,True,False,False,2026-01-19T21:40:00+00:00,sci_sgps-l2-avg1m_g19_d20260119_v3-0-3.nc,eb1c6d9b1161c537d049264831e07f7eb7a9a4e8ebc27ab40782d765db7b3cab,3-0-3,6,True,False,False,0.00537917907341087,0.022150906377021162,sep_20260118_2255:post_peak,42.39256151390259,0.047178088055474125,1,29,0,43987,5960,19,W
all_separate_directions_not_independent,60,core_only,reported,all,0.001,repeat_pre_peak,whole,log,20831,0.0006402617412251524,0.00174270894520393,0.003142785844244307,0.023589044027737077,GOES-19 SGPS,0.023589044027737077,2026-01-19T21:39:00+00:00,sci_sgps-l2-avg1m_g19_d20260119_v3-0-3.nc,eb1c6d9b1161c537d049264831e07f7eb7a9a4e8ebc27ab40782d765db7b3cab,3-0-3,6,True,False,False,2026-01-19T21:40:00+00:00,sci_sgps-l2-avg1m_g19_d20260119_v3-0-3.nc,eb1c6d9b1161c537d049264831e07f7eb7a9a4e8ebc27ab40782d765db7b3cab,3-0-3,6,True,False,False,0.00537917907341087,0.022150906377021162,sep_20260118_2255:post_peak,42.39256151390257,0.04717808805547415,1,27,0,43987,5960,19,W
all_separate_directions_not_independent,60,core_only,reported,all,0.001,unassigned_no_crossing,whole,H,500190,9.46341117126471e-05,0.0004875765564916811,0.001463938640928687,0.007519866307269688,GOES-18 SGPS,0.007519866307269688,2024-10-29T10:26:00+00:00,sci_sgps-l2-avg1m_g18_d20241029_v3-0-2.nc,30dc2d0dfab586fb3969aea3281dd72daa8278cfb46718b7c4e71e4d22d3325c,3-0-2,6,False,False,False,2024-10-29T10:27:00+00:00,sci_sgps-l2-avg1m_g18_d20241029_v3-0-2.nc,30dc2d0dfab586fb3969aea3281dd72daa8278cfb46718b7c4e71e4d22d3325c,3-0-2,6,True,False,False,0.0,0.0004511919784361813,sep_20241026_1910:post_peak,132.98108758040937,0.015039732614539376,0,4,0,1003969,9267,18,E
all_separate_directions_not_independent,60,core_only,reported,all,0.001,unassigned_no_crossing,whole,log,2807,0.000624492632464849,0.001671443158077224,0.00298586513645505,0.006599061250491645,GOES-18 SGPS,0.006599061250491645,2025-11-12T19:15:00+00:00,sci_sgps-l2-avg1m_g18_d20251112_v3-0-2.nc,74436f8342e7404d5982b3c61f7ae4788082d691a3c7683836013d66f427d9ab,3-0-2,12,True,False,False,2025-11-12T19:16:00+00:00,sci_sgps-l2-avg1m_g18_d20251112_v3-0-2.nc,74436f8342e7404d5982b3c61f7ae4788082d691a3c7683836013d66f427d9ab,3-0-2,12,True,False,False,0.007059389614287856,0.0104887396339227,sep_20251111_0945:post_peak|sep_20251114_0920:pre_peak,151.53670530418214,0.01319812250098329,0,1,0,1003969,9267,18,E
all_separate_directions_not_independent,60,core_only,reported,all,0.01,all_retained,above_level,H,2950,0.0003517716739435017,0.0010695207395740093,0.003338077165209088,0.01460597121286639,GOES-18 SGPS,0.01460597121286639,2026-01-19T21:08:00+00:00,sci_sgps-l2-avg1m_g18_d20260119_v3-0-3.nc,8b2ca91b906ccc5d91274b14cf976314b3b61f5f4b7286d0166f52a6b5573740,3-0-3,15,True,False,False,2026-01-19T21:09:00+00:00,sci_sgps-l2-avg1m_g18_d20260119_v3-0-3.nc,8b2ca91b906ccc5d91274b14cf976314b3b61f5f4b7286d0166f52a6b5573740,3-0-3,15,True,False,False,0.03571487710921664,0.08579198613998898,sep_20260118_2255:post_peak,68.46514931640428,0.02921194242573278,0,9,0,5893,0,18,W
all_separate_directions_not_independent,60,core_only,reported,all,0.01,all_retained,above_level,log,2950,0.0003517716739435052,0.0010695207395740002,0.003338077165209083,0.014605971212866385,GOES-18 SGPS,0.014605971212866385,2026-01-19T21:08:00+00:00,sci_sgps-l2-avg1m_g18_d20260119_v3-0-3.nc,8b2ca91b906ccc5d91274b14cf976314b3b61f5f4b7286d0166f52a6b5573740,3-0-3,15,True,False,False,2026-01-19T21:09:00+00:00,sci_sgps-l2-avg1m_g18_d20260119_v3-0-3.nc,8b2ca91b906ccc5d91274b14cf976314b3b61f5f4b7286d0166f52a6b5573740,3-0-3,15,True,False,False,0.03571487710921664,0.08579198613998898,sep_20260118_2255:post_peak,68.46514931640431,0.02921194242573277,0,9,0,5893,0,18,W
all_separate_directions_not_independent,60,core_only,reported,all,0.01,all_retained,approach,H,9724,0.00013828742736331746,0.0005535914515722288,0.0013269099996977124,0.0209562569212437,GOES-19 SGPS,0.0209562569212437,2026-01-19T21:39:00+00:00,sci_sgps-l2-avg1m_g19_d20260119_v3-0-3.nc,eb1c6d9b1161c537d049264831e07f7eb7a9a4e8ebc27ab40782d765db7b3cab,3-0-3,6,True,False,False,2026-01-19T21:40:00+00:00,sci_sgps-l2-avg1m_g19_d20260119_v3-0-3.nc,eb1c6d9b1161c537d049264831e07f7eb7a9a4e8ebc27ab40782d765db7b3cab,3-0-3,6,True,False,False,0.00537917907341087,0.022150906377021162,sep_20260118_2255:post_peak,47.71844531960685,0.0419125138424874,1,11,0,18790,1649,19,W
all_separate_directions_not_independent,60,core_only,reported,all,0.01,all_retained,approach,log,0,,,,,GOES-16 SGPS,,,,,,,,,,,,,,,,,,,,,,,0,0,0,18790,1649,16,E
all_separate_directions_not_independent,60,core_only,reported,all,0.01,all_retained,whole,H,560807,1.1424594696510313e-05,8.172992733518338e-05,0.0004172688072357281,0.0209562569212437,GOES-19 SGPS,0.0209562569212437,2026-01-19T21:39:00+00:00,sci_sgps-l2-avg1m_g19_d20260119_v3-0-3.nc,eb1c6d9b1161c537d049264831e07f7eb7a9a4e8ebc27ab40782d765db7b3cab,3-0-3,6,True,False,False,2026-01-19T21:40:00+00:00,sci_sgps-l2-avg1m_g19_d20260119_v3-0-3.nc,eb1c6d9b1161c537d049264831e07f7eb7a9a4e8ebc27ab40782d765db7b3cab,3-0-3,6,True,False,False,0.00537917907341087,0.022150906377021162,sep_20260118_2255:post_peak,47.71844531960685,0.0419125138424874,1,23,0,1122658,1649,19,W
all_separate_directions_not_independent,60,core_only,reported,all,0.01,all_retained,whole,log,2950,0.0003517716739435052,0.0010695207395740002,0.003338077165209083,0.014605971212866385,GOES-18 SGPS,0.014605971212866385,2026-01-19T21:08:00+00:00,sci_sgps-l2-avg1m_g18_d20260119_v3-0-3.nc,8b2ca91b906ccc5d91274b14cf976314b3b61f5f4b7286d0166f52a6b5573740,3-0-3,15,True,False,False,2026-01-19T21:09:00+00:00,sci_sgps-l2-avg1m_g18_d20260119_v3-0-3.nc,8b2ca91b906ccc5d91274b14cf976314b3b61f5f4b7286d0166f52a6b5573740,3-0-3,15,True,False,False,0.03571487710921664,0.08579198613998898,sep_20260118_2255:post_peak,68.46514931640431,0.02921194242573277,0,9,0,1122658,1649,18,W
all_separate_directions_not_independent,60,core_only,reported,all,0.01,censored_first,above_level,H,611,0.00027854297866267694,0.0007558483978967227,0.0014295076049840117,0.002801393534413173,GOES-19 SGPS,0.002801393534413173,2025-11-12T00:35:00+00:00,sci_sgps-l2-avg1m_g19_d20251112_v3-0-2.nc,655c180cf8980136ed0e7ecf1324acd12684f5e1313e430d74212d44576b2c51,3-0-2,0,True,False,False,2025-11-12T00:36:00+00:00,sci_sgps-l2-avg1m_g19_d20251112_v3-0-2.nc,655c180cf8980136ed0e7ecf1324acd12684f5e1313e430d74212d44576b2c51,3-0-2,0,True,False,False,0.011876572875256657,0.014050407597646548,sep_20251110_1125:post_peak|sep_20251111_0945:pre_peak,356.9651988254042,0.005602787068826346,0,0,0,1224,0,19,W
all_separate_directions_not_independent,60,core_only,reported,all,0.01,censored_first,above_level,log,611,0.00027854297866267857,0.0007558483978967205,0.001429507604984011,0.0028013935344131714,GOES-19 SGPS,0.0028013935344131714,2025-11-12T00:35:00+00:00,sci_sgps-l2-avg1m_g19_d20251112_v3-0-2.nc,655c180cf8980136ed0e7ecf1324acd12684f5e1313e430d74212d44576b2c51,3-0-2,0,True,False,False,2025-11-12T00:36:00+00:00,sci_sgps-l2-avg1m_g19_d20251112_v3-0-2.nc,655c180cf8980136ed0e7ecf1324acd12684f5e1313e430d74212d44576b2c51,3-0-2,0,True,False,False,0.011876572875256657,0.014050407597646548,sep_20251110_1125:post_peak|sep_20251111_0945:pre_peak,356.96519882540434,0.005602787068826343,0,0,0,1224,0,19,W
all_separate_directions_not_independent,60,core_only,reported,all,0.01,censored_first,approach,H,3230,5.274312633278359e-05,0.00038193835084956605,0.0010025312808332916,0.006299521095598106,GOES-18 SGPS,0.006299521095598106,2025-11-12T00:31:00+00:00,sci_sgps-l2-avg1m_g18_d20251112_v3-0-2.nc,74436f8342e7404d5982b3c61f7ae4788082d691a3c7683836013d66f427d9ab,3-0-2,12,True,False,False,2025-11-12T00:32:00+00:00,sci_sgps-l2-avg1m_g18_d20251112_v3-0-2.nc,74436f8342e7404d5982b3c61f7ae4788082d691a3c7683836013d66f427d9ab,3-0-2,12,True,False,False,0.008235472982841776,0.012232589454556365,sep_20251110_1125:post_peak|sep_20251111_0945:pre_peak,158.74222576995044,0.012599042191196211,0,1,0,6282,0,18,E
all_separate_directions_not_independent,60,core_only,reported,all,0.01,censored_first,approach,log,0,,,,,GOES-18 SGPS,,,,,,,,,,,,,,,,,,,,,,,0,0,0,6282,0,18,E
all_separate_directions_not_independent,60,core_only,reported,all,0.01,censored_first,whole,H,3841,7.184562951709656e-05,0.000483277765726201,0.0011765829743713558,0.006299521095598106,GOES-18 SGPS,0.006299521095598106,2025-11-12T00:31:00+00:00,sci_sgps-l2-avg1m_g18_d20251112_v3-0-2.nc,74436f8342e7404d5982b3c61f7ae4788082d691a3c7683836013d66f427d9ab,3-0-2,12,True,False,False,2025-11-12T00:32:00+00:00,sci_sgps-l2-avg1m_g18_d20251112_v3-0-2.nc,74436f8342e7404d5982b3c61f7ae4788082d691a3c7683836013d66f427d9ab,3-0-2,12,True,False,False,0.008235472982841776,0.012232589454556365,sep_20251110_1125:post_peak|sep_20251111_0945:pre_peak,158.74222576995044,0.012599042191196211,0,1,0,7506,0,18,E
all_separate_directions_not_independent,60,core_only,reported,all,0.01,censored_first,whole,log,611,0.00027854297866267857,0.0007558483978967205,0.001429507604984011,0.0028013935344131714,GOES-19 SGPS,0.0028013935344131714,2025-11-12T00:35:00+00:00,sci_sgps-l2-avg1m_g19_d20251112_v3-0-2.nc,655c180cf8980136ed0e7ecf1324acd12684f5e1313e430d74212d44576b2c51,3-0-2,0,True,False,False,2025-11-12T00:36:00+00:00,sci_sgps-l2-avg1m_g19_d20251112_v3-0-2.nc,655c180cf8980136ed0e7ecf1324acd12684f5e1313e430d74212d44576b2c51,3-0-2,0,True,False,False,0.011876572875256657,0.014050407597646548,sep_20251110_1125:post_peak|sep_20251111_0945:pre_peak,356.96519882540434,0.005602787068826343,0,0,0,7506,0,19,W
all_separate_directions_not_independent,60,core_only,reported,all,0.01,censored_repeat,above_level,H,324,0.0002630346507317453,0.0009229294127507755,0.0022382685212442997,0.004819937301579772,GOES-18 SGPS,0.004819937301579772,2026-01-19T21:48:00+00:00,sci_sgps-l2-avg1m_g18_d20260119_v3-0-3.nc,8b2ca91b906ccc5d91274b14cf976314b3b61f5f4b7286d0166f52a6b5573740,3-0-3,15,True,False,False,2026-01-19T21:49:00+00:00,sci_sgps-l2-avg1m_g18_d20260119_v3-0-3.nc,8b2ca91b906ccc5d91274b14cf976314b3b61f5f4b7286d0166f52a6b5573740,3-0-3,15,True,False,False,0.011640482901690657,0.015544162495679397,sep_20260118_2255:post_peak,207.47157845232596,0.009639874603159545,0,0,0,652,0,18,E
all_separate_directions_not_independent,60,core_only,reported,all,0.01,censored_repeat,above_level,log,324,0.00026303465073174485,0.0009229294127507741,0.0022382685212442993,0.0048199373015797705,GOES-18 SGPS,0.0048199373015797705,2026-01-19T21:48:00+00:00,sci_sgps-l2-avg1m_g18_d20260119_v3-0-3.nc,8b2ca91b906ccc5d91274b14cf976314b3b61f5f4b7286d0166f52a6b5573740,3-0-3,15,True,False,False,2026-01-19T21:49:00+00:00,sci_sgps-l2-avg1m_g18_d20260119_v3-0-3.nc,8b2ca91b906ccc5d91274b14cf976314b3b61f5f4b7286d0166f52a6b5573740,3-0-3,15,True,False,False,0.011640482901690657,0.015544162495679397,sep_20260118_2255:post_peak,207.47157845232604,0.009639874603159541,0,0,0,652,0,18,E
all_separate_directions_not_independent,60,core_only,reported,all,0.01,censored_repeat,approach,H,2415,0.0002687743197832493,0.0007064352367983738,0.0015063988916218614,0.012953289711427847,GOES-18 SGPS,0.012953289711427847,2026-01-19T21:40:00+00:00,sci_sgps-l2-avg1m_g18_d20260119_v3-0-3.nc,8b2ca91b906ccc5d91274b14cf976314b3b61f5f4b7286d0166f52a6b5573740,3-0-3,15,True,False,False,2026-01-19T21:41:00+00:00,sci_sgps-l2-avg1m_g18_d20260119_v3-0-3.nc,8b2ca91b906ccc5d91274b14cf976314b3b61f5f4b7286d0166f52a6b5573740,3-0-3,15,True,False,False,0.003632106952246817,0.01150743295974584,sep_20260118_2255:post_peak,77.20046584905492,0.025906579422855694,0,7,0,4813,1649,18,E
all_separate_directions_not_independent,60,core_only,reported,all,0.01,censored_repeat,approach,log,0,,,,,GOES-18 SGPS,,,,,,,,,,,,,,,,,,,,,,,0,0,0,4813,1649,18,E
all_separate_directions_not_independent,60,core_only,reported,all,0.01,censored_repeat,whole,H,2739,0.000266936586290939,0.0007346322855298279,0.0017158975870513722,0.012953289711427847,GOES-18 SGPS,0.012953289711427847,2026-01-19T21:40:00+00:00,sci_sgps-l2-avg1m_g18_d20260119_v3-0-3.nc,8b2ca91b906ccc5d91274b14cf976314b3b61f5f4b7286d0166f52a6b5573740,3-0-3,15,True,False,False,2026-01-19T21:41:00+00:00,sci_sgps-l2-avg1m_g18_d20260119_v3-0-3.nc,8b2ca91b906ccc5d91274b14cf976314b3b61f5f4b7286d0166f52a6b5573740,3-0-3,15,True,False,False,0.003632106952246817,0.01150743295974584,sep_20260118_2255:post_peak,77.20046584905492,0.025906579422855694,0,7,0,5465,1649,18,E
all_separate_directions_not_independent,60,core_only,reported,all,0.01,censored_repeat,whole,log,324,0.00026303465073174485,0.0009229294127507741,0.0022382685212442993,0.0048199373015797705,GOES-18 SGPS,0.0048199373015797705,2026-01-19T21:48:00+00:00,sci_sgps-l2-avg1m_g18_d20260119_v3-0-3.nc,8b2ca91b906ccc5d91274b14cf976314b3b61f5f4b7286d0166f52a6b5573740,3-0-3,15,True,False,False,2026-01-19T21:49:00+00:00,sci_sgps-l2-avg1m_g18_d20260119_v3-0-3.nc,8b2ca91b906ccc5d91274b14cf976314b3b61f5f4b7286d0166f52a6b5573740,3-0-3,15,True,False,False,0.011640482901690657,0.015544162495679397,sep_20260118_2255:post_peak,207.47157845232604,0.009639874603159541,0,0,0,5465,1649,18,E
all_separate_directions_not_independent,60,core_only,reported,all,0.01,confirmed_entry,above_level,H,546,0.000318621653606758,0.0008553193431439657,0.001598167471646306,0.0029374427980349243,GOES-18 SGPS,0.0029374427980349243,2024-06-08T06:44:00+00:00,sci_sgps-l2-avg1m_g18_d20240608_v3-0-2.nc,f7081199575bccee4471c251c84ed4be735629e2c60af0e027439ad9da4d604d,3-0-2,6,True,False,False,2024-06-08T06:45:00+00:00,sci_sgps-l2-avg1m_g18_d20240608_v3-0-2.nc,f7081199575bccee4471c251c84ed4be735629e2c60af0e027439ad9da4d604d,3-0-2,6,True,False,False,0.016277640390399327,0.019414864398415554,sep_20240608_0255:pre_peak,340.4321611535635,0.005874885596069849,0,0,0,1145,0,18,W
all_separate_directions_not_independent,60,core_only,reported,all,0.01,confirmed_entry,above_level,log,546,0.0003186216536067608,0.0008553193431439657,0.0015981674716463031,0.002937442798034924,GOES-18 SGPS,0.002937442798034924,2024-06-08T06:44:00+00:00,sci_sgps-l2-avg1m_g18_d20240608_v3-0-2.nc,f7081199575bccee4471c251c84ed4be735629e2c60af0e027439ad9da4d604d,3-0-2,6,True,False,False,2024-06-08T06:45:00+00:00,sci_sgps-l2-avg1m_g18_d20240608_v3-0-2.nc,f7081199575bccee4471c251c84ed4be735629e2c60af0e027439ad9da4d604d,3-0-2,6,True,False,False,0.016277640390399327,0.019414864398415554,sep_20240608_0255:pre_peak,340.4321611535636,0.005874885596069848,0,0,0,1145,0,18,W
all_separate_directions_not_independent,60,core_only,reported,all,0.01,confirmed_entry,approach,H,3780,0.00012947461320527722,0.00044282784250424396,0.0010761029621790968,0.009818057286911352,GOES-18 SGPS,0.009818057286911352,2024-10-10T15:14:00+00:00,sci_sgps-l2-avg1m_g18_d20241010_v3-0-2.nc,176fdaf534aa233220fe8fa99072838d157bfb44d4e55490e6fd47c3b88cc36a,3-0-2,6,True,False,False,2024-10-10T15:15:00+00:00,sci_sgps-l2-avg1m_g18_d20241010_v3-0-2.nc,176fdaf534aa233220fe8fa99072838d157bfb44d4e55490e6fd47c3b88cc36a,3-0-2,6,True,False,False,0.004724136316403097,0.010634273794643753,sep_20241009_0505:pre_peak,101.8531437306971,0.019636114573822704,0,1,0,7152,0,18,E
all_separate_directions_not_independent,60,core_only,reported,all,0.01,confirmed_entry,approach,log,0,,,,,GOES-16 SGPS,,,,,,,,,,,,,,,,,,,,,,,0,0,0,7152,0,16,E
all_separate_directions_not_independent,60,core_only,reported,all,0.01,confirmed_entry,whole,H,4326,0.00014501972761290835,0.0005088410122065198,0.001234484885218869,0.009818057286911352,GOES-18 SGPS,0.009818057286911352,2024-10-10T15:14:00+00:00,sci_sgps-l2-avg1m_g18_d20241010_v3-0-2.nc,176fdaf534aa233220fe8fa99072838d157bfb44d4e55490e6fd47c3b88cc36a,3-0-2,6,True,False,False,2024-10-10T15:15:00+00:00,sci_sgps-l2-avg1m_g18_d20241010_v3-0-2.nc,176fdaf534aa233220fe8fa99072838d157bfb44d4e55490e6fd47c3b88cc36a,3-0-2,6,True,False,False,0.004724136316403097,0.010634273794643753,sep_20241009_0505:pre_peak,101.8531437306971,0.019636114573822704,0,1,0,8297,0,18,E
all_separate_directions_not_independent,60,core_only,reported,all,0.01,confirmed_entry,whole,log,546,0.0003186216536067608,0.0008553193431439657,0.0015981674716463031,0.002937442798034924,GOES-18 SGPS,0.002937442798034924,2024-06-08T06:44:00+00:00,sci_sgps-l2-avg1m_g18_d20240608_v3-0-2.nc,f7081199575bccee4471c251c84ed4be735629e2c60af0e027439ad9da4d604d,3-0-2,6,True,False,False,2024-06-08T06:45:00+00:00,sci_sgps-l2-avg1m_g18_d20240608_v3-0-2.nc,f7081199575bccee4471c251c84ed4be735629e2c60af0e027439ad9da4d604d,3-0-2,6,True,False,False,0.016277640390399327,0.019414864398415554,sep_20240608_0255:pre_peak,340.4321611535636,0.005874885596069848,0,0,0,8297,0,18,W
all_separate_directions_not_independent,60,core_only,reported,all,0.01,repeat_post_peak,above_level,H,20,0.00041927658351925137,0.0014438330816032932,0.009060536523879791,0.00994181579123724,GOES-19 SGPS,0.00994181579123724,2026-01-19T21:46:00+00:00,sci_sgps-l2-avg1m_g19_d20260119_v3-0-3.nc,eb1c6d9b1161c537d049264831e07f7eb7a9a4e8ebc27ab40782d765db7b3cab,3-0-3,6,True,False,False,2026-01-19T21:47:00+00:00,sci_sgps-l2-avg1m_g19_d20260119_v3-0-3.nc,eb1c6d9b1161c537d049264831e07f7eb7a9a4e8ebc27ab40782d765db7b3cab,3-0-3,6,True,False,False,0.01303466323775652,0.02366793454576194,sep_20260118_2255:post_peak,100.58524730275171,0.01988363158247448,0,1,0,63,0,19,W
all_separate_directions_not_independent,60,core_only,reported,all,0.01,repeat_post_peak,above_level,log,20,0.00041927658351925256,0.0014438330816032888,0.009060536523879788,0.009941815791237237,GOES-19 SGPS,0.009941815791237237,2026-01-19T21:46:00+00:00,sci_sgps-l2-avg1m_g19_d20260119_v3-0-3.nc,eb1c6d9b1161c537d049264831e07f7eb7a9a4e8ebc27ab40782d765db7b3cab,3-0-3,6,True,False,False,2026-01-19T21:47:00+00:00,sci_sgps-l2-avg1m_g19_d20260119_v3-0-3.nc,eb1c6d9b1161c537d049264831e07f7eb7a9a4e8ebc27ab40782d765db7b3cab,3-0-3,6,True,False,False,0.01303466323775652,0.02366793454576194,sep_20260118_2255:post_peak,100.58524730275175,0.019883631582474474,0,1,0,63,0,19,W
all_separate_directions_not_independent,60,core_only,reported,all,0.01,repeat_post_peak,approach,H,39,0.0005411456916345573,0.0019741118795192306,0.018468108377648444,0.0209562569212437,GOES-19 SGPS,0.0209562569212437,2026-01-19T21:39:00+00:00,sci_sgps-l2-avg1m_g19_d20260119_v3-0-3.nc,eb1c6d9b1161c537d049264831e07f7eb7a9a4e8ebc27ab40782d765db7b3cab,3-0-3,6,True,False,False,2026-01-19T21:40:00+00:00,sci_sgps-l2-avg1m_g19_d20260119_v3-0-3.nc,eb1c6d9b1161c537d049264831e07f7eb7a9a4e8ebc27ab40782d765db7b3cab,3-0-3,6,True,False,False,0.00537917907341087,0.022150906377021162,sep_20260118_2255:post_peak,47.71844531960685,0.0419125138424874,1,2,0,57,0,19,W
all_separate_directions_not_independent,60,core_only,reported,all,0.01,repeat_post_peak,approach,log,0,,,,,GOES-16 SGPS,,,,,,,,,,,,,,,,,,,,,,,0,0,0,57,0,16,E
all_separate_directions_not_independent,60,core_only,reported,all,0.01,repeat_post_peak,whole,H,59,0.00048225014302899494,0.0019741118795192306,0.017158556512598348,0.0209562569212437,GOES-19 SGPS,0.0209562569212437,2026-01-19T21:39:00+00:00,sci_sgps-l2-avg1m_g19_d20260119_v3-0-3.nc,eb1c6d9b1161c537d049264831e07f7eb7a9a4e8ebc27ab40782d765db7b3cab,3-0-3,6,True,False,False,2026-01-19T21:40:00+00:00,sci_sgps-l2-avg1m_g19_d20260119_v3-0-3.nc,eb1c6d9b1161c537d049264831e07f7eb7a9a4e8ebc27ab40782d765db7b3cab,3-0-3,6,True,False,False,0.00537917907341087,0.022150906377021162,sep_20260118_2255:post_peak,47.71844531960685,0.0419125138424874,1,3,0,120,0,19,W
all_separate_directions_not_independent,60,core_only,reported,all,0.01,repeat_post_peak,whole,log,20,0.00041927658351925256,0.0014438330816032888,0.009060536523879788,0.009941815791237237,GOES-19 SGPS,0.009941815791237237,2026-01-19T21:46:00+00:00,sci_sgps-l2-avg1m_g19_d20260119_v3-0-3.nc,eb1c6d9b1161c537d049264831e07f7eb7a9a4e8ebc27ab40782d765db7b3cab,3-0-3,6,True,False,False,2026-01-19T21:47:00+00:00,sci_sgps-l2-avg1m_g19_d20260119_v3-0-3.nc,eb1c6d9b1161c537d049264831e07f7eb7a9a4e8ebc27ab40782d765db7b3cab,3-0-3,6,True,False,False,0.01303466323775652,0.02366793454576194,sep_20260118_2255:post_peak,100.58524730275175,0.019883631582474474,0,1,0,120,0,19,W
all_separate_directions_not_independent,60,core_only,reported,all,0.01,repeat_pre_peak,above_level,H,1449,0.0004206931099346112,0.0013236991014128785,0.003990112141287525,0.01460597121286639,GOES-18 SGPS,0.01460597121286639,2026-01-19T21:08:00+00:00,sci_sgps-l2-avg1m_g18_d20260119_v3-0-3.nc,8b2ca91b906ccc5d91274b14cf976314b3b61f5f4b7286d0166f52a6b5573740,3-0-3,15,True,False,False,2026-01-19T21:09:00+00:00,sci_sgps-l2-avg1m_g18_d20260119_v3-0-3.nc,8b2ca91b906ccc5d91274b14cf976314b3b61f5f4b7286d0166f52a6b5573740,3-0-3,15,True,False,False,0.03571487710921664,0.08579198613998898,sep_20260118_2255:post_peak,68.46514931640428,0.02921194242573278,0,8,0,2809,0,18,W
all_separate_directions_not_independent,60,core_only,reported,all,0.01,repeat_pre_peak,above_level,log,1449,0.000420693109934607,0.001323699101412882,0.00399011214128753,0.014605971212866385,GOES-18 SGPS,0.014605971212866385,2026-01-19T21:08:00+00:00,sci_sgps-l2-avg1m_g18_d20260119_v3-0-3.nc,8b2ca91b906ccc5d91274b14cf976314b3b61f5f4b7286d0166f52a6b5573740,3-0-3,15,True,False,False,2026-01-19T21:09:00+00:00,sci_sgps-l2-avg1m_g18_d20260119_v3-0-3.nc,8b2ca91b906ccc5d91274b14cf976314b3b61f5f4b7286d0166f52a6b5573740,3-0-3,15,True,False,False,0.03571487710921664,0.08579198613998898,sep_20260118_2255:post_peak,68.46514931640431,0.02921194242573277,0,8,0,2809,0,18,W
all_separate_directions_not_independent,60,core_only,reported,all,0.01,repeat_pre_peak,approach,H,260,0.000395464725684209,0.0012722974551870052,0.0029191638801648666,0.003567911643547887,GOES-18 SGPS,0.003567911643547887,2024-03-23T16:15:00+00:00,sci_sgps-l2-avg1m_g18_d20240323_v3-0-2.nc,99bf82c4cad1772481b290be0a9e038955c1e92cf3f101acf8a0a97f25faad2d,3-0-2,6,True,False,False,2024-03-23T16:16:00+00:00,sci_sgps-l2-avg1m_g18_d20240323_v3-0-2.nc,99bf82c4cad1772481b290be0a9e038955c1e92cf3f101acf8a0a97f25faad2d,3-0-2,6,True,False,False,0.006146728306675735,0.008287475292804467,sep_20240323_0815:pre_peak,280.27599893298157,0.007135823287095774,0,0,0,486,0,18,W
all_separate_directions_not_independent,60,core_only,reported,all,0.01,repeat_pre_peak,approach,log,0,,,,,GOES-16 SGPS,,,,,,,,,,,,,,,,,,,,,,,0,0,0,486,0,16,W
all_separate_directions_not_independent,60,core_only,reported,all,0.01,repeat_pre_peak,whole,H,1709,0.00041650890167847326,0.0013158619791109921,0.0037202818965323546,0.01460597121286639,GOES-18 SGPS,0.01460597121286639,2026-01-19T21:08:00+00:00,sci_sgps-l2-avg1m_g18_d20260119_v3-0-3.nc,8b2ca91b906ccc5d91274b14cf976314b3b61f5f4b7286d0166f52a6b5573740,3-0-3,15,True,False,False,2026-01-19T21:09:00+00:00,sci_sgps-l2-avg1m_g18_d20260119_v3-0-3.nc,8b2ca91b906ccc5d91274b14cf976314b3b61f5f4b7286d0166f52a6b5573740,3-0-3,15,True,False,False,0.03571487710921664,0.08579198613998898,sep_20260118_2255:post_peak,68.46514931640428,0.02921194242573278,0,8,0,3295,0,18,W
all_separate_directions_not_independent,60,core_only,reported,all,0.01,repeat_pre_peak,whole,log,1449,0.000420693109934607,0.001323699101412882,0.00399011214128753,0.014605971212866385,GOES-18 SGPS,0.014605971212866385,2026-01-19T21:08:00+00:00,sci_sgps-l2-avg1m_g18_d20260119_v3-0-3.nc,8b2ca91b906ccc5d91274b14cf976314b3b61f5f4b7286d0166f52a6b5573740,3-0-3,15,True,False,False,2026-01-19T21:09:00+00:00,sci_sgps-l2-avg1m_g18_d20260119_v3-0-3.nc,8b2ca91b906ccc5d91274b14cf976314b3b61f5f4b7286d0166f52a6b5573740,3-0-3,15,True,False,False,0.03571487710921664,0.08579198613998898,sep_20260118_2255:post_peak,68.46514931640431,0.02921194242573277,0,8,0,3295,0,18,W
all_separate_directions_not_independent,60,core_only,reported,all,0.01,unassigned_no_crossing,whole,H,548939,1.0955948636121538e-05,7.283110409695181e-05,0.0003307118739964402,0.007735891054394571,GOES-16 SGPS,0.007735891054394571,2024-10-10T15:14:00+00:00,sci_sgps-l2-avg1m_g16_d20241010_v3-0-2.nc,fbf7bd2cfc1dc3ff5e5bb18d2ed9fc690e1ff8c83a6e402050e89cb6c3b04206,3-0-2,12,True,False,False,2024-10-10T15:15:00+00:00,sci_sgps-l2-avg1m_g16_d20241010_v3-0-2.nc,fbf7bd2cfc1dc3ff5e5bb18d2ed9fc690e1ff8c83a6e402050e89cb6c3b04206,3-0-2,12,True,False,False,0.004666142564930073,0.009307677197566816,sep_20241009_0505:pre_peak,129.26759089141055,0.015471782108789143,0,3,0,1099624,1649,16,E
all_separate_directions_not_independent,60,core_only,reported,all,0.01,unassigned_no_crossing,whole,log,0,,,,,GOES-16 SGPS,,,,,,,,,,,,,,,,,,,,,,,0,0,0,1099624,1649,16,E
all_separate_directions_not_independent,60,core_only,reported,all,0.1,all_retained,above_level,H,239,0.0005435131437074673,0.002095409447365992,0.003990590483377362,0.008774533458506262,GOES-18 SGPS,0.008774533458506262,2026-01-19T19:16:00+00:00,sci_sgps-l2-avg1m_g18_d20260119_v3-0-3.nc,8b2ca91b906ccc5d91274b14cf976314b3b61f5f4b7286d0166f52a6b5573740,3-0-3,15,True,False,False,2026-01-19T19:17:00+00:00,sci_sgps-l2-avg1m_g18_d20260119_v3-0-3.nc,8b2ca91b906ccc5d91274b14cf976314b3b61f5f4b7286d0166f52a6b5573740,3-0-3,15,True,False,False,0.1389582899975701,0.2352493048808105,sep_20260118_2255:post_peak,113.96617321352555,0.017549066917012524,0,2,0,482,0,18,E
all_separate_directions_not_independent,60,core_only,reported,all,0.1,all_retained,above_level,log,239,0.0005435131437074667,0.002095409447365992,0.003990590483377361,0.008774533458506265,GOES-18 SGPS,0.008774533458506265,2026-01-19T19:16:00+00:00,sci_sgps-l2-avg1m_g18_d20260119_v3-0-3.nc,8b2ca91b906ccc5d91274b14cf976314b3b61f5f4b7286d0166f52a6b5573740,3-0-3,15,True,False,False,2026-01-19T19:17:00+00:00,sci_sgps-l2-avg1m_g18_d20260119_v3-0-3.nc,8b2ca91b906ccc5d91274b14cf976314b3b61f5f4b7286d0166f52a6b5573740,3-0-3,15,True,False,False,0.1389582899975701,0.2352493048808105,sep_20260118_2255:post_peak,113.96617321352551,0.01754906691701253,0,2,0,482,0,18,E
all_separate_directions_not_independent,60,core_only,reported,all,0.1,all_retained,approach,H,2567,2.190197838418765e-05,0.00019049915433835075,0.0009198106405907321,0.00449454222732771,GOES-19 SGPS,0.00449454222732771,2026-01-19T21:05:00+00:00,sci_sgps-l2-avg1m_g19_d20260119_v3-0-3.nc,eb1c6d9b1161c537d049264831e07f7eb7a9a4e8ebc27ab40782d765db7b3cab,3-0-3,6,True,False,False,2026-01-19T21:06:00+00:00,sci_sgps-l2-avg1m_g19_d20260119_v3-0-3.nc,eb1c6d9b1161c537d049264831e07f7eb7a9a4e8ebc27ab40782d765db7b3cab,3-0-3,6,True,False,False,0.05861324537800512,0.08558049874197138,sep_20260118_2255:post_peak,222.4920691410576,0.00898908445465542,0,0,0,4803,0,19,E
all_separate_directions_not_independent,60,core_only,reported,all,0.1,all_retained,approach,log,0,,,,,GOES-18 SGPS,,,,,,,,,,,,,,,,,,,,,,,0,0,0,4803,0,18,E
all_separate_directions_not_independent,60,core_only,reported,all,0.1,all_retained,whole,H,560807,1.1427308397951668e-06,8.195717814207729e-06,4.4806207715423276e-05,0.008774533458506262,GOES-18 SGPS,0.008774533458506262,2026-01-19T19:16:00+00:00,sci_sgps-l2-avg1m_g18_d20260119_v3-0-3.nc,8b2ca91b906ccc5d91274b14cf976314b3b61f5f4b7286d0166f52a6b5573740,3-0-3,15,True,False,False,2026-01-19T19:17:00+00:00,sci_sgps-l2-avg1m_g18_d20260119_v3-0-3.nc,8b2ca91b906ccc5d91274b14cf976314b3b61f5f4b7286d0166f52a6b5573740,3-0-3,15,True,False,False,0.1389582899975701,0.2352493048808105,sep_20260118_2255:post_peak,113.96617321352555,0.017549066917012524,0,4,0,1122658,0,18,E
all_separate_directions_not_independent,60,core_only,reported,all,0.1,all_retained,whole,log,239,0.0005435131437074667,0.002095409447365992,0.003990590483377361,0.008774533458506265,GOES-18 SGPS,0.008774533458506265,2026-01-19T19:16:00+00:00,sci_sgps-l2-avg1m_g18_d20260119_v3-0-3.nc,8b2ca91b906ccc5d91274b14cf976314b3b61f5f4b7286d0166f52a6b5573740,3-0-3,15,True,False,False,2026-01-19T19:17:00+00:00,sci_sgps-l2-avg1m_g18_d20260119_v3-0-3.nc,8b2ca91b906ccc5d91274b14cf976314b3b61f5f4b7286d0166f52a6b5573740,3-0-3,15,True,False,False,0.1389582899975701,0.2352493048808105,sep_20260118_2255:post_peak,113.96617321352551,0.01754906691701253,0,2,0,1122658,0,18,E
all_separate_directions_not_independent,60,core_only,reported,all,0.1,confirmed_entry,above_level,H,180,0.0005379016144244353,0.0019500124345121139,0.003588669141649923,0.008774533458506262,GOES-18 SGPS,0.008774533458506262,2026-01-19T19:16:00+00:00,sci_sgps-l2-avg1m_g18_d20260119_v3-0-3.nc,8b2ca91b906ccc5d91274b14cf976314b3b61f5f4b7286d0166f52a6b5573740,3-0-3,15,True,False,False,2026-01-19T19:17:00+00:00,sci_sgps-l2-avg1m_g18_d20260119_v3-0-3.nc,8b2ca91b906ccc5d91274b14cf976314b3b61f5f4b7286d0166f52a6b5573740,3-0-3,15,True,False,False,0.1389582899975701,0.2352493048808105,sep_20260118_2255:post_peak,113.96617321352555,0.017549066917012524,0,1,0,354,0,18,E
all_separate_directions_not_independent,60,core_only,reported,all,0.1,confirmed_entry,above_level,log,180,0.0005379016144244369,0.001950012434512114,0.003588669141649922,0.008774533458506265,GOES-18 SGPS,0.008774533458506265,2026-01-19T19:16:00+00:00,sci_sgps-l2-avg1m_g18_d20260119_v3-0-3.nc,8b2ca91b906ccc5d91274b14cf976314b3b61f5f4b7286d0166f52a6b5573740,3-0-3,15,True,False,False,2026-01-19T19:17:00+00:00,sci_sgps-l2-avg1m_g18_d20260119_v3-0-3.nc,8b2ca91b906ccc5d91274b14cf976314b3b61f5f4b7286d0166f52a6b5573740,3-0-3,15,True,False,False,0.1389582899975701,0.2352493048808105,sep_20260118_2255:post_peak,113.96617321352551,0.01754906691701253,0,1,0,354,0,18,E
all_separate_directions_not_independent,60,core_only,reported,all,0.1,confirmed_entry,approach,H,2539,2.1636003081183357e-05,0.00017860373225800748,0.0006882745989770778,0.004244976220708455,GOES-18 SGPS,0.004244976220708455,2026-01-19T19:13:00+00:00,sci_sgps-l2-avg1m_g18_d20260119_v3-0-3.nc,8b2ca91b906ccc5d91274b14cf976314b3b61f5f4b7286d0166f52a6b5573740,3-0-3,15,True,False,False,2026-01-19T19:14:00+00:00,sci_sgps-l2-avg1m_g18_d20260119_v3-0-3.nc,8b2ca91b906ccc5d91274b14cf976314b3b61f5f4b7286d0166f52a6b5573740,3-0-3,15,True,False,False,0.08503060958224562,0.11107157963478076,sep_20260118_2255:pre_peak,235.5725799173281,0.00848995244141691,0,0,0,4751,0,18,E
all_separate_directions_not_independent,60,core_only,reported,all,0.1,confirmed_entry,approach,log,0,,,,,GOES-18 SGPS,,,,,,,,,,,,,,,,,,,,,,,0,0,0,4751,0,18,E
all_separate_directions_not_independent,60,core_only,reported,all,0.1,confirmed_entry,whole,H,2719,2.4344943818779136e-05,0.0002600801684061828,0.0016309309865726064,0.008774533458506262,GOES-18 SGPS,0.008774533458506262,2026-01-19T19:16:00+00:00,sci_sgps-l2-avg1m_g18_d20260119_v3-0-3.nc,8b2ca91b906ccc5d91274b14cf976314b3b61f5f4b7286d0166f52a6b5573740,3-0-3,15,True,False,False,2026-01-19T19:17:00+00:00,sci_sgps-l2-avg1m_g18_d20260119_v3-0-3.nc,8b2ca91b906ccc5d91274b14cf976314b3b61f5f4b7286d0166f52a6b5573740,3-0-3,15,True,False,False,0.1389582899975701,0.2352493048808105,sep_20260118_2255:post_peak,113.96617321352555,0.017549066917012524,0,1,0,5105,0,18,E
all_separate_directions_not_independent,60,core_only,reported,all,0.1,confirmed_entry,whole,log,180,0.0005379016144244369,0.001950012434512114,0.003588669141649922,0.008774533458506265,GOES-18 SGPS,0.008774533458506265,2026-01-19T19:16:00+00:00,sci_sgps-l2-avg1m_g18_d20260119_v3-0-3.nc,8b2ca91b906ccc5d91274b14cf976314b3b61f5f4b7286d0166f52a6b5573740,3-0-3,15,True,False,False,2026-01-19T19:17:00+00:00,sci_sgps-l2-avg1m_g18_d20260119_v3-0-3.nc,8b2ca91b906ccc5d91274b14cf976314b3b61f5f4b7286d0166f52a6b5573740,3-0-3,15,True,False,False,0.1389582899975701,0.2352493048808105,sep_20260118_2255:post_peak,113.96617321352551,0.01754906691701253,0,1,0,5105,0,18,E
all_separate_directions_not_independent,60,core_only,reported,all,0.1,repeat_post_peak,above_level,H,5,0.0005485810642578286,0.0014756191780816738,0.0019180218277398936,0.001967177677701918,GOES-18 SGPS,0.001967177677701918,2026-01-19T20:06:00+00:00,sci_sgps-l2-avg1m_g18_d20260119_v3-0-3.nc,8b2ca91b906ccc5d91274b14cf976314b3b61f5f4b7286d0166f52a6b5573740,3-0-3,15,True,False,False,2026-01-19T20:07:00+00:00,sci_sgps-l2-avg1m_g18_d20260119_v3-0-3.nc,8b2ca91b906ccc5d91274b14cf976314b3b61f5f4b7286d0166f52a6b5573740,3-0-3,15,True,False,False,0.10616357604472171,0.11946360156299286,sep_20260118_2255:post_peak,508.3424905310092,0.003934355355403836,0,0,0,11,0,18,E
all_separate_directions_not_independent,60,core_only,reported,all,0.1,repeat_post_peak,above_level,log,5,0.0005485810642578289,0.001475619178081675,0.0019180218277398944,0.001967177677701919,GOES-18 SGPS,0.001967177677701919,2026-01-19T20:06:00+00:00,sci_sgps-l2-avg1m_g18_d20260119_v3-0-3.nc,8b2ca91b906ccc5d91274b14cf976314b3b61f5f4b7286d0166f52a6b5573740,3-0-3,15,True,False,False,2026-01-19T20:07:00+00:00,sci_sgps-l2-avg1m_g18_d20260119_v3-0-3.nc,8b2ca91b906ccc5d91274b14cf976314b3b61f5f4b7286d0166f52a6b5573740,3-0-3,15,True,False,False,0.10616357604472171,0.11946360156299286,sep_20260118_2255:post_peak,508.342490531009,0.003934355355403838,0,0,0,11,0,18,E
all_separate_directions_not_independent,60,core_only,reported,all,0.1,repeat_post_peak,approach,H,19,0.0009579996159414961,0.002541435097839367,0.004157543546249488,0.00449454222732771,GOES-19 SGPS,0.00449454222732771,2026-01-19T21:05:00+00:00,sci_sgps-l2-avg1m_g19_d20260119_v3-0-3.nc,eb1c6d9b1161c537d049264831e07f7eb7a9a4e8ebc27ab40782d765db7b3cab,3-0-3,6,True,False,False,2026-01-19T21:06:00+00:00,sci_sgps-l2-avg1m_g19_d20260119_v3-0-3.nc,eb1c6d9b1161c537d049264831e07f7eb7a9a4e8ebc27ab40782d765db7b3cab,3-0-3,6,True,False,False,0.05861324537800512,0.08558049874197138,sep_20260118_2255:post_peak,222.4920691410576,0.00898908445465542,0,0,0,32,0,19,E
all_separate_directions_not_independent,60,core_only,reported,all,0.1,repeat_post_peak,approach,log,0,,,,,GOES-18 SGPS,,,,,,,,,,,,,,,,,,,,,,,0,0,0,32,0,18,E
all_separate_directions_not_independent,60,core_only,reported,all,0.1,repeat_post_peak,whole,H,24,0.0009250063468291547,0.002502898473779439,0.004063932801505536,0.00449454222732771,GOES-19 SGPS,0.00449454222732771,2026-01-19T21:05:00+00:00,sci_sgps-l2-avg1m_g19_d20260119_v3-0-3.nc,eb1c6d9b1161c537d049264831e07f7eb7a9a4e8ebc27ab40782d765db7b3cab,3-0-3,6,True,False,False,2026-01-19T21:06:00+00:00,sci_sgps-l2-avg1m_g19_d20260119_v3-0-3.nc,eb1c6d9b1161c537d049264831e07f7eb7a9a4e8ebc27ab40782d765db7b3cab,3-0-3,6,True,False,False,0.05861324537800512,0.08558049874197138,sep_20260118_2255:post_peak,222.4920691410576,0.00898908445465542,0,0,0,43,0,19,E
all_separate_directions_not_independent,60,core_only,reported,all,0.1,repeat_post_peak,whole,log,5,0.0005485810642578289,0.001475619178081675,0.0019180218277398944,0.001967177677701919,GOES-18 SGPS,0.001967177677701919,2026-01-19T20:06:00+00:00,sci_sgps-l2-avg1m_g18_d20260119_v3-0-3.nc,8b2ca91b906ccc5d91274b14cf976314b3b61f5f4b7286d0166f52a6b5573740,3-0-3,15,True,False,False,2026-01-19T20:07:00+00:00,sci_sgps-l2-avg1m_g18_d20260119_v3-0-3.nc,8b2ca91b906ccc5d91274b14cf976314b3b61f5f4b7286d0166f52a6b5573740,3-0-3,15,True,False,False,0.10616357604472171,0.11946360156299286,sep_20260118_2255:post_peak,508.342490531009,0.003934355355403838,0,0,0,43,0,18,E
all_separate_directions_not_independent,60,core_only,reported,all,0.1,repeat_pre_peak,above_level,H,54,0.0005845185913852191,0.002662483504250074,0.0055406407833550044,0.0072865200982895435,GOES-19 SGPS,0.0072865200982895435,2026-01-19T19:16:00+00:00,sci_sgps-l2-avg1m_g19_d20260119_v3-0-3.nc,eb1c6d9b1161c537d049264831e07f7eb7a9a4e8ebc27ab40782d765db7b3cab,3-0-3,6,True,False,False,2026-01-19T19:17:00+00:00,sci_sgps-l2-avg1m_g19_d20260119_v3-0-3.nc,eb1c6d9b1161c537d049264831e07f7eb7a9a4e8ebc27ab40782d765db7b3cab,3-0-3,6,True,False,False,0.2504112021071882,0.3877247113492862,sep_20260118_2255:post_peak,137.2397230105414,0.014573040196579087,0,1,0,117,0,19,E
all_separate_directions_not_independent,60,core_only,reported,all,0.1,repeat_pre_peak,above_level,log,54,0.0005845185913852216,0.002662483504250074,0.0055406407833550044,0.0072865200982895435,GOES-19 SGPS,0.0072865200982895435,2026-01-19T19:16:00+00:00,sci_sgps-l2-avg1m_g19_d20260119_v3-0-3.nc,eb1c6d9b1161c537d049264831e07f7eb7a9a4e8ebc27ab40782d765db7b3cab,3-0-3,6,True,False,False,2026-01-19T19:17:00+00:00,sci_sgps-l2-avg1m_g19_d20260119_v3-0-3.nc,eb1c6d9b1161c537d049264831e07f7eb7a9a4e8ebc27ab40782d765db7b3cab,3-0-3,6,True,False,False,0.2504112021071882,0.3877247113492862,sep_20260118_2255:post_peak,137.2397230105414,0.014573040196579087,0,1,0,117,0,19,E
all_separate_directions_not_independent,60,core_only,reported,all,0.1,repeat_pre_peak,approach,H,9,0.0003325179307728724,0.0008017818157885305,0.0011031675174778697,0.001136654817665574,GOES-19 SGPS,0.001136654817665574,2026-01-19T18:42:00+00:00,sci_sgps-l2-avg1m_g19_d20260119_v3-0-3.nc,eb1c6d9b1161c537d049264831e07f7eb7a9a4e8ebc27ab40782d765db7b3cab,3-0-3,6,True,False,False,2026-01-19T18:43:00+00:00,sci_sgps-l2-avg1m_g19_d20260119_v3-0-3.nc,eb1c6d9b1161c537d049264831e07f7eb7a9a4e8ebc27ab40782d765db7b3cab,3-0-3,6,True,False,False,0.09766160379857307,0.10458347046893325,sep_20260118_2255:pre_peak,879.774566964638,0.002273309635331148,0,0,0,20,0,19,E
all_separate_directions_not_independent,60,core_only,reported,all,0.1,repeat_pre_peak,approach,log,0,,,,,GOES-19 SGPS,,,,,,,,,,,,,,,,,,,,,,,0,0,0,20,0,19,E
all_separate_directions_not_independent,60,core_only,reported,all,0.1,repeat_pre_peak,whole,H,63,0.0005227200095060059,0.002501166681759579,0.005244170711007643,0.0072865200982895435,GOES-19 SGPS,0.0072865200982895435,2026-01-19T19:16:00+00:00,sci_sgps-l2-avg1m_g19_d20260119_v3-0-3.nc,eb1c6d9b1161c537d049264831e07f7eb7a9a4e8ebc27ab40782d765db7b3cab,3-0-3,6,True,False,False,2026-01-19T19:17:00+00:00,sci_sgps-l2-avg1m_g19_d20260119_v3-0-3.nc,eb1c6d9b1161c537d049264831e07f7eb7a9a4e8ebc27ab40782d765db7b3cab,3-0-3,6,True,False,False,0.2504112021071882,0.3877247113492862,sep_20260118_2255:post_peak,137.2397230105414,0.014573040196579087,0,1,0,137,0,19,E
all_separate_directions_not_independent,60,core_only,reported,all,0.1,repeat_pre_peak,whole,log,54,0.0005845185913852216,0.002662483504250074,0.0055406407833550044,0.0072865200982895435,GOES-19 SGPS,0.0072865200982895435,2026-01-19T19:16:00+00:00,sci_sgps-l2-avg1m_g19_d20260119_v3-0-3.nc,eb1c6d9b1161c537d049264831e07f7eb7a9a4e8ebc27ab40782d765db7b3cab,3-0-3,6,True,False,False,2026-01-19T19:17:00+00:00,sci_sgps-l2-avg1m_g19_d20260119_v3-0-3.nc,eb1c6d9b1161c537d049264831e07f7eb7a9a4e8ebc27ab40782d765db7b3cab,3-0-3,6,True,False,False,0.2504112021071882,0.3877247113492862,sep_20260118_2255:post_peak,137.2397230105414,0.014573040196579087,0,1,0,137,0,19,E
all_separate_directions_not_independent,60,core_only,reported,all,0.1,unassigned_no_crossing,whole,H,558001,1.1307131374901961e-06,7.94564552618788e-06,4.0364902997380485e-05,0.008346184838462056,GOES-18 SGPS,0.008346184838462056,2026-01-19T21:08:00+00:00,sci_sgps-l2-avg1m_g18_d20260119_v3-0-3.nc,8b2ca91b906ccc5d91274b14cf976314b3b61f5f4b7286d0166f52a6b5573740,3-0-3,15,True,False,False,2026-01-19T21:09:00+00:00,sci_sgps-l2-avg1m_g18_d20260119_v3-0-3.nc,8b2ca91b906ccc5d91274b14cf976314b3b61f5f4b7286d0166f52a6b5573740,3-0-3,15,True,False,False,0.03571487710921664,0.08579198613998898,sep_20260118_2255:post_peak,119.81522328521412,0.016692369676924113,0,2,0,1117373,0,18,W
all_separate_directions_not_independent,60,core_only,reported,all,0.1,unassigned_no_crossing,whole,log,0,,,,,GOES-16 SGPS,,,,,,,,,,,,,,,,,,,,,,,0,0,0,1117373,0,16,E
all_separate_directions_not_independent,60,core_only,screened,all,0.001,all_retained,above_level,H,31038,0.0006143924346699637,0.0017077229045111548,0.0031674086486355433,0.023589044027737063,GOES-19 SGPS,0.023589044027737063,2026-01-19T21:39:00+00:00,sci_sgps-l2-avg1m_g19_d20260119_v3-0-3.nc,eb1c6d9b1161c537d049264831e07f7eb7a9a4e8ebc27ab40782d765db7b3cab,3-0-3,6,True,False,False,2026-01-19T21:40:00+00:00,sci_sgps-l2-avg1m_g19_d20260119_v3-0-3.nc,eb1c6d9b1161c537d049264831e07f7eb7a9a4e8ebc27ab40782d765db7b3cab,3-0-3,6,True,False,False,0.00537917907341087,0.022150906377021162,sep_20260118_2255:post_peak,42.39256151390259,0.047178088055474125,2,40,0,62098,8611,19,W
all_separate_directions_not_independent,60,core_only,screened,all,0.001,all_retained,above_level,log,31038,0.0006143924346699672,0.001707722904511158,0.003167408648635543,0.023589044027737077,GOES-19 SGPS,0.023589044027737077,2026-01-19T21:39:00+00:00,sci_sgps-l2-avg1m_g19_d20260119_v3-0-3.nc,eb1c6d9b1161c537d049264831e07f7eb7a9a4e8ebc27ab40782d765db7b3cab,3-0-3,6,True,False,False,2026-01-19T21:40:00+00:00,sci_sgps-l2-avg1m_g19_d20260119_v3-0-3.nc,eb1c6d9b1161c537d049264831e07f7eb7a9a4e8ebc27ab40782d765db7b3cab,3-0-3,6,True,False,False,0.00537917907341087,0.022150906377021162,sep_20260118_2255:post_peak,42.39256151390257,0.04717808805547415,2,40,0,62098,8611,19,W
all_separate_directions_not_independent,60,core_only,screened,all,0.001,all_retained,approach,H,23025,0.00046139195905723317,0.0016750310304588815,0.0032148746820894946,0.009899141790439348,GOES-16 SGPS,0.009899141790439348,2024-02-11T02:09:00+00:00,sci_sgps-l2-avg1m_g16_d20240211_v3-0-2.nc,ea6eb5b16606450d37d4ab87b6631ed986afd9b3226602edd43f1554a514b5bc,3-0-2,12,True,False,False,2024-02-11T02:10:00+00:00,sci_sgps-l2-avg1m_g16_d20240211_v3-0-2.nc,ea6eb5b16606450d37d4ab87b6631ed986afd9b3226602edd43f1554a514b5bc,3-0-2,12,True,False,False,0.000637891608865147,0.0012609181124472485,sep_20240209_1530:post_peak|sep_20240212_0805:pre_peak,101.0188581161456,0.019798283580878696,0,9,0,44092,6039,16,E
all_separate_directions_not_independent,60,core_only,screened,all,0.001,all_retained,approach,log,0,,,,,GOES-16 SGPS,,,,,,,,,,,,,,,,,,,,,,,0,0,0,44092,6039,16,E
all_separate_directions_not_independent,60,core_only,screened,all,0.001,all_retained,whole,H,390581,0.00011869255991040402,0.0007395227063983494,0.0021101812455351335,0.023589044027737063,GOES-19 SGPS,0.023589044027737063,2026-01-19T21:39:00+00:00,sci_sgps-l2-avg1m_g19_d20260119_v3-0-3.nc,eb1c6d9b1161c537d049264831e07f7eb7a9a4e8ebc27ab40782d765db7b3cab,3-0-3,6,True,False,False,2026-01-19T21:40:00+00:00,sci_sgps-l2-avg1m_g19_d20260119_v3-0-3.nc,eb1c6d9b1161c537d049264831e07f7eb7a9a4e8ebc27ab40782d765db7b3cab,3-0-3,6,True,False,False,0.00537917907341087,0.022150906377021162,sep_20260118_2255:post_peak,42.39256151390259,0.047178088055474125,2,49,0,781580,14650,19,W
all_separate_directions_not_independent,60,core_only,screened,all,0.001,all_retained,whole,log,31038,0.0006143924346699672,0.001707722904511158,0.003167408648635543,0.023589044027737077,GOES-19 SGPS,0.023589044027737077,2026-01-19T21:39:00+00:00,sci_sgps-l2-avg1m_g19_d20260119_v3-0-3.nc,eb1c6d9b1161c537d049264831e07f7eb7a9a4e8ebc27ab40782d765db7b3cab,3-0-3,6,True,False,False,2026-01-19T21:40:00+00:00,sci_sgps-l2-avg1m_g19_d20260119_v3-0-3.nc,eb1c6d9b1161c537d049264831e07f7eb7a9a4e8ebc27ab40782d765db7b3cab,3-0-3,6,True,False,False,0.00537917907341087,0.022150906377021162,sep_20260118_2255:post_peak,42.39256151390257,0.04717808805547415,2,40,0,781580,14650,19,W
all_separate_directions_not_independent,60,core_only,screened,all,0.001,censored_first,above_level,H,4574,0.0006103288294732001,0.0017155798323431216,0.0033263085713553667,0.019219671056573198,GOES-18 SGPS,0.019219671056573198,2026-01-19T21:40:00+00:00,sci_sgps-l2-avg1m_g18_d20260119_v3-0-3.nc,8b2ca91b906ccc5d91274b14cf976314b3b61f5f4b7286d0166f52a6b5573740,3-0-3,15,True,False,False,2026-01-19T21:41:00+00:00,sci_sgps-l2-avg1m_g18_d20260119_v3-0-3.nc,8b2ca91b906ccc5d91274b14cf976314b3b61f5f4b7286d0166f52a6b5573740,3-0-3,15,True,False,False,0.003632106952246817,0.01150743295974584,sep_20260118_2255:post_peak,52.03002679163941,0.038439342113146396,1,7,0,9339,2034,18,E
all_separate_directions_not_independent,60,core_only,screened,all,0.001,censored_first,above_level,log,4574,0.0006103288294732084,0.0017155798323431218,0.003326308571355365,0.01921967105657319,GOES-18 SGPS,0.01921967105657319,2026-01-19T21:40:00+00:00,sci_sgps-l2-avg1m_g18_d20260119_v3-0-3.nc,8b2ca91b906ccc5d91274b14cf976314b3b61f5f4b7286d0166f52a6b5573740,3-0-3,15,True,False,False,2026-01-19T21:41:00+00:00,sci_sgps-l2-avg1m_g18_d20260119_v3-0-3.nc,8b2ca91b906ccc5d91274b14cf976314b3b61f5f4b7286d0166f52a6b5573740,3-0-3,15,True,False,False,0.003632106952246817,0.01150743295974584,sep_20260118_2255:post_peak,52.03002679163943,0.03843934211314638,1,7,0,9339,2034,18,E
all_separate_directions_not_independent,60,core_only,screened,all,0.001,censored_first,approach,H,5464,0.00021527345988507082,0.0009364987096167446,0.0023305977291436693,0.005227679174842759,GOES-18 SGPS,0.005227679174842759,2023-08-08T13:10:00+00:00,sci_sgps-l2-avg1m_g18_d20230808_v3-0-1.nc,5e6f49cfcbc3fdd9405d1d64e7eb8616396ee468ec738d8c3d5e27415e9bf81e,3-0-1,3,True,False,False,2023-08-08T13:11:00+00:00,sci_sgps-l2-avg1m_g18_d20230808_v3-0-1.nc,5e6f49cfcbc3fdd9405d1d64e7eb8616396ee468ec738d8c3d5e27415e9bf81e,3-0-1,3,True,False,False,0.0006426792630659519,0.0009563400135565174,sep_20230808_0115:pre_peak,191.28947407719957,0.010455358349685518,0,0,0,10790,0,18,W
all_separate_directions_not_independent,60,core_only,screened,all,0.001,censored_first,approach,log,0,,,,,GOES-16 SGPS,,,,,,,,,,,,,,,,,,,,,,,0,0,0,10790,0,16,E
all_separate_directions_not_independent,60,core_only,screened,all,0.001,censored_first,whole,H,10038,0.00035515423087523505,0.0013967696004568298,0.002847240833331033,0.019219671056573198,GOES-18 SGPS,0.019219671056573198,2026-01-19T21:40:00+00:00,sci_sgps-l2-avg1m_g18_d20260119_v3-0-3.nc,8b2ca91b906ccc5d91274b14cf976314b3b61f5f4b7286d0166f52a6b5573740,3-0-3,15,True,False,False,2026-01-19T21:41:00+00:00,sci_sgps-l2-avg1m_g18_d20260119_v3-0-3.nc,8b2ca91b906ccc5d91274b14cf976314b3b61f5f4b7286d0166f52a6b5573740,3-0-3,15,True,False,False,0.003632106952246817,0.01150743295974584,sep_20260118_2255:post_peak,52.03002679163941,0.038439342113146396,1,7,0,20129,2034,18,E
all_separate_directions_not_independent,60,core_only,screened,all,0.001,censored_first,whole,log,4574,0.0006103288294732084,0.0017155798323431218,0.003326308571355365,0.01921967105657319,GOES-18 SGPS,0.01921967105657319,2026-01-19T21:40:00+00:00,sci_sgps-l2-avg1m_g18_d20260119_v3-0-3.nc,8b2ca91b906ccc5d91274b14cf976314b3b61f5f4b7286d0166f52a6b5573740,3-0-3,15,True,False,False,2026-01-19T21:41:00+00:00,sci_sgps-l2-avg1m_g18_d20260119_v3-0-3.nc,8b2ca91b906ccc5d91274b14cf976314b3b61f5f4b7286d0166f52a6b5573740,3-0-3,15,True,False,False,0.003632106952246817,0.01150743295974584,sep_20260118_2255:post_peak,52.03002679163943,0.03843934211314638,1,7,0,20129,2034,18,E
all_separate_directions_not_independent,60,core_only,screened,all,0.001,censored_repeat,above_level,H,7603,0.0006027471153883875,0.0017219611060933573,0.0032249324823530766,0.011508447293446186,GOES-16 SGPS,0.011508447293446186,2024-10-10T15:14:00+00:00,sci_sgps-l2-avg1m_g16_d20241010_v3-0-2.nc,fbf7bd2cfc1dc3ff5e5bb18d2ed9fc690e1ff8c83a6e402050e89cb6c3b04206,3-0-2,12,True,False,False,2024-10-10T15:15:00+00:00,sci_sgps-l2-avg1m_g16_d20241010_v3-0-2.nc,fbf7bd2cfc1dc3ff5e5bb18d2ed9fc690e1ff8c83a6e402050e89cb6c3b04206,3-0-2,12,True,False,False,0.004666142564930073,0.009307677197566816,sep_20241009_0505:pre_peak,86.89269494847308,0.02301689458689237,0,8,0,15199,2967,16,E
all_separate_directions_not_independent,60,core_only,screened,all,0.001,censored_repeat,above_level,log,7603,0.0006027471153883883,0.0017219611060933617,0.0032249324823530783,0.01150844729344618,GOES-16 SGPS,0.01150844729344618,2024-10-10T15:14:00+00:00,sci_sgps-l2-avg1m_g16_d20241010_v3-0-2.nc,fbf7bd2cfc1dc3ff5e5bb18d2ed9fc690e1ff8c83a6e402050e89cb6c3b04206,3-0-2,12,True,False,False,2024-10-10T15:15:00+00:00,sci_sgps-l2-avg1m_g16_d20241010_v3-0-2.nc,fbf7bd2cfc1dc3ff5e5bb18d2ed9fc690e1ff8c83a6e402050e89cb6c3b04206,3-0-2,12,True,False,False,0.004666142564930073,0.009307677197566816,sep_20241009_0505:pre_peak,86.89269494847312,0.02301689458689236,0,8,0,15199,2967,16,E
all_separate_directions_not_independent,60,core_only,screened,all,0.001,censored_repeat,approach,H,6784,0.0005834129816251063,0.0018858943697981326,0.0034557378189248953,0.009899141790439348,GOES-16 SGPS,0.009899141790439348,2024-02-11T02:09:00+00:00,sci_sgps-l2-avg1m_g16_d20240211_v3-0-2.nc,ea6eb5b16606450d37d4ab87b6631ed986afd9b3226602edd43f1554a514b5bc,3-0-2,12,True,False,False,2024-02-11T02:10:00+00:00,sci_sgps-l2-avg1m_g16_d20240211_v3-0-2.nc,ea6eb5b16606450d37d4ab87b6631ed986afd9b3226602edd43f1554a514b5bc,3-0-2,12,True,False,False,0.000637891608865147,0.0012609181124472485,sep_20240209_1530:post_peak|sep_20240212_0805:pre_peak,101.0188581161456,0.019798283580878696,0,5,0,12906,6034,16,E
all_separate_directions_not_independent,60,core_only,screened,all,0.001,censored_repeat,approach,log,0,,,,,GOES-16 SGPS,,,,,,,,,,,,,,,,,,,,,,,0,0,0,12906,6034,16,E
all_separate_directions_not_independent,60,core_only,screened,all,0.001,censored_repeat,whole,H,14387,0.0005932819250282699,0.0017952399913118468,0.003337356218130959,0.011508447293446186,GOES-16 SGPS,0.011508447293446186,2024-10-10T15:14:00+00:00,sci_sgps-l2-avg1m_g16_d20241010_v3-0-2.nc,fbf7bd2cfc1dc3ff5e5bb18d2ed9fc690e1ff8c83a6e402050e89cb6c3b04206,3-0-2,12,True,False,False,2024-10-10T15:15:00+00:00,sci_sgps-l2-avg1m_g16_d20241010_v3-0-2.nc,fbf7bd2cfc1dc3ff5e5bb18d2ed9fc690e1ff8c83a6e402050e89cb6c3b04206,3-0-2,12,True,False,False,0.004666142564930073,0.009307677197566816,sep_20241009_0505:pre_peak,86.89269494847308,0.02301689458689237,0,13,0,28105,9001,16,E
all_separate_directions_not_independent,60,core_only,screened,all,0.001,censored_repeat,whole,log,7603,0.0006027471153883883,0.0017219611060933617,0.0032249324823530783,0.01150844729344618,GOES-16 SGPS,0.01150844729344618,2024-10-10T15:14:00+00:00,sci_sgps-l2-avg1m_g16_d20241010_v3-0-2.nc,fbf7bd2cfc1dc3ff5e5bb18d2ed9fc690e1ff8c83a6e402050e89cb6c3b04206,3-0-2,12,True,False,False,2024-10-10T15:15:00+00:00,sci_sgps-l2-avg1m_g16_d20241010_v3-0-2.nc,fbf7bd2cfc1dc3ff5e5bb18d2ed9fc690e1ff8c83a6e402050e89cb6c3b04206,3-0-2,12,True,False,False,0.004666142564930073,0.009307677197566816,sep_20241009_0505:pre_peak,86.89269494847312,0.02301689458689236,0,8,0,28105,9001,16,E
all_separate_directions_not_independent,60,core_only,screened,all,0.001,confirmed_entry,above_level,H,1231,0.0005768533249703649,0.0016452237871734294,0.0028897488143608697,0.004393389704326404,GOES-16 SGPS,0.004393389704326404,2024-02-09T20:18:00+00:00,sci_sgps-l2-avg1m_g16_d20240209_v3-0-2.nc,29d87edfae0367119dae98b35b65ccf9c196b2d0a80777eab1838afedb0639f5,3-0-2,12,True,False,False,2024-02-09T20:19:00+00:00,sci_sgps-l2-avg1m_g16_d20240209_v3-0-2.nc,29d87edfae0367119dae98b35b65ccf9c196b2d0a80777eab1838afedb0639f5,3-0-2,12,True,False,False,0.0014806893630590287,0.001927282823437135,sep_20240209_1530:pre_peak,227.6146818970434,0.008786779408652808,0,0,0,2418,572,16,W
all_separate_directions_not_independent,60,core_only,screened,all,0.001,confirmed_entry,above_level,log,1231,0.0005768533249703647,0.0016452237871734303,0.002889748814360869,0.004393389704326405,GOES-16 SGPS,0.004393389704326405,2024-02-09T20:18:00+00:00,sci_sgps-l2-avg1m_g16_d20240209_v3-0-2.nc,29d87edfae0367119dae98b35b65ccf9c196b2d0a80777eab1838afedb0639f5,3-0-2,12,True,False,False,2024-02-09T20:19:00+00:00,sci_sgps-l2-avg1m_g16_d20240209_v3-0-2.nc,29d87edfae0367119dae98b35b65ccf9c196b2d0a80777eab1838afedb0639f5,3-0-2,12,True,False,False,0.0014806893630590287,0.001927282823437135,sep_20240209_1530:pre_peak,227.61468189704337,0.00878677940865281,0,0,0,2418,572,16,W
all_separate_directions_not_independent,60,core_only,screened,all,0.001,confirmed_entry,approach,H,8282,0.0004744472600933851,0.0014497061545073655,0.0026884852814324624,0.007108760827876041,GOES-19 SGPS,0.007108760827876041,2025-06-01T06:43:00+00:00,sci_sgps-l2-avg1m_g19_d20250601_v3-0-2.nc,90f031b9ee725501b0e9ac4069a11a20ea3181be2726c984ec8285390f29c34f,3-0-2,2,True,False,False,2025-06-01T06:44:00+00:00,sci_sgps-l2-avg1m_g19_d20250601_v3-0-2.nc,90f031b9ee725501b0e9ac4069a11a20ea3181be2726c984ec8285390f29c34f,3-0-2,2,True,False,False,0.0006044734352734294,0.0010314845600220097,sep_20250531_1710:pre_peak,140.67149313543308,0.014217521655752081,0,3,0,16142,0,19,W
all_separate_directions_not_independent,60,core_only,screened,all,0.001,confirmed_entry,approach,log,0,,,,,GOES-16 SGPS,,,,,,,,,,,,,,,,,,,,,,,0,0,0,16142,0,16,E
all_separate_directions_not_independent,60,core_only,screened,all,0.001,confirmed_entry,whole,H,9513,0.0004884906934317382,0.0014788286885511171,0.002702142279069305,0.007108760827876041,GOES-19 SGPS,0.007108760827876041,2025-06-01T06:43:00+00:00,sci_sgps-l2-avg1m_g19_d20250601_v3-0-2.nc,90f031b9ee725501b0e9ac4069a11a20ea3181be2726c984ec8285390f29c34f,3-0-2,2,True,False,False,2025-06-01T06:44:00+00:00,sci_sgps-l2-avg1m_g19_d20250601_v3-0-2.nc,90f031b9ee725501b0e9ac4069a11a20ea3181be2726c984ec8285390f29c34f,3-0-2,2,True,False,False,0.0006044734352734294,0.0010314845600220097,sep_20250531_1710:pre_peak,140.67149313543308,0.014217521655752081,0,3,0,18560,572,19,W
all_separate_directions_not_independent,60,core_only,screened,all,0.001,confirmed_entry,whole,log,1231,0.0005768533249703647,0.0016452237871734303,0.002889748814360869,0.004393389704326405,GOES-16 SGPS,0.004393389704326405,2024-02-09T20:18:00+00:00,sci_sgps-l2-avg1m_g16_d20240209_v3-0-2.nc,29d87edfae0367119dae98b35b65ccf9c196b2d0a80777eab1838afedb0639f5,3-0-2,12,True,False,False,2024-02-09T20:19:00+00:00,sci_sgps-l2-avg1m_g16_d20240209_v3-0-2.nc,29d87edfae0367119dae98b35b65ccf9c196b2d0a80777eab1838afedb0639f5,3-0-2,12,True,False,False,0.0014806893630590287,0.001927282823437135,sep_20240209_1530:pre_peak,227.61468189704337,0.00878677940865281,0,0,0,18560,572,16,W
all_separate_directions_not_independent,60,core_only,screened,all,0.001,repeat_post_peak,above_level,H,2825,0.0007468441770616674,0.0018607306392690785,0.002958564893263194,0.006152318001662427,GOES-18 SGPS,0.006152318001662427,2024-02-11T02:10:00+00:00,sci_sgps-l2-avg1m_g18_d20240211_v3-0-2.nc,8203fe80a3b819632493b27b0317ad05d3cec489a8443b7f0972d2199aba5c41,3-0-2,6,True,False,False,2024-02-11T02:11:00+00:00,sci_sgps-l2-avg1m_g18_d20240211_v3-0-2.nc,8203fe80a3b819632493b27b0317ad05d3cec489a8443b7f0972d2199aba5c41,3-0-2,6,True,False,False,0.0010346408507830114,0.0014965963690413747,sep_20240209_1530:post_peak|sep_20240212_0805:pre_peak,162.54036279168088,0.012304636003324853,0,1,0,5582,2687,18,E
all_separate_directions_not_independent,60,core_only,screened,all,0.001,repeat_post_peak,above_level,log,2825,0.0007468441770616685,0.0018607306392690814,0.0029585648932631946,0.006152318001662426,GOES-18 SGPS,0.006152318001662426,2024-02-11T02:10:00+00:00,sci_sgps-l2-avg1m_g18_d20240211_v3-0-2.nc,8203fe80a3b819632493b27b0317ad05d3cec489a8443b7f0972d2199aba5c41,3-0-2,6,True,False,False,2024-02-11T02:11:00+00:00,sci_sgps-l2-avg1m_g18_d20240211_v3-0-2.nc,8203fe80a3b819632493b27b0317ad05d3cec489a8443b7f0972d2199aba5c41,3-0-2,6,True,False,False,0.0010346408507830114,0.0014965963690413747,sep_20240209_1530:post_peak|sep_20240212_0805:pre_peak,162.5403627916809,0.012304636003324852,0,1,0,5582,2687,18,E
all_separate_directions_not_independent,60,core_only,screened,all,0.001,repeat_post_peak,approach,H,2686,0.0008887312674638187,0.0022969753832843883,0.0036456111223692913,0.009899141790439348,GOES-16 SGPS,0.009899141790439348,2024-02-11T02:09:00+00:00,sci_sgps-l2-avg1m_g16_d20240211_v3-0-2.nc,ea6eb5b16606450d37d4ab87b6631ed986afd9b3226602edd43f1554a514b5bc,3-0-2,12,True,False,False,2024-02-11T02:10:00+00:00,sci_sgps-l2-avg1m_g16_d20240211_v3-0-2.nc,ea6eb5b16606450d37d4ab87b6631ed986afd9b3226602edd43f1554a514b5bc,3-0-2,12,True,False,False,0.000637891608865147,0.0012609181124472485,sep_20240209_1530:post_peak|sep_20240212_0805:pre_peak,101.0188581161456,0.019798283580878696,0,3,0,4926,2287,16,E
all_separate_directions_not_independent,60,core_only,screened,all,0.001,repeat_post_peak,approach,log,0,,,,,GOES-16 SGPS,,,,,,,,,,,,,,,,,,,,,,,0,0,0,4926,2287,16,E
all_separate_directions_not_independent,60,core_only,screened,all,0.001,repeat_post_peak,whole,H,5511,0.0008110227468123436,0.00209072750520396,0.003471614971693438,0.009899141790439348,GOES-16 SGPS,0.009899141790439348,2024-02-11T02:09:00+00:00,sci_sgps-l2-avg1m_g16_d20240211_v3-0-2.nc,ea6eb5b16606450d37d4ab87b6631ed986afd9b3226602edd43f1554a514b5bc,3-0-2,12,True,False,False,2024-02-11T02:10:00+00:00,sci_sgps-l2-avg1m_g16_d20240211_v3-0-2.nc,ea6eb5b16606450d37d4ab87b6631ed986afd9b3226602edd43f1554a514b5bc,3-0-2,12,True,False,False,0.000637891608865147,0.0012609181124472485,sep_20240209_1530:post_peak|sep_20240212_0805:pre_peak,101.0188581161456,0.019798283580878696,0,4,0,10508,4974,16,E
all_separate_directions_not_independent,60,core_only,screened,all,0.001,repeat_post_peak,whole,log,2825,0.0007468441770616685,0.0018607306392690814,0.0029585648932631946,0.006152318001662426,GOES-18 SGPS,0.006152318001662426,2024-02-11T02:10:00+00:00,sci_sgps-l2-avg1m_g18_d20240211_v3-0-2.nc,8203fe80a3b819632493b27b0317ad05d3cec489a8443b7f0972d2199aba5c41,3-0-2,6,True,False,False,2024-02-11T02:11:00+00:00,sci_sgps-l2-avg1m_g18_d20240211_v3-0-2.nc,8203fe80a3b819632493b27b0317ad05d3cec489a8443b7f0972d2199aba5c41,3-0-2,6,True,False,False,0.0010346408507830114,0.0014965963690413747,sep_20240209_1530:post_peak|sep_20240212_0805:pre_peak,162.5403627916809,0.012304636003324852,0,1,0,10508,4974,18,E
all_separate_directions_not_independent,60,core_only,screened,all,0.001,repeat_pre_peak,above_level,H,16296,0.00061426665197859,0.0016829303982838107,0.003100391931654066,0.023589044027737063,GOES-19 SGPS,0.023589044027737063,2026-01-19T21:39:00+00:00,sci_sgps-l2-avg1m_g19_d20260119_v3-0-3.nc,eb1c6d9b1161c537d049264831e07f7eb7a9a4e8ebc27ab40782d765db7b3cab,3-0-3,6,True,False,False,2026-01-19T21:40:00+00:00,sci_sgps-l2-avg1m_g19_d20260119_v3-0-3.nc,eb1c6d9b1161c537d049264831e07f7eb7a9a4e8ebc27ab40782d765db7b3cab,3-0-3,6,True,False,False,0.00537917907341087,0.022150906377021162,sep_20260118_2255:post_peak,42.39256151390259,0.047178088055474125,1,25,0,32527,3318,19,W
all_separate_directions_not_independent,60,core_only,screened,all,0.001,repeat_pre_peak,above_level,log,16296,0.0006142666519785926,0.0016829303982838087,0.0031003919316540647,0.023589044027737077,GOES-19 SGPS,0.023589044027737077,2026-01-19T21:39:00+00:00,sci_sgps-l2-avg1m_g19_d20260119_v3-0-3.nc,eb1c6d9b1161c537d049264831e07f7eb7a9a4e8ebc27ab40782d765db7b3cab,3-0-3,6,True,False,False,2026-01-19T21:40:00+00:00,sci_sgps-l2-avg1m_g19_d20260119_v3-0-3.nc,eb1c6d9b1161c537d049264831e07f7eb7a9a4e8ebc27ab40782d765db7b3cab,3-0-3,6,True,False,False,0.00537917907341087,0.022150906377021162,sep_20260118_2255:post_peak,42.39256151390257,0.04717808805547415,1,25,0,32527,3318,19,W
all_separate_directions_not_independent,60,core_only,screened,all,0.001,repeat_pre_peak,approach,H,1059,0.0011375919593513233,0.002515334893256273,0.004028724313877546,0.005204453334041407,GOES-16 SGPS,0.005204453334041407,2024-10-27T09:53:00+00:00,sci_sgps-l2-avg1m_g16_d20241027_v3-0-2.nc,387f601daeedda1957142661a6ee00de46b167e9d811ee7bdcb4ac33a85c214c,3-0-2,12,True,False,False,2024-10-27T09:54:00+00:00,sci_sgps-l2-avg1m_g16_d20241027_v3-0-2.nc,387f601daeedda1957142661a6ee00de46b167e9d811ee7bdcb4ac33a85c214c,3-0-2,12,True,False,False,0.0007875382428692919,0.0011049559201552002,sep_20241026_1910:pre_peak,192.1431389266529,0.010408906668082814,0,0,0,1744,134,16,E
all_separate_directions_not_independent,60,core_only,screened,all,0.001,repeat_pre_peak,approach,log,0,,,,,GOES-16 SGPS,,,,,,,,,,,,,,,,,,,,,,,0,0,0,1744,134,16,E
all_separate_directions_not_independent,60,core_only,screened,all,0.001,repeat_pre_peak,whole,H,17355,0.0006371630183362435,0.0017567742222060947,0.003267691068457288,0.023589044027737063,GOES-19 SGPS,0.023589044027737063,2026-01-19T21:39:00+00:00,sci_sgps-l2-avg1m_g19_d20260119_v3-0-3.nc,eb1c6d9b1161c537d049264831e07f7eb7a9a4e8ebc27ab40782d765db7b3cab,3-0-3,6,True,False,False,2026-01-19T21:40:00+00:00,sci_sgps-l2-avg1m_g19_d20260119_v3-0-3.nc,eb1c6d9b1161c537d049264831e07f7eb7a9a4e8ebc27ab40782d765db7b3cab,3-0-3,6,True,False,False,0.00537917907341087,0.022150906377021162,sep_20260118_2255:post_peak,42.39256151390259,0.047178088055474125,1,25,0,34271,3452,19,W
all_separate_directions_not_independent,60,core_only,screened,all,0.001,repeat_pre_peak,whole,log,16296,0.0006142666519785926,0.0016829303982838087,0.0031003919316540647,0.023589044027737077,GOES-19 SGPS,0.023589044027737077,2026-01-19T21:39:00+00:00,sci_sgps-l2-avg1m_g19_d20260119_v3-0-3.nc,eb1c6d9b1161c537d049264831e07f7eb7a9a4e8ebc27ab40782d765db7b3cab,3-0-3,6,True,False,False,2026-01-19T21:40:00+00:00,sci_sgps-l2-avg1m_g19_d20260119_v3-0-3.nc,eb1c6d9b1161c537d049264831e07f7eb7a9a4e8ebc27ab40782d765db7b3cab,3-0-3,6,True,False,False,0.00537917907341087,0.022150906377021162,sep_20260118_2255:post_peak,42.39256151390257,0.04717808805547415,1,25,0,34271,3452,19,W
all_separate_directions_not_independent,60,core_only,screened,all,0.001,unassigned_no_crossing,whole,H,341118,9.50911473653273e-05,0.0005272212872806662,0.0015452777935528066,0.006599061250491648,GOES-18 SGPS,0.006599061250491648,2025-11-12T19:15:00+00:00,sci_sgps-l2-avg1m_g18_d20251112_v3-0-2.nc,74436f8342e7404d5982b3c61f7ae4788082d691a3c7683836013d66f427d9ab,3-0-2,12,True,False,False,2025-11-12T19:16:00+00:00,sci_sgps-l2-avg1m_g18_d20251112_v3-0-2.nc,74436f8342e7404d5982b3c61f7ae4788082d691a3c7683836013d66f427d9ab,3-0-2,12,True,False,False,0.007059389614287856,0.0104887396339227,sep_20251111_0945:post_peak|sep_20251114_0920:pre_peak,151.53670530418205,0.013198122500983296,0,1,0,684657,9267,18,E
all_separate_directions_not_independent,60,core_only,screened,all,0.001,unassigned_no_crossing,whole,log,2807,0.000624492632464849,0.001671443158077224,0.00298586513645505,0.006599061250491645,GOES-18 SGPS,0.006599061250491645,2025-11-12T19:15:00+00:00,sci_sgps-l2-avg1m_g18_d20251112_v3-0-2.nc,74436f8342e7404d5982b3c61f7ae4788082d691a3c7683836013d66f427d9ab,3-0-2,12,True,False,False,2025-11-12T19:16:00+00:00,sci_sgps-l2-avg1m_g18_d20251112_v3-0-2.nc,74436f8342e7404d5982b3c61f7ae4788082d691a3c7683836013d66f427d9ab,3-0-2,12,True,False,False,0.007059389614287856,0.0104887396339227,sep_20251111_0945:post_peak|sep_20251114_0920:pre_peak,151.53670530418214,0.01319812250098329,0,1,0,684657,9267,18,E
all_separate_directions_not_independent,60,core_only,screened,all,0.01,all_retained,above_level,H,2920,0.0003514436521842597,0.0010723373256761684,0.0033675906086041677,0.01460597121286639,GOES-18 SGPS,0.01460597121286639,2026-01-19T21:08:00+00:00,sci_sgps-l2-avg1m_g18_d20260119_v3-0-3.nc,8b2ca91b906ccc5d91274b14cf976314b3b61f5f4b7286d0166f52a6b5573740,3-0-3,15,True,False,False,2026-01-19T21:09:00+00:00,sci_sgps-l2-avg1m_g18_d20260119_v3-0-3.nc,8b2ca91b906ccc5d91274b14cf976314b3b61f5f4b7286d0166f52a6b5573740,3-0-3,15,True,False,False,0.03571487710921664,0.08579198613998898,sep_20260118_2255:post_peak,68.46514931640428,0.02921194242573278,0,9,0,5833,0,18,W
all_separate_directions_not_independent,60,core_only,screened,all,0.01,all_retained,above_level,log,2920,0.000351443652184262,0.0010723373256761712,0.0033675906086041638,0.014605971212866385,GOES-18 SGPS,0.014605971212866385,2026-01-19T21:08:00+00:00,sci_sgps-l2-avg1m_g18_d20260119_v3-0-3.nc,8b2ca91b906ccc5d91274b14cf976314b3b61f5f4b7286d0166f52a6b5573740,3-0-3,15,True,False,False,2026-01-19T21:09:00+00:00,sci_sgps-l2-avg1m_g18_d20260119_v3-0-3.nc,8b2ca91b906ccc5d91274b14cf976314b3b61f5f4b7286d0166f52a6b5573740,3-0-3,15,True,False,False,0.03571487710921664,0.08579198613998898,sep_20260118_2255:post_peak,68.46514931640431,0.02921194242573277,0,9,0,5833,0,18,W
all_separate_directions_not_independent,60,core_only,screened,all,0.01,all_retained,approach,H,7307,0.0001491187382437531,0.0005480500501649394,0.001439531478646251,0.0209562569212437,GOES-19 SGPS,0.0209562569212437,2026-01-19T21:39:00+00:00,sci_sgps-l2-avg1m_g19_d20260119_v3-0-3.nc,eb1c6d9b1161c537d049264831e07f7eb7a9a4e8ebc27ab40782d765db7b3cab,3-0-3,6,True,False,False,2026-01-19T21:40:00+00:00,sci_sgps-l2-avg1m_g19_d20260119_v3-0-3.nc,eb1c6d9b1161c537d049264831e07f7eb7a9a4e8ebc27ab40782d765db7b3cab,3-0-3,6,True,False,False,0.00537917907341087,0.022150906377021162,sep_20260118_2255:post_peak,47.71844531960685,0.0419125138424874,1,9,0,14027,1649,19,W
all_separate_directions_not_independent,60,core_only,screened,all,0.01,all_retained,approach,log,0,,,,,GOES-16 SGPS,,,,,,,,,,,,,,,,,,,,,,,0,0,0,14027,1649,16,E
all_separate_directions_not_independent,60,core_only,screened,all,0.01,all_retained,whole,H,390581,1.2183563132183073e-05,9.388077894450786e-05,0.00045409047564298755,0.0209562569212437,GOES-19 SGPS,0.0209562569212437,2026-01-19T21:39:00+00:00,sci_sgps-l2-avg1m_g19_d20260119_v3-0-3.nc,eb1c6d9b1161c537d049264831e07f7eb7a9a4e8ebc27ab40782d765db7b3cab,3-0-3,6,True,False,False,2026-01-19T21:40:00+00:00,sci_sgps-l2-avg1m_g19_d20260119_v3-0-3.nc,eb1c6d9b1161c537d049264831e07f7eb7a9a4e8ebc27ab40782d765db7b3cab,3-0-3,6,True,False,False,0.00537917907341087,0.022150906377021162,sep_20260118_2255:post_peak,47.71844531960685,0.0419125138424874,1,21,0,781580,1649,19,W
all_separate_directions_not_independent,60,core_only,screened,all,0.01,all_retained,whole,log,2920,0.000351443652184262,0.0010723373256761712,0.0033675906086041638,0.014605971212866385,GOES-18 SGPS,0.014605971212866385,2026-01-19T21:08:00+00:00,sci_sgps-l2-avg1m_g18_d20260119_v3-0-3.nc,8b2ca91b906ccc5d91274b14cf976314b3b61f5f4b7286d0166f52a6b5573740,3-0-3,15,True,False,False,2026-01-19T21:09:00+00:00,sci_sgps-l2-avg1m_g18_d20260119_v3-0-3.nc,8b2ca91b906ccc5d91274b14cf976314b3b61f5f4b7286d0166f52a6b5573740,3-0-3,15,True,False,False,0.03571487710921664,0.08579198613998898,sep_20260118_2255:post_peak,68.46514931640431,0.02921194242573277,0,9,0,781580,1649,18,W
all_separate_directions_not_independent,60,core_only,screened,all,0.01,censored_first,above_level,H,629,0.0002740020491562523,0.0007521625123903925,0.0014248316904976878,0.002801393534413173,GOES-19 SGPS,0.002801393534413173,2025-11-12T00:35:00+00:00,sci_sgps-l2-avg1m_g19_d20251112_v3-0-2.nc,655c180cf8980136ed0e7ecf1324acd12684f5e1313e430d74212d44576b2c51,3-0-2,0,True,False,False,2025-11-12T00:36:00+00:00,sci_sgps-l2-avg1m_g19_d20251112_v3-0-2.nc,655c180cf8980136ed0e7ecf1324acd12684f5e1313e430d74212d44576b2c51,3-0-2,0,True,False,False,0.011876572875256657,0.014050407597646548,sep_20251110_1125:post_peak|sep_20251111_0945:pre_peak,356.9651988254042,0.005602787068826346,0,0,0,1273,0,19,W
all_separate_directions_not_independent,60,core_only,screened,all,0.01,censored_first,above_level,log,629,0.00027400204915625233,0.0007521625123903915,0.001424831690497687,0.0028013935344131714,GOES-19 SGPS,0.0028013935344131714,2025-11-12T00:35:00+00:00,sci_sgps-l2-avg1m_g19_d20251112_v3-0-2.nc,655c180cf8980136ed0e7ecf1324acd12684f5e1313e430d74212d44576b2c51,3-0-2,0,True,False,False,2025-11-12T00:36:00+00:00,sci_sgps-l2-avg1m_g19_d20251112_v3-0-2.nc,655c180cf8980136ed0e7ecf1324acd12684f5e1313e430d74212d44576b2c51,3-0-2,0,True,False,False,0.011876572875256657,0.014050407597646548,sep_20251110_1125:post_peak|sep_20251111_0945:pre_peak,356.96519882540434,0.005602787068826343,0,0,0,1273,0,19,W
all_separate_directions_not_independent,60,core_only,screened,all,0.01,censored_first,approach,H,1842,8.267436194603836e-05,0.00042213228576411043,0.001215363801553968,0.006299521095598106,GOES-18 SGPS,0.006299521095598106,2025-11-12T00:31:00+00:00,sci_sgps-l2-avg1m_g18_d20251112_v3-0-2.nc,74436f8342e7404d5982b3c61f7ae4788082d691a3c7683836013d66f427d9ab,3-0-2,12,True,False,False,2025-11-12T00:32:00+00:00,sci_sgps-l2-avg1m_g18_d20251112_v3-0-2.nc,74436f8342e7404d5982b3c61f7ae4788082d691a3c7683836013d66f427d9ab,3-0-2,12,True,False,False,0.008235472982841776,0.012232589454556365,sep_20251110_1125:post_peak|sep_20251111_0945:pre_peak,158.74222576995044,0.012599042191196211,0,1,0,3609,0,18,E
all_separate_directions_not_independent,60,core_only,screened,all,0.01,censored_first,approach,log,0,,,,,GOES-18 SGPS,,,,,,,,,,,,,,,,,,,,,,,0,0,0,3609,0,18,E
all_separate_directions_not_independent,60,core_only,screened,all,0.01,censored_first,whole,H,2471,0.00012509031746867164,0.0005411080297634485,0.0013442371121918904,0.006299521095598106,GOES-18 SGPS,0.006299521095598106,2025-11-12T00:31:00+00:00,sci_sgps-l2-avg1m_g18_d20251112_v3-0-2.nc,74436f8342e7404d5982b3c61f7ae4788082d691a3c7683836013d66f427d9ab,3-0-2,12,True,False,False,2025-11-12T00:32:00+00:00,sci_sgps-l2-avg1m_g18_d20251112_v3-0-2.nc,74436f8342e7404d5982b3c61f7ae4788082d691a3c7683836013d66f427d9ab,3-0-2,12,True,False,False,0.008235472982841776,0.012232589454556365,sep_20251110_1125:post_peak|sep_20251111_0945:pre_peak,158.74222576995044,0.012599042191196211,0,1,0,4882,0,18,E
all_separate_directions_not_independent,60,core_only,screened,all,0.01,censored_first,whole,log,629,0.00027400204915625233,0.0007521625123903915,0.001424831690497687,0.0028013935344131714,GOES-19 SGPS,0.0028013935344131714,2025-11-12T00:35:00+00:00,sci_sgps-l2-avg1m_g19_d20251112_v3-0-2.nc,655c180cf8980136ed0e7ecf1324acd12684f5e1313e430d74212d44576b2c51,3-0-2,0,True,False,False,2025-11-12T00:36:00+00:00,sci_sgps-l2-avg1m_g19_d20251112_v3-0-2.nc,655c180cf8980136ed0e7ecf1324acd12684f5e1313e430d74212d44576b2c51,3-0-2,0,True,False,False,0.011876572875256657,0.014050407597646548,sep_20251110_1125:post_peak|sep_20251111_0945:pre_peak,356.96519882540434,0.005602787068826343,0,0,0,4882,0,19,W
all_separate_directions_not_independent,60,core_only,screened,all,0.01,censored_repeat,above_level,H,297,0.0002565268973626226,0.0009217357986874384,0.0022558698625043828,0.004819937301579772,GOES-18 SGPS,0.004819937301579772,2026-01-19T21:48:00+00:00,sci_sgps-l2-avg1m_g18_d20260119_v3-0-3.nc,8b2ca91b906ccc5d91274b14cf976314b3b61f5f4b7286d0166f52a6b5573740,3-0-3,15,True,False,False,2026-01-19T21:49:00+00:00,sci_sgps-l2-avg1m_g18_d20260119_v3-0-3.nc,8b2ca91b906ccc5d91274b14cf976314b3b61f5f4b7286d0166f52a6b5573740,3-0-3,15,True,False,False,0.011640482901690657,0.015544162495679397,sep_20260118_2255:post_peak,207.47157845232596,0.009639874603159545,0,0,0,598,0,18,E
all_separate_directions_not_independent,60,core_only,screened,all,0.01,censored_repeat,above_level,log,297,0.00025652689736262017,0.0009217357986874366,0.002255869862504382,0.0048199373015797705,GOES-18 SGPS,0.0048199373015797705,2026-01-19T21:48:00+00:00,sci_sgps-l2-avg1m_g18_d20260119_v3-0-3.nc,8b2ca91b906ccc5d91274b14cf976314b3b61f5f4b7286d0166f52a6b5573740,3-0-3,15,True,False,False,2026-01-19T21:49:00+00:00,sci_sgps-l2-avg1m_g18_d20260119_v3-0-3.nc,8b2ca91b906ccc5d91274b14cf976314b3b61f5f4b7286d0166f52a6b5573740,3-0-3,15,True,False,False,0.011640482901690657,0.015544162495679397,sep_20260118_2255:post_peak,207.47157845232604,0.009639874603159541,0,0,0,598,0,18,E
all_separate_directions_not_independent,60,core_only,screened,all,0.01,censored_repeat,approach,H,1387,0.00027504574079663114,0.0007143673018334813,0.0017870094709169114,0.012953289711427847,GOES-18 SGPS,0.012953289711427847,2026-01-19T21:40:00+00:00,sci_sgps-l2-avg1m_g18_d20260119_v3-0-3.nc,8b2ca91b906ccc5d91274b14cf976314b3b61f5f4b7286d0166f52a6b5573740,3-0-3,15,True,False,False,2026-01-19T21:41:00+00:00,sci_sgps-l2-avg1m_g18_d20260119_v3-0-3.nc,8b2ca91b906ccc5d91274b14cf976314b3b61f5f4b7286d0166f52a6b5573740,3-0-3,15,True,False,False,0.003632106952246817,0.01150743295974584,sep_20260118_2255:post_peak,77.20046584905492,0.025906579422855694,0,5,0,2725,1649,18,E
all_separate_directions_not_independent,60,core_only,screened,all,0.01,censored_repeat,approach,log,0,,,,,GOES-18 SGPS,,,,,,,,,,,,,,,,,,,,,,,0,0,0,2725,1649,18,E
all_separate_directions_not_independent,60,core_only,screened,all,0.01,censored_repeat,whole,H,1684,0.0002724184852683798,0.0007706803454564087,0.0019188318263124032,0.012953289711427847,GOES-18 SGPS,0.012953289711427847,2026-01-19T21:40:00+00:00,sci_sgps-l2-avg1m_g18_d20260119_v3-0-3.nc,8b2ca91b906ccc5d91274b14cf976314b3b61f5f4b7286d0166f52a6b5573740,3-0-3,15,True,False,False,2026-01-19T21:41:00+00:00,sci_sgps-l2-avg1m_g18_d20260119_v3-0-3.nc,8b2ca91b906ccc5d91274b14cf976314b3b61f5f4b7286d0166f52a6b5573740,3-0-3,15,True,False,False,0.003632106952246817,0.01150743295974584,sep_20260118_2255:post_peak,77.20046584905492,0.025906579422855694,0,5,0,3323,1649,18,E
all_separate_directions_not_independent,60,core_only,screened,all,0.01,censored_repeat,whole,log,297,0.00025652689736262017,0.0009217357986874366,0.002255869862504382,0.0048199373015797705,GOES-18 SGPS,0.0048199373015797705,2026-01-19T21:48:00+00:00,sci_sgps-l2-avg1m_g18_d20260119_v3-0-3.nc,8b2ca91b906ccc5d91274b14cf976314b3b61f5f4b7286d0166f52a6b5573740,3-0-3,15,True,False,False,2026-01-19T21:49:00+00:00,sci_sgps-l2-avg1m_g18_d20260119_v3-0-3.nc,8b2ca91b906ccc5d91274b14cf976314b3b61f5f4b7286d0166f52a6b5573740,3-0-3,15,True,False,False,0.011640482901690657,0.015544162495679397,sep_20260118_2255:post_peak,207.47157845232604,0.009639874603159541,0,0,0,3323,1649,18,E
all_separate_directions_not_independent,60,core_only,screened,all,0.01,confirmed_entry,above_level,H,525,0.0003213379942059428,0.0008557199229179487,0.0016022108252229772,0.0029374427980349243,GOES-18 SGPS,0.0029374427980349243,2024-06-08T06:44:00+00:00,sci_sgps-l2-avg1m_g18_d20240608_v3-0-2.nc,f7081199575bccee4471c251c84ed4be735629e2c60af0e027439ad9da4d604d,3-0-2,6,True,False,False,2024-06-08T06:45:00+00:00,sci_sgps-l2-avg1m_g18_d20240608_v3-0-2.nc,f7081199575bccee4471c251c84ed4be735629e2c60af0e027439ad9da4d604d,3-0-2,6,True,False,False,0.016277640390399327,0.019414864398415554,sep_20240608_0255:pre_peak,340.4321611535635,0.005874885596069849,0,0,0,1091,0,18,W
all_separate_directions_not_independent,60,core_only,screened,all,0.01,confirmed_entry,above_level,log,525,0.00032133799420594505,0.0008557199229179486,0.0016022108252229754,0.002937442798034924,GOES-18 SGPS,0.002937442798034924,2024-06-08T06:44:00+00:00,sci_sgps-l2-avg1m_g18_d20240608_v3-0-2.nc,f7081199575bccee4471c251c84ed4be735629e2c60af0e027439ad9da4d604d,3-0-2,6,True,False,False,2024-06-08T06:45:00+00:00,sci_sgps-l2-avg1m_g18_d20240608_v3-0-2.nc,f7081199575bccee4471c251c84ed4be735629e2c60af0e027439ad9da4d604d,3-0-2,6,True,False,False,0.016277640390399327,0.019414864398415554,sep_20240608_0255:pre_peak,340.4321611535636,0.005874885596069848,0,0,0,1091,0,18,W
all_separate_directions_not_independent,60,core_only,screened,all,0.01,confirmed_entry,approach,H,3780,0.00012947461320527722,0.00044282784250424396,0.0010761029621790968,0.009818057286911352,GOES-18 SGPS,0.009818057286911352,2024-10-10T15:14:00+00:00,sci_sgps-l2-avg1m_g18_d20241010_v3-0-2.nc,176fdaf534aa233220fe8fa99072838d157bfb44d4e55490e6fd47c3b88cc36a,3-0-2,6,True,False,False,2024-10-10T15:15:00+00:00,sci_sgps-l2-avg1m_g18_d20241010_v3-0-2.nc,176fdaf534aa233220fe8fa99072838d157bfb44d4e55490e6fd47c3b88cc36a,3-0-2,6,True,False,False,0.004724136316403097,0.010634273794643753,sep_20241009_0505:pre_peak,101.8531437306971,0.019636114573822704,0,1,0,7152,0,18,E
all_separate_directions_not_independent,60,core_only,screened,all,0.01,confirmed_entry,approach,log,0,,,,,GOES-16 SGPS,,,,,,,,,,,,,,,,,,,,,,,0,0,0,7152,0,16,E
all_separate_directions_not_independent,60,core_only,screened,all,0.01,confirmed_entry,whole,H,4305,0.00014468571451842053,0.0005098641672892075,0.0012356180067738518,0.009818057286911352,GOES-18 SGPS,0.009818057286911352,2024-10-10T15:14:00+00:00,sci_sgps-l2-avg1m_g18_d20241010_v3-0-2.nc,176fdaf534aa233220fe8fa99072838d157bfb44d4e55490e6fd47c3b88cc36a,3-0-2,6,True,False,False,2024-10-10T15:15:00+00:00,sci_sgps-l2-avg1m_g18_d20241010_v3-0-2.nc,176fdaf534aa233220fe8fa99072838d157bfb44d4e55490e6fd47c3b88cc36a,3-0-2,6,True,False,False,0.004724136316403097,0.010634273794643753,sep_20241009_0505:pre_peak,101.8531437306971,0.019636114573822704,0,1,0,8243,0,18,E
all_separate_directions_not_independent,60,core_only,screened,all,0.01,confirmed_entry,whole,log,525,0.00032133799420594505,0.0008557199229179486,0.0016022108252229754,0.002937442798034924,GOES-18 SGPS,0.002937442798034924,2024-06-08T06:44:00+00:00,sci_sgps-l2-avg1m_g18_d20240608_v3-0-2.nc,f7081199575bccee4471c251c84ed4be735629e2c60af0e027439ad9da4d604d,3-0-2,6,True,False,False,2024-06-08T06:45:00+00:00,sci_sgps-l2-avg1m_g18_d20240608_v3-0-2.nc,f7081199575bccee4471c251c84ed4be735629e2c60af0e027439ad9da4d604d,3-0-2,6,True,False,False,0.016277640390399327,0.019414864398415554,sep_20240608_0255:pre_peak,340.4321611535636,0.005874885596069848,0,0,0,8243,0,18,W
all_separate_directions_not_independent,60,core_only,screened,all,0.01,repeat_post_peak,above_level,H,20,0.00041927658351925137,0.0014438330816032932,0.009060536523879791,0.00994181579123724,GOES-19 SGPS,0.00994181579123724,2026-01-19T21:46:00+00:00,sci_sgps-l2-avg1m_g19_d20260119_v3-0-3.nc,eb1c6d9b1161c537d049264831e07f7eb7a9a4e8ebc27ab40782d765db7b3cab,3-0-3,6,True,False,False,2026-01-19T21:47:00+00:00,sci_sgps-l2-avg1m_g19_d20260119_v3-0-3.nc,eb1c6d9b1161c537d049264831e07f7eb7a9a4e8ebc27ab40782d765db7b3cab,3-0-3,6,True,False,False,0.01303466323775652,0.02366793454576194,sep_20260118_2255:post_peak,100.58524730275171,0.01988363158247448,0,1,0,63,0,19,W
all_separate_directions_not_independent,60,core_only,screened,all,0.01,repeat_post_peak,above_level,log,20,0.00041927658351925256,0.0014438330816032888,0.009060536523879788,0.009941815791237237,GOES-19 SGPS,0.009941815791237237,2026-01-19T21:46:00+00:00,sci_sgps-l2-avg1m_g19_d20260119_v3-0-3.nc,eb1c6d9b1161c537d049264831e07f7eb7a9a4e8ebc27ab40782d765db7b3cab,3-0-3,6,True,False,False,2026-01-19T21:47:00+00:00,sci_sgps-l2-avg1m_g19_d20260119_v3-0-3.nc,eb1c6d9b1161c537d049264831e07f7eb7a9a4e8ebc27ab40782d765db7b3cab,3-0-3,6,True,False,False,0.01303466323775652,0.02366793454576194,sep_20260118_2255:post_peak,100.58524730275175,0.019883631582474474,0,1,0,63,0,19,W
all_separate_directions_not_independent,60,core_only,screened,all,0.01,repeat_post_peak,approach,H,38,0.0005198197369658597,0.0021863812274597835,0.018533585970900986,0.0209562569212437,GOES-19 SGPS,0.0209562569212437,2026-01-19T21:39:00+00:00,sci_sgps-l2-avg1m_g19_d20260119_v3-0-3.nc,eb1c6d9b1161c537d049264831e07f7eb7a9a4e8ebc27ab40782d765db7b3cab,3-0-3,6,True,False,False,2026-01-19T21:40:00+00:00,sci_sgps-l2-avg1m_g19_d20260119_v3-0-3.nc,eb1c6d9b1161c537d049264831e07f7eb7a9a4e8ebc27ab40782d765db7b3cab,3-0-3,6,True,False,False,0.00537917907341087,0.022150906377021162,sep_20260118_2255:post_peak,47.71844531960685,0.0419125138424874,1,2,0,55,0,19,W
all_separate_directions_not_independent,60,core_only,screened,all,0.01,repeat_post_peak,approach,log,0,,,,,GOES-16 SGPS,,,,,,,,,,,,,,,,,,,,,,,0,0,0,55,0,16,E
all_separate_directions_not_independent,60,core_only,screened,all,0.01,repeat_post_peak,whole,H,58,0.0004780710316614709,0.0021863812274597835,0.01722403410585084,0.0209562569212437,GOES-19 SGPS,0.0209562569212437,2026-01-19T21:39:00+00:00,sci_sgps-l2-avg1m_g19_d20260119_v3-0-3.nc,eb1c6d9b1161c537d049264831e07f7eb7a9a4e8ebc27ab40782d765db7b3cab,3-0-3,6,True,False,False,2026-01-19T21:40:00+00:00,sci_sgps-l2-avg1m_g19_d20260119_v3-0-3.nc,eb1c6d9b1161c537d049264831e07f7eb7a9a4e8ebc27ab40782d765db7b3cab,3-0-3,6,True,False,False,0.00537917907341087,0.022150906377021162,sep_20260118_2255:post_peak,47.71844531960685,0.0419125138424874,1,3,0,118,0,19,W
all_separate_directions_not_independent,60,core_only,screened,all,0.01,repeat_post_peak,whole,log,20,0.00041927658351925256,0.0014438330816032888,0.009060536523879788,0.009941815791237237,GOES-19 SGPS,0.009941815791237237,2026-01-19T21:46:00+00:00,sci_sgps-l2-avg1m_g19_d20260119_v3-0-3.nc,eb1c6d9b1161c537d049264831e07f7eb7a9a4e8ebc27ab40782d765db7b3cab,3-0-3,6,True,False,False,2026-01-19T21:47:00+00:00,sci_sgps-l2-avg1m_g19_d20260119_v3-0-3.nc,eb1c6d9b1161c537d049264831e07f7eb7a9a4e8ebc27ab40782d765db7b3cab,3-0-3,6,True,False,False,0.01303466323775652,0.02366793454576194,sep_20260118_2255:post_peak,100.58524730275175,0.019883631582474474,0,1,0,118,0,19,W
all_separate_directions_not_independent,60,core_only,screened,all,0.01,repeat_pre_peak,above_level,H,1449,0.0004206931099346112,0.0013236991014128785,0.003990112141287525,0.01460597121286639,GOES-18 SGPS,0.01460597121286639,2026-01-19T21:08:00+00:00,sci_sgps-l2-avg1m_g18_d20260119_v3-0-3.nc,8b2ca91b906ccc5d91274b14cf976314b3b61f5f4b7286d0166f52a6b5573740,3-0-3,15,True,False,False,2026-01-19T21:09:00+00:00,sci_sgps-l2-avg1m_g18_d20260119_v3-0-3.nc,8b2ca91b906ccc5d91274b14cf976314b3b61f5f4b7286d0166f52a6b5573740,3-0-3,15,True,False,False,0.03571487710921664,0.08579198613998898,sep_20260118_2255:post_peak,68.46514931640428,0.02921194242573278,0,8,0,2808,0,18,W
all_separate_directions_not_independent,60,core_only,screened,all,0.01,repeat_pre_peak,above_level,log,1449,0.000420693109934607,0.001323699101412882,0.00399011214128753,0.014605971212866385,GOES-18 SGPS,0.014605971212866385,2026-01-19T21:08:00+00:00,sci_sgps-l2-avg1m_g18_d20260119_v3-0-3.nc,8b2ca91b906ccc5d91274b14cf976314b3b61f5f4b7286d0166f52a6b5573740,3-0-3,15,True,False,False,2026-01-19T21:09:00+00:00,sci_sgps-l2-avg1m_g18_d20260119_v3-0-3.nc,8b2ca91b906ccc5d91274b14cf976314b3b61f5f4b7286d0166f52a6b5573740,3-0-3,15,True,False,False,0.03571487710921664,0.08579198613998898,sep_20260118_2255:post_peak,68.46514931640431,0.02921194242573277,0,8,0,2808,0,18,W
all_separate_directions_not_independent,60,core_only,screened,all,0.01,repeat_pre_peak,approach,H,260,0.000395464725684209,0.0012722974551870052,0.0029191638801648666,0.003567911643547887,GOES-18 SGPS,0.003567911643547887,2024-03-23T16:15:00+00:00,sci_sgps-l2-avg1m_g18_d20240323_v3-0-2.nc,99bf82c4cad1772481b290be0a9e038955c1e92cf3f101acf8a0a97f25faad2d,3-0-2,6,True,False,False,2024-03-23T16:16:00+00:00,sci_sgps-l2-avg1m_g18_d20240323_v3-0-2.nc,99bf82c4cad1772481b290be0a9e038955c1e92cf3f101acf8a0a97f25faad2d,3-0-2,6,True,False,False,0.006146728306675735,0.008287475292804467,sep_20240323_0815:pre_peak,280.27599893298157,0.007135823287095774,0,0,0,486,0,18,W
all_separate_directions_not_independent,60,core_only,screened,all,0.01,repeat_pre_peak,approach,log,0,,,,,GOES-16 SGPS,,,,,,,,,,,,,,,,,,,,,,,0,0,0,486,0,16,W
all_separate_directions_not_independent,60,core_only,screened,all,0.01,repeat_pre_peak,whole,H,1709,0.00041650890167847326,0.0013158619791109921,0.0037202818965323546,0.01460597121286639,GOES-18 SGPS,0.01460597121286639,2026-01-19T21:08:00+00:00,sci_sgps-l2-avg1m_g18_d20260119_v3-0-3.nc,8b2ca91b906ccc5d91274b14cf976314b3b61f5f4b7286d0166f52a6b5573740,3-0-3,15,True,False,False,2026-01-19T21:09:00+00:00,sci_sgps-l2-avg1m_g18_d20260119_v3-0-3.nc,8b2ca91b906ccc5d91274b14cf976314b3b61f5f4b7286d0166f52a6b5573740,3-0-3,15,True,False,False,0.03571487710921664,0.08579198613998898,sep_20260118_2255:post_peak,68.46514931640428,0.02921194242573278,0,8,0,3294,0,18,W
all_separate_directions_not_independent,60,core_only,screened,all,0.01,repeat_pre_peak,whole,log,1449,0.000420693109934607,0.001323699101412882,0.00399011214128753,0.014605971212866385,GOES-18 SGPS,0.014605971212866385,2026-01-19T21:08:00+00:00,sci_sgps-l2-avg1m_g18_d20260119_v3-0-3.nc,8b2ca91b906ccc5d91274b14cf976314b3b61f5f4b7286d0166f52a6b5573740,3-0-3,15,True,False,False,2026-01-19T21:09:00+00:00,sci_sgps-l2-avg1m_g18_d20260119_v3-0-3.nc,8b2ca91b906ccc5d91274b14cf976314b3b61f5f4b7286d0166f52a6b5573740,3-0-3,15,True,False,False,0.03571487710921664,0.08579198613998898,sep_20260118_2255:post_peak,68.46514931640431,0.02921194242573277,0,8,0,3294,0,18,W
all_separate_directions_not_independent,60,core_only,screened,all,0.01,unassigned_no_crossing,whole,H,381160,1.1548638347383306e-05,8.179671295886145e-05,0.0003510148943912596,0.007735891054394571,GOES-16 SGPS,0.007735891054394571,2024-10-10T15:14:00+00:00,sci_sgps-l2-avg1m_g16_d20241010_v3-0-2.nc,fbf7bd2cfc1dc3ff5e5bb18d2ed9fc690e1ff8c83a6e402050e89cb6c3b04206,3-0-2,12,True,False,False,2024-10-10T15:15:00+00:00,sci_sgps-l2-avg1m_g16_d20241010_v3-0-2.nc,fbf7bd2cfc1dc3ff5e5bb18d2ed9fc690e1ff8c83a6e402050e89cb6c3b04206,3-0-2,12,True,False,False,0.004666142564930073,0.009307677197566816,sep_20241009_0505:pre_peak,129.26759089141055,0.015471782108789143,0,3,0,763369,1649,16,E
all_separate_directions_not_independent,60,core_only,screened,all,0.01,unassigned_no_crossing,whole,log,0,,,,,GOES-16 SGPS,,,,,,,,,,,,,,,,,,,,,,,0,0,0,763369,1649,16,E
all_separate_directions_not_independent,60,core_only,screened,all,0.1,all_retained,above_level,H,239,0.0005435131437074673,0.002095409447365992,0.003990590483377362,0.008774533458506262,GOES-18 SGPS,0.008774533458506262,2026-01-19T19:16:00+00:00,sci_sgps-l2-avg1m_g18_d20260119_v3-0-3.nc,8b2ca91b906ccc5d91274b14cf976314b3b61f5f4b7286d0166f52a6b5573740,3-0-3,15,True,False,False,2026-01-19T19:17:00+00:00,sci_sgps-l2-avg1m_g18_d20260119_v3-0-3.nc,8b2ca91b906ccc5d91274b14cf976314b3b61f5f4b7286d0166f52a6b5573740,3-0-3,15,True,False,False,0.1389582899975701,0.2352493048808105,sep_20260118_2255:post_peak,113.96617321352555,0.017549066917012524,0,2,0,482,0,18,E
all_separate_directions_not_independent,60,core_only,screened,all,0.1,all_retained,above_level,log,239,0.0005435131437074667,0.002095409447365992,0.003990590483377361,0.008774533458506265,GOES-18 SGPS,0.008774533458506265,2026-01-19T19:16:00+00:00,sci_sgps-l2-avg1m_g18_d20260119_v3-0-3.nc,8b2ca91b906ccc5d91274b14cf976314b3b61f5f4b7286d0166f52a6b5573740,3-0-3,15,True,False,False,2026-01-19T19:17:00+00:00,sci_sgps-l2-avg1m_g18_d20260119_v3-0-3.nc,8b2ca91b906ccc5d91274b14cf976314b3b61f5f4b7286d0166f52a6b5573740,3-0-3,15,True,False,False,0.1389582899975701,0.2352493048808105,sep_20260118_2255:post_peak,113.96617321352551,0.01754906691701253,0,2,0,482,0,18,E
all_separate_directions_not_independent,60,core_only,screened,all,0.1,all_retained,approach,H,2567,2.190197838418765e-05,0.00019049915433835075,0.0009198106405907321,0.00449454222732771,GOES-19 SGPS,0.00449454222732771,2026-01-19T21:05:00+00:00,sci_sgps-l2-avg1m_g19_d20260119_v3-0-3.nc,eb1c6d9b1161c537d049264831e07f7eb7a9a4e8ebc27ab40782d765db7b3cab,3-0-3,6,True,False,False,2026-01-19T21:06:00+00:00,sci_sgps-l2-avg1m_g19_d20260119_v3-0-3.nc,eb1c6d9b1161c537d049264831e07f7eb7a9a4e8ebc27ab40782d765db7b3cab,3-0-3,6,True,False,False,0.05861324537800512,0.08558049874197138,sep_20260118_2255:post_peak,222.4920691410576,0.00898908445465542,0,0,0,4803,0,19,E
all_separate_directions_not_independent,60,core_only,screened,all,0.1,all_retained,approach,log,0,,,,,GOES-18 SGPS,,,,,,,,,,,,,,,,,,,,,,,0,0,0,4803,0,18,E
all_separate_directions_not_independent,60,core_only,screened,all,0.1,all_retained,whole,H,390581,1.2190282288309747e-06,9.426301213341186e-06,5.032869295672548e-05,0.008774533458506262,GOES-18 SGPS,0.008774533458506262,2026-01-19T19:16:00+00:00,sci_sgps-l2-avg1m_g18_d20260119_v3-0-3.nc,8b2ca91b906ccc5d91274b14cf976314b3b61f5f4b7286d0166f52a6b5573740,3-0-3,15,True,False,False,2026-01-19T19:17:00+00:00,sci_sgps-l2-avg1m_g18_d20260119_v3-0-3.nc,8b2ca91b906ccc5d91274b14cf976314b3b61f5f4b7286d0166f52a6b5573740,3-0-3,15,True,False,False,0.1389582899975701,0.2352493048808105,sep_20260118_2255:post_peak,113.96617321352555,0.017549066917012524,0,4,0,781580,0,18,E
all_separate_directions_not_independent,60,core_only,screened,all,0.1,all_retained,whole,log,239,0.0005435131437074667,0.002095409447365992,0.003990590483377361,0.008774533458506265,GOES-18 SGPS,0.008774533458506265,2026-01-19T19:16:00+00:00,sci_sgps-l2-avg1m_g18_d20260119_v3-0-3.nc,8b2ca91b906ccc5d91274b14cf976314b3b61f5f4b7286d0166f52a6b5573740,3-0-3,15,True,False,False,2026-01-19T19:17:00+00:00,sci_sgps-l2-avg1m_g18_d20260119_v3-0-3.nc,8b2ca91b906ccc5d91274b14cf976314b3b61f5f4b7286d0166f52a6b5573740,3-0-3,15,True,False,False,0.1389582899975701,0.2352493048808105,sep_20260118_2255:post_peak,113.96617321352551,0.01754906691701253,0,2,0,781580,0,18,E
all_separate_directions_not_independent,60,core_only,screened,all,0.1,confirmed_entry,above_level,H,180,0.0005379016144244353,0.0019500124345121139,0.003588669141649923,0.008774533458506262,GOES-18 SGPS,0.008774533458506262,2026-01-19T19:16:00+00:00,sci_sgps-l2-avg1m_g18_d20260119_v3-0-3.nc,8b2ca91b906ccc5d91274b14cf976314b3b61f5f4b7286d0166f52a6b5573740,3-0-3,15,True,False,False,2026-01-19T19:17:00+00:00,sci_sgps-l2-avg1m_g18_d20260119_v3-0-3.nc,8b2ca91b906ccc5d91274b14cf976314b3b61f5f4b7286d0166f52a6b5573740,3-0-3,15,True,False,False,0.1389582899975701,0.2352493048808105,sep_20260118_2255:post_peak,113.96617321352555,0.017549066917012524,0,1,0,354,0,18,E
all_separate_directions_not_independent,60,core_only,screened,all,0.1,confirmed_entry,above_level,log,180,0.0005379016144244369,0.001950012434512114,0.003588669141649922,0.008774533458506265,GOES-18 SGPS,0.008774533458506265,2026-01-19T19:16:00+00:00,sci_sgps-l2-avg1m_g18_d20260119_v3-0-3.nc,8b2ca91b906ccc5d91274b14cf976314b3b61f5f4b7286d0166f52a6b5573740,3-0-3,15,True,False,False,2026-01-19T19:17:00+00:00,sci_sgps-l2-avg1m_g18_d20260119_v3-0-3.nc,8b2ca91b906ccc5d91274b14cf976314b3b61f5f4b7286d0166f52a6b5573740,3-0-3,15,True,False,False,0.1389582899975701,0.2352493048808105,sep_20260118_2255:post_peak,113.96617321352551,0.01754906691701253,0,1,0,354,0,18,E
all_separate_directions_not_independent,60,core_only,screened,all,0.1,confirmed_entry,approach,H,2539,2.1636003081183357e-05,0.00017860373225800748,0.0006882745989770778,0.004244976220708455,GOES-18 SGPS,0.004244976220708455,2026-01-19T19:13:00+00:00,sci_sgps-l2-avg1m_g18_d20260119_v3-0-3.nc,8b2ca91b906ccc5d91274b14cf976314b3b61f5f4b7286d0166f52a6b5573740,3-0-3,15,True,False,False,2026-01-19T19:14:00+00:00,sci_sgps-l2-avg1m_g18_d20260119_v3-0-3.nc,8b2ca91b906ccc5d91274b14cf976314b3b61f5f4b7286d0166f52a6b5573740,3-0-3,15,True,False,False,0.08503060958224562,0.11107157963478076,sep_20260118_2255:pre_peak,235.5725799173281,0.00848995244141691,0,0,0,4751,0,18,E
all_separate_directions_not_independent,60,core_only,screened,all,0.1,confirmed_entry,approach,log,0,,,,,GOES-18 SGPS,,,,,,,,,,,,,,,,,,,,,,,0,0,0,4751,0,18,E
all_separate_directions_not_independent,60,core_only,screened,all,0.1,confirmed_entry,whole,H,2719,2.4344943818779136e-05,0.0002600801684061828,0.0016309309865726064,0.008774533458506262,GOES-18 SGPS,0.008774533458506262,2026-01-19T19:16:00+00:00,sci_sgps-l2-avg1m_g18_d20260119_v3-0-3.nc,8b2ca91b906ccc5d91274b14cf976314b3b61f5f4b7286d0166f52a6b5573740,3-0-3,15,True,False,False,2026-01-19T19:17:00+00:00,sci_sgps-l2-avg1m_g18_d20260119_v3-0-3.nc,8b2ca91b906ccc5d91274b14cf976314b3b61f5f4b7286d0166f52a6b5573740,3-0-3,15,True,False,False,0.1389582899975701,0.2352493048808105,sep_20260118_2255:post_peak,113.96617321352555,0.017549066917012524,0,1,0,5105,0,18,E
all_separate_directions_not_independent,60,core_only,screened,all,0.1,confirmed_entry,whole,log,180,0.0005379016144244369,0.001950012434512114,0.003588669141649922,0.008774533458506265,GOES-18 SGPS,0.008774533458506265,2026-01-19T19:16:00+00:00,sci_sgps-l2-avg1m_g18_d20260119_v3-0-3.nc,8b2ca91b906ccc5d91274b14cf976314b3b61f5f4b7286d0166f52a6b5573740,3-0-3,15,True,False,False,2026-01-19T19:17:00+00:00,sci_sgps-l2-avg1m_g18_d20260119_v3-0-3.nc,8b2ca91b906ccc5d91274b14cf976314b3b61f5f4b7286d0166f52a6b5573740,3-0-3,15,True,False,False,0.1389582899975701,0.2352493048808105,sep_20260118_2255:post_peak,113.96617321352551,0.01754906691701253,0,1,0,5105,0,18,E
all_separate_directions_not_independent,60,core_only,screened,all,0.1,repeat_post_peak,above_level,H,5,0.0005485810642578286,0.0014756191780816738,0.0019180218277398936,0.001967177677701918,GOES-18 SGPS,0.001967177677701918,2026-01-19T20:06:00+00:00,sci_sgps-l2-avg1m_g18_d20260119_v3-0-3.nc,8b2ca91b906ccc5d91274b14cf976314b3b61f5f4b7286d0166f52a6b5573740,3-0-3,15,True,False,False,2026-01-19T20:07:00+00:00,sci_sgps-l2-avg1m_g18_d20260119_v3-0-3.nc,8b2ca91b906ccc5d91274b14cf976314b3b61f5f4b7286d0166f52a6b5573740,3-0-3,15,True,False,False,0.10616357604472171,0.11946360156299286,sep_20260118_2255:post_peak,508.3424905310092,0.003934355355403836,0,0,0,11,0,18,E
all_separate_directions_not_independent,60,core_only,screened,all,0.1,repeat_post_peak,above_level,log,5,0.0005485810642578289,0.001475619178081675,0.0019180218277398944,0.001967177677701919,GOES-18 SGPS,0.001967177677701919,2026-01-19T20:06:00+00:00,sci_sgps-l2-avg1m_g18_d20260119_v3-0-3.nc,8b2ca91b906ccc5d91274b14cf976314b3b61f5f4b7286d0166f52a6b5573740,3-0-3,15,True,False,False,2026-01-19T20:07:00+00:00,sci_sgps-l2-avg1m_g18_d20260119_v3-0-3.nc,8b2ca91b906ccc5d91274b14cf976314b3b61f5f4b7286d0166f52a6b5573740,3-0-3,15,True,False,False,0.10616357604472171,0.11946360156299286,sep_20260118_2255:post_peak,508.342490531009,0.003934355355403838,0,0,0,11,0,18,E
all_separate_directions_not_independent,60,core_only,screened,all,0.1,repeat_post_peak,approach,H,19,0.0009579996159414961,0.002541435097839367,0.004157543546249488,0.00449454222732771,GOES-19 SGPS,0.00449454222732771,2026-01-19T21:05:00+00:00,sci_sgps-l2-avg1m_g19_d20260119_v3-0-3.nc,eb1c6d9b1161c537d049264831e07f7eb7a9a4e8ebc27ab40782d765db7b3cab,3-0-3,6,True,False,False,2026-01-19T21:06:00+00:00,sci_sgps-l2-avg1m_g19_d20260119_v3-0-3.nc,eb1c6d9b1161c537d049264831e07f7eb7a9a4e8ebc27ab40782d765db7b3cab,3-0-3,6,True,False,False,0.05861324537800512,0.08558049874197138,sep_20260118_2255:post_peak,222.4920691410576,0.00898908445465542,0,0,0,32,0,19,E
all_separate_directions_not_independent,60,core_only,screened,all,0.1,repeat_post_peak,approach,log,0,,,,,GOES-18 SGPS,,,,,,,,,,,,,,,,,,,,,,,0,0,0,32,0,18,E
all_separate_directions_not_independent,60,core_only,screened,all,0.1,repeat_post_peak,whole,H,24,0.0009250063468291547,0.002502898473779439,0.004063932801505536,0.00449454222732771,GOES-19 SGPS,0.00449454222732771,2026-01-19T21:05:00+00:00,sci_sgps-l2-avg1m_g19_d20260119_v3-0-3.nc,eb1c6d9b1161c537d049264831e07f7eb7a9a4e8ebc27ab40782d765db7b3cab,3-0-3,6,True,False,False,2026-01-19T21:06:00+00:00,sci_sgps-l2-avg1m_g19_d20260119_v3-0-3.nc,eb1c6d9b1161c537d049264831e07f7eb7a9a4e8ebc27ab40782d765db7b3cab,3-0-3,6,True,False,False,0.05861324537800512,0.08558049874197138,sep_20260118_2255:post_peak,222.4920691410576,0.00898908445465542,0,0,0,43,0,19,E
all_separate_directions_not_independent,60,core_only,screened,all,0.1,repeat_post_peak,whole,log,5,0.0005485810642578289,0.001475619178081675,0.0019180218277398944,0.001967177677701919,GOES-18 SGPS,0.001967177677701919,2026-01-19T20:06:00+00:00,sci_sgps-l2-avg1m_g18_d20260119_v3-0-3.nc,8b2ca91b906ccc5d91274b14cf976314b3b61f5f4b7286d0166f52a6b5573740,3-0-3,15,True,False,False,2026-01-19T20:07:00+00:00,sci_sgps-l2-avg1m_g18_d20260119_v3-0-3.nc,8b2ca91b906ccc5d91274b14cf976314b3b61f5f4b7286d0166f52a6b5573740,3-0-3,15,True,False,False,0.10616357604472171,0.11946360156299286,sep_20260118_2255:post_peak,508.342490531009,0.003934355355403838,0,0,0,43,0,18,E
all_separate_directions_not_independent,60,core_only,screened,all,0.1,repeat_pre_peak,above_level,H,54,0.0005845185913852191,0.002662483504250074,0.0055406407833550044,0.0072865200982895435,GOES-19 SGPS,0.0072865200982895435,2026-01-19T19:16:00+00:00,sci_sgps-l2-avg1m_g19_d20260119_v3-0-3.nc,eb1c6d9b1161c537d049264831e07f7eb7a9a4e8ebc27ab40782d765db7b3cab,3-0-3,6,True,False,False,2026-01-19T19:17:00+00:00,sci_sgps-l2-avg1m_g19_d20260119_v3-0-3.nc,eb1c6d9b1161c537d049264831e07f7eb7a9a4e8ebc27ab40782d765db7b3cab,3-0-3,6,True,False,False,0.2504112021071882,0.3877247113492862,sep_20260118_2255:post_peak,137.2397230105414,0.014573040196579087,0,1,0,117,0,19,E
all_separate_directions_not_independent,60,core_only,screened,all,0.1,repeat_pre_peak,above_level,log,54,0.0005845185913852216,0.002662483504250074,0.0055406407833550044,0.0072865200982895435,GOES-19 SGPS,0.0072865200982895435,2026-01-19T19:16:00+00:00,sci_sgps-l2-avg1m_g19_d20260119_v3-0-3.nc,eb1c6d9b1161c537d049264831e07f7eb7a9a4e8ebc27ab40782d765db7b3cab,3-0-3,6,True,False,False,2026-01-19T19:17:00+00:00,sci_sgps-l2-avg1m_g19_d20260119_v3-0-3.nc,eb1c6d9b1161c537d049264831e07f7eb7a9a4e8ebc27ab40782d765db7b3cab,3-0-3,6,True,False,False,0.2504112021071882,0.3877247113492862,sep_20260118_2255:post_peak,137.2397230105414,0.014573040196579087,0,1,0,117,0,19,E
all_separate_directions_not_independent,60,core_only,screened,all,0.1,repeat_pre_peak,approach,H,9,0.0003325179307728724,0.0008017818157885305,0.0011031675174778697,0.001136654817665574,GOES-19 SGPS,0.001136654817665574,2026-01-19T18:42:00+00:00,sci_sgps-l2-avg1m_g19_d20260119_v3-0-3.nc,eb1c6d9b1161c537d049264831e07f7eb7a9a4e8ebc27ab40782d765db7b3cab,3-0-3,6,True,False,False,2026-01-19T18:43:00+00:00,sci_sgps-l2-avg1m_g19_d20260119_v3-0-3.nc,eb1c6d9b1161c537d049264831e07f7eb7a9a4e8ebc27ab40782d765db7b3cab,3-0-3,6,True,False,False,0.09766160379857307,0.10458347046893325,sep_20260118_2255:pre_peak,879.774566964638,0.002273309635331148,0,0,0,20,0,19,E
all_separate_directions_not_independent,60,core_only,screened,all,0.1,repeat_pre_peak,approach,log,0,,,,,GOES-19 SGPS,,,,,,,,,,,,,,,,,,,,,,,0,0,0,20,0,19,E
all_separate_directions_not_independent,60,core_only,screened,all,0.1,repeat_pre_peak,whole,H,63,0.0005227200095060059,0.002501166681759579,0.005244170711007643,0.0072865200982895435,GOES-19 SGPS,0.0072865200982895435,2026-01-19T19:16:00+00:00,sci_sgps-l2-avg1m_g19_d20260119_v3-0-3.nc,eb1c6d9b1161c537d049264831e07f7eb7a9a4e8ebc27ab40782d765db7b3cab,3-0-3,6,True,False,False,2026-01-19T19:17:00+00:00,sci_sgps-l2-avg1m_g19_d20260119_v3-0-3.nc,eb1c6d9b1161c537d049264831e07f7eb7a9a4e8ebc27ab40782d765db7b3cab,3-0-3,6,True,False,False,0.2504112021071882,0.3877247113492862,sep_20260118_2255:post_peak,137.2397230105414,0.014573040196579087,0,1,0,137,0,19,E
all_separate_directions_not_independent,60,core_only,screened,all,0.1,repeat_pre_peak,whole,log,54,0.0005845185913852216,0.002662483504250074,0.0055406407833550044,0.0072865200982895435,GOES-19 SGPS,0.0072865200982895435,2026-01-19T19:16:00+00:00,sci_sgps-l2-avg1m_g19_d20260119_v3-0-3.nc,eb1c6d9b1161c537d049264831e07f7eb7a9a4e8ebc27ab40782d765db7b3cab,3-0-3,6,True,False,False,2026-01-19T19:17:00+00:00,sci_sgps-l2-avg1m_g19_d20260119_v3-0-3.nc,eb1c6d9b1161c537d049264831e07f7eb7a9a4e8ebc27ab40782d765db7b3cab,3-0-3,6,True,False,False,0.2504112021071882,0.3877247113492862,sep_20260118_2255:post_peak,137.2397230105414,0.014573040196579087,0,1,0,137,0,19,E
all_separate_directions_not_independent,60,core_only,screened,all,0.1,unassigned_no_crossing,whole,H,387775,1.1996252999776582e-06,9.018991833211966e-06,4.338256180855915e-05,0.008346184838462056,GOES-18 SGPS,0.008346184838462056,2026-01-19T21:08:00+00:00,sci_sgps-l2-avg1m_g18_d20260119_v3-0-3.nc,8b2ca91b906ccc5d91274b14cf976314b3b61f5f4b7286d0166f52a6b5573740,3-0-3,15,True,False,False,2026-01-19T21:09:00+00:00,sci_sgps-l2-avg1m_g18_d20260119_v3-0-3.nc,8b2ca91b906ccc5d91274b14cf976314b3b61f5f4b7286d0166f52a6b5573740,3-0-3,15,True,False,False,0.03571487710921664,0.08579198613998898,sep_20260118_2255:post_peak,119.81522328521412,0.016692369676924113,0,2,0,776295,0,18,W
all_separate_directions_not_independent,60,core_only,screened,all,0.1,unassigned_no_crossing,whole,log,0,,,,,GOES-16 SGPS,,,,,,,,,,,,,,,,,,,,,,,0,0,0,776295,0,16,E
all_separate_directions_not_independent,60,core_only,strict,all,0.001,all_retained,whole,H,0,,,,,GOES-16 SGPS,,,,,,,,,,,,,,,,,,,,,,,0,0,0,5,0,16,W
all_separate_directions_not_independent,60,core_only,strict,all,0.001,all_retained,whole,log,0,,,,,GOES-16 SGPS,,,,,,,,,,,,,,,,,,,,,,,0,0,0,5,0,16,W
all_separate_directions_not_independent,60,core_only,strict,all,0.001,unassigned_no_crossing,whole,H,0,,,,,GOES-16 SGPS,,,,,,,,,,,,,,,,,,,,,,,0,0,0,5,0,16,W
all_separate_directions_not_independent,60,core_only,strict,all,0.001,unassigned_no_crossing,whole,log,0,,,,,GOES-16 SGPS,,,,,,,,,,,,,,,,,,,,,,,0,0,0,5,0,16,W
all_separate_directions_not_independent,60,core_only,strict,all,0.01,all_retained,whole,H,0,,,,,GOES-16 SGPS,,,,,,,,,,,,,,,,,,,,,,,0,0,0,5,0,16,W
all_separate_directions_not_independent,60,core_only,strict,all,0.01,all_retained,whole,log,0,,,,,GOES-16 SGPS,,,,,,,,,,,,,,,,,,,,,,,0,0,0,5,0,16,W
all_separate_directions_not_independent,60,core_only,strict,all,0.01,unassigned_no_crossing,whole,H,0,,,,,GOES-16 SGPS,,,,,,,,,,,,,,,,,,,,,,,0,0,0,5,0,16,W
all_separate_directions_not_independent,60,core_only,strict,all,0.01,unassigned_no_crossing,whole,log,0,,,,,GOES-16 SGPS,,,,,,,,,,,,,,,,,,,,,,,0,0,0,5,0,16,W
all_separate_directions_not_independent,60,core_only,strict,all,0.1,all_retained,whole,H,0,,,,,GOES-16 SGPS,,,,,,,,,,,,,,,,,,,,,,,0,0,0,5,0,16,W
all_separate_directions_not_independent,60,core_only,strict,all,0.1,all_retained,whole,log,0,,,,,GOES-16 SGPS,,,,,,,,,,,,,,,,,,,,,,,0,0,0,5,0,16,W
all_separate_directions_not_independent,60,core_only,strict,all,0.1,unassigned_no_crossing,whole,H,0,,,,,GOES-16 SGPS,,,,,,,,,,,,,,,,,,,,,,,0,0,0,5,0,16,W
all_separate_directions_not_independent,60,core_only,strict,all,0.1,unassigned_no_crossing,whole,log,0,,,,,GOES-16 SGPS,,,,,,,,,,,,,,,,,,,,,,,0,0,0,5,0,16,W
all_separate_directions_not_independent,60,main_loglog,reported,all,0.001,all_retained,above_level,H,37877,0.0006255138335229542,0.0017200990466642464,0.0031294776687977133,0.023585048836792813,GOES-19 SGPS,0.023585048836792813,2026-01-19T21:39:00+00:00,sci_sgps-l2-avg1m_g19_d20260119_v3-0-3.nc,eb1c6d9b1161c537d049264831e07f7eb7a9a4e8ebc27ab40782d765db7b3cab,3-0-3,6,True,False,False,2026-01-19T21:40:00+00:00,sci_sgps-l2-avg1m_g19_d20260119_v3-0-3.nc,eb1c6d9b1161c537d049264831e07f7eb7a9a4e8ebc27ab40782d765db7b3cab,3-0-3,6,True,False,False,0.005380922391949471,0.02215277427322045,sep_20260118_2255:post_peak,42.399742604729916,0.047170097673585626,2,47,0,75757,10142,19,W
all_separate_directions_not_independent,60,main_loglog,reported,all,0.001,all_retained,above_level,log,37877,0.0006255138335229569,0.0017200990466642457,0.003129477668797713,0.02358504883679281,GOES-19 SGPS,0.02358504883679281,2026-01-19T21:39:00+00:00,sci_sgps-l2-avg1m_g19_d20260119_v3-0-3.nc,eb1c6d9b1161c537d049264831e07f7eb7a9a4e8ebc27ab40782d765db7b3cab,3-0-3,6,True,False,False,2026-01-19T21:40:00+00:00,sci_sgps-l2-avg1m_g19_d20260119_v3-0-3.nc,eb1c6d9b1161c537d049264831e07f7eb7a9a4e8ebc27ab40782d765db7b3cab,3-0-3,6,True,False,False,0.005380922391949471,0.02215277427322045,sep_20260118_2255:post_peak,42.39974260472992,0.04717009767358562,2,47,0,75757,10142,19,W
all_separate_directions_not_independent,60,main_loglog,reported,all,0.001,all_retained,approach,H,27388,0.00048501628739302334,0.0017032791230226219,0.003249667326322246,0.015191730848395486,GOES-18 SGPS,0.015191730848395486,2024-10-29T10:22:00+00:00,sci_sgps-l2-avg1m_g18_d20241029_v3-0-2.nc,30dc2d0dfab586fb3969aea3281dd72daa8278cfb46718b7c4e71e4d22d3325c,3-0-2,6,False,False,False,2024-10-29T10:23:00+00:00,sci_sgps-l2-avg1m_g18_d20241029_v3-0-2.nc,30dc2d0dfab586fb3969aea3281dd72daa8278cfb46718b7c4e71e4d22d3325c,3-0-2,6,False,False,False,0.0002616334649508769,0.001189029366458195,sep_20241026_1910:post_peak,65.82528416145666,0.030383461696790973,0,12,0,52345,6088,18,W
all_separate_directions_not_independent,60,main_loglog,reported,all,0.001,all_retained,approach,log,0,,,,,GOES-16 SGPS,,,,,,,,,,,,,,,,,,,,,,,0,0,0,52345,6088,16,E
all_separate_directions_not_independent,60,main_loglog,reported,all,0.001,all_retained,whole,H,560896,0.00011357823382796619,0.000677184598981948,0.0020135378205888696,0.023585048836792813,GOES-19 SGPS,0.023585048836792813,2026-01-19T21:39:00+00:00,sci_sgps-l2-avg1m_g19_d20260119_v3-0-3.nc,eb1c6d9b1161c537d049264831e07f7eb7a9a4e8ebc27ab40782d765db7b3cab,3-0-3,6,True,False,False,2026-01-19T21:40:00+00:00,sci_sgps-l2-avg1m_g19_d20260119_v3-0-3.nc,eb1c6d9b1161c537d049264831e07f7eb7a9a4e8ebc27ab40782d765db7b3cab,3-0-3,6,True,False,False,0.005380922391949471,0.02215277427322045,sep_20260118_2255:post_peak,42.399742604729916,0.047170097673585626,2,62,0,1122658,16230,19,W
all_separate_directions_not_independent,60,main_loglog,reported,all,0.001,all_retained,whole,log,37877,0.0006255138335229569,0.0017200990466642457,0.003129477668797713,0.02358504883679281,GOES-19 SGPS,0.02358504883679281,2026-01-19T21:39:00+00:00,sci_sgps-l2-avg1m_g19_d20260119_v3-0-3.nc,eb1c6d9b1161c537d049264831e07f7eb7a9a4e8ebc27ab40782d765db7b3cab,3-0-3,6,True,False,False,2026-01-19T21:40:00+00:00,sci_sgps-l2-avg1m_g19_d20260119_v3-0-3.nc,eb1c6d9b1161c537d049264831e07f7eb7a9a4e8ebc27ab40782d765db7b3cab,3-0-3,6,True,False,False,0.005380922391949471,0.02215277427322045,sep_20260118_2255:post_peak,42.39974260472992,0.04717009767358562,2,47,0,1122658,16230,19,W
all_separate_directions_not_independent,60,main_loglog,reported,all,0.001,censored_first,above_level,H,2942,0.0005828181854253933,0.0016748323929190367,0.003499582081372329,0.01921551872833922,GOES-18 SGPS,0.01921551872833922,2026-01-19T21:40:00+00:00,sci_sgps-l2-avg1m_g18_d20260119_v3-0-3.nc,8b2ca91b906ccc5d91274b14cf976314b3b61f5f4b7286d0166f52a6b5573740,3-0-3,15,True,False,False,2026-01-19T21:41:00+00:00,sci_sgps-l2-avg1m_g18_d20260119_v3-0-3.nc,8b2ca91b906ccc5d91274b14cf976314b3b61f5f4b7286d0166f52a6b5573740,3-0-3,15,True,False,False,0.003633719598125959,0.01150967435555727,sep_20260118_2255:post_peak,52.04127008682784,0.03843103745667844,1,7,0,6019,2034,18,E
all_separate_directions_not_independent,60,main_loglog,reported,all,0.001,censored_first,above_level,log,2942,0.0005828181854253941,0.0016748323929190354,0.0034995820813723253,0.01921551872833922,GOES-18 SGPS,0.01921551872833922,2026-01-19T21:40:00+00:00,sci_sgps-l2-avg1m_g18_d20260119_v3-0-3.nc,8b2ca91b906ccc5d91274b14cf976314b3b61f5f4b7286d0166f52a6b5573740,3-0-3,15,True,False,False,2026-01-19T21:41:00+00:00,sci_sgps-l2-avg1m_g18_d20260119_v3-0-3.nc,8b2ca91b906ccc5d91274b14cf976314b3b61f5f4b7286d0166f52a6b5573740,3-0-3,15,True,False,False,0.003633719598125959,0.01150967435555727,sep_20260118_2255:post_peak,52.04127008682784,0.03843103745667844,1,7,0,6019,2034,18,E
all_separate_directions_not_independent,60,main_loglog,reported,all,0.001,censored_first,approach,H,3652,0.00022085811578811948,0.0010627473255554393,0.002405922166554615,0.015191730848395486,GOES-18 SGPS,0.015191730848395486,2024-10-29T10:22:00+00:00,sci_sgps-l2-avg1m_g18_d20241029_v3-0-2.nc,30dc2d0dfab586fb3969aea3281dd72daa8278cfb46718b7c4e71e4d22d3325c,3-0-2,6,False,False,False,2024-10-29T10:23:00+00:00,sci_sgps-l2-avg1m_g18_d20241029_v3-0-2.nc,30dc2d0dfab586fb3969aea3281dd72daa8278cfb46718b7c4e71e4d22d3325c,3-0-2,6,False,False,False,0.0002616334649508769,0.001189029366458195,sep_20241026_1910:post_peak,65.82528416145666,0.030383461696790973,0,1,0,7218,0,18,W
all_separate_directions_not_independent,60,main_loglog,reported,all,0.001,censored_first,approach,log,0,,,,,GOES-16 SGPS,,,,,,,,,,,,,,,,,,,,,,,0,0,0,7218,0,16,E
all_separate_directions_not_independent,60,main_loglog,reported,all,0.001,censored_first,whole,H,6594,0.0003536416344866344,0.0014077171778884574,0.002994167205891823,0.01921551872833922,GOES-18 SGPS,0.01921551872833922,2026-01-19T21:40:00+00:00,sci_sgps-l2-avg1m_g18_d20260119_v3-0-3.nc,8b2ca91b906ccc5d91274b14cf976314b3b61f5f4b7286d0166f52a6b5573740,3-0-3,15,True,False,False,2026-01-19T21:41:00+00:00,sci_sgps-l2-avg1m_g18_d20260119_v3-0-3.nc,8b2ca91b906ccc5d91274b14cf976314b3b61f5f4b7286d0166f52a6b5573740,3-0-3,15,True,False,False,0.003633719598125959,0.01150967435555727,sep_20260118_2255:post_peak,52.04127008682784,0.03843103745667844,1,8,0,13237,2034,18,E
all_separate_directions_not_independent,60,main_loglog,reported,all,0.001,censored_first,whole,log,2942,0.0005828181854253941,0.0016748323929190354,0.0034995820813723253,0.01921551872833922,GOES-18 SGPS,0.01921551872833922,2026-01-19T21:40:00+00:00,sci_sgps-l2-avg1m_g18_d20260119_v3-0-3.nc,8b2ca91b906ccc5d91274b14cf976314b3b61f5f4b7286d0166f52a6b5573740,3-0-3,15,True,False,False,2026-01-19T21:41:00+00:00,sci_sgps-l2-avg1m_g18_d20260119_v3-0-3.nc,8b2ca91b906ccc5d91274b14cf976314b3b61f5f4b7286d0166f52a6b5573740,3-0-3,15,True,False,False,0.003633719598125959,0.01150967435555727,sep_20260118_2255:post_peak,52.04127008682784,0.03843103745667844,1,7,0,13237,2034,18,E
all_separate_directions_not_independent,60,main_loglog,reported,all,0.001,censored_repeat,above_level,H,9454,0.0005816267274660373,0.0016311873176434015,0.0030845956923265232,0.011858707498670528,GOES-19 SGPS,0.011858707498670528,2024-10-10T15:13:00+00:00,sci_sgps-l2-avg1m_g19_d20241010_v3-0-2.nc,67ab392836ae26a5d8199a2255dab22eed552f484f261c86dd4ad5480617f672,3-0-2,0,False,False,False,2024-10-10T15:14:00+00:00,sci_sgps-l2-avg1m_g19_d20241010_v3-0-2.nc,67ab392836ae26a5d8199a2255dab22eed552f484f261c86dd4ad5480617f672,3-0-2,0,False,False,False,0.003449082410131266,0.007026092207483693,sep_20241009_0505:pre_peak,84.32622190167936,0.023717414997341056,0,11,0,18861,2986,19,E
all_separate_directions_not_independent,60,main_loglog,reported,all,0.001,censored_repeat,above_level,log,9454,0.0005816267274660343,0.0016311873176434015,0.003084595692326521,0.011858707498670528,GOES-19 SGPS,0.011858707498670528,2024-10-10T15:13:00+00:00,sci_sgps-l2-avg1m_g19_d20241010_v3-0-2.nc,67ab392836ae26a5d8199a2255dab22eed552f484f261c86dd4ad5480617f672,3-0-2,0,False,False,False,2024-10-10T15:14:00+00:00,sci_sgps-l2-avg1m_g19_d20241010_v3-0-2.nc,67ab392836ae26a5d8199a2255dab22eed552f484f261c86dd4ad5480617f672,3-0-2,0,False,False,False,0.003449082410131266,0.007026092207483693,sep_20241009_0505:pre_peak,84.32622190167936,0.023717414997341056,0,11,0,18861,2986,19,E
all_separate_directions_not_independent,60,main_loglog,reported,all,0.001,censored_repeat,approach,H,6682,0.0005816601053359796,0.0018656236763189757,0.003454657228368522,0.009882610380157255,GOES-16 SGPS,0.009882610380157255,2024-02-11T02:09:00+00:00,sci_sgps-l2-avg1m_g16_d20240211_v3-0-2.nc,ea6eb5b16606450d37d4ab87b6631ed986afd9b3226602edd43f1554a514b5bc,3-0-2,12,True,False,False,2024-02-11T02:10:00+00:00,sci_sgps-l2-avg1m_g16_d20240211_v3-0-2.nc,ea6eb5b16606450d37d4ab87b6631ed986afd9b3226602edd43f1554a514b5bc,3-0-2,12,True,False,False,0.0006420646741345376,0.0012649357077109283,sep_20240209_1530:post_peak|sep_20240212_0805:pre_peak,101.18784020949005,0.01976522076031451,0,5,0,12725,6013,16,E
all_separate_directions_not_independent,60,main_loglog,reported,all,0.001,censored_repeat,approach,log,0,,,,,GOES-16 SGPS,,,,,,,,,,,,,,,,,,,,,,,0,0,0,12725,6013,16,E
all_separate_directions_not_independent,60,main_loglog,reported,all,0.001,censored_repeat,whole,H,16136,0.0005816444776668261,0.0017172863331961791,0.003268784088572356,0.011858707498670528,GOES-19 SGPS,0.011858707498670528,2024-10-10T15:13:00+00:00,sci_sgps-l2-avg1m_g19_d20241010_v3-0-2.nc,67ab392836ae26a5d8199a2255dab22eed552f484f261c86dd4ad5480617f672,3-0-2,0,False,False,False,2024-10-10T15:14:00+00:00,sci_sgps-l2-avg1m_g19_d20241010_v3-0-2.nc,67ab392836ae26a5d8199a2255dab22eed552f484f261c86dd4ad5480617f672,3-0-2,0,False,False,False,0.003449082410131266,0.007026092207483693,sep_20241009_0505:pre_peak,84.32622190167936,0.023717414997341056,0,16,0,31586,8999,19,E
all_separate_directions_not_independent,60,main_loglog,reported,all,0.001,censored_repeat,whole,log,9454,0.0005816267274660343,0.0016311873176434015,0.003084595692326521,0.011858707498670528,GOES-19 SGPS,0.011858707498670528,2024-10-10T15:13:00+00:00,sci_sgps-l2-avg1m_g19_d20241010_v3-0-2.nc,67ab392836ae26a5d8199a2255dab22eed552f484f261c86dd4ad5480617f672,3-0-2,0,False,False,False,2024-10-10T15:14:00+00:00,sci_sgps-l2-avg1m_g19_d20241010_v3-0-2.nc,67ab392836ae26a5d8199a2255dab22eed552f484f261c86dd4ad5480617f672,3-0-2,0,False,False,False,0.003449082410131266,0.007026092207483693,sep_20241009_0505:pre_peak,84.32622190167936,0.023717414997341056,0,11,0,31586,8999,19,E
all_separate_directions_not_independent,60,main_loglog,reported,all,0.001,confirmed_entry,above_level,H,3496,0.0006462091000386915,0.001763638453903856,0.00295882563444985,0.006280709824573775,GOES-16 SGPS,0.006280709824573775,2023-07-18T00:56:00+00:00,sci_sgps-l2-avg1m_g16_d20230718_v3-0-1.nc,e4f863b7940e10ea5f0315e9e2c3a2ac7562d38ca24d5c431290b449be318c82,3-0-1,9,False,False,False,2023-07-18T00:57:00+00:00,sci_sgps-l2-avg1m_g16_d20230718_v3-0-1.nc,e4f863b7940e10ea5f0315e9e2c3a2ac7562d38ca24d5c431290b449be318c82,3-0-1,9,False,False,False,0.0016488793384299963,0.0024035299224429616,sep_20230716_0635:post_peak|sep_20230718_0115:pre_peak,159.21767251329152,0.01256141964914755,0,2,0,6958,572,16,E
all_separate_directions_not_independent,60,main_loglog,reported,all,0.001,confirmed_entry,above_level,log,3496,0.0006462091000386889,0.0017636384539038584,0.002958825634449848,0.006280709824573777,GOES-16 SGPS,0.006280709824573777,2023-07-18T00:56:00+00:00,sci_sgps-l2-avg1m_g16_d20230718_v3-0-1.nc,e4f863b7940e10ea5f0315e9e2c3a2ac7562d38ca24d5c431290b449be318c82,3-0-1,9,False,False,False,2023-07-18T00:57:00+00:00,sci_sgps-l2-avg1m_g16_d20230718_v3-0-1.nc,e4f863b7940e10ea5f0315e9e2c3a2ac7562d38ca24d5c431290b449be318c82,3-0-1,9,False,False,False,0.0016488793384299963,0.0024035299224429616,sep_20230716_0635:post_peak|sep_20230718_0115:pre_peak,159.2176725132915,0.012561419649147554,0,2,0,6958,572,16,E
all_separate_directions_not_independent,60,main_loglog,reported,all,0.001,confirmed_entry,approach,H,13516,0.00044116763929114445,0.0013846436085690472,0.0026383471826533266,0.007117920478318968,GOES-19 SGPS,0.007117920478318968,2025-06-01T06:43:00+00:00,sci_sgps-l2-avg1m_g19_d20250601_v3-0-2.nc,90f031b9ee725501b0e9ac4069a11a20ea3181be2726c984ec8285390f29c34f,3-0-2,2,True,False,False,2025-06-01T06:44:00+00:00,sci_sgps-l2-avg1m_g19_d20250601_v3-0-2.nc,90f031b9ee725501b0e9ac4069a11a20ea3181be2726c984ec8285390f29c34f,3-0-2,2,True,False,False,0.0006070994054173012,0.0010347652962736159,sep_20250531_1710:pre_peak,140.49047092419457,0.014235840956637935,0,3,0,26445,0,19,W
all_separate_directions_not_independent,60,main_loglog,reported,all,0.001,confirmed_entry,approach,log,0,,,,,GOES-16 SGPS,,,,,,,,,,,,,,,,,,,,,,,0,0,0,26445,0,16,E
all_separate_directions_not_independent,60,main_loglog,reported,all,0.001,confirmed_entry,whole,H,17012,0.00047394455956674316,0.0014738819621378993,0.002728388973030912,0.007117920478318968,GOES-19 SGPS,0.007117920478318968,2025-06-01T06:43:00+00:00,sci_sgps-l2-avg1m_g19_d20250601_v3-0-2.nc,90f031b9ee725501b0e9ac4069a11a20ea3181be2726c984ec8285390f29c34f,3-0-2,2,True,False,False,2025-06-01T06:44:00+00:00,sci_sgps-l2-avg1m_g19_d20250601_v3-0-2.nc,90f031b9ee725501b0e9ac4069a11a20ea3181be2726c984ec8285390f29c34f,3-0-2,2,True,False,False,0.0006070994054173012,0.0010347652962736159,sep_20250531_1710:pre_peak,140.49047092419457,0.014235840956637935,0,5,0,33403,572,19,W
all_separate_directions_not_independent,60,main_loglog,reported,all,0.001,confirmed_entry,whole,log,3496,0.0006462091000386889,0.0017636384539038584,0.002958825634449848,0.006280709824573777,GOES-16 SGPS,0.006280709824573777,2023-07-18T00:56:00+00:00,sci_sgps-l2-avg1m_g16_d20230718_v3-0-1.nc,e4f863b7940e10ea5f0315e9e2c3a2ac7562d38ca24d5c431290b449be318c82,3-0-1,9,False,False,False,2023-07-18T00:57:00+00:00,sci_sgps-l2-avg1m_g16_d20230718_v3-0-1.nc,e4f863b7940e10ea5f0315e9e2c3a2ac7562d38ca24d5c431290b449be318c82,3-0-1,9,False,False,False,0.0016488793384299963,0.0024035299224429616,sep_20230716_0635:post_peak|sep_20230718_0115:pre_peak,159.2176725132915,0.012561419649147554,0,2,0,33403,572,16,E
all_separate_directions_not_independent,60,main_loglog,reported,all,0.001,repeat_post_peak,above_level,H,3809,0.0007730082748116596,0.0019490590629153094,0.003162577471563991,0.006593044537713041,GOES-16 SGPS,0.006593044537713041,2023-07-18T01:42:00+00:00,sci_sgps-l2-avg1m_g16_d20230718_v3-0-1.nc,e4f863b7940e10ea5f0315e9e2c3a2ac7562d38ca24d5c431290b449be318c82,3-0-1,9,False,False,False,2023-07-18T01:43:00+00:00,sci_sgps-l2-avg1m_g16_d20230718_v3-0-1.nc,e4f863b7940e10ea5f0315e9e2c3a2ac7562d38ca24d5c431290b449be318c82,3-0-1,9,False,False,False,0.0010077657608748695,0.00149678344375525,sep_20230716_0635:post_peak|sep_20230718_0115:pre_peak,151.6749954106748,0.013186089075426082,0,2,0,7665,4200,16,E
all_separate_directions_not_independent,60,main_loglog,reported,all,0.001,repeat_post_peak,above_level,log,3809,0.0007730082748116575,0.001949059062915309,0.0031625774715639903,0.006593044537713041,GOES-16 SGPS,0.006593044537713041,2023-07-18T01:42:00+00:00,sci_sgps-l2-avg1m_g16_d20230718_v3-0-1.nc,e4f863b7940e10ea5f0315e9e2c3a2ac7562d38ca24d5c431290b449be318c82,3-0-1,9,False,False,False,2023-07-18T01:43:00+00:00,sci_sgps-l2-avg1m_g16_d20230718_v3-0-1.nc,e4f863b7940e10ea5f0315e9e2c3a2ac7562d38ca24d5c431290b449be318c82,3-0-1,9,False,False,False,0.0010077657608748695,0.00149678344375525,sep_20230716_0635:post_peak|sep_20230718_0115:pre_peak,151.6749954106748,0.013186089075426082,0,2,0,7665,4200,16,E
all_separate_directions_not_independent,60,main_loglog,reported,all,0.001,repeat_post_peak,approach,H,3398,0.0009367977919567366,0.0024011107098465983,0.00393141037586896,0.009882610380157255,GOES-16 SGPS,0.009882610380157255,2024-02-11T02:09:00+00:00,sci_sgps-l2-avg1m_g16_d20240211_v3-0-2.nc,ea6eb5b16606450d37d4ab87b6631ed986afd9b3226602edd43f1554a514b5bc,3-0-2,12,True,False,False,2024-02-11T02:10:00+00:00,sci_sgps-l2-avg1m_g16_d20240211_v3-0-2.nc,ea6eb5b16606450d37d4ab87b6631ed986afd9b3226602edd43f1554a514b5bc,3-0-2,12,True,False,False,0.0006420646741345376,0.0012649357077109283,sep_20240209_1530:post_peak|sep_20240212_0805:pre_peak,101.18784020949005,0.01976522076031451,0,4,0,6091,2337,16,E
all_separate_directions_not_independent,60,main_loglog,reported,all,0.001,repeat_post_peak,approach,log,0,,,,,GOES-16 SGPS,,,,,,,,,,,,,,,,,,,,,,,0,0,0,6091,2337,16,E
all_separate_directions_not_independent,60,main_loglog,reported,all,0.001,repeat_post_peak,whole,H,7207,0.0008384519300827286,0.002173055952449996,0.0036159657321078484,0.009882610380157255,GOES-16 SGPS,0.009882610380157255,2024-02-11T02:09:00+00:00,sci_sgps-l2-avg1m_g16_d20240211_v3-0-2.nc,ea6eb5b16606450d37d4ab87b6631ed986afd9b3226602edd43f1554a514b5bc,3-0-2,12,True,False,False,2024-02-11T02:10:00+00:00,sci_sgps-l2-avg1m_g16_d20240211_v3-0-2.nc,ea6eb5b16606450d37d4ab87b6631ed986afd9b3226602edd43f1554a514b5bc,3-0-2,12,True,False,False,0.0006420646741345376,0.0012649357077109283,sep_20240209_1530:post_peak|sep_20240212_0805:pre_peak,101.18784020949005,0.01976522076031451,0,6,0,13756,6537,16,E
all_separate_directions_not_independent,60,main_loglog,reported,all,0.001,repeat_post_peak,whole,log,3809,0.0007730082748116575,0.001949059062915309,0.0031625774715639903,0.006593044537713041,GOES-16 SGPS,0.006593044537713041,2023-07-18T01:42:00+00:00,sci_sgps-l2-avg1m_g16_d20230718_v3-0-1.nc,e4f863b7940e10ea5f0315e9e2c3a2ac7562d38ca24d5c431290b449be318c82,3-0-1,9,False,False,False,2023-07-18T01:43:00+00:00,sci_sgps-l2-avg1m_g16_d20230718_v3-0-1.nc,e4f863b7940e10ea5f0315e9e2c3a2ac7562d38ca24d5c431290b449be318c82,3-0-1,9,False,False,False,0.0010077657608748695,0.00149678344375525,sep_20230716_0635:post_peak|sep_20230718_0115:pre_peak,151.6749954106748,0.013186089075426082,0,2,0,13756,6537,16,E
all_separate_directions_not_independent,60,main_loglog,reported,all,0.001,repeat_pre_peak,above_level,H,20384,0.0006398636253896917,0.0017434477019361125,0.003141268006501545,0.023585048836792813,GOES-19 SGPS,0.023585048836792813,2026-01-19T21:39:00+00:00,sci_sgps-l2-avg1m_g19_d20260119_v3-0-3.nc,eb1c6d9b1161c537d049264831e07f7eb7a9a4e8ebc27ab40782d765db7b3cab,3-0-3,6,True,False,False,2026-01-19T21:40:00+00:00,sci_sgps-l2-avg1m_g19_d20260119_v3-0-3.nc,eb1c6d9b1161c537d049264831e07f7eb7a9a4e8ebc27ab40782d765db7b3cab,3-0-3,6,True,False,False,0.005380922391949471,0.02215277427322045,sep_20260118_2255:post_peak,42.399742604729916,0.047170097673585626,1,27,0,40752,4848,19,W
all_separate_directions_not_independent,60,main_loglog,reported,all,0.001,repeat_pre_peak,above_level,log,20384,0.0006398636253896934,0.0017434477019361112,0.0031412680065015415,0.02358504883679281,GOES-19 SGPS,0.02358504883679281,2026-01-19T21:39:00+00:00,sci_sgps-l2-avg1m_g19_d20260119_v3-0-3.nc,eb1c6d9b1161c537d049264831e07f7eb7a9a4e8ebc27ab40782d765db7b3cab,3-0-3,6,True,False,False,2026-01-19T21:40:00+00:00,sci_sgps-l2-avg1m_g19_d20260119_v3-0-3.nc,eb1c6d9b1161c537d049264831e07f7eb7a9a4e8ebc27ab40782d765db7b3cab,3-0-3,6,True,False,False,0.005380922391949471,0.02215277427322045,sep_20260118_2255:post_peak,42.39974260472992,0.04717009767358562,1,27,0,40752,4848,19,W
all_separate_directions_not_independent,60,main_loglog,reported,all,0.001,repeat_pre_peak,approach,H,1426,0.001134411625606796,0.0025004626729497837,0.004127989525427588,0.00780979859804537,GOES-16 SGPS,0.00780979859804537,2023-07-18T03:07:00+00:00,sci_sgps-l2-avg1m_g16_d20230718_v3-0-1.nc,e4f863b7940e10ea5f0315e9e2c3a2ac7562d38ca24d5c431290b449be318c82,3-0-1,9,False,False,False,2023-07-18T03:08:00+00:00,sci_sgps-l2-avg1m_g16_d20230718_v3-0-1.nc,e4f863b7940e10ea5f0315e9e2c3a2ac7562d38ca24d5c431290b449be318c82,3-0-1,9,False,False,False,0.0009762615207374361,0.0015602552608413194,sep_20230716_0635:post_peak|sep_20230718_0115:pre_peak,128.04427507903713,0.01561959719609074,0,2,0,2331,203,16,W
all_separate_directions_not_independent,60,main_loglog,reported,all,0.001,repeat_pre_peak,approach,log,0,,,,,GOES-16 SGPS,,,,,,,,,,,,,,,,,,,,,,,0,0,0,2331,203,16,E
all_separate_directions_not_independent,60,main_loglog,reported,all,0.001,repeat_pre_peak,whole,H,21810,0.0006649624730425555,0.001813490742144672,0.0032877191131980444,0.023585048836792813,GOES-19 SGPS,0.023585048836792813,2026-01-19T21:39:00+00:00,sci_sgps-l2-avg1m_g19_d20260119_v3-0-3.nc,eb1c6d9b1161c537d049264831e07f7eb7a9a4e8ebc27ab40782d765db7b3cab,3-0-3,6,True,False,False,2026-01-19T21:40:00+00:00,sci_sgps-l2-avg1m_g19_d20260119_v3-0-3.nc,eb1c6d9b1161c537d049264831e07f7eb7a9a4e8ebc27ab40782d765db7b3cab,3-0-3,6,True,False,False,0.005380922391949471,0.02215277427322045,sep_20260118_2255:post_peak,42.399742604729916,0.047170097673585626,1,29,0,43083,5051,19,W
all_separate_directions_not_independent,60,main_loglog,reported,all,0.001,repeat_pre_peak,whole,log,20384,0.0006398636253896934,0.0017434477019361112,0.0031412680065015415,0.02358504883679281,GOES-19 SGPS,0.02358504883679281,2026-01-19T21:39:00+00:00,sci_sgps-l2-avg1m_g19_d20260119_v3-0-3.nc,eb1c6d9b1161c537d049264831e07f7eb7a9a4e8ebc27ab40782d765db7b3cab,3-0-3,6,True,False,False,2026-01-19T21:40:00+00:00,sci_sgps-l2-avg1m_g19_d20260119_v3-0-3.nc,eb1c6d9b1161c537d049264831e07f7eb7a9a4e8ebc27ab40782d765db7b3cab,3-0-3,6,True,False,False,0.005380922391949471,0.02215277427322045,sep_20260118_2255:post_peak,42.39974260472992,0.04717009767358562,1,27,0,43083,5051,19,W
all_separate_directions_not_independent,60,main_loglog,reported,all,0.001,unassigned_no_crossing,whole,H,500219,9.812406946838262e-05,0.0004876355691714779,0.0014620611884172726,0.007563135176985101,GOES-18 SGPS,0.007563135176985101,2024-10-29T10:26:00+00:00,sci_sgps-l2-avg1m_g18_d20241029_v3-0-2.nc,30dc2d0dfab586fb3969aea3281dd72daa8278cfb46718b7c4e71e4d22d3325c,3-0-2,6,False,False,False,2024-10-29T10:27:00+00:00,sci_sgps-l2-avg1m_g18_d20241029_v3-0-2.nc,30dc2d0dfab586fb3969aea3281dd72daa8278cfb46718b7c4e71e4d22d3325c,3-0-2,6,True,False,False,0.0,0.00045378811061910605,sep_20241026_1910:post_peak,132.2202997300692,0.015126270353970203,0,4,0,1003823,9267,18,E
all_separate_directions_not_independent,60,main_loglog,reported,all,0.001,unassigned_no_crossing,whole,log,2808,0.0006227237028773732,0.001662836253828727,0.002969505329523132,0.006594896247009835,GOES-18 SGPS,0.006594896247009835,2025-11-12T19:15:00+00:00,sci_sgps-l2-avg1m_g18_d20251112_v3-0-2.nc,74436f8342e7404d5982b3c61f7ae4788082d691a3c7683836013d66f427d9ab,3-0-2,12,True,False,False,2025-11-12T19:16:00+00:00,sci_sgps-l2-avg1m_g18_d20251112_v3-0-2.nc,74436f8342e7404d5982b3c61f7ae4788082d691a3c7683836013d66f427d9ab,3-0-2,12,True,False,False,0.007064551909215663,0.010493786970283296,sep_20251111_0945:post_peak|sep_20251114_0920:pre_peak,151.6324082359,0.01318979249401967,0,1,0,1003823,9267,18,E
all_separate_directions_not_independent,60,main_loglog,reported,all,0.01,all_retained,above_level,H,2951,0.000351225254911669,0.0010688293182218385,0.0033370350729884073,0.01460587432958047,GOES-18 SGPS,0.01460587432958047,2026-01-19T21:08:00+00:00,sci_sgps-l2-avg1m_g18_d20260119_v3-0-3.nc,8b2ca91b906ccc5d91274b14cf976314b3b61f5f4b7286d0166f52a6b5573740,3-0-3,15,True,False,False,2026-01-19T21:09:00+00:00,sci_sgps-l2-avg1m_g18_d20260119_v3-0-3.nc,8b2ca91b906ccc5d91274b14cf976314b3b61f5f4b7286d0166f52a6b5573740,3-0-3,15,True,False,False,0.035716117691922976,0.08579446746371915,sep_20260118_2255:post_peak,68.46560345755921,0.02921174865916094,0,9,0,5894,0,18,W
all_separate_directions_not_independent,60,main_loglog,reported,all,0.01,all_retained,above_level,log,2951,0.0003512252549116695,0.0010688293182218415,0.003337035072988398,0.014605874329580477,GOES-18 SGPS,0.014605874329580477,2026-01-19T21:08:00+00:00,sci_sgps-l2-avg1m_g18_d20260119_v3-0-3.nc,8b2ca91b906ccc5d91274b14cf976314b3b61f5f4b7286d0166f52a6b5573740,3-0-3,15,True,False,False,2026-01-19T21:09:00+00:00,sci_sgps-l2-avg1m_g18_d20260119_v3-0-3.nc,8b2ca91b906ccc5d91274b14cf976314b3b61f5f4b7286d0166f52a6b5573740,3-0-3,15,True,False,False,0.035716117691922976,0.08579446746371915,sep_20260118_2255:post_peak,68.46560345755918,0.029211748659160954,0,9,0,5894,0,18,W
all_separate_directions_not_independent,60,main_loglog,reported,all,0.01,all_retained,approach,H,9723,0.00013838761950512788,0.0005531749758319119,0.0013273297297568649,0.020954756763573855,GOES-19 SGPS,0.020954756763573855,2026-01-19T21:39:00+00:00,sci_sgps-l2-avg1m_g19_d20260119_v3-0-3.nc,eb1c6d9b1161c537d049264831e07f7eb7a9a4e8ebc27ab40782d765db7b3cab,3-0-3,6,True,False,False,2026-01-19T21:40:00+00:00,sci_sgps-l2-avg1m_g19_d20260119_v3-0-3.nc,eb1c6d9b1161c537d049264831e07f7eb7a9a4e8ebc27ab40782d765db7b3cab,3-0-3,6,True,False,False,0.005380922391949471,0.02215277427322045,sep_20260118_2255:post_peak,47.72186149821235,0.04190951352714771,1,11,0,18799,1649,19,W
all_separate_directions_not_independent,60,main_loglog,reported,all,0.01,all_retained,approach,log,0,,,,,GOES-16 SGPS,,,,,,,,,,,,,,,,,,,,,,,0,0,0,18799,1649,16,E
all_separate_directions_not_independent,60,main_loglog,reported,all,0.01,all_retained,whole,H,560896,1.1539681098122474e-05,8.17790675127857e-05,0.00041750963999961937,0.020954756763573855,GOES-19 SGPS,0.020954756763573855,2026-01-19T21:39:00+00:00,sci_sgps-l2-avg1m_g19_d20260119_v3-0-3.nc,eb1c6d9b1161c537d049264831e07f7eb7a9a4e8ebc27ab40782d765db7b3cab,3-0-3,6,True,False,False,2026-01-19T21:40:00+00:00,sci_sgps-l2-avg1m_g19_d20260119_v3-0-3.nc,eb1c6d9b1161c537d049264831e07f7eb7a9a4e8ebc27ab40782d765db7b3cab,3-0-3,6,True,False,False,0.005380922391949471,0.02215277427322045,sep_20260118_2255:post_peak,47.72186149821235,0.04190951352714771,1,23,0,1122658,1649,19,W
all_separate_directions_not_independent,60,main_loglog,reported,all,0.01,all_retained,whole,log,2951,0.0003512252549116695,0.0010688293182218415,0.003337035072988398,0.014605874329580477,GOES-18 SGPS,0.014605874329580477,2026-01-19T21:08:00+00:00,sci_sgps-l2-avg1m_g18_d20260119_v3-0-3.nc,8b2ca91b906ccc5d91274b14cf976314b3b61f5f4b7286d0166f52a6b5573740,3-0-3,15,True,False,False,2026-01-19T21:09:00+00:00,sci_sgps-l2-avg1m_g18_d20260119_v3-0-3.nc,8b2ca91b906ccc5d91274b14cf976314b3b61f5f4b7286d0166f52a6b5573740,3-0-3,15,True,False,False,0.035716117691922976,0.08579446746371915,sep_20260118_2255:post_peak,68.46560345755918,0.029211748659160954,0,9,0,1122658,1649,18,W
all_separate_directions_not_independent,60,main_loglog,reported,all,0.01,censored_first,above_level,H,611,0.00027778312267717395,0.0007547893511498686,0.0014255434132964151,0.0027996415950021967,GOES-19 SGPS,0.0027996415950021967,2025-11-12T00:35:00+00:00,sci_sgps-l2-avg1m_g19_d20251112_v3-0-2.nc,655c180cf8980136ed0e7ecf1324acd12684f5e1313e430d74212d44576b2c51,3-0-2,0,True,False,False,2025-11-12T00:36:00+00:00,sci_sgps-l2-avg1m_g19_d20251112_v3-0-2.nc,655c180cf8980136ed0e7ecf1324acd12684f5e1313e430d74212d44576b2c51,3-0-2,0,True,False,False,0.011897433197346215,0.014073606655565644,sep_20251110_1125:post_peak|sep_20251111_0945:pre_peak,357.18857791838724,0.005599283190004393,0,0,0,1224,0,19,W
all_separate_directions_not_independent,60,main_loglog,reported,all,0.01,censored_first,above_level,log,611,0.00027778312267717157,0.0007547893511498726,0.001425543413296415,0.0027996415950021984,GOES-19 SGPS,0.0027996415950021984,2025-11-12T00:35:00+00:00,sci_sgps-l2-avg1m_g19_d20251112_v3-0-2.nc,655c180cf8980136ed0e7ecf1324acd12684f5e1313e430d74212d44576b2c51,3-0-2,0,True,False,False,2025-11-12T00:36:00+00:00,sci_sgps-l2-avg1m_g19_d20251112_v3-0-2.nc,655c180cf8980136ed0e7ecf1324acd12684f5e1313e430d74212d44576b2c51,3-0-2,0,True,False,False,0.011897433197346215,0.014073606655565644,sep_20251110_1125:post_peak|sep_20251111_0945:pre_peak,357.188577918387,0.005599283190004397,0,0,0,1224,0,19,W
all_separate_directions_not_independent,60,main_loglog,reported,all,0.01,censored_first,approach,H,3222,5.254061576957164e-05,0.00038204747922466,0.0010030276480858865,0.0062923611475003615,GOES-18 SGPS,0.0062923611475003615,2025-11-12T00:31:00+00:00,sci_sgps-l2-avg1m_g18_d20251112_v3-0-2.nc,74436f8342e7404d5982b3c61f7ae4788082d691a3c7683836013d66f427d9ab,3-0-2,12,True,False,False,2025-11-12T00:32:00+00:00,sci_sgps-l2-avg1m_g18_d20251112_v3-0-2.nc,74436f8342e7404d5982b3c61f7ae4788082d691a3c7683836013d66f427d9ab,3-0-2,12,True,False,False,0.00824752167403169,0.012242076718630732,sep_20251110_1125:post_peak|sep_20251111_0945:pre_peak,158.9228552778236,0.012584722295000723,0,1,0,6282,0,18,E
all_separate_directions_not_independent,60,main_loglog,reported,all,0.01,censored_first,approach,log,0,,,,,GOES-18 SGPS,,,,,,,,,,,,,,,,,,,,,,,0,0,0,6282,0,18,E
all_separate_directions_not_independent,60,main_loglog,reported,all,0.01,censored_first,whole,H,3833,7.234731374492857e-05,0.0004841446506352552,0.0011775281667431472,0.0062923611475003615,GOES-18 SGPS,0.0062923611475003615,2025-11-12T00:31:00+00:00,sci_sgps-l2-avg1m_g18_d20251112_v3-0-2.nc,74436f8342e7404d5982b3c61f7ae4788082d691a3c7683836013d66f427d9ab,3-0-2,12,True,False,False,2025-11-12T00:32:00+00:00,sci_sgps-l2-avg1m_g18_d20251112_v3-0-2.nc,74436f8342e7404d5982b3c61f7ae4788082d691a3c7683836013d66f427d9ab,3-0-2,12,True,False,False,0.00824752167403169,0.012242076718630732,sep_20251110_1125:post_peak|sep_20251111_0945:pre_peak,158.9228552778236,0.012584722295000723,0,1,0,7506,0,18,E
all_separate_directions_not_independent,60,main_loglog,reported,all,0.01,censored_first,whole,log,611,0.00027778312267717157,0.0007547893511498726,0.001425543413296415,0.0027996415950021984,GOES-19 SGPS,0.0027996415950021984,2025-11-12T00:35:00+00:00,sci_sgps-l2-avg1m_g19_d20251112_v3-0-2.nc,655c180cf8980136ed0e7ecf1324acd12684f5e1313e430d74212d44576b2c51,3-0-2,0,True,False,False,2025-11-12T00:36:00+00:00,sci_sgps-l2-avg1m_g19_d20251112_v3-0-2.nc,655c180cf8980136ed0e7ecf1324acd12684f5e1313e430d74212d44576b2c51,3-0-2,0,True,False,False,0.011897433197346215,0.014073606655565644,sep_20251110_1125:post_peak|sep_20251111_0945:pre_peak,357.188577918387,0.005599283190004397,0,0,0,7506,0,19,W
all_separate_directions_not_independent,60,main_loglog,reported,all,0.01,censored_repeat,above_level,H,324,0.00026128262492277065,0.0009218866027724215,0.0022373580133498733,0.004819498807244989,GOES-18 SGPS,0.004819498807244989,2026-01-19T21:48:00+00:00,sci_sgps-l2-avg1m_g18_d20260119_v3-0-3.nc,8b2ca91b906ccc5d91274b14cf976314b3b61f5f4b7286d0166f52a6b5573740,3-0-3,15,True,False,False,2026-01-19T21:49:00+00:00,sci_sgps-l2-avg1m_g18_d20260119_v3-0-3.nc,8b2ca91b906ccc5d91274b14cf976314b3b61f5f4b7286d0166f52a6b5573740,3-0-3,15,True,False,False,0.011642467727928279,0.015546403914855875,sep_20260118_2255:post_peak,207.49045491965555,0.009638997614489978,0,0,0,652,0,18,E
all_separate_directions_not_independent,60,main_loglog,reported,all,0.01,censored_repeat,above_level,log,324,0.0002612826249227713,0.000921886602772418,0.0022373580133498703,0.004819498807244991,GOES-18 SGPS,0.004819498807244991,2026-01-19T21:48:00+00:00,sci_sgps-l2-avg1m_g18_d20260119_v3-0-3.nc,8b2ca91b906ccc5d91274b14cf976314b3b61f5f4b7286d0166f52a6b5573740,3-0-3,15,True,False,False,2026-01-19T21:49:00+00:00,sci_sgps-l2-avg1m_g18_d20260119_v3-0-3.nc,8b2ca91b906ccc5d91274b14cf976314b3b61f5f4b7286d0166f52a6b5573740,3-0-3,15,True,False,False,0.011642467727928279,0.015546403914855875,sep_20260118_2255:post_peak,207.49045491965546,0.009638997614489981,0,0,0,652,0,18,E
all_separate_directions_not_independent,60,main_loglog,reported,all,0.01,censored_repeat,approach,H,2415,0.00026906276221073667,0.0007063144583102499,0.001506188948906824,0.012953847953680946,GOES-18 SGPS,0.012953847953680946,2026-01-19T21:40:00+00:00,sci_sgps-l2-avg1m_g18_d20260119_v3-0-3.nc,8b2ca91b906ccc5d91274b14cf976314b3b61f5f4b7286d0166f52a6b5573740,3-0-3,15,True,False,False,2026-01-19T21:41:00+00:00,sci_sgps-l2-avg1m_g18_d20260119_v3-0-3.nc,8b2ca91b906ccc5d91274b14cf976314b3b61f5f4b7286d0166f52a6b5573740,3-0-3,15,True,False,False,0.003633719598125959,0.01150967435555727,sep_20260118_2255:post_peak,77.19713891777165,0.025907695907361892,0,7,0,4813,1649,18,E
all_separate_directions_not_independent,60,main_loglog,reported,all,0.01,censored_repeat,approach,log,0,,,,,GOES-18 SGPS,,,,,,,,,,,,,,,,,,,,,,,0,0,0,4813,1649,18,E
all_separate_directions_not_independent,60,main_loglog,reported,all,0.01,censored_repeat,whole,H,2739,0.000268312899084346,0.0007351992173827446,0.0017144691071545994,0.012953847953680946,GOES-18 SGPS,0.012953847953680946,2026-01-19T21:40:00+00:00,sci_sgps-l2-avg1m_g18_d20260119_v3-0-3.nc,8b2ca91b906ccc5d91274b14cf976314b3b61f5f4b7286d0166f52a6b5573740,3-0-3,15,True,False,False,2026-01-19T21:41:00+00:00,sci_sgps-l2-avg1m_g18_d20260119_v3-0-3.nc,8b2ca91b906ccc5d91274b14cf976314b3b61f5f4b7286d0166f52a6b5573740,3-0-3,15,True,False,False,0.003633719598125959,0.01150967435555727,sep_20260118_2255:post_peak,77.19713891777165,0.025907695907361892,0,7,0,5465,1649,18,E
all_separate_directions_not_independent,60,main_loglog,reported,all,0.01,censored_repeat,whole,log,324,0.0002612826249227713,0.000921886602772418,0.0022373580133498703,0.004819498807244991,GOES-18 SGPS,0.004819498807244991,2026-01-19T21:48:00+00:00,sci_sgps-l2-avg1m_g18_d20260119_v3-0-3.nc,8b2ca91b906ccc5d91274b14cf976314b3b61f5f4b7286d0166f52a6b5573740,3-0-3,15,True,False,False,2026-01-19T21:49:00+00:00,sci_sgps-l2-avg1m_g18_d20260119_v3-0-3.nc,8b2ca91b906ccc5d91274b14cf976314b3b61f5f4b7286d0166f52a6b5573740,3-0-3,15,True,False,False,0.011642467727928279,0.015546403914855875,sep_20260118_2255:post_peak,207.49045491965546,0.009638997614489981,0,0,0,5465,1649,18,E
all_separate_directions_not_independent,60,main_loglog,reported,all,0.01,confirmed_entry,above_level,H,546,0.00031631784651819375,0.0008549067824928702,0.0015975772082286724,0.002937813573769358,GOES-18 SGPS,0.002937813573769358,2024-06-08T06:44:00+00:00,sci_sgps-l2-avg1m_g18_d20240608_v3-0-2.nc,f7081199575bccee4471c251c84ed4be735629e2c60af0e027439ad9da4d604d,3-0-2,6,True,False,False,2024-06-08T06:45:00+00:00,sci_sgps-l2-avg1m_g18_d20240608_v3-0-2.nc,f7081199575bccee4471c251c84ed4be735629e2c60af0e027439ad9da4d604d,3-0-2,6,True,False,False,0.016280342438583645,0.019418519208190797,sep_20240608_0255:pre_peak,340.3891958729537,0.005875627147538716,0,0,0,1145,0,18,W
all_separate_directions_not_independent,60,main_loglog,reported,all,0.01,confirmed_entry,above_level,log,546,0.0003163178465181933,0.0008549067824928675,0.0015975772082286693,0.002937813573769356,GOES-18 SGPS,0.002937813573769356,2024-06-08T06:44:00+00:00,sci_sgps-l2-avg1m_g18_d20240608_v3-0-2.nc,f7081199575bccee4471c251c84ed4be735629e2c60af0e027439ad9da4d604d,3-0-2,6,True,False,False,2024-06-08T06:45:00+00:00,sci_sgps-l2-avg1m_g18_d20240608_v3-0-2.nc,f7081199575bccee4471c251c84ed4be735629e2c60af0e027439ad9da4d604d,3-0-2,6,True,False,False,0.016280342438583645,0.019418519208190797,sep_20240608_0255:pre_peak,340.3891958729539,0.005875627147538712,0,0,0,1145,0,18,W
all_separate_directions_not_independent,60,main_loglog,reported,all,0.01,confirmed_entry,approach,H,3788,0.0001294002399277633,0.00044286641221651064,0.0010733754221565856,0.00981858497465513,GOES-18 SGPS,0.00981858497465513,2024-10-10T15:14:00+00:00,sci_sgps-l2-avg1m_g18_d20241010_v3-0-2.nc,176fdaf534aa233220fe8fa99072838d157bfb44d4e55490e6fd47c3b88cc36a,3-0-2,6,True,False,False,2024-10-10T15:15:00+00:00,sci_sgps-l2-avg1m_g18_d20241010_v3-0-2.nc,176fdaf534aa233220fe8fa99072838d157bfb44d4e55490e6fd47c3b88cc36a,3-0-2,6,True,False,False,0.004726253441942158,0.010636862213428385,sep_20241009_0505:pre_peak,101.8476697590657,0.01963716994931026,0,1,0,7163,0,18,E
all_separate_directions_not_independent,60,main_loglog,reported,all,0.01,confirmed_entry,approach,log,0,,,,,GOES-16 SGPS,,,,,,,,,,,,,,,,,,,,,,,0,0,0,7163,0,16,E
all_separate_directions_not_independent,60,main_loglog,reported,all,0.01,confirmed_entry,whole,H,4334,0.00014471362936460094,0.0005080858637814293,0.0012326351661721482,0.00981858497465513,GOES-18 SGPS,0.00981858497465513,2024-10-10T15:14:00+00:00,sci_sgps-l2-avg1m_g18_d20241010_v3-0-2.nc,176fdaf534aa233220fe8fa99072838d157bfb44d4e55490e6fd47c3b88cc36a,3-0-2,6,True,False,False,2024-10-10T15:15:00+00:00,sci_sgps-l2-avg1m_g18_d20241010_v3-0-2.nc,176fdaf534aa233220fe8fa99072838d157bfb44d4e55490e6fd47c3b88cc36a,3-0-2,6,True,False,False,0.004726253441942158,0.010636862213428385,sep_20241009_0505:pre_peak,101.8476697590657,0.01963716994931026,0,1,0,8308,0,18,E
all_separate_directions_not_independent,60,main_loglog,reported,all,0.01,confirmed_entry,whole,log,546,0.0003163178465181933,0.0008549067824928675,0.0015975772082286693,0.002937813573769356,GOES-18 SGPS,0.002937813573769356,2024-06-08T06:44:00+00:00,sci_sgps-l2-avg1m_g18_d20240608_v3-0-2.nc,f7081199575bccee4471c251c84ed4be735629e2c60af0e027439ad9da4d604d,3-0-2,6,True,False,False,2024-06-08T06:45:00+00:00,sci_sgps-l2-avg1m_g18_d20240608_v3-0-2.nc,f7081199575bccee4471c251c84ed4be735629e2c60af0e027439ad9da4d604d,3-0-2,6,True,False,False,0.016280342438583645,0.019418519208190797,sep_20240608_0255:pre_peak,340.3891958729539,0.005875627147538712,0,0,0,8308,0,18,W
all_separate_directions_not_independent,60,main_loglog,reported,all,0.01,repeat_post_peak,above_level,H,20,0.00041786089208317907,0.0014442382720325111,0.009059069248395278,0.009940014249052704,GOES-19 SGPS,0.009940014249052704,2026-01-19T21:46:00+00:00,sci_sgps-l2-avg1m_g19_d20260119_v3-0-3.nc,eb1c6d9b1161c537d049264831e07f7eb7a9a4e8ebc27ab40782d765db7b3cab,3-0-3,6,True,False,False,2026-01-19T21:47:00+00:00,sci_sgps-l2-avg1m_g19_d20260119_v3-0-3.nc,eb1c6d9b1161c537d049264831e07f7eb7a9a4e8ebc27ab40782d765db7b3cab,3-0-3,6,True,False,False,0.013037135786577874,0.023669865448764375,sep_20260118_2255:post_peak,100.60347751466264,0.01988002849810541,0,1,0,63,0,19,W
all_separate_directions_not_independent,60,main_loglog,reported,all,0.01,repeat_post_peak,above_level,log,20,0.00041786089208317755,0.0014442382720325111,0.009059069248395276,0.009940014249052704,GOES-19 SGPS,0.009940014249052704,2026-01-19T21:46:00+00:00,sci_sgps-l2-avg1m_g19_d20260119_v3-0-3.nc,eb1c6d9b1161c537d049264831e07f7eb7a9a4e8ebc27ab40782d765db7b3cab,3-0-3,6,True,False,False,2026-01-19T21:47:00+00:00,sci_sgps-l2-avg1m_g19_d20260119_v3-0-3.nc,eb1c6d9b1161c537d049264831e07f7eb7a9a4e8ebc27ab40782d765db7b3cab,3-0-3,6,True,False,False,0.013037135786577874,0.023669865448764375,sep_20260118_2255:post_peak,100.60347751466264,0.01988002849810541,0,1,0,63,0,19,W
all_separate_directions_not_independent,60,main_loglog,reported,all,0.01,repeat_post_peak,approach,H,39,0.0005425479687638623,0.0019738495096490363,0.018467213174947712,0.020954756763573855,GOES-19 SGPS,0.020954756763573855,2026-01-19T21:39:00+00:00,sci_sgps-l2-avg1m_g19_d20260119_v3-0-3.nc,eb1c6d9b1161c537d049264831e07f7eb7a9a4e8ebc27ab40782d765db7b3cab,3-0-3,6,True,False,False,2026-01-19T21:40:00+00:00,sci_sgps-l2-avg1m_g19_d20260119_v3-0-3.nc,eb1c6d9b1161c537d049264831e07f7eb7a9a4e8ebc27ab40782d765db7b3cab,3-0-3,6,True,False,False,0.005380922391949471,0.02215277427322045,sep_20260118_2255:post_peak,47.72186149821235,0.04190951352714771,1,2,0,57,0,19,W
all_separate_directions_not_independent,60,main_loglog,reported,all,0.01,repeat_post_peak,approach,log,0,,,,,GOES-16 SGPS,,,,,,,,,,,,,,,,,,,,,,,0,0,0,57,0,16,E
all_separate_directions_not_independent,60,main_loglog,reported,all,0.01,repeat_post_peak,whole,H,59,0.0004805777721387942,0.0019738495096490363,0.017157979707249776,0.020954756763573855,GOES-19 SGPS,0.020954756763573855,2026-01-19T21:39:00+00:00,sci_sgps-l2-avg1m_g19_d20260119_v3-0-3.nc,eb1c6d9b1161c537d049264831e07f7eb7a9a4e8ebc27ab40782d765db7b3cab,3-0-3,6,True,False,False,2026-01-19T21:40:00+00:00,sci_sgps-l2-avg1m_g19_d20260119_v3-0-3.nc,eb1c6d9b1161c537d049264831e07f7eb7a9a4e8ebc27ab40782d765db7b3cab,3-0-3,6,True,False,False,0.005380922391949471,0.02215277427322045,sep_20260118_2255:post_peak,47.72186149821235,0.04190951352714771,1,3,0,120,0,19,W
all_separate_directions_not_independent,60,main_loglog,reported,all,0.01,repeat_post_peak,whole,log,20,0.00041786089208317755,0.0014442382720325111,0.009059069248395276,0.009940014249052704,GOES-19 SGPS,0.009940014249052704,2026-01-19T21:46:00+00:00,sci_sgps-l2-avg1m_g19_d20260119_v3-0-3.nc,eb1c6d9b1161c537d049264831e07f7eb7a9a4e8ebc27ab40782d765db7b3cab,3-0-3,6,True,False,False,2026-01-19T21:47:00+00:00,sci_sgps-l2-avg1m_g19_d20260119_v3-0-3.nc,eb1c6d9b1161c537d049264831e07f7eb7a9a4e8ebc27ab40782d765db7b3cab,3-0-3,6,True,False,False,0.013037135786577874,0.023669865448764375,sep_20260118_2255:post_peak,100.60347751466264,0.01988002849810541,0,1,0,120,0,19,W
all_separate_directions_not_independent,60,main_loglog,reported,all,0.01,repeat_pre_peak,above_level,H,1450,0.00042069276652590597,0.0013230669302537997,0.003990011146965595,0.01460587432958047,GOES-18 SGPS,0.01460587432958047,2026-01-19T21:08:00+00:00,sci_sgps-l2-avg1m_g18_d20260119_v3-0-3.nc,8b2ca91b906ccc5d91274b14cf976314b3b61f5f4b7286d0166f52a6b5573740,3-0-3,15,True,False,False,2026-01-19T21:09:00+00:00,sci_sgps-l2-avg1m_g18_d20260119_v3-0-3.nc,8b2ca91b906ccc5d91274b14cf976314b3b61f5f4b7286d0166f52a6b5573740,3-0-3,15,True,False,False,0.035716117691922976,0.08579446746371915,sep_20260118_2255:post_peak,68.46560345755921,0.02921174865916094,0,8,0,2810,0,18,W
all_separate_directions_not_independent,60,main_loglog,reported,all,0.01,repeat_pre_peak,above_level,log,1450,0.00042069276652590294,0.0013230669302538027,0.0039900111469655985,0.014605874329580477,GOES-18 SGPS,0.014605874329580477,2026-01-19T21:08:00+00:00,sci_sgps-l2-avg1m_g18_d20260119_v3-0-3.nc,8b2ca91b906ccc5d91274b14cf976314b3b61f5f4b7286d0166f52a6b5573740,3-0-3,15,True,False,False,2026-01-19T21:09:00+00:00,sci_sgps-l2-avg1m_g18_d20260119_v3-0-3.nc,8b2ca91b906ccc5d91274b14cf976314b3b61f5f4b7286d0166f52a6b5573740,3-0-3,15,True,False,False,0.035716117691922976,0.08579446746371915,sep_20260118_2255:post_peak,68.46560345755918,0.029211748659160954,0,8,0,2810,0,18,W
all_separate_directions_not_independent,60,main_loglog,reported,all,0.01,repeat_pre_peak,approach,H,259,0.0003990146900046232,0.0012757957218709282,0.002923184744622113,0.003566491013540681,GOES-18 SGPS,0.003566491013540681,2024-03-23T16:15:00+00:00,sci_sgps-l2-avg1m_g18_d20240323_v3-0-2.nc,99bf82c4cad1772481b290be0a9e038955c1e92cf3f101acf8a0a97f25faad2d,3-0-2,6,True,False,False,2024-03-23T16:16:00+00:00,sci_sgps-l2-avg1m_g18_d20240323_v3-0-2.nc,99bf82c4cad1772481b290be0a9e038955c1e92cf3f101acf8a0a97f25faad2d,3-0-2,6,True,False,False,0.0061509066295888535,0.008290801237713263,sep_20240323_0815:pre_peak,280.3876404576264,0.007132982027081362,0,0,0,484,0,18,W
all_separate_directions_not_independent,60,main_loglog,reported,all,0.01,repeat_pre_peak,approach,log,0,,,,,GOES-16 SGPS,,,,,,,,,,,,,,,,,,,,,,,0,0,0,484,0,16,W
all_separate_directions_not_independent,60,main_loglog,reported,all,0.01,repeat_pre_peak,whole,H,1709,0.00041656235747139134,0.0013158499845558104,0.003720154357807773,0.01460587432958047,GOES-18 SGPS,0.01460587432958047,2026-01-19T21:08:00+00:00,sci_sgps-l2-avg1m_g18_d20260119_v3-0-3.nc,8b2ca91b906ccc5d91274b14cf976314b3b61f5f4b7286d0166f52a6b5573740,3-0-3,15,True,False,False,2026-01-19T21:09:00+00:00,sci_sgps-l2-avg1m_g18_d20260119_v3-0-3.nc,8b2ca91b906ccc5d91274b14cf976314b3b61f5f4b7286d0166f52a6b5573740,3-0-3,15,True,False,False,0.035716117691922976,0.08579446746371915,sep_20260118_2255:post_peak,68.46560345755921,0.02921174865916094,0,8,0,3294,0,18,W
all_separate_directions_not_independent,60,main_loglog,reported,all,0.01,repeat_pre_peak,whole,log,1450,0.00042069276652590294,0.0013230669302538027,0.0039900111469655985,0.014605874329580477,GOES-18 SGPS,0.014605874329580477,2026-01-19T21:08:00+00:00,sci_sgps-l2-avg1m_g18_d20260119_v3-0-3.nc,8b2ca91b906ccc5d91274b14cf976314b3b61f5f4b7286d0166f52a6b5573740,3-0-3,15,True,False,False,2026-01-19T21:09:00+00:00,sci_sgps-l2-avg1m_g18_d20260119_v3-0-3.nc,8b2ca91b906ccc5d91274b14cf976314b3b61f5f4b7286d0166f52a6b5573740,3-0-3,15,True,False,False,0.035716117691922976,0.08579446746371915,sep_20260118_2255:post_peak,68.46560345755918,0.029211748659160954,0,8,0,3294,0,18,W
all_separate_directions_not_independent,60,main_loglog,reported,all,0.01,unassigned_no_crossing,whole,H,549027,1.1153498755970457e-05,7.278631697334906e-05,0.0003308599352470392,0.0077350511074534,GOES-16 SGPS,0.0077350511074534,2024-10-10T15:14:00+00:00,sci_sgps-l2-avg1m_g16_d20241010_v3-0-2.nc,fbf7bd2cfc1dc3ff5e5bb18d2ed9fc690e1ff8c83a6e402050e89cb6c3b04206,3-0-2,12,True,False,False,2024-10-10T15:15:00+00:00,sci_sgps-l2-avg1m_g16_d20241010_v3-0-2.nc,fbf7bd2cfc1dc3ff5e5bb18d2ed9fc690e1ff8c83a6e402050e89cb6c3b04206,3-0-2,12,True,False,False,0.004669002215946968,0.009310032880419008,sep_20241009_0505:pre_peak,129.2816280213601,0.0154701022149068,0,3,0,1099614,1649,16,E
all_separate_directions_not_independent,60,main_loglog,reported,all,0.01,unassigned_no_crossing,whole,log,0,,,,,GOES-16 SGPS,,,,,,,,,,,,,,,,,,,,,,,0,0,0,1099614,1649,16,E
all_separate_directions_not_independent,60,main_loglog,reported,all,0.1,all_retained,above_level,H,239,0.0005435068670333017,0.0020953987510255244,0.003990531231091902,0.008774289048171003,GOES-18 SGPS,0.008774289048171003,2026-01-19T19:16:00+00:00,sci_sgps-l2-avg1m_g18_d20260119_v3-0-3.nc,8b2ca91b906ccc5d91274b14cf976314b3b61f5f4b7286d0166f52a6b5573740,3-0-3,15,True,False,False,2026-01-19T19:17:00+00:00,sci_sgps-l2-avg1m_g18_d20260119_v3-0-3.nc,8b2ca91b906ccc5d91274b14cf976314b3b61f5f4b7286d0166f52a6b5573740,3-0-3,15,True,False,False,0.13896201434282937,0.23525216009871971,sep_20260118_2255:post_peak,113.96934777393156,0.017548578096342006,0,2,0,482,0,18,E
all_separate_directions_not_independent,60,main_loglog,reported,all,0.1,all_retained,above_level,log,239,0.0005435068670333009,0.0020953987510255218,0.003990531231091903,0.008774289048170996,GOES-18 SGPS,0.008774289048170996,2026-01-19T19:16:00+00:00,sci_sgps-l2-avg1m_g18_d20260119_v3-0-3.nc,8b2ca91b906ccc5d91274b14cf976314b3b61f5f4b7286d0166f52a6b5573740,3-0-3,15,True,False,False,2026-01-19T19:17:00+00:00,sci_sgps-l2-avg1m_g18_d20260119_v3-0-3.nc,8b2ca91b906ccc5d91274b14cf976314b3b61f5f4b7286d0166f52a6b5573740,3-0-3,15,True,False,False,0.13896201434282937,0.23525216009871971,sep_20260118_2255:post_peak,113.96934777393166,0.017548578096341992,0,2,0,482,0,18,E
all_separate_directions_not_independent,60,main_loglog,reported,all,0.1,all_retained,approach,H,2569,2.1982327859975416e-05,0.0001905466275284274,0.000919543720029386,0.004494616376916497,GOES-19 SGPS,0.004494616376916497,2026-01-19T21:05:00+00:00,sci_sgps-l2-avg1m_g19_d20260119_v3-0-3.nc,eb1c6d9b1161c537d049264831e07f7eb7a9a4e8ebc27ab40782d765db7b3cab,3-0-3,6,True,False,False,2026-01-19T21:06:00+00:00,sci_sgps-l2-avg1m_g19_d20260119_v3-0-3.nc,eb1c6d9b1161c537d049264831e07f7eb7a9a4e8ebc27ab40782d765db7b3cab,3-0-3,6,True,False,False,0.058615850709671576,0.08558354897117056,sep_20260118_2255:post_peak,222.48839859521973,0.008989232753832994,0,0,0,4803,0,19,E
all_separate_directions_not_independent,60,main_loglog,reported,all,0.1,all_retained,approach,log,0,,,,,GOES-18 SGPS,,,,,,,,,,,,,,,,,,,,,,,0,0,0,4803,0,18,E
all_separate_directions_not_independent,60,main_loglog,reported,all,0.1,all_retained,whole,H,560896,1.1542411707887863e-06,8.204444994183642e-06,4.480572864291324e-05,0.008774289048171003,GOES-18 SGPS,0.008774289048171003,2026-01-19T19:16:00+00:00,sci_sgps-l2-avg1m_g18_d20260119_v3-0-3.nc,8b2ca91b906ccc5d91274b14cf976314b3b61f5f4b7286d0166f52a6b5573740,3-0-3,15,True,False,False,2026-01-19T19:17:00+00:00,sci_sgps-l2-avg1m_g18_d20260119_v3-0-3.nc,8b2ca91b906ccc5d91274b14cf976314b3b61f5f4b7286d0166f52a6b5573740,3-0-3,15,True,False,False,0.13896201434282937,0.23525216009871971,sep_20260118_2255:post_peak,113.96934777393156,0.017548578096342006,0,4,0,1122658,0,18,E
all_separate_directions_not_independent,60,main_loglog,reported,all,0.1,all_retained,whole,log,239,0.0005435068670333009,0.0020953987510255218,0.003990531231091903,0.008774289048170996,GOES-18 SGPS,0.008774289048170996,2026-01-19T19:16:00+00:00,sci_sgps-l2-avg1m_g18_d20260119_v3-0-3.nc,8b2ca91b906ccc5d91274b14cf976314b3b61f5f4b7286d0166f52a6b5573740,3-0-3,15,True,False,False,2026-01-19T19:17:00+00:00,sci_sgps-l2-avg1m_g18_d20260119_v3-0-3.nc,8b2ca91b906ccc5d91274b14cf976314b3b61f5f4b7286d0166f52a6b5573740,3-0-3,15,True,False,False,0.13896201434282937,0.23525216009871971,sep_20260118_2255:post_peak,113.96934777393166,0.017548578096341992,0,2,0,1122658,0,18,E
all_separate_directions_not_independent,60,main_loglog,reported,all,0.1,confirmed_entry,above_level,H,180,0.0005378681112774971,0.001949931609762197,0.0035886162035984564,0.008774289048171003,GOES-18 SGPS,0.008774289048171003,2026-01-19T19:16:00+00:00,sci_sgps-l2-avg1m_g18_d20260119_v3-0-3.nc,8b2ca91b906ccc5d91274b14cf976314b3b61f5f4b7286d0166f52a6b5573740,3-0-3,15,True,False,False,2026-01-19T19:17:00+00:00,sci_sgps-l2-avg1m_g18_d20260119_v3-0-3.nc,8b2ca91b906ccc5d91274b14cf976314b3b61f5f4b7286d0166f52a6b5573740,3-0-3,15,True,False,False,0.13896201434282937,0.23525216009871971,sep_20260118_2255:post_peak,113.96934777393156,0.017548578096342006,0,1,0,354,0,18,E
all_separate_directions_not_independent,60,main_loglog,reported,all,0.1,confirmed_entry,above_level,log,180,0.0005378681112774961,0.0019499316097621958,0.003588616203598458,0.008774289048170996,GOES-18 SGPS,0.008774289048170996,2026-01-19T19:16:00+00:00,sci_sgps-l2-avg1m_g18_d20260119_v3-0-3.nc,8b2ca91b906ccc5d91274b14cf976314b3b61f5f4b7286d0166f52a6b5573740,3-0-3,15,True,False,False,2026-01-19T19:17:00+00:00,sci_sgps-l2-avg1m_g18_d20260119_v3-0-3.nc,8b2ca91b906ccc5d91274b14cf976314b3b61f5f4b7286d0166f52a6b5573740,3-0-3,15,True,False,False,0.13896201434282937,0.23525216009871971,sep_20260118_2255:post_peak,113.96934777393166,0.017548578096341992,0,1,0,354,0,18,E
all_separate_directions_not_independent,60,main_loglog,reported,all,0.1,confirmed_entry,approach,H,2541,2.1613909569335524e-05,0.00017834876769627268,0.0006875186880468458,0.004245130552227797,GOES-18 SGPS,0.004245130552227797,2026-01-19T19:13:00+00:00,sci_sgps-l2-avg1m_g18_d20260119_v3-0-3.nc,8b2ca91b906ccc5d91274b14cf976314b3b61f5f4b7286d0166f52a6b5573740,3-0-3,15,True,False,False,2026-01-19T19:14:00+00:00,sci_sgps-l2-avg1m_g18_d20260119_v3-0-3.nc,8b2ca91b906ccc5d91274b14cf976314b3b61f5f4b7286d0166f52a6b5573740,3-0-3,15,True,False,False,0.08503215749091797,0.111074327466122,sep_20260118_2255:pre_peak,235.56401568738826,0.008490261104455594,0,0,0,4751,0,18,E
all_separate_directions_not_independent,60,main_loglog,reported,all,0.1,confirmed_entry,approach,log,0,,,,,GOES-18 SGPS,,,,,,,,,,,,,,,,,,,,,,,0,0,0,4751,0,18,E
all_separate_directions_not_independent,60,main_loglog,reported,all,0.1,confirmed_entry,whole,H,2721,2.434136720664802e-05,0.0002599209506897441,0.001630758978683569,0.008774289048171003,GOES-18 SGPS,0.008774289048171003,2026-01-19T19:16:00+00:00,sci_sgps-l2-avg1m_g18_d20260119_v3-0-3.nc,8b2ca91b906ccc5d91274b14cf976314b3b61f5f4b7286d0166f52a6b5573740,3-0-3,15,True,False,False,2026-01-19T19:17:00+00:00,sci_sgps-l2-avg1m_g18_d20260119_v3-0-3.nc,8b2ca91b906ccc5d91274b14cf976314b3b61f5f4b7286d0166f52a6b5573740,3-0-3,15,True,False,False,0.13896201434282937,0.23525216009871971,sep_20260118_2255:post_peak,113.96934777393156,0.017548578096342006,0,1,0,5105,0,18,E
all_separate_directions_not_independent,60,main_loglog,reported,all,0.1,confirmed_entry,whole,log,180,0.0005378681112774961,0.0019499316097621958,0.003588616203598458,0.008774289048170996,GOES-18 SGPS,0.008774289048170996,2026-01-19T19:16:00+00:00,sci_sgps-l2-avg1m_g18_d20260119_v3-0-3.nc,8b2ca91b906ccc5d91274b14cf976314b3b61f5f4b7286d0166f52a6b5573740,3-0-3,15,True,False,False,2026-01-19T19:17:00+00:00,sci_sgps-l2-avg1m_g18_d20260119_v3-0-3.nc,8b2ca91b906ccc5d91274b14cf976314b3b61f5f4b7286d0166f52a6b5573740,3-0-3,15,True,False,False,0.13896201434282937,0.23525216009871971,sep_20260118_2255:post_peak,113.96934777393166,0.017548578096341992,0,1,0,5105,0,18,E
all_separate_directions_not_independent,60,main_loglog,reported,all,0.1,repeat_post_peak,above_level,H,5,0.0005486032340322744,0.0014755986143772317,0.001918002667826624,0.0019671586737654454,GOES-18 SGPS,0.0019671586737654454,2026-01-19T20:06:00+00:00,sci_sgps-l2-avg1m_g18_d20260119_v3-0-3.nc,8b2ca91b906ccc5d91274b14cf976314b3b61f5f4b7286d0166f52a6b5573740,3-0-3,15,True,False,False,2026-01-19T20:07:00+00:00,sci_sgps-l2-avg1m_g18_d20260119_v3-0-3.nc,8b2ca91b906ccc5d91274b14cf976314b3b61f5f4b7286d0166f52a6b5573740,3-0-3,15,True,False,False,0.10616558671084338,0.1194657279033528,sep_20260118_2255:post_peak,508.34740142534895,0.003934317347530891,0,0,0,11,0,18,E
all_separate_directions_not_independent,60,main_loglog,reported,all,0.1,repeat_post_peak,above_level,log,5,0.0005486032340322739,0.0014755986143772308,0.0019180026678266224,0.0019671586737654437,GOES-18 SGPS,0.0019671586737654437,2026-01-19T20:06:00+00:00,sci_sgps-l2-avg1m_g18_d20260119_v3-0-3.nc,8b2ca91b906ccc5d91274b14cf976314b3b61f5f4b7286d0166f52a6b5573740,3-0-3,15,True,False,False,2026-01-19T20:07:00+00:00,sci_sgps-l2-avg1m_g18_d20260119_v3-0-3.nc,8b2ca91b906ccc5d91274b14cf976314b3b61f5f4b7286d0166f52a6b5573740,3-0-3,15,True,False,False,0.10616558671084338,0.1194657279033528,sep_20260118_2255:post_peak,508.3474014253494,0.003934317347530887,0,0,0,11,0,18,E
all_separate_directions_not_independent,60,main_loglog,reported,all,0.1,repeat_post_peak,approach,H,19,0.0009579515234403276,0.0025413780638474854,0.004157599742928114,0.004494616376916497,GOES-19 SGPS,0.004494616376916497,2026-01-19T21:05:00+00:00,sci_sgps-l2-avg1m_g19_d20260119_v3-0-3.nc,eb1c6d9b1161c537d049264831e07f7eb7a9a4e8ebc27ab40782d765db7b3cab,3-0-3,6,True,False,False,2026-01-19T21:06:00+00:00,sci_sgps-l2-avg1m_g19_d20260119_v3-0-3.nc,eb1c6d9b1161c537d049264831e07f7eb7a9a4e8ebc27ab40782d765db7b3cab,3-0-3,6,True,False,False,0.058615850709671576,0.08558354897117056,sep_20260118_2255:post_peak,222.48839859521973,0.008989232753832994,0,0,0,32,0,19,E
all_separate_directions_not_independent,60,main_loglog,reported,all,0.1,repeat_post_peak,approach,log,0,,,,,GOES-18 SGPS,,,,,,,,,,,,,,,,,,,,,,,0,0,0,32,0,18,E
all_separate_directions_not_independent,60,main_loglog,reported,all,0.1,repeat_post_peak,whole,H,24,0.0009249774474486827,0.0025028828321020965,0.004063984011264673,0.004494616376916497,GOES-19 SGPS,0.004494616376916497,2026-01-19T21:05:00+00:00,sci_sgps-l2-avg1m_g19_d20260119_v3-0-3.nc,eb1c6d9b1161c537d049264831e07f7eb7a9a4e8ebc27ab40782d765db7b3cab,3-0-3,6,True,False,False,2026-01-19T21:06:00+00:00,sci_sgps-l2-avg1m_g19_d20260119_v3-0-3.nc,eb1c6d9b1161c537d049264831e07f7eb7a9a4e8ebc27ab40782d765db7b3cab,3-0-3,6,True,False,False,0.058615850709671576,0.08558354897117056,sep_20260118_2255:post_peak,222.48839859521973,0.008989232753832994,0,0,0,43,0,19,E
all_separate_directions_not_independent,60,main_loglog,reported,all,0.1,repeat_post_peak,whole,log,5,0.0005486032340322739,0.0014755986143772308,0.0019180026678266224,0.0019671586737654437,GOES-18 SGPS,0.0019671586737654437,2026-01-19T20:06:00+00:00,sci_sgps-l2-avg1m_g18_d20260119_v3-0-3.nc,8b2ca91b906ccc5d91274b14cf976314b3b61f5f4b7286d0166f52a6b5573740,3-0-3,15,True,False,False,2026-01-19T20:07:00+00:00,sci_sgps-l2-avg1m_g18_d20260119_v3-0-3.nc,8b2ca91b906ccc5d91274b14cf976314b3b61f5f4b7286d0166f52a6b5573740,3-0-3,15,True,False,False,0.10616558671084338,0.1194657279033528,sep_20260118_2255:post_peak,508.3474014253494,0.003934317347530887,0,0,0,43,0,18,E
all_separate_directions_not_independent,60,main_loglog,reported,all,0.1,repeat_pre_peak,above_level,H,54,0.000584444953348262,0.0026624067759660735,0.00554059299125987,0.007286508961758039,GOES-19 SGPS,0.007286508961758039,2026-01-19T19:16:00+00:00,sci_sgps-l2-avg1m_g19_d20260119_v3-0-3.nc,eb1c6d9b1161c537d049264831e07f7eb7a9a4e8ebc27ab40782d765db7b3cab,3-0-3,6,True,False,False,2026-01-19T19:17:00+00:00,sci_sgps-l2-avg1m_g19_d20260119_v3-0-3.nc,eb1c6d9b1161c537d049264831e07f7eb7a9a4e8ebc27ab40782d765db7b3cab,3-0-3,6,True,False,False,0.25041321365147357,0.38772756685160803,sep_20260118_2255:post_peak,137.2399327645549,0.014573017923516078,0,1,0,117,0,19,E
all_separate_directions_not_independent,60,main_loglog,reported,all,0.1,repeat_pre_peak,above_level,log,54,0.0005844449533482638,0.002662406775966073,0.00554059299125987,0.007286508961758039,GOES-19 SGPS,0.007286508961758039,2026-01-19T19:16:00+00:00,sci_sgps-l2-avg1m_g19_d20260119_v3-0-3.nc,eb1c6d9b1161c537d049264831e07f7eb7a9a4e8ebc27ab40782d765db7b3cab,3-0-3,6,True,False,False,2026-01-19T19:17:00+00:00,sci_sgps-l2-avg1m_g19_d20260119_v3-0-3.nc,eb1c6d9b1161c537d049264831e07f7eb7a9a4e8ebc27ab40782d765db7b3cab,3-0-3,6,True,False,False,0.25041321365147357,0.38772756685160803,sep_20260118_2255:post_peak,137.2399327645549,0.014573017923516078,0,1,0,117,0,19,E
all_separate_directions_not_independent,60,main_loglog,reported,all,0.1,repeat_pre_peak,approach,H,9,0.0003326512573720982,0.0008018133645882572,0.0011031739005448466,0.0011366584045400233,GOES-19 SGPS,0.0011366584045400233,2026-01-19T18:42:00+00:00,sci_sgps-l2-avg1m_g19_d20260119_v3-0-3.nc,eb1c6d9b1161c537d049264831e07f7eb7a9a4e8ebc27ab40782d765db7b3cab,3-0-3,6,True,False,False,2026-01-19T18:43:00+00:00,sci_sgps-l2-avg1m_g19_d20260119_v3-0-3.nc,eb1c6d9b1161c537d049264831e07f7eb7a9a4e8ebc27ab40782d765db7b3cab,3-0-3,6,True,False,False,0.09766419257108414,0.10458620044036454,sep_20260118_2255:pre_peak,879.7717907207791,0.0022733168090800465,0,0,0,20,0,19,E
all_separate_directions_not_independent,60,main_loglog,reported,all,0.1,repeat_pre_peak,approach,log,0,,,,,GOES-19 SGPS,,,,,,,,,,,,,,,,,,,,,,,0,0,0,20,0,19,E
all_separate_directions_not_independent,60,main_loglog,reported,all,0.1,repeat_pre_peak,whole,H,63,0.0005226641640924938,0.002501049940598876,0.005244116694382836,0.007286508961758039,GOES-19 SGPS,0.007286508961758039,2026-01-19T19:16:00+00:00,sci_sgps-l2-avg1m_g19_d20260119_v3-0-3.nc,eb1c6d9b1161c537d049264831e07f7eb7a9a4e8ebc27ab40782d765db7b3cab,3-0-3,6,True,False,False,2026-01-19T19:17:00+00:00,sci_sgps-l2-avg1m_g19_d20260119_v3-0-3.nc,eb1c6d9b1161c537d049264831e07f7eb7a9a4e8ebc27ab40782d765db7b3cab,3-0-3,6,True,False,False,0.25041321365147357,0.38772756685160803,sep_20260118_2255:post_peak,137.2399327645549,0.014573017923516078,0,1,0,137,0,19,E
all_separate_directions_not_independent,60,main_loglog,reported,all,0.1,repeat_pre_peak,whole,log,54,0.0005844449533482638,0.002662406775966073,0.00554059299125987,0.007286508961758039,GOES-19 SGPS,0.007286508961758039,2026-01-19T19:16:00+00:00,sci_sgps-l2-avg1m_g19_d20260119_v3-0-3.nc,eb1c6d9b1161c537d049264831e07f7eb7a9a4e8ebc27ab40782d765db7b3cab,3-0-3,6,True,False,False,2026-01-19T19:17:00+00:00,sci_sgps-l2-avg1m_g19_d20260119_v3-0-3.nc,eb1c6d9b1161c537d049264831e07f7eb7a9a4e8ebc27ab40782d765db7b3cab,3-0-3,6,True,False,False,0.25041321365147357,0.38772756685160803,sep_20260118_2255:post_peak,137.2399327645549,0.014573017923516078,0,1,0,137,0,19,E
all_separate_directions_not_independent,60,main_loglog,reported,all,0.1,unassigned_no_crossing,whole,H,558088,1.1445383833635722e-06,7.940671474153685e-06,4.037250277703716e-05,0.008346391628632694,GOES-18 SGPS,0.008346391628632694,2026-01-19T21:08:00+00:00,sci_sgps-l2-avg1m_g18_d20260119_v3-0-3.nc,8b2ca91b906ccc5d91274b14cf976314b3b61f5f4b7286d0166f52a6b5573740,3-0-3,15,True,False,False,2026-01-19T21:09:00+00:00,sci_sgps-l2-avg1m_g18_d20260119_v3-0-3.nc,8b2ca91b906ccc5d91274b14cf976314b3b61f5f4b7286d0166f52a6b5573740,3-0-3,15,True,False,False,0.035716117691922976,0.08579446746371915,sep_20260118_2255:post_peak,119.81225474364902,0.01669278325726539,0,2,0,1117373,0,18,W
all_separate_directions_not_independent,60,main_loglog,reported,all,0.1,unassigned_no_crossing,whole,log,0,,,,,GOES-16 SGPS,,,,,,,,,,,,,,,,,,,,,,,0,0,0,1117373,0,16,E
all_separate_directions_not_independent,60,main_loglog,screened,all,0.001,all_retained,above_level,H,31099,0.0006137560606807368,0.0017040700298349314,0.003154517823660415,0.023585048836792813,GOES-19 SGPS,0.023585048836792813,2026-01-19T21:39:00+00:00,sci_sgps-l2-avg1m_g19_d20260119_v3-0-3.nc,eb1c6d9b1161c537d049264831e07f7eb7a9a4e8ebc27ab40782d765db7b3cab,3-0-3,6,True,False,False,2026-01-19T21:40:00+00:00,sci_sgps-l2-avg1m_g19_d20260119_v3-0-3.nc,eb1c6d9b1161c537d049264831e07f7eb7a9a4e8ebc27ab40782d765db7b3cab,3-0-3,6,True,False,False,0.005380922391949471,0.02215277427322045,sep_20260118_2255:post_peak,42.399742604729916,0.047170097673585626,2,40,0,62239,7706,19,W
all_separate_directions_not_independent,60,main_loglog,screened,all,0.001,all_retained,above_level,log,31099,0.0006137560606807363,0.0017040700298349325,0.0031545178236604124,0.02358504883679281,GOES-19 SGPS,0.02358504883679281,2026-01-19T21:39:00+00:00,sci_sgps-l2-avg1m_g19_d20260119_v3-0-3.nc,eb1c6d9b1161c537d049264831e07f7eb7a9a4e8ebc27ab40782d765db7b3cab,3-0-3,6,True,False,False,2026-01-19T21:40:00+00:00,sci_sgps-l2-avg1m_g19_d20260119_v3-0-3.nc,eb1c6d9b1161c537d049264831e07f7eb7a9a4e8ebc27ab40782d765db7b3cab,3-0-3,6,True,False,False,0.005380922391949471,0.02215277427322045,sep_20260118_2255:post_peak,42.39974260472992,0.04717009767358562,2,40,0,62239,7706,19,W
all_separate_directions_not_independent,60,main_loglog,screened,all,0.001,all_retained,approach,H,23020,0.000459710846377643,0.001666715261274929,0.0032037625753264455,0.009882610380157255,GOES-16 SGPS,0.009882610380157255,2024-02-11T02:09:00+00:00,sci_sgps-l2-avg1m_g16_d20240211_v3-0-2.nc,ea6eb5b16606450d37d4ab87b6631ed986afd9b3226602edd43f1554a514b5bc,3-0-2,12,True,False,False,2024-02-11T02:10:00+00:00,sci_sgps-l2-avg1m_g16_d20240211_v3-0-2.nc,ea6eb5b16606450d37d4ab87b6631ed986afd9b3226602edd43f1554a514b5bc,3-0-2,12,True,False,False,0.0006420646741345376,0.0012649357077109283,sep_20240209_1530:post_peak|sep_20240212_0805:pre_peak,101.18784020949005,0.01976522076031451,0,9,0,44103,6017,16,E
all_separate_directions_not_independent,60,main_loglog,screened,all,0.001,all_retained,approach,log,0,,,,,GOES-16 SGPS,,,,,,,,,,,,,,,,,,,,,,,0,0,0,44103,6017,16,E
all_separate_directions_not_independent,60,main_loglog,screened,all,0.001,all_retained,whole,H,390760,0.00011869169103815779,0.0007400091908377365,0.002106588082515532,0.023585048836792813,GOES-19 SGPS,0.023585048836792813,2026-01-19T21:39:00+00:00,sci_sgps-l2-avg1m_g19_d20260119_v3-0-3.nc,eb1c6d9b1161c537d049264831e07f7eb7a9a4e8ebc27ab40782d765db7b3cab,3-0-3,6,True,False,False,2026-01-19T21:40:00+00:00,sci_sgps-l2-avg1m_g19_d20260119_v3-0-3.nc,eb1c6d9b1161c537d049264831e07f7eb7a9a4e8ebc27ab40782d765db7b3cab,3-0-3,6,True,False,False,0.005380922391949471,0.02215277427322045,sep_20260118_2255:post_peak,42.399742604729916,0.047170097673585626,2,49,0,781580,13723,19,W
all_separate_directions_not_independent,60,main_loglog,screened,all,0.001,all_retained,whole,log,31099,0.0006137560606807363,0.0017040700298349325,0.0031545178236604124,0.02358504883679281,GOES-19 SGPS,0.02358504883679281,2026-01-19T21:39:00+00:00,sci_sgps-l2-avg1m_g19_d20260119_v3-0-3.nc,eb1c6d9b1161c537d049264831e07f7eb7a9a4e8ebc27ab40782d765db7b3cab,3-0-3,6,True,False,False,2026-01-19T21:40:00+00:00,sci_sgps-l2-avg1m_g19_d20260119_v3-0-3.nc,eb1c6d9b1161c537d049264831e07f7eb7a9a4e8ebc27ab40782d765db7b3cab,3-0-3,6,True,False,False,0.005380922391949471,0.02215277427322045,sep_20260118_2255:post_peak,42.39974260472992,0.04717009767358562,2,40,0,781580,13723,19,W
all_separate_directions_not_independent,60,main_loglog,screened,all,0.001,censored_first,above_level,H,4354,0.0006001425481252709,0.0016971333661861476,0.0033145251243259307,0.01921551872833922,GOES-18 SGPS,0.01921551872833922,2026-01-19T21:40:00+00:00,sci_sgps-l2-avg1m_g18_d20260119_v3-0-3.nc,8b2ca91b906ccc5d91274b14cf976314b3b61f5f4b7286d0166f52a6b5573740,3-0-3,15,True,False,False,2026-01-19T21:41:00+00:00,sci_sgps-l2-avg1m_g18_d20260119_v3-0-3.nc,8b2ca91b906ccc5d91274b14cf976314b3b61f5f4b7286d0166f52a6b5573740,3-0-3,15,True,False,False,0.003633719598125959,0.01150967435555727,sep_20260118_2255:post_peak,52.04127008682784,0.03843103745667844,1,7,0,8896,2034,18,E
all_separate_directions_not_independent,60,main_loglog,screened,all,0.001,censored_first,above_level,log,4354,0.0006001425481252742,0.001697133366186145,0.0033145251243259298,0.01921551872833922,GOES-18 SGPS,0.01921551872833922,2026-01-19T21:40:00+00:00,sci_sgps-l2-avg1m_g18_d20260119_v3-0-3.nc,8b2ca91b906ccc5d91274b14cf976314b3b61f5f4b7286d0166f52a6b5573740,3-0-3,15,True,False,False,2026-01-19T21:41:00+00:00,sci_sgps-l2-avg1m_g18_d20260119_v3-0-3.nc,8b2ca91b906ccc5d91274b14cf976314b3b61f5f4b7286d0166f52a6b5573740,3-0-3,15,True,False,False,0.003633719598125959,0.01150967435555727,sep_20260118_2255:post_peak,52.04127008682784,0.03843103745667844,1,7,0,8896,2034,18,E
all_separate_directions_not_independent,60,main_loglog,screened,all,0.001,censored_first,approach,H,5458,0.0002146730782698348,0.0009342800480842506,0.0023268033011742844,0.0052267699143634435,GOES-18 SGPS,0.0052267699143634435,2023-08-08T13:10:00+00:00,sci_sgps-l2-avg1m_g18_d20230808_v3-0-1.nc,5e6f49cfcbc3fdd9405d1d64e7eb8616396ee468ec738d8c3d5e27415e9bf81e,3-0-1,3,True,False,False,2023-08-08T13:11:00+00:00,sci_sgps-l2-avg1m_g18_d20230808_v3-0-1.nc,5e6f49cfcbc3fdd9405d1d64e7eb8616396ee468ec738d8c3d5e27415e9bf81e,3-0-1,3,True,False,False,0.0006461301598417891,0.0009597363547035958,sep_20230808_0115:pre_peak,191.32275121809866,0.010453539828726887,0,0,0,10782,0,18,W
all_separate_directions_not_independent,60,main_loglog,screened,all,0.001,censored_first,approach,log,0,,,,,GOES-16 SGPS,,,,,,,,,,,,,,,,,,,,,,,0,0,0,10782,0,16,E
all_separate_directions_not_independent,60,main_loglog,screened,all,0.001,censored_first,whole,H,9812,0.00034551797145048943,0.0013698329132709906,0.002820038589224346,0.01921551872833922,GOES-18 SGPS,0.01921551872833922,2026-01-19T21:40:00+00:00,sci_sgps-l2-avg1m_g18_d20260119_v3-0-3.nc,8b2ca91b906ccc5d91274b14cf976314b3b61f5f4b7286d0166f52a6b5573740,3-0-3,15,True,False,False,2026-01-19T21:41:00+00:00,sci_sgps-l2-avg1m_g18_d20260119_v3-0-3.nc,8b2ca91b906ccc5d91274b14cf976314b3b61f5f4b7286d0166f52a6b5573740,3-0-3,15,True,False,False,0.003633719598125959,0.01150967435555727,sep_20260118_2255:post_peak,52.04127008682784,0.03843103745667844,1,7,0,19678,2034,18,E
all_separate_directions_not_independent,60,main_loglog,screened,all,0.001,censored_first,whole,log,4354,0.0006001425481252742,0.001697133366186145,0.0033145251243259298,0.01921551872833922,GOES-18 SGPS,0.01921551872833922,2026-01-19T21:40:00+00:00,sci_sgps-l2-avg1m_g18_d20260119_v3-0-3.nc,8b2ca91b906ccc5d91274b14cf976314b3b61f5f4b7286d0166f52a6b5573740,3-0-3,15,True,False,False,2026-01-19T21:41:00+00:00,sci_sgps-l2-avg1m_g18_d20260119_v3-0-3.nc,8b2ca91b906ccc5d91274b14cf976314b3b61f5f4b7286d0166f52a6b5573740,3-0-3,15,True,False,False,0.003633719598125959,0.01150967435555727,sep_20260118_2255:post_peak,52.04127008682784,0.03843103745667844,1,7,0,19678,2034,18,E
all_separate_directions_not_independent,60,main_loglog,screened,all,0.001,censored_repeat,above_level,H,7864,0.0006050110723534305,0.0017239067840042201,0.003199454501054728,0.011502453873615703,GOES-16 SGPS,0.011502453873615703,2024-10-10T15:14:00+00:00,sci_sgps-l2-avg1m_g16_d20241010_v3-0-2.nc,fbf7bd2cfc1dc3ff5e5bb18d2ed9fc690e1ff8c83a6e402050e89cb6c3b04206,3-0-2,12,True,False,False,2024-10-10T15:15:00+00:00,sci_sgps-l2-avg1m_g16_d20241010_v3-0-2.nc,fbf7bd2cfc1dc3ff5e5bb18d2ed9fc690e1ff8c83a6e402050e89cb6c3b04206,3-0-2,12,True,False,False,0.004669002215946968,0.009310032880419008,sep_20241009_0505:pre_peak,86.93797088756837,0.023004907747231407,0,8,0,15714,2986,16,E
all_separate_directions_not_independent,60,main_loglog,screened,all,0.001,censored_repeat,above_level,log,7864,0.0006050110723534326,0.0017239067840042193,0.0031994545010547272,0.011502453873615703,GOES-16 SGPS,0.011502453873615703,2024-10-10T15:14:00+00:00,sci_sgps-l2-avg1m_g16_d20241010_v3-0-2.nc,fbf7bd2cfc1dc3ff5e5bb18d2ed9fc690e1ff8c83a6e402050e89cb6c3b04206,3-0-2,12,True,False,False,2024-10-10T15:15:00+00:00,sci_sgps-l2-avg1m_g16_d20241010_v3-0-2.nc,fbf7bd2cfc1dc3ff5e5bb18d2ed9fc690e1ff8c83a6e402050e89cb6c3b04206,3-0-2,12,True,False,False,0.004669002215946968,0.009310032880419008,sep_20241009_0505:pre_peak,86.93797088756837,0.023004907747231407,0,8,0,15714,2986,16,E
all_separate_directions_not_independent,60,main_loglog,screened,all,0.001,censored_repeat,approach,H,6744,0.000585751363452681,0.0018940448495061444,0.0034475585033175906,0.009882610380157255,GOES-16 SGPS,0.009882610380157255,2024-02-11T02:09:00+00:00,sci_sgps-l2-avg1m_g16_d20240211_v3-0-2.nc,ea6eb5b16606450d37d4ab87b6631ed986afd9b3226602edd43f1554a514b5bc,3-0-2,12,True,False,False,2024-02-11T02:10:00+00:00,sci_sgps-l2-avg1m_g16_d20240211_v3-0-2.nc,ea6eb5b16606450d37d4ab87b6631ed986afd9b3226602edd43f1554a514b5bc,3-0-2,12,True,False,False,0.0006420646741345376,0.0012649357077109283,sep_20240209_1530:post_peak|sep_20240212_0805:pre_peak,101.18784020949005,0.01976522076031451,0,5,0,12830,6013,16,E
all_separate_directions_not_independent,60,main_loglog,screened,all,0.001,censored_repeat,approach,log,0,,,,,GOES-16 SGPS,,,,,,,,,,,,,,,,,,,,,,,0,0,0,12830,6013,16,E
all_separate_directions_not_independent,60,main_loglog,screened,all,0.001,censored_repeat,whole,H,14608,0.0005947268105977103,0.0017948790992093674,0.003319528423177229,0.011502453873615703,GOES-16 SGPS,0.011502453873615703,2024-10-10T15:14:00+00:00,sci_sgps-l2-avg1m_g16_d20241010_v3-0-2.nc,fbf7bd2cfc1dc3ff5e5bb18d2ed9fc690e1ff8c83a6e402050e89cb6c3b04206,3-0-2,12,True,False,False,2024-10-10T15:15:00+00:00,sci_sgps-l2-avg1m_g16_d20241010_v3-0-2.nc,fbf7bd2cfc1dc3ff5e5bb18d2ed9fc690e1ff8c83a6e402050e89cb6c3b04206,3-0-2,12,True,False,False,0.004669002215946968,0.009310032880419008,sep_20241009_0505:pre_peak,86.93797088756837,0.023004907747231407,0,13,0,28544,8999,16,E
all_separate_directions_not_independent,60,main_loglog,screened,all,0.001,censored_repeat,whole,log,7864,0.0006050110723534326,0.0017239067840042193,0.0031994545010547272,0.011502453873615703,GOES-16 SGPS,0.011502453873615703,2024-10-10T15:14:00+00:00,sci_sgps-l2-avg1m_g16_d20241010_v3-0-2.nc,fbf7bd2cfc1dc3ff5e5bb18d2ed9fc690e1ff8c83a6e402050e89cb6c3b04206,3-0-2,12,True,False,False,2024-10-10T15:15:00+00:00,sci_sgps-l2-avg1m_g16_d20241010_v3-0-2.nc,fbf7bd2cfc1dc3ff5e5bb18d2ed9fc690e1ff8c83a6e402050e89cb6c3b04206,3-0-2,12,True,False,False,0.004669002215946968,0.009310032880419008,sep_20241009_0505:pre_peak,86.93797088756837,0.023004907747231407,0,8,0,28544,8999,16,E
all_separate_directions_not_independent,60,main_loglog,screened,all,0.001,confirmed_entry,above_level,H,1707,0.0006006660018642215,0.0016403217386249818,0.002725744040081521,0.004379060009679684,GOES-16 SGPS,0.004379060009679684,2024-02-09T20:18:00+00:00,sci_sgps-l2-avg1m_g16_d20240209_v3-0-2.nc,29d87edfae0367119dae98b35b65ccf9c196b2d0a80777eab1838afedb0639f5,3-0-2,12,True,False,False,2024-02-09T20:19:00+00:00,sci_sgps-l2-avg1m_g16_d20240209_v3-0-2.nc,29d87edfae0367119dae98b35b65ccf9c196b2d0a80777eab1838afedb0639f5,3-0-2,12,True,False,False,0.0014845455369882257,0.0019306414212094543,sep_20240209_1530:pre_peak,228.35951044049457,0.008758120019359368,0,0,0,3365,572,16,W
all_separate_directions_not_independent,60,main_loglog,screened,all,0.001,confirmed_entry,above_level,log,1707,0.0006006660018642223,0.001640321738624981,0.002725744040081522,0.004379060009679686,GOES-16 SGPS,0.004379060009679686,2024-02-09T20:18:00+00:00,sci_sgps-l2-avg1m_g16_d20240209_v3-0-2.nc,29d87edfae0367119dae98b35b65ccf9c196b2d0a80777eab1838afedb0639f5,3-0-2,12,True,False,False,2024-02-09T20:19:00+00:00,sci_sgps-l2-avg1m_g16_d20240209_v3-0-2.nc,29d87edfae0367119dae98b35b65ccf9c196b2d0a80777eab1838afedb0639f5,3-0-2,12,True,False,False,0.0014845455369882257,0.0019306414212094543,sep_20240209_1530:pre_peak,228.3595104404945,0.008758120019359371,0,0,0,3365,572,16,W
all_separate_directions_not_independent,60,main_loglog,screened,all,0.001,confirmed_entry,approach,H,8356,0.0004722265663044509,0.001446326211930362,0.002684313797485502,0.007117920478318968,GOES-19 SGPS,0.007117920478318968,2025-06-01T06:43:00+00:00,sci_sgps-l2-avg1m_g19_d20250601_v3-0-2.nc,90f031b9ee725501b0e9ac4069a11a20ea3181be2726c984ec8285390f29c34f,3-0-2,2,True,False,False,2025-06-01T06:44:00+00:00,sci_sgps-l2-avg1m_g19_d20250601_v3-0-2.nc,90f031b9ee725501b0e9ac4069a11a20ea3181be2726c984ec8285390f29c34f,3-0-2,2,True,False,False,0.0006070994054173012,0.0010347652962736159,sep_20250531_1710:pre_peak,140.49047092419457,0.014235840956637935,0,3,0,16298,0,19,W
all_separate_directions_not_independent,60,main_loglog,screened,all,0.001,confirmed_entry,approach,log,0,,,,,GOES-16 SGPS,,,,,,,,,,,,,,,,,,,,,,,0,0,0,16298,0,16,E
all_separate_directions_not_independent,60,main_loglog,screened,all,0.001,confirmed_entry,whole,H,10063,0.000491479811449036,0.001483404679830178,0.0026892793724120297,0.007117920478318968,GOES-19 SGPS,0.007117920478318968,2025-06-01T06:43:00+00:00,sci_sgps-l2-avg1m_g19_d20250601_v3-0-2.nc,90f031b9ee725501b0e9ac4069a11a20ea3181be2726c984ec8285390f29c34f,3-0-2,2,True,False,False,2025-06-01T06:44:00+00:00,sci_sgps-l2-avg1m_g19_d20250601_v3-0-2.nc,90f031b9ee725501b0e9ac4069a11a20ea3181be2726c984ec8285390f29c34f,3-0-2,2,True,False,False,0.0006070994054173012,0.0010347652962736159,sep_20250531_1710:pre_peak,140.49047092419457,0.014235840956637935,0,3,0,19663,572,19,W
all_separate_directions_not_independent,60,main_loglog,screened,all,0.001,confirmed_entry,whole,log,1707,0.0006006660018642223,0.001640321738624981,0.002725744040081522,0.004379060009679686,GOES-16 SGPS,0.004379060009679686,2024-02-09T20:18:00+00:00,sci_sgps-l2-avg1m_g16_d20240209_v3-0-2.nc,29d87edfae0367119dae98b35b65ccf9c196b2d0a80777eab1838afedb0639f5,3-0-2,12,True,False,False,2024-02-09T20:19:00+00:00,sci_sgps-l2-avg1m_g16_d20240209_v3-0-2.nc,29d87edfae0367119dae98b35b65ccf9c196b2d0a80777eab1838afedb0639f5,3-0-2,12,True,False,False,0.0014845455369882257,0.0019306414212094543,sep_20240209_1530:pre_peak,228.3595104404945,0.008758120019359371,0,0,0,19663,572,16,W
all_separate_directions_not_independent,60,main_loglog,screened,all,0.001,repeat_post_peak,above_level,H,2352,0.0007686417214579947,0.0019059947142877635,0.003053281804877908,0.006127891197845503,GOES-18 SGPS,0.006127891197845503,2024-02-11T02:10:00+00:00,sci_sgps-l2-avg1m_g18_d20240211_v3-0-2.nc,8203fe80a3b819632493b27b0317ad05d3cec489a8443b7f0972d2199aba5c41,3-0-2,6,True,False,False,2024-02-11T02:11:00+00:00,sci_sgps-l2-avg1m_g18_d20240211_v3-0-2.nc,8203fe80a3b819632493b27b0317ad05d3cec489a8443b7f0972d2199aba5c41,3-0-2,6,True,False,False,0.0010379501884004796,0.0014991844607337899,sep_20240209_1530:post_peak|sep_20240212_0805:pre_peak,163.18827598498953,0.012255782395691006,0,1,0,4641,1764,18,E
all_separate_directions_not_independent,60,main_loglog,screened,all,0.001,repeat_post_peak,above_level,log,2352,0.000768641721457998,0.0019059947142877683,0.003053281804877907,0.006127891197845504,GOES-18 SGPS,0.006127891197845504,2024-02-11T02:10:00+00:00,sci_sgps-l2-avg1m_g18_d20240211_v3-0-2.nc,8203fe80a3b819632493b27b0317ad05d3cec489a8443b7f0972d2199aba5c41,3-0-2,6,True,False,False,2024-02-11T02:11:00+00:00,sci_sgps-l2-avg1m_g18_d20240211_v3-0-2.nc,8203fe80a3b819632493b27b0317ad05d3cec489a8443b7f0972d2199aba5c41,3-0-2,6,True,False,False,0.0010379501884004796,0.0014991844607337899,sep_20240209_1530:post_peak|sep_20240212_0805:pre_peak,163.1882759849895,0.012255782395691008,0,1,0,4641,1764,18,E
all_separate_directions_not_independent,60,main_loglog,screened,all,0.001,repeat_post_peak,approach,H,2662,0.0008884193401440422,0.0022809107122398974,0.003627995858290077,0.009882610380157255,GOES-16 SGPS,0.009882610380157255,2024-02-11T02:09:00+00:00,sci_sgps-l2-avg1m_g16_d20240211_v3-0-2.nc,ea6eb5b16606450d37d4ab87b6631ed986afd9b3226602edd43f1554a514b5bc,3-0-2,12,True,False,False,2024-02-11T02:10:00+00:00,sci_sgps-l2-avg1m_g16_d20240211_v3-0-2.nc,ea6eb5b16606450d37d4ab87b6631ed986afd9b3226602edd43f1554a514b5bc,3-0-2,12,True,False,False,0.0006420646741345376,0.0012649357077109283,sep_20240209_1530:post_peak|sep_20240212_0805:pre_peak,101.18784020949005,0.01976522076031451,0,3,0,4878,2266,16,E
all_separate_directions_not_independent,60,main_loglog,screened,all,0.001,repeat_post_peak,approach,log,0,,,,,GOES-16 SGPS,,,,,,,,,,,,,,,,,,,,,,,0,0,0,4878,2266,16,E
all_separate_directions_not_independent,60,main_loglog,screened,all,0.001,repeat_post_peak,whole,H,5014,0.0008197833346207014,0.002126132664031749,0.0034861106751769553,0.009882610380157255,GOES-16 SGPS,0.009882610380157255,2024-02-11T02:09:00+00:00,sci_sgps-l2-avg1m_g16_d20240211_v3-0-2.nc,ea6eb5b16606450d37d4ab87b6631ed986afd9b3226602edd43f1554a514b5bc,3-0-2,12,True,False,False,2024-02-11T02:10:00+00:00,sci_sgps-l2-avg1m_g16_d20240211_v3-0-2.nc,ea6eb5b16606450d37d4ab87b6631ed986afd9b3226602edd43f1554a514b5bc,3-0-2,12,True,False,False,0.0006420646741345376,0.0012649357077109283,sep_20240209_1530:post_peak|sep_20240212_0805:pre_peak,101.18784020949005,0.01976522076031451,0,4,0,9519,4030,16,E
all_separate_directions_not_independent,60,main_loglog,screened,all,0.001,repeat_post_peak,whole,log,2352,0.000768641721457998,0.0019059947142877683,0.003053281804877907,0.006127891197845504,GOES-18 SGPS,0.006127891197845504,2024-02-11T02:10:00+00:00,sci_sgps-l2-avg1m_g18_d20240211_v3-0-2.nc,8203fe80a3b819632493b27b0317ad05d3cec489a8443b7f0972d2199aba5c41,3-0-2,6,True,False,False,2024-02-11T02:11:00+00:00,sci_sgps-l2-avg1m_g18_d20240211_v3-0-2.nc,8203fe80a3b819632493b27b0317ad05d3cec489a8443b7f0972d2199aba5c41,3-0-2,6,True,False,False,0.0010379501884004796,0.0014991844607337899,sep_20240209_1530:post_peak|sep_20240212_0805:pre_peak,163.1882759849895,0.012255782395691008,0,1,0,9519,4030,18,E
all_separate_directions_not_independent,60,main_loglog,screened,all,0.001,repeat_pre_peak,above_level,H,15857,0.0006127742474965503,0.0016827139312567882,0.003114389864634232,0.023585048836792813,GOES-19 SGPS,0.023585048836792813,2026-01-19T21:39:00+00:00,sci_sgps-l2-avg1m_g19_d20260119_v3-0-3.nc,eb1c6d9b1161c537d049264831e07f7eb7a9a4e8ebc27ab40782d765db7b3cab,3-0-3,6,True,False,False,2026-01-19T21:40:00+00:00,sci_sgps-l2-avg1m_g19_d20260119_v3-0-3.nc,eb1c6d9b1161c537d049264831e07f7eb7a9a4e8ebc27ab40782d765db7b3cab,3-0-3,6,True,False,False,0.005380922391949471,0.02215277427322045,sep_20260118_2255:post_peak,42.399742604729916,0.047170097673585626,1,25,0,31685,2412,19,W
all_separate_directions_not_independent,60,main_loglog,screened,all,0.001,repeat_pre_peak,above_level,log,15857,0.000612774247496551,0.0016827139312567878,0.003114389864634232,0.02358504883679281,GOES-19 SGPS,0.02358504883679281,2026-01-19T21:39:00+00:00,sci_sgps-l2-avg1m_g19_d20260119_v3-0-3.nc,eb1c6d9b1161c537d049264831e07f7eb7a9a4e8ebc27ab40782d765db7b3cab,3-0-3,6,True,False,False,2026-01-19T21:40:00+00:00,sci_sgps-l2-avg1m_g19_d20260119_v3-0-3.nc,eb1c6d9b1161c537d049264831e07f7eb7a9a4e8ebc27ab40782d765db7b3cab,3-0-3,6,True,False,False,0.005380922391949471,0.02215277427322045,sep_20260118_2255:post_peak,42.39974260472992,0.04717009767358562,1,25,0,31685,2412,19,W
all_separate_directions_not_independent,60,main_loglog,screened,all,0.001,repeat_pre_peak,approach,H,1042,0.0011557721651620058,0.0025123415236003406,0.004037625018982257,0.005179360264316899,GOES-16 SGPS,0.005179360264316899,2024-10-27T09:53:00+00:00,sci_sgps-l2-avg1m_g16_d20241027_v3-0-2.nc,387f601daeedda1957142661a6ee00de46b167e9d811ee7bdcb4ac33a85c214c,3-0-2,12,True,False,False,2024-10-27T09:54:00+00:00,sci_sgps-l2-avg1m_g16_d20241027_v3-0-2.nc,387f601daeedda1957142661a6ee00de46b167e9d811ee7bdcb4ac33a85c214c,3-0-2,12,True,False,False,0.0007912086987978064,0.0011073505991574628,sep_20241026_1910:pre_peak,193.07403790570052,0.010358720528633798,0,0,0,1709,132,16,E
all_separate_directions_not_independent,60,main_loglog,screened,all,0.001,repeat_pre_peak,approach,log,0,,,,,GOES-16 SGPS,,,,,,,,,,,,,,,,,,,,,,,0,0,0,1709,132,16,E
all_separate_directions_not_independent,60,main_loglog,screened,all,0.001,repeat_pre_peak,whole,H,16899,0.0006350759126222997,0.0017566847886307212,0.003280620496344883,0.023585048836792813,GOES-19 SGPS,0.023585048836792813,2026-01-19T21:39:00+00:00,sci_sgps-l2-avg1m_g19_d20260119_v3-0-3.nc,eb1c6d9b1161c537d049264831e07f7eb7a9a4e8ebc27ab40782d765db7b3cab,3-0-3,6,True,False,False,2026-01-19T21:40:00+00:00,sci_sgps-l2-avg1m_g19_d20260119_v3-0-3.nc,eb1c6d9b1161c537d049264831e07f7eb7a9a4e8ebc27ab40782d765db7b3cab,3-0-3,6,True,False,False,0.005380922391949471,0.02215277427322045,sep_20260118_2255:post_peak,42.399742604729916,0.047170097673585626,1,25,0,33394,2544,19,W
all_separate_directions_not_independent,60,main_loglog,screened,all,0.001,repeat_pre_peak,whole,log,15857,0.000612774247496551,0.0016827139312567878,0.003114389864634232,0.02358504883679281,GOES-19 SGPS,0.02358504883679281,2026-01-19T21:39:00+00:00,sci_sgps-l2-avg1m_g19_d20260119_v3-0-3.nc,eb1c6d9b1161c537d049264831e07f7eb7a9a4e8ebc27ab40782d765db7b3cab,3-0-3,6,True,False,False,2026-01-19T21:40:00+00:00,sci_sgps-l2-avg1m_g19_d20260119_v3-0-3.nc,eb1c6d9b1161c537d049264831e07f7eb7a9a4e8ebc27ab40782d765db7b3cab,3-0-3,6,True,False,False,0.005380922391949471,0.02215277427322045,sep_20260118_2255:post_peak,42.39974260472992,0.04717009767358562,1,25,0,33394,2544,19,W
all_separate_directions_not_independent,60,main_loglog,screened,all,0.001,unassigned_no_crossing,whole,H,341229,9.86328243458121e-05,0.0005277124650120296,0.0015437202545521918,0.006594896247009833,GOES-18 SGPS,0.006594896247009833,2025-11-12T19:15:00+00:00,sci_sgps-l2-avg1m_g18_d20251112_v3-0-2.nc,74436f8342e7404d5982b3c61f7ae4788082d691a3c7683836013d66f427d9ab,3-0-2,12,True,False,False,2025-11-12T19:16:00+00:00,sci_sgps-l2-avg1m_g18_d20251112_v3-0-2.nc,74436f8342e7404d5982b3c61f7ae4788082d691a3c7683836013d66f427d9ab,3-0-2,12,True,False,False,0.007064551909215663,0.010493786970283296,sep_20251111_0945:post_peak|sep_20251114_0920:pre_peak,151.63240823590004,0.013189792494019666,0,1,0,684505,9267,18,E
all_separate_directions_not_independent,60,main_loglog,screened,all,0.001,unassigned_no_crossing,whole,log,2808,0.0006227237028773732,0.001662836253828727,0.002969505329523132,0.006594896247009835,GOES-18 SGPS,0.006594896247009835,2025-11-12T19:15:00+00:00,sci_sgps-l2-avg1m_g18_d20251112_v3-0-2.nc,74436f8342e7404d5982b3c61f7ae4788082d691a3c7683836013d66f427d9ab,3-0-2,12,True,False,False,2025-11-12T19:16:00+00:00,sci_sgps-l2-avg1m_g18_d20251112_v3-0-2.nc,74436f8342e7404d5982b3c61f7ae4788082d691a3c7683836013d66f427d9ab,3-0-2,12,True,False,False,0.007064551909215663,0.010493786970283296,sep_20251111_0945:post_peak|sep_20251114_0920:pre_peak,151.6324082359,0.01318979249401967,0,1,0,684505,9267,18,E
all_separate_directions_not_independent,60,main_loglog,screened,all,0.01,all_retained,above_level,H,2921,0.0003511418655748518,0.001073521768725246,0.003366598988477587,0.01460587432958047,GOES-18 SGPS,0.01460587432958047,2026-01-19T21:08:00+00:00,sci_sgps-l2-avg1m_g18_d20260119_v3-0-3.nc,8b2ca91b906ccc5d91274b14cf976314b3b61f5f4b7286d0166f52a6b5573740,3-0-3,15,True,False,False,2026-01-19T21:09:00+00:00,sci_sgps-l2-avg1m_g18_d20260119_v3-0-3.nc,8b2ca91b906ccc5d91274b14cf976314b3b61f5f4b7286d0166f52a6b5573740,3-0-3,15,True,False,False,0.035716117691922976,0.08579446746371915,sep_20260118_2255:post_peak,68.46560345755921,0.02921174865916094,0,9,0,5834,0,18,W
all_separate_directions_not_independent,60,main_loglog,screened,all,0.01,all_retained,above_level,log,2921,0.0003511418655748527,0.001073521768725245,0.0033665989884775808,0.014605874329580477,GOES-18 SGPS,0.014605874329580477,2026-01-19T21:08:00+00:00,sci_sgps-l2-avg1m_g18_d20260119_v3-0-3.nc,8b2ca91b906ccc5d91274b14cf976314b3b61f5f4b7286d0166f52a6b5573740,3-0-3,15,True,False,False,2026-01-19T21:09:00+00:00,sci_sgps-l2-avg1m_g18_d20260119_v3-0-3.nc,8b2ca91b906ccc5d91274b14cf976314b3b61f5f4b7286d0166f52a6b5573740,3-0-3,15,True,False,False,0.035716117691922976,0.08579446746371915,sep_20260118_2255:post_peak,68.46560345755918,0.029211748659160954,0,9,0,5834,0,18,W
all_separate_directions_not_independent,60,main_loglog,screened,all,0.01,all_retained,approach,H,7309,0.00014874910884622958,0.0005472162555717551,0.0014402866851349475,0.020954756763573855,GOES-19 SGPS,0.020954756763573855,2026-01-19T21:39:00+00:00,sci_sgps-l2-avg1m_g19_d20260119_v3-0-3.nc,eb1c6d9b1161c537d049264831e07f7eb7a9a4e8ebc27ab40782d765db7b3cab,3-0-3,6,True,False,False,2026-01-19T21:40:00+00:00,sci_sgps-l2-avg1m_g19_d20260119_v3-0-3.nc,eb1c6d9b1161c537d049264831e07f7eb7a9a4e8ebc27ab40782d765db7b3cab,3-0-3,6,True,False,False,0.005380922391949471,0.02215277427322045,sep_20260118_2255:post_peak,47.72186149821235,0.04190951352714771,1,9,0,14036,1649,19,W
all_separate_directions_not_independent,60,main_loglog,screened,all,0.01,all_retained,approach,log,0,,,,,GOES-16 SGPS,,,,,,,,,,,,,,,,,,,,,,,0,0,0,14036,1649,16,E
all_separate_directions_not_independent,60,main_loglog,screened,all,0.01,all_retained,whole,H,390760,1.2127552828586922e-05,9.378744755959425e-05,0.00045371374902743904,0.020954756763573855,GOES-19 SGPS,0.020954756763573855,2026-01-19T21:39:00+00:00,sci_sgps-l2-avg1m_g19_d20260119_v3-0-3.nc,eb1c6d9b1161c537d049264831e07f7eb7a9a4e8ebc27ab40782d765db7b3cab,3-0-3,6,True,False,False,2026-01-19T21:40:00+00:00,sci_sgps-l2-avg1m_g19_d20260119_v3-0-3.nc,eb1c6d9b1161c537d049264831e07f7eb7a9a4e8ebc27ab40782d765db7b3cab,3-0-3,6,True,False,False,0.005380922391949471,0.02215277427322045,sep_20260118_2255:post_peak,47.72186149821235,0.04190951352714771,1,21,0,781580,1649,19,W
all_separate_directions_not_independent,60,main_loglog,screened,all,0.01,all_retained,whole,log,2921,0.0003511418655748527,0.001073521768725245,0.0033665989884775808,0.014605874329580477,GOES-18 SGPS,0.014605874329580477,2026-01-19T21:08:00+00:00,sci_sgps-l2-avg1m_g18_d20260119_v3-0-3.nc,8b2ca91b906ccc5d91274b14cf976314b3b61f5f4b7286d0166f52a6b5573740,3-0-3,15,True,False,False,2026-01-19T21:09:00+00:00,sci_sgps-l2-avg1m_g18_d20260119_v3-0-3.nc,8b2ca91b906ccc5d91274b14cf976314b3b61f5f4b7286d0166f52a6b5573740,3-0-3,15,True,False,False,0.035716117691922976,0.08579446746371915,sep_20260118_2255:post_peak,68.46560345755918,0.029211748659160954,0,9,0,781580,1649,18,W
all_separate_directions_not_independent,60,main_loglog,screened,all,0.01,censored_first,above_level,H,629,0.00027219960602401134,0.000754495269495276,0.0014215679669808963,0.0027996415950021967,GOES-19 SGPS,0.0027996415950021967,2025-11-12T00:35:00+00:00,sci_sgps-l2-avg1m_g19_d20251112_v3-0-2.nc,655c180cf8980136ed0e7ecf1324acd12684f5e1313e430d74212d44576b2c51,3-0-2,0,True,False,False,2025-11-12T00:36:00+00:00,sci_sgps-l2-avg1m_g19_d20251112_v3-0-2.nc,655c180cf8980136ed0e7ecf1324acd12684f5e1313e430d74212d44576b2c51,3-0-2,0,True,False,False,0.011897433197346215,0.014073606655565644,sep_20251110_1125:post_peak|sep_20251111_0945:pre_peak,357.18857791838724,0.005599283190004393,0,0,0,1273,0,19,W
all_separate_directions_not_independent,60,main_loglog,screened,all,0.01,censored_first,above_level,log,629,0.00027219960602401015,0.0007544952694952774,0.0014215679669808952,0.0027996415950021984,GOES-19 SGPS,0.0027996415950021984,2025-11-12T00:35:00+00:00,sci_sgps-l2-avg1m_g19_d20251112_v3-0-2.nc,655c180cf8980136ed0e7ecf1324acd12684f5e1313e430d74212d44576b2c51,3-0-2,0,True,False,False,2025-11-12T00:36:00+00:00,sci_sgps-l2-avg1m_g19_d20251112_v3-0-2.nc,655c180cf8980136ed0e7ecf1324acd12684f5e1313e430d74212d44576b2c51,3-0-2,0,True,False,False,0.011897433197346215,0.014073606655565644,sep_20251110_1125:post_peak|sep_20251111_0945:pre_peak,357.188577918387,0.005599283190004397,0,0,0,1273,0,19,W
all_separate_directions_not_independent,60,main_loglog,screened,all,0.01,censored_first,approach,H,1838,8.320374907353906e-05,0.00042212393189374446,0.0012218930584211053,0.0062923611475003615,GOES-18 SGPS,0.0062923611475003615,2025-11-12T00:31:00+00:00,sci_sgps-l2-avg1m_g18_d20251112_v3-0-2.nc,74436f8342e7404d5982b3c61f7ae4788082d691a3c7683836013d66f427d9ab,3-0-2,12,True,False,False,2025-11-12T00:32:00+00:00,sci_sgps-l2-avg1m_g18_d20251112_v3-0-2.nc,74436f8342e7404d5982b3c61f7ae4788082d691a3c7683836013d66f427d9ab,3-0-2,12,True,False,False,0.00824752167403169,0.012242076718630732,sep_20251110_1125:post_peak|sep_20251111_0945:pre_peak,158.9228552778236,0.012584722295000723,0,1,0,3609,0,18,E
all_separate_directions_not_independent,60,main_loglog,screened,all,0.01,censored_first,approach,log,0,,,,,GOES-18 SGPS,,,,,,,,,,,,,,,,,,,,,,,0,0,0,3609,0,18,E
all_separate_directions_not_independent,60,main_loglog,screened,all,0.01,censored_first,whole,H,2467,0.00012679481500523087,0.0005418863478164774,0.0013493151655571537,0.0062923611475003615,GOES-18 SGPS,0.0062923611475003615,2025-11-12T00:31:00+00:00,sci_sgps-l2-avg1m_g18_d20251112_v3-0-2.nc,74436f8342e7404d5982b3c61f7ae4788082d691a3c7683836013d66f427d9ab,3-0-2,12,True,False,False,2025-11-12T00:32:00+00:00,sci_sgps-l2-avg1m_g18_d20251112_v3-0-2.nc,74436f8342e7404d5982b3c61f7ae4788082d691a3c7683836013d66f427d9ab,3-0-2,12,True,False,False,0.00824752167403169,0.012242076718630732,sep_20251110_1125:post_peak|sep_20251111_0945:pre_peak,158.9228552778236,0.012584722295000723,0,1,0,4882,0,18,E
all_separate_directions_not_independent,60,main_loglog,screened,all,0.01,censored_first,whole,log,629,0.00027219960602401015,0.0007544952694952774,0.0014215679669808952,0.0027996415950021984,GOES-19 SGPS,0.0027996415950021984,2025-11-12T00:35:00+00:00,sci_sgps-l2-avg1m_g19_d20251112_v3-0-2.nc,655c180cf8980136ed0e7ecf1324acd12684f5e1313e430d74212d44576b2c51,3-0-2,0,True,False,False,2025-11-12T00:36:00+00:00,sci_sgps-l2-avg1m_g19_d20251112_v3-0-2.nc,655c180cf8980136ed0e7ecf1324acd12684f5e1313e430d74212d44576b2c51,3-0-2,0,True,False,False,0.011897433197346215,0.014073606655565644,sep_20251110_1125:post_peak|sep_20251111_0945:pre_peak,357.188577918387,0.005599283190004397,0,0,0,4882,0,19,W
all_separate_directions_not_independent,60,main_loglog,screened,all,0.01,censored_repeat,above_level,H,297,0.0002569662952605153,0.0009209608571813767,0.002254927370631643,0.004819498807244989,GOES-18 SGPS,0.004819498807244989,2026-01-19T21:48:00+00:00,sci_sgps-l2-avg1m_g18_d20260119_v3-0-3.nc,8b2ca91b906ccc5d91274b14cf976314b3b61f5f4b7286d0166f52a6b5573740,3-0-3,15,True,False,False,2026-01-19T21:49:00+00:00,sci_sgps-l2-avg1m_g18_d20260119_v3-0-3.nc,8b2ca91b906ccc5d91274b14cf976314b3b61f5f4b7286d0166f52a6b5573740,3-0-3,15,True,False,False,0.011642467727928279,0.015546403914855875,sep_20260118_2255:post_peak,207.49045491965555,0.009638997614489978,0,0,0,598,0,18,E
all_separate_directions_not_independent,60,main_loglog,screened,all,0.01,censored_repeat,above_level,log,297,0.0002569662952605173,0.000920960857181373,0.0022549273706316385,0.004819498807244991,GOES-18 SGPS,0.004819498807244991,2026-01-19T21:48:00+00:00,sci_sgps-l2-avg1m_g18_d20260119_v3-0-3.nc,8b2ca91b906ccc5d91274b14cf976314b3b61f5f4b7286d0166f52a6b5573740,3-0-3,15,True,False,False,2026-01-19T21:49:00+00:00,sci_sgps-l2-avg1m_g18_d20260119_v3-0-3.nc,8b2ca91b906ccc5d91274b14cf976314b3b61f5f4b7286d0166f52a6b5573740,3-0-3,15,True,False,False,0.011642467727928279,0.015546403914855875,sep_20260118_2255:post_peak,207.49045491965546,0.009638997614489981,0,0,0,598,0,18,E
all_separate_directions_not_independent,60,main_loglog,screened,all,0.01,censored_repeat,approach,H,1386,0.00027526049427514614,0.000715669040777391,0.0017868522121320801,0.012953847953680946,GOES-18 SGPS,0.012953847953680946,2026-01-19T21:40:00+00:00,sci_sgps-l2-avg1m_g18_d20260119_v3-0-3.nc,8b2ca91b906ccc5d91274b14cf976314b3b61f5f4b7286d0166f52a6b5573740,3-0-3,15,True,False,False,2026-01-19T21:41:00+00:00,sci_sgps-l2-avg1m_g18_d20260119_v3-0-3.nc,8b2ca91b906ccc5d91274b14cf976314b3b61f5f4b7286d0166f52a6b5573740,3-0-3,15,True,False,False,0.003633719598125959,0.01150967435555727,sep_20260118_2255:post_peak,77.19713891777165,0.025907695907361892,0,5,0,2725,1649,18,E
all_separate_directions_not_independent,60,main_loglog,screened,all,0.01,censored_repeat,approach,log,0,,,,,GOES-18 SGPS,,,,,,,,,,,,,,,,,,,,,,,0,0,0,2725,1649,18,E
all_separate_directions_not_independent,60,main_loglog,screened,all,0.01,censored_repeat,whole,H,1683,0.0002723883959785974,0.0007700735895841777,0.0019150501741511832,0.012953847953680946,GOES-18 SGPS,0.012953847953680946,2026-01-19T21:40:00+00:00,sci_sgps-l2-avg1m_g18_d20260119_v3-0-3.nc,8b2ca91b906ccc5d91274b14cf976314b3b61f5f4b7286d0166f52a6b5573740,3-0-3,15,True,False,False,2026-01-19T21:41:00+00:00,sci_sgps-l2-avg1m_g18_d20260119_v3-0-3.nc,8b2ca91b906ccc5d91274b14cf976314b3b61f5f4b7286d0166f52a6b5573740,3-0-3,15,True,False,False,0.003633719598125959,0.01150967435555727,sep_20260118_2255:post_peak,77.19713891777165,0.025907695907361892,0,5,0,3323,1649,18,E
all_separate_directions_not_independent,60,main_loglog,screened,all,0.01,censored_repeat,whole,log,297,0.0002569662952605173,0.000920960857181373,0.0022549273706316385,0.004819498807244991,GOES-18 SGPS,0.004819498807244991,2026-01-19T21:48:00+00:00,sci_sgps-l2-avg1m_g18_d20260119_v3-0-3.nc,8b2ca91b906ccc5d91274b14cf976314b3b61f5f4b7286d0166f52a6b5573740,3-0-3,15,True,False,False,2026-01-19T21:49:00+00:00,sci_sgps-l2-avg1m_g18_d20260119_v3-0-3.nc,8b2ca91b906ccc5d91274b14cf976314b3b61f5f4b7286d0166f52a6b5573740,3-0-3,15,True,False,False,0.011642467727928279,0.015546403914855875,sep_20260118_2255:post_peak,207.49045491965546,0.009638997614489981,0,0,0,3323,1649,18,E
all_separate_directions_not_independent,60,main_loglog,screened,all,0.01,confirmed_entry,above_level,H,525,0.00032093320128913084,0.0008556981742150782,0.0016022672819182545,0.002937813573769358,GOES-18 SGPS,0.002937813573769358,2024-06-08T06:44:00+00:00,sci_sgps-l2-avg1m_g18_d20240608_v3-0-2.nc,f7081199575bccee4471c251c84ed4be735629e2c60af0e027439ad9da4d604d,3-0-2,6,True,False,False,2024-06-08T06:45:00+00:00,sci_sgps-l2-avg1m_g18_d20240608_v3-0-2.nc,f7081199575bccee4471c251c84ed4be735629e2c60af0e027439ad9da4d604d,3-0-2,6,True,False,False,0.016280342438583645,0.019418519208190797,sep_20240608_0255:pre_peak,340.3891958729537,0.005875627147538716,0,0,0,1091,0,18,W
all_separate_directions_not_independent,60,main_loglog,screened,all,0.01,confirmed_entry,above_level,log,525,0.0003209332012891302,0.0008556981742150768,0.0016022672819182519,0.002937813573769356,GOES-18 SGPS,0.002937813573769356,2024-06-08T06:44:00+00:00,sci_sgps-l2-avg1m_g18_d20240608_v3-0-2.nc,f7081199575bccee4471c251c84ed4be735629e2c60af0e027439ad9da4d604d,3-0-2,6,True,False,False,2024-06-08T06:45:00+00:00,sci_sgps-l2-avg1m_g18_d20240608_v3-0-2.nc,f7081199575bccee4471c251c84ed4be735629e2c60af0e027439ad9da4d604d,3-0-2,6,True,False,False,0.016280342438583645,0.019418519208190797,sep_20240608_0255:pre_peak,340.3891958729539,0.005875627147538712,0,0,0,1091,0,18,W
all_separate_directions_not_independent,60,main_loglog,screened,all,0.01,confirmed_entry,approach,H,3788,0.0001294002399277633,0.00044286641221651064,0.0010733754221565856,0.00981858497465513,GOES-18 SGPS,0.00981858497465513,2024-10-10T15:14:00+00:00,sci_sgps-l2-avg1m_g18_d20241010_v3-0-2.nc,176fdaf534aa233220fe8fa99072838d157bfb44d4e55490e6fd47c3b88cc36a,3-0-2,6,True,False,False,2024-10-10T15:15:00+00:00,sci_sgps-l2-avg1m_g18_d20241010_v3-0-2.nc,176fdaf534aa233220fe8fa99072838d157bfb44d4e55490e6fd47c3b88cc36a,3-0-2,6,True,False,False,0.004726253441942158,0.010636862213428385,sep_20241009_0505:pre_peak,101.8476697590657,0.01963716994931026,0,1,0,7163,0,18,E
all_separate_directions_not_independent,60,main_loglog,screened,all,0.01,confirmed_entry,approach,log,0,,,,,GOES-16 SGPS,,,,,,,,,,,,,,,,,,,,,,,0,0,0,7163,0,16,E
all_separate_directions_not_independent,60,main_loglog,screened,all,0.01,confirmed_entry,whole,H,4313,0.00014432303941211237,0.0005093122734232302,0.0012345433605501323,0.00981858497465513,GOES-18 SGPS,0.00981858497465513,2024-10-10T15:14:00+00:00,sci_sgps-l2-avg1m_g18_d20241010_v3-0-2.nc,176fdaf534aa233220fe8fa99072838d157bfb44d4e55490e6fd47c3b88cc36a,3-0-2,6,True,False,False,2024-10-10T15:15:00+00:00,sci_sgps-l2-avg1m_g18_d20241010_v3-0-2.nc,176fdaf534aa233220fe8fa99072838d157bfb44d4e55490e6fd47c3b88cc36a,3-0-2,6,True,False,False,0.004726253441942158,0.010636862213428385,sep_20241009_0505:pre_peak,101.8476697590657,0.01963716994931026,0,1,0,8254,0,18,E
all_separate_directions_not_independent,60,main_loglog,screened,all,0.01,confirmed_entry,whole,log,525,0.0003209332012891302,0.0008556981742150768,0.0016022672819182519,0.002937813573769356,GOES-18 SGPS,0.002937813573769356,2024-06-08T06:44:00+00:00,sci_sgps-l2-avg1m_g18_d20240608_v3-0-2.nc,f7081199575bccee4471c251c84ed4be735629e2c60af0e027439ad9da4d604d,3-0-2,6,True,False,False,2024-06-08T06:45:00+00:00,sci_sgps-l2-avg1m_g18_d20240608_v3-0-2.nc,f7081199575bccee4471c251c84ed4be735629e2c60af0e027439ad9da4d604d,3-0-2,6,True,False,False,0.016280342438583645,0.019418519208190797,sep_20240608_0255:pre_peak,340.3891958729539,0.005875627147538712,0,0,0,8254,0,18,W
all_separate_directions_not_independent,60,main_loglog,screened,all,0.01,repeat_post_peak,above_level,H,20,0.00041786089208317907,0.0014442382720325111,0.009059069248395278,0.009940014249052704,GOES-19 SGPS,0.009940014249052704,2026-01-19T21:46:00+00:00,sci_sgps-l2-avg1m_g19_d20260119_v3-0-3.nc,eb1c6d9b1161c537d049264831e07f7eb7a9a4e8ebc27ab40782d765db7b3cab,3-0-3,6,True,False,False,2026-01-19T21:47:00+00:00,sci_sgps-l2-avg1m_g19_d20260119_v3-0-3.nc,eb1c6d9b1161c537d049264831e07f7eb7a9a4e8ebc27ab40782d765db7b3cab,3-0-3,6,True,False,False,0.013037135786577874,0.023669865448764375,sep_20260118_2255:post_peak,100.60347751466264,0.01988002849810541,0,1,0,63,0,19,W
all_separate_directions_not_independent,60,main_loglog,screened,all,0.01,repeat_post_peak,above_level,log,20,0.00041786089208317755,0.0014442382720325111,0.009059069248395276,0.009940014249052704,GOES-19 SGPS,0.009940014249052704,2026-01-19T21:46:00+00:00,sci_sgps-l2-avg1m_g19_d20260119_v3-0-3.nc,eb1c6d9b1161c537d049264831e07f7eb7a9a4e8ebc27ab40782d765db7b3cab,3-0-3,6,True,False,False,2026-01-19T21:47:00+00:00,sci_sgps-l2-avg1m_g19_d20260119_v3-0-3.nc,eb1c6d9b1161c537d049264831e07f7eb7a9a4e8ebc27ab40782d765db7b3cab,3-0-3,6,True,False,False,0.013037135786577874,0.023669865448764375,sep_20260118_2255:post_peak,100.60347751466264,0.01988002849810541,0,1,0,63,0,19,W
all_separate_directions_not_independent,60,main_loglog,screened,all,0.01,repeat_post_peak,approach,H,38,0.0005196612221496273,0.0021857828699895,0.018532674848332643,0.020954756763573855,GOES-19 SGPS,0.020954756763573855,2026-01-19T21:39:00+00:00,sci_sgps-l2-avg1m_g19_d20260119_v3-0-3.nc,eb1c6d9b1161c537d049264831e07f7eb7a9a4e8ebc27ab40782d765db7b3cab,3-0-3,6,True,False,False,2026-01-19T21:40:00+00:00,sci_sgps-l2-avg1m_g19_d20260119_v3-0-3.nc,eb1c6d9b1161c537d049264831e07f7eb7a9a4e8ebc27ab40782d765db7b3cab,3-0-3,6,True,False,False,0.005380922391949471,0.02215277427322045,sep_20260118_2255:post_peak,47.72186149821235,0.04190951352714771,1,2,0,55,0,19,W
all_separate_directions_not_independent,60,main_loglog,screened,all,0.01,repeat_post_peak,approach,log,0,,,,,GOES-16 SGPS,,,,,,,,,,,,,,,,,,,,,,,0,0,0,55,0,16,E
all_separate_directions_not_independent,60,main_loglog,screened,all,0.01,repeat_post_peak,whole,H,58,0.00047743883697663194,0.0021857828699895,0.017223441380634662,0.020954756763573855,GOES-19 SGPS,0.020954756763573855,2026-01-19T21:39:00+00:00,sci_sgps-l2-avg1m_g19_d20260119_v3-0-3.nc,eb1c6d9b1161c537d049264831e07f7eb7a9a4e8ebc27ab40782d765db7b3cab,3-0-3,6,True,False,False,2026-01-19T21:40:00+00:00,sci_sgps-l2-avg1m_g19_d20260119_v3-0-3.nc,eb1c6d9b1161c537d049264831e07f7eb7a9a4e8ebc27ab40782d765db7b3cab,3-0-3,6,True,False,False,0.005380922391949471,0.02215277427322045,sep_20260118_2255:post_peak,47.72186149821235,0.04190951352714771,1,3,0,118,0,19,W
all_separate_directions_not_independent,60,main_loglog,screened,all,0.01,repeat_post_peak,whole,log,20,0.00041786089208317755,0.0014442382720325111,0.009059069248395276,0.009940014249052704,GOES-19 SGPS,0.009940014249052704,2026-01-19T21:46:00+00:00,sci_sgps-l2-avg1m_g19_d20260119_v3-0-3.nc,eb1c6d9b1161c537d049264831e07f7eb7a9a4e8ebc27ab40782d765db7b3cab,3-0-3,6,True,False,False,2026-01-19T21:47:00+00:00,sci_sgps-l2-avg1m_g19_d20260119_v3-0-3.nc,eb1c6d9b1161c537d049264831e07f7eb7a9a4e8ebc27ab40782d765db7b3cab,3-0-3,6,True,False,False,0.013037135786577874,0.023669865448764375,sep_20260118_2255:post_peak,100.60347751466264,0.01988002849810541,0,1,0,118,0,19,W
all_separate_directions_not_independent,60,main_loglog,screened,all,0.01,repeat_pre_peak,above_level,H,1450,0.00042069276652590597,0.0013230669302537997,0.003990011146965595,0.01460587432958047,GOES-18 SGPS,0.01460587432958047,2026-01-19T21:08:00+00:00,sci_sgps-l2-avg1m_g18_d20260119_v3-0-3.nc,8b2ca91b906ccc5d91274b14cf976314b3b61f5f4b7286d0166f52a6b5573740,3-0-3,15,True,False,False,2026-01-19T21:09:00+00:00,sci_sgps-l2-avg1m_g18_d20260119_v3-0-3.nc,8b2ca91b906ccc5d91274b14cf976314b3b61f5f4b7286d0166f52a6b5573740,3-0-3,15,True,False,False,0.035716117691922976,0.08579446746371915,sep_20260118_2255:post_peak,68.46560345755921,0.02921174865916094,0,8,0,2809,0,18,W
all_separate_directions_not_independent,60,main_loglog,screened,all,0.01,repeat_pre_peak,above_level,log,1450,0.00042069276652590294,0.0013230669302538027,0.0039900111469655985,0.014605874329580477,GOES-18 SGPS,0.014605874329580477,2026-01-19T21:08:00+00:00,sci_sgps-l2-avg1m_g18_d20260119_v3-0-3.nc,8b2ca91b906ccc5d91274b14cf976314b3b61f5f4b7286d0166f52a6b5573740,3-0-3,15,True,False,False,2026-01-19T21:09:00+00:00,sci_sgps-l2-avg1m_g18_d20260119_v3-0-3.nc,8b2ca91b906ccc5d91274b14cf976314b3b61f5f4b7286d0166f52a6b5573740,3-0-3,15,True,False,False,0.035716117691922976,0.08579446746371915,sep_20260118_2255:post_peak,68.46560345755918,0.029211748659160954,0,8,0,2809,0,18,W
all_separate_directions_not_independent,60,main_loglog,screened,all,0.01,repeat_pre_peak,approach,H,259,0.0003990146900046232,0.0012757957218709282,0.002923184744622113,0.003566491013540681,GOES-18 SGPS,0.003566491013540681,2024-03-23T16:15:00+00:00,sci_sgps-l2-avg1m_g18_d20240323_v3-0-2.nc,99bf82c4cad1772481b290be0a9e038955c1e92cf3f101acf8a0a97f25faad2d,3-0-2,6,True,False,False,2024-03-23T16:16:00+00:00,sci_sgps-l2-avg1m_g18_d20240323_v3-0-2.nc,99bf82c4cad1772481b290be0a9e038955c1e92cf3f101acf8a0a97f25faad2d,3-0-2,6,True,False,False,0.0061509066295888535,0.008290801237713263,sep_20240323_0815:pre_peak,280.3876404576264,0.007132982027081362,0,0,0,484,0,18,W
all_separate_directions_not_independent,60,main_loglog,screened,all,0.01,repeat_pre_peak,approach,log,0,,,,,GOES-16 SGPS,,,,,,,,,,,,,,,,,,,,,,,0,0,0,484,0,16,W
all_separate_directions_not_independent,60,main_loglog,screened,all,0.01,repeat_pre_peak,whole,H,1709,0.00041656235747139134,0.0013158499845558104,0.003720154357807773,0.01460587432958047,GOES-18 SGPS,0.01460587432958047,2026-01-19T21:08:00+00:00,sci_sgps-l2-avg1m_g18_d20260119_v3-0-3.nc,8b2ca91b906ccc5d91274b14cf976314b3b61f5f4b7286d0166f52a6b5573740,3-0-3,15,True,False,False,2026-01-19T21:09:00+00:00,sci_sgps-l2-avg1m_g18_d20260119_v3-0-3.nc,8b2ca91b906ccc5d91274b14cf976314b3b61f5f4b7286d0166f52a6b5573740,3-0-3,15,True,False,False,0.035716117691922976,0.08579446746371915,sep_20260118_2255:post_peak,68.46560345755921,0.02921174865916094,0,8,0,3293,0,18,W
all_separate_directions_not_independent,60,main_loglog,screened,all,0.01,repeat_pre_peak,whole,log,1450,0.00042069276652590294,0.0013230669302538027,0.0039900111469655985,0.014605874329580477,GOES-18 SGPS,0.014605874329580477,2026-01-19T21:08:00+00:00,sci_sgps-l2-avg1m_g18_d20260119_v3-0-3.nc,8b2ca91b906ccc5d91274b14cf976314b3b61f5f4b7286d0166f52a6b5573740,3-0-3,15,True,False,False,2026-01-19T21:09:00+00:00,sci_sgps-l2-avg1m_g18_d20260119_v3-0-3.nc,8b2ca91b906ccc5d91274b14cf976314b3b61f5f4b7286d0166f52a6b5573740,3-0-3,15,True,False,False,0.035716117691922976,0.08579446746371915,sep_20260118_2255:post_peak,68.46560345755918,0.029211748659160954,0,8,0,3293,0,18,W
all_separate_directions_not_independent,60,main_loglog,screened,all,0.01,unassigned_no_crossing,whole,H,381335,1.1609055274342483e-05,8.185716364685036e-05,0.00035064781158413013,0.0077350511074534,GOES-16 SGPS,0.0077350511074534,2024-10-10T15:14:00+00:00,sci_sgps-l2-avg1m_g16_d20241010_v3-0-2.nc,fbf7bd2cfc1dc3ff5e5bb18d2ed9fc690e1ff8c83a6e402050e89cb6c3b04206,3-0-2,12,True,False,False,2024-10-10T15:15:00+00:00,sci_sgps-l2-avg1m_g16_d20241010_v3-0-2.nc,fbf7bd2cfc1dc3ff5e5bb18d2ed9fc690e1ff8c83a6e402050e89cb6c3b04206,3-0-2,12,True,False,False,0.004669002215946968,0.009310032880419008,sep_20241009_0505:pre_peak,129.2816280213601,0.0154701022149068,0,3,0,763359,1649,16,E
all_separate_directions_not_independent,60,main_loglog,screened,all,0.01,unassigned_no_crossing,whole,log,0,,,,,GOES-16 SGPS,,,,,,,,,,,,,,,,,,,,,,,0,0,0,763359,1649,16,E
all_separate_directions_not_independent,60,main_loglog,screened,all,0.1,all_retained,above_level,H,239,0.0005435068670333017,0.0020953987510255244,0.003990531231091902,0.008774289048171003,GOES-18 SGPS,0.008774289048171003,2026-01-19T19:16:00+00:00,sci_sgps-l2-avg1m_g18_d20260119_v3-0-3.nc,8b2ca91b906ccc5d91274b14cf976314b3b61f5f4b7286d0166f52a6b5573740,3-0-3,15,True,False,False,2026-01-19T19:17:00+00:00,sci_sgps-l2-avg1m_g18_d20260119_v3-0-3.nc,8b2ca91b906ccc5d91274b14cf976314b3b61f5f4b7286d0166f52a6b5573740,3-0-3,15,True,False,False,0.13896201434282937,0.23525216009871971,sep_20260118_2255:post_peak,113.96934777393156,0.017548578096342006,0,2,0,482,0,18,E
all_separate_directions_not_independent,60,main_loglog,screened,all,0.1,all_retained,above_level,log,239,0.0005435068670333009,0.0020953987510255218,0.003990531231091903,0.008774289048170996,GOES-18 SGPS,0.008774289048170996,2026-01-19T19:16:00+00:00,sci_sgps-l2-avg1m_g18_d20260119_v3-0-3.nc,8b2ca91b906ccc5d91274b14cf976314b3b61f5f4b7286d0166f52a6b5573740,3-0-3,15,True,False,False,2026-01-19T19:17:00+00:00,sci_sgps-l2-avg1m_g18_d20260119_v3-0-3.nc,8b2ca91b906ccc5d91274b14cf976314b3b61f5f4b7286d0166f52a6b5573740,3-0-3,15,True,False,False,0.13896201434282937,0.23525216009871971,sep_20260118_2255:post_peak,113.96934777393166,0.017548578096341992,0,2,0,482,0,18,E
all_separate_directions_not_independent,60,main_loglog,screened,all,0.1,all_retained,approach,H,2569,2.1982327859975416e-05,0.0001905466275284274,0.000919543720029386,0.004494616376916497,GOES-19 SGPS,0.004494616376916497,2026-01-19T21:05:00+00:00,sci_sgps-l2-avg1m_g19_d20260119_v3-0-3.nc,eb1c6d9b1161c537d049264831e07f7eb7a9a4e8ebc27ab40782d765db7b3cab,3-0-3,6,True,False,False,2026-01-19T21:06:00+00:00,sci_sgps-l2-avg1m_g19_d20260119_v3-0-3.nc,eb1c6d9b1161c537d049264831e07f7eb7a9a4e8ebc27ab40782d765db7b3cab,3-0-3,6,True,False,False,0.058615850709671576,0.08558354897117056,sep_20260118_2255:post_peak,222.48839859521973,0.008989232753832994,0,0,0,4803,0,19,E
all_separate_directions_not_independent,60,main_loglog,screened,all,0.1,all_retained,approach,log,0,,,,,GOES-18 SGPS,,,,,,,,,,,,,,,,,,,,,,,0,0,0,4803,0,18,E
all_separate_directions_not_independent,60,main_loglog,screened,all,0.1,all_retained,whole,H,390760,1.2131923535911811e-06,9.42935187810662e-06,5.029759768445218e-05,0.008774289048171003,GOES-18 SGPS,0.008774289048171003,2026-01-19T19:16:00+00:00,sci_sgps-l2-avg1m_g18_d20260119_v3-0-3.nc,8b2ca91b906ccc5d91274b14cf976314b3b61f5f4b7286d0166f52a6b5573740,3-0-3,15,True,False,False,2026-01-19T19:17:00+00:00,sci_sgps-l2-avg1m_g18_d20260119_v3-0-3.nc,8b2ca91b906ccc5d91274b14cf976314b3b61f5f4b7286d0166f52a6b5573740,3-0-3,15,True,False,False,0.13896201434282937,0.23525216009871971,sep_20260118_2255:post_peak,113.96934777393156,0.017548578096342006,0,4,0,781580,0,18,E
all_separate_directions_not_independent,60,main_loglog,screened,all,0.1,all_retained,whole,log,239,0.0005435068670333009,0.0020953987510255218,0.003990531231091903,0.008774289048170996,GOES-18 SGPS,0.008774289048170996,2026-01-19T19:16:00+00:00,sci_sgps-l2-avg1m_g18_d20260119_v3-0-3.nc,8b2ca91b906ccc5d91274b14cf976314b3b61f5f4b7286d0166f52a6b5573740,3-0-3,15,True,False,False,2026-01-19T19:17:00+00:00,sci_sgps-l2-avg1m_g18_d20260119_v3-0-3.nc,8b2ca91b906ccc5d91274b14cf976314b3b61f5f4b7286d0166f52a6b5573740,3-0-3,15,True,False,False,0.13896201434282937,0.23525216009871971,sep_20260118_2255:post_peak,113.96934777393166,0.017548578096341992,0,2,0,781580,0,18,E
all_separate_directions_not_independent,60,main_loglog,screened,all,0.1,confirmed_entry,above_level,H,180,0.0005378681112774971,0.001949931609762197,0.0035886162035984564,0.008774289048171003,GOES-18 SGPS,0.008774289048171003,2026-01-19T19:16:00+00:00,sci_sgps-l2-avg1m_g18_d20260119_v3-0-3.nc,8b2ca91b906ccc5d91274b14cf976314b3b61f5f4b7286d0166f52a6b5573740,3-0-3,15,True,False,False,2026-01-19T19:17:00+00:00,sci_sgps-l2-avg1m_g18_d20260119_v3-0-3.nc,8b2ca91b906ccc5d91274b14cf976314b3b61f5f4b7286d0166f52a6b5573740,3-0-3,15,True,False,False,0.13896201434282937,0.23525216009871971,sep_20260118_2255:post_peak,113.96934777393156,0.017548578096342006,0,1,0,354,0,18,E
all_separate_directions_not_independent,60,main_loglog,screened,all,0.1,confirmed_entry,above_level,log,180,0.0005378681112774961,0.0019499316097621958,0.003588616203598458,0.008774289048170996,GOES-18 SGPS,0.008774289048170996,2026-01-19T19:16:00+00:00,sci_sgps-l2-avg1m_g18_d20260119_v3-0-3.nc,8b2ca91b906ccc5d91274b14cf976314b3b61f5f4b7286d0166f52a6b5573740,3-0-3,15,True,False,False,2026-01-19T19:17:00+00:00,sci_sgps-l2-avg1m_g18_d20260119_v3-0-3.nc,8b2ca91b906ccc5d91274b14cf976314b3b61f5f4b7286d0166f52a6b5573740,3-0-3,15,True,False,False,0.13896201434282937,0.23525216009871971,sep_20260118_2255:post_peak,113.96934777393166,0.017548578096341992,0,1,0,354,0,18,E
all_separate_directions_not_independent,60,main_loglog,screened,all,0.1,confirmed_entry,approach,H,2541,2.1613909569335524e-05,0.00017834876769627268,0.0006875186880468458,0.004245130552227797,GOES-18 SGPS,0.004245130552227797,2026-01-19T19:13:00+00:00,sci_sgps-l2-avg1m_g18_d20260119_v3-0-3.nc,8b2ca91b906ccc5d91274b14cf976314b3b61f5f4b7286d0166f52a6b5573740,3-0-3,15,True,False,False,2026-01-19T19:14:00+00:00,sci_sgps-l2-avg1m_g18_d20260119_v3-0-3.nc,8b2ca91b906ccc5d91274b14cf976314b3b61f5f4b7286d0166f52a6b5573740,3-0-3,15,True,False,False,0.08503215749091797,0.111074327466122,sep_20260118_2255:pre_peak,235.56401568738826,0.008490261104455594,0,0,0,4751,0,18,E
all_separate_directions_not_independent,60,main_loglog,screened,all,0.1,confirmed_entry,approach,log,0,,,,,GOES-18 SGPS,,,,,,,,,,,,,,,,,,,,,,,0,0,0,4751,0,18,E
all_separate_directions_not_independent,60,main_loglog,screened,all,0.1,confirmed_entry,whole,H,2721,2.434136720664802e-05,0.0002599209506897441,0.001630758978683569,0.008774289048171003,GOES-18 SGPS,0.008774289048171003,2026-01-19T19:16:00+00:00,sci_sgps-l2-avg1m_g18_d20260119_v3-0-3.nc,8b2ca91b906ccc5d91274b14cf976314b3b61f5f4b7286d0166f52a6b5573740,3-0-3,15,True,False,False,2026-01-19T19:17:00+00:00,sci_sgps-l2-avg1m_g18_d20260119_v3-0-3.nc,8b2ca91b906ccc5d91274b14cf976314b3b61f5f4b7286d0166f52a6b5573740,3-0-3,15,True,False,False,0.13896201434282937,0.23525216009871971,sep_20260118_2255:post_peak,113.96934777393156,0.017548578096342006,0,1,0,5105,0,18,E
all_separate_directions_not_independent,60,main_loglog,screened,all,0.1,confirmed_entry,whole,log,180,0.0005378681112774961,0.0019499316097621958,0.003588616203598458,0.008774289048170996,GOES-18 SGPS,0.008774289048170996,2026-01-19T19:16:00+00:00,sci_sgps-l2-avg1m_g18_d20260119_v3-0-3.nc,8b2ca91b906ccc5d91274b14cf976314b3b61f5f4b7286d0166f52a6b5573740,3-0-3,15,True,False,False,2026-01-19T19:17:00+00:00,sci_sgps-l2-avg1m_g18_d20260119_v3-0-3.nc,8b2ca91b906ccc5d91274b14cf976314b3b61f5f4b7286d0166f52a6b5573740,3-0-3,15,True,False,False,0.13896201434282937,0.23525216009871971,sep_20260118_2255:post_peak,113.96934777393166,0.017548578096341992,0,1,0,5105,0,18,E
all_separate_directions_not_independent,60,main_loglog,screened,all,0.1,repeat_post_peak,above_level,H,5,0.0005486032340322744,0.0014755986143772317,0.001918002667826624,0.0019671586737654454,GOES-18 SGPS,0.0019671586737654454,2026-01-19T20:06:00+00:00,sci_sgps-l2-avg1m_g18_d20260119_v3-0-3.nc,8b2ca91b906ccc5d91274b14cf976314b3b61f5f4b7286d0166f52a6b5573740,3-0-3,15,True,False,False,2026-01-19T20:07:00+00:00,sci_sgps-l2-avg1m_g18_d20260119_v3-0-3.nc,8b2ca91b906ccc5d91274b14cf976314b3b61f5f4b7286d0166f52a6b5573740,3-0-3,15,True,False,False,0.10616558671084338,0.1194657279033528,sep_20260118_2255:post_peak,508.34740142534895,0.003934317347530891,0,0,0,11,0,18,E
all_separate_directions_not_independent,60,main_loglog,screened,all,0.1,repeat_post_peak,above_level,log,5,0.0005486032340322739,0.0014755986143772308,0.0019180026678266224,0.0019671586737654437,GOES-18 SGPS,0.0019671586737654437,2026-01-19T20:06:00+00:00,sci_sgps-l2-avg1m_g18_d20260119_v3-0-3.nc,8b2ca91b906ccc5d91274b14cf976314b3b61f5f4b7286d0166f52a6b5573740,3-0-3,15,True,False,False,2026-01-19T20:07:00+00:00,sci_sgps-l2-avg1m_g18_d20260119_v3-0-3.nc,8b2ca91b906ccc5d91274b14cf976314b3b61f5f4b7286d0166f52a6b5573740,3-0-3,15,True,False,False,0.10616558671084338,0.1194657279033528,sep_20260118_2255:post_peak,508.3474014253494,0.003934317347530887,0,0,0,11,0,18,E
all_separate_directions_not_independent,60,main_loglog,screened,all,0.1,repeat_post_peak,approach,H,19,0.0009579515234403276,0.0025413780638474854,0.004157599742928114,0.004494616376916497,GOES-19 SGPS,0.004494616376916497,2026-01-19T21:05:00+00:00,sci_sgps-l2-avg1m_g19_d20260119_v3-0-3.nc,eb1c6d9b1161c537d049264831e07f7eb7a9a4e8ebc27ab40782d765db7b3cab,3-0-3,6,True,False,False,2026-01-19T21:06:00+00:00,sci_sgps-l2-avg1m_g19_d20260119_v3-0-3.nc,eb1c6d9b1161c537d049264831e07f7eb7a9a4e8ebc27ab40782d765db7b3cab,3-0-3,6,True,False,False,0.058615850709671576,0.08558354897117056,sep_20260118_2255:post_peak,222.48839859521973,0.008989232753832994,0,0,0,32,0,19,E
all_separate_directions_not_independent,60,main_loglog,screened,all,0.1,repeat_post_peak,approach,log,0,,,,,GOES-18 SGPS,,,,,,,,,,,,,,,,,,,,,,,0,0,0,32,0,18,E
all_separate_directions_not_independent,60,main_loglog,screened,all,0.1,repeat_post_peak,whole,H,24,0.0009249774474486827,0.0025028828321020965,0.004063984011264673,0.004494616376916497,GOES-19 SGPS,0.004494616376916497,2026-01-19T21:05:00+00:00,sci_sgps-l2-avg1m_g19_d20260119_v3-0-3.nc,eb1c6d9b1161c537d049264831e07f7eb7a9a4e8ebc27ab40782d765db7b3cab,3-0-3,6,True,False,False,2026-01-19T21:06:00+00:00,sci_sgps-l2-avg1m_g19_d20260119_v3-0-3.nc,eb1c6d9b1161c537d049264831e07f7eb7a9a4e8ebc27ab40782d765db7b3cab,3-0-3,6,True,False,False,0.058615850709671576,0.08558354897117056,sep_20260118_2255:post_peak,222.48839859521973,0.008989232753832994,0,0,0,43,0,19,E
all_separate_directions_not_independent,60,main_loglog,screened,all,0.1,repeat_post_peak,whole,log,5,0.0005486032340322739,0.0014755986143772308,0.0019180026678266224,0.0019671586737654437,GOES-18 SGPS,0.0019671586737654437,2026-01-19T20:06:00+00:00,sci_sgps-l2-avg1m_g18_d20260119_v3-0-3.nc,8b2ca91b906ccc5d91274b14cf976314b3b61f5f4b7286d0166f52a6b5573740,3-0-3,15,True,False,False,2026-01-19T20:07:00+00:00,sci_sgps-l2-avg1m_g18_d20260119_v3-0-3.nc,8b2ca91b906ccc5d91274b14cf976314b3b61f5f4b7286d0166f52a6b5573740,3-0-3,15,True,False,False,0.10616558671084338,0.1194657279033528,sep_20260118_2255:post_peak,508.3474014253494,0.003934317347530887,0,0,0,43,0,18,E
all_separate_directions_not_independent,60,main_loglog,screened,all,0.1,repeat_pre_peak,above_level,H,54,0.000584444953348262,0.0026624067759660735,0.00554059299125987,0.007286508961758039,GOES-19 SGPS,0.007286508961758039,2026-01-19T19:16:00+00:00,sci_sgps-l2-avg1m_g19_d20260119_v3-0-3.nc,eb1c6d9b1161c537d049264831e07f7eb7a9a4e8ebc27ab40782d765db7b3cab,3-0-3,6,True,False,False,2026-01-19T19:17:00+00:00,sci_sgps-l2-avg1m_g19_d20260119_v3-0-3.nc,eb1c6d9b1161c537d049264831e07f7eb7a9a4e8ebc27ab40782d765db7b3cab,3-0-3,6,True,False,False,0.25041321365147357,0.38772756685160803,sep_20260118_2255:post_peak,137.2399327645549,0.014573017923516078,0,1,0,117,0,19,E
all_separate_directions_not_independent,60,main_loglog,screened,all,0.1,repeat_pre_peak,above_level,log,54,0.0005844449533482638,0.002662406775966073,0.00554059299125987,0.007286508961758039,GOES-19 SGPS,0.007286508961758039,2026-01-19T19:16:00+00:00,sci_sgps-l2-avg1m_g19_d20260119_v3-0-3.nc,eb1c6d9b1161c537d049264831e07f7eb7a9a4e8ebc27ab40782d765db7b3cab,3-0-3,6,True,False,False,2026-01-19T19:17:00+00:00,sci_sgps-l2-avg1m_g19_d20260119_v3-0-3.nc,eb1c6d9b1161c537d049264831e07f7eb7a9a4e8ebc27ab40782d765db7b3cab,3-0-3,6,True,False,False,0.25041321365147357,0.38772756685160803,sep_20260118_2255:post_peak,137.2399327645549,0.014573017923516078,0,1,0,117,0,19,E
all_separate_directions_not_independent,60,main_loglog,screened,all,0.1,repeat_pre_peak,approach,H,9,0.0003326512573720982,0.0008018133645882572,0.0011031739005448466,0.0011366584045400233,GOES-19 SGPS,0.0011366584045400233,2026-01-19T18:42:00+00:00,sci_sgps-l2-avg1m_g19_d20260119_v3-0-3.nc,eb1c6d9b1161c537d049264831e07f7eb7a9a4e8ebc27ab40782d765db7b3cab,3-0-3,6,True,False,False,2026-01-19T18:43:00+00:00,sci_sgps-l2-avg1m_g19_d20260119_v3-0-3.nc,eb1c6d9b1161c537d049264831e07f7eb7a9a4e8ebc27ab40782d765db7b3cab,3-0-3,6,True,False,False,0.09766419257108414,0.10458620044036454,sep_20260118_2255:pre_peak,879.7717907207791,0.0022733168090800465,0,0,0,20,0,19,E
all_separate_directions_not_independent,60,main_loglog,screened,all,0.1,repeat_pre_peak,approach,log,0,,,,,GOES-19 SGPS,,,,,,,,,,,,,,,,,,,,,,,0,0,0,20,0,19,E
all_separate_directions_not_independent,60,main_loglog,screened,all,0.1,repeat_pre_peak,whole,H,63,0.0005226641640924938,0.002501049940598876,0.005244116694382836,0.007286508961758039,GOES-19 SGPS,0.007286508961758039,2026-01-19T19:16:00+00:00,sci_sgps-l2-avg1m_g19_d20260119_v3-0-3.nc,eb1c6d9b1161c537d049264831e07f7eb7a9a4e8ebc27ab40782d765db7b3cab,3-0-3,6,True,False,False,2026-01-19T19:17:00+00:00,sci_sgps-l2-avg1m_g19_d20260119_v3-0-3.nc,eb1c6d9b1161c537d049264831e07f7eb7a9a4e8ebc27ab40782d765db7b3cab,3-0-3,6,True,False,False,0.25041321365147357,0.38772756685160803,sep_20260118_2255:post_peak,137.2399327645549,0.014573017923516078,0,1,0,137,0,19,E
all_separate_directions_not_independent,60,main_loglog,screened,all,0.1,repeat_pre_peak,whole,log,54,0.0005844449533482638,0.002662406775966073,0.00554059299125987,0.007286508961758039,GOES-19 SGPS,0.007286508961758039,2026-01-19T19:16:00+00:00,sci_sgps-l2-avg1m_g19_d20260119_v3-0-3.nc,eb1c6d9b1161c537d049264831e07f7eb7a9a4e8ebc27ab40782d765db7b3cab,3-0-3,6,True,False,False,2026-01-19T19:17:00+00:00,sci_sgps-l2-avg1m_g19_d20260119_v3-0-3.nc,eb1c6d9b1161c537d049264831e07f7eb7a9a4e8ebc27ab40782d765db7b3cab,3-0-3,6,True,False,False,0.25041321365147357,0.38772756685160803,sep_20260118_2255:post_peak,137.2399327645549,0.014573017923516078,0,1,0,137,0,19,E
all_separate_directions_not_independent,60,main_loglog,screened,all,0.1,unassigned_no_crossing,whole,H,387952,1.1970082778996256e-06,9.0213118769727e-06,4.335855357797259e-05,0.008346391628632694,GOES-18 SGPS,0.008346391628632694,2026-01-19T21:08:00+00:00,sci_sgps-l2-avg1m_g18_d20260119_v3-0-3.nc,8b2ca91b906ccc5d91274b14cf976314b3b61f5f4b7286d0166f52a6b5573740,3-0-3,15,True,False,False,2026-01-19T21:09:00+00:00,sci_sgps-l2-avg1m_g18_d20260119_v3-0-3.nc,8b2ca91b906ccc5d91274b14cf976314b3b61f5f4b7286d0166f52a6b5573740,3-0-3,15,True,False,False,0.035716117691922976,0.08579446746371915,sep_20260118_2255:post_peak,119.81225474364902,0.01669278325726539,0,2,0,776295,0,18,W
all_separate_directions_not_independent,60,main_loglog,screened,all,0.1,unassigned_no_crossing,whole,log,0,,,,,GOES-16 SGPS,,,,,,,,,,,,,,,,,,,,,,,0,0,0,776295,0,16,E
all_separate_directions_not_independent,300,core_only,reported,all,0.001,all_retained,above_level,H,8272,0.00010363459317187297,0.00034373333027756483,0.0009171536856898992,0.004556615539030474,GOES-18 SGPS,0.004556615539030474,2025-11-12T00:25:00+00:00,sci_sgps-l2-avg5m_g18_d20251112_v3-0-2.nc,7aaf291677e040ccf6e3f4579abe48009803b2f023ab45a63bc8cca30bf07e52,3-0-2,12,True,False,False,2025-11-12T00:30:00+00:00,sci_sgps-l2-avg5m_g18_d20251112_v3-0-2.nc,7aaf291677e040ccf6e3f4579abe48009803b2f023ab45a63bc8cca30bf07e52,3-0-2,12,True,False,False,0.002774699103698172,0.010886537911414671,sep_20251110_1125:post_peak|sep_20251111_0945:pre_peak,219.46113105973677,0.009113231078060948,0,0,0,17058,1714,18,E
all_separate_directions_not_independent,300,core_only,reported,all,0.001,all_retained,above_level,log,8272,0.00010363459317187312,0.0003437333302775646,0.0009171536856898992,0.004556615539030474,GOES-18 SGPS,0.004556615539030474,2025-11-12T00:25:00+00:00,sci_sgps-l2-avg5m_g18_d20251112_v3-0-2.nc,7aaf291677e040ccf6e3f4579abe48009803b2f023ab45a63bc8cca30bf07e52,3-0-2,12,True,False,False,2025-11-12T00:30:00+00:00,sci_sgps-l2-avg5m_g18_d20251112_v3-0-2.nc,7aaf291677e040ccf6e3f4579abe48009803b2f023ab45a63bc8cca30bf07e52,3-0-2,12,True,False,False,0.002774699103698172,0.010886537911414671,sep_20251110_1125:post_peak|sep_20251111_0945:pre_peak,219.46113105973677,0.009113231078060948,0,0,0,17058,1714,18,E
all_separate_directions_not_independent,300,core_only,reported,all,0.001,all_retained,approach,H,5969,5.991673236985425e-05,0.00026103926740436674,0.0007754283773082572,0.0031149980886936153,GOES-16 SGPS,0.0031149980886936153,2017-09-07T23:15:00+00:00,se_sgps-l2-avg5m_g16_s20172440000000_e20172732355000_v2_0_0.nc,f5da29fe3a7dc3092a311a191ee015d6cb97773c6425e64214db2d0dab5fafb2,special_2_0_0,0,True,False,False,2017-09-07T23:20:00+00:00,se_sgps-l2-avg5m_g16_s20172440000000_e20172732355000_v2_0_0.nc,f5da29fe3a7dc3092a311a191ee015d6cb97773c6425e64214db2d0dab5fafb2,special_2_0_0,0,True,False,False,0.0005890293272248779,0.0016879735959352362,sep_20170905_0040:pre_peak|special_201709:unknown_peak,321.02748429594874,0.006229996177387231,0,0,0,10910,1722,16,E
all_separate_directions_not_independent,300,core_only,reported,all,0.001,all_retained,approach,log,0,,,,,GOES-16 SGPS,,,,,,,,,,,,,,,,,,,,,,,0,0,0,10910,1722,16,E
all_separate_directions_not_independent,300,core_only,reported,all,0.001,all_retained,whole,H,120220,1.0365694369619684e-05,7.553810679117847e-05,0.0003579349118479078,0.004556615539030474,GOES-18 SGPS,0.004556615539030474,2025-11-12T00:25:00+00:00,sci_sgps-l2-avg5m_g18_d20251112_v3-0-2.nc,7aaf291677e040ccf6e3f4579abe48009803b2f023ab45a63bc8cca30bf07e52,3-0-2,12,True,False,False,2025-11-12T00:30:00+00:00,sci_sgps-l2-avg5m_g18_d20251112_v3-0-2.nc,7aaf291677e040ccf6e3f4579abe48009803b2f023ab45a63bc8cca30bf07e52,3-0-2,12,True,False,False,0.002774699103698172,0.010886537911414671,sep_20251110_1125:post_peak|sep_20251111_0945:pre_peak,219.46113105973677,0.009113231078060948,0,0,0,241742,3436,18,E
all_separate_directions_not_independent,300,core_only,reported,all,0.001,all_retained,whole,log,8272,0.00010363459317187312,0.0003437333302775646,0.0009171536856898992,0.004556615539030474,GOES-18 SGPS,0.004556615539030474,2025-11-12T00:25:00+00:00,sci_sgps-l2-avg5m_g18_d20251112_v3-0-2.nc,7aaf291677e040ccf6e3f4579abe48009803b2f023ab45a63bc8cca30bf07e52,3-0-2,12,True,False,False,2025-11-12T00:30:00+00:00,sci_sgps-l2-avg5m_g18_d20251112_v3-0-2.nc,7aaf291677e040ccf6e3f4579abe48009803b2f023ab45a63bc8cca30bf07e52,3-0-2,12,True,False,False,0.002774699103698172,0.010886537911414671,sep_20251110_1125:post_peak|sep_20251111_0945:pre_peak,219.46113105973677,0.009113231078060948,0,0,0,241742,3436,18,E
all_separate_directions_not_independent,300,core_only,reported,all,0.001,censored_first,above_level,H,102,0.00012126648722970497,0.0005147417712707031,0.0016910252289892842,0.002642157114996677,GOES-18 SGPS,0.002642157114996677,2026-01-19T21:55:00+00:00,sci_sgps-l2-avg5m_g18_d20260119_v3-0-3.nc,b20e422ff57453d1a1755e6a53140aa9903be3a480b7a54d058c83bcf8afeb3b,3-0-3,15,True,False,False,2026-01-19T22:00:00+00:00,sci_sgps-l2-avg5m_g18_d20260119_v3-0-3.nc,b20e422ff57453d1a1755e6a53140aa9903be3a480b7a54d058c83bcf8afeb3b,3-0-3,15,True,False,False,0.0036515409574125195,0.008067118804863539,sep_20260118_2255:post_peak,378.4786280588986,0.005284314229993354,0,0,0,259,15,18,W
all_separate_directions_not_independent,300,core_only,reported,all,0.001,censored_first,above_level,log,102,0.00012126648722970499,0.0005147417712707032,0.001691025228989284,0.002642157114996676,GOES-18 SGPS,0.002642157114996676,2026-01-19T21:55:00+00:00,sci_sgps-l2-avg5m_g18_d20260119_v3-0-3.nc,b20e422ff57453d1a1755e6a53140aa9903be3a480b7a54d058c83bcf8afeb3b,3-0-3,15,True,False,False,2026-01-19T22:00:00+00:00,sci_sgps-l2-avg5m_g18_d20260119_v3-0-3.nc,b20e422ff57453d1a1755e6a53140aa9903be3a480b7a54d058c83bcf8afeb3b,3-0-3,15,True,False,False,0.0036515409574125195,0.008067118804863539,sep_20260118_2255:post_peak,378.47862805889883,0.005284314229993352,0,0,0,259,15,18,W
all_separate_directions_not_independent,300,core_only,reported,all,0.001,censored_first,approach,H,68,9.952535387866112e-05,0.00027097628259805214,0.00048766929891652774,0.000556176409828234,GOES-18 SGPS,0.000556176409828234,2024-02-13T03:45:00+00:00,sci_sgps-l2-avg5m_g18_d20240213_v3-0-2.nc,4189f22c13ce0f150dbc49309929821dbd76ec43a34b58ff4a68b428c4c4d100,3-0-2,6,True,False,False,2024-02-13T03:50:00+00:00,sci_sgps-l2-avg5m_g18_d20240213_v3-0-2.nc,4189f22c13ce0f150dbc49309929821dbd76ec43a34b58ff4a68b428c4c4d100,3-0-2,6,True,False,False,0.0008305185024491478,0.0009973714253976179,sep_20240212_0805:pre_peak,1797.990677649981,0.001112352819656468,0,0,0,126,43,18,E
all_separate_directions_not_independent,300,core_only,reported,all,0.001,censored_first,approach,log,0,,,,,GOES-18 SGPS,,,,,,,,,,,,,,,,,,,,,,,0,0,0,126,43,18,E
all_separate_directions_not_independent,300,core_only,reported,all,0.001,censored_first,whole,H,170,0.00011686286945244984,0.0003915267362655484,0.0014443306827324556,0.002642157114996677,GOES-18 SGPS,0.002642157114996677,2026-01-19T21:55:00+00:00,sci_sgps-l2-avg5m_g18_d20260119_v3-0-3.nc,b20e422ff57453d1a1755e6a53140aa9903be3a480b7a54d058c83bcf8afeb3b,3-0-3,15,True,False,False,2026-01-19T22:00:00+00:00,sci_sgps-l2-avg5m_g18_d20260119_v3-0-3.nc,b20e422ff57453d1a1755e6a53140aa9903be3a480b7a54d058c83bcf8afeb3b,3-0-3,15,True,False,False,0.0036515409574125195,0.008067118804863539,sep_20260118_2255:post_peak,378.4786280588986,0.005284314229993354,0,0,0,385,58,18,W
all_separate_directions_not_independent,300,core_only,reported,all,0.001,censored_first,whole,log,102,0.00012126648722970499,0.0005147417712707032,0.001691025228989284,0.002642157114996676,GOES-18 SGPS,0.002642157114996676,2026-01-19T21:55:00+00:00,sci_sgps-l2-avg5m_g18_d20260119_v3-0-3.nc,b20e422ff57453d1a1755e6a53140aa9903be3a480b7a54d058c83bcf8afeb3b,3-0-3,15,True,False,False,2026-01-19T22:00:00+00:00,sci_sgps-l2-avg5m_g18_d20260119_v3-0-3.nc,b20e422ff57453d1a1755e6a53140aa9903be3a480b7a54d058c83bcf8afeb3b,3-0-3,15,True,False,False,0.0036515409574125195,0.008067118804863539,sep_20260118_2255:post_peak,378.47862805889883,0.005284314229993352,0,0,0,385,58,18,W
all_separate_directions_not_independent,300,core_only,reported,all,0.001,censored_repeat,above_level,H,395,9.64061432141879e-05,0.00028871308436482444,0.0007657240377881591,0.0021452247905157915,GOES-18 SGPS,0.0021452247905157915,2026-01-20T13:15:00+00:00,sci_sgps-l2-avg5m_g18_d20260120_v3-0-3.nc,2c7320874731d583df79acb4f8adbeb58fa836f527c79a17ae579a62cc47323a,3-0-3,15,True,False,False,2026-01-20T13:20:00+00:00,sci_sgps-l2-avg5m_g18_d20260120_v3-0-3.nc,2c7320874731d583df79acb4f8adbeb58fa836f527c79a17ae579a62cc47323a,3-0-3,15,True,False,False,0.001104890461434673,0.002102892204174828,sep_20260118_2255:post_peak,466.1516147030741,0.004290449581031583,0,0,0,761,140,18,W
all_separate_directions_not_independent,300,core_only,reported,all,0.001,censored_repeat,above_level,log,395,9.64061432141879e-05,0.00028871308436482487,0.0007657240377881594,0.0021452247905157915,GOES-18 SGPS,0.0021452247905157915,2026-01-20T13:15:00+00:00,sci_sgps-l2-avg5m_g18_d20260120_v3-0-3.nc,2c7320874731d583df79acb4f8adbeb58fa836f527c79a17ae579a62cc47323a,3-0-3,15,True,False,False,2026-01-20T13:20:00+00:00,sci_sgps-l2-avg5m_g18_d20260120_v3-0-3.nc,2c7320874731d583df79acb4f8adbeb58fa836f527c79a17ae579a62cc47323a,3-0-3,15,True,False,False,0.001104890461434673,0.002102892204174828,sep_20260118_2255:post_peak,466.1516147030741,0.004290449581031583,0,0,0,761,140,18,W
all_separate_directions_not_independent,300,core_only,reported,all,0.001,censored_repeat,approach,H,1060,5.272683821198165e-05,0.000226347654494164,0.0006471541277905864,0.002729823516077374,GOES-18 SGPS,0.002729823516077374,2024-02-11T02:05:00+00:00,sci_sgps-l2-avg5m_g18_d20240211_v3-0-2.nc,e9031dcb3fbda5c1d8c261fa3b78e0d905b3ca8bf509e2ae14348a90fe760c1b,3-0-2,6,True,False,False,2024-02-11T02:10:00+00:00,sci_sgps-l2-avg5m_g18_d20240211_v3-0-2.nc,e9031dcb3fbda5c1d8c261fa3b78e0d905b3ca8bf509e2ae14348a90fe760c1b,3-0-2,6,True,False,False,0.00043299492641205543,0.001286521392737461,sep_20240209_1530:post_peak|sep_20240212_0805:pre_peak,366.324047730731,0.005459647032154748,0,0,0,2110,1160,18,E
all_separate_directions_not_independent,300,core_only,reported,all,0.001,censored_repeat,approach,log,0,,,,,GOES-16 SGPS,,,,,,,,,,,,,,,,,,,,,,,0,0,0,2110,1160,16,E
all_separate_directions_not_independent,300,core_only,reported,all,0.001,censored_repeat,whole,H,1455,6.236851640794933e-05,0.0002506952939413254,0.0006662788557580336,0.002729823516077374,GOES-18 SGPS,0.002729823516077374,2024-02-11T02:05:00+00:00,sci_sgps-l2-avg5m_g18_d20240211_v3-0-2.nc,e9031dcb3fbda5c1d8c261fa3b78e0d905b3ca8bf509e2ae14348a90fe760c1b,3-0-2,6,True,False,False,2024-02-11T02:10:00+00:00,sci_sgps-l2-avg5m_g18_d20240211_v3-0-2.nc,e9031dcb3fbda5c1d8c261fa3b78e0d905b3ca8bf509e2ae14348a90fe760c1b,3-0-2,6,True,False,False,0.00043299492641205543,0.001286521392737461,sep_20240209_1530:post_peak|sep_20240212_0805:pre_peak,366.324047730731,0.005459647032154748,0,0,0,2871,1300,18,E
all_separate_directions_not_independent,300,core_only,reported,all,0.001,censored_repeat,whole,log,395,9.64061432141879e-05,0.00028871308436482487,0.0007657240377881594,0.0021452247905157915,GOES-18 SGPS,0.0021452247905157915,2026-01-20T13:15:00+00:00,sci_sgps-l2-avg5m_g18_d20260120_v3-0-3.nc,2c7320874731d583df79acb4f8adbeb58fa836f527c79a17ae579a62cc47323a,3-0-3,15,True,False,False,2026-01-20T13:20:00+00:00,sci_sgps-l2-avg5m_g18_d20260120_v3-0-3.nc,2c7320874731d583df79acb4f8adbeb58fa836f527c79a17ae579a62cc47323a,3-0-3,15,True,False,False,0.001104890461434673,0.002102892204174828,sep_20260118_2255:post_peak,466.1516147030741,0.004290449581031583,0,0,0,2871,1300,18,W
all_separate_directions_not_independent,300,core_only,reported,all,0.001,confirmed_entry,above_level,H,5025,9.536297217599484e-05,0.0003162888157415627,0.000778495008363842,0.002960678860245697,GOES-19 SGPS,0.002960678860245697,2025-11-12T00:30:00+00:00,sci_sgps-l2-avg5m_g19_d20251112_v3-0-2.nc,e6eaaa38385281dc3fb36331b7ece38987ea80f060f59b874b08e3f4165a2ef8,3-0-2,0,True,False,False,2025-11-12T00:35:00+00:00,sci_sgps-l2-avg5m_g19_d20251112_v3-0-2.nc,e6eaaa38385281dc3fb36331b7ece38987ea80f060f59b874b08e3f4165a2ef8,3-0-2,0,True,False,False,0.005978546997751657,0.014532408430346071,sep_20251110_1125:post_peak|sep_20251111_0945:pre_peak,337.76037429368927,0.005921357720491394,0,0,0,10440,846,19,W
all_separate_directions_not_independent,300,core_only,reported,all,0.001,confirmed_entry,above_level,log,5025,9.536297217599427e-05,0.0003162888157415618,0.000778495008363843,0.002960678860245697,GOES-19 SGPS,0.002960678860245697,2025-11-12T00:30:00+00:00,sci_sgps-l2-avg5m_g19_d20251112_v3-0-2.nc,e6eaaa38385281dc3fb36331b7ece38987ea80f060f59b874b08e3f4165a2ef8,3-0-2,0,True,False,False,2025-11-12T00:35:00+00:00,sci_sgps-l2-avg5m_g19_d20251112_v3-0-2.nc,e6eaaa38385281dc3fb36331b7ece38987ea80f060f59b874b08e3f4165a2ef8,3-0-2,0,True,False,False,0.005978546997751657,0.014532408430346071,sep_20251110_1125:post_peak|sep_20251111_0945:pre_peak,337.76037429368927,0.005921357720491394,0,0,0,10440,846,19,W
all_separate_directions_not_independent,300,core_only,reported,all,0.001,confirmed_entry,approach,H,4081,5.33886982248973e-05,0.00023587197141773726,0.0007178477886211039,0.0020797946739698103,GOES-16 SGPS,0.0020797946739698103,2017-09-10T16:30:00+00:00,se_sgps-l2-avg5m_g16_s20172440000000_e20172732355000_v2_0_0.nc,f5da29fe3a7dc3092a311a191ee015d6cb97773c6425e64214db2d0dab5fafb2,special_2_0_0,0,True,False,False,2017-09-10T16:35:00+00:00,se_sgps-l2-avg5m_g16_s20172440000000_e20172732355000_v2_0_0.nc,f5da29fe3a7dc3092a311a191ee015d6cb97773c6425e64214db2d0dab5fafb2,special_2_0_0,0,True,False,False,0.0005745512577396031,0.0012195594170199798,sep_20170910_1645:pre_peak|special_201709:unknown_peak,480.8166943187949,0.004159589347939621,0,0,0,7318,43,16,W
all_separate_directions_not_independent,300,core_only,reported,all,0.001,confirmed_entry,approach,log,0,,,,,GOES-16 SGPS,,,,,,,,,,,,,,,,,,,,,,,0,0,0,7318,43,16,E
all_separate_directions_not_independent,300,core_only,reported,all,0.001,confirmed_entry,whole,H,9106,7.464424130806203e-05,0.0002853517543449577,0.0007574137637113202,0.002960678860245697,GOES-19 SGPS,0.002960678860245697,2025-11-12T00:30:00+00:00,sci_sgps-l2-avg5m_g19_d20251112_v3-0-2.nc,e6eaaa38385281dc3fb36331b7ece38987ea80f060f59b874b08e3f4165a2ef8,3-0-2,0,True,False,False,2025-11-12T00:35:00+00:00,sci_sgps-l2-avg5m_g19_d20251112_v3-0-2.nc,e6eaaa38385281dc3fb36331b7ece38987ea80f060f59b874b08e3f4165a2ef8,3-0-2,0,True,False,False,0.005978546997751657,0.014532408430346071,sep_20251110_1125:post_peak|sep_20251111_0945:pre_peak,337.76037429368927,0.005921357720491394,0,0,0,17758,889,19,W
all_separate_directions_not_independent,300,core_only,reported,all,0.001,confirmed_entry,whole,log,5025,9.536297217599427e-05,0.0003162888157415618,0.000778495008363843,0.002960678860245697,GOES-19 SGPS,0.002960678860245697,2025-11-12T00:30:00+00:00,sci_sgps-l2-avg5m_g19_d20251112_v3-0-2.nc,e6eaaa38385281dc3fb36331b7ece38987ea80f060f59b874b08e3f4165a2ef8,3-0-2,0,True,False,False,2025-11-12T00:35:00+00:00,sci_sgps-l2-avg5m_g19_d20251112_v3-0-2.nc,e6eaaa38385281dc3fb36331b7ece38987ea80f060f59b874b08e3f4165a2ef8,3-0-2,0,True,False,False,0.005978546997751657,0.014532408430346071,sep_20251110_1125:post_peak|sep_20251111_0945:pre_peak,337.76037429368927,0.005921357720491394,0,0,0,17758,889,19,W
all_separate_directions_not_independent,300,core_only,reported,all,0.001,repeat_peak_unknown,above_level,H,20,0.0006417812667494934,0.0020491805511890313,0.002497613963788758,0.0025911362281809598,GOES-16 SGPS,0.0025911362281809598,2017-09-08T00:25:00+00:00,se_sgps-l2-avg5m_g16_s20172440000000_e20172732355000_v2_0_0.nc,f5da29fe3a7dc3092a311a191ee015d6cb97773c6425e64214db2d0dab5fafb2,special_2_0_0,0,True,False,False,2017-09-08T00:30:00+00:00,se_sgps-l2-avg5m_g16_s20172440000000_e20172732355000_v2_0_0.nc,f5da29fe3a7dc3092a311a191ee015d6cb97773c6425e64214db2d0dab5fafb2,special_2_0_0,0,True,False,False,0.0019139762861713002,0.004164198298504787,sep_20170905_0040:pre_peak|special_201709:unknown_peak,385.931078854169,0.0051822724563619195,0,0,0,49,49,16,W
all_separate_directions_not_independent,300,core_only,reported,all,0.001,repeat_peak_unknown,above_level,log,20,0.0006417812667494935,0.0020491805511890313,0.0024976139637887577,0.002591136228180959,GOES-16 SGPS,0.002591136228180959,2017-09-08T00:25:00+00:00,se_sgps-l2-avg5m_g16_s20172440000000_e20172732355000_v2_0_0.nc,f5da29fe3a7dc3092a311a191ee015d6cb97773c6425e64214db2d0dab5fafb2,special_2_0_0,0,True,False,False,2017-09-08T00:30:00+00:00,se_sgps-l2-avg5m_g16_s20172440000000_e20172732355000_v2_0_0.nc,f5da29fe3a7dc3092a311a191ee015d6cb97773c6425e64214db2d0dab5fafb2,special_2_0_0,0,True,False,False,0.0019139762861713002,0.004164198298504787,sep_20170905_0040:pre_peak|special_201709:unknown_peak,385.93107885416913,0.005182272456361918,0,0,0,49,49,16,W
all_separate_directions_not_independent,300,core_only,reported,all,0.001,repeat_peak_unknown,approach,H,243,9.718977729417729e-05,0.00036180354373359087,0.002515128817304657,0.0031149980886936153,GOES-16 SGPS,0.0031149980886936153,2017-09-07T23:15:00+00:00,se_sgps-l2-avg5m_g16_s20172440000000_e20172732355000_v2_0_0.nc,f5da29fe3a7dc3092a311a191ee015d6cb97773c6425e64214db2d0dab5fafb2,special_2_0_0,0,True,False,False,2017-09-07T23:20:00+00:00,se_sgps-l2-avg5m_g16_s20172440000000_e20172732355000_v2_0_0.nc,f5da29fe3a7dc3092a311a191ee015d6cb97773c6425e64214db2d0dab5fafb2,special_2_0_0,0,True,False,False,0.0005890293272248779,0.0016879735959352362,sep_20170905_0040:pre_peak|special_201709:unknown_peak,321.02748429594874,0.006229996177387231,0,0,0,472,459,16,E
all_separate_directions_not_independent,300,core_only,reported,all,0.001,repeat_peak_unknown,approach,log,0,,,,,GOES-16 SGPS,,,,,,,,,,,,,,,,,,,,,,,0,0,0,472,459,16,E
all_separate_directions_not_independent,300,core_only,reported,all,0.001,repeat_peak_unknown,whole,H,263,0.00010457856259579216,0.0005673538057234764,0.0026543474234733385,0.0031149980886936153,GOES-16 SGPS,0.0031149980886936153,2017-09-07T23:15:00+00:00,se_sgps-l2-avg5m_g16_s20172440000000_e20172732355000_v2_0_0.nc,f5da29fe3a7dc3092a311a191ee015d6cb97773c6425e64214db2d0dab5fafb2,special_2_0_0,0,True,False,False,2017-09-07T23:20:00+00:00,se_sgps-l2-avg5m_g16_s20172440000000_e20172732355000_v2_0_0.nc,f5da29fe3a7dc3092a311a191ee015d6cb97773c6425e64214db2d0dab5fafb2,special_2_0_0,0,True,False,False,0.0005890293272248779,0.0016879735959352362,sep_20170905_0040:pre_peak|special_201709:unknown_peak,321.02748429594874,0.006229996177387231,0,0,0,521,508,16,E
all_separate_directions_not_independent,300,core_only,reported,all,0.001,repeat_peak_unknown,whole,log,20,0.0006417812667494935,0.0020491805511890313,0.0024976139637887577,0.002591136228180959,GOES-16 SGPS,0.002591136228180959,2017-09-08T00:25:00+00:00,se_sgps-l2-avg5m_g16_s20172440000000_e20172732355000_v2_0_0.nc,f5da29fe3a7dc3092a311a191ee015d6cb97773c6425e64214db2d0dab5fafb2,special_2_0_0,0,True,False,False,2017-09-08T00:30:00+00:00,se_sgps-l2-avg5m_g16_s20172440000000_e20172732355000_v2_0_0.nc,f5da29fe3a7dc3092a311a191ee015d6cb97773c6425e64214db2d0dab5fafb2,special_2_0_0,0,True,False,False,0.0019139762861713002,0.004164198298504787,sep_20170905_0040:pre_peak|special_201709:unknown_peak,385.93107885416913,0.005182272456361918,0,0,0,521,508,16,W
all_separate_directions_not_independent,300,core_only,reported,all,0.001,repeat_post_peak,above_level,H,507,0.00011762429011654252,0.000383244019974288,0.0009810435185610962,0.004556615539030474,GOES-18 SGPS,0.004556615539030474,2025-11-12T00:25:00+00:00,sci_sgps-l2-avg5m_g18_d20251112_v3-0-2.nc,7aaf291677e040ccf6e3f4579abe48009803b2f023ab45a63bc8cca30bf07e52,3-0-2,12,True,False,False,2025-11-12T00:30:00+00:00,sci_sgps-l2-avg5m_g18_d20251112_v3-0-2.nc,7aaf291677e040ccf6e3f4579abe48009803b2f023ab45a63bc8cca30bf07e52,3-0-2,12,True,False,False,0.002774699103698172,0.010886537911414671,sep_20251110_1125:post_peak|sep_20251111_0945:pre_peak,219.46113105973677,0.009113231078060948,0,0,0,1086,434,18,E
all_separate_directions_not_independent,300,core_only,reported,all,0.001,repeat_post_peak,above_level,log,507,0.00011762429011654252,0.000383244019974288,0.0009810435185610966,0.004556615539030474,GOES-18 SGPS,0.004556615539030474,2025-11-12T00:25:00+00:00,sci_sgps-l2-avg5m_g18_d20251112_v3-0-2.nc,7aaf291677e040ccf6e3f4579abe48009803b2f023ab45a63bc8cca30bf07e52,3-0-2,12,True,False,False,2025-11-12T00:30:00+00:00,sci_sgps-l2-avg5m_g18_d20251112_v3-0-2.nc,7aaf291677e040ccf6e3f4579abe48009803b2f023ab45a63bc8cca30bf07e52,3-0-2,12,True,False,False,0.002774699103698172,0.010886537911414671,sep_20251110_1125:post_peak|sep_20251111_0945:pre_peak,219.46113105973677,0.009113231078060948,0,0,0,1086,434,18,E
all_separate_directions_not_independent,300,core_only,reported,all,0.001,repeat_post_peak,approach,H,535,0.0001038052695733264,0.00031861905688207606,0.0011668150256470716,0.002729823516077374,GOES-18 SGPS,0.002729823516077374,2024-02-11T02:05:00+00:00,sci_sgps-l2-avg5m_g18_d20240211_v3-0-2.nc,e9031dcb3fbda5c1d8c261fa3b78e0d905b3ca8bf509e2ae14348a90fe760c1b,3-0-2,6,True,False,False,2024-02-11T02:10:00+00:00,sci_sgps-l2-avg5m_g18_d20240211_v3-0-2.nc,e9031dcb3fbda5c1d8c261fa3b78e0d905b3ca8bf509e2ae14348a90fe760c1b,3-0-2,6,True,False,False,0.00043299492641205543,0.001286521392737461,sep_20240209_1530:post_peak|sep_20240212_0805:pre_peak,366.324047730731,0.005459647032154748,0,0,0,976,489,18,E
all_separate_directions_not_independent,300,core_only,reported,all,0.001,repeat_post_peak,approach,log,0,,,,,GOES-16 SGPS,,,,,,,,,,,,,,,,,,,,,,,0,0,0,976,489,16,E
all_separate_directions_not_independent,300,core_only,reported,all,0.001,repeat_post_peak,whole,H,1042,0.00011215116770386003,0.000354318563521973,0.001156338561822101,0.004556615539030474,GOES-18 SGPS,0.004556615539030474,2025-11-12T00:25:00+00:00,sci_sgps-l2-avg5m_g18_d20251112_v3-0-2.nc,7aaf291677e040ccf6e3f4579abe48009803b2f023ab45a63bc8cca30bf07e52,3-0-2,12,True,False,False,2025-11-12T00:30:00+00:00,sci_sgps-l2-avg5m_g18_d20251112_v3-0-2.nc,7aaf291677e040ccf6e3f4579abe48009803b2f023ab45a63bc8cca30bf07e52,3-0-2,12,True,False,False,0.002774699103698172,0.010886537911414671,sep_20251110_1125:post_peak|sep_20251111_0945:pre_peak,219.46113105973677,0.009113231078060948,0,0,0,2062,923,18,E
all_separate_directions_not_independent,300,core_only,reported,all,0.001,repeat_post_peak,whole,log,507,0.00011762429011654252,0.000383244019974288,0.0009810435185610966,0.004556615539030474,GOES-18 SGPS,0.004556615539030474,2025-11-12T00:25:00+00:00,sci_sgps-l2-avg5m_g18_d20251112_v3-0-2.nc,7aaf291677e040ccf6e3f4579abe48009803b2f023ab45a63bc8cca30bf07e52,3-0-2,12,True,False,False,2025-11-12T00:30:00+00:00,sci_sgps-l2-avg5m_g18_d20251112_v3-0-2.nc,7aaf291677e040ccf6e3f4579abe48009803b2f023ab45a63bc8cca30bf07e52,3-0-2,12,True,False,False,0.002774699103698172,0.010886537911414671,sep_20251110_1125:post_peak|sep_20251111_0945:pre_peak,219.46113105973677,0.009113231078060948,0,0,0,2062,923,18,E
all_separate_directions_not_independent,300,core_only,reported,all,0.001,repeat_pre_peak,above_level,H,2472,0.00012111332348881769,0.00041391998676667467,0.0012092961214809554,0.004556615539030474,GOES-18 SGPS,0.004556615539030474,2025-11-12T00:25:00+00:00,sci_sgps-l2-avg5m_g18_d20251112_v3-0-2.nc,7aaf291677e040ccf6e3f4579abe48009803b2f023ab45a63bc8cca30bf07e52,3-0-2,12,True,False,False,2025-11-12T00:30:00+00:00,sci_sgps-l2-avg5m_g18_d20251112_v3-0-2.nc,7aaf291677e040ccf6e3f4579abe48009803b2f023ab45a63bc8cca30bf07e52,3-0-2,12,True,False,False,0.002774699103698172,0.010886537911414671,sep_20251110_1125:post_peak|sep_20251111_0945:pre_peak,219.46113105973677,0.009113231078060948,0,0,0,5018,785,18,E
all_separate_directions_not_independent,300,core_only,reported,all,0.001,repeat_pre_peak,above_level,log,2472,0.00012111332348881771,0.000413919986766676,0.0012092961214809554,0.004556615539030474,GOES-18 SGPS,0.004556615539030474,2025-11-12T00:25:00+00:00,sci_sgps-l2-avg5m_g18_d20251112_v3-0-2.nc,7aaf291677e040ccf6e3f4579abe48009803b2f023ab45a63bc8cca30bf07e52,3-0-2,12,True,False,False,2025-11-12T00:30:00+00:00,sci_sgps-l2-avg5m_g18_d20251112_v3-0-2.nc,7aaf291677e040ccf6e3f4579abe48009803b2f023ab45a63bc8cca30bf07e52,3-0-2,12,True,False,False,0.002774699103698172,0.010886537911414671,sep_20251110_1125:post_peak|sep_20251111_0945:pre_peak,219.46113105973677,0.009113231078060948,0,0,0,5018,785,18,E
all_separate_directions_not_independent,300,core_only,reported,all,0.001,repeat_pre_peak,approach,H,497,0.00011874341610607223,0.0003924746207957326,0.001844663302575543,0.0031149980886936153,GOES-16 SGPS,0.0031149980886936153,2017-09-07T23:15:00+00:00,se_sgps-l2-avg5m_g16_s20172440000000_e20172732355000_v2_0_0.nc,f5da29fe3a7dc3092a311a191ee015d6cb97773c6425e64214db2d0dab5fafb2,special_2_0_0,0,True,False,False,2017-09-07T23:20:00+00:00,se_sgps-l2-avg5m_g16_s20172440000000_e20172732355000_v2_0_0.nc,f5da29fe3a7dc3092a311a191ee015d6cb97773c6425e64214db2d0dab5fafb2,special_2_0_0,0,True,False,False,0.0005890293272248779,0.0016879735959352362,sep_20170905_0040:pre_peak|special_201709:unknown_peak,321.02748429594874,0.006229996177387231,0,0,0,891,511,16,E
all_separate_directions_not_independent,300,core_only,reported,all,0.001,repeat_pre_peak,approach,log,0,,,,,GOES-16 SGPS,,,,,,,,,,,,,,,,,,,,,,,0,0,0,891,511,16,E
all_separate_directions_not_independent,300,core_only,reported,all,0.001,repeat_pre_peak,whole,H,2969,0.00012046832132744638,0.0004079013881850296,0.0012417950305080839,0.004556615539030474,GOES-18 SGPS,0.004556615539030474,2025-11-12T00:25:00+00:00,sci_sgps-l2-avg5m_g18_d20251112_v3-0-2.nc,7aaf291677e040ccf6e3f4579abe48009803b2f023ab45a63bc8cca30bf07e52,3-0-2,12,True,False,False,2025-11-12T00:30:00+00:00,sci_sgps-l2-avg5m_g18_d20251112_v3-0-2.nc,7aaf291677e040ccf6e3f4579abe48009803b2f023ab45a63bc8cca30bf07e52,3-0-2,12,True,False,False,0.002774699103698172,0.010886537911414671,sep_20251110_1125:post_peak|sep_20251111_0945:pre_peak,219.46113105973677,0.009113231078060948,0,0,0,5909,1296,18,E
all_separate_directions_not_independent,300,core_only,reported,all,0.001,repeat_pre_peak,whole,log,2472,0.00012111332348881771,0.000413919986766676,0.0012092961214809554,0.004556615539030474,GOES-18 SGPS,0.004556615539030474,2025-11-12T00:25:00+00:00,sci_sgps-l2-avg5m_g18_d20251112_v3-0-2.nc,7aaf291677e040ccf6e3f4579abe48009803b2f023ab45a63bc8cca30bf07e52,3-0-2,12,True,False,False,2025-11-12T00:30:00+00:00,sci_sgps-l2-avg5m_g18_d20251112_v3-0-2.nc,7aaf291677e040ccf6e3f4579abe48009803b2f023ab45a63bc8cca30bf07e52,3-0-2,12,True,False,False,0.002774699103698172,0.010886537911414671,sep_20251110_1125:post_peak|sep_20251111_0945:pre_peak,219.46113105973677,0.009113231078060948,0,0,0,5909,1296,18,E
all_separate_directions_not_independent,300,core_only,reported,all,0.001,unassigned_no_crossing,whole,H,106854,8.966926836452925e-06,4.437790830101776e-05,0.00016377883552057493,0.0013635342888613988,GOES-16 SGPS,0.0013635342888613988,2024-02-10T11:35:00+00:00,sci_sgps-l2-avg5m_g16_d20240210_v3-0-2.nc,e7cadeed1a11268442c2acf4f1d828ca3969739ed4334de8092b451fe2784645,3-0-2,15,True,False,False,2024-02-10T11:40:00+00:00,sci_sgps-l2-avg5m_g16_d20240210_v3-0-2.nc,e7cadeed1a11268442c2acf4f1d828ca3969739ed4334de8092b451fe2784645,3-0-2,15,True,False,False,0.0013160364660485472,0.001981164551119661,sep_20240209_1530:post_peak|sep_20240212_0805:pre_peak,733.388230988336,0.0027270685777227976,0,0,0,215739,1965,16,W
all_separate_directions_not_independent,300,core_only,reported,all,0.001,unassigned_no_crossing,whole,log,540,8.370598348966532e-05,0.00028701448103739637,0.0006614634216697609,0.0013635342888613988,GOES-16 SGPS,0.0013635342888613988,2024-02-10T11:35:00+00:00,sci_sgps-l2-avg5m_g16_d20240210_v3-0-2.nc,e7cadeed1a11268442c2acf4f1d828ca3969739ed4334de8092b451fe2784645,3-0-2,15,True,False,False,2024-02-10T11:40:00+00:00,sci_sgps-l2-avg5m_g16_d20240210_v3-0-2.nc,e7cadeed1a11268442c2acf4f1d828ca3969739ed4334de8092b451fe2784645,3-0-2,15,True,False,False,0.0013160364660485472,0.001981164551119661,sep_20240209_1530:post_peak|sep_20240212_0805:pre_peak,733.388230988336,0.0027270685777227976,0,0,0,215739,1965,16,W
all_separate_directions_not_independent,300,core_only,reported,all,0.01,all_retained,above_level,H,932,9.179373340118942e-05,0.0003899885564467053,0.0011994012270759788,0.0026896065484048495,GOES-18 SGPS,0.0026896065484048495,2026-01-19T19:10:00+00:00,sci_sgps-l2-avg5m_g18_d20260119_v3-0-3.nc,b20e422ff57453d1a1755e6a53140aa9903be3a480b7a54d058c83bcf8afeb3b,3-0-3,15,True,False,False,2026-01-19T19:15:00+00:00,sci_sgps-l2-avg5m_g18_d20260119_v3-0-3.nc,b20e422ff57453d1a1755e6a53140aa9903be3a480b7a54d058c83bcf8afeb3b,3-0-3,15,True,False,False,0.08881530346308482,0.19902708798078342,sep_20260118_2255:pre_peak,371.8015932825117,0.005379213096809699,0,0,0,1905,62,18,E
all_separate_directions_not_independent,300,core_only,reported,all,0.01,all_retained,above_level,log,932,9.179373340118945e-05,0.00038998855644670633,0.0011994012270759786,0.0026896065484048504,GOES-18 SGPS,0.0026896065484048504,2026-01-19T19:10:00+00:00,sci_sgps-l2-avg5m_g18_d20260119_v3-0-3.nc,b20e422ff57453d1a1755e6a53140aa9903be3a480b7a54d058c83bcf8afeb3b,3-0-3,15,True,False,False,2026-01-19T19:15:00+00:00,sci_sgps-l2-avg5m_g18_d20260119_v3-0-3.nc,b20e422ff57453d1a1755e6a53140aa9903be3a480b7a54d058c83bcf8afeb3b,3-0-3,15,True,False,False,0.08881530346308482,0.19902708798078342,sep_20260118_2255:pre_peak,371.8015932825116,0.005379213096809701,0,0,0,1905,62,18,E
all_separate_directions_not_independent,300,core_only,reported,all,0.01,all_retained,approach,H,2099,1.907282969934939e-05,0.00014497216008025333,0.0007194895122110111,0.003596544771140946,GOES-19 SGPS,0.003596544771140946,2026-01-19T21:35:00+00:00,sci_sgps-l2-avg5m_g19_d20260119_v3-0-3.nc,638c9012e44cc020722ffb66e6907a360455b5e6a17d45d9210393640be1ebf2,3-0-3,6,True,False,False,2026-01-19T21:40:00+00:00,sci_sgps-l2-avg5m_g19_d20260119_v3-0-3.nc,638c9012e44cc020722ffb66e6907a360455b5e6a17d45d9210393640be1ebf2,3-0-3,6,True,False,False,0.009493240647476593,0.027962731034616134,sep_20260118_2255:post_peak,278.04464107442936,0.007193089542281892,0,0,0,3643,400,19,W
all_separate_directions_not_independent,300,core_only,reported,all,0.01,all_retained,approach,log,0,,,,,GOES-16 SGPS,,,,,,,,,,,,,,,,,,,,,,,0,0,0,3643,400,16,E
all_separate_directions_not_independent,300,core_only,reported,all,0.01,all_retained,whole,H,120220,1.043906778693352e-06,9.061353368718511e-06,0.0001003647793872865,0.003596544771140946,GOES-19 SGPS,0.003596544771140946,2026-01-19T21:35:00+00:00,sci_sgps-l2-avg5m_g19_d20260119_v3-0-3.nc,638c9012e44cc020722ffb66e6907a360455b5e6a17d45d9210393640be1ebf2,3-0-3,6,True,False,False,2026-01-19T21:40:00+00:00,sci_sgps-l2-avg5m_g19_d20260119_v3-0-3.nc,638c9012e44cc020722ffb66e6907a360455b5e6a17d45d9210393640be1ebf2,3-0-3,6,True,False,False,0.009493240647476593,0.027962731034616134,sep_20260118_2255:post_peak,278.04464107442936,0.007193089542281892,0,0,0,241742,462,19,W
all_separate_directions_not_independent,300,core_only,reported,all,0.01,all_retained,whole,log,932,9.179373340118945e-05,0.00038998855644670633,0.0011994012270759786,0.0026896065484048504,GOES-18 SGPS,0.0026896065484048504,2026-01-19T19:10:00+00:00,sci_sgps-l2-avg5m_g18_d20260119_v3-0-3.nc,b20e422ff57453d1a1755e6a53140aa9903be3a480b7a54d058c83bcf8afeb3b,3-0-3,15,True,False,False,2026-01-19T19:15:00+00:00,sci_sgps-l2-avg5m_g18_d20260119_v3-0-3.nc,b20e422ff57453d1a1755e6a53140aa9903be3a480b7a54d058c83bcf8afeb3b,3-0-3,15,True,False,False,0.08881530346308482,0.19902708798078342,sep_20260118_2255:pre_peak,371.8015932825116,0.005379213096809701,0,0,0,241742,462,18,E
all_separate_directions_not_independent,300,core_only,reported,all,0.01,censored_repeat,above_level,H,0,,,,,GOES-18 SGPS,,,,,,,,,,,,,,,,,,,,,,,0,0,0,5,4,18,E
all_separate_directions_not_independent,300,core_only,reported,all,0.01,censored_repeat,above_level,log,0,,,,,GOES-18 SGPS,,,,,,,,,,,,,,,,,,,,,,,0,0,0,5,4,18,E
all_separate_directions_not_independent,300,core_only,reported,all,0.01,censored_repeat,approach,H,180,4.281830710015533e-05,0.00014673414066040168,0.0008638701354995381,0.001074402349484333,GOES-18 SGPS,0.001074402349484333,2026-01-19T21:40:00+00:00,sci_sgps-l2-avg5m_g18_d20260119_v3-0-3.nc,b20e422ff57453d1a1755e6a53140aa9903be3a480b7a54d058c83bcf8afeb3b,3-0-3,15,True,False,False,2026-01-19T21:45:00+00:00,sci_sgps-l2-avg5m_g18_d20260119_v3-0-3.nc,b20e422ff57453d1a1755e6a53140aa9903be3a480b7a54d058c83bcf8afeb3b,3-0-3,15,True,False,False,0.008676255957577556,0.01209184663426582,sep_20260118_2255:post_peak,930.7500123021482,0.002148804698968666,0,0,0,358,357,18,E
all_separate_directions_not_independent,300,core_only,reported,all,0.01,censored_repeat,approach,log,0,,,,,GOES-18 SGPS,,,,,,,,,,,,,,,,,,,,,,,0,0,0,358,357,18,E
all_separate_directions_not_independent,300,core_only,reported,all,0.01,censored_repeat,whole,H,180,4.281830710015533e-05,0.00014673414066040168,0.0008638701354995381,0.001074402349484333,GOES-18 SGPS,0.001074402349484333,2026-01-19T21:40:00+00:00,sci_sgps-l2-avg5m_g18_d20260119_v3-0-3.nc,b20e422ff57453d1a1755e6a53140aa9903be3a480b7a54d058c83bcf8afeb3b,3-0-3,15,True,False,False,2026-01-19T21:45:00+00:00,sci_sgps-l2-avg5m_g18_d20260119_v3-0-3.nc,b20e422ff57453d1a1755e6a53140aa9903be3a480b7a54d058c83bcf8afeb3b,3-0-3,15,True,False,False,0.008676255957577556,0.01209184663426582,sep_20260118_2255:post_peak,930.7500123021482,0.002148804698968666,0,0,0,363,361,18,E
all_separate_directions_not_independent,300,core_only,reported,all,0.01,censored_repeat,whole,log,0,,,,,GOES-18 SGPS,,,,,,,,,,,,,,,,,,,,,,,0,0,0,363,361,18,E
all_separate_directions_not_independent,300,core_only,reported,all,0.01,confirmed_entry,above_level,H,849,9.21925732046495e-05,0.00039037763538511325,0.0012265298858509406,0.0026896065484048495,GOES-18 SGPS,0.0026896065484048495,2026-01-19T19:10:00+00:00,sci_sgps-l2-avg5m_g18_d20260119_v3-0-3.nc,b20e422ff57453d1a1755e6a53140aa9903be3a480b7a54d058c83bcf8afeb3b,3-0-3,15,True,False,False,2026-01-19T19:15:00+00:00,sci_sgps-l2-avg5m_g18_d20260119_v3-0-3.nc,b20e422ff57453d1a1755e6a53140aa9903be3a480b7a54d058c83bcf8afeb3b,3-0-3,15,True,False,False,0.08881530346308482,0.19902708798078342,sep_20260118_2255:pre_peak,371.8015932825117,0.005379213096809699,0,0,0,1731,0,18,E
all_separate_directions_not_independent,300,core_only,reported,all,0.01,confirmed_entry,above_level,log,849,9.219257320464971e-05,0.00039037763538511265,0.001226529885850941,0.0026896065484048504,GOES-18 SGPS,0.0026896065484048504,2026-01-19T19:10:00+00:00,sci_sgps-l2-avg5m_g18_d20260119_v3-0-3.nc,b20e422ff57453d1a1755e6a53140aa9903be3a480b7a54d058c83bcf8afeb3b,3-0-3,15,True,False,False,2026-01-19T19:15:00+00:00,sci_sgps-l2-avg5m_g18_d20260119_v3-0-3.nc,b20e422ff57453d1a1755e6a53140aa9903be3a480b7a54d058c83bcf8afeb3b,3-0-3,15,True,False,False,0.08881530346308482,0.19902708798078342,sep_20260118_2255:pre_peak,371.8015932825116,0.005379213096809701,0,0,0,1731,0,18,E
all_separate_directions_not_independent,300,core_only,reported,all,0.01,confirmed_entry,approach,H,1804,1.5663143828537434e-05,0.00013268959261929957,0.0005498856774413149,0.002691573228549475,GOES-18 SGPS,0.002691573228549475,2025-11-12T00:25:00+00:00,sci_sgps-l2-avg5m_g18_d20251112_v3-0-2.nc,7aaf291677e040ccf6e3f4579abe48009803b2f023ab45a63bc8cca30bf07e52,3-0-2,12,True,False,False,2025-11-12T00:30:00+00:00,sci_sgps-l2-avg5m_g18_d20251112_v3-0-2.nc,7aaf291677e040ccf6e3f4579abe48009803b2f023ab45a63bc8cca30bf07e52,3-0-2,12,True,False,False,0.002774699103698172,0.010886537911414671,sep_20251110_1125:post_peak|sep_20251111_0945:pre_peak,371.52992509845757,0.00538314645709895,0,0,0,3070,0,18,E
all_separate_directions_not_independent,300,core_only,reported,all,0.01,confirmed_entry,approach,log,0,,,,,GOES-16 SGPS,,,,,,,,,,,,,,,,,,,,,,,0,0,0,3070,0,16,E
all_separate_directions_not_independent,300,core_only,reported,all,0.01,confirmed_entry,whole,H,2653,2.9557988397945766e-05,0.00022410756106793452,0.0007861924809283889,0.002691573228549475,GOES-18 SGPS,0.002691573228549475,2025-11-12T00:25:00+00:00,sci_sgps-l2-avg5m_g18_d20251112_v3-0-2.nc,7aaf291677e040ccf6e3f4579abe48009803b2f023ab45a63bc8cca30bf07e52,3-0-2,12,True,False,False,2025-11-12T00:30:00+00:00,sci_sgps-l2-avg5m_g18_d20251112_v3-0-2.nc,7aaf291677e040ccf6e3f4579abe48009803b2f023ab45a63bc8cca30bf07e52,3-0-2,12,True,False,False,0.002774699103698172,0.010886537911414671,sep_20251110_1125:post_peak|sep_20251111_0945:pre_peak,371.52992509845757,0.00538314645709895,0,0,0,4801,0,18,E
all_separate_directions_not_independent,300,core_only,reported,all,0.01,confirmed_entry,whole,log,849,9.219257320464971e-05,0.00039037763538511265,0.001226529885850941,0.0026896065484048504,GOES-18 SGPS,0.0026896065484048504,2026-01-19T19:10:00+00:00,sci_sgps-l2-avg5m_g18_d20260119_v3-0-3.nc,b20e422ff57453d1a1755e6a53140aa9903be3a480b7a54d058c83bcf8afeb3b,3-0-3,15,True,False,False,2026-01-19T19:15:00+00:00,sci_sgps-l2-avg5m_g18_d20260119_v3-0-3.nc,b20e422ff57453d1a1755e6a53140aa9903be3a480b7a54d058c83bcf8afeb3b,3-0-3,15,True,False,False,0.08881530346308482,0.19902708798078342,sep_20260118_2255:pre_peak,371.8015932825116,0.005379213096809701,0,0,0,4801,0,18,E
all_separate_directions_not_independent,300,core_only,reported,all,0.01,repeat_peak_unknown,above_level,H,30,7.157657975129091e-05,0.0001784723908282705,0.0002806472633227627,0.000294913740745734,GOES-16 SGPS,0.000294913740745734,2017-09-11T20:55:00+00:00,se_sgps-l2-avg5m_g16_s20172440000000_e20172732355000_v2_0_0.nc,f5da29fe3a7dc3092a311a191ee015d6cb97773c6425e64214db2d0dab5fafb2,special_2_0_0,0,True,True,True,2017-09-11T21:00:00+00:00,se_sgps-l2-avg5m_g16_s20172440000000_e20172732355000_v2_0_0.nc,f5da29fe3a7dc3092a311a191ee015d6cb97773c6425e64214db2d0dab5fafb2,special_2_0_0,0,True,True,True,0.011022845244971931,0.01204252435357309,sep_20170910_1645:post_peak|special_201709:unknown_peak,3390.8219992440795,0.000589827481491468,0,0,0,58,58,16,E
all_separate_directions_not_independent,300,core_only,reported,all,0.01,repeat_peak_unknown,above_level,log,30,7.157657975129106e-05,0.000178472390828271,0.00028064726332276255,0.00029491374074573396,GOES-16 SGPS,0.00029491374074573396,2017-09-11T20:55:00+00:00,se_sgps-l2-avg5m_g16_s20172440000000_e20172732355000_v2_0_0.nc,f5da29fe3a7dc3092a311a191ee015d6cb97773c6425e64214db2d0dab5fafb2,special_2_0_0,0,True,True,True,2017-09-11T21:00:00+00:00,se_sgps-l2-avg5m_g16_s20172440000000_e20172732355000_v2_0_0.nc,f5da29fe3a7dc3092a311a191ee015d6cb97773c6425e64214db2d0dab5fafb2,special_2_0_0,0,True,True,True,0.011022845244971931,0.01204252435357309,sep_20170910_1645:post_peak|special_201709:unknown_peak,3390.8219992440804,0.0005898274814914679,0,0,0,58,58,16,E
all_separate_directions_not_independent,300,core_only,reported,all,0.01,repeat_peak_unknown,approach,H,19,0.0001744252493305539,0.0002658113595381315,0.00039097678547878257,0.00040448034940092153,GOES-16 SGPS,0.00040448034940092153,2017-09-11T23:10:00+00:00,se_sgps-l2-avg5m_g16_s20172440000000_e20172732355000_v2_0_0.nc,f5da29fe3a7dc3092a311a191ee015d6cb97773c6425e64214db2d0dab5fafb2,special_2_0_0,0,True,True,True,2017-09-11T23:15:00+00:00,se_sgps-l2-avg5m_g16_s20172440000000_e20172732355000_v2_0_0.nc,f5da29fe3a7dc3092a311a191ee015d6cb97773c6425e64214db2d0dab5fafb2,special_2_0_0,0,True,True,True,0.009822804793263945,0.011091839714960767,sep_20170910_1645:post_peak|special_201709:unknown_peak,2472.3079909348044,0.0008089606988018431,0,0,0,34,34,16,E
all_separate_directions_not_independent,300,core_only,reported,all,0.01,repeat_peak_unknown,approach,log,0,,,,,GOES-16 SGPS,,,,,,,,,,,,,,,,,,,,,,,0,0,0,34,34,16,E
all_separate_directions_not_independent,300,core_only,reported,all,0.01,repeat_peak_unknown,whole,H,49,0.00010136529332119318,0.0002390870468219313,0.0003684708456085506,0.00040448034940092153,GOES-16 SGPS,0.00040448034940092153,2017-09-11T23:10:00+00:00,se_sgps-l2-avg5m_g16_s20172440000000_e20172732355000_v2_0_0.nc,f5da29fe3a7dc3092a311a191ee015d6cb97773c6425e64214db2d0dab5fafb2,special_2_0_0,0,True,True,True,2017-09-11T23:15:00+00:00,se_sgps-l2-avg5m_g16_s20172440000000_e20172732355000_v2_0_0.nc,f5da29fe3a7dc3092a311a191ee015d6cb97773c6425e64214db2d0dab5fafb2,special_2_0_0,0,True,True,True,0.009822804793263945,0.011091839714960767,sep_20170910_1645:post_peak|special_201709:unknown_peak,2472.3079909348044,0.0008089606988018431,0,0,0,92,92,16,E
all_separate_directions_not_independent,300,core_only,reported,all,0.01,repeat_peak_unknown,whole,log,30,7.157657975129106e-05,0.000178472390828271,0.00028064726332276255,0.00029491374074573396,GOES-16 SGPS,0.00029491374074573396,2017-09-11T20:55:00+00:00,se_sgps-l2-avg5m_g16_s20172440000000_e20172732355000_v2_0_0.nc,f5da29fe3a7dc3092a311a191ee015d6cb97773c6425e64214db2d0dab5fafb2,special_2_0_0,0,True,True,True,2017-09-11T21:00:00+00:00,se_sgps-l2-avg5m_g16_s20172440000000_e20172732355000_v2_0_0.nc,f5da29fe3a7dc3092a311a191ee015d6cb97773c6425e64214db2d0dab5fafb2,special_2_0_0,0,True,True,True,0.011022845244971931,0.01204252435357309,sep_20170910_1645:post_peak|special_201709:unknown_peak,3390.8219992440804,0.0005898274814914679,0,0,0,92,92,16,E
all_separate_directions_not_independent,300,core_only,reported,all,0.01,repeat_post_peak,above_level,H,34,5.571773649627946e-05,0.00016793439653936602,0.00027867947333338734,0.000294913740745734,GOES-16 SGPS,0.000294913740745734,2017-09-11T20:55:00+00:00,se_sgps-l2-avg5m_g16_s20172440000000_e20172732355000_v2_0_0.nc,f5da29fe3a7dc3092a311a191ee015d6cb97773c6425e64214db2d0dab5fafb2,special_2_0_0,0,True,True,True,2017-09-11T21:00:00+00:00,se_sgps-l2-avg5m_g16_s20172440000000_e20172732355000_v2_0_0.nc,f5da29fe3a7dc3092a311a191ee015d6cb97773c6425e64214db2d0dab5fafb2,special_2_0_0,0,True,True,True,0.011022845244971931,0.01204252435357309,sep_20170910_1645:post_peak|special_201709:unknown_peak,3390.8219992440795,0.000589827481491468,0,0,0,73,62,16,E
all_separate_directions_not_independent,300,core_only,reported,all,0.01,repeat_post_peak,above_level,log,34,5.571773649627965e-05,0.00016793439653936627,0.00027867947333338723,0.00029491374074573396,GOES-16 SGPS,0.00029491374074573396,2017-09-11T20:55:00+00:00,se_sgps-l2-avg5m_g16_s20172440000000_e20172732355000_v2_0_0.nc,f5da29fe3a7dc3092a311a191ee015d6cb97773c6425e64214db2d0dab5fafb2,special_2_0_0,0,True,True,True,2017-09-11T21:00:00+00:00,se_sgps-l2-avg5m_g16_s20172440000000_e20172732355000_v2_0_0.nc,f5da29fe3a7dc3092a311a191ee015d6cb97773c6425e64214db2d0dab5fafb2,special_2_0_0,0,True,True,True,0.011022845244971931,0.01204252435357309,sep_20170910_1645:post_peak|special_201709:unknown_peak,3390.8219992440804,0.0005898274814914679,0,0,0,73,62,16,E
all_separate_directions_not_independent,300,core_only,reported,all,0.01,repeat_post_peak,approach,H,206,4.3498671301791156e-05,0.0001846474652190172,0.0008238083228861695,0.003596544771140946,GOES-19 SGPS,0.003596544771140946,2026-01-19T21:35:00+00:00,sci_sgps-l2-avg5m_g19_d20260119_v3-0-3.nc,638c9012e44cc020722ffb66e6907a360455b5e6a17d45d9210393640be1ebf2,3-0-3,6,True,False,False,2026-01-19T21:40:00+00:00,sci_sgps-l2-avg5m_g19_d20260119_v3-0-3.nc,638c9012e44cc020722ffb66e6907a360455b5e6a17d45d9210393640be1ebf2,3-0-3,6,True,False,False,0.009493240647476593,0.027962731034616134,sep_20260118_2255:post_peak,278.04464107442936,0.007193089542281892,0,0,0,410,400,19,W
all_separate_directions_not_independent,300,core_only,reported,all,0.01,repeat_post_peak,approach,log,0,,,,,GOES-16 SGPS,,,,,,,,,,,,,,,,,,,,,,,0,0,0,410,400,16,E
all_separate_directions_not_independent,300,core_only,reported,all,0.01,repeat_post_peak,whole,H,240,4.532178188827923e-05,0.00018402432700782785,0.0008032846589539523,0.003596544771140946,GOES-19 SGPS,0.003596544771140946,2026-01-19T21:35:00+00:00,sci_sgps-l2-avg5m_g19_d20260119_v3-0-3.nc,638c9012e44cc020722ffb66e6907a360455b5e6a17d45d9210393640be1ebf2,3-0-3,6,True,False,False,2026-01-19T21:40:00+00:00,sci_sgps-l2-avg5m_g19_d20260119_v3-0-3.nc,638c9012e44cc020722ffb66e6907a360455b5e6a17d45d9210393640be1ebf2,3-0-3,6,True,False,False,0.009493240647476593,0.027962731034616134,sep_20260118_2255:post_peak,278.04464107442936,0.007193089542281892,0,0,0,483,462,19,W
all_separate_directions_not_independent,300,core_only,reported,all,0.01,repeat_post_peak,whole,log,34,5.571773649627965e-05,0.00016793439653936627,0.00027867947333338723,0.00029491374074573396,GOES-16 SGPS,0.00029491374074573396,2017-09-11T20:55:00+00:00,se_sgps-l2-avg5m_g16_s20172440000000_e20172732355000_v2_0_0.nc,f5da29fe3a7dc3092a311a191ee015d6cb97773c6425e64214db2d0dab5fafb2,special_2_0_0,0,True,True,True,2017-09-11T21:00:00+00:00,se_sgps-l2-avg5m_g16_s20172440000000_e20172732355000_v2_0_0.nc,f5da29fe3a7dc3092a311a191ee015d6cb97773c6425e64214db2d0dab5fafb2,special_2_0_0,0,True,True,True,0.011022845244971931,0.01204252435357309,sep_20170910_1645:post_peak|special_201709:unknown_peak,3390.8219992440804,0.0005898274814914679,0,0,0,483,462,16,E
all_separate_directions_not_independent,300,core_only,reported,all,0.01,repeat_pre_peak,above_level,H,49,0.0001330309512701048,0.00043957901171323244,0.0009347337973534487,0.0009789678993148687,GOES-16 SGPS,0.0009789678993148687,2024-06-08T06:10:00+00:00,sci_sgps-l2-avg5m_g16_d20240608_v3-0-2.nc,6e826c9ad092c4dd27643920e51b5b2a78b97d8295fbd7b3745ac80ef30c3b56,3-0-2,15,True,False,False,2024-06-08T06:15:00+00:00,sci_sgps-l2-avg5m_g16_d20240608_v3-0-2.nc,6e826c9ad092c4dd27643920e51b5b2a78b97d8295fbd7b3745ac80ef30c3b56,3-0-2,15,True,False,False,0.01438335464684172,0.019293379008026034,sep_20240608_0255:pre_peak,1021.4839533552127,0.0019579357986297375,0,0,0,100,0,16,W
all_separate_directions_not_independent,300,core_only,reported,all,0.01,repeat_pre_peak,above_level,log,49,0.0001330309512701051,0.000439579011713232,0.0009347337973534493,0.0009789678993148692,GOES-16 SGPS,0.0009789678993148692,2024-06-08T06:10:00+00:00,sci_sgps-l2-avg5m_g16_d20240608_v3-0-2.nc,6e826c9ad092c4dd27643920e51b5b2a78b97d8295fbd7b3745ac80ef30c3b56,3-0-2,15,True,False,False,2024-06-08T06:15:00+00:00,sci_sgps-l2-avg5m_g16_d20240608_v3-0-2.nc,6e826c9ad092c4dd27643920e51b5b2a78b97d8295fbd7b3745ac80ef30c3b56,3-0-2,15,True,False,False,0.01438335464684172,0.019293379008026034,sep_20240608_0255:pre_peak,1021.4839533552123,0.0019579357986297384,0,0,0,100,0,16,W
all_separate_directions_not_independent,300,core_only,reported,all,0.01,repeat_pre_peak,approach,H,88,6.865691004850165e-05,0.0002414678161471607,0.0007366484134859438,0.0007977318560125624,GOES-18 SGPS,0.0007977318560125624,2024-03-23T16:10:00+00:00,sci_sgps-l2-avg5m_g18_d20240323_v3-0-2.nc,5e377455e3e21cc22a9c8885fca4c940404e6a4070ab559acd815bff0fb69c26,3-0-2,6,True,False,False,2024-03-23T16:15:00+00:00,sci_sgps-l2-avg5m_g18_d20240323_v3-0-2.nc,5e377455e3e21cc22a9c8885fca4c940404e6a4070ab559acd815bff0fb69c26,3-0-2,6,True,False,False,0.00595680938883378,0.008350004956871467,sep_20240323_0815:pre_peak,1253.554051355638,0.0015954637120251247,0,0,0,162,0,18,W
all_separate_directions_not_independent,300,core_only,reported,all,0.01,repeat_pre_peak,approach,log,0,,,,,GOES-16 SGPS,,,,,,,,,,,,,,,,,,,,,,,0,0,0,162,0,16,W
all_separate_directions_not_independent,300,core_only,reported,all,0.01,repeat_pre_peak,whole,H,137,7.912698678804879e-05,0.00034587852201504896,0.0008656305855008802,0.0009789678993148687,GOES-16 SGPS,0.0009789678993148687,2024-06-08T06:10:00+00:00,sci_sgps-l2-avg5m_g16_d20240608_v3-0-2.nc,6e826c9ad092c4dd27643920e51b5b2a78b97d8295fbd7b3745ac80ef30c3b56,3-0-2,15,True,False,False,2024-06-08T06:15:00+00:00,sci_sgps-l2-avg5m_g16_d20240608_v3-0-2.nc,6e826c9ad092c4dd27643920e51b5b2a78b97d8295fbd7b3745ac80ef30c3b56,3-0-2,15,True,False,False,0.01438335464684172,0.019293379008026034,sep_20240608_0255:pre_peak,1021.4839533552127,0.0019579357986297375,0,0,0,262,0,16,W
all_separate_directions_not_independent,300,core_only,reported,all,0.01,repeat_pre_peak,whole,log,49,0.0001330309512701051,0.000439579011713232,0.0009347337973534493,0.0009789678993148692,GOES-16 SGPS,0.0009789678993148692,2024-06-08T06:10:00+00:00,sci_sgps-l2-avg5m_g16_d20240608_v3-0-2.nc,6e826c9ad092c4dd27643920e51b5b2a78b97d8295fbd7b3745ac80ef30c3b56,3-0-2,15,True,False,False,2024-06-08T06:15:00+00:00,sci_sgps-l2-avg5m_g16_d20240608_v3-0-2.nc,6e826c9ad092c4dd27643920e51b5b2a78b97d8295fbd7b3745ac80ef30c3b56,3-0-2,15,True,False,False,0.01438335464684172,0.019293379008026034,sep_20240608_0255:pre_peak,1021.4839533552123,0.0019579357986297384,0,0,0,262,0,16,W
all_separate_directions_not_independent,300,core_only,reported,all,0.01,unassigned_no_crossing,whole,H,117274,1.0082525033073551e-06,7.449214755636028e-06,5.8032811620280345e-05,0.0014718592824836728,GOES-18 SGPS,0.0014718592824836728,2026-01-19T21:55:00+00:00,sci_sgps-l2-avg5m_g18_d20260119_v3-0-3.nc,b20e422ff57453d1a1755e6a53140aa9903be3a480b7a54d058c83bcf8afeb3b,3-0-3,15,True,False,False,2026-01-19T22:00:00+00:00,sci_sgps-l2-avg5m_g18_d20260119_v3-0-3.nc,b20e422ff57453d1a1755e6a53140aa9903be3a480b7a54d058c83bcf8afeb3b,3-0-3,15,True,False,False,0.0036515409574125195,0.008067118804863539,sep_20260118_2255:post_peak,679.4127753249353,0.0029437185649673456,0,0,0,236404,210,18,W
all_separate_directions_not_independent,300,core_only,reported,all,0.01,unassigned_no_crossing,whole,log,0,,,,,GOES-16 SGPS,,,,,,,,,,,,,,,,,,,,,,,0,0,0,236404,210,16,E
all_separate_directions_not_independent,300,core_only,reported,all,0.1,all_retained,above_level,H,44,0.00026617665560292364,0.0006055727468967162,0.0014968839150334863,0.0020593017266235915,GOES-19 SGPS,0.0020593017266235915,2026-01-19T19:10:00+00:00,sci_sgps-l2-avg5m_g19_d20260119_v3-0-3.nc,638c9012e44cc020722ffb66e6907a360455b5e6a17d45d9210393640be1ebf2,3-0-3,6,True,False,False,2026-01-19T19:15:00+00:00,sci_sgps-l2-avg5m_g19_d20260119_v3-0-3.nc,638c9012e44cc020722ffb66e6907a360455b5e6a17d45d9210393640be1ebf2,3-0-3,6,True,False,False,0.17433711861745735,0.32336489971838256,sep_20260118_2255:pre_peak,485.60149640606045,0.004118603453247183,0,0,0,91,0,19,E
all_separate_directions_not_independent,300,core_only,reported,all,0.1,all_retained,above_level,log,44,0.00026617665560292375,0.0006055727468967163,0.0014968839150334861,0.002059301726623591,GOES-19 SGPS,0.002059301726623591,2026-01-19T19:10:00+00:00,sci_sgps-l2-avg5m_g19_d20260119_v3-0-3.nc,638c9012e44cc020722ffb66e6907a360455b5e6a17d45d9210393640be1ebf2,3-0-3,6,True,False,False,2026-01-19T19:15:00+00:00,sci_sgps-l2-avg5m_g19_d20260119_v3-0-3.nc,638c9012e44cc020722ffb66e6907a360455b5e6a17d45d9210393640be1ebf2,3-0-3,6,True,False,False,0.17433711861745735,0.32336489971838256,sep_20260118_2255:pre_peak,485.6014964060605,0.004118603453247182,0,0,0,91,0,19,E
all_separate_directions_not_independent,300,core_only,reported,all,0.1,all_retained,approach,H,605,6.52271971392644e-06,0.00010041229294601944,0.00040628942724386626,0.002667059051161489,GOES-18 SGPS,0.002667059051161489,2026-01-19T19:10:00+00:00,sci_sgps-l2-avg5m_g18_d20260119_v3-0-3.nc,b20e422ff57453d1a1755e6a53140aa9903be3a480b7a54d058c83bcf8afeb3b,3-0-3,15,True,False,False,2026-01-19T19:15:00+00:00,sci_sgps-l2-avg5m_g18_d20260119_v3-0-3.nc,b20e422ff57453d1a1755e6a53140aa9903be3a480b7a54d058c83bcf8afeb3b,3-0-3,15,True,False,False,0.08881530346308482,0.19902708798078342,sep_20260118_2255:pre_peak,374.94482904850037,0.005334118102322978,0,0,0,944,0,18,E
all_separate_directions_not_independent,300,core_only,reported,all,0.1,all_retained,approach,log,0,,,,,GOES-18 SGPS,,,,,,,,,,,,,,,,,,,,,,,0,0,0,944,0,18,E
all_separate_directions_not_independent,300,core_only,reported,all,0.1,all_retained,whole,H,120220,1.0440408259586487e-07,9.107826300139234e-07,1.1454139696608908e-05,0.002667059051161489,GOES-18 SGPS,0.002667059051161489,2026-01-19T19:10:00+00:00,sci_sgps-l2-avg5m_g18_d20260119_v3-0-3.nc,b20e422ff57453d1a1755e6a53140aa9903be3a480b7a54d058c83bcf8afeb3b,3-0-3,15,True,False,False,2026-01-19T19:15:00+00:00,sci_sgps-l2-avg5m_g18_d20260119_v3-0-3.nc,b20e422ff57453d1a1755e6a53140aa9903be3a480b7a54d058c83bcf8afeb3b,3-0-3,15,True,False,False,0.08881530346308482,0.19902708798078342,sep_20260118_2255:pre_peak,374.94482904850037,0.005334118102322978,0,0,0,241742,0,18,E
all_separate_directions_not_independent,300,core_only,reported,all,0.1,all_retained,whole,log,44,0.00026617665560292375,0.0006055727468967163,0.0014968839150334861,0.002059301726623591,GOES-19 SGPS,0.002059301726623591,2026-01-19T19:10:00+00:00,sci_sgps-l2-avg5m_g19_d20260119_v3-0-3.nc,638c9012e44cc020722ffb66e6907a360455b5e6a17d45d9210393640be1ebf2,3-0-3,6,True,False,False,2026-01-19T19:15:00+00:00,sci_sgps-l2-avg5m_g19_d20260119_v3-0-3.nc,638c9012e44cc020722ffb66e6907a360455b5e6a17d45d9210393640be1ebf2,3-0-3,6,True,False,False,0.17433711861745735,0.32336489971838256,sep_20260118_2255:pre_peak,485.6014964060605,0.004118603453247182,0,0,0,241742,0,19,E
all_separate_directions_not_independent,300,core_only,reported,all,0.1,confirmed_entry,above_level,H,33,0.0002692430622812281,0.000558701570512689,0.0007163930413036146,0.0007513533275768343,GOES-19 SGPS,0.0007513533275768343,2026-01-19T19:05:00+00:00,sci_sgps-l2-avg5m_g19_d20260119_v3-0-3.nc,638c9012e44cc020722ffb66e6907a360455b5e6a17d45d9210393640be1ebf2,3-0-3,6,True,False,False,2026-01-19T19:10:00+00:00,sci_sgps-l2-avg5m_g19_d20260119_v3-0-3.nc,638c9012e44cc020722ffb66e6907a360455b5e6a17d45d9210393640be1ebf2,3-0-3,6,True,False,False,0.21399310469409313,0.2680972510449092,sep_20260118_2255:pre_peak,1330.9317511443892,0.0015027066551536686,0,0,0,69,0,19,W
all_separate_directions_not_independent,300,core_only,reported,all,0.1,confirmed_entry,above_level,log,33,0.00026924306228122847,0.0005587015705126886,0.0007163930413036149,0.0007513533275768345,GOES-19 SGPS,0.0007513533275768345,2026-01-19T19:05:00+00:00,sci_sgps-l2-avg5m_g19_d20260119_v3-0-3.nc,638c9012e44cc020722ffb66e6907a360455b5e6a17d45d9210393640be1ebf2,3-0-3,6,True,False,False,2026-01-19T19:10:00+00:00,sci_sgps-l2-avg5m_g19_d20260119_v3-0-3.nc,638c9012e44cc020722ffb66e6907a360455b5e6a17d45d9210393640be1ebf2,3-0-3,6,True,False,False,0.21399310469409313,0.2680972510449092,sep_20260118_2255:pre_peak,1330.9317511443887,0.001502706655153669,0,0,0,69,0,19,W
all_separate_directions_not_independent,300,core_only,reported,all,0.1,confirmed_entry,approach,H,602,6.447955531283615e-06,9.88226544291124e-05,0.00040685857276831066,0.002667059051161489,GOES-18 SGPS,0.002667059051161489,2026-01-19T19:10:00+00:00,sci_sgps-l2-avg5m_g18_d20260119_v3-0-3.nc,b20e422ff57453d1a1755e6a53140aa9903be3a480b7a54d058c83bcf8afeb3b,3-0-3,15,True,False,False,2026-01-19T19:15:00+00:00,sci_sgps-l2-avg5m_g18_d20260119_v3-0-3.nc,b20e422ff57453d1a1755e6a53140aa9903be3a480b7a54d058c83bcf8afeb3b,3-0-3,15,True,False,False,0.08881530346308482,0.19902708798078342,sep_20260118_2255:pre_peak,374.94482904850037,0.005334118102322978,0,0,0,940,0,18,E
all_separate_directions_not_independent,300,core_only,reported,all,0.1,confirmed_entry,approach,log,0,,,,,GOES-18 SGPS,,,,,,,,,,,,,,,,,,,,,,,0,0,0,940,0,18,E
all_separate_directions_not_independent,300,core_only,reported,all,0.1,confirmed_entry,whole,H,635,7.698349146238922e-06,0.0001511919425668443,0.0005515188262940692,0.002667059051161489,GOES-18 SGPS,0.002667059051161489,2026-01-19T19:10:00+00:00,sci_sgps-l2-avg5m_g18_d20260119_v3-0-3.nc,b20e422ff57453d1a1755e6a53140aa9903be3a480b7a54d058c83bcf8afeb3b,3-0-3,15,True,False,False,2026-01-19T19:15:00+00:00,sci_sgps-l2-avg5m_g18_d20260119_v3-0-3.nc,b20e422ff57453d1a1755e6a53140aa9903be3a480b7a54d058c83bcf8afeb3b,3-0-3,15,True,False,False,0.08881530346308482,0.19902708798078342,sep_20260118_2255:pre_peak,374.94482904850037,0.005334118102322978,0,0,0,1009,0,18,E
all_separate_directions_not_independent,300,core_only,reported,all,0.1,confirmed_entry,whole,log,33,0.00026924306228122847,0.0005587015705126886,0.0007163930413036149,0.0007513533275768345,GOES-19 SGPS,0.0007513533275768345,2026-01-19T19:05:00+00:00,sci_sgps-l2-avg5m_g19_d20260119_v3-0-3.nc,638c9012e44cc020722ffb66e6907a360455b5e6a17d45d9210393640be1ebf2,3-0-3,6,True,False,False,2026-01-19T19:10:00+00:00,sci_sgps-l2-avg5m_g19_d20260119_v3-0-3.nc,638c9012e44cc020722ffb66e6907a360455b5e6a17d45d9210393640be1ebf2,3-0-3,6,True,False,False,0.21399310469409313,0.2680972510449092,sep_20260118_2255:pre_peak,1330.9317511443887,0.001502706655153669,0,0,0,1009,0,19,W
all_separate_directions_not_independent,300,core_only,reported,all,0.1,repeat_pre_peak,above_level,H,11,0.0002609248148071345,0.0006272139038202769,0.0019160929443432606,0.0020593017266235915,GOES-19 SGPS,0.0020593017266235915,2026-01-19T19:10:00+00:00,sci_sgps-l2-avg5m_g19_d20260119_v3-0-3.nc,638c9012e44cc020722ffb66e6907a360455b5e6a17d45d9210393640be1ebf2,3-0-3,6,True,False,False,2026-01-19T19:15:00+00:00,sci_sgps-l2-avg5m_g19_d20260119_v3-0-3.nc,638c9012e44cc020722ffb66e6907a360455b5e6a17d45d9210393640be1ebf2,3-0-3,6,True,False,False,0.17433711861745735,0.32336489971838256,sep_20260118_2255:pre_peak,485.60149640606045,0.004118603453247183,0,0,0,22,0,19,E
all_separate_directions_not_independent,300,core_only,reported,all,0.1,repeat_pre_peak,above_level,log,11,0.00026092481480713485,0.0006272139038202775,0.0019160929443432602,0.002059301726623591,GOES-19 SGPS,0.002059301726623591,2026-01-19T19:10:00+00:00,sci_sgps-l2-avg5m_g19_d20260119_v3-0-3.nc,638c9012e44cc020722ffb66e6907a360455b5e6a17d45d9210393640be1ebf2,3-0-3,6,True,False,False,2026-01-19T19:15:00+00:00,sci_sgps-l2-avg5m_g19_d20260119_v3-0-3.nc,638c9012e44cc020722ffb66e6907a360455b5e6a17d45d9210393640be1ebf2,3-0-3,6,True,False,False,0.17433711861745735,0.32336489971838256,sep_20260118_2255:pre_peak,485.6014964060605,0.004118603453247182,0,0,0,22,0,19,E
all_separate_directions_not_independent,300,core_only,reported,all,0.1,repeat_pre_peak,approach,H,3,0.00013568770532829678,0.0003026973456159788,0.00034027451468070723,0.0003444497556878993,GOES-19 SGPS,0.0003444497556878993,2026-01-19T18:40:00+00:00,sci_sgps-l2-avg5m_g19_d20260119_v3-0-3.nc,638c9012e44cc020722ffb66e6907a360455b5e6a17d45d9210393640be1ebf2,3-0-3,6,True,False,False,2026-01-19T18:45:00+00:00,sci_sgps-l2-avg5m_g19_d20260119_v3-0-3.nc,638c9012e44cc020722ffb66e6907a360455b5e6a17d45d9210393640be1ebf2,3-0-3,6,True,False,False,0.09999036382942499,0.11087558878761383,sep_20260118_2255:pre_peak,2903.1810401575226,0.0006888995113757986,0,0,0,4,0,19,E
all_separate_directions_not_independent,300,core_only,reported,all,0.1,repeat_pre_peak,approach,log,0,,,,,GOES-19 SGPS,,,,,,,,,,,,,,,,,,,,,,,0,0,0,4,0,19,E
all_separate_directions_not_independent,300,core_only,reported,all,0.1,repeat_pre_peak,whole,H,14,0.00026074047416670484,0.0006215456713274669,0.0018731303096591596,0.0020593017266235915,GOES-19 SGPS,0.0020593017266235915,2026-01-19T19:10:00+00:00,sci_sgps-l2-avg5m_g19_d20260119_v3-0-3.nc,638c9012e44cc020722ffb66e6907a360455b5e6a17d45d9210393640be1ebf2,3-0-3,6,True,False,False,2026-01-19T19:15:00+00:00,sci_sgps-l2-avg5m_g19_d20260119_v3-0-3.nc,638c9012e44cc020722ffb66e6907a360455b5e6a17d45d9210393640be1ebf2,3-0-3,6,True,False,False,0.17433711861745735,0.32336489971838256,sep_20260118_2255:pre_peak,485.60149640606045,0.004118603453247183,0,0,0,26,0,19,E
all_separate_directions_not_independent,300,core_only,reported,all,0.1,repeat_pre_peak,whole,log,11,0.00026092481480713485,0.0006272139038202775,0.0019160929443432602,0.002059301726623591,GOES-19 SGPS,0.002059301726623591,2026-01-19T19:10:00+00:00,sci_sgps-l2-avg5m_g19_d20260119_v3-0-3.nc,638c9012e44cc020722ffb66e6907a360455b5e6a17d45d9210393640be1ebf2,3-0-3,6,True,False,False,2026-01-19T19:15:00+00:00,sci_sgps-l2-avg5m_g19_d20260119_v3-0-3.nc,638c9012e44cc020722ffb66e6907a360455b5e6a17d45d9210393640be1ebf2,3-0-3,6,True,False,False,0.17433711861745735,0.32336489971838256,sep_20260118_2255:pre_peak,485.6014964060605,0.004118603453247182,0,0,0,26,0,19,E
all_separate_directions_not_independent,300,core_only,reported,all,0.1,unassigned_no_crossing,whole,H,119571,1.0359683219920842e-07,8.628669564685199e-07,9.284297480961185e-06,0.0008004090087366137,GOES-19 SGPS,0.0008004090087366137,2026-01-19T21:20:00+00:00,sci_sgps-l2-avg5m_g19_d20260119_v3-0-3.nc,638c9012e44cc020722ffb66e6907a360455b5e6a17d45d9210393640be1ebf2,3-0-3,6,True,False,False,2026-01-19T21:25:00+00:00,sci_sgps-l2-avg5m_g19_d20260119_v3-0-3.nc,638c9012e44cc020722ffb66e6907a360455b5e6a17d45d9210393640be1ebf2,3-0-3,6,True,False,False,0.03404893046833784,0.058061200730436247,sep_20260118_2255:post_peak,1249.361250416741,0.0016008180174732275,0,0,0,240707,0,19,W
all_separate_directions_not_independent,300,core_only,reported,all,0.1,unassigned_no_crossing,whole,log,0,,,,,GOES-16 SGPS,,,,,,,,,,,,,,,,,,,,,,,0,0,0,240707,0,16,E
all_separate_directions_not_independent,300,core_only,screened,all,0.001,all_retained,above_level,H,6907,0.00010339127870028145,0.00035346323839954537,0.0009433760500967265,0.004556615539030474,GOES-18 SGPS,0.004556615539030474,2025-11-12T00:25:00+00:00,sci_sgps-l2-avg5m_g18_d20251112_v3-0-2.nc,7aaf291677e040ccf6e3f4579abe48009803b2f023ab45a63bc8cca30bf07e52,3-0-2,12,True,False,False,2025-11-12T00:30:00+00:00,sci_sgps-l2-avg5m_g18_d20251112_v3-0-2.nc,7aaf291677e040ccf6e3f4579abe48009803b2f023ab45a63bc8cca30bf07e52,3-0-2,12,True,False,False,0.002774699103698172,0.010886537911414671,sep_20251110_1125:post_peak|sep_20251111_0945:pre_peak,219.46113105973677,0.009113231078060948,0,0,0,14309,1376,18,E
all_separate_directions_not_independent,300,core_only,screened,all,0.001,all_retained,above_level,log,6907,0.00010339127870028072,0.00035346323839954635,0.0009433760500967264,0.004556615539030474,GOES-18 SGPS,0.004556615539030474,2025-11-12T00:25:00+00:00,sci_sgps-l2-avg5m_g18_d20251112_v3-0-2.nc,7aaf291677e040ccf6e3f4579abe48009803b2f023ab45a63bc8cca30bf07e52,3-0-2,12,True,False,False,2025-11-12T00:30:00+00:00,sci_sgps-l2-avg5m_g18_d20251112_v3-0-2.nc,7aaf291677e040ccf6e3f4579abe48009803b2f023ab45a63bc8cca30bf07e52,3-0-2,12,True,False,False,0.002774699103698172,0.010886537911414671,sep_20251110_1125:post_peak|sep_20251111_0945:pre_peak,219.46113105973677,0.009113231078060948,0,0,0,14309,1376,18,E
all_separate_directions_not_independent,300,core_only,screened,all,0.001,all_retained,approach,H,5363,5.2749136544761554e-05,0.000251570597145141,0.0007372885540175232,0.0031149980886936153,GOES-16 SGPS,0.0031149980886936153,2017-09-07T23:15:00+00:00,se_sgps-l2-avg5m_g16_s20172440000000_e20172732355000_v2_0_0.nc,f5da29fe3a7dc3092a311a191ee015d6cb97773c6425e64214db2d0dab5fafb2,special_2_0_0,0,True,False,False,2017-09-07T23:20:00+00:00,se_sgps-l2-avg5m_g16_s20172440000000_e20172732355000_v2_0_0.nc,f5da29fe3a7dc3092a311a191ee015d6cb97773c6425e64214db2d0dab5fafb2,special_2_0_0,0,True,False,False,0.0005890293272248779,0.0016879735959352362,sep_20170905_0040:pre_peak|special_201709:unknown_peak,321.02748429594874,0.006229996177387231,0,0,0,9791,1185,16,E
all_separate_directions_not_independent,300,core_only,screened,all,0.001,all_retained,approach,log,0,,,,,GOES-16 SGPS,,,,,,,,,,,,,,,,,,,,,,,0,0,0,9791,1185,16,E
all_separate_directions_not_independent,300,core_only,screened,all,0.001,all_retained,whole,H,86148,1.067284365383442e-05,8.484246522215066e-05,0.0003908159836829953,0.004556615539030474,GOES-18 SGPS,0.004556615539030474,2025-11-12T00:25:00+00:00,sci_sgps-l2-avg5m_g18_d20251112_v3-0-2.nc,7aaf291677e040ccf6e3f4579abe48009803b2f023ab45a63bc8cca30bf07e52,3-0-2,12,True,False,False,2025-11-12T00:30:00+00:00,sci_sgps-l2-avg5m_g18_d20251112_v3-0-2.nc,7aaf291677e040ccf6e3f4579abe48009803b2f023ab45a63bc8cca30bf07e52,3-0-2,12,True,False,False,0.002774699103698172,0.010886537911414671,sep_20251110_1125:post_peak|sep_20251111_0945:pre_peak,219.46113105973677,0.009113231078060948,0,0,0,173124,2561,18,E
all_separate_directions_not_independent,300,core_only,screened,all,0.001,all_retained,whole,log,6907,0.00010339127870028072,0.00035346323839954635,0.0009433760500967264,0.004556615539030474,GOES-18 SGPS,0.004556615539030474,2025-11-12T00:25:00+00:00,sci_sgps-l2-avg5m_g18_d20251112_v3-0-2.nc,7aaf291677e040ccf6e3f4579abe48009803b2f023ab45a63bc8cca30bf07e52,3-0-2,12,True,False,False,2025-11-12T00:30:00+00:00,sci_sgps-l2-avg5m_g18_d20251112_v3-0-2.nc,7aaf291677e040ccf6e3f4579abe48009803b2f023ab45a63bc8cca30bf07e52,3-0-2,12,True,False,False,0.002774699103698172,0.010886537911414671,sep_20251110_1125:post_peak|sep_20251111_0945:pre_peak,219.46113105973677,0.009113231078060948,0,0,0,173124,2561,18,E
all_separate_directions_not_independent,300,core_only,screened,all,0.001,censored_first,above_level,H,2179,9.203602167919674e-05,0.0003033808668395017,0.0008434025948717684,0.002960678860245697,GOES-19 SGPS,0.002960678860245697,2025-11-12T00:30:00+00:00,sci_sgps-l2-avg5m_g19_d20251112_v3-0-2.nc,e6eaaa38385281dc3fb36331b7ece38987ea80f060f59b874b08e3f4165a2ef8,3-0-2,0,True,False,False,2025-11-12T00:35:00+00:00,sci_sgps-l2-avg5m_g19_d20251112_v3-0-2.nc,e6eaaa38385281dc3fb36331b7ece38987ea80f060f59b874b08e3f4165a2ef8,3-0-2,0,True,False,False,0.005978546997751657,0.014532408430346071,sep_20251110_1125:post_peak|sep_20251111_0945:pre_peak,337.76037429368927,0.005921357720491394,0,0,0,4839,645,19,W
all_separate_directions_not_independent,300,core_only,screened,all,0.001,censored_first,above_level,log,2179,9.203602167919877e-05,0.0003033808668395014,0.0008434025948717682,0.002960678860245697,GOES-19 SGPS,0.002960678860245697,2025-11-12T00:30:00+00:00,sci_sgps-l2-avg5m_g19_d20251112_v3-0-2.nc,e6eaaa38385281dc3fb36331b7ece38987ea80f060f59b874b08e3f4165a2ef8,3-0-2,0,True,False,False,2025-11-12T00:35:00+00:00,sci_sgps-l2-avg5m_g19_d20251112_v3-0-2.nc,e6eaaa38385281dc3fb36331b7ece38987ea80f060f59b874b08e3f4165a2ef8,3-0-2,0,True,False,False,0.005978546997751657,0.014532408430346071,sep_20251110_1125:post_peak|sep_20251111_0945:pre_peak,337.76037429368927,0.005921357720491394,0,0,0,4839,645,19,W
all_separate_directions_not_independent,300,core_only,screened,all,0.001,censored_first,approach,H,1676,2.565031750966627e-05,0.0001620054202461814,0.0005214653771493732,0.0014073002649212776,GOES-19 SGPS,0.0014073002649212776,2025-11-11T11:00:00+00:00,sci_sgps-l2-avg5m_g19_d20251111_v3-0-2.nc,c89f47a1fb8691ab13ee5962b07f156679647dc6d82c93aa7dc32e0d5845a9a6,3-0-2,0,True,False,False,2025-11-11T11:05:00+00:00,sci_sgps-l2-avg5m_g19_d20251111_v3-0-2.nc,c89f47a1fb8691ab13ee5962b07f156679647dc6d82c93aa7dc32e0d5845a9a6,3-0-2,0,True,False,False,0.0009260496540214094,0.001416571808751149,sep_20251110_1125:post_peak|sep_20251111_0945:pre_peak,710.5804105394228,0.0028146005298425552,0,0,0,3137,43,19,W
all_separate_directions_not_independent,300,core_only,screened,all,0.001,censored_first,approach,log,0,,,,,GOES-16 SGPS,,,,,,,,,,,,,,,,,,,,,,,0,0,0,3137,43,16,E
all_separate_directions_not_independent,300,core_only,screened,all,0.001,censored_first,whole,H,3855,5.595716295935175e-05,0.00025454719728956347,0.0006980214959814958,0.002960678860245697,GOES-19 SGPS,0.002960678860245697,2025-11-12T00:30:00+00:00,sci_sgps-l2-avg5m_g19_d20251112_v3-0-2.nc,e6eaaa38385281dc3fb36331b7ece38987ea80f060f59b874b08e3f4165a2ef8,3-0-2,0,True,False,False,2025-11-12T00:35:00+00:00,sci_sgps-l2-avg5m_g19_d20251112_v3-0-2.nc,e6eaaa38385281dc3fb36331b7ece38987ea80f060f59b874b08e3f4165a2ef8,3-0-2,0,True,False,False,0.005978546997751657,0.014532408430346071,sep_20251110_1125:post_peak|sep_20251111_0945:pre_peak,337.76037429368927,0.005921357720491394,0,0,0,7976,688,19,W
all_separate_directions_not_independent,300,core_only,screened,all,0.001,censored_first,whole,log,2179,9.203602167919877e-05,0.0003033808668395014,0.0008434025948717682,0.002960678860245697,GOES-19 SGPS,0.002960678860245697,2025-11-12T00:30:00+00:00,sci_sgps-l2-avg5m_g19_d20251112_v3-0-2.nc,e6eaaa38385281dc3fb36331b7ece38987ea80f060f59b874b08e3f4165a2ef8,3-0-2,0,True,False,False,2025-11-12T00:35:00+00:00,sci_sgps-l2-avg5m_g19_d20251112_v3-0-2.nc,e6eaaa38385281dc3fb36331b7ece38987ea80f060f59b874b08e3f4165a2ef8,3-0-2,0,True,False,False,0.005978546997751657,0.014532408430346071,sep_20251110_1125:post_peak|sep_20251111_0945:pre_peak,337.76037429368927,0.005921357720491394,0,0,0,7976,688,19,W
all_separate_directions_not_independent,300,core_only,screened,all,0.001,censored_repeat,above_level,H,502,0.00012133335014495429,0.00038892345542265456,0.0018851727757279117,0.004556615539030474,GOES-18 SGPS,0.004556615539030474,2025-11-12T00:25:00+00:00,sci_sgps-l2-avg5m_g18_d20251112_v3-0-2.nc,7aaf291677e040ccf6e3f4579abe48009803b2f023ab45a63bc8cca30bf07e52,3-0-2,12,True,False,False,2025-11-12T00:30:00+00:00,sci_sgps-l2-avg5m_g18_d20251112_v3-0-2.nc,7aaf291677e040ccf6e3f4579abe48009803b2f023ab45a63bc8cca30bf07e52,3-0-2,12,True,False,False,0.002774699103698172,0.010886537911414671,sep_20251110_1125:post_peak|sep_20251111_0945:pre_peak,219.46113105973677,0.009113231078060948,0,0,0,1062,292,18,E
all_separate_directions_not_independent,300,core_only,screened,all,0.001,censored_repeat,above_level,log,502,0.00012133335014495386,0.00038892345542265456,0.001885172775727912,0.004556615539030474,GOES-18 SGPS,0.004556615539030474,2025-11-12T00:25:00+00:00,sci_sgps-l2-avg5m_g18_d20251112_v3-0-2.nc,7aaf291677e040ccf6e3f4579abe48009803b2f023ab45a63bc8cca30bf07e52,3-0-2,12,True,False,False,2025-11-12T00:30:00+00:00,sci_sgps-l2-avg5m_g18_d20251112_v3-0-2.nc,7aaf291677e040ccf6e3f4579abe48009803b2f023ab45a63bc8cca30bf07e52,3-0-2,12,True,False,False,0.002774699103698172,0.010886537911414671,sep_20251110_1125:post_peak|sep_20251111_0945:pre_peak,219.46113105973677,0.009113231078060948,0,0,0,1062,292,18,E
all_separate_directions_not_independent,300,core_only,screened,all,0.001,censored_repeat,approach,H,1410,6.061515670610289e-05,0.00025741653526652945,0.0009764288764949849,0.0031149980886936153,GOES-16 SGPS,0.0031149980886936153,2017-09-07T23:15:00+00:00,se_sgps-l2-avg5m_g16_s20172440000000_e20172732355000_v2_0_0.nc,f5da29fe3a7dc3092a311a191ee015d6cb97773c6425e64214db2d0dab5fafb2,special_2_0_0,0,True,False,False,2017-09-07T23:20:00+00:00,se_sgps-l2-avg5m_g16_s20172440000000_e20172732355000_v2_0_0.nc,f5da29fe3a7dc3092a311a191ee015d6cb97773c6425e64214db2d0dab5fafb2,special_2_0_0,0,True,False,False,0.0005890293272248779,0.0016879735959352362,sep_20170905_0040:pre_peak|special_201709:unknown_peak,321.02748429594874,0.006229996177387231,0,0,0,2763,1142,16,E
all_separate_directions_not_independent,300,core_only,screened,all,0.001,censored_repeat,approach,log,0,,,,,GOES-16 SGPS,,,,,,,,,,,,,,,,,,,,,,,0,0,0,2763,1142,16,E
all_separate_directions_not_independent,300,core_only,screened,all,0.001,censored_repeat,whole,H,1912,7.46970799636971e-05,0.0002877543593705721,0.001294659302209429,0.004556615539030474,GOES-18 SGPS,0.004556615539030474,2025-11-12T00:25:00+00:00,sci_sgps-l2-avg5m_g18_d20251112_v3-0-2.nc,7aaf291677e040ccf6e3f4579abe48009803b2f023ab45a63bc8cca30bf07e52,3-0-2,12,True,False,False,2025-11-12T00:30:00+00:00,sci_sgps-l2-avg5m_g18_d20251112_v3-0-2.nc,7aaf291677e040ccf6e3f4579abe48009803b2f023ab45a63bc8cca30bf07e52,3-0-2,12,True,False,False,0.002774699103698172,0.010886537911414671,sep_20251110_1125:post_peak|sep_20251111_0945:pre_peak,219.46113105973677,0.009113231078060948,0,0,0,3825,1434,18,E
all_separate_directions_not_independent,300,core_only,screened,all,0.001,censored_repeat,whole,log,502,0.00012133335014495386,0.00038892345542265456,0.001885172775727912,0.004556615539030474,GOES-18 SGPS,0.004556615539030474,2025-11-12T00:25:00+00:00,sci_sgps-l2-avg5m_g18_d20251112_v3-0-2.nc,7aaf291677e040ccf6e3f4579abe48009803b2f023ab45a63bc8cca30bf07e52,3-0-2,12,True,False,False,2025-11-12T00:30:00+00:00,sci_sgps-l2-avg5m_g18_d20251112_v3-0-2.nc,7aaf291677e040ccf6e3f4579abe48009803b2f023ab45a63bc8cca30bf07e52,3-0-2,12,True,False,False,0.002774699103698172,0.010886537911414671,sep_20251110_1125:post_peak|sep_20251111_0945:pre_peak,219.46113105973677,0.009113231078060948,0,0,0,3825,1434,18,E
all_separate_directions_not_independent,300,core_only,screened,all,0.001,confirmed_entry,above_level,H,2357,9.512389170597343e-05,0.00033388904216779603,0.0008214148870066126,0.0026896065484048512,GOES-18 SGPS,0.0026896065484048512,2026-01-19T19:10:00+00:00,sci_sgps-l2-avg5m_g18_d20260119_v3-0-3.nc,b20e422ff57453d1a1755e6a53140aa9903be3a480b7a54d058c83bcf8afeb3b,3-0-3,15,True,False,False,2026-01-19T19:15:00+00:00,sci_sgps-l2-avg5m_g18_d20260119_v3-0-3.nc,b20e422ff57453d1a1755e6a53140aa9903be3a480b7a54d058c83bcf8afeb3b,3-0-3,15,True,False,False,0.08881530346308482,0.19902708798078342,sep_20260118_2255:pre_peak,371.8015932825115,0.0053792130968097025,0,0,0,4678,216,18,E
all_separate_directions_not_independent,300,core_only,screened,all,0.001,confirmed_entry,above_level,log,2357,9.512389170597393e-05,0.00033388904216779554,0.0008214148870066131,0.0026896065484048504,GOES-18 SGPS,0.0026896065484048504,2026-01-19T19:10:00+00:00,sci_sgps-l2-avg5m_g18_d20260119_v3-0-3.nc,b20e422ff57453d1a1755e6a53140aa9903be3a480b7a54d058c83bcf8afeb3b,3-0-3,15,True,False,False,2026-01-19T19:15:00+00:00,sci_sgps-l2-avg5m_g18_d20260119_v3-0-3.nc,b20e422ff57453d1a1755e6a53140aa9903be3a480b7a54d058c83bcf8afeb3b,3-0-3,15,True,False,False,0.08881530346308482,0.19902708798078342,sep_20260118_2255:pre_peak,371.8015932825116,0.005379213096809701,0,0,0,4678,216,18,E
all_separate_directions_not_independent,300,core_only,screened,all,0.001,confirmed_entry,approach,H,1996,6.983096680174568e-05,0.0002602911146500264,0.0007172057294704728,0.0020797946739698103,GOES-16 SGPS,0.0020797946739698103,2017-09-10T16:30:00+00:00,se_sgps-l2-avg5m_g16_s20172440000000_e20172732355000_v2_0_0.nc,f5da29fe3a7dc3092a311a191ee015d6cb97773c6425e64214db2d0dab5fafb2,special_2_0_0,0,True,False,False,2017-09-10T16:35:00+00:00,se_sgps-l2-avg5m_g16_s20172440000000_e20172732355000_v2_0_0.nc,f5da29fe3a7dc3092a311a191ee015d6cb97773c6425e64214db2d0dab5fafb2,special_2_0_0,0,True,False,False,0.0005745512577396031,0.0012195594170199798,sep_20170910_1645:pre_peak|special_201709:unknown_peak,480.8166943187949,0.004159589347939621,0,0,0,3390,43,16,W
all_separate_directions_not_independent,300,core_only,screened,all,0.001,confirmed_entry,approach,log,0,,,,,GOES-16 SGPS,,,,,,,,,,,,,,,,,,,,,,,0,0,0,3390,43,16,E
all_separate_directions_not_independent,300,core_only,screened,all,0.001,confirmed_entry,whole,H,4353,8.160997674492891e-05,0.00031031731955841993,0.0007688332212348004,0.0026896065484048512,GOES-18 SGPS,0.0026896065484048512,2026-01-19T19:10:00+00:00,sci_sgps-l2-avg5m_g18_d20260119_v3-0-3.nc,b20e422ff57453d1a1755e6a53140aa9903be3a480b7a54d058c83bcf8afeb3b,3-0-3,15,True,False,False,2026-01-19T19:15:00+00:00,sci_sgps-l2-avg5m_g18_d20260119_v3-0-3.nc,b20e422ff57453d1a1755e6a53140aa9903be3a480b7a54d058c83bcf8afeb3b,3-0-3,15,True,False,False,0.08881530346308482,0.19902708798078342,sep_20260118_2255:pre_peak,371.8015932825115,0.0053792130968097025,0,0,0,8068,259,18,E
all_separate_directions_not_independent,300,core_only,screened,all,0.001,confirmed_entry,whole,log,2357,9.512389170597393e-05,0.00033388904216779554,0.0008214148870066131,0.0026896065484048504,GOES-18 SGPS,0.0026896065484048504,2026-01-19T19:10:00+00:00,sci_sgps-l2-avg5m_g18_d20260119_v3-0-3.nc,b20e422ff57453d1a1755e6a53140aa9903be3a480b7a54d058c83bcf8afeb3b,3-0-3,15,True,False,False,2026-01-19T19:15:00+00:00,sci_sgps-l2-avg5m_g18_d20260119_v3-0-3.nc,b20e422ff57453d1a1755e6a53140aa9903be3a480b7a54d058c83bcf8afeb3b,3-0-3,15,True,False,False,0.08881530346308482,0.19902708798078342,sep_20260118_2255:pre_peak,371.8015932825116,0.005379213096809701,0,0,0,8068,259,18,E
all_separate_directions_not_independent,300,core_only,screened,all,0.001,repeat_post_peak,above_level,H,293,9.612704141095904e-05,0.00028724486912900534,0.0007663218397291718,0.0017604188062713896,GOES-19 SGPS,0.0017604188062713896,2026-01-20T06:20:00+00:00,sci_sgps-l2-avg5m_g19_d20260120_v3-0-3.nc,e7141cd6ce9657080637f89c009fa2f7c764cccc60a69dc9a4847b25b8dac1f7,3-0-3,6,True,False,False,2026-01-20T06:25:00+00:00,sci_sgps-l2-avg5m_g19_d20260120_v3-0-3.nc,e7141cd6ce9657080637f89c009fa2f7c764cccc60a69dc9a4847b25b8dac1f7,3-0-3,6,True,False,False,0.001529351842690795,0.00259339973850073,sep_20260118_2255:post_peak,568.0466468760491,0.0035208376125427793,0,0,0,589,76,19,W
all_separate_directions_not_independent,300,core_only,screened,all,0.001,repeat_post_peak,above_level,log,293,9.61270414109585e-05,0.0002872448691290052,0.0007663218397291719,0.0017604188062713899,GOES-19 SGPS,0.0017604188062713899,2026-01-20T06:20:00+00:00,sci_sgps-l2-avg5m_g19_d20260120_v3-0-3.nc,e7141cd6ce9657080637f89c009fa2f7c764cccc60a69dc9a4847b25b8dac1f7,3-0-3,6,True,False,False,2026-01-20T06:25:00+00:00,sci_sgps-l2-avg5m_g19_d20260120_v3-0-3.nc,e7141cd6ce9657080637f89c009fa2f7c764cccc60a69dc9a4847b25b8dac1f7,3-0-3,6,True,False,False,0.001529351842690795,0.00259339973850073,sep_20260118_2255:post_peak,568.0466468760491,0.0035208376125427797,0,0,0,589,76,19,W
all_separate_directions_not_independent,300,core_only,screened,all,0.001,repeat_post_peak,approach,H,348,9.227292577058491e-05,0.0002963528018517093,0.001008936946780975,0.002729823516077374,GOES-18 SGPS,0.002729823516077374,2024-02-11T02:05:00+00:00,sci_sgps-l2-avg5m_g18_d20240211_v3-0-2.nc,e9031dcb3fbda5c1d8c261fa3b78e0d905b3ca8bf509e2ae14348a90fe760c1b,3-0-2,6,True,False,False,2024-02-11T02:10:00+00:00,sci_sgps-l2-avg5m_g18_d20240211_v3-0-2.nc,e9031dcb3fbda5c1d8c261fa3b78e0d905b3ca8bf509e2ae14348a90fe760c1b,3-0-2,6,True,False,False,0.00043299492641205543,0.001286521392737461,sep_20240209_1530:post_peak|sep_20240212_0805:pre_peak,366.324047730731,0.005459647032154748,0,0,0,666,376,18,E
all_separate_directions_not_independent,300,core_only,screened,all,0.001,repeat_post_peak,approach,log,0,,,,,GOES-16 SGPS,,,,,,,,,,,,,,,,,,,,,,,0,0,0,666,376,16,E
all_separate_directions_not_independent,300,core_only,screened,all,0.001,repeat_post_peak,whole,H,641,9.400330784453348e-05,0.0002937746449506654,0.000851042065605146,0.002729823516077374,GOES-18 SGPS,0.002729823516077374,2024-02-11T02:05:00+00:00,sci_sgps-l2-avg5m_g18_d20240211_v3-0-2.nc,e9031dcb3fbda5c1d8c261fa3b78e0d905b3ca8bf509e2ae14348a90fe760c1b,3-0-2,6,True,False,False,2024-02-11T02:10:00+00:00,sci_sgps-l2-avg5m_g18_d20240211_v3-0-2.nc,e9031dcb3fbda5c1d8c261fa3b78e0d905b3ca8bf509e2ae14348a90fe760c1b,3-0-2,6,True,False,False,0.00043299492641205543,0.001286521392737461,sep_20240209_1530:post_peak|sep_20240212_0805:pre_peak,366.324047730731,0.005459647032154748,0,0,0,1255,452,18,E
all_separate_directions_not_independent,300,core_only,screened,all,0.001,repeat_post_peak,whole,log,293,9.61270414109585e-05,0.0002872448691290052,0.0007663218397291719,0.0017604188062713899,GOES-19 SGPS,0.0017604188062713899,2026-01-20T06:20:00+00:00,sci_sgps-l2-avg5m_g19_d20260120_v3-0-3.nc,e7141cd6ce9657080637f89c009fa2f7c764cccc60a69dc9a4847b25b8dac1f7,3-0-3,6,True,False,False,2026-01-20T06:25:00+00:00,sci_sgps-l2-avg5m_g19_d20260120_v3-0-3.nc,e7141cd6ce9657080637f89c009fa2f7c764cccc60a69dc9a4847b25b8dac1f7,3-0-3,6,True,False,False,0.001529351842690795,0.00259339973850073,sep_20260118_2255:post_peak,568.0466468760491,0.0035208376125427797,0,0,0,1255,452,19,W
all_separate_directions_not_independent,300,core_only,screened,all,0.001,repeat_pre_peak,above_level,H,1657,0.00013041318457930848,0.00042867360750025336,0.0011299457780133534,0.0036009751817112166,GOES-19 SGPS,0.0036009751817112166,2026-01-19T21:35:00+00:00,sci_sgps-l2-avg5m_g19_d20260119_v3-0-3.nc,638c9012e44cc020722ffb66e6907a360455b5e6a17d45d9210393640be1ebf2,3-0-3,6,True,False,False,2026-01-19T21:40:00+00:00,sci_sgps-l2-avg5m_g19_d20260119_v3-0-3.nc,638c9012e44cc020722ffb66e6907a360455b5e6a17d45d9210393640be1ebf2,3-0-3,6,True,False,False,0.009493240647476593,0.027962731034616134,sep_20260118_2255:post_peak,277.7025526526375,0.007201950363422433,0,0,0,3291,297,19,W
all_separate_directions_not_independent,300,core_only,screened,all,0.001,repeat_pre_peak,above_level,log,1657,0.00013041318457930864,0.00042867360750025135,0.0011299457780133552,0.003600975181711219,GOES-19 SGPS,0.003600975181711219,2026-01-19T21:35:00+00:00,sci_sgps-l2-avg5m_g19_d20260119_v3-0-3.nc,638c9012e44cc020722ffb66e6907a360455b5e6a17d45d9210393640be1ebf2,3-0-3,6,True,False,False,2026-01-19T21:40:00+00:00,sci_sgps-l2-avg5m_g19_d20260119_v3-0-3.nc,638c9012e44cc020722ffb66e6907a360455b5e6a17d45d9210393640be1ebf2,3-0-3,6,True,False,False,0.009493240647476593,0.027962731034616134,sep_20260118_2255:post_peak,277.7025526526373,0.007201950363422438,0,0,0,3291,297,19,W
all_separate_directions_not_independent,300,core_only,screened,all,0.001,repeat_pre_peak,approach,H,167,0.000167366628008239,0.000400724036923858,0.0010329271916021498,0.0011946417314363,GOES-16 SGPS,0.0011946417314363,2024-06-08T03:40:00+00:00,sci_sgps-l2-avg5m_g16_d20240608_v3-0-2.nc,6e826c9ad092c4dd27643920e51b5b2a78b97d8295fbd7b3745ac80ef30c3b56,3-0-2,15,True,False,False,2024-06-08T03:45:00+00:00,sci_sgps-l2-avg5m_g16_d20240608_v3-0-2.nc,6e826c9ad092c4dd27643920e51b5b2a78b97d8295fbd7b3745ac80ef30c3b56,3-0-2,15,True,False,False,0.0009456053937524599,0.0013552662278945912,sep_20240608_0255:pre_peak,837.0710428788678,0.0023892834628726,0,0,0,281,27,16,W
all_separate_directions_not_independent,300,core_only,screened,all,0.001,repeat_pre_peak,approach,log,0,,,,,GOES-16 SGPS,,,,,,,,,,,,,,,,,,,,,,,0,0,0,281,27,16,E
all_separate_directions_not_independent,300,core_only,screened,all,0.001,repeat_pre_peak,whole,H,1824,0.0001338088262822068,0.0004277047400584161,0.0011124275611176303,0.0036009751817112166,GOES-19 SGPS,0.0036009751817112166,2026-01-19T21:35:00+00:00,sci_sgps-l2-avg5m_g19_d20260119_v3-0-3.nc,638c9012e44cc020722ffb66e6907a360455b5e6a17d45d9210393640be1ebf2,3-0-3,6,True,False,False,2026-01-19T21:40:00+00:00,sci_sgps-l2-avg5m_g19_d20260119_v3-0-3.nc,638c9012e44cc020722ffb66e6907a360455b5e6a17d45d9210393640be1ebf2,3-0-3,6,True,False,False,0.009493240647476593,0.027962731034616134,sep_20260118_2255:post_peak,277.7025526526375,0.007201950363422433,0,0,0,3572,324,19,W
all_separate_directions_not_independent,300,core_only,screened,all,0.001,repeat_pre_peak,whole,log,1657,0.00013041318457930864,0.00042867360750025135,0.0011299457780133552,0.003600975181711219,GOES-19 SGPS,0.003600975181711219,2026-01-19T21:35:00+00:00,sci_sgps-l2-avg5m_g19_d20260119_v3-0-3.nc,638c9012e44cc020722ffb66e6907a360455b5e6a17d45d9210393640be1ebf2,3-0-3,6,True,False,False,2026-01-19T21:40:00+00:00,sci_sgps-l2-avg5m_g19_d20260119_v3-0-3.nc,638c9012e44cc020722ffb66e6907a360455b5e6a17d45d9210393640be1ebf2,3-0-3,6,True,False,False,0.009493240647476593,0.027962731034616134,sep_20260118_2255:post_peak,277.7025526526373,0.007201950363422438,0,0,0,3572,324,19,W
all_separate_directions_not_independent,300,core_only,screened,all,0.001,unassigned_no_crossing,whole,H,74753,8.970884191103539e-06,4.754040789876736e-05,0.00017396967957058096,0.0013635342888613988,GOES-16 SGPS,0.0013635342888613988,2024-02-10T11:35:00+00:00,sci_sgps-l2-avg5m_g16_d20240210_v3-0-2.nc,e7cadeed1a11268442c2acf4f1d828ca3969739ed4334de8092b451fe2784645,3-0-2,15,True,False,False,2024-02-10T11:40:00+00:00,sci_sgps-l2-avg5m_g16_d20240210_v3-0-2.nc,e7cadeed1a11268442c2acf4f1d828ca3969739ed4334de8092b451fe2784645,3-0-2,15,True,False,False,0.0013160364660485472,0.001981164551119661,sep_20240209_1530:post_peak|sep_20240212_0805:pre_peak,733.388230988336,0.0027270685777227976,0,0,0,150989,1965,16,W
all_separate_directions_not_independent,300,core_only,screened,all,0.001,unassigned_no_crossing,whole,log,540,8.370598348966532e-05,0.00028701448103739637,0.0006614634216697609,0.0013635342888613988,GOES-16 SGPS,0.0013635342888613988,2024-02-10T11:35:00+00:00,sci_sgps-l2-avg5m_g16_d20240210_v3-0-2.nc,e7cadeed1a11268442c2acf4f1d828ca3969739ed4334de8092b451fe2784645,3-0-2,15,True,False,False,2024-02-10T11:40:00+00:00,sci_sgps-l2-avg5m_g16_d20240210_v3-0-2.nc,e7cadeed1a11268442c2acf4f1d828ca3969739ed4334de8092b451fe2784645,3-0-2,15,True,False,False,0.0013160364660485472,0.001981164551119661,sep_20240209_1530:post_peak|sep_20240212_0805:pre_peak,733.388230988336,0.0027270685777227976,0,0,0,150989,1965,16,W
all_separate_directions_not_independent,300,core_only,screened,all,0.01,all_retained,above_level,H,926,9.08961146378584e-05,0.0003902673566710983,0.0012044319527559498,0.0026896065484048495,GOES-18 SGPS,0.0026896065484048495,2026-01-19T19:10:00+00:00,sci_sgps-l2-avg5m_g18_d20260119_v3-0-3.nc,b20e422ff57453d1a1755e6a53140aa9903be3a480b7a54d058c83bcf8afeb3b,3-0-3,15,True,False,False,2026-01-19T19:15:00+00:00,sci_sgps-l2-avg5m_g18_d20260119_v3-0-3.nc,b20e422ff57453d1a1755e6a53140aa9903be3a480b7a54d058c83bcf8afeb3b,3-0-3,15,True,False,False,0.08881530346308482,0.19902708798078342,sep_20260118_2255:pre_peak,371.8015932825117,0.005379213096809699,0,0,0,1887,0,18,E
all_separate_directions_not_independent,300,core_only,screened,all,0.01,all_retained,above_level,log,926,9.08961146378589e-05,0.0003902673566710985,0.0012044319527559498,0.0026896065484048504,GOES-18 SGPS,0.0026896065484048504,2026-01-19T19:10:00+00:00,sci_sgps-l2-avg5m_g18_d20260119_v3-0-3.nc,b20e422ff57453d1a1755e6a53140aa9903be3a480b7a54d058c83bcf8afeb3b,3-0-3,15,True,False,False,2026-01-19T19:15:00+00:00,sci_sgps-l2-avg5m_g18_d20260119_v3-0-3.nc,b20e422ff57453d1a1755e6a53140aa9903be3a480b7a54d058c83bcf8afeb3b,3-0-3,15,True,False,False,0.08881530346308482,0.19902708798078342,sep_20260118_2255:pre_peak,371.8015932825116,0.005379213096809701,0,0,0,1887,0,18,E
all_separate_directions_not_independent,300,core_only,screened,all,0.01,all_retained,approach,H,1379,2.927889665583716e-05,0.00017275549571185714,0.0007669013352786015,0.003596544771140946,GOES-19 SGPS,0.003596544771140946,2026-01-19T21:35:00+00:00,sci_sgps-l2-avg5m_g19_d20260119_v3-0-3.nc,638c9012e44cc020722ffb66e6907a360455b5e6a17d45d9210393640be1ebf2,3-0-3,6,True,False,False,2026-01-19T21:40:00+00:00,sci_sgps-l2-avg5m_g19_d20260119_v3-0-3.nc,638c9012e44cc020722ffb66e6907a360455b5e6a17d45d9210393640be1ebf2,3-0-3,6,True,False,False,0.009493240647476593,0.027962731034616134,sep_20260118_2255:post_peak,278.04464107442936,0.007193089542281892,0,0,0,2276,210,19,W
all_separate_directions_not_independent,300,core_only,screened,all,0.01,all_retained,approach,log,0,,,,,GOES-16 SGPS,,,,,,,,,,,,,,,,,,,,,,,0,0,0,2276,210,16,E
all_separate_directions_not_independent,300,core_only,screened,all,0.01,all_retained,whole,H,86148,1.077423544080482e-06,1.0744920501591255e-05,0.00012206492821735404,0.003596544771140946,GOES-19 SGPS,0.003596544771140946,2026-01-19T21:35:00+00:00,sci_sgps-l2-avg5m_g19_d20260119_v3-0-3.nc,638c9012e44cc020722ffb66e6907a360455b5e6a17d45d9210393640be1ebf2,3-0-3,6,True,False,False,2026-01-19T21:40:00+00:00,sci_sgps-l2-avg5m_g19_d20260119_v3-0-3.nc,638c9012e44cc020722ffb66e6907a360455b5e6a17d45d9210393640be1ebf2,3-0-3,6,True,False,False,0.009493240647476593,0.027962731034616134,sep_20260118_2255:post_peak,278.04464107442936,0.007193089542281892,0,0,0,173124,210,19,W
all_separate_directions_not_independent,300,core_only,screened,all,0.01,all_retained,whole,log,926,9.08961146378589e-05,0.0003902673566710985,0.0012044319527559498,0.0026896065484048504,GOES-18 SGPS,0.0026896065484048504,2026-01-19T19:10:00+00:00,sci_sgps-l2-avg5m_g18_d20260119_v3-0-3.nc,b20e422ff57453d1a1755e6a53140aa9903be3a480b7a54d058c83bcf8afeb3b,3-0-3,15,True,False,False,2026-01-19T19:15:00+00:00,sci_sgps-l2-avg5m_g18_d20260119_v3-0-3.nc,b20e422ff57453d1a1755e6a53140aa9903be3a480b7a54d058c83bcf8afeb3b,3-0-3,15,True,False,False,0.08881530346308482,0.19902708798078342,sep_20260118_2255:pre_peak,371.8015932825116,0.005379213096809701,0,0,0,173124,210,18,E
all_separate_directions_not_independent,300,core_only,screened,all,0.01,censored_first,above_level,H,173,4.462973526786707e-05,0.00029183665921769314,0.0009545201525139225,0.0012275790330156778,GOES-18 SGPS,0.0012275790330156778,2025-11-12T00:30:00+00:00,sci_sgps-l2-avg5m_g18_d20251112_v3-0-2.nc,7aaf291677e040ccf6e3f4579abe48009803b2f023ab45a63bc8cca30bf07e52,3-0-2,12,True,False,False,2025-11-12T00:35:00+00:00,sci_sgps-l2-avg5m_g18_d20251112_v3-0-2.nc,7aaf291677e040ccf6e3f4579abe48009803b2f023ab45a63bc8cca30bf07e52,3-0-2,12,True,False,False,0.010886537911414671,0.015733633495314026,sep_20251110_1125:post_peak|sep_20251111_0945:pre_peak,814.6115020744483,0.0024551580660313556,0,0,0,491,0,18,E
all_separate_directions_not_independent,300,core_only,screened,all,0.01,censored_first,above_level,log,173,4.4629735267867495e-05,0.00029183665921769266,0.0009545201525139225,0.001227579033015678,GOES-18 SGPS,0.001227579033015678,2025-11-12T00:30:00+00:00,sci_sgps-l2-avg5m_g18_d20251112_v3-0-2.nc,7aaf291677e040ccf6e3f4579abe48009803b2f023ab45a63bc8cca30bf07e52,3-0-2,12,True,False,False,2025-11-12T00:35:00+00:00,sci_sgps-l2-avg5m_g18_d20251112_v3-0-2.nc,7aaf291677e040ccf6e3f4579abe48009803b2f023ab45a63bc8cca30bf07e52,3-0-2,12,True,False,False,0.010886537911414671,0.015733633495314026,sep_20251110_1125:post_peak|sep_20251111_0945:pre_peak,814.6115020744481,0.002455158066031356,0,0,0,491,0,18,E
all_separate_directions_not_independent,300,core_only,screened,all,0.01,censored_first,approach,H,395,1.2613127414508595e-05,8.609928829409922e-05,0.00084700918066931,0.002691573228549475,GOES-18 SGPS,0.002691573228549475,2025-11-12T00:25:00+00:00,sci_sgps-l2-avg5m_g18_d20251112_v3-0-2.nc,7aaf291677e040ccf6e3f4579abe48009803b2f023ab45a63bc8cca30bf07e52,3-0-2,12,True,False,False,2025-11-12T00:30:00+00:00,sci_sgps-l2-avg5m_g18_d20251112_v3-0-2.nc,7aaf291677e040ccf6e3f4579abe48009803b2f023ab45a63bc8cca30bf07e52,3-0-2,12,True,False,False,0.002774699103698172,0.010886537911414671,sep_20251110_1125:post_peak|sep_20251111_0945:pre_peak,371.52992509845757,0.00538314645709895,0,0,0,719,0,18,E
all_separate_directions_not_independent,300,core_only,screened,all,0.01,censored_first,approach,log,0,,,,,GOES-18 SGPS,,,,,,,,,,,,,,,,,,,,,,,0,0,0,719,0,18,E
all_separate_directions_not_independent,300,core_only,screened,all,0.01,censored_first,whole,H,568,1.8039004688279205e-05,0.00015433438798084887,0.000973330788433513,0.002691573228549475,GOES-18 SGPS,0.002691573228549475,2025-11-12T00:25:00+00:00,sci_sgps-l2-avg5m_g18_d20251112_v3-0-2.nc,7aaf291677e040ccf6e3f4579abe48009803b2f023ab45a63bc8cca30bf07e52,3-0-2,12,True,False,False,2025-11-12T00:30:00+00:00,sci_sgps-l2-avg5m_g18_d20251112_v3-0-2.nc,7aaf291677e040ccf6e3f4579abe48009803b2f023ab45a63bc8cca30bf07e52,3-0-2,12,True,False,False,0.002774699103698172,0.010886537911414671,sep_20251110_1125:post_peak|sep_20251111_0945:pre_peak,371.52992509845757,0.00538314645709895,0,0,0,1210,0,18,E
all_separate_directions_not_independent,300,core_only,screened,all,0.01,censored_first,whole,log,173,4.4629735267867495e-05,0.00029183665921769266,0.0009545201525139225,0.001227579033015678,GOES-18 SGPS,0.001227579033015678,2025-11-12T00:30:00+00:00,sci_sgps-l2-avg5m_g18_d20251112_v3-0-2.nc,7aaf291677e040ccf6e3f4579abe48009803b2f023ab45a63bc8cca30bf07e52,3-0-2,12,True,False,False,2025-11-12T00:35:00+00:00,sci_sgps-l2-avg5m_g18_d20251112_v3-0-2.nc,7aaf291677e040ccf6e3f4579abe48009803b2f023ab45a63bc8cca30bf07e52,3-0-2,12,True,False,False,0.010886537911414671,0.015733633495314026,sep_20251110_1125:post_peak|sep_20251111_0945:pre_peak,814.6115020744481,0.002455158066031356,0,0,0,1210,0,18,E
all_separate_directions_not_independent,300,core_only,screened,all,0.01,censored_repeat,above_level,H,30,7.157657975129091e-05,0.0001784723908282705,0.0002806472633227627,0.000294913740745734,GOES-16 SGPS,0.000294913740745734,2017-09-11T20:55:00+00:00,se_sgps-l2-avg5m_g16_s20172440000000_e20172732355000_v2_0_0.nc,f5da29fe3a7dc3092a311a191ee015d6cb97773c6425e64214db2d0dab5fafb2,special_2_0_0,0,True,True,True,2017-09-11T21:00:00+00:00,se_sgps-l2-avg5m_g16_s20172440000000_e20172732355000_v2_0_0.nc,f5da29fe3a7dc3092a311a191ee015d6cb97773c6425e64214db2d0dab5fafb2,special_2_0_0,0,True,True,True,0.011022845244971931,0.01204252435357309,sep_20170910_1645:post_peak|special_201709:unknown_peak,3390.8219992440795,0.000589827481491468,0,0,0,65,0,16,E
all_separate_directions_not_independent,300,core_only,screened,all,0.01,censored_repeat,above_level,log,30,7.157657975129106e-05,0.000178472390828271,0.00028064726332276255,0.00029491374074573396,GOES-16 SGPS,0.00029491374074573396,2017-09-11T20:55:00+00:00,se_sgps-l2-avg5m_g16_s20172440000000_e20172732355000_v2_0_0.nc,f5da29fe3a7dc3092a311a191ee015d6cb97773c6425e64214db2d0dab5fafb2,special_2_0_0,0,True,True,True,2017-09-11T21:00:00+00:00,se_sgps-l2-avg5m_g16_s20172440000000_e20172732355000_v2_0_0.nc,f5da29fe3a7dc3092a311a191ee015d6cb97773c6425e64214db2d0dab5fafb2,special_2_0_0,0,True,True,True,0.011022845244971931,0.01204252435357309,sep_20170910_1645:post_peak|special_201709:unknown_peak,3390.8219992440804,0.0005898274814914679,0,0,0,65,0,16,E
all_separate_directions_not_independent,300,core_only,screened,all,0.01,censored_repeat,approach,H,202,4.3498671301791156e-05,0.00017729182548453483,0.0008262228715840786,0.001074402349484333,GOES-18 SGPS,0.001074402349484333,2026-01-19T21:40:00+00:00,sci_sgps-l2-avg5m_g18_d20260119_v3-0-3.nc,b20e422ff57453d1a1755e6a53140aa9903be3a480b7a54d058c83bcf8afeb3b,3-0-3,15,True,False,False,2026-01-19T21:45:00+00:00,sci_sgps-l2-avg5m_g18_d20260119_v3-0-3.nc,b20e422ff57453d1a1755e6a53140aa9903be3a480b7a54d058c83bcf8afeb3b,3-0-3,15,True,False,False,0.008676255957577556,0.01209184663426582,sep_20260118_2255:post_peak,930.7500123021482,0.002148804698968666,0,0,0,402,210,18,E
all_separate_directions_not_independent,300,core_only,screened,all,0.01,censored_repeat,approach,log,0,,,,,GOES-16 SGPS,,,,,,,,,,,,,,,,,,,,,,,0,0,0,402,210,16,E
all_separate_directions_not_independent,300,core_only,screened,all,0.01,censored_repeat,whole,H,232,4.792391876199083e-05,0.00017729182548453483,0.0008081137563497688,0.001074402349484333,GOES-18 SGPS,0.001074402349484333,2026-01-19T21:40:00+00:00,sci_sgps-l2-avg5m_g18_d20260119_v3-0-3.nc,b20e422ff57453d1a1755e6a53140aa9903be3a480b7a54d058c83bcf8afeb3b,3-0-3,15,True,False,False,2026-01-19T21:45:00+00:00,sci_sgps-l2-avg5m_g18_d20260119_v3-0-3.nc,b20e422ff57453d1a1755e6a53140aa9903be3a480b7a54d058c83bcf8afeb3b,3-0-3,15,True,False,False,0.008676255957577556,0.01209184663426582,sep_20260118_2255:post_peak,930.7500123021482,0.002148804698968666,0,0,0,467,210,18,E
all_separate_directions_not_independent,300,core_only,screened,all,0.01,censored_repeat,whole,log,30,7.157657975129106e-05,0.000178472390828271,0.00028064726332276255,0.00029491374074573396,GOES-16 SGPS,0.00029491374074573396,2017-09-11T20:55:00+00:00,se_sgps-l2-avg5m_g16_s20172440000000_e20172732355000_v2_0_0.nc,f5da29fe3a7dc3092a311a191ee015d6cb97773c6425e64214db2d0dab5fafb2,special_2_0_0,0,True,True,True,2017-09-11T21:00:00+00:00,se_sgps-l2-avg5m_g16_s20172440000000_e20172732355000_v2_0_0.nc,f5da29fe3a7dc3092a311a191ee015d6cb97773c6425e64214db2d0dab5fafb2,special_2_0_0,0,True,True,True,0.011022845244971931,0.01204252435357309,sep_20170910_1645:post_peak|special_201709:unknown_peak,3390.8219992440804,0.0005898274814914679,0,0,0,467,210,16,E
all_separate_directions_not_independent,300,core_only,screened,all,0.01,confirmed_entry,above_level,H,673,0.00010674803629827718,0.0004383703544742926,0.0012325738070708746,0.0026896065484048495,GOES-18 SGPS,0.0026896065484048495,2026-01-19T19:10:00+00:00,sci_sgps-l2-avg5m_g18_d20260119_v3-0-3.nc,b20e422ff57453d1a1755e6a53140aa9903be3a480b7a54d058c83bcf8afeb3b,3-0-3,15,True,False,False,2026-01-19T19:15:00+00:00,sci_sgps-l2-avg5m_g18_d20260119_v3-0-3.nc,b20e422ff57453d1a1755e6a53140aa9903be3a480b7a54d058c83bcf8afeb3b,3-0-3,15,True,False,False,0.08881530346308482,0.19902708798078342,sep_20260118_2255:pre_peak,371.8015932825117,0.005379213096809699,0,0,0,1229,0,18,E
all_separate_directions_not_independent,300,core_only,screened,all,0.01,confirmed_entry,above_level,log,673,0.00010674803629827717,0.0004383703544742928,0.0012325738070708746,0.0026896065484048504,GOES-18 SGPS,0.0026896065484048504,2026-01-19T19:10:00+00:00,sci_sgps-l2-avg5m_g18_d20260119_v3-0-3.nc,b20e422ff57453d1a1755e6a53140aa9903be3a480b7a54d058c83bcf8afeb3b,3-0-3,15,True,False,False,2026-01-19T19:15:00+00:00,sci_sgps-l2-avg5m_g18_d20260119_v3-0-3.nc,b20e422ff57453d1a1755e6a53140aa9903be3a480b7a54d058c83bcf8afeb3b,3-0-3,15,True,False,False,0.08881530346308482,0.19902708798078342,sep_20260118_2255:pre_peak,371.8015932825116,0.005379213096809701,0,0,0,1229,0,18,E
all_separate_directions_not_independent,300,core_only,screened,all,0.01,confirmed_entry,approach,H,727,3.451406950285794e-05,0.00019357802683500372,0.0006958320185409359,0.0012300986660284852,GOES-16 SGPS,0.0012300986660284852,2017-09-10T17:35:00+00:00,se_sgps-l2-avg5m_g16_s20172440000000_e20172732355000_v2_0_0.nc,f5da29fe3a7dc3092a311a191ee015d6cb97773c6425e64214db2d0dab5fafb2,special_2_0_0,0,True,False,True,2017-09-10T17:40:00+00:00,se_sgps-l2-avg5m_g16_s20172440000000_e20172732355000_v2_0_0.nc,f5da29fe3a7dc3092a311a191ee015d6cb97773c6425e64214db2d0dab5fafb2,special_2_0_0,0,True,False,True,0.007156261750332564,0.010883423673880462,sep_20170910_1645:pre_peak|special_201709:unknown_peak,812.9429188218006,0.0024601973320569704,0,0,0,1055,0,16,W
all_separate_directions_not_independent,300,core_only,screened,all,0.01,confirmed_entry,approach,log,0,,,,,GOES-16 SGPS,,,,,,,,,,,,,,,,,,,,,,,0,0,0,1055,0,16,E
all_separate_directions_not_independent,300,core_only,screened,all,0.01,confirmed_entry,whole,H,1400,5.935067387347207e-05,0.00029675252753528657,0.0009382483026627228,0.0026896065484048495,GOES-18 SGPS,0.0026896065484048495,2026-01-19T19:10:00+00:00,sci_sgps-l2-avg5m_g18_d20260119_v3-0-3.nc,b20e422ff57453d1a1755e6a53140aa9903be3a480b7a54d058c83bcf8afeb3b,3-0-3,15,True,False,False,2026-01-19T19:15:00+00:00,sci_sgps-l2-avg5m_g18_d20260119_v3-0-3.nc,b20e422ff57453d1a1755e6a53140aa9903be3a480b7a54d058c83bcf8afeb3b,3-0-3,15,True,False,False,0.08881530346308482,0.19902708798078342,sep_20260118_2255:pre_peak,371.8015932825117,0.005379213096809699,0,0,0,2284,0,18,E
all_separate_directions_not_independent,300,core_only,screened,all,0.01,confirmed_entry,whole,log,673,0.00010674803629827717,0.0004383703544742928,0.0012325738070708746,0.0026896065484048504,GOES-18 SGPS,0.0026896065484048504,2026-01-19T19:10:00+00:00,sci_sgps-l2-avg5m_g18_d20260119_v3-0-3.nc,b20e422ff57453d1a1755e6a53140aa9903be3a480b7a54d058c83bcf8afeb3b,3-0-3,15,True,False,False,2026-01-19T19:15:00+00:00,sci_sgps-l2-avg5m_g18_d20260119_v3-0-3.nc,b20e422ff57453d1a1755e6a53140aa9903be3a480b7a54d058c83bcf8afeb3b,3-0-3,15,True,False,False,0.08881530346308482,0.19902708798078342,sep_20260118_2255:pre_peak,371.8015932825116,0.005379213096809701,0,0,0,2284,0,18,E
all_separate_directions_not_independent,300,core_only,screened,all,0.01,repeat_post_peak,above_level,H,4,3.193909286929124e-05,4.024685821915782e-05,4.171442575477973e-05,4.187748881429328e-05,GOES-16 SGPS,4.187748881429328e-05,2024-06-08T12:15:00+00:00,sci_sgps-l2-avg5m_g16_d20240608_v3-0-2.nc,6e826c9ad092c4dd27643920e51b5b2a78b97d8295fbd7b3745ac80ef30c3b56,3-0-2,15,True,False,False,2024-06-08T12:20:00+00:00,sci_sgps-l2-avg5m_g16_d20240608_v3-0-2.nc,6e826c9ad092c4dd27643920e51b5b2a78b97d8295fbd7b3745ac80ef30c3b56,3-0-2,15,True,False,False,0.010045260142142552,0.010172257300847884,sep_20240608_0255:post_peak,23879.17777101019,8.375497762858656e-05,0,0,0,9,0,16,W
all_separate_directions_not_independent,300,core_only,screened,all,0.01,repeat_post_peak,above_level,log,4,3.19390928692913e-05,4.024685821915804e-05,4.171442575477991e-05,4.187748881429345e-05,GOES-16 SGPS,4.187748881429345e-05,2024-06-08T12:15:00+00:00,sci_sgps-l2-avg5m_g16_d20240608_v3-0-2.nc,6e826c9ad092c4dd27643920e51b5b2a78b97d8295fbd7b3745ac80ef30c3b56,3-0-2,15,True,False,False,2024-06-08T12:20:00+00:00,sci_sgps-l2-avg5m_g16_d20240608_v3-0-2.nc,6e826c9ad092c4dd27643920e51b5b2a78b97d8295fbd7b3745ac80ef30c3b56,3-0-2,15,True,False,False,0.010045260142142552,0.010172257300847884,sep_20240608_0255:post_peak,23879.177771010094,8.37549776285869e-05,0,0,0,9,0,16,W
all_separate_directions_not_independent,300,core_only,screened,all,0.01,repeat_post_peak,approach,H,5,0.00021135050471789762,0.002272058021009652,0.0034640960961278165,0.003596544771140946,GOES-19 SGPS,0.003596544771140946,2026-01-19T21:35:00+00:00,sci_sgps-l2-avg5m_g19_d20260119_v3-0-3.nc,638c9012e44cc020722ffb66e6907a360455b5e6a17d45d9210393640be1ebf2,3-0-3,6,True,False,False,2026-01-19T21:40:00+00:00,sci_sgps-l2-avg5m_g19_d20260119_v3-0-3.nc,638c9012e44cc020722ffb66e6907a360455b5e6a17d45d9210393640be1ebf2,3-0-3,6,True,False,False,0.009493240647476593,0.027962731034616134,sep_20260118_2255:post_peak,278.04464107442936,0.007193089542281892,0,0,0,9,0,19,W
all_separate_directions_not_independent,300,core_only,screened,all,0.01,repeat_post_peak,approach,log,0,,,,,GOES-16 SGPS,,,,,,,,,,,,,,,,,,,,,,,0,0,0,9,0,16,E
all_separate_directions_not_independent,300,core_only,screened,all,0.01,repeat_post_peak,whole,H,9,3.6442053497175075e-05,0.0009475712708783584,0.003331647421114687,0.003596544771140946,GOES-19 SGPS,0.003596544771140946,2026-01-19T21:35:00+00:00,sci_sgps-l2-avg5m_g19_d20260119_v3-0-3.nc,638c9012e44cc020722ffb66e6907a360455b5e6a17d45d9210393640be1ebf2,3-0-3,6,True,False,False,2026-01-19T21:40:00+00:00,sci_sgps-l2-avg5m_g19_d20260119_v3-0-3.nc,638c9012e44cc020722ffb66e6907a360455b5e6a17d45d9210393640be1ebf2,3-0-3,6,True,False,False,0.009493240647476593,0.027962731034616134,sep_20260118_2255:post_peak,278.04464107442936,0.007193089542281892,0,0,0,18,0,19,W
all_separate_directions_not_independent,300,core_only,screened,all,0.01,repeat_post_peak,whole,log,4,3.19390928692913e-05,4.024685821915804e-05,4.171442575477991e-05,4.187748881429345e-05,GOES-16 SGPS,4.187748881429345e-05,2024-06-08T12:15:00+00:00,sci_sgps-l2-avg5m_g16_d20240608_v3-0-2.nc,6e826c9ad092c4dd27643920e51b5b2a78b97d8295fbd7b3745ac80ef30c3b56,3-0-2,15,True,False,False,2024-06-08T12:20:00+00:00,sci_sgps-l2-avg5m_g16_d20240608_v3-0-2.nc,6e826c9ad092c4dd27643920e51b5b2a78b97d8295fbd7b3745ac80ef30c3b56,3-0-2,15,True,False,False,0.010045260142142552,0.010172257300847884,sep_20240608_0255:post_peak,23879.177771010094,8.37549776285869e-05,0,0,0,18,0,16,W
all_separate_directions_not_independent,300,core_only,screened,all,0.01,repeat_pre_peak,above_level,H,46,0.00013079477563435155,0.0004493367845620788,0.0009374984287260375,0.0009789678993148687,GOES-16 SGPS,0.0009789678993148687,2024-06-08T06:10:00+00:00,sci_sgps-l2-avg5m_g16_d20240608_v3-0-2.nc,6e826c9ad092c4dd27643920e51b5b2a78b97d8295fbd7b3745ac80ef30c3b56,3-0-2,15,True,False,False,2024-06-08T06:15:00+00:00,sci_sgps-l2-avg5m_g16_d20240608_v3-0-2.nc,6e826c9ad092c4dd27643920e51b5b2a78b97d8295fbd7b3745ac80ef30c3b56,3-0-2,15,True,False,False,0.01438335464684172,0.019293379008026034,sep_20240608_0255:pre_peak,1021.4839533552127,0.0019579357986297375,0,0,0,93,0,16,W
all_separate_directions_not_independent,300,core_only,screened,all,0.01,repeat_pre_peak,above_level,log,46,0.00013079477563435155,0.00044933678456207866,0.0009374984287260381,0.0009789678993148692,GOES-16 SGPS,0.0009789678993148692,2024-06-08T06:10:00+00:00,sci_sgps-l2-avg5m_g16_d20240608_v3-0-2.nc,6e826c9ad092c4dd27643920e51b5b2a78b97d8295fbd7b3745ac80ef30c3b56,3-0-2,15,True,False,False,2024-06-08T06:15:00+00:00,sci_sgps-l2-avg5m_g16_d20240608_v3-0-2.nc,6e826c9ad092c4dd27643920e51b5b2a78b97d8295fbd7b3745ac80ef30c3b56,3-0-2,15,True,False,False,0.01438335464684172,0.019293379008026034,sep_20240608_0255:pre_peak,1021.4839533552123,0.0019579357986297384,0,0,0,93,0,16,W
all_separate_directions_not_independent,300,core_only,screened,all,0.01,repeat_pre_peak,approach,H,50,8.046217056373428e-05,0.0004070957962212386,0.0007633285378079151,0.0007977318560125624,GOES-18 SGPS,0.0007977318560125624,2024-03-23T16:10:00+00:00,sci_sgps-l2-avg5m_g18_d20240323_v3-0-2.nc,5e377455e3e21cc22a9c8885fca4c940404e6a4070ab559acd815bff0fb69c26,3-0-2,6,True,False,False,2024-03-23T16:15:00+00:00,sci_sgps-l2-avg5m_g18_d20240323_v3-0-2.nc,5e377455e3e21cc22a9c8885fca4c940404e6a4070ab559acd815bff0fb69c26,3-0-2,6,True,False,False,0.00595680938883378,0.008350004956871467,sep_20240323_0815:pre_peak,1253.554051355638,0.0015954637120251247,0,0,0,91,0,18,W
all_separate_directions_not_independent,300,core_only,screened,all,0.01,repeat_pre_peak,approach,log,0,,,,,GOES-16 SGPS,,,,,,,,,,,,,,,,,,,,,,,0,0,0,91,0,16,W
all_separate_directions_not_independent,300,core_only,screened,all,0.01,repeat_pre_peak,whole,H,96,9.041536417884948e-05,0.0004493367845620788,0.0008914212391828919,0.0009789678993148687,GOES-16 SGPS,0.0009789678993148687,2024-06-08T06:10:00+00:00,sci_sgps-l2-avg5m_g16_d20240608_v3-0-2.nc,6e826c9ad092c4dd27643920e51b5b2a78b97d8295fbd7b3745ac80ef30c3b56,3-0-2,15,True,False,False,2024-06-08T06:15:00+00:00,sci_sgps-l2-avg5m_g16_d20240608_v3-0-2.nc,6e826c9ad092c4dd27643920e51b5b2a78b97d8295fbd7b3745ac80ef30c3b56,3-0-2,15,True,False,False,0.01438335464684172,0.019293379008026034,sep_20240608_0255:pre_peak,1021.4839533552127,0.0019579357986297375,0,0,0,184,0,16,W
all_separate_directions_not_independent,300,core_only,screened,all,0.01,repeat_pre_peak,whole,log,46,0.00013079477563435155,0.00044933678456207866,0.0009374984287260381,0.0009789678993148692,GOES-16 SGPS,0.0009789678993148692,2024-06-08T06:10:00+00:00,sci_sgps-l2-avg5m_g16_d20240608_v3-0-2.nc,6e826c9ad092c4dd27643920e51b5b2a78b97d8295fbd7b3745ac80ef30c3b56,3-0-2,15,True,False,False,2024-06-08T06:15:00+00:00,sci_sgps-l2-avg5m_g16_d20240608_v3-0-2.nc,6e826c9ad092c4dd27643920e51b5b2a78b97d8295fbd7b3745ac80ef30c3b56,3-0-2,15,True,False,False,0.01438335464684172,0.019293379008026034,sep_20240608_0255:pre_peak,1021.4839533552123,0.0019579357986297384,0,0,0,184,0,16,W
all_separate_directions_not_independent,300,core_only,screened,all,0.01,unassigned_no_crossing,whole,H,83928,1.0364950346695755e-06,8.541591057368752e-06,6.323619587900409e-05,0.0014718592824836728,GOES-18 SGPS,0.0014718592824836728,2026-01-19T21:55:00+00:00,sci_sgps-l2-avg5m_g18_d20260119_v3-0-3.nc,b20e422ff57453d1a1755e6a53140aa9903be3a480b7a54d058c83bcf8afeb3b,3-0-3,15,True,False,False,2026-01-19T22:00:00+00:00,sci_sgps-l2-avg5m_g18_d20260119_v3-0-3.nc,b20e422ff57453d1a1755e6a53140aa9903be3a480b7a54d058c83bcf8afeb3b,3-0-3,15,True,False,False,0.0036515409574125195,0.008067118804863539,sep_20260118_2255:post_peak,679.4127753249353,0.0029437185649673456,0,0,0,169171,210,18,W
all_separate_directions_not_independent,300,core_only,screened,all,0.01,unassigned_no_crossing,whole,log,0,,,,,GOES-16 SGPS,,,,,,,,,,,,,,,,,,,,,,,0,0,0,169171,210,16,E
all_separate_directions_not_independent,300,core_only,screened,all,0.1,all_retained,above_level,H,44,0.00026617665560292364,0.0006055727468967162,0.0014968839150334863,0.0020593017266235915,GOES-19 SGPS,0.0020593017266235915,2026-01-19T19:10:00+00:00,sci_sgps-l2-avg5m_g19_d20260119_v3-0-3.nc,638c9012e44cc020722ffb66e6907a360455b5e6a17d45d9210393640be1ebf2,3-0-3,6,True,False,False,2026-01-19T19:15:00+00:00,sci_sgps-l2-avg5m_g19_d20260119_v3-0-3.nc,638c9012e44cc020722ffb66e6907a360455b5e6a17d45d9210393640be1ebf2,3-0-3,6,True,False,False,0.17433711861745735,0.32336489971838256,sep_20260118_2255:pre_peak,485.60149640606045,0.004118603453247183,0,0,0,91,0,19,E
all_separate_directions_not_independent,300,core_only,screened,all,0.1,all_retained,above_level,log,44,0.00026617665560292375,0.0006055727468967163,0.0014968839150334861,0.002059301726623591,GOES-19 SGPS,0.002059301726623591,2026-01-19T19:10:00+00:00,sci_sgps-l2-avg5m_g19_d20260119_v3-0-3.nc,638c9012e44cc020722ffb66e6907a360455b5e6a17d45d9210393640be1ebf2,3-0-3,6,True,False,False,2026-01-19T19:15:00+00:00,sci_sgps-l2-avg5m_g19_d20260119_v3-0-3.nc,638c9012e44cc020722ffb66e6907a360455b5e6a17d45d9210393640be1ebf2,3-0-3,6,True,False,False,0.17433711861745735,0.32336489971838256,sep_20260118_2255:pre_peak,485.6014964060605,0.004118603453247182,0,0,0,91,0,19,E
all_separate_directions_not_independent,300,core_only,screened,all,0.1,all_retained,approach,H,605,6.52271971392644e-06,0.00010041229294601944,0.00040628942724386626,0.002667059051161489,GOES-18 SGPS,0.002667059051161489,2026-01-19T19:10:00+00:00,sci_sgps-l2-avg5m_g18_d20260119_v3-0-3.nc,b20e422ff57453d1a1755e6a53140aa9903be3a480b7a54d058c83bcf8afeb3b,3-0-3,15,True,False,False,2026-01-19T19:15:00+00:00,sci_sgps-l2-avg5m_g18_d20260119_v3-0-3.nc,b20e422ff57453d1a1755e6a53140aa9903be3a480b7a54d058c83bcf8afeb3b,3-0-3,15,True,False,False,0.08881530346308482,0.19902708798078342,sep_20260118_2255:pre_peak,374.94482904850037,0.005334118102322978,0,0,0,944,0,18,E
all_separate_directions_not_independent,300,core_only,screened,all,0.1,all_retained,approach,log,0,,,,,GOES-18 SGPS,,,,,,,,,,,,,,,,,,,,,,,0,0,0,944,0,18,E
all_separate_directions_not_independent,300,core_only,screened,all,0.1,all_retained,whole,H,86148,1.077646986837385e-07,1.0826202120476234e-06,1.5040471532143953e-05,0.002667059051161489,GOES-18 SGPS,0.002667059051161489,2026-01-19T19:10:00+00:00,sci_sgps-l2-avg5m_g18_d20260119_v3-0-3.nc,b20e422ff57453d1a1755e6a53140aa9903be3a480b7a54d058c83bcf8afeb3b,3-0-3,15,True,False,False,2026-01-19T19:15:00+00:00,sci_sgps-l2-avg5m_g18_d20260119_v3-0-3.nc,b20e422ff57453d1a1755e6a53140aa9903be3a480b7a54d058c83bcf8afeb3b,3-0-3,15,True,False,False,0.08881530346308482,0.19902708798078342,sep_20260118_2255:pre_peak,374.94482904850037,0.005334118102322978,0,0,0,173124,0,18,E
all_separate_directions_not_independent,300,core_only,screened,all,0.1,all_retained,whole,log,44,0.00026617665560292375,0.0006055727468967163,0.0014968839150334861,0.002059301726623591,GOES-19 SGPS,0.002059301726623591,2026-01-19T19:10:00+00:00,sci_sgps-l2-avg5m_g19_d20260119_v3-0-3.nc,638c9012e44cc020722ffb66e6907a360455b5e6a17d45d9210393640be1ebf2,3-0-3,6,True,False,False,2026-01-19T19:15:00+00:00,sci_sgps-l2-avg5m_g19_d20260119_v3-0-3.nc,638c9012e44cc020722ffb66e6907a360455b5e6a17d45d9210393640be1ebf2,3-0-3,6,True,False,False,0.17433711861745735,0.32336489971838256,sep_20260118_2255:pre_peak,485.6014964060605,0.004118603453247182,0,0,0,173124,0,19,E
all_separate_directions_not_independent,300,core_only,screened,all,0.1,confirmed_entry,above_level,H,33,0.0002692430622812281,0.000558701570512689,0.0007163930413036146,0.0007513533275768343,GOES-19 SGPS,0.0007513533275768343,2026-01-19T19:05:00+00:00,sci_sgps-l2-avg5m_g19_d20260119_v3-0-3.nc,638c9012e44cc020722ffb66e6907a360455b5e6a17d45d9210393640be1ebf2,3-0-3,6,True,False,False,2026-01-19T19:10:00+00:00,sci_sgps-l2-avg5m_g19_d20260119_v3-0-3.nc,638c9012e44cc020722ffb66e6907a360455b5e6a17d45d9210393640be1ebf2,3-0-3,6,True,False,False,0.21399310469409313,0.2680972510449092,sep_20260118_2255:pre_peak,1330.9317511443892,0.0015027066551536686,0,0,0,69,0,19,W
all_separate_directions_not_independent,300,core_only,screened,all,0.1,confirmed_entry,above_level,log,33,0.00026924306228122847,0.0005587015705126886,0.0007163930413036149,0.0007513533275768345,GOES-19 SGPS,0.0007513533275768345,2026-01-19T19:05:00+00:00,sci_sgps-l2-avg5m_g19_d20260119_v3-0-3.nc,638c9012e44cc020722ffb66e6907a360455b5e6a17d45d9210393640be1ebf2,3-0-3,6,True,False,False,2026-01-19T19:10:00+00:00,sci_sgps-l2-avg5m_g19_d20260119_v3-0-3.nc,638c9012e44cc020722ffb66e6907a360455b5e6a17d45d9210393640be1ebf2,3-0-3,6,True,False,False,0.21399310469409313,0.2680972510449092,sep_20260118_2255:pre_peak,1330.9317511443887,0.001502706655153669,0,0,0,69,0,19,W
all_separate_directions_not_independent,300,core_only,screened,all,0.1,confirmed_entry,approach,H,602,6.447955531283615e-06,9.88226544291124e-05,0.00040685857276831066,0.002667059051161489,GOES-18 SGPS,0.002667059051161489,2026-01-19T19:10:00+00:00,sci_sgps-l2-avg5m_g18_d20260119_v3-0-3.nc,b20e422ff57453d1a1755e6a53140aa9903be3a480b7a54d058c83bcf8afeb3b,3-0-3,15,True,False,False,2026-01-19T19:15:00+00:00,sci_sgps-l2-avg5m_g18_d20260119_v3-0-3.nc,b20e422ff57453d1a1755e6a53140aa9903be3a480b7a54d058c83bcf8afeb3b,3-0-3,15,True,False,False,0.08881530346308482,0.19902708798078342,sep_20260118_2255:pre_peak,374.94482904850037,0.005334118102322978,0,0,0,940,0,18,E
all_separate_directions_not_independent,300,core_only,screened,all,0.1,confirmed_entry,approach,log,0,,,,,GOES-18 SGPS,,,,,,,,,,,,,,,,,,,,,,,0,0,0,940,0,18,E
all_separate_directions_not_independent,300,core_only,screened,all,0.1,confirmed_entry,whole,H,635,7.698349146238922e-06,0.0001511919425668443,0.0005515188262940692,0.002667059051161489,GOES-18 SGPS,0.002667059051161489,2026-01-19T19:10:00+00:00,sci_sgps-l2-avg5m_g18_d20260119_v3-0-3.nc,b20e422ff57453d1a1755e6a53140aa9903be3a480b7a54d058c83bcf8afeb3b,3-0-3,15,True,False,False,2026-01-19T19:15:00+00:00,sci_sgps-l2-avg5m_g18_d20260119_v3-0-3.nc,b20e422ff57453d1a1755e6a53140aa9903be3a480b7a54d058c83bcf8afeb3b,3-0-3,15,True,False,False,0.08881530346308482,0.19902708798078342,sep_20260118_2255:pre_peak,374.94482904850037,0.005334118102322978,0,0,0,1009,0,18,E
all_separate_directions_not_independent,300,core_only,screened,all,0.1,confirmed_entry,whole,log,33,0.00026924306228122847,0.0005587015705126886,0.0007163930413036149,0.0007513533275768345,GOES-19 SGPS,0.0007513533275768345,2026-01-19T19:05:00+00:00,sci_sgps-l2-avg5m_g19_d20260119_v3-0-3.nc,638c9012e44cc020722ffb66e6907a360455b5e6a17d45d9210393640be1ebf2,3-0-3,6,True,False,False,2026-01-19T19:10:00+00:00,sci_sgps-l2-avg5m_g19_d20260119_v3-0-3.nc,638c9012e44cc020722ffb66e6907a360455b5e6a17d45d9210393640be1ebf2,3-0-3,6,True,False,False,0.21399310469409313,0.2680972510449092,sep_20260118_2255:pre_peak,1330.9317511443887,0.001502706655153669,0,0,0,1009,0,19,W
all_separate_directions_not_independent,300,core_only,screened,all,0.1,repeat_pre_peak,above_level,H,11,0.0002609248148071345,0.0006272139038202769,0.0019160929443432606,0.0020593017266235915,GOES-19 SGPS,0.0020593017266235915,2026-01-19T19:10:00+00:00,sci_sgps-l2-avg5m_g19_d20260119_v3-0-3.nc,638c9012e44cc020722ffb66e6907a360455b5e6a17d45d9210393640be1ebf2,3-0-3,6,True,False,False,2026-01-19T19:15:00+00:00,sci_sgps-l2-avg5m_g19_d20260119_v3-0-3.nc,638c9012e44cc020722ffb66e6907a360455b5e6a17d45d9210393640be1ebf2,3-0-3,6,True,False,False,0.17433711861745735,0.32336489971838256,sep_20260118_2255:pre_peak,485.60149640606045,0.004118603453247183,0,0,0,22,0,19,E
all_separate_directions_not_independent,300,core_only,screened,all,0.1,repeat_pre_peak,above_level,log,11,0.00026092481480713485,0.0006272139038202775,0.0019160929443432602,0.002059301726623591,GOES-19 SGPS,0.002059301726623591,2026-01-19T19:10:00+00:00,sci_sgps-l2-avg5m_g19_d20260119_v3-0-3.nc,638c9012e44cc020722ffb66e6907a360455b5e6a17d45d9210393640be1ebf2,3-0-3,6,True,False,False,2026-01-19T19:15:00+00:00,sci_sgps-l2-avg5m_g19_d20260119_v3-0-3.nc,638c9012e44cc020722ffb66e6907a360455b5e6a17d45d9210393640be1ebf2,3-0-3,6,True,False,False,0.17433711861745735,0.32336489971838256,sep_20260118_2255:pre_peak,485.6014964060605,0.004118603453247182,0,0,0,22,0,19,E
all_separate_directions_not_independent,300,core_only,screened,all,0.1,repeat_pre_peak,approach,H,3,0.00013568770532829678,0.0003026973456159788,0.00034027451468070723,0.0003444497556878993,GOES-19 SGPS,0.0003444497556878993,2026-01-19T18:40:00+00:00,sci_sgps-l2-avg5m_g19_d20260119_v3-0-3.nc,638c9012e44cc020722ffb66e6907a360455b5e6a17d45d9210393640be1ebf2,3-0-3,6,True,False,False,2026-01-19T18:45:00+00:00,sci_sgps-l2-avg5m_g19_d20260119_v3-0-3.nc,638c9012e44cc020722ffb66e6907a360455b5e6a17d45d9210393640be1ebf2,3-0-3,6,True,False,False,0.09999036382942499,0.11087558878761383,sep_20260118_2255:pre_peak,2903.1810401575226,0.0006888995113757986,0,0,0,4,0,19,E
all_separate_directions_not_independent,300,core_only,screened,all,0.1,repeat_pre_peak,approach,log,0,,,,,GOES-19 SGPS,,,,,,,,,,,,,,,,,,,,,,,0,0,0,4,0,19,E
all_separate_directions_not_independent,300,core_only,screened,all,0.1,repeat_pre_peak,whole,H,14,0.00026074047416670484,0.0006215456713274669,0.0018731303096591596,0.0020593017266235915,GOES-19 SGPS,0.0020593017266235915,2026-01-19T19:10:00+00:00,sci_sgps-l2-avg5m_g19_d20260119_v3-0-3.nc,638c9012e44cc020722ffb66e6907a360455b5e6a17d45d9210393640be1ebf2,3-0-3,6,True,False,False,2026-01-19T19:15:00+00:00,sci_sgps-l2-avg5m_g19_d20260119_v3-0-3.nc,638c9012e44cc020722ffb66e6907a360455b5e6a17d45d9210393640be1ebf2,3-0-3,6,True,False,False,0.17433711861745735,0.32336489971838256,sep_20260118_2255:pre_peak,485.60149640606045,0.004118603453247183,0,0,0,26,0,19,E
all_separate_directions_not_independent,300,core_only,screened,all,0.1,repeat_pre_peak,whole,log,11,0.00026092481480713485,0.0006272139038202775,0.0019160929443432602,0.002059301726623591,GOES-19 SGPS,0.002059301726623591,2026-01-19T19:10:00+00:00,sci_sgps-l2-avg5m_g19_d20260119_v3-0-3.nc,638c9012e44cc020722ffb66e6907a360455b5e6a17d45d9210393640be1ebf2,3-0-3,6,True,False,False,2026-01-19T19:15:00+00:00,sci_sgps-l2-avg5m_g19_d20260119_v3-0-3.nc,638c9012e44cc020722ffb66e6907a360455b5e6a17d45d9210393640be1ebf2,3-0-3,6,True,False,False,0.17433711861745735,0.32336489971838256,sep_20260118_2255:pre_peak,485.6014964060605,0.004118603453247182,0,0,0,26,0,19,E
all_separate_directions_not_independent,300,core_only,screened,all,0.1,unassigned_no_crossing,whole,H,85499,1.064447490689628e-07,9.997408921461653e-07,1.10346166580803e-05,0.0008004090087366137,GOES-19 SGPS,0.0008004090087366137,2026-01-19T21:20:00+00:00,sci_sgps-l2-avg5m_g19_d20260119_v3-0-3.nc,638c9012e44cc020722ffb66e6907a360455b5e6a17d45d9210393640be1ebf2,3-0-3,6,True,False,False,2026-01-19T21:25:00+00:00,sci_sgps-l2-avg5m_g19_d20260119_v3-0-3.nc,638c9012e44cc020722ffb66e6907a360455b5e6a17d45d9210393640be1ebf2,3-0-3,6,True,False,False,0.03404893046833784,0.058061200730436247,sep_20260118_2255:post_peak,1249.361250416741,0.0016008180174732275,0,0,0,172089,0,19,W
all_separate_directions_not_independent,300,core_only,screened,all,0.1,unassigned_no_crossing,whole,log,0,,,,,GOES-16 SGPS,,,,,,,,,,,,,,,,,,,,,,,0,0,0,172089,0,16,E
all_separate_directions_not_independent,300,core_only,strict,all,0.001,all_retained,above_level,H,428,5.9939240964926496e-05,0.00025928902700938545,0.0006768757201783951,0.0013975104170493799,GOES-16 SGPS,0.0013975104170493799,2017-09-10T17:35:00+00:00,se_sgps-l2-avg5m_g16_s20172440000000_e20172732355000_v2_0_0.nc,f5da29fe3a7dc3092a311a191ee015d6cb97773c6425e64214db2d0dab5fafb2,special_2_0_0,0,True,False,True,2017-09-10T17:40:00+00:00,se_sgps-l2-avg5m_g16_s20172440000000_e20172732355000_v2_0_0.nc,f5da29fe3a7dc3092a311a191ee015d6cb97773c6425e64214db2d0dab5fafb2,special_2_0_0,0,True,False,True,0.007156261750332564,0.010883423673880462,sep_20170910_1645:pre_peak|special_201709:unknown_peak,715.5581724473585,0.0027950208340987597,0,0,0,817,0,16,W
all_separate_directions_not_independent,300,core_only,strict,all,0.001,all_retained,above_level,log,428,5.993924096492512e-05,0.000259289027009386,0.0006768757201783946,0.001397510417049378,GOES-16 SGPS,0.001397510417049378,2017-09-10T17:35:00+00:00,se_sgps-l2-avg5m_g16_s20172440000000_e20172732355000_v2_0_0.nc,f5da29fe3a7dc3092a311a191ee015d6cb97773c6425e64214db2d0dab5fafb2,special_2_0_0,0,True,False,True,2017-09-10T17:40:00+00:00,se_sgps-l2-avg5m_g16_s20172440000000_e20172732355000_v2_0_0.nc,f5da29fe3a7dc3092a311a191ee015d6cb97773c6425e64214db2d0dab5fafb2,special_2_0_0,0,True,False,True,0.007156261750332564,0.010883423673880462,sep_20170910_1645:pre_peak|special_201709:unknown_peak,715.5581724473594,0.002795020834098756,0,0,0,817,0,16,W
all_separate_directions_not_independent,300,core_only,strict,all,0.001,all_retained,approach,H,5,0.0006324614126420328,0.0008618373125281871,0.0008629073204750843,0.0008630262102469618,GOES-16 SGPS,0.0008630262102469618,2017-09-10T17:00:00+00:00,se_sgps-l2-avg5m_g16_s20172440000000_e20172732355000_v2_0_0.nc,f5da29fe3a7dc3092a311a191ee015d6cb97773c6425e64214db2d0dab5fafb2,special_2_0_0,0,True,False,True,2017-09-10T17:05:00+00:00,se_sgps-l2-avg5m_g16_s20172440000000_e20172732355000_v2_0_0.nc,f5da29fe3a7dc3092a311a191ee015d6cb97773c6425e64214db2d0dab5fafb2,special_2_0_0,0,True,False,True,0.0007174083478353789,0.0009763162109094674,sep_20170910_1645:pre_peak|special_201709:unknown_peak,1158.713360181543,0.0017260524204939236,0,0,0,5,0,16,E
all_separate_directions_not_independent,300,core_only,strict,all,0.001,all_retained,approach,log,0,,,,,GOES-16 SGPS,,,,,,,,,,,,,,,,,,,,,,,0,0,0,5,0,16,E
all_separate_directions_not_independent,300,core_only,strict,all,0.001,all_retained,whole,H,433,6.167399337993374e-05,0.00026541047357785623,0.0008140013129131689,0.0013975104170493799,GOES-16 SGPS,0.0013975104170493799,2017-09-10T17:35:00+00:00,se_sgps-l2-avg5m_g16_s20172440000000_e20172732355000_v2_0_0.nc,f5da29fe3a7dc3092a311a191ee015d6cb97773c6425e64214db2d0dab5fafb2,special_2_0_0,0,True,False,True,2017-09-10T17:40:00+00:00,se_sgps-l2-avg5m_g16_s20172440000000_e20172732355000_v2_0_0.nc,f5da29fe3a7dc3092a311a191ee015d6cb97773c6425e64214db2d0dab5fafb2,special_2_0_0,0,True,False,True,0.007156261750332564,0.010883423673880462,sep_20170910_1645:pre_peak|special_201709:unknown_peak,715.5581724473585,0.0027950208340987597,0,0,0,822,0,16,W
all_separate_directions_not_independent,300,core_only,strict,all,0.001,all_retained,whole,log,428,5.993924096492512e-05,0.000259289027009386,0.0006768757201783946,0.001397510417049378,GOES-16 SGPS,0.001397510417049378,2017-09-10T17:35:00+00:00,se_sgps-l2-avg5m_g16_s20172440000000_e20172732355000_v2_0_0.nc,f5da29fe3a7dc3092a311a191ee015d6cb97773c6425e64214db2d0dab5fafb2,special_2_0_0,0,True,False,True,2017-09-10T17:40:00+00:00,se_sgps-l2-avg5m_g16_s20172440000000_e20172732355000_v2_0_0.nc,f5da29fe3a7dc3092a311a191ee015d6cb97773c6425e64214db2d0dab5fafb2,special_2_0_0,0,True,False,True,0.007156261750332564,0.010883423673880462,sep_20170910_1645:pre_peak|special_201709:unknown_peak,715.5581724473594,0.002795020834098756,0,0,0,822,0,16,W
all_separate_directions_not_independent,300,core_only,strict,all,0.001,censored_first,above_level,H,428,5.9939240964926496e-05,0.00025928902700938545,0.0006768757201783951,0.0013975104170493799,GOES-16 SGPS,0.0013975104170493799,2017-09-10T17:35:00+00:00,se_sgps-l2-avg5m_g16_s20172440000000_e20172732355000_v2_0_0.nc,f5da29fe3a7dc3092a311a191ee015d6cb97773c6425e64214db2d0dab5fafb2,special_2_0_0,0,True,False,True,2017-09-10T17:40:00+00:00,se_sgps-l2-avg5m_g16_s20172440000000_e20172732355000_v2_0_0.nc,f5da29fe3a7dc3092a311a191ee015d6cb97773c6425e64214db2d0dab5fafb2,special_2_0_0,0,True,False,True,0.007156261750332564,0.010883423673880462,sep_20170910_1645:pre_peak|special_201709:unknown_peak,715.5581724473585,0.0027950208340987597,0,0,0,817,0,16,W
all_separate_directions_not_independent,300,core_only,strict,all,0.001,censored_first,above_level,log,428,5.993924096492512e-05,0.000259289027009386,0.0006768757201783946,0.001397510417049378,GOES-16 SGPS,0.001397510417049378,2017-09-10T17:35:00+00:00,se_sgps-l2-avg5m_g16_s20172440000000_e20172732355000_v2_0_0.nc,f5da29fe3a7dc3092a311a191ee015d6cb97773c6425e64214db2d0dab5fafb2,special_2_0_0,0,True,False,True,2017-09-10T17:40:00+00:00,se_sgps-l2-avg5m_g16_s20172440000000_e20172732355000_v2_0_0.nc,f5da29fe3a7dc3092a311a191ee015d6cb97773c6425e64214db2d0dab5fafb2,special_2_0_0,0,True,False,True,0.007156261750332564,0.010883423673880462,sep_20170910_1645:pre_peak|special_201709:unknown_peak,715.5581724473594,0.002795020834098756,0,0,0,817,0,16,W
all_separate_directions_not_independent,300,core_only,strict,all,0.001,censored_first,approach,H,5,0.0006324614126420328,0.0008618373125281871,0.0008629073204750843,0.0008630262102469618,GOES-16 SGPS,0.0008630262102469618,2017-09-10T17:00:00+00:00,se_sgps-l2-avg5m_g16_s20172440000000_e20172732355000_v2_0_0.nc,f5da29fe3a7dc3092a311a191ee015d6cb97773c6425e64214db2d0dab5fafb2,special_2_0_0,0,True,False,True,2017-09-10T17:05:00+00:00,se_sgps-l2-avg5m_g16_s20172440000000_e20172732355000_v2_0_0.nc,f5da29fe3a7dc3092a311a191ee015d6cb97773c6425e64214db2d0dab5fafb2,special_2_0_0,0,True,False,True,0.0007174083478353789,0.0009763162109094674,sep_20170910_1645:pre_peak|special_201709:unknown_peak,1158.713360181543,0.0017260524204939236,0,0,0,5,0,16,E
all_separate_directions_not_independent,300,core_only,strict,all,0.001,censored_first,approach,log,0,,,,,GOES-16 SGPS,,,,,,,,,,,,,,,,,,,,,,,0,0,0,5,0,16,E
all_separate_directions_not_independent,300,core_only,strict,all,0.001,censored_first,whole,H,433,6.167399337993374e-05,0.00026541047357785623,0.0008140013129131689,0.0013975104170493799,GOES-16 SGPS,0.0013975104170493799,2017-09-10T17:35:00+00:00,se_sgps-l2-avg5m_g16_s20172440000000_e20172732355000_v2_0_0.nc,f5da29fe3a7dc3092a311a191ee015d6cb97773c6425e64214db2d0dab5fafb2,special_2_0_0,0,True,False,True,2017-09-10T17:40:00+00:00,se_sgps-l2-avg5m_g16_s20172440000000_e20172732355000_v2_0_0.nc,f5da29fe3a7dc3092a311a191ee015d6cb97773c6425e64214db2d0dab5fafb2,special_2_0_0,0,True,False,True,0.007156261750332564,0.010883423673880462,sep_20170910_1645:pre_peak|special_201709:unknown_peak,715.5581724473585,0.0027950208340987597,0,0,0,822,0,16,W
all_separate_directions_not_independent,300,core_only,strict,all,0.001,censored_first,whole,log,428,5.993924096492512e-05,0.000259289027009386,0.0006768757201783946,0.001397510417049378,GOES-16 SGPS,0.001397510417049378,2017-09-10T17:35:00+00:00,se_sgps-l2-avg5m_g16_s20172440000000_e20172732355000_v2_0_0.nc,f5da29fe3a7dc3092a311a191ee015d6cb97773c6425e64214db2d0dab5fafb2,special_2_0_0,0,True,False,True,2017-09-10T17:40:00+00:00,se_sgps-l2-avg5m_g16_s20172440000000_e20172732355000_v2_0_0.nc,f5da29fe3a7dc3092a311a191ee015d6cb97773c6425e64214db2d0dab5fafb2,special_2_0_0,0,True,False,True,0.007156261750332564,0.010883423673880462,sep_20170910_1645:pre_peak|special_201709:unknown_peak,715.5581724473594,0.002795020834098756,0,0,0,822,0,16,W
all_separate_directions_not_independent,300,core_only,strict,all,0.01,all_retained,above_level,H,355,5.295322205413881e-05,0.00018048275844239635,0.0004187247320274806,0.0005364849832040345,GOES-16 SGPS,0.0005364849832040345,2017-09-10T17:45:00+00:00,se_sgps-l2-avg5m_g16_s20172440000000_e20172732355000_v2_0_0.nc,f5da29fe3a7dc3092a311a191ee015d6cb97773c6425e64214db2d0dab5fafb2,special_2_0_0,0,True,False,True,2017-09-10T17:50:00+00:00,se_sgps-l2-avg5m_g16_s20172440000000_e20172732355000_v2_0_0.nc,f5da29fe3a7dc3092a311a191ee015d6cb97773c6425e64214db2d0dab5fafb2,special_2_0_0,0,True,False,True,0.012720186671019632,0.014941397679298888,sep_20170910_1645:pre_peak|special_201709:unknown_peak,1863.9850719170693,0.001072969966408069,0,0,0,706,0,16,W
all_separate_directions_not_independent,300,core_only,strict,all,0.01,all_retained,above_level,log,355,5.29532220541393e-05,0.00018048275844239608,0.0004187247320274803,0.000536484983204034,GOES-16 SGPS,0.000536484983204034,2017-09-10T17:45:00+00:00,se_sgps-l2-avg5m_g16_s20172440000000_e20172732355000_v2_0_0.nc,f5da29fe3a7dc3092a311a191ee015d6cb97773c6425e64214db2d0dab5fafb2,special_2_0_0,0,True,False,True,2017-09-10T17:50:00+00:00,se_sgps-l2-avg5m_g16_s20172440000000_e20172732355000_v2_0_0.nc,f5da29fe3a7dc3092a311a191ee015d6cb97773c6425e64214db2d0dab5fafb2,special_2_0_0,0,True,False,True,0.012720186671019632,0.014941397679298888,sep_20170910_1645:pre_peak|special_201709:unknown_peak,1863.9850719170713,0.001072969966408068,0,0,0,706,0,16,W
all_separate_directions_not_independent,300,core_only,strict,all,0.01,all_retained,approach,H,67,9.551101441552283e-05,0.00027563360752548696,0.0009153453505849666,0.0012300986660284852,GOES-16 SGPS,0.0012300986660284852,2017-09-10T17:35:00+00:00,se_sgps-l2-avg5m_g16_s20172440000000_e20172732355000_v2_0_0.nc,f5da29fe3a7dc3092a311a191ee015d6cb97773c6425e64214db2d0dab5fafb2,special_2_0_0,0,True,False,True,2017-09-10T17:40:00+00:00,se_sgps-l2-avg5m_g16_s20172440000000_e20172732355000_v2_0_0.nc,f5da29fe3a7dc3092a311a191ee015d6cb97773c6425e64214db2d0dab5fafb2,special_2_0_0,0,True,False,True,0.007156261750332564,0.010883423673880462,sep_20170910_1645:pre_peak|special_201709:unknown_peak,812.9429188218006,0.0024601973320569704,0,0,0,88,0,16,W
all_separate_directions_not_independent,300,core_only,strict,all,0.01,all_retained,approach,log,0,,,,,GOES-16 SGPS,,,,,,,,,,,,,,,,,,,,,,,0,0,0,88,0,16,E
all_separate_directions_not_independent,300,core_only,strict,all,0.01,all_retained,whole,H,433,5.597677151628474e-05,0.00020415922828450204,0.0004930959458068506,0.0012300986660284852,GOES-16 SGPS,0.0012300986660284852,2017-09-10T17:35:00+00:00,se_sgps-l2-avg5m_g16_s20172440000000_e20172732355000_v2_0_0.nc,f5da29fe3a7dc3092a311a191ee015d6cb97773c6425e64214db2d0dab5fafb2,special_2_0_0,0,True,False,True,2017-09-10T17:40:00+00:00,se_sgps-l2-avg5m_g16_s20172440000000_e20172732355000_v2_0_0.nc,f5da29fe3a7dc3092a311a191ee015d6cb97773c6425e64214db2d0dab5fafb2,special_2_0_0,0,True,False,True,0.007156261750332564,0.010883423673880462,sep_20170910_1645:pre_peak|special_201709:unknown_peak,812.9429188218006,0.0024601973320569704,0,0,0,822,0,16,W
all_separate_directions_not_independent,300,core_only,strict,all,0.01,all_retained,whole,log,355,5.29532220541393e-05,0.00018048275844239608,0.0004187247320274803,0.000536484983204034,GOES-16 SGPS,0.000536484983204034,2017-09-10T17:45:00+00:00,se_sgps-l2-avg5m_g16_s20172440000000_e20172732355000_v2_0_0.nc,f5da29fe3a7dc3092a311a191ee015d6cb97773c6425e64214db2d0dab5fafb2,special_2_0_0,0,True,False,True,2017-09-10T17:50:00+00:00,se_sgps-l2-avg5m_g16_s20172440000000_e20172732355000_v2_0_0.nc,f5da29fe3a7dc3092a311a191ee015d6cb97773c6425e64214db2d0dab5fafb2,special_2_0_0,0,True,False,True,0.012720186671019632,0.014941397679298888,sep_20170910_1645:pre_peak|special_201709:unknown_peak,1863.9850719170713,0.001072969966408068,0,0,0,822,0,16,W
all_separate_directions_not_independent,300,core_only,strict,all,0.01,censored_first,above_level,H,332,5.070728944321331e-05,0.000179470157952294,0.0004294906373024353,0.0005364849832040345,GOES-16 SGPS,0.0005364849832040345,2017-09-10T17:45:00+00:00,se_sgps-l2-avg5m_g16_s20172440000000_e20172732355000_v2_0_0.nc,f5da29fe3a7dc3092a311a191ee015d6cb97773c6425e64214db2d0dab5fafb2,special_2_0_0,0,True,False,True,2017-09-10T17:50:00+00:00,se_sgps-l2-avg5m_g16_s20172440000000_e20172732355000_v2_0_0.nc,f5da29fe3a7dc3092a311a191ee015d6cb97773c6425e64214db2d0dab5fafb2,special_2_0_0,0,True,False,True,0.012720186671019632,0.014941397679298888,sep_20170910_1645:pre_peak|special_201709:unknown_peak,1863.9850719170693,0.001072969966408069,0,0,0,664,0,16,W
all_separate_directions_not_independent,300,core_only,strict,all,0.01,censored_first,above_level,log,332,5.070728944321266e-05,0.00017947015795229424,0.00042949063730243493,0.000536484983204034,GOES-16 SGPS,0.000536484983204034,2017-09-10T17:45:00+00:00,se_sgps-l2-avg5m_g16_s20172440000000_e20172732355000_v2_0_0.nc,f5da29fe3a7dc3092a311a191ee015d6cb97773c6425e64214db2d0dab5fafb2,special_2_0_0,0,True,False,True,2017-09-10T17:50:00+00:00,se_sgps-l2-avg5m_g16_s20172440000000_e20172732355000_v2_0_0.nc,f5da29fe3a7dc3092a311a191ee015d6cb97773c6425e64214db2d0dab5fafb2,special_2_0_0,0,True,False,True,0.012720186671019632,0.014941397679298888,sep_20170910_1645:pre_peak|special_201709:unknown_peak,1863.9850719170713,0.001072969966408068,0,0,0,664,0,16,W
all_separate_directions_not_independent,300,core_only,strict,all,0.01,censored_first,approach,H,52,9.508662605867227e-05,0.0002641524224120087,0.0009868801950039478,0.0012300986660284852,GOES-16 SGPS,0.0012300986660284852,2017-09-10T17:35:00+00:00,se_sgps-l2-avg5m_g16_s20172440000000_e20172732355000_v2_0_0.nc,f5da29fe3a7dc3092a311a191ee015d6cb97773c6425e64214db2d0dab5fafb2,special_2_0_0,0,True,False,True,2017-09-10T17:40:00+00:00,se_sgps-l2-avg5m_g16_s20172440000000_e20172732355000_v2_0_0.nc,f5da29fe3a7dc3092a311a191ee015d6cb97773c6425e64214db2d0dab5fafb2,special_2_0_0,0,True,False,True,0.007156261750332564,0.010883423673880462,sep_20170910_1645:pre_peak|special_201709:unknown_peak,812.9429188218006,0.0024601973320569704,0,0,0,62,0,16,W
all_separate_directions_not_independent,300,core_only,strict,all,0.01,censored_first,approach,log,0,,,,,GOES-16 SGPS,,,,,,,,,,,,,,,,,,,,,,,0,0,0,62,0,16,E
all_separate_directions_not_independent,300,core_only,strict,all,0.01,censored_first,whole,H,384,5.482922918632801e-05,0.0001845568210259662,0.000516816770122692,0.0012300986660284852,GOES-16 SGPS,0.0012300986660284852,2017-09-10T17:35:00+00:00,se_sgps-l2-avg5m_g16_s20172440000000_e20172732355000_v2_0_0.nc,f5da29fe3a7dc3092a311a191ee015d6cb97773c6425e64214db2d0dab5fafb2,special_2_0_0,0,True,False,True,2017-09-10T17:40:00+00:00,se_sgps-l2-avg5m_g16_s20172440000000_e20172732355000_v2_0_0.nc,f5da29fe3a7dc3092a311a191ee015d6cb97773c6425e64214db2d0dab5fafb2,special_2_0_0,0,True,False,True,0.007156261750332564,0.010883423673880462,sep_20170910_1645:pre_peak|special_201709:unknown_peak,812.9429188218006,0.0024601973320569704,0,0,0,726,0,16,W
all_separate_directions_not_independent,300,core_only,strict,all,0.01,censored_first,whole,log,332,5.070728944321266e-05,0.00017947015795229424,0.00042949063730243493,0.000536484983204034,GOES-16 SGPS,0.000536484983204034,2017-09-10T17:45:00+00:00,se_sgps-l2-avg5m_g16_s20172440000000_e20172732355000_v2_0_0.nc,f5da29fe3a7dc3092a311a191ee015d6cb97773c6425e64214db2d0dab5fafb2,special_2_0_0,0,True,False,True,2017-09-10T17:50:00+00:00,se_sgps-l2-avg5m_g16_s20172440000000_e20172732355000_v2_0_0.nc,f5da29fe3a7dc3092a311a191ee015d6cb97773c6425e64214db2d0dab5fafb2,special_2_0_0,0,True,False,True,0.012720186671019632,0.014941397679298888,sep_20170910_1645:pre_peak|special_201709:unknown_peak,1863.9850719170713,0.001072969966408068,0,0,0,726,0,16,W
all_separate_directions_not_independent,300,core_only,strict,all,0.01,censored_repeat,above_level,H,23,8.143526108915038e-05,0.00020885455585072218,0.0002840908958041696,0.000294913740745734,GOES-16 SGPS,0.000294913740745734,2017-09-11T20:55:00+00:00,se_sgps-l2-avg5m_g16_s20172440000000_e20172732355000_v2_0_0.nc,f5da29fe3a7dc3092a311a191ee015d6cb97773c6425e64214db2d0dab5fafb2,special_2_0_0,0,True,True,True,2017-09-11T21:00:00+00:00,se_sgps-l2-avg5m_g16_s20172440000000_e20172732355000_v2_0_0.nc,f5da29fe3a7dc3092a311a191ee015d6cb97773c6425e64214db2d0dab5fafb2,special_2_0_0,0,True,True,True,0.011022845244971931,0.01204252435357309,sep_20170910_1645:post_peak|special_201709:unknown_peak,3390.8219992440795,0.000589827481491468,0,0,0,42,0,16,E
all_separate_directions_not_independent,300,core_only,strict,all,0.01,censored_repeat,above_level,log,23,8.143526108915042e-05,0.00020885455585072264,0.0002840908958041695,0.00029491374074573396,GOES-16 SGPS,0.00029491374074573396,2017-09-11T20:55:00+00:00,se_sgps-l2-avg5m_g16_s20172440000000_e20172732355000_v2_0_0.nc,f5da29fe3a7dc3092a311a191ee015d6cb97773c6425e64214db2d0dab5fafb2,special_2_0_0,0,True,True,True,2017-09-11T21:00:00+00:00,se_sgps-l2-avg5m_g16_s20172440000000_e20172732355000_v2_0_0.nc,f5da29fe3a7dc3092a311a191ee015d6cb97773c6425e64214db2d0dab5fafb2,special_2_0_0,0,True,True,True,0.011022845244971931,0.01204252435357309,sep_20170910_1645:post_peak|special_201709:unknown_peak,3390.8219992440804,0.0005898274814914679,0,0,0,42,0,16,E
all_separate_directions_not_independent,300,core_only,strict,all,0.01,censored_repeat,approach,H,15,0.00011099687384155491,0.00029264795420992027,0.00039397757746148005,0.00040448034940092153,GOES-16 SGPS,0.00040448034940092153,2017-09-11T23:10:00+00:00,se_sgps-l2-avg5m_g16_s20172440000000_e20172732355000_v2_0_0.nc,f5da29fe3a7dc3092a311a191ee015d6cb97773c6425e64214db2d0dab5fafb2,special_2_0_0,0,True,True,True,2017-09-11T23:15:00+00:00,se_sgps-l2-avg5m_g16_s20172440000000_e20172732355000_v2_0_0.nc,f5da29fe3a7dc3092a311a191ee015d6cb97773c6425e64214db2d0dab5fafb2,special_2_0_0,0,True,True,True,0.009822804793263945,0.011091839714960767,sep_20170910_1645:post_peak|special_201709:unknown_peak,2472.3079909348044,0.0008089606988018431,0,0,0,26,0,16,E
all_separate_directions_not_independent,300,core_only,strict,all,0.01,censored_repeat,approach,log,0,,,,,GOES-16 SGPS,,,,,,,,,,,,,,,,,,,,,,,0,0,0,26,0,16,E
all_separate_directions_not_independent,300,core_only,strict,all,0.01,censored_repeat,whole,H,38,9.140027720517178e-05,0.00023991603984560865,0.00037672302356096934,0.00040448034940092153,GOES-16 SGPS,0.00040448034940092153,2017-09-11T23:10:00+00:00,se_sgps-l2-avg5m_g16_s20172440000000_e20172732355000_v2_0_0.nc,f5da29fe3a7dc3092a311a191ee015d6cb97773c6425e64214db2d0dab5fafb2,special_2_0_0,0,True,True,True,2017-09-11T23:15:00+00:00,se_sgps-l2-avg5m_g16_s20172440000000_e20172732355000_v2_0_0.nc,f5da29fe3a7dc3092a311a191ee015d6cb97773c6425e64214db2d0dab5fafb2,special_2_0_0,0,True,True,True,0.009822804793263945,0.011091839714960767,sep_20170910_1645:post_peak|special_201709:unknown_peak,2472.3079909348044,0.0008089606988018431,0,0,0,68,0,16,E
all_separate_directions_not_independent,300,core_only,strict,all,0.01,censored_repeat,whole,log,23,8.143526108915042e-05,0.00020885455585072264,0.0002840908958041695,0.00029491374074573396,GOES-16 SGPS,0.00029491374074573396,2017-09-11T20:55:00+00:00,se_sgps-l2-avg5m_g16_s20172440000000_e20172732355000_v2_0_0.nc,f5da29fe3a7dc3092a311a191ee015d6cb97773c6425e64214db2d0dab5fafb2,special_2_0_0,0,True,True,True,2017-09-11T21:00:00+00:00,se_sgps-l2-avg5m_g16_s20172440000000_e20172732355000_v2_0_0.nc,f5da29fe3a7dc3092a311a191ee015d6cb97773c6425e64214db2d0dab5fafb2,special_2_0_0,0,True,True,True,0.011022845244971931,0.01204252435357309,sep_20170910_1645:post_peak|special_201709:unknown_peak,3390.8219992440804,0.0005898274814914679,0,0,0,68,0,16,E
all_separate_directions_not_independent,300,core_only,strict,all,0.01,unassigned_no_crossing,whole,H,11,5.731636791070249e-05,0.00018386854245503053,0.00024329601001336746,0.00024989906196429376,GOES-16 SGPS,0.00024989906196429376,2017-09-12T00:20:00+00:00,se_sgps-l2-avg5m_g16_s20172440000000_e20172732355000_v2_0_0.nc,f5da29fe3a7dc3092a311a191ee015d6cb97773c6425e64214db2d0dab5fafb2,special_2_0_0,0,True,True,True,2017-09-12T00:25:00+00:00,se_sgps-l2-avg5m_g16_s20172440000000_e20172732355000_v2_0_0.nc,f5da29fe3a7dc3092a311a191ee015d6cb97773c6425e64214db2d0dab5fafb2,special_2_0_0,0,True,True,True,0.009173426794485932,0.009923123980378814,sep_20170910_1645:post_peak|special_201709:unknown_peak,4001.6156608978495,0.0004997981239285875,0,0,0,28,0,16,E
all_separate_directions_not_independent,300,core_only,strict,all,0.01,unassigned_no_crossing,whole,log,0,,,,,GOES-16 SGPS,,,,,,,,,,,,,,,,,,,,,,,0,0,0,28,0,16,E
all_separate_directions_not_independent,300,core_only,strict,all,0.1,all_retained,whole,H,433,1.130855950172723e-05,4.0825275760337806e-05,7.458623143109603e-05,0.00012423873078492992,GOES-16 SGPS,0.00012423873078492992,2017-09-10T17:35:00+00:00,se_sgps-l2-avg5m_g16_s20172440000000_e20172732355000_v2_0_0.nc,f5da29fe3a7dc3092a311a191ee015d6cb97773c6425e64214db2d0dab5fafb2,special_2_0_0,0,True,False,True,2017-09-10T17:40:00+00:00,se_sgps-l2-avg5m_g16_s20172440000000_e20172732355000_v2_0_0.nc,f5da29fe3a7dc3092a311a191ee015d6cb97773c6425e64214db2d0dab5fafb2,special_2_0_0,0,True,False,True,0.007156261750332564,0.010883423673880462,sep_20170910_1645:pre_peak|special_201709:unknown_peak,8049.019767685033,0.00024847746156985985,0,0,0,822,0,16,W
all_separate_directions_not_independent,300,core_only,strict,all,0.1,all_retained,whole,log,0,,,,,GOES-16 SGPS,,,,,,,,,,,,,,,,,,,,,,,0,0,0,822,0,16,E
all_separate_directions_not_independent,300,core_only,strict,all,0.1,unassigned_no_crossing,whole,H,433,1.130855950172723e-05,4.0825275760337806e-05,7.458623143109603e-05,0.00012423873078492992,GOES-16 SGPS,0.00012423873078492992,2017-09-10T17:35:00+00:00,se_sgps-l2-avg5m_g16_s20172440000000_e20172732355000_v2_0_0.nc,f5da29fe3a7dc3092a311a191ee015d6cb97773c6425e64214db2d0dab5fafb2,special_2_0_0,0,True,False,True,2017-09-10T17:40:00+00:00,se_sgps-l2-avg5m_g16_s20172440000000_e20172732355000_v2_0_0.nc,f5da29fe3a7dc3092a311a191ee015d6cb97773c6425e64214db2d0dab5fafb2,special_2_0_0,0,True,False,True,0.007156261750332564,0.010883423673880462,sep_20170910_1645:pre_peak|special_201709:unknown_peak,8049.019767685033,0.00024847746156985985,0,0,0,822,0,16,W
all_separate_directions_not_independent,300,core_only,strict,all,0.1,unassigned_no_crossing,whole,log,0,,,,,GOES-16 SGPS,,,,,,,,,,,,,,,,,,,,,,,0,0,0,822,0,16,E
all_separate_directions_not_independent,300,main_loglog,reported,all,0.001,all_retained,above_level,H,8295,0.00010326166142256085,0.0003428906681138105,0.0009129490772705139,0.004549756016600392,GOES-18 SGPS,0.004549756016600392,2025-11-12T00:25:00+00:00,sci_sgps-l2-avg5m_g18_d20251112_v3-0-2.nc,7aaf291677e040ccf6e3f4579abe48009803b2f023ab45a63bc8cca30bf07e52,3-0-2,12,True,False,False,2025-11-12T00:30:00+00:00,sci_sgps-l2-avg5m_g18_d20251112_v3-0-2.nc,7aaf291677e040ccf6e3f4579abe48009803b2f023ab45a63bc8cca30bf07e52,3-0-2,12,True,False,False,0.002783100425640348,0.01089705285349914,sep_20251110_1125:post_peak|sep_20251111_0945:pre_peak,219.7920056265361,0.009099512033200785,0,0,0,17098,1721,18,E
all_separate_directions_not_independent,300,main_loglog,reported,all,0.001,all_retained,above_level,log,8295,0.00010326166142256116,0.0003428906681138106,0.0009129490772705148,0.004549756016600391,GOES-18 SGPS,0.004549756016600391,2025-11-12T00:25:00+00:00,sci_sgps-l2-avg5m_g18_d20251112_v3-0-2.nc,7aaf291677e040ccf6e3f4579abe48009803b2f023ab45a63bc8cca30bf07e52,3-0-2,12,True,False,False,2025-11-12T00:30:00+00:00,sci_sgps-l2-avg5m_g18_d20251112_v3-0-2.nc,7aaf291677e040ccf6e3f4579abe48009803b2f023ab45a63bc8cca30bf07e52,3-0-2,12,True,False,False,0.002783100425640348,0.01089705285349914,sep_20251110_1125:post_peak|sep_20251111_0945:pre_peak,219.7920056265362,0.009099512033200781,0,0,0,17098,1721,18,E
all_separate_directions_not_independent,300,main_loglog,reported,all,0.001,all_retained,approach,H,5986,6.007155237099058e-05,0.00026117621063823906,0.0007809315063505042,0.003106784762741795,GOES-16 SGPS,0.003106784762741795,2017-09-07T23:15:00+00:00,se_sgps-l2-avg5m_g16_s20172440000000_e20172732355000_v2_0_0.nc,f5da29fe3a7dc3092a311a191ee015d6cb97773c6425e64214db2d0dab5fafb2,special_2_0_0,0,True,False,False,2017-09-07T23:20:00+00:00,se_sgps-l2-avg5m_g16_s20172440000000_e20172732355000_v2_0_0.nc,f5da29fe3a7dc3092a311a191ee015d6cb97773c6425e64214db2d0dab5fafb2,special_2_0_0,0,True,False,False,0.0005947545654848103,0.00169348746989347,sep_20170905_0040:pre_peak|special_201709:unknown_peak,321.87617629406725,0.00621356952548359,0,0,0,10938,1717,16,E
all_separate_directions_not_independent,300,main_loglog,reported,all,0.001,all_retained,approach,log,0,,,,,GOES-16 SGPS,,,,,,,,,,,,,,,,,,,,,,,0,0,0,10938,1717,16,E
all_separate_directions_not_independent,300,main_loglog,reported,all,0.001,all_retained,whole,H,120129,1.0491415609702066e-05,7.568083098834555e-05,0.00035744825908768616,0.004549756016600392,GOES-18 SGPS,0.004549756016600392,2025-11-12T00:25:00+00:00,sci_sgps-l2-avg5m_g18_d20251112_v3-0-2.nc,7aaf291677e040ccf6e3f4579abe48009803b2f023ab45a63bc8cca30bf07e52,3-0-2,12,True,False,False,2025-11-12T00:30:00+00:00,sci_sgps-l2-avg5m_g18_d20251112_v3-0-2.nc,7aaf291677e040ccf6e3f4579abe48009803b2f023ab45a63bc8cca30bf07e52,3-0-2,12,True,False,False,0.002783100425640348,0.01089705285349914,sep_20251110_1125:post_peak|sep_20251111_0945:pre_peak,219.7920056265361,0.009099512033200785,0,0,0,241742,3438,18,E
all_separate_directions_not_independent,300,main_loglog,reported,all,0.001,all_retained,whole,log,8295,0.00010326166142256116,0.0003428906681138106,0.0009129490772705148,0.004549756016600391,GOES-18 SGPS,0.004549756016600391,2025-11-12T00:25:00+00:00,sci_sgps-l2-avg5m_g18_d20251112_v3-0-2.nc,7aaf291677e040ccf6e3f4579abe48009803b2f023ab45a63bc8cca30bf07e52,3-0-2,12,True,False,False,2025-11-12T00:30:00+00:00,sci_sgps-l2-avg5m_g18_d20251112_v3-0-2.nc,7aaf291677e040ccf6e3f4579abe48009803b2f023ab45a63bc8cca30bf07e52,3-0-2,12,True,False,False,0.002783100425640348,0.01089705285349914,sep_20251110_1125:post_peak|sep_20251111_0945:pre_peak,219.7920056265362,0.009099512033200781,0,0,0,241742,3438,18,E
all_separate_directions_not_independent,300,main_loglog,reported,all,0.001,censored_first,above_level,H,101,0.00011962442591396301,0.0005141816585784401,0.0016936703888777431,0.0026412884700821,GOES-18 SGPS,0.0026412884700821,2026-01-19T21:55:00+00:00,sci_sgps-l2-avg5m_g18_d20260119_v3-0-3.nc,b20e422ff57453d1a1755e6a53140aa9903be3a480b7a54d058c83bcf8afeb3b,3-0-3,15,True,False,False,2026-01-19T22:00:00+00:00,sci_sgps-l2-avg5m_g18_d20260119_v3-0-3.nc,b20e422ff57453d1a1755e6a53140aa9903be3a480b7a54d058c83bcf8afeb3b,3-0-3,15,True,False,False,0.003653219059864271,0.008068723200015237,sep_20260118_2255:post_peak,378.6030989522764,0.0052825769401642,0,0,0,256,15,18,W
all_separate_directions_not_independent,300,main_loglog,reported,all,0.001,censored_first,above_level,log,101,0.00011962442591396292,0.0005141816585784393,0.0016936703888777434,0.002641288470082101,GOES-18 SGPS,0.002641288470082101,2026-01-19T21:55:00+00:00,sci_sgps-l2-avg5m_g18_d20260119_v3-0-3.nc,b20e422ff57453d1a1755e6a53140aa9903be3a480b7a54d058c83bcf8afeb3b,3-0-3,15,True,False,False,2026-01-19T22:00:00+00:00,sci_sgps-l2-avg5m_g18_d20260119_v3-0-3.nc,b20e422ff57453d1a1755e6a53140aa9903be3a480b7a54d058c83bcf8afeb3b,3-0-3,15,True,False,False,0.003653219059864271,0.008068723200015237,sep_20260118_2255:post_peak,378.60309895227624,0.005282576940164202,0,0,0,256,15,18,W
all_separate_directions_not_independent,300,main_loglog,reported,all,0.001,censored_first,approach,H,63,9.842352139331564e-05,0.00026089559643211455,0.0004943342358741598,0.0005576712165114828,GOES-18 SGPS,0.0005576712165114828,2024-02-13T03:45:00+00:00,sci_sgps-l2-avg5m_g18_d20240213_v3-0-2.nc,4189f22c13ce0f150dbc49309929821dbd76ec43a34b58ff4a68b428c4c4d100,3-0-2,6,True,False,False,2024-02-13T03:50:00+00:00,sci_sgps-l2-avg5m_g18_d20240213_v3-0-2.nc,4189f22c13ce0f150dbc49309929821dbd76ec43a34b58ff4a68b428c4c4d100,3-0-2,6,True,False,False,0.0008332254257366642,0.0010005269294686926,sep_20240212_0805:pre_peak,1793.1712636264585,0.0011153424330229656,0,0,0,117,43,18,E
all_separate_directions_not_independent,300,main_loglog,reported,all,0.001,censored_first,approach,log,0,,,,,GOES-18 SGPS,,,,,,,,,,,,,,,,,,,,,,,0,0,0,117,43,18,E
all_separate_directions_not_independent,300,main_loglog,reported,all,0.001,censored_first,whole,H,164,0.00011654874004928927,0.00040869867082034256,0.0014655028897862556,0.0026412884700821,GOES-18 SGPS,0.0026412884700821,2026-01-19T21:55:00+00:00,sci_sgps-l2-avg5m_g18_d20260119_v3-0-3.nc,b20e422ff57453d1a1755e6a53140aa9903be3a480b7a54d058c83bcf8afeb3b,3-0-3,15,True,False,False,2026-01-19T22:00:00+00:00,sci_sgps-l2-avg5m_g18_d20260119_v3-0-3.nc,b20e422ff57453d1a1755e6a53140aa9903be3a480b7a54d058c83bcf8afeb3b,3-0-3,15,True,False,False,0.003653219059864271,0.008068723200015237,sep_20260118_2255:post_peak,378.6030989522764,0.0052825769401642,0,0,0,373,58,18,W
all_separate_directions_not_independent,300,main_loglog,reported,all,0.001,censored_first,whole,log,101,0.00011962442591396292,0.0005141816585784393,0.0016936703888777434,0.002641288470082101,GOES-18 SGPS,0.002641288470082101,2026-01-19T21:55:00+00:00,sci_sgps-l2-avg5m_g18_d20260119_v3-0-3.nc,b20e422ff57453d1a1755e6a53140aa9903be3a480b7a54d058c83bcf8afeb3b,3-0-3,15,True,False,False,2026-01-19T22:00:00+00:00,sci_sgps-l2-avg5m_g18_d20260119_v3-0-3.nc,b20e422ff57453d1a1755e6a53140aa9903be3a480b7a54d058c83bcf8afeb3b,3-0-3,15,True,False,False,0.003653219059864271,0.008068723200015237,sep_20260118_2255:post_peak,378.60309895227624,0.005282576940164202,0,0,0,373,58,18,W
all_separate_directions_not_independent,300,main_loglog,reported,all,0.001,censored_repeat,above_level,H,396,9.74505074188207e-05,0.0002862944203487202,0.0007642018498681977,0.002141814518024528,GOES-18 SGPS,0.002141814518024528,2026-01-20T13:15:00+00:00,sci_sgps-l2-avg5m_g18_d20260120_v3-0-3.nc,2c7320874731d583df79acb4f8adbeb58fa836f527c79a17ae579a62cc47323a,3-0-3,15,True,False,False,2026-01-20T13:20:00+00:00,sci_sgps-l2-avg5m_g18_d20260120_v3-0-3.nc,2c7320874731d583df79acb4f8adbeb58fa836f527c79a17ae579a62cc47323a,3-0-3,15,True,False,False,0.0011069179480281484,0.002104596759002122,sep_20260118_2255:post_peak,466.8938377177197,0.004283629036049056,0,0,0,765,141,18,W
all_separate_directions_not_independent,300,main_loglog,reported,all,0.001,censored_repeat,above_level,log,396,9.745050741882087e-05,0.00028629442034872065,0.0007642018498681976,0.0021418145180245275,GOES-18 SGPS,0.0021418145180245275,2026-01-20T13:15:00+00:00,sci_sgps-l2-avg5m_g18_d20260120_v3-0-3.nc,2c7320874731d583df79acb4f8adbeb58fa836f527c79a17ae579a62cc47323a,3-0-3,15,True,False,False,2026-01-20T13:20:00+00:00,sci_sgps-l2-avg5m_g18_d20260120_v3-0-3.nc,2c7320874731d583df79acb4f8adbeb58fa836f527c79a17ae579a62cc47323a,3-0-3,15,True,False,False,0.0011069179480281484,0.002104596759002122,sep_20260118_2255:post_peak,466.8938377177198,0.004283629036049055,0,0,0,765,141,18,W
all_separate_directions_not_independent,300,main_loglog,reported,all,0.001,censored_repeat,approach,H,1067,5.344245602804877e-05,0.00022949862598005863,0.000645765453177702,0.0027256725433335116,GOES-18 SGPS,0.0027256725433335116,2024-02-11T02:05:00+00:00,sci_sgps-l2-avg5m_g18_d20240211_v3-0-2.nc,e9031dcb3fbda5c1d8c261fa3b78e0d905b3ca8bf509e2ae14348a90fe760c1b,3-0-2,6,True,False,False,2024-02-11T02:10:00+00:00,sci_sgps-l2-avg5m_g18_d20240211_v3-0-2.nc,e9031dcb3fbda5c1d8c261fa3b78e0d905b3ca8bf509e2ae14348a90fe760c1b,3-0-2,6,True,False,False,0.000436769237895324,0.0012897791483604878,sep_20240209_1530:post_peak|sep_20240212_0805:pre_peak,366.88192880902517,0.005451345086667023,0,0,0,2122,1164,18,E
all_separate_directions_not_independent,300,main_loglog,reported,all,0.001,censored_repeat,approach,log,0,,,,,GOES-16 SGPS,,,,,,,,,,,,,,,,,,,,,,,0,0,0,2122,1164,16,E
all_separate_directions_not_independent,300,main_loglog,reported,all,0.001,censored_repeat,whole,H,1463,6.235367157337042e-05,0.00025104357561488654,0.0006635132279374263,0.0027256725433335116,GOES-18 SGPS,0.0027256725433335116,2024-02-11T02:05:00+00:00,sci_sgps-l2-avg5m_g18_d20240211_v3-0-2.nc,e9031dcb3fbda5c1d8c261fa3b78e0d905b3ca8bf509e2ae14348a90fe760c1b,3-0-2,6,True,False,False,2024-02-11T02:10:00+00:00,sci_sgps-l2-avg5m_g18_d20240211_v3-0-2.nc,e9031dcb3fbda5c1d8c261fa3b78e0d905b3ca8bf509e2ae14348a90fe760c1b,3-0-2,6,True,False,False,0.000436769237895324,0.0012897791483604878,sep_20240209_1530:post_peak|sep_20240212_0805:pre_peak,366.88192880902517,0.005451345086667023,0,0,0,2887,1305,18,E
all_separate_directions_not_independent,300,main_loglog,reported,all,0.001,censored_repeat,whole,log,396,9.745050741882087e-05,0.00028629442034872065,0.0007642018498681976,0.0021418145180245275,GOES-18 SGPS,0.0021418145180245275,2026-01-20T13:15:00+00:00,sci_sgps-l2-avg5m_g18_d20260120_v3-0-3.nc,2c7320874731d583df79acb4f8adbeb58fa836f527c79a17ae579a62cc47323a,3-0-3,15,True,False,False,2026-01-20T13:20:00+00:00,sci_sgps-l2-avg5m_g18_d20260120_v3-0-3.nc,2c7320874731d583df79acb4f8adbeb58fa836f527c79a17ae579a62cc47323a,3-0-3,15,True,False,False,0.0011069179480281484,0.002104596759002122,sep_20260118_2255:post_peak,466.8938377177198,0.004283629036049055,0,0,0,2887,1305,18,W
all_separate_directions_not_independent,300,main_loglog,reported,all,0.001,confirmed_entry,above_level,H,5196,9.442917529387122e-05,0.0003128775081651606,0.0007823625268896018,0.0029541594908328063,GOES-19 SGPS,0.0029541594908328063,2025-11-12T00:30:00+00:00,sci_sgps-l2-avg5m_g19_d20251112_v3-0-2.nc,e6eaaa38385281dc3fb36331b7ece38987ea80f060f59b874b08e3f4165a2ef8,3-0-2,0,True,False,False,2025-11-12T00:35:00+00:00,sci_sgps-l2-avg5m_g19_d20251112_v3-0-2.nc,e6eaaa38385281dc3fb36331b7ece38987ea80f060f59b874b08e3f4165a2ef8,3-0-2,0,True,False,False,0.006000079761193715,0.01455625226016818,sep_20251110_1125:post_peak|sep_20251111_0945:pre_peak,338.5057587794931,0.005908318981665613,0,0,0,10780,846,19,W
all_separate_directions_not_independent,300,main_loglog,reported,all,0.001,confirmed_entry,above_level,log,5196,9.442917529387059e-05,0.0003128775081651602,0.0007823625268896016,0.002954159490832804,GOES-19 SGPS,0.002954159490832804,2025-11-12T00:30:00+00:00,sci_sgps-l2-avg5m_g19_d20251112_v3-0-2.nc,e6eaaa38385281dc3fb36331b7ece38987ea80f060f59b874b08e3f4165a2ef8,3-0-2,0,True,False,False,2025-11-12T00:35:00+00:00,sci_sgps-l2-avg5m_g19_d20251112_v3-0-2.nc,e6eaaa38385281dc3fb36331b7ece38987ea80f060f59b874b08e3f4165a2ef8,3-0-2,0,True,False,False,0.006000079761193715,0.01455625226016818,sep_20251110_1125:post_peak|sep_20251111_0945:pre_peak,338.5057587794933,0.005908318981665608,0,0,0,10780,846,19,W
all_separate_directions_not_independent,300,main_loglog,reported,all,0.001,confirmed_entry,approach,H,4097,5.343362261719387e-05,0.00023533739917398335,0.0007193930523446579,0.002080040402174421,GOES-16 SGPS,0.002080040402174421,2017-09-10T16:30:00+00:00,se_sgps-l2-avg5m_g16_s20172440000000_e20172732355000_v2_0_0.nc,f5da29fe3a7dc3092a311a191ee015d6cb97773c6425e64214db2d0dab5fafb2,special_2_0_0,0,True,False,False,2017-09-10T16:35:00+00:00,se_sgps-l2-avg5m_g16_s20172440000000_e20172732355000_v2_0_0.nc,f5da29fe3a7dc3092a311a191ee015d6cb97773c6425e64214db2d0dab5fafb2,special_2_0_0,0,True,False,False,0.0005802636689169652,0.0012266364003361118,sep_20170910_1645:pre_peak|special_201709:unknown_peak,480.7598924302747,0.004160080804348842,0,0,0,7349,43,16,W
all_separate_directions_not_independent,300,main_loglog,reported,all,0.001,confirmed_entry,approach,log,0,,,,,GOES-16 SGPS,,,,,,,,,,,,,,,,,,,,,,,0,0,0,7349,43,16,E
all_separate_directions_not_independent,300,main_loglog,reported,all,0.001,confirmed_entry,whole,H,9293,7.467089942719607e-05,0.0002825047601102424,0.000757491759636919,0.0029541594908328063,GOES-19 SGPS,0.0029541594908328063,2025-11-12T00:30:00+00:00,sci_sgps-l2-avg5m_g19_d20251112_v3-0-2.nc,e6eaaa38385281dc3fb36331b7ece38987ea80f060f59b874b08e3f4165a2ef8,3-0-2,0,True,False,False,2025-11-12T00:35:00+00:00,sci_sgps-l2-avg5m_g19_d20251112_v3-0-2.nc,e6eaaa38385281dc3fb36331b7ece38987ea80f060f59b874b08e3f4165a2ef8,3-0-2,0,True,False,False,0.006000079761193715,0.01455625226016818,sep_20251110_1125:post_peak|sep_20251111_0945:pre_peak,338.5057587794931,0.005908318981665613,0,0,0,18129,889,19,W
all_separate_directions_not_independent,300,main_loglog,reported,all,0.001,confirmed_entry,whole,log,5196,9.442917529387059e-05,0.0003128775081651602,0.0007823625268896016,0.002954159490832804,GOES-19 SGPS,0.002954159490832804,2025-11-12T00:30:00+00:00,sci_sgps-l2-avg5m_g19_d20251112_v3-0-2.nc,e6eaaa38385281dc3fb36331b7ece38987ea80f060f59b874b08e3f4165a2ef8,3-0-2,0,True,False,False,2025-11-12T00:35:00+00:00,sci_sgps-l2-avg5m_g19_d20251112_v3-0-2.nc,e6eaaa38385281dc3fb36331b7ece38987ea80f060f59b874b08e3f4165a2ef8,3-0-2,0,True,False,False,0.006000079761193715,0.01455625226016818,sep_20251110_1125:post_peak|sep_20251111_0945:pre_peak,338.5057587794933,0.005908318981665608,0,0,0,18129,889,19,W
all_separate_directions_not_independent,300,main_loglog,reported,all,0.001,repeat_peak_unknown,above_level,H,19,0.000653612638423305,0.0020503588346057165,0.0024981176548323565,0.002586247944628289,GOES-16 SGPS,0.002586247944628289,2017-09-08T00:25:00+00:00,se_sgps-l2-avg5m_g16_s20172440000000_e20172732355000_v2_0_0.nc,f5da29fe3a7dc3092a311a191ee015d6cb97773c6425e64214db2d0dab5fafb2,special_2_0_0,0,True,False,False,2017-09-08T00:30:00+00:00,se_sgps-l2-avg5m_g16_s20172440000000_e20172732355000_v2_0_0.nc,f5da29fe3a7dc3092a311a191ee015d6cb97773c6425e64214db2d0dab5fafb2,special_2_0_0,0,True,False,False,0.0019193923400513705,0.0041698623671158445,sep_20170905_0040:pre_peak|special_201709:unknown_peak,386.6605296205372,0.005172495889256578,0,0,0,49,49,16,W
all_separate_directions_not_independent,300,main_loglog,reported,all,0.001,repeat_peak_unknown,above_level,log,19,0.0006536126384233057,0.002050358834605716,0.0024981176548323574,0.0025862479446282895,GOES-16 SGPS,0.0025862479446282895,2017-09-08T00:25:00+00:00,se_sgps-l2-avg5m_g16_s20172440000000_e20172732355000_v2_0_0.nc,f5da29fe3a7dc3092a311a191ee015d6cb97773c6425e64214db2d0dab5fafb2,special_2_0_0,0,True,False,False,2017-09-08T00:30:00+00:00,se_sgps-l2-avg5m_g16_s20172440000000_e20172732355000_v2_0_0.nc,f5da29fe3a7dc3092a311a191ee015d6cb97773c6425e64214db2d0dab5fafb2,special_2_0_0,0,True,False,False,0.0019193923400513705,0.0041698623671158445,sep_20170905_0040:pre_peak|special_201709:unknown_peak,386.66052962053715,0.005172495889256579,0,0,0,49,49,16,W
all_separate_directions_not_independent,300,main_loglog,reported,all,0.001,repeat_peak_unknown,approach,H,244,9.5844248874818e-05,0.00036000114634544904,0.0025066105160118936,0.003106784762741795,GOES-16 SGPS,0.003106784762741795,2017-09-07T23:15:00+00:00,se_sgps-l2-avg5m_g16_s20172440000000_e20172732355000_v2_0_0.nc,f5da29fe3a7dc3092a311a191ee015d6cb97773c6425e64214db2d0dab5fafb2,special_2_0_0,0,True,False,False,2017-09-07T23:20:00+00:00,se_sgps-l2-avg5m_g16_s20172440000000_e20172732355000_v2_0_0.nc,f5da29fe3a7dc3092a311a191ee015d6cb97773c6425e64214db2d0dab5fafb2,special_2_0_0,0,True,False,False,0.0005947545654848103,0.00169348746989347,sep_20170905_0040:pre_peak|special_201709:unknown_peak,321.87617629406725,0.00621356952548359,0,0,0,471,459,16,E
all_separate_directions_not_independent,300,main_loglog,reported,all,0.001,repeat_peak_unknown,approach,log,0,,,,,GOES-16 SGPS,,,,,,,,,,,,,,,,,,,,,,,0,0,0,471,459,16,E
all_separate_directions_not_independent,300,main_loglog,reported,all,0.001,repeat_peak_unknown,whole,H,263,0.00010548683569834405,0.0005686420579116106,0.00264898354837167,0.003106784762741795,GOES-16 SGPS,0.003106784762741795,2017-09-07T23:15:00+00:00,se_sgps-l2-avg5m_g16_s20172440000000_e20172732355000_v2_0_0.nc,f5da29fe3a7dc3092a311a191ee015d6cb97773c6425e64214db2d0dab5fafb2,special_2_0_0,0,True,False,False,2017-09-07T23:20:00+00:00,se_sgps-l2-avg5m_g16_s20172440000000_e20172732355000_v2_0_0.nc,f5da29fe3a7dc3092a311a191ee015d6cb97773c6425e64214db2d0dab5fafb2,special_2_0_0,0,True,False,False,0.0005947545654848103,0.00169348746989347,sep_20170905_0040:pre_peak|special_201709:unknown_peak,321.87617629406725,0.00621356952548359,0,0,0,520,508,16,E
all_separate_directions_not_independent,300,main_loglog,reported,all,0.001,repeat_peak_unknown,whole,log,19,0.0006536126384233057,0.002050358834605716,0.0024981176548323574,0.0025862479446282895,GOES-16 SGPS,0.0025862479446282895,2017-09-08T00:25:00+00:00,se_sgps-l2-avg5m_g16_s20172440000000_e20172732355000_v2_0_0.nc,f5da29fe3a7dc3092a311a191ee015d6cb97773c6425e64214db2d0dab5fafb2,special_2_0_0,0,True,False,False,2017-09-08T00:30:00+00:00,se_sgps-l2-avg5m_g16_s20172440000000_e20172732355000_v2_0_0.nc,f5da29fe3a7dc3092a311a191ee015d6cb97773c6425e64214db2d0dab5fafb2,special_2_0_0,0,True,False,False,0.0019193923400513705,0.0041698623671158445,sep_20170905_0040:pre_peak|special_201709:unknown_peak,386.66052962053715,0.005172495889256579,0,0,0,520,508,16,W
all_separate_directions_not_independent,300,main_loglog,reported,all,0.001,repeat_post_peak,above_level,H,524,0.00011643008888491716,0.0003752338758547584,0.0009746562625249355,0.004549756016600392,GOES-18 SGPS,0.004549756016600392,2025-11-12T00:25:00+00:00,sci_sgps-l2-avg5m_g18_d20251112_v3-0-2.nc,7aaf291677e040ccf6e3f4579abe48009803b2f023ab45a63bc8cca30bf07e52,3-0-2,12,True,False,False,2025-11-12T00:30:00+00:00,sci_sgps-l2-avg5m_g18_d20251112_v3-0-2.nc,7aaf291677e040ccf6e3f4579abe48009803b2f023ab45a63bc8cca30bf07e52,3-0-2,12,True,False,False,0.002783100425640348,0.01089705285349914,sep_20251110_1125:post_peak|sep_20251111_0945:pre_peak,219.7920056265361,0.009099512033200785,0,0,0,1109,441,18,E
all_separate_directions_not_independent,300,main_loglog,reported,all,0.001,repeat_post_peak,above_level,log,524,0.00011643008888491697,0.00037523387585475856,0.0009746562625249363,0.004549756016600391,GOES-18 SGPS,0.004549756016600391,2025-11-12T00:25:00+00:00,sci_sgps-l2-avg5m_g18_d20251112_v3-0-2.nc,7aaf291677e040ccf6e3f4579abe48009803b2f023ab45a63bc8cca30bf07e52,3-0-2,12,True,False,False,2025-11-12T00:30:00+00:00,sci_sgps-l2-avg5m_g18_d20251112_v3-0-2.nc,7aaf291677e040ccf6e3f4579abe48009803b2f023ab45a63bc8cca30bf07e52,3-0-2,12,True,False,False,0.002783100425640348,0.01089705285349914,sep_20251110_1125:post_peak|sep_20251111_0945:pre_peak,219.7920056265362,0.009099512033200781,0,0,0,1109,441,18,E
all_separate_directions_not_independent,300,main_loglog,reported,all,0.001,repeat_post_peak,approach,H,538,0.0001047328373094165,0.0003343444791472949,0.0011605054510615488,0.0027256725433335116,GOES-18 SGPS,0.0027256725433335116,2024-02-11T02:05:00+00:00,sci_sgps-l2-avg5m_g18_d20240211_v3-0-2.nc,e9031dcb3fbda5c1d8c261fa3b78e0d905b3ca8bf509e2ae14348a90fe760c1b,3-0-2,6,True,False,False,2024-02-11T02:10:00+00:00,sci_sgps-l2-avg5m_g18_d20240211_v3-0-2.nc,e9031dcb3fbda5c1d8c261fa3b78e0d905b3ca8bf509e2ae14348a90fe760c1b,3-0-2,6,True,False,False,0.000436769237895324,0.0012897791483604878,sep_20240209_1530:post_peak|sep_20240212_0805:pre_peak,366.88192880902517,0.005451345086667023,0,0,0,979,484,18,E
all_separate_directions_not_independent,300,main_loglog,reported,all,0.001,repeat_post_peak,approach,log,0,,,,,GOES-16 SGPS,,,,,,,,,,,,,,,,,,,,,,,0,0,0,979,484,16,E
all_separate_directions_not_independent,300,main_loglog,reported,all,0.001,repeat_post_peak,whole,H,1062,0.0001121277841279559,0.0003548888584943189,0.0011245617500570447,0.004549756016600392,GOES-18 SGPS,0.004549756016600392,2025-11-12T00:25:00+00:00,sci_sgps-l2-avg5m_g18_d20251112_v3-0-2.nc,7aaf291677e040ccf6e3f4579abe48009803b2f023ab45a63bc8cca30bf07e52,3-0-2,12,True,False,False,2025-11-12T00:30:00+00:00,sci_sgps-l2-avg5m_g18_d20251112_v3-0-2.nc,7aaf291677e040ccf6e3f4579abe48009803b2f023ab45a63bc8cca30bf07e52,3-0-2,12,True,False,False,0.002783100425640348,0.01089705285349914,sep_20251110_1125:post_peak|sep_20251111_0945:pre_peak,219.7920056265361,0.009099512033200785,0,0,0,2088,925,18,E
all_separate_directions_not_independent,300,main_loglog,reported,all,0.001,repeat_post_peak,whole,log,524,0.00011643008888491697,0.00037523387585475856,0.0009746562625249363,0.004549756016600391,GOES-18 SGPS,0.004549756016600391,2025-11-12T00:25:00+00:00,sci_sgps-l2-avg5m_g18_d20251112_v3-0-2.nc,7aaf291677e040ccf6e3f4579abe48009803b2f023ab45a63bc8cca30bf07e52,3-0-2,12,True,False,False,2025-11-12T00:30:00+00:00,sci_sgps-l2-avg5m_g18_d20251112_v3-0-2.nc,7aaf291677e040ccf6e3f4579abe48009803b2f023ab45a63bc8cca30bf07e52,3-0-2,12,True,False,False,0.002783100425640348,0.01089705285349914,sep_20251110_1125:post_peak|sep_20251111_0945:pre_peak,219.7920056265362,0.009099512033200781,0,0,0,2088,925,18,E
all_separate_directions_not_independent,300,main_loglog,reported,all,0.001,repeat_pre_peak,above_level,H,2312,0.000125295229242595,0.0004272510851877885,0.0012256057816020457,0.004549756016600392,GOES-18 SGPS,0.004549756016600392,2025-11-12T00:25:00+00:00,sci_sgps-l2-avg5m_g18_d20251112_v3-0-2.nc,7aaf291677e040ccf6e3f4579abe48009803b2f023ab45a63bc8cca30bf07e52,3-0-2,12,True,False,False,2025-11-12T00:30:00+00:00,sci_sgps-l2-avg5m_g18_d20251112_v3-0-2.nc,7aaf291677e040ccf6e3f4579abe48009803b2f023ab45a63bc8cca30bf07e52,3-0-2,12,True,False,False,0.002783100425640348,0.01089705285349914,sep_20251110_1125:post_peak|sep_20251111_0945:pre_peak,219.7920056265361,0.009099512033200785,0,0,0,4701,791,18,E
all_separate_directions_not_independent,300,main_loglog,reported,all,0.001,repeat_pre_peak,above_level,log,2312,0.00012529522924259516,0.00042725108518778973,0.001225605781602046,0.004549756016600391,GOES-18 SGPS,0.004549756016600391,2025-11-12T00:25:00+00:00,sci_sgps-l2-avg5m_g18_d20251112_v3-0-2.nc,7aaf291677e040ccf6e3f4579abe48009803b2f023ab45a63bc8cca30bf07e52,3-0-2,12,True,False,False,2025-11-12T00:30:00+00:00,sci_sgps-l2-avg5m_g18_d20251112_v3-0-2.nc,7aaf291677e040ccf6e3f4579abe48009803b2f023ab45a63bc8cca30bf07e52,3-0-2,12,True,False,False,0.002783100425640348,0.01089705285349914,sep_20251110_1125:post_peak|sep_20251111_0945:pre_peak,219.7920056265362,0.009099512033200781,0,0,0,4701,791,18,E
all_separate_directions_not_independent,300,main_loglog,reported,all,0.001,repeat_pre_peak,approach,H,494,0.00011757869307563358,0.00039213325678443597,0.0018502878543342858,0.003106784762741795,GOES-16 SGPS,0.003106784762741795,2017-09-07T23:15:00+00:00,se_sgps-l2-avg5m_g16_s20172440000000_e20172732355000_v2_0_0.nc,f5da29fe3a7dc3092a311a191ee015d6cb97773c6425e64214db2d0dab5fafb2,special_2_0_0,0,True,False,False,2017-09-07T23:20:00+00:00,se_sgps-l2-avg5m_g16_s20172440000000_e20172732355000_v2_0_0.nc,f5da29fe3a7dc3092a311a191ee015d6cb97773c6425e64214db2d0dab5fafb2,special_2_0_0,0,True,False,False,0.0005947545654848103,0.00169348746989347,sep_20170905_0040:pre_peak|special_201709:unknown_peak,321.87617629406725,0.00621356952548359,0,0,0,878,502,16,E
all_separate_directions_not_independent,300,main_loglog,reported,all,0.001,repeat_pre_peak,approach,log,0,,,,,GOES-16 SGPS,,,,,,,,,,,,,,,,,,,,,,,0,0,0,878,502,16,E
all_separate_directions_not_independent,300,main_loglog,reported,all,0.001,repeat_pre_peak,whole,H,2806,0.00012362773657118584,0.00042091149774909535,0.0012607799410037912,0.004549756016600392,GOES-18 SGPS,0.004549756016600392,2025-11-12T00:25:00+00:00,sci_sgps-l2-avg5m_g18_d20251112_v3-0-2.nc,7aaf291677e040ccf6e3f4579abe48009803b2f023ab45a63bc8cca30bf07e52,3-0-2,12,True,False,False,2025-11-12T00:30:00+00:00,sci_sgps-l2-avg5m_g18_d20251112_v3-0-2.nc,7aaf291677e040ccf6e3f4579abe48009803b2f023ab45a63bc8cca30bf07e52,3-0-2,12,True,False,False,0.002783100425640348,0.01089705285349914,sep_20251110_1125:post_peak|sep_20251111_0945:pre_peak,219.7920056265361,0.009099512033200785,0,0,0,5579,1293,18,E
all_separate_directions_not_independent,300,main_loglog,reported,all,0.001,repeat_pre_peak,whole,log,2312,0.00012529522924259516,0.00042725108518778973,0.001225605781602046,0.004549756016600391,GOES-18 SGPS,0.004549756016600391,2025-11-12T00:25:00+00:00,sci_sgps-l2-avg5m_g18_d20251112_v3-0-2.nc,7aaf291677e040ccf6e3f4579abe48009803b2f023ab45a63bc8cca30bf07e52,3-0-2,12,True,False,False,2025-11-12T00:30:00+00:00,sci_sgps-l2-avg5m_g18_d20251112_v3-0-2.nc,7aaf291677e040ccf6e3f4579abe48009803b2f023ab45a63bc8cca30bf07e52,3-0-2,12,True,False,False,0.002783100425640348,0.01089705285349914,sep_20251110_1125:post_peak|sep_20251111_0945:pre_peak,219.7920056265362,0.009099512033200781,0,0,0,5579,1293,18,E
all_separate_directions_not_independent,300,main_loglog,reported,all,0.001,unassigned_no_crossing,whole,H,106724,9.055723195067217e-06,4.432555425653792e-05,0.00016332004151286164,0.0013606094083919685,GOES-16 SGPS,0.0013606094083919685,2024-02-10T11:35:00+00:00,sci_sgps-l2-avg5m_g16_d20240210_v3-0-2.nc,e7cadeed1a11268442c2acf4f1d828ca3969739ed4334de8092b451fe2784645,3-0-2,15,True,False,False,2024-02-10T11:40:00+00:00,sci_sgps-l2-avg5m_g16_d20240210_v3-0-2.nc,e7cadeed1a11268442c2acf4f1d828ca3969739ed4334de8092b451fe2784645,3-0-2,15,True,False,False,0.0013191940420017698,0.001984176166259662,sep_20240209_1530:post_peak|sep_20240212_0805:pre_peak,734.9647840388275,0.002721218816783937,0,0,0,215671,1965,16,W
all_separate_directions_not_independent,300,main_loglog,reported,all,0.001,unassigned_no_crossing,whole,log,541,8.371412514932911e-05,0.0002869160928827869,0.0006588946469439921,0.0013606094083919692,GOES-16 SGPS,0.0013606094083919692,2024-02-10T11:35:00+00:00,sci_sgps-l2-avg5m_g16_d20240210_v3-0-2.nc,e7cadeed1a11268442c2acf4f1d828ca3969739ed4334de8092b451fe2784645,3-0-2,15,True,False,False,2024-02-10T11:40:00+00:00,sci_sgps-l2-avg5m_g16_d20240210_v3-0-2.nc,e7cadeed1a11268442c2acf4f1d828ca3969739ed4334de8092b451fe2784645,3-0-2,15,True,False,False,0.0013191940420017698,0.001984176166259662,sep_20240209_1530:post_peak|sep_20240212_0805:pre_peak,734.9647840388271,0.0027212188167839383,0,0,0,215671,1965,16,W
all_separate_directions_not_independent,300,main_loglog,reported,all,0.01,all_retained,above_level,H,934,9.126952838341493e-05,0.00038951852346167206,0.0011970809385121223,0.002689554939549881,GOES-18 SGPS,0.002689554939549881,2026-01-19T19:10:00+00:00,sci_sgps-l2-avg5m_g18_d20260119_v3-0-3.nc,b20e422ff57453d1a1755e6a53140aa9903be3a480b7a54d058c83bcf8afeb3b,3-0-3,15,True,False,False,2026-01-19T19:15:00+00:00,sci_sgps-l2-avg5m_g18_d20260119_v3-0-3.nc,b20e422ff57453d1a1755e6a53140aa9903be3a480b7a54d058c83bcf8afeb3b,3-0-3,15,True,False,False,0.08881774879295197,0.19902948621553704,sep_20260118_2255:pre_peak,371.80872764300483,0.005379109879099762,0,0,0,1910,63,18,E
all_separate_directions_not_independent,300,main_loglog,reported,all,0.01,all_retained,above_level,log,934,9.126952838341452e-05,0.00038951852346167255,0.001197080938512123,0.002689554939549881,GOES-18 SGPS,0.002689554939549881,2026-01-19T19:10:00+00:00,sci_sgps-l2-avg5m_g18_d20260119_v3-0-3.nc,b20e422ff57453d1a1755e6a53140aa9903be3a480b7a54d058c83bcf8afeb3b,3-0-3,15,True,False,False,2026-01-19T19:15:00+00:00,sci_sgps-l2-avg5m_g18_d20260119_v3-0-3.nc,b20e422ff57453d1a1755e6a53140aa9903be3a480b7a54d058c83bcf8afeb3b,3-0-3,15,True,False,False,0.08881774879295197,0.19902948621553704,sep_20260118_2255:pre_peak,371.80872764300483,0.005379109879099762,0,0,0,1910,63,18,E
all_separate_directions_not_independent,300,main_loglog,reported,all,0.01,all_retained,approach,H,2100,1.8854789251539056e-05,0.00014488789125089897,0.0007193013757525046,0.003596135117658427,GOES-19 SGPS,0.003596135117658427,2026-01-19T21:35:00+00:00,sci_sgps-l2-avg5m_g19_d20260119_v3-0-3.nc,638c9012e44cc020722ffb66e6907a360455b5e6a17d45d9210393640be1ebf2,3-0-3,6,True,False,False,2026-01-19T21:40:00+00:00,sci_sgps-l2-avg5m_g19_d20260119_v3-0-3.nc,638c9012e44cc020722ffb66e6907a360455b5e6a17d45d9210393640be1ebf2,3-0-3,6,True,False,False,0.009495186443358615,0.027964735574106527,sep_20260118_2255:post_peak,278.07631451043363,0.007192270235316854,0,0,0,3651,399,19,W
all_separate_directions_not_independent,300,main_loglog,reported,all,0.01,all_retained,approach,log,0,,,,,GOES-16 SGPS,,,,,,,,,,,,,,,,,,,,,,,0,0,0,3651,399,16,E
all_separate_directions_not_independent,300,main_loglog,reported,all,0.01,all_retained,whole,H,120129,1.0571788486764934e-06,9.081841031199336e-06,0.00010044384529997493,0.003596135117658427,GOES-19 SGPS,0.003596135117658427,2026-01-19T21:35:00+00:00,sci_sgps-l2-avg5m_g19_d20260119_v3-0-3.nc,638c9012e44cc020722ffb66e6907a360455b5e6a17d45d9210393640be1ebf2,3-0-3,6,True,False,False,2026-01-19T21:40:00+00:00,sci_sgps-l2-avg5m_g19_d20260119_v3-0-3.nc,638c9012e44cc020722ffb66e6907a360455b5e6a17d45d9210393640be1ebf2,3-0-3,6,True,False,False,0.009495186443358615,0.027964735574106527,sep_20260118_2255:post_peak,278.07631451043363,0.007192270235316854,0,0,0,241742,462,19,W
all_separate_directions_not_independent,300,main_loglog,reported,all,0.01,all_retained,whole,log,934,9.126952838341452e-05,0.00038951852346167255,0.001197080938512123,0.002689554939549881,GOES-18 SGPS,0.002689554939549881,2026-01-19T19:10:00+00:00,sci_sgps-l2-avg5m_g18_d20260119_v3-0-3.nc,b20e422ff57453d1a1755e6a53140aa9903be3a480b7a54d058c83bcf8afeb3b,3-0-3,15,True,False,False,2026-01-19T19:15:00+00:00,sci_sgps-l2-avg5m_g18_d20260119_v3-0-3.nc,b20e422ff57453d1a1755e6a53140aa9903be3a480b7a54d058c83bcf8afeb3b,3-0-3,15,True,False,False,0.08881774879295197,0.19902948621553704,sep_20260118_2255:pre_peak,371.80872764300483,0.005379109879099762,0,0,0,241742,462,18,E
all_separate_directions_not_independent,300,main_loglog,reported,all,0.01,censored_repeat,above_level,H,0,,,,,GOES-18 SGPS,,,,,,,,,,,,,,,,,,,,,,,0,0,0,5,4,18,E
all_separate_directions_not_independent,300,main_loglog,reported,all,0.01,censored_repeat,above_level,log,0,,,,,GOES-18 SGPS,,,,,,,,,,,,,,,,,,,,,,,0,0,0,5,4,18,E
all_separate_directions_not_independent,300,main_loglog,reported,all,0.01,censored_repeat,approach,H,180,4.285561273666379e-05,0.00014650310107941817,0.000863573094328967,0.0010743383547755603,GOES-18 SGPS,0.0010743383547755603,2026-01-19T21:40:00+00:00,sci_sgps-l2-avg5m_g18_d20260119_v3-0-3.nc,b20e422ff57453d1a1755e6a53140aa9903be3a480b7a54d058c83bcf8afeb3b,3-0-3,15,True,False,False,2026-01-19T21:45:00+00:00,sci_sgps-l2-avg5m_g18_d20260119_v3-0-3.nc,b20e422ff57453d1a1755e6a53140aa9903be3a480b7a54d058c83bcf8afeb3b,3-0-3,15,True,False,False,0.008678247489438911,0.012094022815589368,sep_20260118_2255:post_peak,930.8054539381216,0.0021486767095511205,0,0,0,358,357,18,E
all_separate_directions_not_independent,300,main_loglog,reported,all,0.01,censored_repeat,approach,log,0,,,,,GOES-18 SGPS,,,,,,,,,,,,,,,,,,,,,,,0,0,0,358,357,18,E
all_separate_directions_not_independent,300,main_loglog,reported,all,0.01,censored_repeat,whole,H,180,4.285561273666379e-05,0.00014650310107941817,0.000863573094328967,0.0010743383547755603,GOES-18 SGPS,0.0010743383547755603,2026-01-19T21:40:00+00:00,sci_sgps-l2-avg5m_g18_d20260119_v3-0-3.nc,b20e422ff57453d1a1755e6a53140aa9903be3a480b7a54d058c83bcf8afeb3b,3-0-3,15,True,False,False,2026-01-19T21:45:00+00:00,sci_sgps-l2-avg5m_g18_d20260119_v3-0-3.nc,b20e422ff57453d1a1755e6a53140aa9903be3a480b7a54d058c83bcf8afeb3b,3-0-3,15,True,False,False,0.008678247489438911,0.012094022815589368,sep_20260118_2255:post_peak,930.8054539381216,0.0021486767095511205,0,0,0,363,361,18,E
all_separate_directions_not_independent,300,main_loglog,reported,all,0.01,censored_repeat,whole,log,0,,,,,GOES-18 SGPS,,,,,,,,,,,,,,,,,,,,,,,0,0,0,363,361,18,E
all_separate_directions_not_independent,300,main_loglog,reported,all,0.01,confirmed_entry,above_level,H,850,9.180036558509113e-05,0.0003901532241192559,0.0012256600350964535,0.002689554939549881,GOES-18 SGPS,0.002689554939549881,2026-01-19T19:10:00+00:00,sci_sgps-l2-avg5m_g18_d20260119_v3-0-3.nc,b20e422ff57453d1a1755e6a53140aa9903be3a480b7a54d058c83bcf8afeb3b,3-0-3,15,True,False,False,2026-01-19T19:15:00+00:00,sci_sgps-l2-avg5m_g18_d20260119_v3-0-3.nc,b20e422ff57453d1a1755e6a53140aa9903be3a480b7a54d058c83bcf8afeb3b,3-0-3,15,True,False,False,0.08881774879295197,0.19902948621553704,sep_20260118_2255:pre_peak,371.80872764300483,0.005379109879099762,0,0,0,1738,0,18,E
all_separate_directions_not_independent,300,main_loglog,reported,all,0.01,confirmed_entry,above_level,log,850,9.180036558509001e-05,0.00039015322411925556,0.0012256600350964541,0.002689554939549881,GOES-18 SGPS,0.002689554939549881,2026-01-19T19:10:00+00:00,sci_sgps-l2-avg5m_g18_d20260119_v3-0-3.nc,b20e422ff57453d1a1755e6a53140aa9903be3a480b7a54d058c83bcf8afeb3b,3-0-3,15,True,False,False,2026-01-19T19:15:00+00:00,sci_sgps-l2-avg5m_g18_d20260119_v3-0-3.nc,b20e422ff57453d1a1755e6a53140aa9903be3a480b7a54d058c83bcf8afeb3b,3-0-3,15,True,False,False,0.08881774879295197,0.19902948621553704,sep_20260118_2255:pre_peak,371.80872764300483,0.005379109879099762,0,0,0,1738,0,18,E
all_separate_directions_not_independent,300,main_loglog,reported,all,0.01,confirmed_entry,approach,H,1808,1.5531641007936032e-05,0.00013236976508486544,0.0005495813863211511,0.0026919907890157356,GOES-18 SGPS,0.0026919907890157356,2025-11-12T00:25:00+00:00,sci_sgps-l2-avg5m_g18_d20251112_v3-0-2.nc,7aaf291677e040ccf6e3f4579abe48009803b2f023ab45a63bc8cca30bf07e52,3-0-2,12,True,False,False,2025-11-12T00:30:00+00:00,sci_sgps-l2-avg5m_g18_d20251112_v3-0-2.nc,7aaf291677e040ccf6e3f4579abe48009803b2f023ab45a63bc8cca30bf07e52,3-0-2,12,True,False,False,0.002783100425640348,0.01089705285349914,sep_20251110_1125:post_peak|sep_20251111_0945:pre_peak,371.4722962947533,0.005383981578031471,0,0,0,3081,0,18,E
all_separate_directions_not_independent,300,main_loglog,reported,all,0.01,confirmed_entry,approach,log,0,,,,,GOES-16 SGPS,,,,,,,,,,,,,,,,,,,,,,,0,0,0,3081,0,16,E
all_separate_directions_not_independent,300,main_loglog,reported,all,0.01,confirmed_entry,whole,H,2658,2.9566831753058776e-05,0.00022372626819562577,0.0007835138009145035,0.0026919907890157356,GOES-18 SGPS,0.0026919907890157356,2025-11-12T00:25:00+00:00,sci_sgps-l2-avg5m_g18_d20251112_v3-0-2.nc,7aaf291677e040ccf6e3f4579abe48009803b2f023ab45a63bc8cca30bf07e52,3-0-2,12,True,False,False,2025-11-12T00:30:00+00:00,sci_sgps-l2-avg5m_g18_d20251112_v3-0-2.nc,7aaf291677e040ccf6e3f4579abe48009803b2f023ab45a63bc8cca30bf07e52,3-0-2,12,True,False,False,0.002783100425640348,0.01089705285349914,sep_20251110_1125:post_peak|sep_20251111_0945:pre_peak,371.4722962947533,0.005383981578031471,0,0,0,4819,0,18,E
all_separate_directions_not_independent,300,main_loglog,reported,all,0.01,confirmed_entry,whole,log,850,9.180036558509001e-05,0.00039015322411925556,0.0012256600350964541,0.002689554939549881,GOES-18 SGPS,0.002689554939549881,2026-01-19T19:10:00+00:00,sci_sgps-l2-avg5m_g18_d20260119_v3-0-3.nc,b20e422ff57453d1a1755e6a53140aa9903be3a480b7a54d058c83bcf8afeb3b,3-0-3,15,True,False,False,2026-01-19T19:15:00+00:00,sci_sgps-l2-avg5m_g18_d20260119_v3-0-3.nc,b20e422ff57453d1a1755e6a53140aa9903be3a480b7a54d058c83bcf8afeb3b,3-0-3,15,True,False,False,0.08881774879295197,0.19902948621553704,sep_20260118_2255:pre_peak,371.80872764300483,0.005379109879099762,0,0,0,4819,0,18,E
all_separate_directions_not_independent,300,main_loglog,reported,all,0.01,repeat_peak_unknown,above_level,H,31,6.17206036417491e-05,0.00017408081141039386,0.0002799089531863882,0.0002946279064093297,GOES-16 SGPS,0.0002946279064093297,2017-09-11T20:55:00+00:00,se_sgps-l2-avg5m_g16_s20172440000000_e20172732355000_v2_0_0.nc,f5da29fe3a7dc3092a311a191ee015d6cb97773c6425e64214db2d0dab5fafb2,special_2_0_0,0,True,True,True,2017-09-11T21:00:00+00:00,se_sgps-l2-avg5m_g16_s20172440000000_e20172732355000_v2_0_0.nc,f5da29fe3a7dc3092a311a191ee015d6cb97773c6425e64214db2d0dab5fafb2,special_2_0_0,0,True,True,True,0.011029722227493703,0.012049004248066549,sep_20170910_1645:post_peak|special_201709:unknown_peak,3394.111617555634,0.0005892558128186594,0,0,0,59,59,16,E
all_separate_directions_not_independent,300,main_loglog,reported,all,0.01,repeat_peak_unknown,above_level,log,31,6.172060364174871e-05,0.00017408081141039478,0.00027990895318638783,0.0002946279064093294,GOES-16 SGPS,0.0002946279064093294,2017-09-11T20:55:00+00:00,se_sgps-l2-avg5m_g16_s20172440000000_e20172732355000_v2_0_0.nc,f5da29fe3a7dc3092a311a191ee015d6cb97773c6425e64214db2d0dab5fafb2,special_2_0_0,0,True,True,True,2017-09-11T21:00:00+00:00,se_sgps-l2-avg5m_g16_s20172440000000_e20172732355000_v2_0_0.nc,f5da29fe3a7dc3092a311a191ee015d6cb97773c6425e64214db2d0dab5fafb2,special_2_0_0,0,True,True,True,0.011029722227493703,0.012049004248066549,sep_20170910_1645:post_peak|special_201709:unknown_peak,3394.111617555637,0.0005892558128186589,0,0,0,59,59,16,E
all_separate_directions_not_independent,300,main_loglog,reported,all,0.01,repeat_peak_unknown,approach,H,18,0.0001792002233910765,0.000273702722749708,0.00039145073273371474,0.0004041776653007778,GOES-16 SGPS,0.0004041776653007778,2017-09-11T23:10:00+00:00,se_sgps-l2-avg5m_g16_s20172440000000_e20172732355000_v2_0_0.nc,f5da29fe3a7dc3092a311a191ee015d6cb97773c6425e64214db2d0dab5fafb2,special_2_0_0,0,True,True,True,2017-09-11T23:15:00+00:00,se_sgps-l2-avg5m_g16_s20172440000000_e20172732355000_v2_0_0.nc,f5da29fe3a7dc3092a311a191ee015d6cb97773c6425e64214db2d0dab5fafb2,special_2_0_0,0,True,True,True,0.009829582554497769,0.011098352213163496,sep_20170910_1645:post_peak|special_201709:unknown_peak,2474.1594745365946,0.0008083553306015556,0,0,0,33,33,16,E
all_separate_directions_not_independent,300,main_loglog,reported,all,0.01,repeat_peak_unknown,approach,log,0,,,,,GOES-16 SGPS,,,,,,,,,,,,,,,,,,,,,,,0,0,0,33,33,16,E
all_separate_directions_not_independent,300,main_loglog,reported,all,0.01,repeat_peak_unknown,whole,H,49,0.00010120557731649363,0.00023894702351524491,0.0003682427968761291,0.0004041776653007778,GOES-16 SGPS,0.0004041776653007778,2017-09-11T23:10:00+00:00,se_sgps-l2-avg5m_g16_s20172440000000_e20172732355000_v2_0_0.nc,f5da29fe3a7dc3092a311a191ee015d6cb97773c6425e64214db2d0dab5fafb2,special_2_0_0,0,True,True,True,2017-09-11T23:15:00+00:00,se_sgps-l2-avg5m_g16_s20172440000000_e20172732355000_v2_0_0.nc,f5da29fe3a7dc3092a311a191ee015d6cb97773c6425e64214db2d0dab5fafb2,special_2_0_0,0,True,True,True,0.009829582554497769,0.011098352213163496,sep_20170910_1645:post_peak|special_201709:unknown_peak,2474.1594745365946,0.0008083553306015556,0,0,0,92,92,16,E
all_separate_directions_not_independent,300,main_loglog,reported,all,0.01,repeat_peak_unknown,whole,log,31,6.172060364174871e-05,0.00017408081141039478,0.00027990895318638783,0.0002946279064093294,GOES-16 SGPS,0.0002946279064093294,2017-09-11T20:55:00+00:00,se_sgps-l2-avg5m_g16_s20172440000000_e20172732355000_v2_0_0.nc,f5da29fe3a7dc3092a311a191ee015d6cb97773c6425e64214db2d0dab5fafb2,special_2_0_0,0,True,True,True,2017-09-11T21:00:00+00:00,se_sgps-l2-avg5m_g16_s20172440000000_e20172732355000_v2_0_0.nc,f5da29fe3a7dc3092a311a191ee015d6cb97773c6425e64214db2d0dab5fafb2,special_2_0_0,0,True,True,True,0.011029722227493703,0.012049004248066549,sep_20170910_1645:post_peak|special_201709:unknown_peak,3394.111617555637,0.0005892558128186589,0,0,0,92,92,16,E
all_separate_directions_not_independent,300,main_loglog,reported,all,0.01,repeat_post_peak,above_level,H,35,5.4993815041885315e-05,0.00016573907122121787,0.00027794642608999586,0.0002946279064093297,GOES-16 SGPS,0.0002946279064093297,2017-09-11T20:55:00+00:00,se_sgps-l2-avg5m_g16_s20172440000000_e20172732355000_v2_0_0.nc,f5da29fe3a7dc3092a311a191ee015d6cb97773c6425e64214db2d0dab5fafb2,special_2_0_0,0,True,True,True,2017-09-11T21:00:00+00:00,se_sgps-l2-avg5m_g16_s20172440000000_e20172732355000_v2_0_0.nc,f5da29fe3a7dc3092a311a191ee015d6cb97773c6425e64214db2d0dab5fafb2,special_2_0_0,0,True,True,True,0.011029722227493703,0.012049004248066549,sep_20170910_1645:post_peak|special_201709:unknown_peak,3394.111617555634,0.0005892558128186594,0,0,0,71,63,16,E
all_separate_directions_not_independent,300,main_loglog,reported,all,0.01,repeat_post_peak,above_level,log,35,5.4993815041884596e-05,0.00016573907122121846,0.0002779464260899955,0.0002946279064093294,GOES-16 SGPS,0.0002946279064093294,2017-09-11T20:55:00+00:00,se_sgps-l2-avg5m_g16_s20172440000000_e20172732355000_v2_0_0.nc,f5da29fe3a7dc3092a311a191ee015d6cb97773c6425e64214db2d0dab5fafb2,special_2_0_0,0,True,True,True,2017-09-11T21:00:00+00:00,se_sgps-l2-avg5m_g16_s20172440000000_e20172732355000_v2_0_0.nc,f5da29fe3a7dc3092a311a191ee015d6cb97773c6425e64214db2d0dab5fafb2,special_2_0_0,0,True,True,True,0.011029722227493703,0.012049004248066549,sep_20170910_1645:post_peak|special_201709:unknown_peak,3394.111617555637,0.0005892558128186589,0,0,0,71,63,16,E
all_separate_directions_not_independent,300,main_loglog,reported,all,0.01,repeat_post_peak,approach,H,203,4.340144005389105e-05,0.0001852050733493811,0.0008252468849546744,0.003596135117658427,GOES-19 SGPS,0.003596135117658427,2026-01-19T21:35:00+00:00,sci_sgps-l2-avg5m_g19_d20260119_v3-0-3.nc,638c9012e44cc020722ffb66e6907a360455b5e6a17d45d9210393640be1ebf2,3-0-3,6,True,False,False,2026-01-19T21:40:00+00:00,sci_sgps-l2-avg5m_g19_d20260119_v3-0-3.nc,638c9012e44cc020722ffb66e6907a360455b5e6a17d45d9210393640be1ebf2,3-0-3,6,True,False,False,0.009495186443358615,0.027964735574106527,sep_20260118_2255:post_peak,278.07631451043363,0.007192270235316854,0,0,0,407,399,19,W
all_separate_directions_not_independent,300,main_loglog,reported,all,0.01,repeat_post_peak,approach,log,0,,,,,GOES-16 SGPS,,,,,,,,,,,,,,,,,,,,,,,0,0,0,407,399,16,E
all_separate_directions_not_independent,300,main_loglog,reported,all,0.01,repeat_post_peak,whole,H,238,4.550184354886438e-05,0.0001845002076290073,0.0008041198819287288,0.003596135117658427,GOES-19 SGPS,0.003596135117658427,2026-01-19T21:35:00+00:00,sci_sgps-l2-avg5m_g19_d20260119_v3-0-3.nc,638c9012e44cc020722ffb66e6907a360455b5e6a17d45d9210393640be1ebf2,3-0-3,6,True,False,False,2026-01-19T21:40:00+00:00,sci_sgps-l2-avg5m_g19_d20260119_v3-0-3.nc,638c9012e44cc020722ffb66e6907a360455b5e6a17d45d9210393640be1ebf2,3-0-3,6,True,False,False,0.009495186443358615,0.027964735574106527,sep_20260118_2255:post_peak,278.07631451043363,0.007192270235316854,0,0,0,478,462,19,W
all_separate_directions_not_independent,300,main_loglog,reported,all,0.01,repeat_post_peak,whole,log,35,5.4993815041884596e-05,0.00016573907122121846,0.0002779464260899955,0.0002946279064093294,GOES-16 SGPS,0.0002946279064093294,2017-09-11T20:55:00+00:00,se_sgps-l2-avg5m_g16_s20172440000000_e20172732355000_v2_0_0.nc,f5da29fe3a7dc3092a311a191ee015d6cb97773c6425e64214db2d0dab5fafb2,special_2_0_0,0,True,True,True,2017-09-11T21:00:00+00:00,se_sgps-l2-avg5m_g16_s20172440000000_e20172732355000_v2_0_0.nc,f5da29fe3a7dc3092a311a191ee015d6cb97773c6425e64214db2d0dab5fafb2,special_2_0_0,0,True,True,True,0.011029722227493703,0.012049004248066549,sep_20170910_1645:post_peak|special_201709:unknown_peak,3394.111617555637,0.0005892558128186589,0,0,0,478,462,16,E
all_separate_directions_not_independent,300,main_loglog,reported,all,0.01,repeat_pre_peak,above_level,H,49,0.00013264263891398084,0.00043948719540408995,0.0009345106721440136,0.000978734986021017,GOES-16 SGPS,0.000978734986021017,2024-06-08T06:10:00+00:00,sci_sgps-l2-avg5m_g16_d20240608_v3-0-2.nc,6e826c9ad092c4dd27643920e51b5b2a78b97d8295fbd7b3745ac80ef30c3b56,3-0-2,15,True,False,False,2024-06-08T06:15:00+00:00,sci_sgps-l2-avg5m_g16_d20240608_v3-0-2.nc,6e826c9ad092c4dd27643920e51b5b2a78b97d8295fbd7b3745ac80ef30c3b56,3-0-2,15,True,False,False,0.014387548155785315,0.01929765559760527,sep_20240608_0255:pre_peak,1021.7270397837054,0.001957469972042034,0,0,0,100,0,16,W
all_separate_directions_not_independent,300,main_loglog,reported,all,0.01,repeat_pre_peak,above_level,log,49,0.00013264263891398103,0.00043948719540409,0.0009345106721440139,0.0009787349860210176,GOES-16 SGPS,0.0009787349860210176,2024-06-08T06:10:00+00:00,sci_sgps-l2-avg5m_g16_d20240608_v3-0-2.nc,6e826c9ad092c4dd27643920e51b5b2a78b97d8295fbd7b3745ac80ef30c3b56,3-0-2,15,True,False,False,2024-06-08T06:15:00+00:00,sci_sgps-l2-avg5m_g16_d20240608_v3-0-2.nc,6e826c9ad092c4dd27643920e51b5b2a78b97d8295fbd7b3745ac80ef30c3b56,3-0-2,15,True,False,False,0.014387548155785315,0.01929765559760527,sep_20240608_0255:pre_peak,1021.7270397837048,0.0019574699720420353,0,0,0,100,0,16,W
all_separate_directions_not_independent,300,main_loglog,reported,all,0.01,repeat_pre_peak,approach,H,88,6.864758700839542e-05,0.00024146671821575642,0.0007364636628157082,0.0007978210024164123,GOES-18 SGPS,0.0007978210024164123,2024-03-23T16:10:00+00:00,sci_sgps-l2-avg5m_g18_d20240323_v3-0-2.nc,5e377455e3e21cc22a9c8885fca4c940404e6a4070ab559acd815bff0fb69c26,3-0-2,6,True,False,False,2024-03-23T16:15:00+00:00,sci_sgps-l2-avg5m_g18_d20240323_v3-0-2.nc,5e377455e3e21cc22a9c8885fca4c940404e6a4070ab559acd815bff0fb69c26,3-0-2,6,True,False,False,0.005959961315276804,0.00835342432252604,sep_20240323_0815:pre_peak,1253.4139825490115,0.0015956420048328247,0,0,0,162,0,18,W
all_separate_directions_not_independent,300,main_loglog,reported,all,0.01,repeat_pre_peak,approach,log,0,,,,,GOES-16 SGPS,,,,,,,,,,,,,,,,,,,,,,,0,0,0,162,0,16,W
all_separate_directions_not_independent,300,main_loglog,reported,all,0.01,repeat_pre_peak,whole,H,137,7.89837439369893e-05,0.00034579124321637827,0.000865430642073993,0.000978734986021017,GOES-16 SGPS,0.000978734986021017,2024-06-08T06:10:00+00:00,sci_sgps-l2-avg5m_g16_d20240608_v3-0-2.nc,6e826c9ad092c4dd27643920e51b5b2a78b97d8295fbd7b3745ac80ef30c3b56,3-0-2,15,True,False,False,2024-06-08T06:15:00+00:00,sci_sgps-l2-avg5m_g16_d20240608_v3-0-2.nc,6e826c9ad092c4dd27643920e51b5b2a78b97d8295fbd7b3745ac80ef30c3b56,3-0-2,15,True,False,False,0.014387548155785315,0.01929765559760527,sep_20240608_0255:pre_peak,1021.7270397837054,0.001957469972042034,0,0,0,262,0,16,W
all_separate_directions_not_independent,300,main_loglog,reported,all,0.01,repeat_pre_peak,whole,log,49,0.00013264263891398103,0.00043948719540409,0.0009345106721440139,0.0009787349860210176,GOES-16 SGPS,0.0009787349860210176,2024-06-08T06:10:00+00:00,sci_sgps-l2-avg5m_g16_d20240608_v3-0-2.nc,6e826c9ad092c4dd27643920e51b5b2a78b97d8295fbd7b3745ac80ef30c3b56,3-0-2,15,True,False,False,2024-06-08T06:15:00+00:00,sci_sgps-l2-avg5m_g16_d20240608_v3-0-2.nc,6e826c9ad092c4dd27643920e51b5b2a78b97d8295fbd7b3745ac80ef30c3b56,3-0-2,15,True,False,False,0.014387548155785315,0.01929765559760527,sep_20240608_0255:pre_peak,1021.7270397837048,0.0019574699720420353,0,0,0,262,0,16,W
all_separate_directions_not_independent,300,main_loglog,reported,all,0.01,unassigned_no_crossing,whole,H,117180,1.0204250034615037e-06,7.450999392757966e-06,5.8106619757272875e-05,0.001471834713383655,GOES-18 SGPS,0.001471834713383655,2026-01-19T21:55:00+00:00,sci_sgps-l2-avg5m_g18_d20260119_v3-0-3.nc,b20e422ff57453d1a1755e6a53140aa9903be3a480b7a54d058c83bcf8afeb3b,3-0-3,15,True,False,False,2026-01-19T22:00:00+00:00,sci_sgps-l2-avg5m_g18_d20260119_v3-0-3.nc,b20e422ff57453d1a1755e6a53140aa9903be3a480b7a54d058c83bcf8afeb3b,3-0-3,15,True,False,False,0.003653219059864271,0.008068723200015237,sep_20260118_2255:post_peak,679.4241166530603,0.00294366942676731,0,0,0,236391,210,18,W
all_separate_directions_not_independent,300,main_loglog,reported,all,0.01,unassigned_no_crossing,whole,log,0,,,,,GOES-16 SGPS,,,,,,,,,,,,,,,,,,,,,,,0,0,0,236391,210,16,E
all_separate_directions_not_independent,300,main_loglog,reported,all,0.1,all_retained,above_level,H,44,0.0002661758642610912,0.000605565346950068,0.0014968641543889665,0.0020592697085653946,GOES-19 SGPS,0.0020592697085653946,2026-01-19T19:10:00+00:00,sci_sgps-l2-avg5m_g19_d20260119_v3-0-3.nc,638c9012e44cc020722ffb66e6907a360455b5e6a17d45d9210393640be1ebf2,3-0-3,6,True,False,False,2026-01-19T19:15:00+00:00,sci_sgps-l2-avg5m_g19_d20260119_v3-0-3.nc,638c9012e44cc020722ffb66e6907a360455b5e6a17d45d9210393640be1ebf2,3-0-3,6,True,False,False,0.17434012909244523,0.32336737753000755,sep_20260118_2255:pre_peak,485.6090466637599,0.004118539417130789,0,0,0,91,0,19,E
all_separate_directions_not_independent,300,main_loglog,reported,all,0.1,all_retained,above_level,log,44,0.00026617586426109125,0.0006055653469500681,0.001496864154388967,0.0020592697085653955,GOES-19 SGPS,0.0020592697085653955,2026-01-19T19:10:00+00:00,sci_sgps-l2-avg5m_g19_d20260119_v3-0-3.nc,638c9012e44cc020722ffb66e6907a360455b5e6a17d45d9210393640be1ebf2,3-0-3,6,True,False,False,2026-01-19T19:15:00+00:00,sci_sgps-l2-avg5m_g19_d20260119_v3-0-3.nc,638c9012e44cc020722ffb66e6907a360455b5e6a17d45d9210393640be1ebf2,3-0-3,6,True,False,False,0.17434012909244523,0.32336737753000755,sep_20260118_2255:pre_peak,485.6090466637597,0.004118539417130791,0,0,0,91,0,19,E
all_separate_directions_not_independent,300,main_loglog,reported,all,0.1,all_retained,approach,H,606,6.488379036272863e-06,0.00010034768131100629,0.00040610887346732166,0.00266701770589292,GOES-18 SGPS,0.00266701770589292,2026-01-19T19:10:00+00:00,sci_sgps-l2-avg5m_g18_d20260119_v3-0-3.nc,b20e422ff57453d1a1755e6a53140aa9903be3a480b7a54d058c83bcf8afeb3b,3-0-3,15,True,False,False,2026-01-19T19:15:00+00:00,sci_sgps-l2-avg5m_g18_d20260119_v3-0-3.nc,b20e422ff57453d1a1755e6a53140aa9903be3a480b7a54d058c83bcf8afeb3b,3-0-3,15,True,False,False,0.08881774879295197,0.19902948621553704,sep_20260118_2255:pre_peak,374.95064160633274,0.00533403541178584,0,0,0,947,0,18,E
all_separate_directions_not_independent,300,main_loglog,reported,all,0.1,all_retained,approach,log,0,,,,,GOES-18 SGPS,,,,,,,,,,,,,,,,,,,,,,,0,0,0,947,0,18,E
all_separate_directions_not_independent,300,main_loglog,reported,all,0.1,all_retained,whole,H,120129,1.0572816506132979e-07,9.120406263726545e-07,1.148051480501741e-05,0.00266701770589292,GOES-18 SGPS,0.00266701770589292,2026-01-19T19:10:00+00:00,sci_sgps-l2-avg5m_g18_d20260119_v3-0-3.nc,b20e422ff57453d1a1755e6a53140aa9903be3a480b7a54d058c83bcf8afeb3b,3-0-3,15,True,False,False,2026-01-19T19:15:00+00:00,sci_sgps-l2-avg5m_g18_d20260119_v3-0-3.nc,b20e422ff57453d1a1755e6a53140aa9903be3a480b7a54d058c83bcf8afeb3b,3-0-3,15,True,False,False,0.08881774879295197,0.19902948621553704,sep_20260118_2255:pre_peak,374.95064160633274,0.00533403541178584,0,0,0,241742,0,18,E
all_separate_directions_not_independent,300,main_loglog,reported,all,0.1,all_retained,whole,log,44,0.00026617586426109125,0.0006055653469500681,0.001496864154388967,0.0020592697085653955,GOES-19 SGPS,0.0020592697085653955,2026-01-19T19:10:00+00:00,sci_sgps-l2-avg5m_g19_d20260119_v3-0-3.nc,638c9012e44cc020722ffb66e6907a360455b5e6a17d45d9210393640be1ebf2,3-0-3,6,True,False,False,2026-01-19T19:15:00+00:00,sci_sgps-l2-avg5m_g19_d20260119_v3-0-3.nc,638c9012e44cc020722ffb66e6907a360455b5e6a17d45d9210393640be1ebf2,3-0-3,6,True,False,False,0.17434012909244523,0.32336737753000755,sep_20260118_2255:pre_peak,485.6090466637597,0.004118539417130791,0,0,0,241742,0,19,E
all_separate_directions_not_independent,300,main_loglog,reported,all,0.1,confirmed_entry,above_level,H,33,0.0002692381898275113,0.0005586905173529257,0.0007163915139355441,0.0007513498151318402,GOES-19 SGPS,0.0007513498151318402,2026-01-19T19:05:00+00:00,sci_sgps-l2-avg5m_g19_d20260119_v3-0-3.nc,638c9012e44cc020722ffb66e6907a360455b5e6a17d45d9210393640be1ebf2,3-0-3,6,True,False,False,2026-01-19T19:10:00+00:00,sci_sgps-l2-avg5m_g19_d20260119_v3-0-3.nc,638c9012e44cc020722ffb66e6907a360455b5e6a17d45d9210393640be1ebf2,3-0-3,6,True,False,False,0.2139955486063055,0.2681000303483945,sep_20260118_2255:pre_peak,1330.9379730459225,0.0015026996302636804,0,0,0,69,0,19,W
all_separate_directions_not_independent,300,main_loglog,reported,all,0.1,confirmed_entry,above_level,log,33,0.0002692381898275108,0.0005586905173529257,0.0007163915139355437,0.00075134981513184,GOES-19 SGPS,0.00075134981513184,2026-01-19T19:05:00+00:00,sci_sgps-l2-avg5m_g19_d20260119_v3-0-3.nc,638c9012e44cc020722ffb66e6907a360455b5e6a17d45d9210393640be1ebf2,3-0-3,6,True,False,False,2026-01-19T19:10:00+00:00,sci_sgps-l2-avg5m_g19_d20260119_v3-0-3.nc,638c9012e44cc020722ffb66e6907a360455b5e6a17d45d9210393640be1ebf2,3-0-3,6,True,False,False,0.2139955486063055,0.2681000303483945,sep_20260118_2255:pre_peak,1330.937973045923,0.00150269963026368,0,0,0,69,0,19,W
all_separate_directions_not_independent,300,main_loglog,reported,all,0.1,confirmed_entry,approach,H,603,6.4287186767639114e-06,9.858028061103249e-05,0.00040667844618415744,0.00266701770589292,GOES-18 SGPS,0.00266701770589292,2026-01-19T19:10:00+00:00,sci_sgps-l2-avg5m_g18_d20260119_v3-0-3.nc,b20e422ff57453d1a1755e6a53140aa9903be3a480b7a54d058c83bcf8afeb3b,3-0-3,15,True,False,False,2026-01-19T19:15:00+00:00,sci_sgps-l2-avg5m_g18_d20260119_v3-0-3.nc,b20e422ff57453d1a1755e6a53140aa9903be3a480b7a54d058c83bcf8afeb3b,3-0-3,15,True,False,False,0.08881774879295197,0.19902948621553704,sep_20260118_2255:pre_peak,374.95064160633274,0.00533403541178584,0,0,0,943,0,18,E
all_separate_directions_not_independent,300,main_loglog,reported,all,0.1,confirmed_entry,approach,log,0,,,,,GOES-18 SGPS,,,,,,,,,,,,,,,,,,,,,,,0,0,0,943,0,18,E
all_separate_directions_not_independent,300,main_loglog,reported,all,0.1,confirmed_entry,whole,H,636,7.6778374211463e-06,0.00015115504746879803,0.0005509939845402762,0.00266701770589292,GOES-18 SGPS,0.00266701770589292,2026-01-19T19:10:00+00:00,sci_sgps-l2-avg5m_g18_d20260119_v3-0-3.nc,b20e422ff57453d1a1755e6a53140aa9903be3a480b7a54d058c83bcf8afeb3b,3-0-3,15,True,False,False,2026-01-19T19:15:00+00:00,sci_sgps-l2-avg5m_g18_d20260119_v3-0-3.nc,b20e422ff57453d1a1755e6a53140aa9903be3a480b7a54d058c83bcf8afeb3b,3-0-3,15,True,False,False,0.08881774879295197,0.19902948621553704,sep_20260118_2255:pre_peak,374.95064160633274,0.00533403541178584,0,0,0,1012,0,18,E
all_separate_directions_not_independent,300,main_loglog,reported,all,0.1,confirmed_entry,whole,log,33,0.0002692381898275108,0.0005586905173529257,0.0007163915139355437,0.00075134981513184,GOES-19 SGPS,0.00075134981513184,2026-01-19T19:05:00+00:00,sci_sgps-l2-avg5m_g19_d20260119_v3-0-3.nc,638c9012e44cc020722ffb66e6907a360455b5e6a17d45d9210393640be1ebf2,3-0-3,6,True,False,False,2026-01-19T19:10:00+00:00,sci_sgps-l2-avg5m_g19_d20260119_v3-0-3.nc,638c9012e44cc020722ffb66e6907a360455b5e6a17d45d9210393640be1ebf2,3-0-3,6,True,False,False,0.2139955486063055,0.2681000303483945,sep_20260118_2255:pre_peak,1330.937973045923,0.00150269963026368,0,0,0,1012,0,19,W
all_separate_directions_not_independent,300,main_loglog,reported,all,0.1,repeat_pre_peak,above_level,H,11,0.0002609235538478405,0.0006272034962973498,0.0019160630873385905,0.0020592697085653946,GOES-19 SGPS,0.0020592697085653946,2026-01-19T19:10:00+00:00,sci_sgps-l2-avg5m_g19_d20260119_v3-0-3.nc,638c9012e44cc020722ffb66e6907a360455b5e6a17d45d9210393640be1ebf2,3-0-3,6,True,False,False,2026-01-19T19:15:00+00:00,sci_sgps-l2-avg5m_g19_d20260119_v3-0-3.nc,638c9012e44cc020722ffb66e6907a360455b5e6a17d45d9210393640be1ebf2,3-0-3,6,True,False,False,0.17434012909244523,0.32336737753000755,sep_20260118_2255:pre_peak,485.6090466637599,0.004118539417130789,0,0,0,22,0,19,E
all_separate_directions_not_independent,300,main_loglog,reported,all,0.1,repeat_pre_peak,above_level,log,11,0.00026092355384784024,0.0006272034962973493,0.0019160630873385914,0.0020592697085653955,GOES-19 SGPS,0.0020592697085653955,2026-01-19T19:10:00+00:00,sci_sgps-l2-avg5m_g19_d20260119_v3-0-3.nc,638c9012e44cc020722ffb66e6907a360455b5e6a17d45d9210393640be1ebf2,3-0-3,6,True,False,False,2026-01-19T19:15:00+00:00,sci_sgps-l2-avg5m_g19_d20260119_v3-0-3.nc,638c9012e44cc020722ffb66e6907a360455b5e6a17d45d9210393640be1ebf2,3-0-3,6,True,False,False,0.17434012909244523,0.32336737753000755,sep_20260118_2255:pre_peak,485.6090466637597,0.004118539417130791,0,0,0,22,0,19,E
all_separate_directions_not_independent,300,main_loglog,reported,all,0.1,repeat_pre_peak,approach,H,3,0.00013566494031494236,0.00030268172424683894,0.0003402605006315156,0.00034443592022981306,GOES-19 SGPS,0.00034443592022981306,2026-01-19T18:40:00+00:00,sci_sgps-l2-avg5m_g19_d20260119_v3-0-3.nc,638c9012e44cc020722ffb66e6907a360455b5e6a17d45d9210393640be1ebf2,3-0-3,6,True,False,False,2026-01-19T18:45:00+00:00,sci_sgps-l2-avg5m_g19_d20260119_v3-0-3.nc,638c9012e44cc020722ffb66e6907a360455b5e6a17d45d9210393640be1ebf2,3-0-3,6,True,False,False,0.09999315084722667,0.11087821873683311,sep_20260118_2255:pre_peak,2903.297656448794,0.0006888718404596261,0,0,0,4,0,19,E
all_separate_directions_not_independent,300,main_loglog,reported,all,0.1,repeat_pre_peak,approach,log,0,,,,,GOES-19 SGPS,,,,,,,,,,,,,,,,,,,,,,,0,0,0,4,0,19,E
all_separate_directions_not_independent,300,main_loglog,reported,all,0.1,repeat_pre_peak,whole,H,14,0.00026073794176256434,0.0006215359994130287,0.0018731011009705477,0.0020592697085653946,GOES-19 SGPS,0.0020592697085653946,2026-01-19T19:10:00+00:00,sci_sgps-l2-avg5m_g19_d20260119_v3-0-3.nc,638c9012e44cc020722ffb66e6907a360455b5e6a17d45d9210393640be1ebf2,3-0-3,6,True,False,False,2026-01-19T19:15:00+00:00,sci_sgps-l2-avg5m_g19_d20260119_v3-0-3.nc,638c9012e44cc020722ffb66e6907a360455b5e6a17d45d9210393640be1ebf2,3-0-3,6,True,False,False,0.17434012909244523,0.32336737753000755,sep_20260118_2255:pre_peak,485.6090466637599,0.004118539417130789,0,0,0,26,0,19,E
all_separate_directions_not_independent,300,main_loglog,reported,all,0.1,repeat_pre_peak,whole,log,11,0.00026092355384784024,0.0006272034962973493,0.0019160630873385914,0.0020592697085653955,GOES-19 SGPS,0.0020592697085653955,2026-01-19T19:10:00+00:00,sci_sgps-l2-avg5m_g19_d20260119_v3-0-3.nc,638c9012e44cc020722ffb66e6907a360455b5e6a17d45d9210393640be1ebf2,3-0-3,6,True,False,False,2026-01-19T19:15:00+00:00,sci_sgps-l2-avg5m_g19_d20260119_v3-0-3.nc,638c9012e44cc020722ffb66e6907a360455b5e6a17d45d9210393640be1ebf2,3-0-3,6,True,False,False,0.17434012909244523,0.32336737753000755,sep_20260118_2255:pre_peak,485.6090466637597,0.004118539417130791,0,0,0,26,0,19,E
all_separate_directions_not_independent,300,main_loglog,reported,all,0.1,unassigned_no_crossing,whole,H,119479,1.0482883597991603e-07,8.648086359108374e-07,9.28783913498477e-06,0.0008004081732581884,GOES-19 SGPS,0.0008004081732581884,2026-01-19T21:20:00+00:00,sci_sgps-l2-avg5m_g19_d20260119_v3-0-3.nc,638c9012e44cc020722ffb66e6907a360455b5e6a17d45d9210393640be1ebf2,3-0-3,6,True,False,False,2026-01-19T21:25:00+00:00,sci_sgps-l2-avg5m_g19_d20260119_v3-0-3.nc,638c9012e44cc020722ffb66e6907a360455b5e6a17d45d9210393640be1ebf2,3-0-3,6,True,False,False,0.03405110881809131,0.05806335401583696,sep_20260118_2255:post_peak,1249.3625545193293,0.0016008163465163767,0,0,0,240704,0,19,W
all_separate_directions_not_independent,300,main_loglog,reported,all,0.1,unassigned_no_crossing,whole,log,0,,,,,GOES-16 SGPS,,,,,,,,,,,,,,,,,,,,,,,0,0,0,240704,0,16,E
all_separate_directions_not_independent,300,main_loglog,screened,all,0.001,all_retained,above_level,H,6924,0.00010297810210013636,0.000352836356367066,0.0009370618138062075,0.004549756016600392,GOES-18 SGPS,0.004549756016600392,2025-11-12T00:25:00+00:00,sci_sgps-l2-avg5m_g18_d20251112_v3-0-2.nc,7aaf291677e040ccf6e3f4579abe48009803b2f023ab45a63bc8cca30bf07e52,3-0-2,12,True,False,False,2025-11-12T00:30:00+00:00,sci_sgps-l2-avg5m_g18_d20251112_v3-0-2.nc,7aaf291677e040ccf6e3f4579abe48009803b2f023ab45a63bc8cca30bf07e52,3-0-2,12,True,False,False,0.002783100425640348,0.01089705285349914,sep_20251110_1125:post_peak|sep_20251111_0945:pre_peak,219.7920056265361,0.009099512033200785,0,0,0,14336,1377,18,E
all_separate_directions_not_independent,300,main_loglog,screened,all,0.001,all_retained,above_level,log,6924,0.00010297810210013595,0.0003528363563670654,0.0009370618138062071,0.004549756016600391,GOES-18 SGPS,0.004549756016600391,2025-11-12T00:25:00+00:00,sci_sgps-l2-avg5m_g18_d20251112_v3-0-2.nc,7aaf291677e040ccf6e3f4579abe48009803b2f023ab45a63bc8cca30bf07e52,3-0-2,12,True,False,False,2025-11-12T00:30:00+00:00,sci_sgps-l2-avg5m_g18_d20251112_v3-0-2.nc,7aaf291677e040ccf6e3f4579abe48009803b2f023ab45a63bc8cca30bf07e52,3-0-2,12,True,False,False,0.002783100425640348,0.01089705285349914,sep_20251110_1125:post_peak|sep_20251111_0945:pre_peak,219.7920056265362,0.009099512033200781,0,0,0,14336,1377,18,E
all_separate_directions_not_independent,300,main_loglog,screened,all,0.001,all_retained,approach,H,5373,5.326191814807868e-05,0.00025177155656127534,0.0007420099431654723,0.003106784762741795,GOES-16 SGPS,0.003106784762741795,2017-09-07T23:15:00+00:00,se_sgps-l2-avg5m_g16_s20172440000000_e20172732355000_v2_0_0.nc,f5da29fe3a7dc3092a311a191ee015d6cb97773c6425e64214db2d0dab5fafb2,special_2_0_0,0,True,False,False,2017-09-07T23:20:00+00:00,se_sgps-l2-avg5m_g16_s20172440000000_e20172732355000_v2_0_0.nc,f5da29fe3a7dc3092a311a191ee015d6cb97773c6425e64214db2d0dab5fafb2,special_2_0_0,0,True,False,False,0.0005947545654848103,0.00169348746989347,sep_20170905_0040:pre_peak|special_201709:unknown_peak,321.87617629406725,0.00621356952548359,0,0,0,9818,1184,16,E
all_separate_directions_not_independent,300,main_loglog,screened,all,0.001,all_retained,approach,log,0,,,,,GOES-16 SGPS,,,,,,,,,,,,,,,,,,,,,,,0,0,0,9818,1184,16,E
all_separate_directions_not_independent,300,main_loglog,screened,all,0.001,all_retained,whole,H,86067,1.0818288396193598e-05,8.501459823733178e-05,0.00039050591269469096,0.004549756016600392,GOES-18 SGPS,0.004549756016600392,2025-11-12T00:25:00+00:00,sci_sgps-l2-avg5m_g18_d20251112_v3-0-2.nc,7aaf291677e040ccf6e3f4579abe48009803b2f023ab45a63bc8cca30bf07e52,3-0-2,12,True,False,False,2025-11-12T00:30:00+00:00,sci_sgps-l2-avg5m_g18_d20251112_v3-0-2.nc,7aaf291677e040ccf6e3f4579abe48009803b2f023ab45a63bc8cca30bf07e52,3-0-2,12,True,False,False,0.002783100425640348,0.01089705285349914,sep_20251110_1125:post_peak|sep_20251111_0945:pre_peak,219.7920056265361,0.009099512033200785,0,0,0,173124,2561,18,E
all_separate_directions_not_independent,300,main_loglog,screened,all,0.001,all_retained,whole,log,6924,0.00010297810210013595,0.0003528363563670654,0.0009370618138062071,0.004549756016600391,GOES-18 SGPS,0.004549756016600391,2025-11-12T00:25:00+00:00,sci_sgps-l2-avg5m_g18_d20251112_v3-0-2.nc,7aaf291677e040ccf6e3f4579abe48009803b2f023ab45a63bc8cca30bf07e52,3-0-2,12,True,False,False,2025-11-12T00:30:00+00:00,sci_sgps-l2-avg5m_g18_d20251112_v3-0-2.nc,7aaf291677e040ccf6e3f4579abe48009803b2f023ab45a63bc8cca30bf07e52,3-0-2,12,True,False,False,0.002783100425640348,0.01089705285349914,sep_20251110_1125:post_peak|sep_20251111_0945:pre_peak,219.7920056265362,0.009099512033200781,0,0,0,173124,2561,18,E
all_separate_directions_not_independent,300,main_loglog,screened,all,0.001,censored_first,above_level,H,2183,9.12508307230849e-05,0.00030285202198902984,0.0008429419585175117,0.0029541594908328063,GOES-19 SGPS,0.0029541594908328063,2025-11-12T00:30:00+00:00,sci_sgps-l2-avg5m_g19_d20251112_v3-0-2.nc,e6eaaa38385281dc3fb36331b7ece38987ea80f060f59b874b08e3f4165a2ef8,3-0-2,0,True,False,False,2025-11-12T00:35:00+00:00,sci_sgps-l2-avg5m_g19_d20251112_v3-0-2.nc,e6eaaa38385281dc3fb36331b7ece38987ea80f060f59b874b08e3f4165a2ef8,3-0-2,0,True,False,False,0.006000079761193715,0.01455625226016818,sep_20251110_1125:post_peak|sep_20251111_0945:pre_peak,338.5057587794931,0.005908318981665613,0,0,0,4845,645,19,W
all_separate_directions_not_independent,300,main_loglog,screened,all,0.001,censored_first,above_level,log,2183,9.125083072308355e-05,0.0003028520219890295,0.0008429419585175112,0.002954159490832804,GOES-19 SGPS,0.002954159490832804,2025-11-12T00:30:00+00:00,sci_sgps-l2-avg5m_g19_d20251112_v3-0-2.nc,e6eaaa38385281dc3fb36331b7ece38987ea80f060f59b874b08e3f4165a2ef8,3-0-2,0,True,False,False,2025-11-12T00:35:00+00:00,sci_sgps-l2-avg5m_g19_d20251112_v3-0-2.nc,e6eaaa38385281dc3fb36331b7ece38987ea80f060f59b874b08e3f4165a2ef8,3-0-2,0,True,False,False,0.006000079761193715,0.01455625226016818,sep_20251110_1125:post_peak|sep_20251111_0945:pre_peak,338.5057587794933,0.005908318981665608,0,0,0,4845,645,19,W
all_separate_directions_not_independent,300,main_loglog,screened,all,0.001,censored_first,approach,H,1660,2.5720172705873238e-05,0.0001606728708851961,0.0005234405444059088,0.001367357889244321,GOES-19 SGPS,0.001367357889244321,2025-11-11T11:00:00+00:00,sci_sgps-l2-avg5m_g19_d20251111_v3-0-2.nc,c89f47a1fb8691ab13ee5962b07f156679647dc6d82c93aa7dc32e0d5845a9a6,3-0-2,0,True,False,False,2025-11-11T11:05:00+00:00,sci_sgps-l2-avg5m_g19_d20251111_v3-0-2.nc,c89f47a1fb8691ab13ee5962b07f156679647dc6d82c93aa7dc32e0d5845a9a6,3-0-2,0,True,False,False,0.0009598266576882898,0.0014477838738921125,sep_20251110_1125:post_peak|sep_20251111_0945:pre_peak,731.3374266284128,0.002734715778488642,0,0,0,3126,43,19,W
all_separate_directions_not_independent,300,main_loglog,screened,all,0.001,censored_first,approach,log,0,,,,,GOES-16 SGPS,,,,,,,,,,,,,,,,,,,,,,,0,0,0,3126,43,16,E
all_separate_directions_not_independent,300,main_loglog,screened,all,0.001,censored_first,whole,H,3843,5.597840278413369e-05,0.0002530910937801706,0.0006920761416815547,0.0029541594908328063,GOES-19 SGPS,0.0029541594908328063,2025-11-12T00:30:00+00:00,sci_sgps-l2-avg5m_g19_d20251112_v3-0-2.nc,e6eaaa38385281dc3fb36331b7ece38987ea80f060f59b874b08e3f4165a2ef8,3-0-2,0,True,False,False,2025-11-12T00:35:00+00:00,sci_sgps-l2-avg5m_g19_d20251112_v3-0-2.nc,e6eaaa38385281dc3fb36331b7ece38987ea80f060f59b874b08e3f4165a2ef8,3-0-2,0,True,False,False,0.006000079761193715,0.01455625226016818,sep_20251110_1125:post_peak|sep_20251111_0945:pre_peak,338.5057587794931,0.005908318981665613,0,0,0,7971,688,19,W
all_separate_directions_not_independent,300,main_loglog,screened,all,0.001,censored_first,whole,log,2183,9.125083072308355e-05,0.0003028520219890295,0.0008429419585175112,0.002954159490832804,GOES-19 SGPS,0.002954159490832804,2025-11-12T00:30:00+00:00,sci_sgps-l2-avg5m_g19_d20251112_v3-0-2.nc,e6eaaa38385281dc3fb36331b7ece38987ea80f060f59b874b08e3f4165a2ef8,3-0-2,0,True,False,False,2025-11-12T00:35:00+00:00,sci_sgps-l2-avg5m_g19_d20251112_v3-0-2.nc,e6eaaa38385281dc3fb36331b7ece38987ea80f060f59b874b08e3f4165a2ef8,3-0-2,0,True,False,False,0.006000079761193715,0.01455625226016818,sep_20251110_1125:post_peak|sep_20251111_0945:pre_peak,338.5057587794933,0.005908318981665608,0,0,0,7971,688,19,W
all_separate_directions_not_independent,300,main_loglog,screened,all,0.001,censored_repeat,above_level,H,509,0.00011967649507718336,0.00038166010966697947,0.001874328273917349,0.004549756016600392,GOES-18 SGPS,0.004549756016600392,2025-11-12T00:25:00+00:00,sci_sgps-l2-avg5m_g18_d20251112_v3-0-2.nc,7aaf291677e040ccf6e3f4579abe48009803b2f023ab45a63bc8cca30bf07e52,3-0-2,12,True,False,False,2025-11-12T00:30:00+00:00,sci_sgps-l2-avg5m_g18_d20251112_v3-0-2.nc,7aaf291677e040ccf6e3f4579abe48009803b2f023ab45a63bc8cca30bf07e52,3-0-2,12,True,False,False,0.002783100425640348,0.01089705285349914,sep_20251110_1125:post_peak|sep_20251111_0945:pre_peak,219.7920056265361,0.009099512033200785,0,0,0,1074,293,18,E
all_separate_directions_not_independent,300,main_loglog,screened,all,0.001,censored_repeat,above_level,log,509,0.00011967649507718362,0.00038166010966697984,0.001874328273917348,0.004549756016600391,GOES-18 SGPS,0.004549756016600391,2025-11-12T00:25:00+00:00,sci_sgps-l2-avg5m_g18_d20251112_v3-0-2.nc,7aaf291677e040ccf6e3f4579abe48009803b2f023ab45a63bc8cca30bf07e52,3-0-2,12,True,False,False,2025-11-12T00:30:00+00:00,sci_sgps-l2-avg5m_g18_d20251112_v3-0-2.nc,7aaf291677e040ccf6e3f4579abe48009803b2f023ab45a63bc8cca30bf07e52,3-0-2,12,True,False,False,0.002783100425640348,0.01089705285349914,sep_20251110_1125:post_peak|sep_20251111_0945:pre_peak,219.7920056265362,0.009099512033200781,0,0,0,1074,293,18,E
all_separate_directions_not_independent,300,main_loglog,screened,all,0.001,censored_repeat,approach,H,1413,6.090941695806272e-05,0.00025563943480249034,0.0009713701913437611,0.003106784762741795,GOES-16 SGPS,0.003106784762741795,2017-09-07T23:15:00+00:00,se_sgps-l2-avg5m_g16_s20172440000000_e20172732355000_v2_0_0.nc,f5da29fe3a7dc3092a311a191ee015d6cb97773c6425e64214db2d0dab5fafb2,special_2_0_0,0,True,False,False,2017-09-07T23:20:00+00:00,se_sgps-l2-avg5m_g16_s20172440000000_e20172732355000_v2_0_0.nc,f5da29fe3a7dc3092a311a191ee015d6cb97773c6425e64214db2d0dab5fafb2,special_2_0_0,0,True,False,False,0.0005947545654848103,0.00169348746989347,sep_20170905_0040:pre_peak|special_201709:unknown_peak,321.87617629406725,0.00621356952548359,0,0,0,2762,1141,16,E
all_separate_directions_not_independent,300,main_loglog,screened,all,0.001,censored_repeat,approach,log,0,,,,,GOES-16 SGPS,,,,,,,,,,,,,,,,,,,,,,,0,0,0,2762,1141,16,E
all_separate_directions_not_independent,300,main_loglog,screened,all,0.001,censored_repeat,whole,H,1922,7.474903753172058e-05,0.000286929736398393,0.0012887403956875873,0.004549756016600392,GOES-18 SGPS,0.004549756016600392,2025-11-12T00:25:00+00:00,sci_sgps-l2-avg5m_g18_d20251112_v3-0-2.nc,7aaf291677e040ccf6e3f4579abe48009803b2f023ab45a63bc8cca30bf07e52,3-0-2,12,True,False,False,2025-11-12T00:30:00+00:00,sci_sgps-l2-avg5m_g18_d20251112_v3-0-2.nc,7aaf291677e040ccf6e3f4579abe48009803b2f023ab45a63bc8cca30bf07e52,3-0-2,12,True,False,False,0.002783100425640348,0.01089705285349914,sep_20251110_1125:post_peak|sep_20251111_0945:pre_peak,219.7920056265361,0.009099512033200785,0,0,0,3836,1434,18,E
all_separate_directions_not_independent,300,main_loglog,screened,all,0.001,censored_repeat,whole,log,509,0.00011967649507718362,0.00038166010966697984,0.001874328273917348,0.004549756016600391,GOES-18 SGPS,0.004549756016600391,2025-11-12T00:25:00+00:00,sci_sgps-l2-avg5m_g18_d20251112_v3-0-2.nc,7aaf291677e040ccf6e3f4579abe48009803b2f023ab45a63bc8cca30bf07e52,3-0-2,12,True,False,False,2025-11-12T00:30:00+00:00,sci_sgps-l2-avg5m_g18_d20251112_v3-0-2.nc,7aaf291677e040ccf6e3f4579abe48009803b2f023ab45a63bc8cca30bf07e52,3-0-2,12,True,False,False,0.002783100425640348,0.01089705285349914,sep_20251110_1125:post_peak|sep_20251111_0945:pre_peak,219.7920056265362,0.009099512033200781,0,0,0,3836,1434,18,E
all_separate_directions_not_independent,300,main_loglog,screened,all,0.001,confirmed_entry,above_level,H,2309,9.446048173152125e-05,0.0003324418672746542,0.0008371918459382343,0.002689554939549881,GOES-18 SGPS,0.002689554939549881,2026-01-19T19:10:00+00:00,sci_sgps-l2-avg5m_g18_d20260119_v3-0-3.nc,b20e422ff57453d1a1755e6a53140aa9903be3a480b7a54d058c83bcf8afeb3b,3-0-3,15,True,False,False,2026-01-19T19:15:00+00:00,sci_sgps-l2-avg5m_g18_d20260119_v3-0-3.nc,b20e422ff57453d1a1755e6a53140aa9903be3a480b7a54d058c83bcf8afeb3b,3-0-3,15,True,False,False,0.08881774879295197,0.19902948621553704,sep_20260118_2255:pre_peak,371.80872764300483,0.005379109879099762,0,0,0,4565,216,18,E
all_separate_directions_not_independent,300,main_loglog,screened,all,0.001,confirmed_entry,above_level,log,2309,9.446048173152045e-05,0.0003324418672746549,0.000837191845938234,0.002689554939549881,GOES-18 SGPS,0.002689554939549881,2026-01-19T19:10:00+00:00,sci_sgps-l2-avg5m_g18_d20260119_v3-0-3.nc,b20e422ff57453d1a1755e6a53140aa9903be3a480b7a54d058c83bcf8afeb3b,3-0-3,15,True,False,False,2026-01-19T19:15:00+00:00,sci_sgps-l2-avg5m_g18_d20260119_v3-0-3.nc,b20e422ff57453d1a1755e6a53140aa9903be3a480b7a54d058c83bcf8afeb3b,3-0-3,15,True,False,False,0.08881774879295197,0.19902948621553704,sep_20260118_2255:pre_peak,371.80872764300483,0.005379109879099762,0,0,0,4565,216,18,E
all_separate_directions_not_independent,300,main_loglog,screened,all,0.001,confirmed_entry,approach,H,2009,6.983011866200873e-05,0.00025936576149962243,0.0007160327692435909,0.002080040402174421,GOES-16 SGPS,0.002080040402174421,2017-09-10T16:30:00+00:00,se_sgps-l2-avg5m_g16_s20172440000000_e20172732355000_v2_0_0.nc,f5da29fe3a7dc3092a311a191ee015d6cb97773c6425e64214db2d0dab5fafb2,special_2_0_0,0,True,False,False,2017-09-10T16:35:00+00:00,se_sgps-l2-avg5m_g16_s20172440000000_e20172732355000_v2_0_0.nc,f5da29fe3a7dc3092a311a191ee015d6cb97773c6425e64214db2d0dab5fafb2,special_2_0_0,0,True,False,False,0.0005802636689169652,0.0012266364003361118,sep_20170910_1645:pre_peak|special_201709:unknown_peak,480.7598924302747,0.004160080804348842,0,0,0,3414,43,16,W
all_separate_directions_not_independent,300,main_loglog,screened,all,0.001,confirmed_entry,approach,log,0,,,,,GOES-16 SGPS,,,,,,,,,,,,,,,,,,,,,,,0,0,0,3414,43,16,E
all_separate_directions_not_independent,300,main_loglog,screened,all,0.001,confirmed_entry,whole,H,4318,8.117170822312966e-05,0.0003090920580300713,0.0007769543656809484,0.002689554939549881,GOES-18 SGPS,0.002689554939549881,2026-01-19T19:10:00+00:00,sci_sgps-l2-avg5m_g18_d20260119_v3-0-3.nc,b20e422ff57453d1a1755e6a53140aa9903be3a480b7a54d058c83bcf8afeb3b,3-0-3,15,True,False,False,2026-01-19T19:15:00+00:00,sci_sgps-l2-avg5m_g18_d20260119_v3-0-3.nc,b20e422ff57453d1a1755e6a53140aa9903be3a480b7a54d058c83bcf8afeb3b,3-0-3,15,True,False,False,0.08881774879295197,0.19902948621553704,sep_20260118_2255:pre_peak,371.80872764300483,0.005379109879099762,0,0,0,7979,259,18,E
all_separate_directions_not_independent,300,main_loglog,screened,all,0.001,confirmed_entry,whole,log,2309,9.446048173152045e-05,0.0003324418672746549,0.000837191845938234,0.002689554939549881,GOES-18 SGPS,0.002689554939549881,2026-01-19T19:10:00+00:00,sci_sgps-l2-avg5m_g18_d20260119_v3-0-3.nc,b20e422ff57453d1a1755e6a53140aa9903be3a480b7a54d058c83bcf8afeb3b,3-0-3,15,True,False,False,2026-01-19T19:15:00+00:00,sci_sgps-l2-avg5m_g18_d20260119_v3-0-3.nc,b20e422ff57453d1a1755e6a53140aa9903be3a480b7a54d058c83bcf8afeb3b,3-0-3,15,True,False,False,0.08881774879295197,0.19902948621553704,sep_20260118_2255:pre_peak,371.80872764300483,0.005379109879099762,0,0,0,7979,259,18,E
all_separate_directions_not_independent,300,main_loglog,screened,all,0.001,repeat_post_peak,above_level,H,296,9.583382229628364e-05,0.00028643228783163275,0.0007615491491574216,0.0017591266059176292,GOES-19 SGPS,0.0017591266059176292,2026-01-20T06:20:00+00:00,sci_sgps-l2-avg5m_g19_d20260120_v3-0-3.nc,e7141cd6ce9657080637f89c009fa2f7c764cccc60a69dc9a4847b25b8dac1f7,3-0-3,6,True,False,False,2026-01-20T06:25:00+00:00,sci_sgps-l2-avg5m_g19_d20260120_v3-0-3.nc,e7141cd6ce9657080637f89c009fa2f7c764cccc60a69dc9a4847b25b8dac1f7,3-0-3,6,True,False,False,0.0015309367999220527,0.0025950812266422245,sep_20260118_2255:post_peak,568.4639164890357,0.0035182532118352584,0,0,0,592,77,19,W
all_separate_directions_not_independent,300,main_loglog,screened,all,0.001,repeat_post_peak,above_level,log,296,9.583382229628377e-05,0.00028643228783163297,0.0007615491491574221,0.0017591266059176296,GOES-19 SGPS,0.0017591266059176296,2026-01-20T06:20:00+00:00,sci_sgps-l2-avg5m_g19_d20260120_v3-0-3.nc,e7141cd6ce9657080637f89c009fa2f7c764cccc60a69dc9a4847b25b8dac1f7,3-0-3,6,True,False,False,2026-01-20T06:25:00+00:00,sci_sgps-l2-avg5m_g19_d20260120_v3-0-3.nc,e7141cd6ce9657080637f89c009fa2f7c764cccc60a69dc9a4847b25b8dac1f7,3-0-3,6,True,False,False,0.0015309367999220527,0.0025950812266422245,sep_20260118_2255:post_peak,568.4639164890356,0.0035182532118352592,0,0,0,592,77,19,W
all_separate_directions_not_independent,300,main_loglog,screened,all,0.001,repeat_post_peak,approach,H,358,9.224250974927212e-05,0.0003042821727855578,0.0010491757131114456,0.0027256725433335116,GOES-18 SGPS,0.0027256725433335116,2024-02-11T02:05:00+00:00,sci_sgps-l2-avg5m_g18_d20240211_v3-0-2.nc,e9031dcb3fbda5c1d8c261fa3b78e0d905b3ca8bf509e2ae14348a90fe760c1b,3-0-2,6,True,False,False,2024-02-11T02:10:00+00:00,sci_sgps-l2-avg5m_g18_d20240211_v3-0-2.nc,e9031dcb3fbda5c1d8c261fa3b78e0d905b3ca8bf509e2ae14348a90fe760c1b,3-0-2,6,True,False,False,0.000436769237895324,0.0012897791483604878,sep_20240209_1530:post_peak|sep_20240212_0805:pre_peak,366.88192880902517,0.005451345086667023,0,0,0,681,375,18,E
all_separate_directions_not_independent,300,main_loglog,screened,all,0.001,repeat_post_peak,approach,log,0,,,,,GOES-16 SGPS,,,,,,,,,,,,,,,,,,,,,,,0,0,0,681,375,16,E
all_separate_directions_not_independent,300,main_loglog,screened,all,0.001,repeat_post_peak,whole,H,654,9.442822203544939e-05,0.0002970222632844241,0.0009037906212617915,0.0027256725433335116,GOES-18 SGPS,0.0027256725433335116,2024-02-11T02:05:00+00:00,sci_sgps-l2-avg5m_g18_d20240211_v3-0-2.nc,e9031dcb3fbda5c1d8c261fa3b78e0d905b3ca8bf509e2ae14348a90fe760c1b,3-0-2,6,True,False,False,2024-02-11T02:10:00+00:00,sci_sgps-l2-avg5m_g18_d20240211_v3-0-2.nc,e9031dcb3fbda5c1d8c261fa3b78e0d905b3ca8bf509e2ae14348a90fe760c1b,3-0-2,6,True,False,False,0.000436769237895324,0.0012897791483604878,sep_20240209_1530:post_peak|sep_20240212_0805:pre_peak,366.88192880902517,0.005451345086667023,0,0,0,1273,452,18,E
all_separate_directions_not_independent,300,main_loglog,screened,all,0.001,repeat_post_peak,whole,log,296,9.583382229628377e-05,0.00028643228783163297,0.0007615491491574221,0.0017591266059176296,GOES-19 SGPS,0.0017591266059176296,2026-01-20T06:20:00+00:00,sci_sgps-l2-avg5m_g19_d20260120_v3-0-3.nc,e7141cd6ce9657080637f89c009fa2f7c764cccc60a69dc9a4847b25b8dac1f7,3-0-3,6,True,False,False,2026-01-20T06:25:00+00:00,sci_sgps-l2-avg5m_g19_d20260120_v3-0-3.nc,e7141cd6ce9657080637f89c009fa2f7c764cccc60a69dc9a4847b25b8dac1f7,3-0-3,6,True,False,False,0.0015309367999220527,0.0025950812266422245,sep_20260118_2255:post_peak,568.4639164890356,0.0035182532118352592,0,0,0,1273,452,19,W
all_separate_directions_not_independent,300,main_loglog,screened,all,0.001,repeat_pre_peak,above_level,H,1709,0.00012901038389153094,0.00042711654891533675,0.001116567498435524,0.00360053097534854,GOES-19 SGPS,0.00360053097534854,2026-01-19T21:35:00+00:00,sci_sgps-l2-avg5m_g19_d20260119_v3-0-3.nc,638c9012e44cc020722ffb66e6907a360455b5e6a17d45d9210393640be1ebf2,3-0-3,6,True,False,False,2026-01-19T21:40:00+00:00,sci_sgps-l2-avg5m_g19_d20260119_v3-0-3.nc,638c9012e44cc020722ffb66e6907a360455b5e6a17d45d9210393640be1ebf2,3-0-3,6,True,False,False,0.009495186443358615,0.027964735574106527,sep_20260118_2255:post_peak,277.73681349962493,0.00720106195069708,0,0,0,3411,297,19,W
all_separate_directions_not_independent,300,main_loglog,screened,all,0.001,repeat_pre_peak,above_level,log,1709,0.00012901038389153113,0.00042711654891533713,0.0011165674984355248,0.003600530975348538,GOES-19 SGPS,0.003600530975348538,2026-01-19T21:35:00+00:00,sci_sgps-l2-avg5m_g19_d20260119_v3-0-3.nc,638c9012e44cc020722ffb66e6907a360455b5e6a17d45d9210393640be1ebf2,3-0-3,6,True,False,False,2026-01-19T21:40:00+00:00,sci_sgps-l2-avg5m_g19_d20260119_v3-0-3.nc,638c9012e44cc020722ffb66e6907a360455b5e6a17d45d9210393640be1ebf2,3-0-3,6,True,False,False,0.009495186443358615,0.027964735574106527,sep_20260118_2255:post_peak,277.73681349962504,0.007201061950697076,0,0,0,3411,297,19,W
all_separate_directions_not_independent,300,main_loglog,screened,all,0.001,repeat_pre_peak,approach,H,168,0.00016728739687293438,0.0004078552706559893,0.0010275408590175986,0.0011901885852746046,GOES-16 SGPS,0.0011901885852746046,2024-06-08T03:40:00+00:00,sci_sgps-l2-avg5m_g16_d20240608_v3-0-2.nc,6e826c9ad092c4dd27643920e51b5b2a78b97d8295fbd7b3745ac80ef30c3b56,3-0-2,15,True,False,False,2024-06-08T03:45:00+00:00,sci_sgps-l2-avg5m_g16_d20240608_v3-0-2.nc,6e826c9ad092c4dd27643920e51b5b2a78b97d8295fbd7b3745ac80ef30c3b56,3-0-2,15,True,False,False,0.0009514259406159596,0.001361357707631373,sep_20240608_0255:pre_peak,840.2029832686359,0.0023803771705492092,0,0,0,280,27,16,W
all_separate_directions_not_independent,300,main_loglog,screened,all,0.001,repeat_pre_peak,approach,log,0,,,,,GOES-16 SGPS,,,,,,,,,,,,,,,,,,,,,,,0,0,0,280,27,16,E
all_separate_directions_not_independent,300,main_loglog,screened,all,0.001,repeat_pre_peak,whole,H,1877,0.00013263960018858583,0.0004266858849676805,0.0010915062826345268,0.00360053097534854,GOES-19 SGPS,0.00360053097534854,2026-01-19T21:35:00+00:00,sci_sgps-l2-avg5m_g19_d20260119_v3-0-3.nc,638c9012e44cc020722ffb66e6907a360455b5e6a17d45d9210393640be1ebf2,3-0-3,6,True,False,False,2026-01-19T21:40:00+00:00,sci_sgps-l2-avg5m_g19_d20260119_v3-0-3.nc,638c9012e44cc020722ffb66e6907a360455b5e6a17d45d9210393640be1ebf2,3-0-3,6,True,False,False,0.009495186443358615,0.027964735574106527,sep_20260118_2255:post_peak,277.73681349962493,0.00720106195069708,0,0,0,3691,324,19,W
all_separate_directions_not_independent,300,main_loglog,screened,all,0.001,repeat_pre_peak,whole,log,1709,0.00012901038389153113,0.00042711654891533713,0.0011165674984355248,0.003600530975348538,GOES-19 SGPS,0.003600530975348538,2026-01-19T21:35:00+00:00,sci_sgps-l2-avg5m_g19_d20260119_v3-0-3.nc,638c9012e44cc020722ffb66e6907a360455b5e6a17d45d9210393640be1ebf2,3-0-3,6,True,False,False,2026-01-19T21:40:00+00:00,sci_sgps-l2-avg5m_g19_d20260119_v3-0-3.nc,638c9012e44cc020722ffb66e6907a360455b5e6a17d45d9210393640be1ebf2,3-0-3,6,True,False,False,0.009495186443358615,0.027964735574106527,sep_20260118_2255:post_peak,277.73681349962504,0.007201061950697076,0,0,0,3691,324,19,W
all_separate_directions_not_independent,300,main_loglog,screened,all,0.001,unassigned_no_crossing,whole,H,74646,9.072418484966265e-06,4.760867355022904e-05,0.00017270082686742454,0.0013606094083919685,GOES-16 SGPS,0.0013606094083919685,2024-02-10T11:35:00+00:00,sci_sgps-l2-avg5m_g16_d20240210_v3-0-2.nc,e7cadeed1a11268442c2acf4f1d828ca3969739ed4334de8092b451fe2784645,3-0-2,15,True,False,False,2024-02-10T11:40:00+00:00,sci_sgps-l2-avg5m_g16_d20240210_v3-0-2.nc,e7cadeed1a11268442c2acf4f1d828ca3969739ed4334de8092b451fe2784645,3-0-2,15,True,False,False,0.0013191940420017698,0.001984176166259662,sep_20240209_1530:post_peak|sep_20240212_0805:pre_peak,734.9647840388275,0.002721218816783937,0,0,0,150935,1965,16,W
all_separate_directions_not_independent,300,main_loglog,screened,all,0.001,unassigned_no_crossing,whole,log,541,8.371412514932911e-05,0.0002869160928827869,0.0006588946469439921,0.0013606094083919692,GOES-16 SGPS,0.0013606094083919692,2024-02-10T11:35:00+00:00,sci_sgps-l2-avg5m_g16_d20240210_v3-0-2.nc,e7cadeed1a11268442c2acf4f1d828ca3969739ed4334de8092b451fe2784645,3-0-2,15,True,False,False,2024-02-10T11:40:00+00:00,sci_sgps-l2-avg5m_g16_d20240210_v3-0-2.nc,e7cadeed1a11268442c2acf4f1d828ca3969739ed4334de8092b451fe2784645,3-0-2,15,True,False,False,0.0013191940420017698,0.001984176166259662,sep_20240209_1530:post_peak|sep_20240212_0805:pre_peak,734.9647840388271,0.0027212188167839383,0,0,0,150935,1965,16,W
all_separate_directions_not_independent,300,main_loglog,screened,all,0.01,all_retained,above_level,H,928,9.052565489264992e-05,0.00039008376610329533,0.0012020608194383553,0.002689554939549881,GOES-18 SGPS,0.002689554939549881,2026-01-19T19:10:00+00:00,sci_sgps-l2-avg5m_g18_d20260119_v3-0-3.nc,b20e422ff57453d1a1755e6a53140aa9903be3a480b7a54d058c83bcf8afeb3b,3-0-3,15,True,False,False,2026-01-19T19:15:00+00:00,sci_sgps-l2-avg5m_g18_d20260119_v3-0-3.nc,b20e422ff57453d1a1755e6a53140aa9903be3a480b7a54d058c83bcf8afeb3b,3-0-3,15,True,False,False,0.08881774879295197,0.19902948621553704,sep_20260118_2255:pre_peak,371.80872764300483,0.005379109879099762,0,0,0,1892,0,18,E
all_separate_directions_not_independent,300,main_loglog,screened,all,0.01,all_retained,above_level,log,928,9.052565489264957e-05,0.00039008376610329555,0.0012020608194383562,0.002689554939549881,GOES-18 SGPS,0.002689554939549881,2026-01-19T19:10:00+00:00,sci_sgps-l2-avg5m_g18_d20260119_v3-0-3.nc,b20e422ff57453d1a1755e6a53140aa9903be3a480b7a54d058c83bcf8afeb3b,3-0-3,15,True,False,False,2026-01-19T19:15:00+00:00,sci_sgps-l2-avg5m_g18_d20260119_v3-0-3.nc,b20e422ff57453d1a1755e6a53140aa9903be3a480b7a54d058c83bcf8afeb3b,3-0-3,15,True,False,False,0.08881774879295197,0.19902948621553704,sep_20260118_2255:pre_peak,371.80872764300483,0.005379109879099762,0,0,0,1892,0,18,E
all_separate_directions_not_independent,300,main_loglog,screened,all,0.01,all_retained,approach,H,1373,2.9481682283524584e-05,0.00017269326638826924,0.0007663659421410386,0.003596135117658427,GOES-19 SGPS,0.003596135117658427,2026-01-19T21:35:00+00:00,sci_sgps-l2-avg5m_g19_d20260119_v3-0-3.nc,638c9012e44cc020722ffb66e6907a360455b5e6a17d45d9210393640be1ebf2,3-0-3,6,True,False,False,2026-01-19T21:40:00+00:00,sci_sgps-l2-avg5m_g19_d20260119_v3-0-3.nc,638c9012e44cc020722ffb66e6907a360455b5e6a17d45d9210393640be1ebf2,3-0-3,6,True,False,False,0.009495186443358615,0.027964735574106527,sep_20260118_2255:post_peak,278.07631451043363,0.007192270235316854,0,0,0,2276,210,19,W
all_separate_directions_not_independent,300,main_loglog,screened,all,0.01,all_retained,approach,log,0,,,,,GOES-16 SGPS,,,,,,,,,,,,,,,,,,,,,,,0,0,0,2276,210,16,E
all_separate_directions_not_independent,300,main_loglog,screened,all,0.01,all_retained,whole,H,86067,1.0922113448079739e-06,1.0769998035500945e-05,0.0001221617445338738,0.003596135117658427,GOES-19 SGPS,0.003596135117658427,2026-01-19T21:35:00+00:00,sci_sgps-l2-avg5m_g19_d20260119_v3-0-3.nc,638c9012e44cc020722ffb66e6907a360455b5e6a17d45d9210393640be1ebf2,3-0-3,6,True,False,False,2026-01-19T21:40:00+00:00,sci_sgps-l2-avg5m_g19_d20260119_v3-0-3.nc,638c9012e44cc020722ffb66e6907a360455b5e6a17d45d9210393640be1ebf2,3-0-3,6,True,False,False,0.009495186443358615,0.027964735574106527,sep_20260118_2255:post_peak,278.07631451043363,0.007192270235316854,0,0,0,173124,210,19,W
all_separate_directions_not_independent,300,main_loglog,screened,all,0.01,all_retained,whole,log,928,9.052565489264957e-05,0.00039008376610329555,0.0012020608194383562,0.002689554939549881,GOES-18 SGPS,0.002689554939549881,2026-01-19T19:10:00+00:00,sci_sgps-l2-avg5m_g18_d20260119_v3-0-3.nc,b20e422ff57453d1a1755e6a53140aa9903be3a480b7a54d058c83bcf8afeb3b,3-0-3,15,True,False,False,2026-01-19T19:15:00+00:00,sci_sgps-l2-avg5m_g18_d20260119_v3-0-3.nc,b20e422ff57453d1a1755e6a53140aa9903be3a480b7a54d058c83bcf8afeb3b,3-0-3,15,True,False,False,0.08881774879295197,0.19902948621553704,sep_20260118_2255:pre_peak,371.80872764300483,0.005379109879099762,0,0,0,173124,210,18,E
all_separate_directions_not_independent,300,main_loglog,screened,all,0.01,censored_first,above_level,H,174,4.4786020944496505e-05,0.0002890410821432492,0.0009500455300698537,0.0012268031296653473,GOES-18 SGPS,0.0012268031296653473,2025-11-12T00:30:00+00:00,sci_sgps-l2-avg5m_g18_d20251112_v3-0-2.nc,7aaf291677e040ccf6e3f4579abe48009803b2f023ab45a63bc8cca30bf07e52,3-0-2,12,True,False,False,2025-11-12T00:35:00+00:00,sci_sgps-l2-avg5m_g18_d20251112_v3-0-2.nc,7aaf291677e040ccf6e3f4579abe48009803b2f023ab45a63bc8cca30bf07e52,3-0-2,12,True,False,False,0.01089705285349914,0.015745164640176064,sep_20251110_1125:post_peak|sep_20251111_0945:pre_peak,815.1267108951575,0.0024536062593306946,0,0,0,495,0,18,E
all_separate_directions_not_independent,300,main_loglog,screened,all,0.01,censored_first,above_level,log,174,4.47860209444965e-05,0.0002890410821432492,0.0009500455300698535,0.001226803129665347,GOES-18 SGPS,0.001226803129665347,2025-11-12T00:30:00+00:00,sci_sgps-l2-avg5m_g18_d20251112_v3-0-2.nc,7aaf291677e040ccf6e3f4579abe48009803b2f023ab45a63bc8cca30bf07e52,3-0-2,12,True,False,False,2025-11-12T00:35:00+00:00,sci_sgps-l2-avg5m_g18_d20251112_v3-0-2.nc,7aaf291677e040ccf6e3f4579abe48009803b2f023ab45a63bc8cca30bf07e52,3-0-2,12,True,False,False,0.01089705285349914,0.015745164640176064,sep_20251110_1125:post_peak|sep_20251111_0945:pre_peak,815.1267108951577,0.002453606259330694,0,0,0,495,0,18,E
all_separate_directions_not_independent,300,main_loglog,screened,all,0.01,censored_first,approach,H,391,1.2963349155596382e-05,8.567963134421597e-05,0.000868856105622656,0.0026919907890157356,GOES-18 SGPS,0.0026919907890157356,2025-11-12T00:25:00+00:00,sci_sgps-l2-avg5m_g18_d20251112_v3-0-2.nc,7aaf291677e040ccf6e3f4579abe48009803b2f023ab45a63bc8cca30bf07e52,3-0-2,12,True,False,False,2025-11-12T00:30:00+00:00,sci_sgps-l2-avg5m_g18_d20251112_v3-0-2.nc,7aaf291677e040ccf6e3f4579abe48009803b2f023ab45a63bc8cca30bf07e52,3-0-2,12,True,False,False,0.002783100425640348,0.01089705285349914,sep_20251110_1125:post_peak|sep_20251111_0945:pre_peak,371.4722962947533,0.005383981578031471,0,0,0,719,0,18,E
all_separate_directions_not_independent,300,main_loglog,screened,all,0.01,censored_first,approach,log,0,,,,,GOES-18 SGPS,,,,,,,,,,,,,,,,,,,,,,,0,0,0,719,0,18,E
all_separate_directions_not_independent,300,main_loglog,screened,all,0.01,censored_first,whole,H,565,1.82692305484163e-05,0.0001552273250581042,0.0009838787188620301,0.0026919907890157356,GOES-18 SGPS,0.0026919907890157356,2025-11-12T00:25:00+00:00,sci_sgps-l2-avg5m_g18_d20251112_v3-0-2.nc,7aaf291677e040ccf6e3f4579abe48009803b2f023ab45a63bc8cca30bf07e52,3-0-2,12,True,False,False,2025-11-12T00:30:00+00:00,sci_sgps-l2-avg5m_g18_d20251112_v3-0-2.nc,7aaf291677e040ccf6e3f4579abe48009803b2f023ab45a63bc8cca30bf07e52,3-0-2,12,True,False,False,0.002783100425640348,0.01089705285349914,sep_20251110_1125:post_peak|sep_20251111_0945:pre_peak,371.4722962947533,0.005383981578031471,0,0,0,1214,0,18,E
all_separate_directions_not_independent,300,main_loglog,screened,all,0.01,censored_first,whole,log,174,4.47860209444965e-05,0.0002890410821432492,0.0009500455300698535,0.001226803129665347,GOES-18 SGPS,0.001226803129665347,2025-11-12T00:30:00+00:00,sci_sgps-l2-avg5m_g18_d20251112_v3-0-2.nc,7aaf291677e040ccf6e3f4579abe48009803b2f023ab45a63bc8cca30bf07e52,3-0-2,12,True,False,False,2025-11-12T00:35:00+00:00,sci_sgps-l2-avg5m_g18_d20251112_v3-0-2.nc,7aaf291677e040ccf6e3f4579abe48009803b2f023ab45a63bc8cca30bf07e52,3-0-2,12,True,False,False,0.01089705285349914,0.015745164640176064,sep_20251110_1125:post_peak|sep_20251111_0945:pre_peak,815.1267108951577,0.002453606259330694,0,0,0,1214,0,18,E
all_separate_directions_not_independent,300,main_loglog,screened,all,0.01,censored_repeat,above_level,H,31,6.17206036417491e-05,0.00017408081141039386,0.0002799089531863882,0.0002946279064093297,GOES-16 SGPS,0.0002946279064093297,2017-09-11T20:55:00+00:00,se_sgps-l2-avg5m_g16_s20172440000000_e20172732355000_v2_0_0.nc,f5da29fe3a7dc3092a311a191ee015d6cb97773c6425e64214db2d0dab5fafb2,special_2_0_0,0,True,True,True,2017-09-11T21:00:00+00:00,se_sgps-l2-avg5m_g16_s20172440000000_e20172732355000_v2_0_0.nc,f5da29fe3a7dc3092a311a191ee015d6cb97773c6425e64214db2d0dab5fafb2,special_2_0_0,0,True,True,True,0.011029722227493703,0.012049004248066549,sep_20170910_1645:post_peak|special_201709:unknown_peak,3394.111617555634,0.0005892558128186594,0,0,0,64,0,16,E
all_separate_directions_not_independent,300,main_loglog,screened,all,0.01,censored_repeat,above_level,log,31,6.172060364174871e-05,0.00017408081141039478,0.00027990895318638783,0.0002946279064093294,GOES-16 SGPS,0.0002946279064093294,2017-09-11T20:55:00+00:00,se_sgps-l2-avg5m_g16_s20172440000000_e20172732355000_v2_0_0.nc,f5da29fe3a7dc3092a311a191ee015d6cb97773c6425e64214db2d0dab5fafb2,special_2_0_0,0,True,True,True,2017-09-11T21:00:00+00:00,se_sgps-l2-avg5m_g16_s20172440000000_e20172732355000_v2_0_0.nc,f5da29fe3a7dc3092a311a191ee015d6cb97773c6425e64214db2d0dab5fafb2,special_2_0_0,0,True,True,True,0.011029722227493703,0.012049004248066549,sep_20170910_1645:post_peak|special_201709:unknown_peak,3394.111617555637,0.0005892558128186589,0,0,0,64,0,16,E
all_separate_directions_not_independent,300,main_loglog,screened,all,0.01,censored_repeat,approach,H,200,4.334486621612991e-05,0.00017818413094086914,0.0008282217114160857,0.0010743383547755603,GOES-18 SGPS,0.0010743383547755603,2026-01-19T21:40:00+00:00,sci_sgps-l2-avg5m_g18_d20260119_v3-0-3.nc,b20e422ff57453d1a1755e6a53140aa9903be3a480b7a54d058c83bcf8afeb3b,3-0-3,15,True,False,False,2026-01-19T21:45:00+00:00,sci_sgps-l2-avg5m_g18_d20260119_v3-0-3.nc,b20e422ff57453d1a1755e6a53140aa9903be3a480b7a54d058c83bcf8afeb3b,3-0-3,15,True,False,False,0.008678247489438911,0.012094022815589368,sep_20260118_2255:post_peak,930.8054539381216,0.0021486767095511205,0,0,0,400,210,18,E
all_separate_directions_not_independent,300,main_loglog,screened,all,0.01,censored_repeat,approach,log,0,,,,,GOES-16 SGPS,,,,,,,,,,,,,,,,,,,,,,,0,0,0,400,210,16,E
all_separate_directions_not_independent,300,main_loglog,screened,all,0.01,censored_repeat,whole,H,231,4.7656260104148214e-05,0.0001775293356902121,0.0008083452825339176,0.0010743383547755603,GOES-18 SGPS,0.0010743383547755603,2026-01-19T21:40:00+00:00,sci_sgps-l2-avg5m_g18_d20260119_v3-0-3.nc,b20e422ff57453d1a1755e6a53140aa9903be3a480b7a54d058c83bcf8afeb3b,3-0-3,15,True,False,False,2026-01-19T21:45:00+00:00,sci_sgps-l2-avg5m_g18_d20260119_v3-0-3.nc,b20e422ff57453d1a1755e6a53140aa9903be3a480b7a54d058c83bcf8afeb3b,3-0-3,15,True,False,False,0.008678247489438911,0.012094022815589368,sep_20260118_2255:post_peak,930.8054539381216,0.0021486767095511205,0,0,0,464,210,18,E
all_separate_directions_not_independent,300,main_loglog,screened,all,0.01,censored_repeat,whole,log,31,6.172060364174871e-05,0.00017408081141039478,0.00027990895318638783,0.0002946279064093294,GOES-16 SGPS,0.0002946279064093294,2017-09-11T20:55:00+00:00,se_sgps-l2-avg5m_g16_s20172440000000_e20172732355000_v2_0_0.nc,f5da29fe3a7dc3092a311a191ee015d6cb97773c6425e64214db2d0dab5fafb2,special_2_0_0,0,True,True,True,2017-09-11T21:00:00+00:00,se_sgps-l2-avg5m_g16_s20172440000000_e20172732355000_v2_0_0.nc,f5da29fe3a7dc3092a311a191ee015d6cb97773c6425e64214db2d0dab5fafb2,special_2_0_0,0,True,True,True,0.011029722227493703,0.012049004248066549,sep_20170910_1645:post_peak|special_201709:unknown_peak,3394.111617555637,0.0005892558128186589,0,0,0,464,210,16,E
all_separate_directions_not_independent,300,main_loglog,screened,all,0.01,confirmed_entry,above_level,H,673,0.00010675627280767023,0.0004383510871647024,0.0012323693368970299,0.002689554939549881,GOES-18 SGPS,0.002689554939549881,2026-01-19T19:10:00+00:00,sci_sgps-l2-avg5m_g18_d20260119_v3-0-3.nc,b20e422ff57453d1a1755e6a53140aa9903be3a480b7a54d058c83bcf8afeb3b,3-0-3,15,True,False,False,2026-01-19T19:15:00+00:00,sci_sgps-l2-avg5m_g18_d20260119_v3-0-3.nc,b20e422ff57453d1a1755e6a53140aa9903be3a480b7a54d058c83bcf8afeb3b,3-0-3,15,True,False,False,0.08881774879295197,0.19902948621553704,sep_20260118_2255:pre_peak,371.80872764300483,0.005379109879099762,0,0,0,1232,0,18,E
all_separate_directions_not_independent,300,main_loglog,screened,all,0.01,confirmed_entry,above_level,log,673,0.00010675627280766947,0.0004383510871647023,0.0012323693368970303,0.002689554939549881,GOES-18 SGPS,0.002689554939549881,2026-01-19T19:10:00+00:00,sci_sgps-l2-avg5m_g18_d20260119_v3-0-3.nc,b20e422ff57453d1a1755e6a53140aa9903be3a480b7a54d058c83bcf8afeb3b,3-0-3,15,True,False,False,2026-01-19T19:15:00+00:00,sci_sgps-l2-avg5m_g18_d20260119_v3-0-3.nc,b20e422ff57453d1a1755e6a53140aa9903be3a480b7a54d058c83bcf8afeb3b,3-0-3,15,True,False,False,0.08881774879295197,0.19902948621553704,sep_20260118_2255:pre_peak,371.80872764300483,0.005379109879099762,0,0,0,1232,0,18,E
all_separate_directions_not_independent,300,main_loglog,screened,all,0.01,confirmed_entry,approach,H,728,3.4275783322913444e-05,0.0001936788053758215,0.0006955662303744394,0.0012299777462852323,GOES-16 SGPS,0.0012299777462852323,2017-09-10T17:35:00+00:00,se_sgps-l2-avg5m_g16_s20172440000000_e20172732355000_v2_0_0.nc,f5da29fe3a7dc3092a311a191ee015d6cb97773c6425e64214db2d0dab5fafb2,special_2_0_0,0,True,False,True,2017-09-10T17:40:00+00:00,se_sgps-l2-avg5m_g16_s20172440000000_e20172732355000_v2_0_0.nc,f5da29fe3a7dc3092a311a191ee015d6cb97773c6425e64214db2d0dab5fafb2,special_2_0_0,0,True,False,True,0.0071755701539639545,0.010904062566042419,sep_20170910_1645:pre_peak|special_201709:unknown_peak,813.022839657214,0.0024599554925704647,0,0,0,1058,0,16,W
all_separate_directions_not_independent,300,main_loglog,screened,all,0.01,confirmed_entry,approach,log,0,,,,,GOES-16 SGPS,,,,,,,,,,,,,,,,,,,,,,,0,0,0,1058,0,16,E
all_separate_directions_not_independent,300,main_loglog,screened,all,0.01,confirmed_entry,whole,H,1401,5.924003516794155e-05,0.00029663725953607225,0.0009370768043003112,0.002689554939549881,GOES-18 SGPS,0.002689554939549881,2026-01-19T19:10:00+00:00,sci_sgps-l2-avg5m_g18_d20260119_v3-0-3.nc,b20e422ff57453d1a1755e6a53140aa9903be3a480b7a54d058c83bcf8afeb3b,3-0-3,15,True,False,False,2026-01-19T19:15:00+00:00,sci_sgps-l2-avg5m_g18_d20260119_v3-0-3.nc,b20e422ff57453d1a1755e6a53140aa9903be3a480b7a54d058c83bcf8afeb3b,3-0-3,15,True,False,False,0.08881774879295197,0.19902948621553704,sep_20260118_2255:pre_peak,371.80872764300483,0.005379109879099762,0,0,0,2290,0,18,E
all_separate_directions_not_independent,300,main_loglog,screened,all,0.01,confirmed_entry,whole,log,673,0.00010675627280766947,0.0004383510871647023,0.0012323693368970303,0.002689554939549881,GOES-18 SGPS,0.002689554939549881,2026-01-19T19:10:00+00:00,sci_sgps-l2-avg5m_g18_d20260119_v3-0-3.nc,b20e422ff57453d1a1755e6a53140aa9903be3a480b7a54d058c83bcf8afeb3b,3-0-3,15,True,False,False,2026-01-19T19:15:00+00:00,sci_sgps-l2-avg5m_g18_d20260119_v3-0-3.nc,b20e422ff57453d1a1755e6a53140aa9903be3a480b7a54d058c83bcf8afeb3b,3-0-3,15,True,False,False,0.08881774879295197,0.19902948621553704,sep_20260118_2255:pre_peak,371.80872764300483,0.005379109879099762,0,0,0,2290,0,18,E
all_separate_directions_not_independent,300,main_loglog,screened,all,0.01,repeat_post_peak,above_level,H,4,3.193841747978469e-05,4.0255724742423417e-05,4.171253094364674e-05,4.187439829933822e-05,GOES-16 SGPS,4.187439829933822e-05,2024-06-08T12:15:00+00:00,sci_sgps-l2-avg5m_g16_d20240608_v3-0-2.nc,6e826c9ad092c4dd27643920e51b5b2a78b97d8295fbd7b3745ac80ef30c3b56,3-0-2,15,True,False,False,2024-06-08T12:20:00+00:00,sci_sgps-l2-avg5m_g16_d20240608_v3-0-2.nc,6e826c9ad092c4dd27643920e51b5b2a78b97d8295fbd7b3745ac80ef30c3b56,3-0-2,15,True,False,False,0.010048261791599731,0.010175287464577784,sep_20240608_0255:post_peak,23880.940159462636,8.374879659867644e-05,0,0,0,8,0,16,W
all_separate_directions_not_independent,300,main_loglog,screened,all,0.01,repeat_post_peak,above_level,log,4,3.193841747978475e-05,4.0255724742423145e-05,4.1712530943646216e-05,4.187439829933767e-05,GOES-16 SGPS,4.187439829933767e-05,2024-06-08T12:15:00+00:00,sci_sgps-l2-avg5m_g16_d20240608_v3-0-2.nc,6e826c9ad092c4dd27643920e51b5b2a78b97d8295fbd7b3745ac80ef30c3b56,3-0-2,15,True,False,False,2024-06-08T12:20:00+00:00,sci_sgps-l2-avg5m_g16_d20240608_v3-0-2.nc,6e826c9ad092c4dd27643920e51b5b2a78b97d8295fbd7b3745ac80ef30c3b56,3-0-2,15,True,False,False,0.010048261791599731,0.010175287464577784,sep_20240608_0255:post_peak,23880.94015946295,8.374879659867534e-05,0,0,0,8,0,16,W
all_separate_directions_not_independent,300,main_loglog,screened,all,0.01,repeat_post_peak,approach,H,4,0.0002484584253322669,0.00260297441466423,0.0034968190473590064,0.003596135117658427,GOES-19 SGPS,0.003596135117658427,2026-01-19T21:35:00+00:00,sci_sgps-l2-avg5m_g19_d20260119_v3-0-3.nc,638c9012e44cc020722ffb66e6907a360455b5e6a17d45d9210393640be1ebf2,3-0-3,6,True,False,False,2026-01-19T21:40:00+00:00,sci_sgps-l2-avg5m_g19_d20260119_v3-0-3.nc,638c9012e44cc020722ffb66e6907a360455b5e6a17d45d9210393640be1ebf2,3-0-3,6,True,False,False,0.009495186443358615,0.027964735574106527,sep_20260118_2255:post_peak,278.07631451043363,0.007192270235316854,0,0,0,8,0,19,W
all_separate_directions_not_independent,300,main_loglog,screened,all,0.01,repeat_post_peak,approach,log,0,,,,,GOES-16 SGPS,,,,,,,,,,,,,,,,,,,,,,,0,0,0,8,0,16,W
all_separate_directions_not_independent,300,main_loglog,screened,all,0.01,repeat_post_peak,whole,H,8,3.917660903781354e-05,0.0012787601440052993,0.0033643976202931136,0.003596135117658427,GOES-19 SGPS,0.003596135117658427,2026-01-19T21:35:00+00:00,sci_sgps-l2-avg5m_g19_d20260119_v3-0-3.nc,638c9012e44cc020722ffb66e6907a360455b5e6a17d45d9210393640be1ebf2,3-0-3,6,True,False,False,2026-01-19T21:40:00+00:00,sci_sgps-l2-avg5m_g19_d20260119_v3-0-3.nc,638c9012e44cc020722ffb66e6907a360455b5e6a17d45d9210393640be1ebf2,3-0-3,6,True,False,False,0.009495186443358615,0.027964735574106527,sep_20260118_2255:post_peak,278.07631451043363,0.007192270235316854,0,0,0,16,0,19,W
all_separate_directions_not_independent,300,main_loglog,screened,all,0.01,repeat_post_peak,whole,log,4,3.193841747978475e-05,4.0255724742423145e-05,4.1712530943646216e-05,4.187439829933767e-05,GOES-16 SGPS,4.187439829933767e-05,2024-06-08T12:15:00+00:00,sci_sgps-l2-avg5m_g16_d20240608_v3-0-2.nc,6e826c9ad092c4dd27643920e51b5b2a78b97d8295fbd7b3745ac80ef30c3b56,3-0-2,15,True,False,False,2024-06-08T12:20:00+00:00,sci_sgps-l2-avg5m_g16_d20240608_v3-0-2.nc,6e826c9ad092c4dd27643920e51b5b2a78b97d8295fbd7b3745ac80ef30c3b56,3-0-2,15,True,False,False,0.010048261791599731,0.010175287464577784,sep_20240608_0255:post_peak,23880.94015946295,8.374879659867534e-05,0,0,0,16,0,16,W
all_separate_directions_not_independent,300,main_loglog,screened,all,0.01,repeat_pre_peak,above_level,H,46,0.00013056511228534389,0.00044922502816694706,0.0009372746917613263,0.000978734986021017,GOES-16 SGPS,0.000978734986021017,2024-06-08T06:10:00+00:00,sci_sgps-l2-avg5m_g16_d20240608_v3-0-2.nc,6e826c9ad092c4dd27643920e51b5b2a78b97d8295fbd7b3745ac80ef30c3b56,3-0-2,15,True,False,False,2024-06-08T06:15:00+00:00,sci_sgps-l2-avg5m_g16_d20240608_v3-0-2.nc,6e826c9ad092c4dd27643920e51b5b2a78b97d8295fbd7b3745ac80ef30c3b56,3-0-2,15,True,False,False,0.014387548155785315,0.01929765559760527,sep_20240608_0255:pre_peak,1021.7270397837054,0.001957469972042034,0,0,0,93,0,16,W
all_separate_directions_not_independent,300,main_loglog,screened,all,0.01,repeat_pre_peak,above_level,log,46,0.00013056511228534402,0.0004492250281669472,0.0009372746917613267,0.0009787349860210176,GOES-16 SGPS,0.0009787349860210176,2024-06-08T06:10:00+00:00,sci_sgps-l2-avg5m_g16_d20240608_v3-0-2.nc,6e826c9ad092c4dd27643920e51b5b2a78b97d8295fbd7b3745ac80ef30c3b56,3-0-2,15,True,False,False,2024-06-08T06:15:00+00:00,sci_sgps-l2-avg5m_g16_d20240608_v3-0-2.nc,6e826c9ad092c4dd27643920e51b5b2a78b97d8295fbd7b3745ac80ef30c3b56,3-0-2,15,True,False,False,0.014387548155785315,0.01929765559760527,sep_20240608_0255:pre_peak,1021.7270397837048,0.0019574699720420353,0,0,0,93,0,16,W
all_separate_directions_not_independent,300,main_loglog,screened,all,0.01,repeat_pre_peak,approach,H,50,8.027865293312619e-05,0.000407083677891099,0.0007632634203424525,0.0007978210024164123,GOES-18 SGPS,0.0007978210024164123,2024-03-23T16:10:00+00:00,sci_sgps-l2-avg5m_g18_d20240323_v3-0-2.nc,5e377455e3e21cc22a9c8885fca4c940404e6a4070ab559acd815bff0fb69c26,3-0-2,6,True,False,False,2024-03-23T16:15:00+00:00,sci_sgps-l2-avg5m_g18_d20240323_v3-0-2.nc,5e377455e3e21cc22a9c8885fca4c940404e6a4070ab559acd815bff0fb69c26,3-0-2,6,True,False,False,0.005959961315276804,0.00835342432252604,sep_20240323_0815:pre_peak,1253.4139825490115,0.0015956420048328247,0,0,0,91,0,18,W
all_separate_directions_not_independent,300,main_loglog,screened,all,0.01,repeat_pre_peak,approach,log,0,,,,,GOES-16 SGPS,,,,,,,,,,,,,,,,,,,,,,,0,0,0,91,0,16,W
all_separate_directions_not_independent,300,main_loglog,screened,all,0.01,repeat_pre_peak,whole,H,96,9.05248312093713e-05,0.00044922502816694706,0.000891207698139448,0.000978734986021017,GOES-16 SGPS,0.000978734986021017,2024-06-08T06:10:00+00:00,sci_sgps-l2-avg5m_g16_d20240608_v3-0-2.nc,6e826c9ad092c4dd27643920e51b5b2a78b97d8295fbd7b3745ac80ef30c3b56,3-0-2,15,True,False,False,2024-06-08T06:15:00+00:00,sci_sgps-l2-avg5m_g16_d20240608_v3-0-2.nc,6e826c9ad092c4dd27643920e51b5b2a78b97d8295fbd7b3745ac80ef30c3b56,3-0-2,15,True,False,False,0.014387548155785315,0.01929765559760527,sep_20240608_0255:pre_peak,1021.7270397837054,0.001957469972042034,0,0,0,184,0,16,W
all_separate_directions_not_independent,300,main_loglog,screened,all,0.01,repeat_pre_peak,whole,log,46,0.00013056511228534402,0.0004492250281669472,0.0009372746917613267,0.0009787349860210176,GOES-16 SGPS,0.0009787349860210176,2024-06-08T06:10:00+00:00,sci_sgps-l2-avg5m_g16_d20240608_v3-0-2.nc,6e826c9ad092c4dd27643920e51b5b2a78b97d8295fbd7b3745ac80ef30c3b56,3-0-2,15,True,False,False,2024-06-08T06:15:00+00:00,sci_sgps-l2-avg5m_g16_d20240608_v3-0-2.nc,6e826c9ad092c4dd27643920e51b5b2a78b97d8295fbd7b3745ac80ef30c3b56,3-0-2,15,True,False,False,0.014387548155785315,0.01929765559760527,sep_20240608_0255:pre_peak,1021.7270397837048,0.0019574699720420353,0,0,0,184,0,16,W
all_separate_directions_not_independent,300,main_loglog,screened,all,0.01,unassigned_no_crossing,whole,H,83851,1.0504602135446296e-06,8.57545055194156e-06,6.33296744436696e-05,0.001471834713383655,GOES-18 SGPS,0.001471834713383655,2026-01-19T21:55:00+00:00,sci_sgps-l2-avg5m_g18_d20260119_v3-0-3.nc,b20e422ff57453d1a1755e6a53140aa9903be3a480b7a54d058c83bcf8afeb3b,3-0-3,15,True,False,False,2026-01-19T22:00:00+00:00,sci_sgps-l2-avg5m_g18_d20260119_v3-0-3.nc,b20e422ff57453d1a1755e6a53140aa9903be3a480b7a54d058c83bcf8afeb3b,3-0-3,15,True,False,False,0.003653219059864271,0.008068723200015237,sep_20260118_2255:post_peak,679.4241166530603,0.00294366942676731,0,0,0,169166,210,18,W
all_separate_directions_not_independent,300,main_loglog,screened,all,0.01,unassigned_no_crossing,whole,log,0,,,,,GOES-16 SGPS,,,,,,,,,,,,,,,,,,,,,,,0,0,0,169166,210,16,E
all_separate_directions_not_independent,300,main_loglog,screened,all,0.1,all_retained,above_level,H,44,0.0002661758642610912,0.000605565346950068,0.0014968641543889665,0.0020592697085653946,GOES-19 SGPS,0.0020592697085653946,2026-01-19T19:10:00+00:00,sci_sgps-l2-avg5m_g19_d20260119_v3-0-3.nc,638c9012e44cc020722ffb66e6907a360455b5e6a17d45d9210393640be1ebf2,3-0-3,6,True,False,False,2026-01-19T19:15:00+00:00,sci_sgps-l2-avg5m_g19_d20260119_v3-0-3.nc,638c9012e44cc020722ffb66e6907a360455b5e6a17d45d9210393640be1ebf2,3-0-3,6,True,False,False,0.17434012909244523,0.32336737753000755,sep_20260118_2255:pre_peak,485.6090466637599,0.004118539417130789,0,0,0,91,0,19,E
all_separate_directions_not_independent,300,main_loglog,screened,all,0.1,all_retained,above_level,log,44,0.00026617586426109125,0.0006055653469500681,0.001496864154388967,0.0020592697085653955,GOES-19 SGPS,0.0020592697085653955,2026-01-19T19:10:00+00:00,sci_sgps-l2-avg5m_g19_d20260119_v3-0-3.nc,638c9012e44cc020722ffb66e6907a360455b5e6a17d45d9210393640be1ebf2,3-0-3,6,True,False,False,2026-01-19T19:15:00+00:00,sci_sgps-l2-avg5m_g19_d20260119_v3-0-3.nc,638c9012e44cc020722ffb66e6907a360455b5e6a17d45d9210393640be1ebf2,3-0-3,6,True,False,False,0.17434012909244523,0.32336737753000755,sep_20260118_2255:pre_peak,485.6090466637597,0.004118539417130791,0,0,0,91,0,19,E
all_separate_directions_not_independent,300,main_loglog,screened,all,0.1,all_retained,approach,H,606,6.488379036272863e-06,0.00010034768131100629,0.00040610887346732166,0.00266701770589292,GOES-18 SGPS,0.00266701770589292,2026-01-19T19:10:00+00:00,sci_sgps-l2-avg5m_g18_d20260119_v3-0-3.nc,b20e422ff57453d1a1755e6a53140aa9903be3a480b7a54d058c83bcf8afeb3b,3-0-3,15,True,False,False,2026-01-19T19:15:00+00:00,sci_sgps-l2-avg5m_g18_d20260119_v3-0-3.nc,b20e422ff57453d1a1755e6a53140aa9903be3a480b7a54d058c83bcf8afeb3b,3-0-3,15,True,False,False,0.08881774879295197,0.19902948621553704,sep_20260118_2255:pre_peak,374.95064160633274,0.00533403541178584,0,0,0,947,0,18,E
all_separate_directions_not_independent,300,main_loglog,screened,all,0.1,all_retained,approach,log,0,,,,,GOES-18 SGPS,,,,,,,,,,,,,,,,,,,,,,,0,0,0,947,0,18,E
all_separate_directions_not_independent,300,main_loglog,screened,all,0.1,all_retained,whole,H,86067,1.092422142573027e-07,1.0846826602349159e-06,1.505441035474573e-05,0.00266701770589292,GOES-18 SGPS,0.00266701770589292,2026-01-19T19:10:00+00:00,sci_sgps-l2-avg5m_g18_d20260119_v3-0-3.nc,b20e422ff57453d1a1755e6a53140aa9903be3a480b7a54d058c83bcf8afeb3b,3-0-3,15,True,False,False,2026-01-19T19:15:00+00:00,sci_sgps-l2-avg5m_g18_d20260119_v3-0-3.nc,b20e422ff57453d1a1755e6a53140aa9903be3a480b7a54d058c83bcf8afeb3b,3-0-3,15,True,False,False,0.08881774879295197,0.19902948621553704,sep_20260118_2255:pre_peak,374.95064160633274,0.00533403541178584,0,0,0,173124,0,18,E
all_separate_directions_not_independent,300,main_loglog,screened,all,0.1,all_retained,whole,log,44,0.00026617586426109125,0.0006055653469500681,0.001496864154388967,0.0020592697085653955,GOES-19 SGPS,0.0020592697085653955,2026-01-19T19:10:00+00:00,sci_sgps-l2-avg5m_g19_d20260119_v3-0-3.nc,638c9012e44cc020722ffb66e6907a360455b5e6a17d45d9210393640be1ebf2,3-0-3,6,True,False,False,2026-01-19T19:15:00+00:00,sci_sgps-l2-avg5m_g19_d20260119_v3-0-3.nc,638c9012e44cc020722ffb66e6907a360455b5e6a17d45d9210393640be1ebf2,3-0-3,6,True,False,False,0.17434012909244523,0.32336737753000755,sep_20260118_2255:pre_peak,485.6090466637597,0.004118539417130791,0,0,0,173124,0,19,E
all_separate_directions_not_independent,300,main_loglog,screened,all,0.1,confirmed_entry,above_level,H,33,0.0002692381898275113,0.0005586905173529257,0.0007163915139355441,0.0007513498151318402,GOES-19 SGPS,0.0007513498151318402,2026-01-19T19:05:00+00:00,sci_sgps-l2-avg5m_g19_d20260119_v3-0-3.nc,638c9012e44cc020722ffb66e6907a360455b5e6a17d45d9210393640be1ebf2,3-0-3,6,True,False,False,2026-01-19T19:10:00+00:00,sci_sgps-l2-avg5m_g19_d20260119_v3-0-3.nc,638c9012e44cc020722ffb66e6907a360455b5e6a17d45d9210393640be1ebf2,3-0-3,6,True,False,False,0.2139955486063055,0.2681000303483945,sep_20260118_2255:pre_peak,1330.9379730459225,0.0015026996302636804,0,0,0,69,0,19,W
all_separate_directions_not_independent,300,main_loglog,screened,all,0.1,confirmed_entry,above_level,log,33,0.0002692381898275108,0.0005586905173529257,0.0007163915139355437,0.00075134981513184,GOES-19 SGPS,0.00075134981513184,2026-01-19T19:05:00+00:00,sci_sgps-l2-avg5m_g19_d20260119_v3-0-3.nc,638c9012e44cc020722ffb66e6907a360455b5e6a17d45d9210393640be1ebf2,3-0-3,6,True,False,False,2026-01-19T19:10:00+00:00,sci_sgps-l2-avg5m_g19_d20260119_v3-0-3.nc,638c9012e44cc020722ffb66e6907a360455b5e6a17d45d9210393640be1ebf2,3-0-3,6,True,False,False,0.2139955486063055,0.2681000303483945,sep_20260118_2255:pre_peak,1330.937973045923,0.00150269963026368,0,0,0,69,0,19,W
all_separate_directions_not_independent,300,main_loglog,screened,all,0.1,confirmed_entry,approach,H,603,6.4287186767639114e-06,9.858028061103249e-05,0.00040667844618415744,0.00266701770589292,GOES-18 SGPS,0.00266701770589292,2026-01-19T19:10:00+00:00,sci_sgps-l2-avg5m_g18_d20260119_v3-0-3.nc,b20e422ff57453d1a1755e6a53140aa9903be3a480b7a54d058c83bcf8afeb3b,3-0-3,15,True,False,False,2026-01-19T19:15:00+00:00,sci_sgps-l2-avg5m_g18_d20260119_v3-0-3.nc,b20e422ff57453d1a1755e6a53140aa9903be3a480b7a54d058c83bcf8afeb3b,3-0-3,15,True,False,False,0.08881774879295197,0.19902948621553704,sep_20260118_2255:pre_peak,374.95064160633274,0.00533403541178584,0,0,0,943,0,18,E
all_separate_directions_not_independent,300,main_loglog,screened,all,0.1,confirmed_entry,approach,log,0,,,,,GOES-18 SGPS,,,,,,,,,,,,,,,,,,,,,,,0,0,0,943,0,18,E
all_separate_directions_not_independent,300,main_loglog,screened,all,0.1,confirmed_entry,whole,H,636,7.6778374211463e-06,0.00015115504746879803,0.0005509939845402762,0.00266701770589292,GOES-18 SGPS,0.00266701770589292,2026-01-19T19:10:00+00:00,sci_sgps-l2-avg5m_g18_d20260119_v3-0-3.nc,b20e422ff57453d1a1755e6a53140aa9903be3a480b7a54d058c83bcf8afeb3b,3-0-3,15,True,False,False,2026-01-19T19:15:00+00:00,sci_sgps-l2-avg5m_g18_d20260119_v3-0-3.nc,b20e422ff57453d1a1755e6a53140aa9903be3a480b7a54d058c83bcf8afeb3b,3-0-3,15,True,False,False,0.08881774879295197,0.19902948621553704,sep_20260118_2255:pre_peak,374.95064160633274,0.00533403541178584,0,0,0,1012,0,18,E
all_separate_directions_not_independent,300,main_loglog,screened,all,0.1,confirmed_entry,whole,log,33,0.0002692381898275108,0.0005586905173529257,0.0007163915139355437,0.00075134981513184,GOES-19 SGPS,0.00075134981513184,2026-01-19T19:05:00+00:00,sci_sgps-l2-avg5m_g19_d20260119_v3-0-3.nc,638c9012e44cc020722ffb66e6907a360455b5e6a17d45d9210393640be1ebf2,3-0-3,6,True,False,False,2026-01-19T19:10:00+00:00,sci_sgps-l2-avg5m_g19_d20260119_v3-0-3.nc,638c9012e44cc020722ffb66e6907a360455b5e6a17d45d9210393640be1ebf2,3-0-3,6,True,False,False,0.2139955486063055,0.2681000303483945,sep_20260118_2255:pre_peak,1330.937973045923,0.00150269963026368,0,0,0,1012,0,19,W
all_separate_directions_not_independent,300,main_loglog,screened,all,0.1,repeat_pre_peak,above_level,H,11,0.0002609235538478405,0.0006272034962973498,0.0019160630873385905,0.0020592697085653946,GOES-19 SGPS,0.0020592697085653946,2026-01-19T19:10:00+00:00,sci_sgps-l2-avg5m_g19_d20260119_v3-0-3.nc,638c9012e44cc020722ffb66e6907a360455b5e6a17d45d9210393640be1ebf2,3-0-3,6,True,False,False,2026-01-19T19:15:00+00:00,sci_sgps-l2-avg5m_g19_d20260119_v3-0-3.nc,638c9012e44cc020722ffb66e6907a360455b5e6a17d45d9210393640be1ebf2,3-0-3,6,True,False,False,0.17434012909244523,0.32336737753000755,sep_20260118_2255:pre_peak,485.6090466637599,0.004118539417130789,0,0,0,22,0,19,E
all_separate_directions_not_independent,300,main_loglog,screened,all,0.1,repeat_pre_peak,above_level,log,11,0.00026092355384784024,0.0006272034962973493,0.0019160630873385914,0.0020592697085653955,GOES-19 SGPS,0.0020592697085653955,2026-01-19T19:10:00+00:00,sci_sgps-l2-avg5m_g19_d20260119_v3-0-3.nc,638c9012e44cc020722ffb66e6907a360455b5e6a17d45d9210393640be1ebf2,3-0-3,6,True,False,False,2026-01-19T19:15:00+00:00,sci_sgps-l2-avg5m_g19_d20260119_v3-0-3.nc,638c9012e44cc020722ffb66e6907a360455b5e6a17d45d9210393640be1ebf2,3-0-3,6,True,False,False,0.17434012909244523,0.32336737753000755,sep_20260118_2255:pre_peak,485.6090466637597,0.004118539417130791,0,0,0,22,0,19,E
all_separate_directions_not_independent,300,main_loglog,screened,all,0.1,repeat_pre_peak,approach,H,3,0.00013566494031494236,0.00030268172424683894,0.0003402605006315156,0.00034443592022981306,GOES-19 SGPS,0.00034443592022981306,2026-01-19T18:40:00+00:00,sci_sgps-l2-avg5m_g19_d20260119_v3-0-3.nc,638c9012e44cc020722ffb66e6907a360455b5e6a17d45d9210393640be1ebf2,3-0-3,6,True,False,False,2026-01-19T18:45:00+00:00,sci_sgps-l2-avg5m_g19_d20260119_v3-0-3.nc,638c9012e44cc020722ffb66e6907a360455b5e6a17d45d9210393640be1ebf2,3-0-3,6,True,False,False,0.09999315084722667,0.11087821873683311,sep_20260118_2255:pre_peak,2903.297656448794,0.0006888718404596261,0,0,0,4,0,19,E
all_separate_directions_not_independent,300,main_loglog,screened,all,0.1,repeat_pre_peak,approach,log,0,,,,,GOES-19 SGPS,,,,,,,,,,,,,,,,,,,,,,,0,0,0,4,0,19,E
all_separate_directions_not_independent,300,main_loglog,screened,all,0.1,repeat_pre_peak,whole,H,14,0.00026073794176256434,0.0006215359994130287,0.0018731011009705477,0.0020592697085653946,GOES-19 SGPS,0.0020592697085653946,2026-01-19T19:10:00+00:00,sci_sgps-l2-avg5m_g19_d20260119_v3-0-3.nc,638c9012e44cc020722ffb66e6907a360455b5e6a17d45d9210393640be1ebf2,3-0-3,6,True,False,False,2026-01-19T19:15:00+00:00,sci_sgps-l2-avg5m_g19_d20260119_v3-0-3.nc,638c9012e44cc020722ffb66e6907a360455b5e6a17d45d9210393640be1ebf2,3-0-3,6,True,False,False,0.17434012909244523,0.32336737753000755,sep_20260118_2255:pre_peak,485.6090466637599,0.004118539417130789,0,0,0,26,0,19,E
all_separate_directions_not_independent,300,main_loglog,screened,all,0.1,repeat_pre_peak,whole,log,11,0.00026092355384784024,0.0006272034962973493,0.0019160630873385914,0.0020592697085653955,GOES-19 SGPS,0.0020592697085653955,2026-01-19T19:10:00+00:00,sci_sgps-l2-avg5m_g19_d20260119_v3-0-3.nc,638c9012e44cc020722ffb66e6907a360455b5e6a17d45d9210393640be1ebf2,3-0-3,6,True,False,False,2026-01-19T19:15:00+00:00,sci_sgps-l2-avg5m_g19_d20260119_v3-0-3.nc,638c9012e44cc020722ffb66e6907a360455b5e6a17d45d9210393640be1ebf2,3-0-3,6,True,False,False,0.17434012909244523,0.32336737753000755,sep_20260118_2255:pre_peak,485.6090466637597,0.004118539417130791,0,0,0,26,0,19,E
all_separate_directions_not_independent,300,main_loglog,screened,all,0.1,unassigned_no_crossing,whole,H,85417,1.0797368585368302e-07,1.0028284460378226e-06,1.1043604897650679e-05,0.0008004081732581884,GOES-19 SGPS,0.0008004081732581884,2026-01-19T21:20:00+00:00,sci_sgps-l2-avg5m_g19_d20260119_v3-0-3.nc,638c9012e44cc020722ffb66e6907a360455b5e6a17d45d9210393640be1ebf2,3-0-3,6,True,False,False,2026-01-19T21:25:00+00:00,sci_sgps-l2-avg5m_g19_d20260119_v3-0-3.nc,638c9012e44cc020722ffb66e6907a360455b5e6a17d45d9210393640be1ebf2,3-0-3,6,True,False,False,0.03405110881809131,0.05806335401583696,sep_20260118_2255:post_peak,1249.3625545193293,0.0016008163465163767,0,0,0,172086,0,19,W
all_separate_directions_not_independent,300,main_loglog,screened,all,0.1,unassigned_no_crossing,whole,log,0,,,,,GOES-16 SGPS,,,,,,,,,,,,,,,,,,,,,,,0,0,0,172086,0,16,E
all_separate_directions_not_independent,300,main_loglog,strict,all,0.001,all_retained,above_level,H,404,5.6483228771941896e-05,0.0002078103045784217,0.00040241340502660103,0.0005544515619105598,GOES-16 SGPS,0.0005544515619105598,2017-09-10T19:35:00+00:00,se_sgps-l2-avg5m_g16_s20172440000000_e20172732355000_v2_0_0.nc,f5da29fe3a7dc3092a311a191ee015d6cb97773c6425e64214db2d0dab5fafb2,special_2_0_0,0,True,True,True,2017-09-10T19:40:00+00:00,se_sgps-l2-avg5m_g16_s20172440000000_e20172732355000_v2_0_0.nc,f5da29fe3a7dc3092a311a191ee015d6cb97773c6425e64214db2d0dab5fafb2,special_2_0_0,0,True,True,True,0.003598596573665926,0.0042498317647123324,sep_20170910_1645:pre_peak|special_201709:unknown_peak,1803.5840616160315,0.0011089031238211196,0,0,0,787,0,16,E
all_separate_directions_not_independent,300,main_loglog,strict,all,0.001,all_retained,above_level,log,404,5.648322877194137e-05,0.00020781030457842135,0.00040241340502660124,0.0005544515619105618,GOES-16 SGPS,0.0005544515619105618,2017-09-10T19:35:00+00:00,se_sgps-l2-avg5m_g16_s20172440000000_e20172732355000_v2_0_0.nc,f5da29fe3a7dc3092a311a191ee015d6cb97773c6425e64214db2d0dab5fafb2,special_2_0_0,0,True,True,True,2017-09-10T19:40:00+00:00,se_sgps-l2-avg5m_g16_s20172440000000_e20172732355000_v2_0_0.nc,f5da29fe3a7dc3092a311a191ee015d6cb97773c6425e64214db2d0dab5fafb2,special_2_0_0,0,True,True,True,0.003598596573665926,0.0042498317647123324,sep_20170910_1645:pre_peak|special_201709:unknown_peak,1803.584061616025,0.0011089031238211236,0,0,0,787,0,16,E
all_separate_directions_not_independent,300,main_loglog,strict,all,0.001,all_retained,whole,H,404,5.6483228771941896e-05,0.0002078103045784217,0.00040241340502660103,0.0005544515619105598,GOES-16 SGPS,0.0005544515619105598,2017-09-10T19:35:00+00:00,se_sgps-l2-avg5m_g16_s20172440000000_e20172732355000_v2_0_0.nc,f5da29fe3a7dc3092a311a191ee015d6cb97773c6425e64214db2d0dab5fafb2,special_2_0_0,0,True,True,True,2017-09-10T19:40:00+00:00,se_sgps-l2-avg5m_g16_s20172440000000_e20172732355000_v2_0_0.nc,f5da29fe3a7dc3092a311a191ee015d6cb97773c6425e64214db2d0dab5fafb2,special_2_0_0,0,True,True,True,0.003598596573665926,0.0042498317647123324,sep_20170910_1645:pre_peak|special_201709:unknown_peak,1803.5840616160315,0.0011089031238211196,0,0,0,787,0,16,E
all_separate_directions_not_independent,300,main_loglog,strict,all,0.001,all_retained,whole,log,404,5.648322877194137e-05,0.00020781030457842135,0.00040241340502660124,0.0005544515619105618,GOES-16 SGPS,0.0005544515619105618,2017-09-10T19:35:00+00:00,se_sgps-l2-avg5m_g16_s20172440000000_e20172732355000_v2_0_0.nc,f5da29fe3a7dc3092a311a191ee015d6cb97773c6425e64214db2d0dab5fafb2,special_2_0_0,0,True,True,True,2017-09-10T19:40:00+00:00,se_sgps-l2-avg5m_g16_s20172440000000_e20172732355000_v2_0_0.nc,f5da29fe3a7dc3092a311a191ee015d6cb97773c6425e64214db2d0dab5fafb2,special_2_0_0,0,True,True,True,0.003598596573665926,0.0042498317647123324,sep_20170910_1645:pre_peak|special_201709:unknown_peak,1803.584061616025,0.0011089031238211236,0,0,0,787,0,16,E
all_separate_directions_not_independent,300,main_loglog,strict,all,0.001,censored_first,above_level,H,404,5.6483228771941896e-05,0.0002078103045784217,0.00040241340502660103,0.0005544515619105598,GOES-16 SGPS,0.0005544515619105598,2017-09-10T19:35:00+00:00,se_sgps-l2-avg5m_g16_s20172440000000_e20172732355000_v2_0_0.nc,f5da29fe3a7dc3092a311a191ee015d6cb97773c6425e64214db2d0dab5fafb2,special_2_0_0,0,True,True,True,2017-09-10T19:40:00+00:00,se_sgps-l2-avg5m_g16_s20172440000000_e20172732355000_v2_0_0.nc,f5da29fe3a7dc3092a311a191ee015d6cb97773c6425e64214db2d0dab5fafb2,special_2_0_0,0,True,True,True,0.003598596573665926,0.0042498317647123324,sep_20170910_1645:pre_peak|special_201709:unknown_peak,1803.5840616160315,0.0011089031238211196,0,0,0,787,0,16,E
all_separate_directions_not_independent,300,main_loglog,strict,all,0.001,censored_first,above_level,log,404,5.648322877194137e-05,0.00020781030457842135,0.00040241340502660124,0.0005544515619105618,GOES-16 SGPS,0.0005544515619105618,2017-09-10T19:35:00+00:00,se_sgps-l2-avg5m_g16_s20172440000000_e20172732355000_v2_0_0.nc,f5da29fe3a7dc3092a311a191ee015d6cb97773c6425e64214db2d0dab5fafb2,special_2_0_0,0,True,True,True,2017-09-10T19:40:00+00:00,se_sgps-l2-avg5m_g16_s20172440000000_e20172732355000_v2_0_0.nc,f5da29fe3a7dc3092a311a191ee015d6cb97773c6425e64214db2d0dab5fafb2,special_2_0_0,0,True,True,True,0.003598596573665926,0.0042498317647123324,sep_20170910_1645:pre_peak|special_201709:unknown_peak,1803.584061616025,0.0011089031238211236,0,0,0,787,0,16,E
all_separate_directions_not_independent,300,main_loglog,strict,all,0.001,censored_first,whole,H,404,5.6483228771941896e-05,0.0002078103045784217,0.00040241340502660103,0.0005544515619105598,GOES-16 SGPS,0.0005544515619105598,2017-09-10T19:35:00+00:00,se_sgps-l2-avg5m_g16_s20172440000000_e20172732355000_v2_0_0.nc,f5da29fe3a7dc3092a311a191ee015d6cb97773c6425e64214db2d0dab5fafb2,special_2_0_0,0,True,True,True,2017-09-10T19:40:00+00:00,se_sgps-l2-avg5m_g16_s20172440000000_e20172732355000_v2_0_0.nc,f5da29fe3a7dc3092a311a191ee015d6cb97773c6425e64214db2d0dab5fafb2,special_2_0_0,0,True,True,True,0.003598596573665926,0.0042498317647123324,sep_20170910_1645:pre_peak|special_201709:unknown_peak,1803.5840616160315,0.0011089031238211196,0,0,0,787,0,16,E
all_separate_directions_not_independent,300,main_loglog,strict,all,0.001,censored_first,whole,log,404,5.648322877194137e-05,0.00020781030457842135,0.00040241340502660124,0.0005544515619105618,GOES-16 SGPS,0.0005544515619105618,2017-09-10T19:35:00+00:00,se_sgps-l2-avg5m_g16_s20172440000000_e20172732355000_v2_0_0.nc,f5da29fe3a7dc3092a311a191ee015d6cb97773c6425e64214db2d0dab5fafb2,special_2_0_0,0,True,True,True,2017-09-10T19:40:00+00:00,se_sgps-l2-avg5m_g16_s20172440000000_e20172732355000_v2_0_0.nc,f5da29fe3a7dc3092a311a191ee015d6cb97773c6425e64214db2d0dab5fafb2,special_2_0_0,0,True,True,True,0.003598596573665926,0.0042498317647123324,sep_20170910_1645:pre_peak|special_201709:unknown_peak,1803.584061616025,0.0011089031238211236,0,0,0,787,0,16,E
all_separate_directions_not_independent,300,main_loglog,strict,all,0.01,all_retained,above_level,H,352,5.2139026199778576e-05,0.00017483023727634026,0.0003703424850549575,0.0005157754909173725,GOES-16 SGPS,0.0005157754909173725,2017-09-10T21:15:00+00:00,se_sgps-l2-avg5m_g16_s20172440000000_e20172732355000_v2_0_0.nc,f5da29fe3a7dc3092a311a191ee015d6cb97773c6425e64214db2d0dab5fafb2,special_2_0_0,0,True,True,True,2017-09-10T21:20:00+00:00,se_sgps-l2-avg5m_g16_s20172440000000_e20172732355000_v2_0_0.nc,f5da29fe3a7dc3092a311a191ee015d6cb97773c6425e64214db2d0dab5fafb2,special_2_0_0,0,True,True,True,0.011103626064358914,0.012961771542964294,sep_20170910_1645:pre_peak|special_201709:unknown_peak,1938.8280707587955,0.001031550981834745,0,0,0,703,0,16,E
all_separate_directions_not_independent,300,main_loglog,strict,all,0.01,all_retained,above_level,log,352,5.213902619977792e-05,0.0001748302372763396,0.00037034248505495807,0.000515775490917372,GOES-16 SGPS,0.000515775490917372,2017-09-10T21:15:00+00:00,se_sgps-l2-avg5m_g16_s20172440000000_e20172732355000_v2_0_0.nc,f5da29fe3a7dc3092a311a191ee015d6cb97773c6425e64214db2d0dab5fafb2,special_2_0_0,0,True,True,True,2017-09-10T21:20:00+00:00,se_sgps-l2-avg5m_g16_s20172440000000_e20172732355000_v2_0_0.nc,f5da29fe3a7dc3092a311a191ee015d6cb97773c6425e64214db2d0dab5fafb2,special_2_0_0,0,True,True,True,0.011103626064358914,0.012961771542964294,sep_20170910_1645:pre_peak|special_201709:unknown_peak,1938.8280707587976,0.001031550981834744,0,0,0,703,0,16,E
all_separate_directions_not_independent,300,main_loglog,strict,all,0.01,all_retained,approach,H,39,0.00011141618922493102,0.00023078033955484958,0.00037572922779793096,0.0004041776653007778,GOES-16 SGPS,0.0004041776653007778,2017-09-11T23:10:00+00:00,se_sgps-l2-avg5m_g16_s20172440000000_e20172732355000_v2_0_0.nc,f5da29fe3a7dc3092a311a191ee015d6cb97773c6425e64214db2d0dab5fafb2,special_2_0_0,0,True,True,True,2017-09-11T23:15:00+00:00,se_sgps-l2-avg5m_g16_s20172440000000_e20172732355000_v2_0_0.nc,f5da29fe3a7dc3092a311a191ee015d6cb97773c6425e64214db2d0dab5fafb2,special_2_0_0,0,True,True,True,0.009829582554497769,0.011098352213163496,sep_20170910_1645:post_peak|special_201709:unknown_peak,2474.1594745365946,0.0008083553306015556,0,0,0,52,0,16,E
all_separate_directions_not_independent,300,main_loglog,strict,all,0.01,all_retained,approach,log,0,,,,,GOES-16 SGPS,,,,,,,,,,,,,,,,,,,,,,,0,0,0,52,0,16,E
all_separate_directions_not_independent,300,main_loglog,strict,all,0.01,all_retained,whole,H,404,5.488324745244818e-05,0.00018385123345390937,0.0003772754961288092,0.0005157754909173725,GOES-16 SGPS,0.0005157754909173725,2017-09-10T21:15:00+00:00,se_sgps-l2-avg5m_g16_s20172440000000_e20172732355000_v2_0_0.nc,f5da29fe3a7dc3092a311a191ee015d6cb97773c6425e64214db2d0dab5fafb2,special_2_0_0,0,True,True,True,2017-09-10T21:20:00+00:00,se_sgps-l2-avg5m_g16_s20172440000000_e20172732355000_v2_0_0.nc,f5da29fe3a7dc3092a311a191ee015d6cb97773c6425e64214db2d0dab5fafb2,special_2_0_0,0,True,True,True,0.011103626064358914,0.012961771542964294,sep_20170910_1645:pre_peak|special_201709:unknown_peak,1938.8280707587955,0.001031550981834745,0,0,0,787,0,16,E
all_separate_directions_not_independent,300,main_loglog,strict,all,0.01,all_retained,whole,log,352,5.213902619977792e-05,0.0001748302372763396,0.00037034248505495807,0.000515775490917372,GOES-16 SGPS,0.000515775490917372,2017-09-10T21:15:00+00:00,se_sgps-l2-avg5m_g16_s20172440000000_e20172732355000_v2_0_0.nc,f5da29fe3a7dc3092a311a191ee015d6cb97773c6425e64214db2d0dab5fafb2,special_2_0_0,0,True,True,True,2017-09-10T21:20:00+00:00,se_sgps-l2-avg5m_g16_s20172440000000_e20172732355000_v2_0_0.nc,f5da29fe3a7dc3092a311a191ee015d6cb97773c6425e64214db2d0dab5fafb2,special_2_0_0,0,True,True,True,0.011103626064358914,0.012961771542964294,sep_20170910_1645:pre_peak|special_201709:unknown_peak,1938.8280707587976,0.001031550981834744,0,0,0,787,0,16,E
all_separate_directions_not_independent,300,main_loglog,strict,all,0.01,censored_first,above_level,H,328,4.941900217208047e-05,0.00017434659764289803,0.00037380899059188374,0.0005157754909173725,GOES-16 SGPS,0.0005157754909173725,2017-09-10T21:15:00+00:00,se_sgps-l2-avg5m_g16_s20172440000000_e20172732355000_v2_0_0.nc,f5da29fe3a7dc3092a311a191ee015d6cb97773c6425e64214db2d0dab5fafb2,special_2_0_0,0,True,True,True,2017-09-10T21:20:00+00:00,se_sgps-l2-avg5m_g16_s20172440000000_e20172732355000_v2_0_0.nc,f5da29fe3a7dc3092a311a191ee015d6cb97773c6425e64214db2d0dab5fafb2,special_2_0_0,0,True,True,True,0.011103626064358914,0.012961771542964294,sep_20170910_1645:pre_peak|special_201709:unknown_peak,1938.8280707587955,0.001031550981834745,0,0,0,660,0,16,E
all_separate_directions_not_independent,300,main_loglog,strict,all,0.01,censored_first,above_level,log,328,4.9419002172080735e-05,0.00017434659764289776,0.0003738089905918842,0.000515775490917372,GOES-16 SGPS,0.000515775490917372,2017-09-10T21:15:00+00:00,se_sgps-l2-avg5m_g16_s20172440000000_e20172732355000_v2_0_0.nc,f5da29fe3a7dc3092a311a191ee015d6cb97773c6425e64214db2d0dab5fafb2,special_2_0_0,0,True,True,True,2017-09-10T21:20:00+00:00,se_sgps-l2-avg5m_g16_s20172440000000_e20172732355000_v2_0_0.nc,f5da29fe3a7dc3092a311a191ee015d6cb97773c6425e64214db2d0dab5fafb2,special_2_0_0,0,True,True,True,0.011103626064358914,0.012961771542964294,sep_20170910_1645:pre_peak|special_201709:unknown_peak,1938.8280707587976,0.001031550981834744,0,0,0,660,0,16,E
all_separate_directions_not_independent,300,main_loglog,strict,all,0.01,censored_first,approach,H,25,0.00010783315801037141,0.00021016305080317666,0.0002165361313407006,0.00021707839701546884,GOES-16 SGPS,0.00021707839701546884,2017-09-10T19:35:00+00:00,se_sgps-l2-avg5m_g16_s20172440000000_e20172732355000_v2_0_0.nc,f5da29fe3a7dc3092a311a191ee015d6cb97773c6425e64214db2d0dab5fafb2,special_2_0_0,0,True,True,True,2017-09-10T19:40:00+00:00,se_sgps-l2-avg5m_g16_s20172440000000_e20172732355000_v2_0_0.nc,f5da29fe3a7dc3092a311a191ee015d6cb97773c6425e64214db2d0dab5fafb2,special_2_0_0,0,True,True,True,0.003598596573665926,0.0042498317647123324,sep_20170910_1645:pre_peak|special_201709:unknown_peak,4606.63066315503,0.0004341567940309377,0,0,0,27,0,16,E
all_separate_directions_not_independent,300,main_loglog,strict,all,0.01,censored_first,approach,log,0,,,,,GOES-16 SGPS,,,,,,,,,,,,,,,,,,,,,,,0,0,0,27,0,16,E
all_separate_directions_not_independent,300,main_loglog,strict,all,0.01,censored_first,whole,H,353,5.289751651521494e-05,0.0001792435584591875,0.00037019804732425234,0.0005157754909173725,GOES-16 SGPS,0.0005157754909173725,2017-09-10T21:15:00+00:00,se_sgps-l2-avg5m_g16_s20172440000000_e20172732355000_v2_0_0.nc,f5da29fe3a7dc3092a311a191ee015d6cb97773c6425e64214db2d0dab5fafb2,special_2_0_0,0,True,True,True,2017-09-10T21:20:00+00:00,se_sgps-l2-avg5m_g16_s20172440000000_e20172732355000_v2_0_0.nc,f5da29fe3a7dc3092a311a191ee015d6cb97773c6425e64214db2d0dab5fafb2,special_2_0_0,0,True,True,True,0.011103626064358914,0.012961771542964294,sep_20170910_1645:pre_peak|special_201709:unknown_peak,1938.8280707587955,0.001031550981834745,0,0,0,687,0,16,E
all_separate_directions_not_independent,300,main_loglog,strict,all,0.01,censored_first,whole,log,328,4.9419002172080735e-05,0.00017434659764289776,0.0003738089905918842,0.000515775490917372,GOES-16 SGPS,0.000515775490917372,2017-09-10T21:15:00+00:00,se_sgps-l2-avg5m_g16_s20172440000000_e20172732355000_v2_0_0.nc,f5da29fe3a7dc3092a311a191ee015d6cb97773c6425e64214db2d0dab5fafb2,special_2_0_0,0,True,True,True,2017-09-10T21:20:00+00:00,se_sgps-l2-avg5m_g16_s20172440000000_e20172732355000_v2_0_0.nc,f5da29fe3a7dc3092a311a191ee015d6cb97773c6425e64214db2d0dab5fafb2,special_2_0_0,0,True,True,True,0.011103626064358914,0.012961771542964294,sep_20170910_1645:pre_peak|special_201709:unknown_peak,1938.8280707587976,0.001031550981834744,0,0,0,687,0,16,E
all_separate_directions_not_independent,300,main_loglog,strict,all,0.01,censored_repeat,above_level,H,24,7.158928572205422e-05,0.00020437188277864645,0.0002833433756050745,0.0002946279064093297,GOES-16 SGPS,0.0002946279064093297,2017-09-11T20:55:00+00:00,se_sgps-l2-avg5m_g16_s20172440000000_e20172732355000_v2_0_0.nc,f5da29fe3a7dc3092a311a191ee015d6cb97773c6425e64214db2d0dab5fafb2,special_2_0_0,0,True,True,True,2017-09-11T21:00:00+00:00,se_sgps-l2-avg5m_g16_s20172440000000_e20172732355000_v2_0_0.nc,f5da29fe3a7dc3092a311a191ee015d6cb97773c6425e64214db2d0dab5fafb2,special_2_0_0,0,True,True,True,0.011029722227493703,0.012049004248066549,sep_20170910_1645:post_peak|special_201709:unknown_peak,3394.111617555634,0.0005892558128186594,0,0,0,43,0,16,E
all_separate_directions_not_independent,300,main_loglog,strict,all,0.01,censored_repeat,above_level,log,24,7.158928572205406e-05,0.0002043718827786469,0.0002833433756050742,0.0002946279064093294,GOES-16 SGPS,0.0002946279064093294,2017-09-11T20:55:00+00:00,se_sgps-l2-avg5m_g16_s20172440000000_e20172732355000_v2_0_0.nc,f5da29fe3a7dc3092a311a191ee015d6cb97773c6425e64214db2d0dab5fafb2,special_2_0_0,0,True,True,True,2017-09-11T21:00:00+00:00,se_sgps-l2-avg5m_g16_s20172440000000_e20172732355000_v2_0_0.nc,f5da29fe3a7dc3092a311a191ee015d6cb97773c6425e64214db2d0dab5fafb2,special_2_0_0,0,True,True,True,0.011029722227493703,0.012049004248066549,sep_20170910_1645:post_peak|special_201709:unknown_peak,3394.111617555637,0.0005892558128186589,0,0,0,43,0,16,E
all_separate_directions_not_independent,300,main_loglog,strict,all,0.01,censored_repeat,approach,H,14,0.0001428696739051505,0.0003017071284011848,0.0003944453051024355,0.0004041776653007778,GOES-16 SGPS,0.0004041776653007778,2017-09-11T23:10:00+00:00,se_sgps-l2-avg5m_g16_s20172440000000_e20172732355000_v2_0_0.nc,f5da29fe3a7dc3092a311a191ee015d6cb97773c6425e64214db2d0dab5fafb2,special_2_0_0,0,True,True,True,2017-09-11T23:15:00+00:00,se_sgps-l2-avg5m_g16_s20172440000000_e20172732355000_v2_0_0.nc,f5da29fe3a7dc3092a311a191ee015d6cb97773c6425e64214db2d0dab5fafb2,special_2_0_0,0,True,True,True,0.009829582554497769,0.011098352213163496,sep_20170910_1645:post_peak|special_201709:unknown_peak,2474.1594745365946,0.0008083553306015556,0,0,0,25,0,16,E
all_separate_directions_not_independent,300,main_loglog,strict,all,0.01,censored_repeat,approach,log,0,,,,,GOES-16 SGPS,,,,,,,,,,,,,,,,,,,,,,,0,0,0,25,0,16,E
all_separate_directions_not_independent,300,main_loglog,strict,all,0.01,censored_repeat,whole,H,38,9.133177255942648e-05,0.0002397742367007799,0.00037647787089011155,0.0004041776653007778,GOES-16 SGPS,0.0004041776653007778,2017-09-11T23:10:00+00:00,se_sgps-l2-avg5m_g16_s20172440000000_e20172732355000_v2_0_0.nc,f5da29fe3a7dc3092a311a191ee015d6cb97773c6425e64214db2d0dab5fafb2,special_2_0_0,0,True,True,True,2017-09-11T23:15:00+00:00,se_sgps-l2-avg5m_g16_s20172440000000_e20172732355000_v2_0_0.nc,f5da29fe3a7dc3092a311a191ee015d6cb97773c6425e64214db2d0dab5fafb2,special_2_0_0,0,True,True,True,0.009829582554497769,0.011098352213163496,sep_20170910_1645:post_peak|special_201709:unknown_peak,2474.1594745365946,0.0008083553306015556,0,0,0,68,0,16,E
all_separate_directions_not_independent,300,main_loglog,strict,all,0.01,censored_repeat,whole,log,24,7.158928572205406e-05,0.0002043718827786469,0.0002833433756050742,0.0002946279064093294,GOES-16 SGPS,0.0002946279064093294,2017-09-11T20:55:00+00:00,se_sgps-l2-avg5m_g16_s20172440000000_e20172732355000_v2_0_0.nc,f5da29fe3a7dc3092a311a191ee015d6cb97773c6425e64214db2d0dab5fafb2,special_2_0_0,0,True,True,True,2017-09-11T21:00:00+00:00,se_sgps-l2-avg5m_g16_s20172440000000_e20172732355000_v2_0_0.nc,f5da29fe3a7dc3092a311a191ee015d6cb97773c6425e64214db2d0dab5fafb2,special_2_0_0,0,True,True,True,0.011029722227493703,0.012049004248066549,sep_20170910_1645:post_peak|special_201709:unknown_peak,3394.111617555637,0.0005892558128186589,0,0,0,68,0,16,E
all_separate_directions_not_independent,300,main_loglog,strict,all,0.01,unassigned_no_crossing,whole,H,13,5.352063602602134e-05,0.00017956750223927783,0.00024197451746060572,0.0002498695941783998,GOES-16 SGPS,0.0002498695941783998,2017-09-12T00:20:00+00:00,se_sgps-l2-avg5m_g16_s20172440000000_e20172732355000_v2_0_0.nc,f5da29fe3a7dc3092a311a191ee015d6cb97773c6425e64214db2d0dab5fafb2,special_2_0_0,0,True,True,True,2017-09-12T00:25:00+00:00,se_sgps-l2-avg5m_g16_s20172440000000_e20172732355000_v2_0_0.nc,f5da29fe3a7dc3092a311a191ee015d6cb97773c6425e64214db2d0dab5fafb2,special_2_0_0,0,True,True,True,0.00918000014752383,0.00992960893005903,sep_20170910_1645:post_peak|special_201709:unknown_peak,4002.087582077027,0.0004997391883567996,0,0,0,32,0,16,E
all_separate_directions_not_independent,300,main_loglog,strict,all,0.01,unassigned_no_crossing,whole,log,0,,,,,GOES-16 SGPS,,,,,,,,,,,,,,,,,,,,,,,0,0,0,32,0,16,E
all_separate_directions_not_independent,300,main_loglog,strict,all,0.1,all_retained,whole,H,404,1.1523592194756967e-05,4.0534751722265024e-05,7.077637746702258e-05,0.00010107965436336575,GOES-16 SGPS,0.00010107965436336575,2017-09-10T22:10:00+00:00,se_sgps-l2-avg5m_g16_s20172440000000_e20172732355000_v2_0_0.nc,f5da29fe3a7dc3092a311a191ee015d6cb97773c6425e64214db2d0dab5fafb2,special_2_0_0,0,True,True,True,2017-09-10T22:15:00+00:00,se_sgps-l2-avg5m_g16_s20172440000000_e20172732355000_v2_0_0.nc,f5da29fe3a7dc3092a311a191ee015d6cb97773c6425e64214db2d0dab5fafb2,special_2_0_0,0,True,True,True,0.026336657546049174,0.029369047176950148,sep_20170910_1645:pre_peak|special_201709:unknown_peak,9893.187766601915,0.0002021593087267315,0,0,0,787,0,16,W
all_separate_directions_not_independent,300,main_loglog,strict,all,0.1,all_retained,whole,log,0,,,,,GOES-16 SGPS,,,,,,,,,,,,,,,,,,,,,,,0,0,0,787,0,16,E
all_separate_directions_not_independent,300,main_loglog,strict,all,0.1,unassigned_no_crossing,whole,H,404,1.1523592194756967e-05,4.0534751722265024e-05,7.077637746702258e-05,0.00010107965436336575,GOES-16 SGPS,0.00010107965436336575,2017-09-10T22:10:00+00:00,se_sgps-l2-avg5m_g16_s20172440000000_e20172732355000_v2_0_0.nc,f5da29fe3a7dc3092a311a191ee015d6cb97773c6425e64214db2d0dab5fafb2,special_2_0_0,0,True,True,True,2017-09-10T22:15:00+00:00,se_sgps-l2-avg5m_g16_s20172440000000_e20172732355000_v2_0_0.nc,f5da29fe3a7dc3092a311a191ee015d6cb97773c6425e64214db2d0dab5fafb2,special_2_0_0,0,True,True,True,0.026336657546049174,0.029369047176950148,sep_20170910_1645:pre_peak|special_201709:unknown_peak,9893.187766601915,0.0002021593087267315,0,0,0,787,0,16,W
all_separate_directions_not_independent,300,main_loglog,strict,all,0.1,unassigned_no_crossing,whole,log,0,,,,,GOES-16 SGPS,,,,,,,,,,,,,,,,,,,,,,,0,0,0,787,0,16,E
