mapping,topology_scenario,arrival_scenario,initial_state,scrub_period,representation,trials,e_cap_count,f_a,ci_method,confidence_level,ci_low,ci_high,ci_half_width,precision_limit,precision_satisfied,paired_disagreement_rate_vs_l1,l2_input_fingerprint,signed_error_vs_l1,absolute_error_vs_l1,relative_error_vs_l1
W-contiguous-no-interleaving,compact-three-cell-only,synthetic-hpp-constant,clean,0.5,L0,8000,7593,0.949125,wilson_score,0.95,0.9440905439379508,0.9537283392785094,0.004818897670279321,0.011,True,0.0,,0.0,0.0,0.0
W-contiguous-no-interleaving,compact-three-cell-only,synthetic-hpp-constant,clean,0.5,L1,8000,7593,0.949125,wilson_score,0.95,0.9440905439379508,0.9537283392785094,0.004818897670279321,0.011,True,0.0,,0.0,0.0,0.0
W-contiguous-no-interleaving,compact-three-cell-only,synthetic-hpp-constant,clean,0.5,L2-independent_word_marginals,8000,6878,0.85975,wilson_score,0.95,0.8519679758972837,0.8671866987191851,0.007609361410950699,0.011,True,0.089375,6beaa791992c37e0bea6aff5af862b0a5c8cc03863ff06d9da70dde1e7bd5d18,-0.08937499999999998,0.08937499999999998,-0.09416567891478991
W-contiguous-no-interleaving,compact-three-cell-only,synthetic-hpp-constant,clean,0.5,L3-U,8000,3203,0.400375,wilson_score,0.95,0.38968844664830815,0.41115718376540755,0.0107343685585497,0.011,True,,,-0.5487500000000001,0.5487500000000001,-0.5781640985117873
W-contiguous-no-interleaving,compact-three-cell-only,synthetic-hpp-constant,clean,1.0,L0,8000,7593,0.949125,wilson_score,0.95,0.9440905439379508,0.9537283392785094,0.004818897670279321,0.011,True,0.0,,0.0,0.0,0.0
W-contiguous-no-interleaving,compact-three-cell-only,synthetic-hpp-constant,clean,1.0,L1,8000,7593,0.949125,wilson_score,0.95,0.9440905439379508,0.9537283392785094,0.004818897670279321,0.011,True,0.0,,0.0,0.0,0.0
W-contiguous-no-interleaving,compact-three-cell-only,synthetic-hpp-constant,clean,1.0,L2-independent_word_marginals,8000,6878,0.85975,wilson_score,0.95,0.8519679758972837,0.8671866987191851,0.007609361410950699,0.011,True,0.089375,6beaa791992c37e0bea6aff5af862b0a5c8cc03863ff06d9da70dde1e7bd5d18,-0.08937499999999998,0.08937499999999998,-0.09416567891478991
W-contiguous-no-interleaving,compact-three-cell-only,synthetic-hpp-constant,clean,1.0,L3-U,8000,4818,0.60225,wilson_score,0.95,0.5914784040677038,0.6129234457711673,0.010722520851731754,0.011,True,,,-0.34687500000000004,0.34687500000000004,-0.3654681943895694
W-contiguous-no-interleaving,compact-three-cell-only,synthetic-hpp-constant,clean,2.0,L0,8000,7593,0.949125,wilson_score,0.95,0.9440905439379508,0.9537283392785094,0.004818897670279321,0.011,True,0.0,,0.0,0.0,0.0
W-contiguous-no-interleaving,compact-three-cell-only,synthetic-hpp-constant,clean,2.0,L1,8000,7593,0.949125,wilson_score,0.95,0.9440905439379508,0.9537283392785094,0.004818897670279321,0.011,True,0.0,,0.0,0.0,0.0
W-contiguous-no-interleaving,compact-three-cell-only,synthetic-hpp-constant,clean,2.0,L2-independent_word_marginals,8000,6879,0.859875,wilson_score,0.95,0.852095751916189,0.8673088027123076,0.007606525398059283,0.011,True,0.08925,6beaa791992c37e0bea6aff5af862b0a5c8cc03863ff06d9da70dde1e7bd5d18,-0.08925000000000005,0.08925000000000005,-0.09403397866455952
W-contiguous-no-interleaving,compact-three-cell-only,synthetic-hpp-constant,clean,2.0,L3-U,8000,6390,0.79875,wilson_score,0.95,0.7898218505442132,0.8073913782026112,0.008784763829199016,0.011,True,,,-0.15037500000000004,0.15037500000000004,-0.158435401027262
W-contiguous-no-interleaving,compact-three-cell-only,synthetic-hpp-constant,clean,4.0,L0,8000,7593,0.949125,wilson_score,0.95,0.9440905439379508,0.9537283392785094,0.004818897670279321,0.011,True,0.0,,0.0,0.0,0.0
W-contiguous-no-interleaving,compact-three-cell-only,synthetic-hpp-constant,clean,4.0,L1,8000,7593,0.949125,wilson_score,0.95,0.9440905439379508,0.9537283392785094,0.004818897670279321,0.011,True,0.0,,0.0,0.0,0.0
W-contiguous-no-interleaving,compact-three-cell-only,synthetic-hpp-constant,clean,4.0,L2-independent_word_marginals,8000,6883,0.860375,wilson_score,0.95,0.8526068764503597,0.867797198226249,0.007595160887944652,0.011,True,0.08875,6beaa791992c37e0bea6aff5af862b0a5c8cc03863ff06d9da70dde1e7bd5d18,-0.08875,0.08875,-0.09350717766363756
W-contiguous-no-interleaving,compact-three-cell-only,synthetic-hpp-constant,clean,4.0,L3-U,8000,7386,0.92325,wilson_score,0.95,0.9172115894583942,0.9288821312682783,0.005835270904942069,0.011,True,,,-0.02587499999999998,0.02587499999999998,-0.027261951797708395
W-contiguous-no-interleaving,compact-three-cell-only,synthetic-hpp-constant,non-clean-two-singletons,0.5,L0,8000,7589,0.948625,wilson_score,0.95,0.9435684927053603,0.9532508704629883,0.004841188878814018,0.011,True,0.0,,0.0,0.0,0.0
W-contiguous-no-interleaving,compact-three-cell-only,synthetic-hpp-constant,non-clean-two-singletons,0.5,L1,8000,7589,0.948625,wilson_score,0.95,0.9435684927053603,0.9532508704629883,0.004841188878814018,0.011,True,0.0,,0.0,0.0,0.0
W-contiguous-no-interleaving,compact-three-cell-only,synthetic-hpp-constant,non-clean-two-singletons,0.5,L2-independent_word_marginals,8000,6887,0.860875,wilson_score,0.95,0.8531180338286362,0.8682855608960842,0.0075837635337240306,0.011,True,0.0885,6beaa791992c37e0bea6aff5af862b0a5c8cc03863ff06d9da70dde1e7bd5d18,-0.0877500000000001,0.0877500000000001,-0.092502305969166
W-contiguous-no-interleaving,compact-three-cell-only,synthetic-hpp-constant,non-clean-two-singletons,0.5,L3-U,8000,4196,0.5245,wilson_score,0.95,0.5135474907845027,0.5354289915729774,0.010940750394237364,0.011,True,,,-0.4241250000000001,0.4241250000000001,-0.4470944788509686
W-contiguous-no-interleaving,compact-three-cell-only,synthetic-hpp-constant,non-clean-two-singletons,1.0,L0,8000,7588,0.9485,wilson_score,0.95,0.9434379997825784,0.9531314833737421,0.004846741795581866,0.011,True,0.0,,0.0,0.0,0.0
W-contiguous-no-interleaving,compact-three-cell-only,synthetic-hpp-constant,non-clean-two-singletons,1.0,L1,8000,7588,0.9485,wilson_score,0.95,0.9434379997825784,0.9531314833737421,0.004846741795581866,0.011,True,0.0,,0.0,0.0,0.0
W-contiguous-no-interleaving,compact-three-cell-only,synthetic-hpp-constant,non-clean-two-singletons,1.0,L2-independent_word_marginals,8000,6888,0.861,wilson_score,0.95,0.8532458283224473,0.8684076464143011,0.007580909045926898,0.011,True,0.0885,6beaa791992c37e0bea6aff5af862b0a5c8cc03863ff06d9da70dde1e7bd5d18,-0.08750000000000002,0.08750000000000002,-0.09225092250922512
W-contiguous-no-interleaving,compact-three-cell-only,synthetic-hpp-constant,non-clean-two-singletons,1.0,L3-U,8000,5925,0.740625,wilson_score,0.95,0.7309068084257049,0.7501122147281181,0.009602703151206593,0.011,True,,,-0.20787500000000003,0.20787500000000003,-0.21916183447548765
W-contiguous-no-interleaving,compact-three-cell-only,synthetic-hpp-constant,non-clean-two-singletons,2.0,L0,8000,7583,0.947875,wilson_score,0.95,0.9427856531221432,0.9525344299740375,0.004874388425947118,0.011,True,0.0,,0.0,0.0,0.0
W-contiguous-no-interleaving,compact-three-cell-only,synthetic-hpp-constant,non-clean-two-singletons,2.0,L1,8000,7583,0.947875,wilson_score,0.95,0.9427856531221432,0.9525344299740375,0.004874388425947118,0.011,True,0.0,,0.0,0.0,0.0
W-contiguous-no-interleaving,compact-three-cell-only,synthetic-hpp-constant,non-clean-two-singletons,2.0,L2-independent_word_marginals,8000,6898,0.86225,wilson_score,0.95,0.8545238871868328,0.8696283876701951,0.007552250241681158,0.011,True,0.087125,6beaa791992c37e0bea6aff5af862b0a5c8cc03863ff06d9da70dde1e7bd5d18,-0.08562500000000006,0.08562500000000006,-0.09033364103916662
W-contiguous-no-interleaving,compact-three-cell-only,synthetic-hpp-constant,non-clean-two-singletons,2.0,L3-U,8000,7242,0.90525,wilson_score,0.95,0.8986364283981881,0.9114745705964581,0.006419071099134976,0.011,True,,,-0.042625000000000024,0.042625000000000024,-0.044969009626796806
W-contiguous-no-interleaving,compact-three-cell-only,synthetic-hpp-constant,non-clean-two-singletons,4.0,L0,8000,7577,0.947125,wilson_score,0.95,0.9420030931248214,0.9518177098991915,0.004907308387185005,0.011,True,0.0,,0.0,0.0,0.0
W-contiguous-no-interleaving,compact-three-cell-only,synthetic-hpp-constant,non-clean-two-singletons,4.0,L1,8000,7577,0.947125,wilson_score,0.95,0.9420030931248214,0.9518177098991915,0.004907308387185005,0.011,True,0.0,,0.0,0.0,0.0
W-contiguous-no-interleaving,compact-three-cell-only,synthetic-hpp-constant,non-clean-two-singletons,4.0,L2-independent_word_marginals,8000,6920,0.865,wilson_score,0.95,0.8573363550599554,0.8723132800616876,0.0074884625008661,0.011,True,0.084375,6beaa791992c37e0bea6aff5af862b0a5c8cc03863ff06d9da70dde1e7bd5d18,-0.082125,0.082125,-0.08670977959614623
W-contiguous-no-interleaving,compact-three-cell-only,synthetic-hpp-constant,non-clean-two-singletons,4.0,L3-U,8000,7820,0.9775,wilson_score,0.95,0.974013759272808,0.9805278866739993,0.0032570637005956415,0.011,True,,,0.03037500000000004,0.03037500000000004,0.032070740398574674
W-contiguous-no-interleaving,compact-three-cell-only,synthetic-nhpp-low-then-high,clean,0.5,L0,8000,7618,0.95225,wilson_score,0.95,0.9473563514795612,0.9567095320375981,0.0046765902790184555,0.011,True,0.0,,0.0,0.0,0.0
W-contiguous-no-interleaving,compact-three-cell-only,synthetic-nhpp-low-then-high,clean,0.5,L1,8000,7618,0.95225,wilson_score,0.95,0.9473563514795612,0.9567095320375981,0.0046765902790184555,0.011,True,0.0,,0.0,0.0,0.0
W-contiguous-no-interleaving,compact-three-cell-only,synthetic-nhpp-low-then-high,clean,0.5,L2-independent_word_marginals,8000,6922,0.86525,wilson_score,0.95,0.8575920849633217,0.8725573101823773,0.007482612609527761,0.011,True,0.087,6beaa791992c37e0bea6aff5af862b0a5c8cc03863ff06d9da70dde1e7bd5d18,-0.08700000000000008,0.08700000000000008,-0.09136256235232353
W-contiguous-no-interleaving,compact-three-cell-only,synthetic-nhpp-low-then-high,clean,0.5,L3-U,8000,3982,0.49775,wilson_score,0.95,0.48679728860974336,0.5087048711737533,0.010953791282004965,0.011,True,,,-0.4545,0.4545,-0.47729062746127593
W-contiguous-no-interleaving,compact-three-cell-only,synthetic-nhpp-low-then-high,clean,1.0,L0,8000,7618,0.95225,wilson_score,0.95,0.9473563514795612,0.9567095320375981,0.0046765902790184555,0.011,True,0.0,,0.0,0.0,0.0
W-contiguous-no-interleaving,compact-three-cell-only,synthetic-nhpp-low-then-high,clean,1.0,L1,8000,7618,0.95225,wilson_score,0.95,0.9473563514795612,0.9567095320375981,0.0046765902790184555,0.011,True,0.0,,0.0,0.0,0.0
W-contiguous-no-interleaving,compact-three-cell-only,synthetic-nhpp-low-then-high,clean,1.0,L2-independent_word_marginals,8000,6925,0.865625,wilson_score,0.95,0.8579756959255312,0.8729233392562518,0.0074738216653602585,0.011,True,0.086625,6beaa791992c37e0bea6aff5af862b0a5c8cc03863ff06d9da70dde1e7bd5d18,-0.08662500000000006,0.08662500000000006,-0.09096875820425315
W-contiguous-no-interleaving,compact-three-cell-only,synthetic-nhpp-low-then-high,clean,1.0,L3-U,8000,5657,0.707125,wilson_score,0.95,0.697055256423613,0.7169959235067167,0.009970333541551857,0.011,True,,,-0.24512500000000004,0.24512500000000004,-0.25741664478865844
W-contiguous-no-interleaving,compact-three-cell-only,synthetic-nhpp-low-then-high,clean,2.0,L0,8000,7618,0.95225,wilson_score,0.95,0.9473563514795612,0.9567095320375981,0.0046765902790184555,0.011,True,0.0,,0.0,0.0,0.0
W-contiguous-no-interleaving,compact-three-cell-only,synthetic-nhpp-low-then-high,clean,2.0,L1,8000,7618,0.95225,wilson_score,0.95,0.9473563514795612,0.9567095320375981,0.0046765902790184555,0.011,True,0.0,,0.0,0.0,0.0
W-contiguous-no-interleaving,compact-three-cell-only,synthetic-nhpp-low-then-high,clean,2.0,L2-independent_word_marginals,8000,6927,0.865875,wilson_score,0.95,0.8582314473346051,0.8731673478712336,0.007467950268314261,0.011,True,0.086375,6beaa791992c37e0bea6aff5af862b0a5c8cc03863ff06d9da70dde1e7bd5d18,-0.08637500000000009,0.08637500000000009,-0.09070622210553961
W-contiguous-no-interleaving,compact-three-cell-only,synthetic-nhpp-low-then-high,clean,2.0,L3-U,8000,6967,0.870875,wilson_score,0.95,0.8633483172130612,0.8780456784738959,0.007348680630417381,0.011,True,,,-0.08137500000000009,0.08137500000000009,-0.08545550013126814
W-contiguous-no-interleaving,compact-three-cell-only,synthetic-nhpp-low-then-high,clean,4.0,L0,8000,7618,0.95225,wilson_score,0.95,0.9473563514795612,0.9567095320375981,0.0046765902790184555,0.011,True,0.0,,0.0,0.0,0.0
W-contiguous-no-interleaving,compact-three-cell-only,synthetic-nhpp-low-then-high,clean,4.0,L1,8000,7618,0.95225,wilson_score,0.95,0.9473563514795612,0.9567095320375981,0.0046765902790184555,0.011,True,0.0,,0.0,0.0,0.0
W-contiguous-no-interleaving,compact-three-cell-only,synthetic-nhpp-low-then-high,clean,4.0,L2-independent_word_marginals,8000,6927,0.865875,wilson_score,0.95,0.8582314473346051,0.8731673478712336,0.007467950268314261,0.011,True,0.086375,6beaa791992c37e0bea6aff5af862b0a5c8cc03863ff06d9da70dde1e7bd5d18,-0.08637500000000009,0.08637500000000009,-0.09070622210553961
W-contiguous-no-interleaving,compact-three-cell-only,synthetic-nhpp-low-then-high,clean,4.0,L3-U,8000,7402,0.92525,wilson_score,0.95,0.9192808073041738,0.930810993614946,0.005765093155386092,0.011,True,,,-0.027000000000000024,0.027000000000000024,-0.02835389866106592
W-contiguous-no-interleaving,compact-three-cell-only,synthetic-nhpp-low-then-high,non-clean-two-singletons,0.5,L0,8000,7617,0.952125,wilson_score,0.95,0.9472256169266315,0.9565903865784997,0.004682384825934083,0.011,True,0.0,,0.0,0.0,0.0
W-contiguous-no-interleaving,compact-three-cell-only,synthetic-nhpp-low-then-high,non-clean-two-singletons,0.5,L1,8000,7617,0.952125,wilson_score,0.95,0.9472256169266315,0.9565903865784997,0.004682384825934083,0.011,True,0.0,,0.0,0.0,0.0
W-contiguous-no-interleaving,compact-three-cell-only,synthetic-nhpp-low-then-high,non-clean-two-singletons,0.5,L2-independent_word_marginals,8000,6923,0.865375,wilson_score,0.95,0.8577199531339147,0.8726793220238124,0.007479684444948842,0.011,True,0.08675,6beaa791992c37e0bea6aff5af862b0a5c8cc03863ff06d9da70dde1e7bd5d18,-0.08675,0.08675,-0.09111198634633057
W-contiguous-no-interleaving,compact-three-cell-only,synthetic-nhpp-low-then-high,non-clean-two-singletons,0.5,L3-U,8000,4289,0.536125,wilson_score,0.95,0.5251823732776824,0.5470329501983979,0.010925288460357785,0.011,True,,,-0.41600000000000004,0.41600000000000004,-0.4369174215570435
W-contiguous-no-interleaving,compact-three-cell-only,synthetic-nhpp-low-then-high,non-clean-two-singletons,1.0,L0,8000,7617,0.952125,wilson_score,0.95,0.9472256169266315,0.9565903865784997,0.004682384825934083,0.011,True,0.0,,0.0,0.0,0.0
W-contiguous-no-interleaving,compact-three-cell-only,synthetic-nhpp-low-then-high,non-clean-two-singletons,1.0,L1,8000,7617,0.952125,wilson_score,0.95,0.9472256169266315,0.9565903865784997,0.004682384825934083,0.011,True,0.0,,0.0,0.0,0.0
W-contiguous-no-interleaving,compact-three-cell-only,synthetic-nhpp-low-then-high,non-clean-two-singletons,1.0,L2-independent_word_marginals,8000,6928,0.866,wilson_score,0.95,0.8583593262770417,0.8732893489408251,0.007465011331891702,0.011,True,0.086125,6beaa791992c37e0bea6aff5af862b0a5c8cc03863ff06d9da70dde1e7bd5d18,-0.08612500000000001,0.08612500000000001,-0.09045555993173165
W-contiguous-no-interleaving,compact-three-cell-only,synthetic-nhpp-low-then-high,non-clean-two-singletons,1.0,L3-U,8000,5991,0.748875,wilson_score,0.95,0.7392542566748271,0.7582568472728412,0.009501295299007007,0.011,True,,,-0.20325000000000004,0.20325000000000004,-0.21346987002756995
W-contiguous-no-interleaving,compact-three-cell-only,synthetic-nhpp-low-then-high,non-clean-two-singletons,2.0,L0,8000,7613,0.951625,wilson_score,0.95,0.9467027660005446,0.956113717456475,0.004705475727965203,0.011,True,0.0,,0.0,0.0,0.0
W-contiguous-no-interleaving,compact-three-cell-only,synthetic-nhpp-low-then-high,non-clean-two-singletons,2.0,L1,8000,7613,0.951625,wilson_score,0.95,0.9467027660005446,0.956113717456475,0.004705475727965203,0.011,True,0.0,,0.0,0.0,0.0
W-contiguous-no-interleaving,compact-three-cell-only,synthetic-nhpp-low-then-high,non-clean-two-singletons,2.0,L2-independent_word_marginals,8000,6932,0.8665,wilson_score,0.95,0.858870863692389,0.8737773315735897,0.007453233940600379,0.011,True,0.085875,6beaa791992c37e0bea6aff5af862b0a5c8cc03863ff06d9da70dde1e7bd5d18,-0.085125,0.085125,-0.08945225272560095
W-contiguous-no-interleaving,compact-three-cell-only,synthetic-nhpp-low-then-high,non-clean-two-singletons,2.0,L3-U,8000,7238,0.90475,wilson_score,0.95,0.8981215525784716,0.910989926368063,0.00643418689479569,0.011,True,,,-0.046875,0.046875,-0.04925784841718114
W-contiguous-no-interleaving,compact-three-cell-only,synthetic-nhpp-low-then-high,non-clean-two-singletons,4.0,L0,8000,7598,0.94975,wilson_score,0.95,0.9447432890317425,0.9543249942448574,0.0047908526065574275,0.011,True,0.0,,0.0,0.0,0.0
W-contiguous-no-interleaving,compact-three-cell-only,synthetic-nhpp-low-then-high,non-clean-two-singletons,4.0,L1,8000,7598,0.94975,wilson_score,0.95,0.9447432890317425,0.9543249942448574,0.0047908526065574275,0.011,True,0.0,,0.0,0.0,0.0
W-contiguous-no-interleaving,compact-three-cell-only,synthetic-nhpp-low-then-high,non-clean-two-singletons,4.0,L2-independent_word_marginals,8000,6965,0.870625,wilson_score,0.95,0.8630923890541741,0.8778018466087273,0.007354728777276609,0.011,True,0.082875,6beaa791992c37e0bea6aff5af862b0a5c8cc03863ff06d9da70dde1e7bd5d18,-0.079125,0.079125,-0.08331139773624638
W-contiguous-no-interleaving,compact-three-cell-only,synthetic-nhpp-low-then-high,non-clean-two-singletons,4.0,L3-U,8000,7826,0.97825,wilson_score,0.95,0.9748166225706703,0.9812243034483046,0.0032038404388171626,0.011,True,,,0.02849999999999997,0.02849999999999997,0.030007896814951272
W-contiguous-no-interleaving,separated-three-cell-only,synthetic-hpp-constant,clean,0.5,L0,8000,1912,0.239,wilson_score,0.95,0.229781346349453,0.24846918853616648,0.009343921093356744,0.011,True,0.0,,0.0,0.0,0.0
W-contiguous-no-interleaving,separated-three-cell-only,synthetic-hpp-constant,clean,0.5,L1,8000,1912,0.239,wilson_score,0.95,0.229781346349453,0.24846918853616648,0.009343921093356744,0.011,True,0.0,,0.0,0.0,0.0
W-contiguous-no-interleaving,separated-three-cell-only,synthetic-hpp-constant,clean,0.5,L2-independent_word_marginals,8000,2228,0.2785,wilson_score,0.95,0.26878532394503163,0.28842729474142326,0.009820985398195814,0.011,True,0.1375,ac4e314c0b4ce3b68ba671935652598ca285ec0ed85653390da5b1accc8e4e56,0.039500000000000035,0.039500000000000035,0.1652719665271968
W-contiguous-no-interleaving,separated-three-cell-only,synthetic-hpp-constant,clean,0.5,L3-U,8000,3182,0.39775,wilson_score,0.95,0.3870765542288325,0.40852159593229603,0.010722520851731754,0.011,True,,,0.15875,0.15875,0.6642259414225942
W-contiguous-no-interleaving,separated-three-cell-only,synthetic-hpp-constant,clean,1.0,L0,8000,3048,0.381,wilson_score,0.95,0.37041781752198527,0.3916964110273968,0.010639296752705751,0.011,True,0.0,,0.0,0.0,0.0
W-contiguous-no-interleaving,separated-three-cell-only,synthetic-hpp-constant,clean,1.0,L1,8000,3048,0.381,wilson_score,0.95,0.37041781752198527,0.3916964110273968,0.010639296752705751,0.011,True,0.0,,0.0,0.0,0.0
W-contiguous-no-interleaving,separated-three-cell-only,synthetic-hpp-constant,clean,1.0,L2-independent_word_marginals,8000,3485,0.435625,wilson_score,0.95,0.424793119240488,0.4465186745651124,0.010862777662312195,0.011,True,0.169375,ac4e314c0b4ce3b68ba671935652598ca285ec0ed85653390da5b1accc8e4e56,0.05462499999999998,0.05462499999999998,0.14337270341207342
W-contiguous-no-interleaving,separated-three-cell-only,synthetic-hpp-constant,clean,1.0,L3-U,8000,4795,0.599375,wilson_score,0.95,0.5885918246103385,0.6100627849518896,0.010735480170775524,0.011,True,,,0.21837499999999999,0.21837499999999999,0.5731627296587926
W-contiguous-no-interleaving,separated-three-cell-only,synthetic-hpp-constant,clean,2.0,L0,8000,4335,0.541875,wilson_score,0.95,0.5309394646513034,0.5527703393780633,0.010915437363379965,0.011,True,0.0,,0.0,0.0,0.0
W-contiguous-no-interleaving,separated-three-cell-only,synthetic-hpp-constant,clean,2.0,L1,8000,4335,0.541875,wilson_score,0.95,0.5309394646513034,0.5527703393780633,0.010915437363379965,0.011,True,0.0,,0.0,0.0,0.0
W-contiguous-no-interleaving,separated-three-cell-only,synthetic-hpp-constant,clean,2.0,L2-independent_word_marginals,8000,4741,0.592625,wilson_score,0.95,0.5818161469532183,0.6033449419595,0.010764397503140843,0.011,True,0.17075,ac4e314c0b4ce3b68ba671935652598ca285ec0ed85653390da5b1accc8e4e56,0.05074999999999996,0.05074999999999996,0.09365628604382922
W-contiguous-no-interleaving,separated-three-cell-only,synthetic-hpp-constant,clean,2.0,L3-U,8000,6378,0.79725,wilson_score,0.95,0.7882981943553412,0.8059164742471477,0.008809139945903266,0.011,True,,,0.255375,0.255375,0.47128027681660906
W-contiguous-no-interleaving,separated-three-cell-only,synthetic-hpp-constant,clean,4.0,L0,8000,5487,0.685875,wilson_score,0.95,0.6756165301008917,0.6959550477846849,0.010169258841896567,0.011,True,0.0,,0.0,0.0,0.0
W-contiguous-no-interleaving,separated-three-cell-only,synthetic-hpp-constant,clean,4.0,L1,8000,5487,0.685875,wilson_score,0.95,0.6756165301008917,0.6959550477846849,0.010169258841896567,0.011,True,0.0,,0.0,0.0,0.0
W-contiguous-no-interleaving,separated-three-cell-only,synthetic-hpp-constant,clean,4.0,L2-independent_word_marginals,8000,5793,0.724125,wilson_score,0.95,0.7142250565851953,0.733809804980937,0.009792374197870823,0.011,True,0.131,ac4e314c0b4ce3b68ba671935652598ca285ec0ed85653390da5b1accc8e4e56,0.038250000000000006,0.038250000000000006,0.05576817933296884
W-contiguous-no-interleaving,separated-three-cell-only,synthetic-hpp-constant,clean,4.0,L3-U,8000,7364,0.9205,wilson_score,0.95,0.9143682990849413,0.9262280613771161,0.00592988114608739,0.011,True,,,0.23462499999999997,0.23462499999999997,0.34208128303262253
W-contiguous-no-interleaving,separated-three-cell-only,synthetic-hpp-constant,non-clean-two-singletons,0.5,L0,8000,2949,0.368625,wilson_score,0.95,0.3581188403364176,0.3792572670221963,0.01056921334288935,0.011,True,0.0,,0.0,0.0,0.0
W-contiguous-no-interleaving,separated-three-cell-only,synthetic-hpp-constant,non-clean-two-singletons,0.5,L1,8000,2949,0.368625,wilson_score,0.95,0.3581188403364176,0.3792572670221963,0.01056921334288935,0.011,True,0.0,,0.0,0.0,0.0
W-contiguous-no-interleaving,separated-three-cell-only,synthetic-hpp-constant,non-clean-two-singletons,0.5,L2-independent_word_marginals,8000,3077,0.384625,wilson_score,0.95,0.3740219406380197,0.39533880826017315,0.010658433811076728,0.011,True,0.19925,ac4e314c0b4ce3b68ba671935652598ca285ec0ed85653390da5b1accc8e4e56,0.016000000000000014,0.016000000000000014,0.04340454391319095
W-contiguous-no-interleaving,separated-three-cell-only,synthetic-hpp-constant,non-clean-two-singletons,0.5,L3-U,8000,4148,0.5185,wilson_score,0.95,0.5075447156652992,0.5294375261148387,0.01094640522476975,0.011,True,,,0.14987499999999998,0.14987499999999998,0.40657850118684297
W-contiguous-no-interleaving,separated-three-cell-only,synthetic-hpp-constant,non-clean-two-singletons,1.0,L0,8000,4490,0.56125,wilson_score,0.95,0.5503491602311247,0.5720920456625759,0.010871442715725599,0.011,True,0.0,,0.0,0.0,0.0
W-contiguous-no-interleaving,separated-three-cell-only,synthetic-hpp-constant,non-clean-two-singletons,1.0,L1,8000,4490,0.56125,wilson_score,0.95,0.5503491602311247,0.5720920456625759,0.010871442715725599,0.011,True,0.0,,0.0,0.0,0.0
W-contiguous-no-interleaving,separated-three-cell-only,synthetic-hpp-constant,non-clean-two-singletons,1.0,L2-independent_word_marginals,8000,4617,0.577125,wilson_score,0.95,0.566265116210389,0.5879108512108623,0.010822867500236644,0.011,True,0.212875,ac4e314c0b4ce3b68ba671935652598ca285ec0ed85653390da5b1accc8e4e56,0.015874999999999972,0.015874999999999972,0.028285077951002175
W-contiguous-no-interleaving,separated-three-cell-only,synthetic-hpp-constant,non-clean-two-singletons,1.0,L3-U,8000,5852,0.7315,wilson_score,0.95,0.7216791735497737,0.7410986087260082,0.009709717588117228,0.011,True,,,0.17025,0.17025,0.30334075723830733
W-contiguous-no-interleaving,separated-three-cell-only,synthetic-hpp-constant,non-clean-two-singletons,2.0,L0,8000,5947,0.743375,wilson_score,0.95,0.73368879264512,0.7528275907733181,0.009569399064099038,0.011,True,0.0,,0.0,0.0,0.0
W-contiguous-no-interleaving,separated-three-cell-only,synthetic-hpp-constant,non-clean-two-singletons,2.0,L1,8000,5947,0.743375,wilson_score,0.95,0.73368879264512,0.7528275907733181,0.009569399064099038,0.011,True,0.0,,0.0,0.0,0.0
W-contiguous-no-interleaving,separated-three-cell-only,synthetic-hpp-constant,non-clean-two-singletons,2.0,L2-independent_word_marginals,8000,5899,0.737375,wilson_score,0.95,0.7276196423141448,0.7469025005269512,0.009641429106403199,0.011,True,0.181,ac4e314c0b4ce3b68ba671935652598ca285ec0ed85653390da5b1accc8e4e56,-0.006000000000000005,0.006000000000000005,-0.008071296451992609
W-contiguous-no-interleaving,separated-three-cell-only,synthetic-hpp-constant,non-clean-two-singletons,2.0,L3-U,8000,7212,0.9015,wilson_score,0.95,0.8947761599576399,0.9078384386761674,0.006531139359263749,0.011,True,,,0.15812499999999996,0.15812499999999996,0.21271229191188828
W-contiguous-no-interleaving,separated-three-cell-only,synthetic-hpp-constant,non-clean-two-singletons,4.0,L0,8000,6986,0.87325,wilson_score,0.95,0.8657800900531025,0.8803616258623859,0.007290767904641671,0.011,True,0.0,,0.0,0.0,0.0
W-contiguous-no-interleaving,separated-three-cell-only,synthetic-hpp-constant,non-clean-two-singletons,4.0,L1,8000,6986,0.87325,wilson_score,0.95,0.8657800900531025,0.8803616258623859,0.007290767904641671,0.011,True,0.0,,0.0,0.0,0.0
W-contiguous-no-interleaving,separated-three-cell-only,synthetic-hpp-constant,non-clean-two-singletons,4.0,L2-independent_word_marginals,8000,6824,0.853,wilson_score,0.95,0.8450710440486442,0.8605901099183149,0.007759532934835334,0.011,True,0.11525,ac4e314c0b4ce3b68ba671935652598ca285ec0ed85653390da5b1accc8e4e56,-0.02024999999999999,0.02024999999999999,-0.023189235614085302
W-contiguous-no-interleaving,separated-three-cell-only,synthetic-hpp-constant,non-clean-two-singletons,4.0,L3-U,8000,7799,0.974875,wilson_score,0.95,0.9712108406714257,0.9780833250227943,0.0034362421756842787,0.011,True,,,0.10162500000000008,0.10162500000000008,0.11637560835957639
W-contiguous-no-interleaving,separated-three-cell-only,synthetic-nhpp-low-then-high,clean,0.5,L0,8000,2447,0.305875,wilson_score,0.95,0.2958731274021687,0.31606321391840936,0.010095043258120329,0.011,True,0.0,,0.0,0.0,0.0
W-contiguous-no-interleaving,separated-three-cell-only,synthetic-nhpp-low-then-high,clean,0.5,L1,8000,2447,0.305875,wilson_score,0.95,0.2958731274021687,0.31606321391840936,0.010095043258120329,0.011,True,0.0,,0.0,0.0,0.0
W-contiguous-no-interleaving,separated-three-cell-only,synthetic-nhpp-low-then-high,clean,0.5,L2-independent_word_marginals,8000,2866,0.35825,wilson_score,0.95,0.34781332484208205,0.36882274151821126,0.010504708338064606,0.011,True,0.152375,ac4e314c0b4ce3b68ba671935652598ca285ec0ed85653390da5b1accc8e4e56,0.052375000000000005,0.052375000000000005,0.17123007764609727
W-contiguous-no-interleaving,separated-three-cell-only,synthetic-nhpp-low-then-high,clean,0.5,L3-U,8000,4010,0.50125,wilson_score,0.95,0.49029553213711374,0.5122032679831657,0.010953867923025995,0.011,True,,,0.19537499999999997,0.19537499999999997,0.6387413158970167
W-contiguous-no-interleaving,separated-three-cell-only,synthetic-nhpp-low-then-high,clean,1.0,L0,8000,3672,0.459,wilson_score,0.95,0.44810264728912486,0.46993670876570415,0.010917030738289646,0.011,True,0.0,,0.0,0.0,0.0
W-contiguous-no-interleaving,separated-three-cell-only,synthetic-nhpp-low-then-high,clean,1.0,L1,8000,3672,0.459,wilson_score,0.95,0.44810264728912486,0.46993670876570415,0.010917030738289646,0.011,True,0.0,,0.0,0.0,0.0
W-contiguous-no-interleaving,separated-three-cell-only,synthetic-nhpp-low-then-high,clean,1.0,L2-independent_word_marginals,8000,4075,0.509375,wilson_score,0.95,0.49841852304902123,0.5203224778530757,0.010951977402027246,0.011,True,0.165625,ac4e314c0b4ce3b68ba671935652598ca285ec0ed85653390da5b1accc8e4e56,0.050375,0.050375,0.10974945533769064
W-contiguous-no-interleaving,separated-three-cell-only,synthetic-nhpp-low-then-high,clean,1.0,L3-U,8000,5631,0.703875,wilson_score,0.95,0.693774733152348,0.7137795664652546,0.010002416656453295,0.011,True,,,0.244875,0.244875,0.5334967320261438
W-contiguous-no-interleaving,separated-three-cell-only,synthetic-nhpp-low-then-high,clean,2.0,L0,8000,4827,0.603375,wilson_score,0.95,0.592608040137607,0.6140427298095159,0.010717344835954434,0.011,True,0.0,,0.0,0.0,0.0
W-contiguous-no-interleaving,separated-three-cell-only,synthetic-nhpp-low-then-high,clean,2.0,L1,8000,4827,0.603375,wilson_score,0.95,0.592608040137607,0.6140427298095159,0.010717344835954434,0.011,True,0.0,,0.0,0.0,0.0
W-contiguous-no-interleaving,separated-three-cell-only,synthetic-nhpp-low-then-high,clean,2.0,L2-independent_word_marginals,8000,5226,0.65325,wilson_score,0.95,0.6427494899088291,0.66360340483745,0.010426957464310438,0.011,True,0.152375,ac4e314c0b4ce3b68ba671935652598ca285ec0ed85653390da5b1accc8e4e56,0.049875,0.049875,0.08266003729024239
W-contiguous-no-interleaving,separated-three-cell-only,synthetic-nhpp-low-then-high,clean,2.0,L3-U,8000,6946,0.86825,wilson_score,0.95,0.8606615194441523,0.8754849959902178,0.007411738273032764,0.011,True,,,0.26487499999999997,0.26487499999999997,0.4389890200952972
W-contiguous-no-interleaving,separated-three-cell-only,synthetic-nhpp-low-then-high,clean,4.0,L0,8000,5446,0.68075,wilson_score,0.95,0.6704497674253859,0.6908767299670443,0.010213481270829217,0.011,True,0.0,,0.0,0.0,0.0
W-contiguous-no-interleaving,separated-three-cell-only,synthetic-nhpp-low-then-high,clean,4.0,L1,8000,5446,0.68075,wilson_score,0.95,0.6704497674253859,0.6908767299670443,0.010213481270829217,0.011,True,0.0,,0.0,0.0,0.0
W-contiguous-no-interleaving,separated-three-cell-only,synthetic-nhpp-low-then-high,clean,4.0,L2-independent_word_marginals,8000,5780,0.7225,wilson_score,0.95,0.7125830752404616,0.7322033461693072,0.009810135464422776,0.011,True,0.1355,ac4e314c0b4ce3b68ba671935652598ca285ec0ed85653390da5b1accc8e4e56,0.041750000000000065,0.041750000000000065,0.06132941608520025
W-contiguous-no-interleaving,separated-three-cell-only,synthetic-nhpp-low-then-high,clean,4.0,L3-U,8000,7378,0.92225,wilson_score,0.95,0.9161774177355517,0.9279172628948971,0.005869922579672671,0.011,True,,,0.24150000000000005,0.24150000000000005,0.3547557840616967
W-contiguous-no-interleaving,separated-three-cell-only,synthetic-nhpp-low-then-high,non-clean-two-singletons,0.5,L0,8000,2804,0.3505,wilson_score,0.95,0.3401187113447676,0.3610247942697921,0.010453041462512247,0.011,True,0.0,,0.0,0.0,0.0
W-contiguous-no-interleaving,separated-three-cell-only,synthetic-nhpp-low-then-high,non-clean-two-singletons,0.5,L1,8000,2804,0.3505,wilson_score,0.95,0.3401187113447676,0.3610247942697921,0.010453041462512247,0.011,True,0.0,,0.0,0.0,0.0
W-contiguous-no-interleaving,separated-three-cell-only,synthetic-nhpp-low-then-high,non-clean-two-singletons,0.5,L2-independent_word_marginals,8000,3166,0.39575,wilson_score,0.95,0.385086756848208,0.4065133131204733,0.010713278136132653,0.011,True,0.17325,ac4e314c0b4ce3b68ba671935652598ca285ec0ed85653390da5b1accc8e4e56,0.04525000000000001,0.04525000000000001,0.12910128388017122
W-contiguous-no-interleaving,separated-three-cell-only,synthetic-nhpp-low-then-high,non-clean-two-singletons,0.5,L3-U,8000,4308,0.5385,wilson_score,0.95,0.5275601252018901,0.5494029185027215,0.010921396650415693,0.011,True,,,0.188,0.188,0.536376604850214
W-contiguous-no-interleaving,separated-three-cell-only,synthetic-nhpp-low-then-high,non-clean-two-singletons,1.0,L0,8000,4212,0.5265,wilson_score,0.95,0.5155487673177344,0.537425795232193,0.010938513957229334,0.011,True,0.0,,0.0,0.0,0.0
W-contiguous-no-interleaving,separated-three-cell-only,synthetic-nhpp-low-then-high,non-clean-two-singletons,1.0,L1,8000,4212,0.5265,wilson_score,0.95,0.5155487673177344,0.537425795232193,0.010938513957229334,0.011,True,0.0,,0.0,0.0,0.0
W-contiguous-no-interleaving,separated-three-cell-only,synthetic-nhpp-low-then-high,non-clean-two-singletons,1.0,L2-independent_word_marginals,8000,4482,0.56025,wilson_score,0.95,0.5493469598128189,0.5710952059846579,0.010874123085919507,0.011,True,0.18325,ac4e314c0b4ce3b68ba671935652598ca285ec0ed85653390da5b1accc8e4e56,0.03375000000000006,0.03375000000000006,0.06410256410256422
W-contiguous-no-interleaving,separated-three-cell-only,synthetic-nhpp-low-then-high,non-clean-two-singletons,1.0,L3-U,8000,5979,0.747375,wilson_score,0.95,0.7377362033580024,0.7567763404453305,0.00952006854366405,0.011,True,,,0.22087500000000004,0.22087500000000004,0.4195156695156696
W-contiguous-no-interleaving,separated-three-cell-only,synthetic-nhpp-low-then-high,non-clean-two-singletons,2.0,L0,8000,5531,0.691375,wilson_score,0.95,0.6811629484596454,0.7014033499551612,0.01012020074775788,0.011,True,0.0,,0.0,0.0,0.0
W-contiguous-no-interleaving,separated-three-cell-only,synthetic-nhpp-low-then-high,non-clean-two-singletons,2.0,L1,8000,5531,0.691375,wilson_score,0.95,0.6811629484596454,0.7014033499551612,0.01012020074775788,0.011,True,0.0,,0.0,0.0,0.0
W-contiguous-no-interleaving,separated-three-cell-only,synthetic-nhpp-low-then-high,non-clean-two-singletons,2.0,L2-independent_word_marginals,8000,5707,0.713375,wilson_score,0.95,0.7033656844536366,0.7231794960780912,0.009906905812227307,0.011,True,0.1645,ac4e314c0b4ce3b68ba671935652598ca285ec0ed85653390da5b1accc8e4e56,0.02200000000000002,0.02200000000000002,0.031820647260893176
W-contiguous-no-interleaving,separated-three-cell-only,synthetic-nhpp-low-then-high,non-clean-two-singletons,2.0,L3-U,8000,7231,0.903875,wilson_score,0.95,0.8972206496626096,0.910141669199729,0.006460509768559719,0.011,True,,,0.21250000000000002,0.21250000000000002,0.3073585246790816
W-contiguous-no-interleaving,separated-three-cell-only,synthetic-nhpp-low-then-high,non-clean-two-singletons,4.0,L0,8000,6953,0.869125,wilson_score,0.95,0.861557009226916,0.8763386662916499,0.007390828532366944,0.011,True,0.0,,0.0,0.0,0.0
W-contiguous-no-interleaving,separated-three-cell-only,synthetic-nhpp-low-then-high,non-clean-two-singletons,4.0,L1,8000,6953,0.869125,wilson_score,0.95,0.861557009226916,0.8763386662916499,0.007390828532366944,0.011,True,0.0,,0.0,0.0,0.0
W-contiguous-no-interleaving,separated-three-cell-only,synthetic-nhpp-low-then-high,non-clean-two-singletons,4.0,L2-independent_word_marginals,8000,6767,0.845875,wilson_score,0.95,0.8377970362482504,0.8536209570331149,0.007911960392432249,0.011,True,0.117,ac4e314c0b4ce3b68ba671935652598ca285ec0ed85653390da5b1accc8e4e56,-0.023249999999999993,0.023249999999999993,-0.026751042715374648
W-contiguous-no-interleaving,separated-three-cell-only,synthetic-nhpp-low-then-high,non-clean-two-singletons,4.0,L3-U,8000,7837,0.979625,wilson_score,0.95,0.9762911338248312,0.9824984723264512,0.0031036692508099595,0.011,True,,,0.11049999999999993,0.11049999999999993,0.1271393643031784
W-contiguous-no-interleaving,single-cell-only,synthetic-hpp-constant,clean,0.5,L0,8000,483,0.060375,wilson_score,0.95,0.05536372696427001,0.06580827073339464,0.005222271884562313,0.011,True,0.0,,0.0,0.0,0.0
W-contiguous-no-interleaving,single-cell-only,synthetic-hpp-constant,clean,0.5,L1,8000,483,0.060375,wilson_score,0.95,0.05536372696427001,0.06580827073339464,0.005222271884562313,0.011,True,0.0,,0.0,0.0,0.0
W-contiguous-no-interleaving,single-cell-only,synthetic-hpp-constant,clean,0.5,L2-independent_word_marginals,8000,419,0.052375,wilson_score,0.95,0.04770444593257342,0.05747523099530179,0.004885392531364184,0.011,True,0.08975,793e840e6a449f34f2ced8e2bbf629c056dec28fdc622c4b6c00cf2ac6aaf19e,-0.008,0.008,-0.13250517598343686
W-contiguous-no-interleaving,single-cell-only,synthetic-hpp-constant,clean,0.5,L3-U,8000,446,0.05575,wilson_score,0.95,0.05093220883879404,0.06099422841383609,0.005031009787521024,0.011,True,,,-0.004624999999999997,0.004624999999999997,-0.07660455486542439
W-contiguous-no-interleaving,single-cell-only,synthetic-hpp-constant,clean,1.0,L0,8000,896,0.112,wilson_score,0.95,0.10527472559191747,0.11909771707329467,0.006911495740688597,0.011,True,0.0,,0.0,0.0,0.0
W-contiguous-no-interleaving,single-cell-only,synthetic-hpp-constant,clean,1.0,L1,8000,896,0.112,wilson_score,0.95,0.10527472559191747,0.11909771707329467,0.006911495740688597,0.011,True,0.0,,0.0,0.0,0.0
W-contiguous-no-interleaving,single-cell-only,synthetic-hpp-constant,clean,1.0,L2-independent_word_marginals,8000,802,0.10025,wilson_score,0.95,0.0938594265010753,0.10702429503350859,0.006582434266216644,0.011,True,0.15425,793e840e6a449f34f2ced8e2bbf629c056dec28fdc622c4b6c00cf2ac6aaf19e,-0.011749999999999997,0.011749999999999997,-0.10491071428571425
W-contiguous-no-interleaving,single-cell-only,synthetic-hpp-constant,clean,1.0,L3-U,8000,846,0.10575,wilson_score,0.95,0.09919953373874962,0.1126789083250645,0.006739687293157437,0.011,True,,,-0.0062500000000000056,0.0062500000000000056,-0.05580357142857148
W-contiguous-no-interleaving,single-cell-only,synthetic-hpp-constant,clean,2.0,L0,8000,1584,0.198,wilson_score,0.95,0.1894136540868383,0.20687623685361034,0.00873129138338602,0.011,True,0.0,,0.0,0.0,0.0
W-contiguous-no-interleaving,single-cell-only,synthetic-hpp-constant,clean,2.0,L1,8000,1584,0.198,wilson_score,0.95,0.1894136540868383,0.20687623685361034,0.00873129138338602,0.011,True,0.0,,0.0,0.0,0.0
W-contiguous-no-interleaving,single-cell-only,synthetic-hpp-constant,clean,2.0,L2-independent_word_marginals,8000,1426,0.17825,wilson_score,0.95,0.17001838077714132,0.1867904682628896,0.008386043742874133,0.011,True,0.22875,793e840e6a449f34f2ced8e2bbf629c056dec28fdc622c4b6c00cf2ac6aaf19e,-0.019750000000000018,0.019750000000000018,-0.09974747474747483
W-contiguous-no-interleaving,single-cell-only,synthetic-hpp-constant,clean,2.0,L3-U,8000,1582,0.19775,wilson_score,0.95,0.18916792495930962,0.20662220595708308,0.008727140498886732,0.011,True,,,-0.0002500000000000002,0.0002500000000000002,-0.0012626262626262636
W-contiguous-no-interleaving,single-cell-only,synthetic-hpp-constant,clean,4.0,L0,8000,2657,0.332125,wilson_score,0.95,0.321887216808991,0.3425239270374586,0.01031835511423379,0.011,True,0.0,,0.0,0.0,0.0
W-contiguous-no-interleaving,single-cell-only,synthetic-hpp-constant,clean,4.0,L1,8000,2657,0.332125,wilson_score,0.95,0.321887216808991,0.3425239270374586,0.01031835511423379,0.011,True,0.0,,0.0,0.0,0.0
W-contiguous-no-interleaving,single-cell-only,synthetic-hpp-constant,clean,4.0,L2-independent_word_marginals,8000,2231,0.278875,wilson_score,0.95,0.2691560909150022,0.2888061678075365,0.009825038446267143,0.011,True,0.29525,793e840e6a449f34f2ced8e2bbf629c056dec28fdc622c4b6c00cf2ac6aaf19e,-0.05325000000000002,0.05325000000000002,-0.16033120060218298
W-contiguous-no-interleaving,single-cell-only,synthetic-hpp-constant,clean,4.0,L3-U,8000,2644,0.3305,wilson_score,0.95,0.3202757488821943,0.34088695480789194,0.010305602962848825,0.011,True,,,-0.0016249999999999876,0.0016249999999999876,-0.004892736168611178
W-contiguous-no-interleaving,single-cell-only,synthetic-hpp-constant,non-clean-two-singletons,0.5,L0,8000,1094,0.13675,wilson_score,0.95,0.12939516954489866,0.1444535155018496,0.007529172978475468,0.011,True,0.0,,0.0,0.0,0.0
W-contiguous-no-interleaving,single-cell-only,synthetic-hpp-constant,non-clean-two-singletons,0.5,L1,8000,1094,0.13675,wilson_score,0.95,0.12939516954489866,0.1444535155018496,0.007529172978475468,0.011,True,0.0,,0.0,0.0,0.0
W-contiguous-no-interleaving,single-cell-only,synthetic-hpp-constant,non-clean-two-singletons,0.5,L2-independent_word_marginals,8000,965,0.120625,wilson_score,0.95,0.11366958479008188,0.1279445787050595,0.007137496957488804,0.011,True,0.179875,793e840e6a449f34f2ced8e2bbf629c056dec28fdc622c4b6c00cf2ac6aaf19e,-0.016125000000000014,0.016125000000000014,-0.11791590493601473
W-contiguous-no-interleaving,single-cell-only,synthetic-hpp-constant,non-clean-two-singletons,0.5,L3-U,8000,1000,0.125,wilson_score,0.95,0.11793242159110029,0.1324275423250197,0.007247560366959699,0.011,True,,,-0.01175000000000001,0.01175000000000001,-0.0859232175502743
W-contiguous-no-interleaving,single-cell-only,synthetic-hpp-constant,non-clean-two-singletons,1.0,L0,8000,1926,0.24075,wilson_score,0.95,0.2315071644329474,0.25024169062106355,0.009367263094058081,0.011,True,0.0,,0.0,0.0,0.0
W-contiguous-no-interleaving,single-cell-only,synthetic-hpp-constant,non-clean-two-singletons,1.0,L1,8000,1926,0.24075,wilson_score,0.95,0.2315071644329474,0.25024169062106355,0.009367263094058081,0.011,True,0.0,,0.0,0.0,0.0
W-contiguous-no-interleaving,single-cell-only,synthetic-hpp-constant,non-clean-two-singletons,1.0,L2-independent_word_marginals,8000,1726,0.21575,wilson_score,0.95,0.20687380176055492,0.224899050887864,0.009012624563654537,0.011,True,0.274,793e840e6a449f34f2ced8e2bbf629c056dec28fdc622c4b6c00cf2ac6aaf19e,-0.024999999999999994,0.024999999999999994,-0.10384215991692625
W-contiguous-no-interleaving,single-cell-only,synthetic-hpp-constant,non-clean-two-singletons,1.0,L3-U,8000,1863,0.232875,wilson_score,0.95,0.223742695571003,0.24226371872524646,0.009260511577121738,0.011,True,,,-0.007874999999999993,0.007874999999999993,-0.03271028037383175
W-contiguous-no-interleaving,single-cell-only,synthetic-hpp-constant,non-clean-two-singletons,2.0,L0,8000,3242,0.40525,wilson_score,0.95,0.39453995397646163,0.41605099690634456,0.010755521464941464,0.011,True,0.0,,0.0,0.0,0.0
W-contiguous-no-interleaving,single-cell-only,synthetic-hpp-constant,non-clean-two-singletons,2.0,L1,8000,3242,0.40525,wilson_score,0.95,0.39453995397646163,0.41605099690634456,0.010755521464941464,0.011,True,0.0,,0.0,0.0,0.0
W-contiguous-no-interleaving,single-cell-only,synthetic-hpp-constant,non-clean-two-singletons,2.0,L2-independent_word_marginals,8000,2920,0.365,wilson_score,0.95,0.35451751674373916,0.37561207026606397,0.010547276761162405,0.011,True,0.3485,793e840e6a449f34f2ced8e2bbf629c056dec28fdc622c4b6c00cf2ac6aaf19e,-0.04025000000000001,0.04025000000000001,-0.09932140653917337
W-contiguous-no-interleaving,single-cell-only,synthetic-hpp-constant,non-clean-two-singletons,2.0,L3-U,8000,3211,0.401375,wilson_score,0.95,0.39068353768983405,0.4121611328201054,0.010738797565135683,0.011,True,,,-0.0038750000000000173,0.0038750000000000173,-0.009561998766193751
W-contiguous-no-interleaving,single-cell-only,synthetic-hpp-constant,non-clean-two-singletons,4.0,L0,8000,4918,0.61475,wilson_score,0.95,0.6040332554474394,0.6253565955942278,0.010661670073394247,0.011,True,0.0,,0.0,0.0,0.0
W-contiguous-no-interleaving,single-cell-only,synthetic-hpp-constant,non-clean-two-singletons,4.0,L1,8000,4918,0.61475,wilson_score,0.95,0.6040332554474394,0.6253565955942278,0.010661670073394247,0.011,True,0.0,,0.0,0.0,0.0
W-contiguous-no-interleaving,single-cell-only,synthetic-hpp-constant,non-clean-two-singletons,4.0,L2-independent_word_marginals,8000,4302,0.53775,wilson_score,0.95,0.5268092292596788,0.548654534372765,0.010922652556543122,0.011,True,0.353,793e840e6a449f34f2ced8e2bbf629c056dec28fdc622c4b6c00cf2ac6aaf19e,-0.07700000000000007,0.07700000000000007,-0.12525416836112252
W-contiguous-no-interleaving,single-cell-only,synthetic-hpp-constant,non-clean-two-singletons,4.0,L3-U,8000,4844,0.6055,wilson_score,0.95,0.5947419586936564,0.6161567714579419,0.010707406382142737,0.011,True,,,-0.00924999999999998,0.00924999999999998,-0.01504676697844649
W-contiguous-no-interleaving,single-cell-only,synthetic-nhpp-low-then-high,clean,0.5,L0,8000,627,0.078375,wilson_score,0.95,0.0726859246840169,0.084468794745674,0.0058914350308285485,0.011,True,0.0,,0.0,0.0,0.0
W-contiguous-no-interleaving,single-cell-only,synthetic-nhpp-low-then-high,clean,0.5,L1,8000,627,0.078375,wilson_score,0.95,0.0726859246840169,0.084468794745674,0.0058914350308285485,0.011,True,0.0,,0.0,0.0,0.0
W-contiguous-no-interleaving,single-cell-only,synthetic-nhpp-low-then-high,clean,0.5,L2-independent_word_marginals,8000,626,0.07825,wilson_score,0.95,0.0725652783330154,0.08433956108464752,0.005887141375816057,0.011,True,0.121625,793e840e6a449f34f2ced8e2bbf629c056dec28fdc622c4b6c00cf2ac6aaf19e,-0.0001250000000000001,0.0001250000000000001,-0.0015948963317384383
W-contiguous-no-interleaving,single-cell-only,synthetic-nhpp-low-then-high,clean,0.5,L3-U,8000,660,0.0825,wilson_score,0.95,0.07666966599669074,0.08873109382992282,0.00603071391661604,0.011,True,,,0.004125000000000004,0.004125000000000004,0.05263157894736847
W-contiguous-no-interleaving,single-cell-only,synthetic-nhpp-low-then-high,clean,1.0,L0,8000,1179,0.147375,wilson_score,0.95,0.1397765348666295,0.15531195120249536,0.00776770816793293,0.011,True,0.0,,0.0,0.0,0.0
W-contiguous-no-interleaving,single-cell-only,synthetic-nhpp-low-then-high,clean,1.0,L1,8000,1179,0.147375,wilson_score,0.95,0.1397765348666295,0.15531195120249536,0.00776770816793293,0.011,True,0.0,,0.0,0.0,0.0
W-contiguous-no-interleaving,single-cell-only,synthetic-nhpp-low-then-high,clean,1.0,L2-independent_word_marginals,8000,1106,0.13825,wilson_score,0.95,0.13085988390965345,0.14598736128143033,0.007563738685888444,0.011,True,0.196125,793e840e6a449f34f2ced8e2bbf629c056dec28fdc622c4b6c00cf2ac6aaf19e,-0.009124999999999994,0.009124999999999994,-0.0619168787107718
W-contiguous-no-interleaving,single-cell-only,synthetic-nhpp-low-then-high,clean,1.0,L3-U,8000,1198,0.14975,wilson_score,0.95,0.14209901734346547,0.1577371889541906,0.007819085805362558,0.011,True,,,0.0023749999999999882,0.0023749999999999882,0.016115351993214507
W-contiguous-no-interleaving,single-cell-only,synthetic-nhpp-low-then-high,clean,2.0,L0,8000,2069,0.258625,wilson_score,0.95,0.24914717919969528,0.26833451757431387,0.009593669187309292,0.011,True,0.0,,0.0,0.0,0.0
W-contiguous-no-interleaving,single-cell-only,synthetic-nhpp-low-then-high,clean,2.0,L1,8000,2069,0.258625,wilson_score,0.95,0.24914717919969528,0.26833451757431387,0.009593669187309292,0.011,True,0.0,,0.0,0.0,0.0
W-contiguous-no-interleaving,single-cell-only,synthetic-nhpp-low-then-high,clean,2.0,L2-independent_word_marginals,8000,1796,0.2245,wilson_score,0.95,0.21549018169756204,0.2337742717928141,0.00914204504762603,0.011,True,0.254625,793e840e6a449f34f2ced8e2bbf629c056dec28fdc622c4b6c00cf2ac6aaf19e,-0.03412499999999999,0.03412499999999999,-0.13194780086998545
W-contiguous-no-interleaving,single-cell-only,synthetic-nhpp-low-then-high,clean,2.0,L3-U,8000,2067,0.258375,wilson_score,0.95,0.24890031865244713,0.2680816180975062,0.009590649722529529,0.011,True,,,-0.00024999999999997247,0.00024999999999997247,-0.0009666505558239631
W-contiguous-no-interleaving,single-cell-only,synthetic-nhpp-low-then-high,clean,4.0,L0,8000,2631,0.328875,wilson_score,0.95,0.3186644198276798,0.33924984370604283,0.01029271193918152,0.011,True,0.0,,0.0,0.0,0.0
W-contiguous-no-interleaving,single-cell-only,synthetic-nhpp-low-then-high,clean,4.0,L1,8000,2631,0.328875,wilson_score,0.95,0.3186644198276798,0.33924984370604283,0.01029271193918152,0.011,True,0.0,,0.0,0.0,0.0
W-contiguous-no-interleaving,single-cell-only,synthetic-nhpp-low-then-high,clean,4.0,L2-independent_word_marginals,8000,2241,0.280125,wilson_score,0.95,0.2703920423951212,0.29006901644769706,0.009838487026287923,0.011,True,0.28725,793e840e6a449f34f2ced8e2bbf629c056dec28fdc622c4b6c00cf2ac6aaf19e,-0.04874999999999996,0.04874999999999996,-0.14823261117445827
W-contiguous-no-interleaving,single-cell-only,synthetic-nhpp-low-then-high,clean,4.0,L3-U,8000,2603,0.325375,wilson_score,0.95,0.3151943390820071,0.3357232841149327,0.010264472516462786,0.011,True,,,-0.0034999999999999476,0.0034999999999999476,-0.010642341315089161
W-contiguous-no-interleaving,single-cell-only,synthetic-nhpp-low-then-high,non-clean-two-singletons,0.5,L0,8000,815,0.101875,wilson_score,0.95,0.09543656937589401,0.10869559231505335,0.006629511469579671,0.011,True,0.0,,0.0,0.0,0.0
W-contiguous-no-interleaving,single-cell-only,synthetic-nhpp-low-then-high,non-clean-two-singletons,0.5,L1,8000,815,0.101875,wilson_score,0.95,0.09543656937589401,0.10869559231505335,0.006629511469579671,0.011,True,0.0,,0.0,0.0,0.0
W-contiguous-no-interleaving,single-cell-only,synthetic-nhpp-low-then-high,non-clean-two-singletons,0.5,L2-independent_word_marginals,8000,813,0.101625,wilson_score,0.95,0.09519389777674694,0.10843850389014448,0.006622303056698767,0.011,True,0.154,793e840e6a449f34f2ced8e2bbf629c056dec28fdc622c4b6c00cf2ac6aaf19e,-0.0002500000000000002,0.0002500000000000002,-0.002453987730061352
W-contiguous-no-interleaving,single-cell-only,synthetic-nhpp-low-then-high,non-clean-two-singletons,0.5,L3-U,8000,862,0.10775,wilson_score,0.95,0.10114282245332301,0.11473369980293846,0.0067954386748077245,0.011,True,,,0.005875000000000005,0.005875000000000005,0.05766871165644177
W-contiguous-no-interleaving,single-cell-only,synthetic-nhpp-low-then-high,non-clean-two-singletons,1.0,L0,8000,1534,0.19175,wilson_score,0.95,0.18327206774708285,0.2005238225919678,0.008625877422442474,0.011,True,0.0,,0.0,0.0,0.0
W-contiguous-no-interleaving,single-cell-only,synthetic-nhpp-low-then-high,non-clean-two-singletons,1.0,L1,8000,1534,0.19175,wilson_score,0.95,0.18327206774708285,0.2005238225919678,0.008625877422442474,0.011,True,0.0,,0.0,0.0,0.0
W-contiguous-no-interleaving,single-cell-only,synthetic-nhpp-low-then-high,non-clean-two-singletons,1.0,L2-independent_word_marginals,8000,1429,0.178625,wilson_score,0.95,0.17038630554153691,0.1871721835345779,0.008392938996520494,0.011,True,0.245625,793e840e6a449f34f2ced8e2bbf629c056dec28fdc622c4b6c00cf2ac6aaf19e,-0.013124999999999998,0.013124999999999998,-0.06844850065189047
W-contiguous-no-interleaving,single-cell-only,synthetic-nhpp-low-then-high,non-clean-two-singletons,1.0,L3-U,8000,1554,0.19425,wilson_score,0.95,0.18572828903380278,0.20306520154580704,0.008668456256002127,0.011,True,,,0.0025000000000000022,0.0025000000000000022,0.01303780964797915
W-contiguous-no-interleaving,single-cell-only,synthetic-nhpp-low-then-high,non-clean-two-singletons,2.0,L0,8000,2666,0.33325,wilson_score,0.95,0.3230029295311575,0.34365713442354373,0.010327102446193115,0.011,True,0.0,,0.0,0.0,0.0
W-contiguous-no-interleaving,single-cell-only,synthetic-nhpp-low-then-high,non-clean-two-singletons,2.0,L1,8000,2666,0.33325,wilson_score,0.95,0.3230029295311575,0.34365713442354373,0.010327102446193115,0.011,True,0.0,,0.0,0.0,0.0
W-contiguous-no-interleaving,single-cell-only,synthetic-nhpp-low-then-high,non-clean-two-singletons,2.0,L2-independent_word_marginals,8000,2342,0.29275,wilson_score,0.95,0.28288038266570487,0.30281855739193736,0.009969087363116247,0.011,True,0.3185,793e840e6a449f34f2ced8e2bbf629c056dec28fdc622c4b6c00cf2ac6aaf19e,-0.04049999999999998,0.04049999999999998,-0.12153038259564886
W-contiguous-no-interleaving,single-cell-only,synthetic-nhpp-low-then-high,non-clean-two-singletons,2.0,L3-U,8000,2649,0.331125,wilson_score,0.95,0.320895527832333,0.341516575917893,0.01031052404277999,0.011,True,,,-0.002124999999999988,0.002124999999999988,-0.006376594148537099
W-contiguous-no-interleaving,single-cell-only,synthetic-nhpp-low-then-high,non-clean-two-singletons,4.0,L0,8000,4925,0.615625,wilson_score,0.95,0.6049123714553726,0.6262266396704903,0.010657134107558863,0.011,True,0.0,,0.0,0.0,0.0
W-contiguous-no-interleaving,single-cell-only,synthetic-nhpp-low-then-high,non-clean-two-singletons,4.0,L1,8000,4925,0.615625,wilson_score,0.95,0.6049123714553726,0.6262266396704903,0.010657134107558863,0.011,True,0.0,,0.0,0.0,0.0
W-contiguous-no-interleaving,single-cell-only,synthetic-nhpp-low-then-high,non-clean-two-singletons,4.0,L2-independent_word_marginals,8000,4360,0.545,wilson_score,0.95,0.5340689321534811,0.5558878721765845,0.010909470011551736,0.011,True,0.339875,793e840e6a449f34f2ced8e2bbf629c056dec28fdc622c4b6c00cf2ac6aaf19e,-0.07062499999999994,0.07062499999999994,-0.11472081218274102
W-contiguous-no-interleaving,single-cell-only,synthetic-nhpp-low-then-high,non-clean-two-singletons,4.0,L3-U,8000,4889,0.611125,wilson_score,0.95,0.600391590288307,0.6217517404045494,0.010680075058121186,0.011,True,,,-0.0044999999999999485,0.0044999999999999485,-0.007309644670050678
W-round-robin-interleaving,compact-three-cell-only,synthetic-hpp-constant,clean,0.5,L0,8000,1807,0.225875,wilson_score,0.95,0.21684471494030857,0.23516841868237512,0.009161851871033272,0.011,True,0.0,,0.0,0.0,0.0
W-round-robin-interleaving,compact-three-cell-only,synthetic-hpp-constant,clean,0.5,L1,8000,1807,0.225875,wilson_score,0.95,0.21684471494030857,0.23516841868237512,0.009161851871033272,0.011,True,0.0,,0.0,0.0,0.0
W-round-robin-interleaving,compact-three-cell-only,synthetic-hpp-constant,clean,0.5,L2-independent_word_marginals,8000,2064,0.258,wilson_score,0.95,0.24853003547930735,0.26770226123456203,0.00958611287762734,0.011,True,0.145875,3a27a791e3445a7883f0da39baa24b1ee094776d97305bc2e0663dd2d0ae152e,0.032125000000000015,0.032125000000000015,0.1422246817930272
W-round-robin-interleaving,compact-three-cell-only,synthetic-hpp-constant,clean,0.5,L3-U,8000,3203,0.400375,wilson_score,0.95,0.38968844664830815,0.41115718376540755,0.0107343685585497,0.011,True,,,0.1745,0.1745,0.7725511898173768
W-round-robin-interleaving,compact-three-cell-only,synthetic-hpp-constant,clean,1.0,L0,8000,2953,0.369125,wilson_score,0.95,0.3586156249908162,0.3797600024159096,0.010572188712546726,0.011,True,0.0,,0.0,0.0,0.0
W-round-robin-interleaving,compact-three-cell-only,synthetic-hpp-constant,clean,1.0,L1,8000,2953,0.369125,wilson_score,0.95,0.3586156249908162,0.3797600024159096,0.010572188712546726,0.011,True,0.0,,0.0,0.0,0.0
W-round-robin-interleaving,compact-three-cell-only,synthetic-hpp-constant,clean,1.0,L2-independent_word_marginals,8000,3230,0.40375,wilson_score,0.95,0.3930470650898487,0.41454532564862195,0.01074913027938662,0.011,True,0.176875,3a27a791e3445a7883f0da39baa24b1ee094776d97305bc2e0663dd2d0ae152e,0.03462500000000002,0.03462500000000002,0.09380291229258386
W-round-robin-interleaving,compact-three-cell-only,synthetic-hpp-constant,clean,1.0,L3-U,8000,4818,0.60225,wilson_score,0.95,0.5914784040677038,0.6129234457711673,0.010722520851731754,0.011,True,,,0.23312499999999997,0.23312499999999997,0.6315611242803928
W-round-robin-interleaving,compact-three-cell-only,synthetic-hpp-constant,clean,2.0,L0,8000,4315,0.539375,wilson_score,0.95,0.5284362018824743,0.5502760019063332,0.01091990001192944,0.011,True,0.0,,0.0,0.0,0.0
W-round-robin-interleaving,compact-three-cell-only,synthetic-hpp-constant,clean,2.0,L1,8000,4315,0.539375,wilson_score,0.95,0.5284362018824743,0.5502760019063332,0.01091990001192944,0.011,True,0.0,,0.0,0.0,0.0
W-round-robin-interleaving,compact-three-cell-only,synthetic-hpp-constant,clean,2.0,L2-independent_word_marginals,8000,4558,0.56975,wilson_score,0.95,0.5588696760353666,0.580563370676235,0.010846847320434172,0.011,True,0.184625,3a27a791e3445a7883f0da39baa24b1ee094776d97305bc2e0663dd2d0ae152e,0.03037499999999993,0.03037499999999993,0.056315179606025355
W-round-robin-interleaving,compact-three-cell-only,synthetic-hpp-constant,clean,2.0,L3-U,8000,6390,0.79875,wilson_score,0.95,0.7898218505442132,0.8073913782026112,0.008784763829199016,0.011,True,,,0.2593749999999999,0.2593749999999999,0.4808806488991887
W-round-robin-interleaving,compact-three-cell-only,synthetic-hpp-constant,clean,4.0,L0,8000,5471,0.683875,wilson_score,0.95,0.6736000624634397,0.6939734352296894,0.01018668638312481,0.011,True,0.0,,0.0,0.0,0.0
W-round-robin-interleaving,compact-three-cell-only,synthetic-hpp-constant,clean,4.0,L1,8000,5471,0.683875,wilson_score,0.95,0.6736000624634397,0.6939734352296894,0.01018668638312481,0.011,True,0.0,,0.0,0.0,0.0
W-round-robin-interleaving,compact-three-cell-only,synthetic-hpp-constant,clean,4.0,L2-independent_word_marginals,8000,5675,0.709375,wilson_score,0.95,0.6993267469134432,0.7192222732333897,0.009947763159973255,0.011,True,0.1475,3a27a791e3445a7883f0da39baa24b1ee094776d97305bc2e0663dd2d0ae152e,0.025499999999999967,0.025499999999999967,0.0372875159934198
W-round-robin-interleaving,compact-three-cell-only,synthetic-hpp-constant,clean,4.0,L3-U,8000,7386,0.92325,wilson_score,0.95,0.9172115894583942,0.9288821312682783,0.005835270904942069,0.011,True,,,0.239375,0.239375,0.35002741729117165
W-round-robin-interleaving,compact-three-cell-only,synthetic-hpp-constant,non-clean-two-singletons,0.5,L0,8000,3068,0.3835,wilson_score,0.95,0.3729033526633738,0.3942084761265674,0.010652561731596788,0.011,True,0.0,,0.0,0.0,0.0
W-round-robin-interleaving,compact-three-cell-only,synthetic-hpp-constant,non-clean-two-singletons,0.5,L1,8000,3068,0.3835,wilson_score,0.95,0.3729033526633738,0.3942084761265674,0.010652561731596788,0.011,True,0.0,,0.0,0.0,0.0
W-round-robin-interleaving,compact-three-cell-only,synthetic-hpp-constant,non-clean-two-singletons,0.5,L2-independent_word_marginals,8000,2998,0.37475,wilson_score,0.95,0.3642052891056898,0.3854149388422942,0.01060482486830222,0.011,True,0.19625,3a27a791e3445a7883f0da39baa24b1ee094776d97305bc2e0663dd2d0ae152e,-0.00874999999999998,0.00874999999999998,-0.022816166883963443
W-round-robin-interleaving,compact-three-cell-only,synthetic-hpp-constant,non-clean-two-singletons,0.5,L3-U,8000,4196,0.5245,wilson_score,0.95,0.5135474907845027,0.5354289915729774,0.010940750394237364,0.011,True,,,0.14099999999999996,0.14099999999999996,0.36766623207301163
W-round-robin-interleaving,compact-three-cell-only,synthetic-hpp-constant,non-clean-two-singletons,1.0,L0,8000,4626,0.57825,wilson_score,0.95,0.5673934508771208,0.5890314366523823,0.010818992887630774,0.011,True,0.0,,0.0,0.0,0.0
W-round-robin-interleaving,compact-three-cell-only,synthetic-hpp-constant,non-clean-two-singletons,1.0,L1,8000,4626,0.57825,wilson_score,0.95,0.5673934508771208,0.5890314366523823,0.010818992887630774,0.011,True,0.0,,0.0,0.0,0.0
W-round-robin-interleaving,compact-three-cell-only,synthetic-hpp-constant,non-clean-two-singletons,1.0,L2-independent_word_marginals,8000,4452,0.5565,wilson_score,0.95,0.5455891066745011,0.5673566587621368,0.01088377604381785,0.011,True,0.20775,3a27a791e3445a7883f0da39baa24b1ee094776d97305bc2e0663dd2d0ae152e,-0.021750000000000047,0.021750000000000047,-0.03761348897535676
W-round-robin-interleaving,compact-three-cell-only,synthetic-hpp-constant,non-clean-two-singletons,1.0,L3-U,8000,5925,0.740625,wilson_score,0.95,0.7309068084257049,0.7501122147281181,0.009602703151206593,0.011,True,,,0.16237499999999994,0.16237499999999994,0.2808041504539558
W-round-robin-interleaving,compact-three-cell-only,synthetic-hpp-constant,non-clean-two-singletons,2.0,L0,8000,6111,0.763875,wilson_score,0.95,0.7544432490363416,0.7730534563546819,0.009305103659170144,0.011,True,0.0,,0.0,0.0,0.0
W-round-robin-interleaving,compact-three-cell-only,synthetic-hpp-constant,non-clean-two-singletons,2.0,L1,8000,6111,0.763875,wilson_score,0.95,0.7544432490363416,0.7730534563546819,0.009305103659170144,0.011,True,0.0,,0.0,0.0,0.0
W-round-robin-interleaving,compact-three-cell-only,synthetic-hpp-constant,non-clean-two-singletons,2.0,L2-independent_word_marginals,8000,5877,0.734625,wilson_score,0.95,0.7248387242604076,0.7441860583160732,0.009673667027832789,0.011,True,0.17175,3a27a791e3445a7883f0da39baa24b1ee094776d97305bc2e0663dd2d0ae152e,-0.029249999999999998,0.029249999999999998,-0.038291605301914576
W-round-robin-interleaving,compact-three-cell-only,synthetic-hpp-constant,non-clean-two-singletons,2.0,L3-U,8000,7242,0.90525,wilson_score,0.95,0.8986364283981881,0.9114745705964581,0.006419071099134976,0.011,True,,,0.14137500000000003,0.14137500000000003,0.18507609229258717
W-round-robin-interleaving,compact-three-cell-only,synthetic-hpp-constant,non-clean-two-singletons,4.0,L0,8000,7148,0.8935,wilson_score,0.95,0.8865504577319702,0.9000718201320478,0.0067606812000388095,0.011,True,0.0,,0.0,0.0,0.0
W-round-robin-interleaving,compact-three-cell-only,synthetic-hpp-constant,non-clean-two-singletons,4.0,L1,8000,7148,0.8935,wilson_score,0.95,0.8865504577319702,0.9000718201320478,0.0067606812000388095,0.011,True,0.0,,0.0,0.0,0.0
W-round-robin-interleaving,compact-three-cell-only,synthetic-hpp-constant,non-clean-two-singletons,4.0,L2-independent_word_marginals,8000,6847,0.855875,wilson_score,0.95,0.8480079206595013,0.863400473584101,0.007696276462299867,0.011,True,0.104125,3a27a791e3445a7883f0da39baa24b1ee094776d97305bc2e0663dd2d0ae152e,-0.03762499999999991,0.03762499999999991,-0.04210968102965854
W-round-robin-interleaving,compact-three-cell-only,synthetic-hpp-constant,non-clean-two-singletons,4.0,L3-U,8000,7820,0.9775,wilson_score,0.95,0.974013759272808,0.9805278866739993,0.0032570637005956415,0.011,True,,,0.08400000000000007,0.08400000000000007,0.09401231113598219
W-round-robin-interleaving,compact-three-cell-only,synthetic-nhpp-low-then-high,clean,0.5,L0,8000,2363,0.295375,wilson_score,0.95,0.28547814315762987,0.3054682771525995,0.009995066997484814,0.011,True,0.0,,0.0,0.0,0.0
W-round-robin-interleaving,compact-three-cell-only,synthetic-nhpp-low-then-high,clean,0.5,L1,8000,2363,0.295375,wilson_score,0.95,0.28547814315762987,0.3054682771525995,0.009995066997484814,0.011,True,0.0,,0.0,0.0,0.0
W-round-robin-interleaving,compact-three-cell-only,synthetic-nhpp-low-then-high,clean,0.5,L2-independent_word_marginals,8000,2630,0.32875,wilson_score,0.95,0.3185404772059041,0.33912390631579054,0.01029171455494321,0.011,True,0.163625,3a27a791e3445a7883f0da39baa24b1ee094776d97305bc2e0663dd2d0ae152e,0.03337499999999999,0.03337499999999999,0.1129919593736775
W-round-robin-interleaving,compact-three-cell-only,synthetic-nhpp-low-then-high,clean,0.5,L3-U,8000,3982,0.49775,wilson_score,0.95,0.48679728860974336,0.5087048711737533,0.010953791282004965,0.011,True,,,0.20237500000000003,0.20237500000000003,0.6851460008463818
W-round-robin-interleaving,compact-three-cell-only,synthetic-nhpp-low-then-high,clean,1.0,L0,8000,3571,0.446375,wilson_score,0.95,0.4355099860544105,0.45729148878559456,0.010890751365592033,0.011,True,0.0,,0.0,0.0,0.0
W-round-robin-interleaving,compact-three-cell-only,synthetic-nhpp-low-then-high,clean,1.0,L1,8000,3571,0.446375,wilson_score,0.95,0.4355099860544105,0.45729148878559456,0.010890751365592033,0.011,True,0.0,,0.0,0.0,0.0
W-round-robin-interleaving,compact-three-cell-only,synthetic-nhpp-low-then-high,clean,1.0,L2-independent_word_marginals,8000,3859,0.482375,wilson_score,0.95,0.4714363613154905,0.493330556988567,0.010947097836538244,0.011,True,0.188,3a27a791e3445a7883f0da39baa24b1ee094776d97305bc2e0663dd2d0ae152e,0.035999999999999976,0.035999999999999976,0.0806496779613553
W-round-robin-interleaving,compact-three-cell-only,synthetic-nhpp-low-then-high,clean,1.0,L3-U,8000,5657,0.707125,wilson_score,0.95,0.697055256423613,0.7169959235067167,0.009970333541551857,0.011,True,,,0.26075,0.26075,0.5841500980117613
W-round-robin-interleaving,compact-three-cell-only,synthetic-nhpp-low-then-high,clean,2.0,L0,8000,4833,0.604125,wilson_score,0.95,0.5933611637230234,0.6147888862962674,0.010713861286621995,0.011,True,0.0,,0.0,0.0,0.0
W-round-robin-interleaving,compact-three-cell-only,synthetic-nhpp-low-then-high,clean,2.0,L1,8000,4833,0.604125,wilson_score,0.95,0.5933611637230234,0.6147888862962674,0.010713861286621995,0.011,True,0.0,,0.0,0.0,0.0
W-round-robin-interleaving,compact-three-cell-only,synthetic-nhpp-low-then-high,clean,2.0,L2-independent_word_marginals,8000,5054,0.63175,wilson_score,0.95,0.6211197925210217,0.6422537401564483,0.010566973817713321,0.011,True,0.167625,3a27a791e3445a7883f0da39baa24b1ee094776d97305bc2e0663dd2d0ae152e,0.02762500000000001,0.02762500000000001,0.04572729153734742
W-round-robin-interleaving,compact-three-cell-only,synthetic-nhpp-low-then-high,clean,2.0,L3-U,8000,6967,0.870875,wilson_score,0.95,0.8633483172130612,0.8780456784738959,0.007348680630417381,0.011,True,,,0.26674999999999993,0.26674999999999993,0.4415476929443409
W-round-robin-interleaving,compact-three-cell-only,synthetic-nhpp-low-then-high,clean,4.0,L0,8000,5454,0.68175,wilson_score,0.95,0.6714578042361387,0.691867733252515,0.010204964508188197,0.011,True,0.0,,0.0,0.0,0.0
W-round-robin-interleaving,compact-three-cell-only,synthetic-nhpp-low-then-high,clean,4.0,L1,8000,5454,0.68175,wilson_score,0.95,0.6714578042361387,0.691867733252515,0.010204964508188197,0.011,True,0.0,,0.0,0.0,0.0
W-round-robin-interleaving,compact-three-cell-only,synthetic-nhpp-low-then-high,clean,4.0,L2-independent_word_marginals,8000,5655,0.706875,wilson_score,0.95,0.6968028867766939,0.7167485331295799,0.009972823176442991,0.011,True,0.152125,3a27a791e3445a7883f0da39baa24b1ee094776d97305bc2e0663dd2d0ae152e,0.025125000000000064,0.025125000000000064,0.03685368536853695
W-round-robin-interleaving,compact-three-cell-only,synthetic-nhpp-low-then-high,clean,4.0,L3-U,8000,7402,0.92525,wilson_score,0.95,0.9192808073041738,0.930810993614946,0.005765093155386092,0.011,True,,,0.24350000000000005,0.24350000000000005,0.35716905023835727
W-round-robin-interleaving,compact-three-cell-only,synthetic-nhpp-low-then-high,non-clean-two-singletons,0.5,L0,8000,2832,0.354,wilson_score,0.95,0.3435933259703315,0.36454681998101107,0.010476747005339793,0.011,True,0.0,,0.0,0.0,0.0
W-round-robin-interleaving,compact-three-cell-only,synthetic-nhpp-low-then-high,non-clean-two-singletons,0.5,L1,8000,2832,0.354,wilson_score,0.95,0.3435933259703315,0.36454681998101107,0.010476747005339793,0.011,True,0.0,,0.0,0.0,0.0
W-round-robin-interleaving,compact-three-cell-only,synthetic-nhpp-low-then-high,non-clean-two-singletons,0.5,L2-independent_word_marginals,8000,2982,0.37275,wilson_score,0.95,0.3622176772972321,0.3834044704583046,0.010593396580536263,0.011,True,0.18075,3a27a791e3445a7883f0da39baa24b1ee094776d97305bc2e0663dd2d0ae152e,0.018750000000000044,0.018750000000000044,0.052966101694915384
W-round-robin-interleaving,compact-three-cell-only,synthetic-nhpp-low-then-high,non-clean-two-singletons,0.5,L3-U,8000,4289,0.536125,wilson_score,0.95,0.5251823732776824,0.5470329501983979,0.010925288460357785,0.011,True,,,0.18212499999999998,0.18212499999999998,0.5144774011299434
W-round-robin-interleaving,compact-three-cell-only,synthetic-nhpp-low-then-high,non-clean-two-singletons,1.0,L0,8000,4219,0.527375,wilson_score,0.95,0.5164243811127575,0.5382993415213658,0.010937480204304184,0.011,True,0.0,,0.0,0.0,0.0
W-round-robin-interleaving,compact-three-cell-only,synthetic-nhpp-low-then-high,non-clean-two-singletons,1.0,L1,8000,4219,0.527375,wilson_score,0.95,0.5164243811127575,0.5382993415213658,0.010937480204304184,0.011,True,0.0,,0.0,0.0,0.0
W-round-robin-interleaving,compact-three-cell-only,synthetic-nhpp-low-then-high,non-clean-two-singletons,1.0,L2-independent_word_marginals,8000,4338,0.54225,wilson_score,0.95,0.5313149779166869,0.5531444661487636,0.010914744116038322,0.011,True,0.203125,3a27a791e3445a7883f0da39baa24b1ee094776d97305bc2e0663dd2d0ae152e,0.014874999999999972,0.014874999999999972,0.028205735956387715
W-round-robin-interleaving,compact-three-cell-only,synthetic-nhpp-low-then-high,non-clean-two-singletons,1.0,L3-U,8000,5991,0.748875,wilson_score,0.95,0.7392542566748271,0.7582568472728412,0.009501295299007007,0.011,True,,,0.22149999999999992,0.22149999999999992,0.42000474045982444
W-round-robin-interleaving,compact-three-cell-only,synthetic-nhpp-low-then-high,non-clean-two-singletons,2.0,L0,8000,5614,0.70175,wilson_score,0.95,0.6916301044845393,0.711676234928588,0.010023065222024341,0.011,True,0.0,,0.0,0.0,0.0
W-round-robin-interleaving,compact-three-cell-only,synthetic-nhpp-low-then-high,non-clean-two-singletons,2.0,L1,8000,5614,0.70175,wilson_score,0.95,0.6916301044845393,0.711676234928588,0.010023065222024341,0.011,True,0.0,,0.0,0.0,0.0
W-round-robin-interleaving,compact-three-cell-only,synthetic-nhpp-low-then-high,non-clean-two-singletons,2.0,L2-independent_word_marginals,8000,5645,0.705625,wilson_score,0.95,0.6955410928936151,0.715511526892379,0.00998521699938193,0.011,True,0.173625,3a27a791e3445a7883f0da39baa24b1ee094776d97305bc2e0663dd2d0ae152e,0.003874999999999962,0.003874999999999962,0.005521909511934395
W-round-robin-interleaving,compact-three-cell-only,synthetic-nhpp-low-then-high,non-clean-two-singletons,2.0,L3-U,8000,7238,0.90475,wilson_score,0.95,0.8981215525784716,0.910989926368063,0.00643418689479569,0.011,True,,,0.20300000000000007,0.20300000000000007,0.28927680798004995
W-round-robin-interleaving,compact-three-cell-only,synthetic-nhpp-low-then-high,non-clean-two-singletons,4.0,L0,8000,7179,0.897375,wilson_score,0.95,0.8905332163322618,0.9038353419046231,0.0066510627861806615,0.011,True,0.0,,0.0,0.0,0.0
W-round-robin-interleaving,compact-three-cell-only,synthetic-nhpp-low-then-high,non-clean-two-singletons,4.0,L1,8000,7179,0.897375,wilson_score,0.95,0.8905332163322618,0.9038353419046231,0.0066510627861806615,0.011,True,0.0,,0.0,0.0,0.0
W-round-robin-interleaving,compact-three-cell-only,synthetic-nhpp-low-then-high,non-clean-two-singletons,4.0,L2-independent_word_marginals,8000,6909,0.863625,wilson_score,0.95,0.8559299931922142,0.8709709617971213,0.007520484302453556,0.011,True,0.10475,3a27a791e3445a7883f0da39baa24b1ee094776d97305bc2e0663dd2d0ae152e,-0.03375000000000006,0.03375000000000006,-0.03760969494358552
W-round-robin-interleaving,compact-three-cell-only,synthetic-nhpp-low-then-high,non-clean-two-singletons,4.0,L3-U,8000,7826,0.97825,wilson_score,0.95,0.9748166225706703,0.9812243034483046,0.0032038404388171626,0.011,True,,,0.08087499999999992,0.08087499999999992,0.09012397269814729
W-round-robin-interleaving,separated-three-cell-only,synthetic-hpp-constant,clean,0.5,L0,8000,7623,0.952875,wilson_score,0.95,0.9480101568057043,0.9573051267715947,0.004647484982945205,0.011,True,0.0,,0.0,0.0,0.0
W-round-robin-interleaving,separated-three-cell-only,synthetic-hpp-constant,clean,0.5,L1,8000,7623,0.952875,wilson_score,0.95,0.9480101568057043,0.9573051267715947,0.004647484982945205,0.011,True,0.0,,0.0,0.0,0.0
W-round-robin-interleaving,separated-three-cell-only,synthetic-hpp-constant,clean,0.5,L2-independent_word_marginals,8000,6876,0.8595,wilson_score,0.95,0.8517124299810317,0.8669424846113813,0.007615027315174827,0.011,True,0.093375,aeb92f41f2c39c6bbfc0a29a8f40c8fa983bae048521e97dea10d5d99f50947d,-0.09337499999999999,0.09337499999999999,-0.09799291617473434
W-round-robin-interleaving,separated-three-cell-only,synthetic-hpp-constant,clean,0.5,L3-U,8000,3182,0.39775,wilson_score,0.95,0.3870765542288325,0.40852159593229603,0.010722520851731754,0.011,True,,,-0.5551250000000001,0.5551250000000001,-0.5825790371244918
W-round-robin-interleaving,separated-three-cell-only,synthetic-hpp-constant,clean,1.0,L0,8000,7623,0.952875,wilson_score,0.95,0.9480101568057043,0.9573051267715947,0.004647484982945205,0.011,True,0.0,,0.0,0.0,0.0
W-round-robin-interleaving,separated-three-cell-only,synthetic-hpp-constant,clean,1.0,L1,8000,7623,0.952875,wilson_score,0.95,0.9480101568057043,0.9573051267715947,0.004647484982945205,0.011,True,0.0,,0.0,0.0,0.0
W-round-robin-interleaving,separated-three-cell-only,synthetic-hpp-constant,clean,1.0,L2-independent_word_marginals,8000,6876,0.8595,wilson_score,0.95,0.8517124299810317,0.8669424846113813,0.007615027315174827,0.011,True,0.093375,aeb92f41f2c39c6bbfc0a29a8f40c8fa983bae048521e97dea10d5d99f50947d,-0.09337499999999999,0.09337499999999999,-0.09799291617473434
W-round-robin-interleaving,separated-three-cell-only,synthetic-hpp-constant,clean,1.0,L3-U,8000,4795,0.599375,wilson_score,0.95,0.5885918246103385,0.6100627849518896,0.010735480170775524,0.011,True,,,-0.35350000000000004,0.35350000000000004,-0.37098255280073467
W-round-robin-interleaving,separated-three-cell-only,synthetic-hpp-constant,clean,2.0,L0,8000,7623,0.952875,wilson_score,0.95,0.9480101568057043,0.9573051267715947,0.004647484982945205,0.011,True,0.0,,0.0,0.0,0.0
W-round-robin-interleaving,separated-three-cell-only,synthetic-hpp-constant,clean,2.0,L1,8000,7623,0.952875,wilson_score,0.95,0.9480101568057043,0.9573051267715947,0.004647484982945205,0.011,True,0.0,,0.0,0.0,0.0
W-round-robin-interleaving,separated-three-cell-only,synthetic-hpp-constant,clean,2.0,L2-independent_word_marginals,8000,6876,0.8595,wilson_score,0.95,0.8517124299810317,0.8669424846113813,0.007615027315174827,0.011,True,0.093375,aeb92f41f2c39c6bbfc0a29a8f40c8fa983bae048521e97dea10d5d99f50947d,-0.09337499999999999,0.09337499999999999,-0.09799291617473434
W-round-robin-interleaving,separated-three-cell-only,synthetic-hpp-constant,clean,2.0,L3-U,8000,6378,0.79725,wilson_score,0.95,0.7882981943553412,0.8059164742471477,0.008809139945903266,0.011,True,,,-0.155625,0.155625,-0.1633215269578906
W-round-robin-interleaving,separated-three-cell-only,synthetic-hpp-constant,clean,4.0,L0,8000,7623,0.952875,wilson_score,0.95,0.9480101568057043,0.9573051267715947,0.004647484982945205,0.011,True,0.0,,0.0,0.0,0.0
W-round-robin-interleaving,separated-three-cell-only,synthetic-hpp-constant,clean,4.0,L1,8000,7623,0.952875,wilson_score,0.95,0.9480101568057043,0.9573051267715947,0.004647484982945205,0.011,True,0.0,,0.0,0.0,0.0
W-round-robin-interleaving,separated-three-cell-only,synthetic-hpp-constant,clean,4.0,L2-independent_word_marginals,8000,6876,0.8595,wilson_score,0.95,0.8517124299810317,0.8669424846113813,0.007615027315174827,0.011,True,0.093375,aeb92f41f2c39c6bbfc0a29a8f40c8fa983bae048521e97dea10d5d99f50947d,-0.09337499999999999,0.09337499999999999,-0.09799291617473434
W-round-robin-interleaving,separated-three-cell-only,synthetic-hpp-constant,clean,4.0,L3-U,8000,7364,0.9205,wilson_score,0.95,0.9143682990849413,0.9262280613771161,0.00592988114608739,0.011,True,,,-0.03237500000000004,0.03237500000000004,-0.03397612488521584
W-round-robin-interleaving,separated-three-cell-only,synthetic-hpp-constant,non-clean-two-singletons,0.5,L0,8000,7623,0.952875,wilson_score,0.95,0.9480101568057043,0.9573051267715947,0.004647484982945205,0.011,True,0.0,,0.0,0.0,0.0
W-round-robin-interleaving,separated-three-cell-only,synthetic-hpp-constant,non-clean-two-singletons,0.5,L1,8000,7623,0.952875,wilson_score,0.95,0.9480101568057043,0.9573051267715947,0.004647484982945205,0.011,True,0.0,,0.0,0.0,0.0
W-round-robin-interleaving,separated-three-cell-only,synthetic-hpp-constant,non-clean-two-singletons,0.5,L2-independent_word_marginals,8000,6876,0.8595,wilson_score,0.95,0.8517124299810317,0.8669424846113813,0.007615027315174827,0.011,True,0.093375,aeb92f41f2c39c6bbfc0a29a8f40c8fa983bae048521e97dea10d5d99f50947d,-0.09337499999999999,0.09337499999999999,-0.09799291617473434
W-round-robin-interleaving,separated-three-cell-only,synthetic-hpp-constant,non-clean-two-singletons,0.5,L3-U,8000,4148,0.5185,wilson_score,0.95,0.5075447156652992,0.5294375261148387,0.01094640522476975,0.011,True,,,-0.43437500000000007,0.43437500000000007,-0.45585727403909226
W-round-robin-interleaving,separated-three-cell-only,synthetic-hpp-constant,non-clean-two-singletons,1.0,L0,8000,7623,0.952875,wilson_score,0.95,0.9480101568057043,0.9573051267715947,0.004647484982945205,0.011,True,0.0,,0.0,0.0,0.0
W-round-robin-interleaving,separated-three-cell-only,synthetic-hpp-constant,non-clean-two-singletons,1.0,L1,8000,7623,0.952875,wilson_score,0.95,0.9480101568057043,0.9573051267715947,0.004647484982945205,0.011,True,0.0,,0.0,0.0,0.0
W-round-robin-interleaving,separated-three-cell-only,synthetic-hpp-constant,non-clean-two-singletons,1.0,L2-independent_word_marginals,8000,6876,0.8595,wilson_score,0.95,0.8517124299810317,0.8669424846113813,0.007615027315174827,0.011,True,0.093375,aeb92f41f2c39c6bbfc0a29a8f40c8fa983bae048521e97dea10d5d99f50947d,-0.09337499999999999,0.09337499999999999,-0.09799291617473434
W-round-robin-interleaving,separated-three-cell-only,synthetic-hpp-constant,non-clean-two-singletons,1.0,L3-U,8000,5852,0.7315,wilson_score,0.95,0.7216791735497737,0.7410986087260082,0.009709717588117228,0.011,True,,,-0.221375,0.221375,-0.2323232323232323
W-round-robin-interleaving,separated-three-cell-only,synthetic-hpp-constant,non-clean-two-singletons,2.0,L0,8000,7623,0.952875,wilson_score,0.95,0.9480101568057043,0.9573051267715947,0.004647484982945205,0.011,True,0.0,,0.0,0.0,0.0
W-round-robin-interleaving,separated-three-cell-only,synthetic-hpp-constant,non-clean-two-singletons,2.0,L1,8000,7623,0.952875,wilson_score,0.95,0.9480101568057043,0.9573051267715947,0.004647484982945205,0.011,True,0.0,,0.0,0.0,0.0
W-round-robin-interleaving,separated-three-cell-only,synthetic-hpp-constant,non-clean-two-singletons,2.0,L2-independent_word_marginals,8000,6876,0.8595,wilson_score,0.95,0.8517124299810317,0.8669424846113813,0.007615027315174827,0.011,True,0.093375,aeb92f41f2c39c6bbfc0a29a8f40c8fa983bae048521e97dea10d5d99f50947d,-0.09337499999999999,0.09337499999999999,-0.09799291617473434
W-round-robin-interleaving,separated-three-cell-only,synthetic-hpp-constant,non-clean-two-singletons,2.0,L3-U,8000,7212,0.9015,wilson_score,0.95,0.8947761599576399,0.9078384386761674,0.006531139359263749,0.011,True,,,-0.05137500000000006,0.05137500000000006,-0.053915781188508524
W-round-robin-interleaving,separated-three-cell-only,synthetic-hpp-constant,non-clean-two-singletons,4.0,L0,8000,7623,0.952875,wilson_score,0.95,0.9480101568057043,0.9573051267715947,0.004647484982945205,0.011,True,0.0,,0.0,0.0,0.0
W-round-robin-interleaving,separated-three-cell-only,synthetic-hpp-constant,non-clean-two-singletons,4.0,L1,8000,7623,0.952875,wilson_score,0.95,0.9480101568057043,0.9573051267715947,0.004647484982945205,0.011,True,0.0,,0.0,0.0,0.0
W-round-robin-interleaving,separated-three-cell-only,synthetic-hpp-constant,non-clean-two-singletons,4.0,L2-independent_word_marginals,8000,6876,0.8595,wilson_score,0.95,0.8517124299810317,0.8669424846113813,0.007615027315174827,0.011,True,0.093375,aeb92f41f2c39c6bbfc0a29a8f40c8fa983bae048521e97dea10d5d99f50947d,-0.09337499999999999,0.09337499999999999,-0.09799291617473434
W-round-robin-interleaving,separated-three-cell-only,synthetic-hpp-constant,non-clean-two-singletons,4.0,L3-U,8000,7799,0.974875,wilson_score,0.95,0.9712108406714257,0.9780833250227943,0.0034362421756842787,0.011,True,,,0.02200000000000002,0.02200000000000002,0.02308802308802311
W-round-robin-interleaving,separated-three-cell-only,synthetic-nhpp-low-then-high,clean,0.5,L0,8000,7576,0.947,wilson_score,0.95,0.9418726932452204,0.9516982297667644,0.004912768260772027,0.011,True,0.0,,0.0,0.0,0.0
W-round-robin-interleaving,separated-three-cell-only,synthetic-nhpp-low-then-high,clean,0.5,L1,8000,7576,0.947,wilson_score,0.95,0.9418726932452204,0.9516982297667644,0.004912768260772027,0.011,True,0.0,,0.0,0.0,0.0
W-round-robin-interleaving,separated-three-cell-only,synthetic-nhpp-low-then-high,clean,0.5,L2-independent_word_marginals,8000,6850,0.85625,wilson_score,0.95,0.8483910679173562,0.8637669663623296,0.007687949222486723,0.011,True,0.09075,aeb92f41f2c39c6bbfc0a29a8f40c8fa983bae048521e97dea10d5d99f50947d,-0.09075,0.09075,-0.09582893347412882
W-round-robin-interleaving,separated-three-cell-only,synthetic-nhpp-low-then-high,clean,0.5,L3-U,8000,4010,0.50125,wilson_score,0.95,0.49029553213711374,0.5122032679831657,0.010953867923025995,0.011,True,,,-0.44575,0.44575,-0.47069693769799364
W-round-robin-interleaving,separated-three-cell-only,synthetic-nhpp-low-then-high,clean,1.0,L0,8000,7576,0.947,wilson_score,0.95,0.9418726932452204,0.9516982297667644,0.004912768260772027,0.011,True,0.0,,0.0,0.0,0.0
W-round-robin-interleaving,separated-three-cell-only,synthetic-nhpp-low-then-high,clean,1.0,L1,8000,7576,0.947,wilson_score,0.95,0.9418726932452204,0.9516982297667644,0.004912768260772027,0.011,True,0.0,,0.0,0.0,0.0
W-round-robin-interleaving,separated-three-cell-only,synthetic-nhpp-low-then-high,clean,1.0,L2-independent_word_marginals,8000,6850,0.85625,wilson_score,0.95,0.8483910679173562,0.8637669663623296,0.007687949222486723,0.011,True,0.09075,aeb92f41f2c39c6bbfc0a29a8f40c8fa983bae048521e97dea10d5d99f50947d,-0.09075,0.09075,-0.09582893347412882
W-round-robin-interleaving,separated-three-cell-only,synthetic-nhpp-low-then-high,clean,1.0,L3-U,8000,5631,0.703875,wilson_score,0.95,0.693774733152348,0.7137795664652546,0.010002416656453295,0.011,True,,,-0.24312499999999992,0.24312499999999992,-0.2567317845828933
W-round-robin-interleaving,separated-three-cell-only,synthetic-nhpp-low-then-high,clean,2.0,L0,8000,7576,0.947,wilson_score,0.95,0.9418726932452204,0.9516982297667644,0.004912768260772027,0.011,True,0.0,,0.0,0.0,0.0
W-round-robin-interleaving,separated-three-cell-only,synthetic-nhpp-low-then-high,clean,2.0,L1,8000,7576,0.947,wilson_score,0.95,0.9418726932452204,0.9516982297667644,0.004912768260772027,0.011,True,0.0,,0.0,0.0,0.0
W-round-robin-interleaving,separated-three-cell-only,synthetic-nhpp-low-then-high,clean,2.0,L2-independent_word_marginals,8000,6850,0.85625,wilson_score,0.95,0.8483910679173562,0.8637669663623296,0.007687949222486723,0.011,True,0.09075,aeb92f41f2c39c6bbfc0a29a8f40c8fa983bae048521e97dea10d5d99f50947d,-0.09075,0.09075,-0.09582893347412882
W-round-robin-interleaving,separated-three-cell-only,synthetic-nhpp-low-then-high,clean,2.0,L3-U,8000,6946,0.86825,wilson_score,0.95,0.8606615194441523,0.8754849959902178,0.007411738273032764,0.011,True,,,-0.07874999999999999,0.07874999999999999,-0.08315733896515311
W-round-robin-interleaving,separated-three-cell-only,synthetic-nhpp-low-then-high,clean,4.0,L0,8000,7576,0.947,wilson_score,0.95,0.9418726932452204,0.9516982297667644,0.004912768260772027,0.011,True,0.0,,0.0,0.0,0.0
W-round-robin-interleaving,separated-three-cell-only,synthetic-nhpp-low-then-high,clean,4.0,L1,8000,7576,0.947,wilson_score,0.95,0.9418726932452204,0.9516982297667644,0.004912768260772027,0.011,True,0.0,,0.0,0.0,0.0
W-round-robin-interleaving,separated-three-cell-only,synthetic-nhpp-low-then-high,clean,4.0,L2-independent_word_marginals,8000,6850,0.85625,wilson_score,0.95,0.8483910679173562,0.8637669663623296,0.007687949222486723,0.011,True,0.09075,aeb92f41f2c39c6bbfc0a29a8f40c8fa983bae048521e97dea10d5d99f50947d,-0.09075,0.09075,-0.09582893347412882
W-round-robin-interleaving,separated-three-cell-only,synthetic-nhpp-low-then-high,clean,4.0,L3-U,8000,7378,0.92225,wilson_score,0.95,0.9161774177355517,0.9279172628948971,0.005869922579672671,0.011,True,,,-0.02474999999999994,0.02474999999999994,-0.026135163674762343
W-round-robin-interleaving,separated-three-cell-only,synthetic-nhpp-low-then-high,non-clean-two-singletons,0.5,L0,8000,7576,0.947,wilson_score,0.95,0.9418726932452204,0.9516982297667644,0.004912768260772027,0.011,True,0.0,,0.0,0.0,0.0
W-round-robin-interleaving,separated-three-cell-only,synthetic-nhpp-low-then-high,non-clean-two-singletons,0.5,L1,8000,7576,0.947,wilson_score,0.95,0.9418726932452204,0.9516982297667644,0.004912768260772027,0.011,True,0.0,,0.0,0.0,0.0
W-round-robin-interleaving,separated-three-cell-only,synthetic-nhpp-low-then-high,non-clean-two-singletons,0.5,L2-independent_word_marginals,8000,6850,0.85625,wilson_score,0.95,0.8483910679173562,0.8637669663623296,0.007687949222486723,0.011,True,0.09075,aeb92f41f2c39c6bbfc0a29a8f40c8fa983bae048521e97dea10d5d99f50947d,-0.09075,0.09075,-0.09582893347412882
W-round-robin-interleaving,separated-three-cell-only,synthetic-nhpp-low-then-high,non-clean-two-singletons,0.5,L3-U,8000,4308,0.5385,wilson_score,0.95,0.5275601252018901,0.5494029185027215,0.010921396650415693,0.011,True,,,-0.4085,0.4085,-0.4313621964097149
W-round-robin-interleaving,separated-three-cell-only,synthetic-nhpp-low-then-high,non-clean-two-singletons,1.0,L0,8000,7576,0.947,wilson_score,0.95,0.9418726932452204,0.9516982297667644,0.004912768260772027,0.011,True,0.0,,0.0,0.0,0.0
W-round-robin-interleaving,separated-three-cell-only,synthetic-nhpp-low-then-high,non-clean-two-singletons,1.0,L1,8000,7576,0.947,wilson_score,0.95,0.9418726932452204,0.9516982297667644,0.004912768260772027,0.011,True,0.0,,0.0,0.0,0.0
W-round-robin-interleaving,separated-three-cell-only,synthetic-nhpp-low-then-high,non-clean-two-singletons,1.0,L2-independent_word_marginals,8000,6850,0.85625,wilson_score,0.95,0.8483910679173562,0.8637669663623296,0.007687949222486723,0.011,True,0.09075,aeb92f41f2c39c6bbfc0a29a8f40c8fa983bae048521e97dea10d5d99f50947d,-0.09075,0.09075,-0.09582893347412882
W-round-robin-interleaving,separated-three-cell-only,synthetic-nhpp-low-then-high,non-clean-two-singletons,1.0,L3-U,8000,5979,0.747375,wilson_score,0.95,0.7377362033580024,0.7567763404453305,0.00952006854366405,0.011,True,,,-0.19962499999999994,0.19962499999999994,-0.21079725448785633
W-round-robin-interleaving,separated-three-cell-only,synthetic-nhpp-low-then-high,non-clean-two-singletons,2.0,L0,8000,7576,0.947,wilson_score,0.95,0.9418726932452204,0.9516982297667644,0.004912768260772027,0.011,True,0.0,,0.0,0.0,0.0
W-round-robin-interleaving,separated-three-cell-only,synthetic-nhpp-low-then-high,non-clean-two-singletons,2.0,L1,8000,7576,0.947,wilson_score,0.95,0.9418726932452204,0.9516982297667644,0.004912768260772027,0.011,True,0.0,,0.0,0.0,0.0
W-round-robin-interleaving,separated-three-cell-only,synthetic-nhpp-low-then-high,non-clean-two-singletons,2.0,L2-independent_word_marginals,8000,6850,0.85625,wilson_score,0.95,0.8483910679173562,0.8637669663623296,0.007687949222486723,0.011,True,0.09075,aeb92f41f2c39c6bbfc0a29a8f40c8fa983bae048521e97dea10d5d99f50947d,-0.09075,0.09075,-0.09582893347412882
W-round-robin-interleaving,separated-three-cell-only,synthetic-nhpp-low-then-high,non-clean-two-singletons,2.0,L3-U,8000,7231,0.903875,wilson_score,0.95,0.8972206496626096,0.910141669199729,0.006460509768559719,0.011,True,,,-0.04312499999999997,0.04312499999999997,-0.04553854276663144
W-round-robin-interleaving,separated-three-cell-only,synthetic-nhpp-low-then-high,non-clean-two-singletons,4.0,L0,8000,7576,0.947,wilson_score,0.95,0.9418726932452204,0.9516982297667644,0.004912768260772027,0.011,True,0.0,,0.0,0.0,0.0
W-round-robin-interleaving,separated-three-cell-only,synthetic-nhpp-low-then-high,non-clean-two-singletons,4.0,L1,8000,7576,0.947,wilson_score,0.95,0.9418726932452204,0.9516982297667644,0.004912768260772027,0.011,True,0.0,,0.0,0.0,0.0
W-round-robin-interleaving,separated-three-cell-only,synthetic-nhpp-low-then-high,non-clean-two-singletons,4.0,L2-independent_word_marginals,8000,6850,0.85625,wilson_score,0.95,0.8483910679173562,0.8637669663623296,0.007687949222486723,0.011,True,0.09075,aeb92f41f2c39c6bbfc0a29a8f40c8fa983bae048521e97dea10d5d99f50947d,-0.09075,0.09075,-0.09582893347412882
W-round-robin-interleaving,separated-three-cell-only,synthetic-nhpp-low-then-high,non-clean-two-singletons,4.0,L3-U,8000,7837,0.979625,wilson_score,0.95,0.9762911338248312,0.9824984723264512,0.0031036692508099595,0.011,True,,,0.032625000000000015,0.032625000000000015,0.034450897571277735
W-round-robin-interleaving,single-cell-only,synthetic-hpp-constant,clean,0.5,L0,8000,455,0.056875,wilson_score,0.95,0.05200929665554957,0.062166060705332205,0.0050783820248913175,0.011,True,0.0,,0.0,0.0,0.0
W-round-robin-interleaving,single-cell-only,synthetic-hpp-constant,clean,0.5,L1,8000,455,0.056875,wilson_score,0.95,0.05200929665554957,0.062166060705332205,0.0050783820248913175,0.011,True,0.0,,0.0,0.0,0.0
W-round-robin-interleaving,single-cell-only,synthetic-hpp-constant,clean,0.5,L2-independent_word_marginals,8000,419,0.052375,wilson_score,0.95,0.04770444593257342,0.05747523099530179,0.004885392531364184,0.011,True,0.09075,793e840e6a449f34f2ced8e2bbf629c056dec28fdc622c4b6c00cf2ac6aaf19e,-0.004500000000000004,0.004500000000000004,-0.07912087912087919
W-round-robin-interleaving,single-cell-only,synthetic-hpp-constant,clean,0.5,L3-U,8000,446,0.05575,wilson_score,0.95,0.05093220883879404,0.06099422841383609,0.005031009787521024,0.011,True,,,-0.001125000000000001,0.001125000000000001,-0.019780219780219797
W-round-robin-interleaving,single-cell-only,synthetic-hpp-constant,clean,1.0,L0,8000,821,0.102625,wilson_score,0.95,0.09616465809537693,0.1094667836677382,0.006651062786180634,0.011,True,0.0,,0.0,0.0,0.0
W-round-robin-interleaving,single-cell-only,synthetic-hpp-constant,clean,1.0,L1,8000,821,0.102625,wilson_score,0.95,0.09616465809537693,0.1094667836677382,0.006651062786180634,0.011,True,0.0,,0.0,0.0,0.0
W-round-robin-interleaving,single-cell-only,synthetic-hpp-constant,clean,1.0,L2-independent_word_marginals,8000,802,0.10025,wilson_score,0.95,0.0938594265010753,0.10702429503350859,0.006582434266216644,0.011,True,0.144125,793e840e6a449f34f2ced8e2bbf629c056dec28fdc622c4b6c00cf2ac6aaf19e,-0.0023749999999999882,0.0023749999999999882,-0.02314250913520086
W-round-robin-interleaving,single-cell-only,synthetic-hpp-constant,clean,1.0,L3-U,8000,846,0.10575,wilson_score,0.95,0.09919953373874962,0.1126789083250645,0.006739687293157437,0.011,True,,,0.0031250000000000028,0.0031250000000000028,0.030450669914738153
W-round-robin-interleaving,single-cell-only,synthetic-hpp-constant,clean,2.0,L0,8000,1539,0.192375,wilson_score,0.95,0.18388607084285624,0.20115921955633415,0.008636574356738952,0.011,True,0.0,,0.0,0.0,0.0
W-round-robin-interleaving,single-cell-only,synthetic-hpp-constant,clean,2.0,L1,8000,1539,0.192375,wilson_score,0.95,0.18388607084285624,0.20115921955633415,0.008636574356738952,0.011,True,0.0,,0.0,0.0,0.0
W-round-robin-interleaving,single-cell-only,synthetic-hpp-constant,clean,2.0,L2-independent_word_marginals,8000,1426,0.17825,wilson_score,0.95,0.17001838077714132,0.1867904682628896,0.008386043742874133,0.011,True,0.227625,793e840e6a449f34f2ced8e2bbf629c056dec28fdc622c4b6c00cf2ac6aaf19e,-0.014124999999999999,0.014124999999999999,-0.07342430149447693
W-round-robin-interleaving,single-cell-only,synthetic-hpp-constant,clean,2.0,L3-U,8000,1582,0.19775,wilson_score,0.95,0.18916792495930962,0.20662220595708308,0.008727140498886732,0.011,True,,,0.005375000000000019,0.005375000000000019,0.027940220922677162
W-round-robin-interleaving,single-cell-only,synthetic-hpp-constant,clean,4.0,L0,8000,2640,0.33,wilson_score,0.95,0.3197799405117347,0.34038324313023965,0.01030165130925248,0.011,True,0.0,,0.0,0.0,0.0
W-round-robin-interleaving,single-cell-only,synthetic-hpp-constant,clean,4.0,L1,8000,2640,0.33,wilson_score,0.95,0.3197799405117347,0.34038324313023965,0.01030165130925248,0.011,True,0.0,,0.0,0.0,0.0
W-round-robin-interleaving,single-cell-only,synthetic-hpp-constant,clean,4.0,L2-independent_word_marginals,8000,2231,0.278875,wilson_score,0.95,0.2691560909150022,0.2888061678075365,0.009825038446267143,0.011,True,0.286125,793e840e6a449f34f2ced8e2bbf629c056dec28fdc622c4b6c00cf2ac6aaf19e,-0.05112500000000003,0.05112500000000003,-0.15492424242424252
W-round-robin-interleaving,single-cell-only,synthetic-hpp-constant,clean,4.0,L3-U,8000,2644,0.3305,wilson_score,0.95,0.3202757488821943,0.34088695480789194,0.010305602962848825,0.011,True,,,0.0005000000000000004,0.0005000000000000004,0.0015151515151515165
W-round-robin-interleaving,single-cell-only,synthetic-hpp-constant,non-clean-two-singletons,0.5,L0,8000,1052,0.1315,wilson_score,0.95,0.12427108712446831,0.1390826374171056,0.007405775146318648,0.011,True,0.0,,0.0,0.0,0.0
W-round-robin-interleaving,single-cell-only,synthetic-hpp-constant,non-clean-two-singletons,0.5,L1,8000,1052,0.1315,wilson_score,0.95,0.12427108712446831,0.1390826374171056,0.007405775146318648,0.011,True,0.0,,0.0,0.0,0.0
W-round-robin-interleaving,single-cell-only,synthetic-hpp-constant,non-clean-two-singletons,0.5,L2-independent_word_marginals,8000,965,0.120625,wilson_score,0.95,0.11366958479008188,0.1279445787050595,0.007137496957488804,0.011,True,0.175625,793e840e6a449f34f2ced8e2bbf629c056dec28fdc622c4b6c00cf2ac6aaf19e,-0.01087500000000001,0.01087500000000001,-0.08269961977186319
W-round-robin-interleaving,single-cell-only,synthetic-hpp-constant,non-clean-two-singletons,0.5,L3-U,8000,1000,0.125,wilson_score,0.95,0.11793242159110029,0.1324275423250197,0.007247560366959699,0.011,True,,,-0.006500000000000006,0.006500000000000006,-0.04942965779467685
W-round-robin-interleaving,single-cell-only,synthetic-hpp-constant,non-clean-two-singletons,1.0,L0,8000,1890,0.23625,wilson_score,0.95,0.2270697837108649,0.24568339091013947,0.009306803599637287,0.011,True,0.0,,0.0,0.0,0.0
W-round-robin-interleaving,single-cell-only,synthetic-hpp-constant,non-clean-two-singletons,1.0,L1,8000,1890,0.23625,wilson_score,0.95,0.2270697837108649,0.24568339091013947,0.009306803599637287,0.011,True,0.0,,0.0,0.0,0.0
W-round-robin-interleaving,single-cell-only,synthetic-hpp-constant,non-clean-two-singletons,1.0,L2-independent_word_marginals,8000,1726,0.21575,wilson_score,0.95,0.20687380176055492,0.224899050887864,0.009012624563654537,0.011,True,0.27725,793e840e6a449f34f2ced8e2bbf629c056dec28fdc622c4b6c00cf2ac6aaf19e,-0.02049999999999999,0.02049999999999999,-0.08677248677248674
W-round-robin-interleaving,single-cell-only,synthetic-hpp-constant,non-clean-two-singletons,1.0,L3-U,8000,1863,0.232875,wilson_score,0.95,0.223742695571003,0.24226371872524646,0.009260511577121738,0.011,True,,,-0.003374999999999989,0.003374999999999989,-0.01428571428571424
W-round-robin-interleaving,single-cell-only,synthetic-hpp-constant,non-clean-two-singletons,2.0,L0,8000,3254,0.40675,wilson_score,0.95,0.3960329469548061,0.4175565640723356,0.01076180855876474,0.011,True,0.0,,0.0,0.0,0.0
W-round-robin-interleaving,single-cell-only,synthetic-hpp-constant,non-clean-two-singletons,2.0,L1,8000,3254,0.40675,wilson_score,0.95,0.3960329469548061,0.4175565640723356,0.01076180855876474,0.011,True,0.0,,0.0,0.0,0.0
W-round-robin-interleaving,single-cell-only,synthetic-hpp-constant,non-clean-two-singletons,2.0,L2-independent_word_marginals,8000,2920,0.365,wilson_score,0.95,0.35451751674373916,0.37561207026606397,0.010547276761162405,0.011,True,0.353,793e840e6a449f34f2ced8e2bbf629c056dec28fdc622c4b6c00cf2ac6aaf19e,-0.04175000000000001,0.04175000000000001,-0.10264290104486788
W-round-robin-interleaving,single-cell-only,synthetic-hpp-constant,non-clean-two-singletons,2.0,L3-U,8000,3211,0.401375,wilson_score,0.95,0.39068353768983405,0.4121611328201054,0.010738797565135683,0.011,True,,,-0.005375000000000019,0.005375000000000019,-0.013214505224339321
W-round-robin-interleaving,single-cell-only,synthetic-hpp-constant,non-clean-two-singletons,4.0,L0,8000,4889,0.611125,wilson_score,0.95,0.600391590288307,0.6217517404045494,0.010680075058121186,0.011,True,0.0,,0.0,0.0,0.0
W-round-robin-interleaving,single-cell-only,synthetic-hpp-constant,non-clean-two-singletons,4.0,L1,8000,4889,0.611125,wilson_score,0.95,0.600391590288307,0.6217517404045494,0.010680075058121186,0.011,True,0.0,,0.0,0.0,0.0
W-round-robin-interleaving,single-cell-only,synthetic-hpp-constant,non-clean-two-singletons,4.0,L2-independent_word_marginals,8000,4302,0.53775,wilson_score,0.95,0.5268092292596788,0.548654534372765,0.010922652556543122,0.011,True,0.357375,793e840e6a449f34f2ced8e2bbf629c056dec28fdc622c4b6c00cf2ac6aaf19e,-0.07337500000000008,0.07337500000000008,-0.12006545305788517
W-round-robin-interleaving,single-cell-only,synthetic-hpp-constant,non-clean-two-singletons,4.0,L3-U,8000,4844,0.6055,wilson_score,0.95,0.5947419586936564,0.6161567714579419,0.010707406382142737,0.011,True,,,-0.005624999999999991,0.005624999999999991,-0.00920433626508487
W-round-robin-interleaving,single-cell-only,synthetic-nhpp-low-then-high,clean,0.5,L0,8000,643,0.080375,wilson_score,0.95,0.07461685803304546,0.08653594158909278,0.005959541778023658,0.011,True,0.0,,0.0,0.0,0.0
W-round-robin-interleaving,single-cell-only,synthetic-nhpp-low-then-high,clean,0.5,L1,8000,643,0.080375,wilson_score,0.95,0.07461685803304546,0.08653594158909278,0.005959541778023658,0.011,True,0.0,,0.0,0.0,0.0
W-round-robin-interleaving,single-cell-only,synthetic-nhpp-low-then-high,clean,0.5,L2-independent_word_marginals,8000,626,0.07825,wilson_score,0.95,0.0725652783330154,0.08433956108464752,0.005887141375816057,0.011,True,0.118125,793e840e6a449f34f2ced8e2bbf629c056dec28fdc622c4b6c00cf2ac6aaf19e,-0.002125000000000002,0.002125000000000002,-0.026438569206842948
W-round-robin-interleaving,single-cell-only,synthetic-nhpp-low-then-high,clean,0.5,L3-U,8000,660,0.0825,wilson_score,0.95,0.07666966599669074,0.08873109382992282,0.00603071391661604,0.011,True,,,0.002125000000000002,0.002125000000000002,0.026438569206842948
W-round-robin-interleaving,single-cell-only,synthetic-nhpp-low-then-high,clean,1.0,L0,8000,1224,0.153,wilson_score,0.95,0.1452782493317747,0.1610548372786083,0.00788829397341681,0.011,True,0.0,,0.0,0.0,0.0
W-round-robin-interleaving,single-cell-only,synthetic-nhpp-low-then-high,clean,1.0,L1,8000,1224,0.153,wilson_score,0.95,0.1452782493317747,0.1610548372786083,0.00788829397341681,0.011,True,0.0,,0.0,0.0,0.0
W-round-robin-interleaving,single-cell-only,synthetic-nhpp-low-then-high,clean,1.0,L2-independent_word_marginals,8000,1106,0.13825,wilson_score,0.95,0.13085988390965345,0.14598736128143033,0.007563738685888444,0.011,True,0.18875,793e840e6a449f34f2ced8e2bbf629c056dec28fdc622c4b6c00cf2ac6aaf19e,-0.014749999999999985,0.014749999999999985,-0.09640522875816984
W-round-robin-interleaving,single-cell-only,synthetic-nhpp-low-then-high,clean,1.0,L3-U,8000,1198,0.14975,wilson_score,0.95,0.14209901734346547,0.1577371889541906,0.007819085805362558,0.011,True,,,-0.003250000000000003,0.003250000000000003,-0.021241830065359495
W-round-robin-interleaving,single-cell-only,synthetic-nhpp-low-then-high,clean,2.0,L0,8000,2121,0.265125,wilson_score,0.95,0.2555669724495573,0.27490848494990583,0.009670756250174273,0.011,True,0.0,,0.0,0.0,0.0
W-round-robin-interleaving,single-cell-only,synthetic-nhpp-low-then-high,clean,2.0,L1,8000,2121,0.265125,wilson_score,0.95,0.2555669724495573,0.27490848494990583,0.009670756250174273,0.011,True,0.0,,0.0,0.0,0.0
W-round-robin-interleaving,single-cell-only,synthetic-nhpp-low-then-high,clean,2.0,L2-independent_word_marginals,8000,1796,0.2245,wilson_score,0.95,0.21549018169756204,0.2337742717928141,0.00914204504762603,0.011,True,0.254625,793e840e6a449f34f2ced8e2bbf629c056dec28fdc622c4b6c00cf2ac6aaf19e,-0.040624999999999994,0.040624999999999994,-0.1532296086751532
W-round-robin-interleaving,single-cell-only,synthetic-nhpp-low-then-high,clean,2.0,L3-U,8000,2067,0.258375,wilson_score,0.95,0.24890031865244713,0.2680816180975062,0.009590649722529529,0.011,True,,,-0.006749999999999978,0.006749999999999978,-0.025459688826025378
W-round-robin-interleaving,single-cell-only,synthetic-nhpp-low-then-high,clean,4.0,L0,8000,2682,0.33525,wilson_score,0.95,0.3249865820295163,0.34567156211763234,0.010342490044058017,0.011,True,0.0,,0.0,0.0,0.0
W-round-robin-interleaving,single-cell-only,synthetic-nhpp-low-then-high,clean,4.0,L1,8000,2682,0.33525,wilson_score,0.95,0.3249865820295163,0.34567156211763234,0.010342490044058017,0.011,True,0.0,,0.0,0.0,0.0
W-round-robin-interleaving,single-cell-only,synthetic-nhpp-low-then-high,clean,4.0,L2-independent_word_marginals,8000,2241,0.280125,wilson_score,0.95,0.2703920423951212,0.29006901644769706,0.009838487026287923,0.011,True,0.288625,793e840e6a449f34f2ced8e2bbf629c056dec28fdc622c4b6c00cf2ac6aaf19e,-0.05512499999999998,0.05512499999999998,-0.1644295302013422
W-round-robin-interleaving,single-cell-only,synthetic-nhpp-low-then-high,clean,4.0,L3-U,8000,2603,0.325375,wilson_score,0.95,0.3151943390820071,0.3357232841149327,0.010264472516462786,0.011,True,,,-0.009874999999999967,0.009874999999999967,-0.02945563012677097
W-round-robin-interleaving,single-cell-only,synthetic-nhpp-low-then-high,non-clean-two-singletons,0.5,L0,8000,827,0.103375,wilson_score,0.95,0.09689285686298403,0.11023786497229883,0.006672504054657399,0.011,True,0.0,,0.0,0.0,0.0
W-round-robin-interleaving,single-cell-only,synthetic-nhpp-low-then-high,non-clean-two-singletons,0.5,L1,8000,827,0.103375,wilson_score,0.95,0.09689285686298403,0.11023786497229883,0.006672504054657399,0.011,True,0.0,,0.0,0.0,0.0
W-round-robin-interleaving,single-cell-only,synthetic-nhpp-low-then-high,non-clean-two-singletons,0.5,L2-independent_word_marginals,8000,813,0.101625,wilson_score,0.95,0.09519389777674694,0.10843850389014448,0.006622303056698767,0.011,True,0.1505,793e840e6a449f34f2ced8e2bbf629c056dec28fdc622c4b6c00cf2ac6aaf19e,-0.0017500000000000016,0.0017500000000000016,-0.0169286577992745
W-round-robin-interleaving,single-cell-only,synthetic-nhpp-low-then-high,non-clean-two-singletons,0.5,L3-U,8000,862,0.10775,wilson_score,0.95,0.10114282245332301,0.11473369980293846,0.0067954386748077245,0.011,True,,,0.004375000000000004,0.004375000000000004,0.042321644498186255
W-round-robin-interleaving,single-cell-only,synthetic-nhpp-low-then-high,non-clean-two-singletons,1.0,L0,8000,1585,0.198125,wilson_score,0.95,0.1895365206778467,0.20700325027462985,0.008733364798391569,0.011,True,0.0,,0.0,0.0,0.0
W-round-robin-interleaving,single-cell-only,synthetic-nhpp-low-then-high,non-clean-two-singletons,1.0,L1,8000,1585,0.198125,wilson_score,0.95,0.1895365206778467,0.20700325027462985,0.008733364798391569,0.011,True,0.0,,0.0,0.0,0.0
W-round-robin-interleaving,single-cell-only,synthetic-nhpp-low-then-high,non-clean-two-singletons,1.0,L2-independent_word_marginals,8000,1429,0.178625,wilson_score,0.95,0.17038630554153691,0.1871721835345779,0.008392938996520494,0.011,True,0.23575,793e840e6a449f34f2ced8e2bbf629c056dec28fdc622c4b6c00cf2ac6aaf19e,-0.01949999999999999,0.01949999999999999,-0.09842271293375389
W-round-robin-interleaving,single-cell-only,synthetic-nhpp-low-then-high,non-clean-two-singletons,1.0,L3-U,8000,1554,0.19425,wilson_score,0.95,0.18572828903380278,0.20306520154580704,0.008668456256002127,0.011,True,,,-0.0038749999999999896,0.0038749999999999896,-0.01955835962145105
W-round-robin-interleaving,single-cell-only,synthetic-nhpp-low-then-high,non-clean-two-singletons,2.0,L0,8000,2697,0.337125,wilson_score,0.95,0.32684644527973145,0.34755989904783663,0.010356726884052592,0.011,True,0.0,,0.0,0.0,0.0
W-round-robin-interleaving,single-cell-only,synthetic-nhpp-low-then-high,non-clean-two-singletons,2.0,L1,8000,2697,0.337125,wilson_score,0.95,0.32684644527973145,0.34755989904783663,0.010356726884052592,0.011,True,0.0,,0.0,0.0,0.0
W-round-robin-interleaving,single-cell-only,synthetic-nhpp-low-then-high,non-clean-two-singletons,2.0,L2-independent_word_marginals,8000,2342,0.29275,wilson_score,0.95,0.28288038266570487,0.30281855739193736,0.009969087363116247,0.011,True,0.314875,793e840e6a449f34f2ced8e2bbf629c056dec28fdc622c4b6c00cf2ac6aaf19e,-0.044375,0.044375,-0.13162773451983684
W-round-robin-interleaving,single-cell-only,synthetic-nhpp-low-then-high,non-clean-two-singletons,2.0,L3-U,8000,2649,0.331125,wilson_score,0.95,0.320895527832333,0.341516575917893,0.01031052404277999,0.011,True,,,-0.006000000000000005,0.006000000000000005,-0.017797552836484997
W-round-robin-interleaving,single-cell-only,synthetic-nhpp-low-then-high,non-clean-two-singletons,4.0,L0,8000,4885,0.610625,wilson_score,0.95,0.5998893404443936,0.621254470200351,0.010682564877978695,0.011,True,0.0,,0.0,0.0,0.0
W-round-robin-interleaving,single-cell-only,synthetic-nhpp-low-then-high,non-clean-two-singletons,4.0,L1,8000,4885,0.610625,wilson_score,0.95,0.5998893404443936,0.621254470200351,0.010682564877978695,0.011,True,0.0,,0.0,0.0,0.0
W-round-robin-interleaving,single-cell-only,synthetic-nhpp-low-then-high,non-clean-two-singletons,4.0,L2-independent_word_marginals,8000,4360,0.545,wilson_score,0.95,0.5340689321534811,0.5558878721765845,0.010909470011551736,0.011,True,0.350375,793e840e6a449f34f2ced8e2bbf629c056dec28fdc622c4b6c00cf2ac6aaf19e,-0.06562499999999993,0.06562499999999993,-0.1074718526100306
W-round-robin-interleaving,single-cell-only,synthetic-nhpp-low-then-high,non-clean-two-singletons,4.0,L3-U,8000,4889,0.611125,wilson_score,0.95,0.600391590288307,0.6217517404045494,0.010680075058121186,0.011,True,,,0.000500000000000056,0.000500000000000056,0.0008188331627431828
