mode_context,Dstar,shield,quota_upper,square_upper,M,certificate_range_is_complete,monitor_cost,physical_occupied_lower_s,occupied_contract,status,period_upper_s,risk_upper,next_risk_upper,risk_slack,M_resource_min,resource_pass,cost_lower,cost_upper,resource_tax_upper,peak_upper,delay_upper_s
combined,0.000050000000000000000000,3,0.000003000000000000000000,6939.015790611363840000000000,146959644,True,0.000000000000000000000000,,whole 100-tick block occupied; conditional,certified_conditional,0.146961113596440000000000,0.000999999999662411825316,0.001000000006106357754189,0.000000000000337588174684,67175621,True,0.356756443966344303757748,0.356756443966345571293937,0.356763579166577534274073,0.358587585840000000000000,0.000000326189956242581787
combined,0.000057833685759218414061,3,0.000003000000000000000000,6939.015790611363840000000000,145743978,True,0.000000000000000000000000,,whole 100-tick block occupied; conditional,certified_conditional,0.145745435439780000000000,0.000999999999450061027259,0.001000000005894006956132,0.000000000000549938972741,67175621,True,0.359732187356652963267661,0.359732187356654230803850,0.359739382072349154586785,0.361602615990000000000000,0.000000326716404936764554
combined,0.000064750000000000000000,3,0.000003000000000000000000,6939.015790611363840000000000,144670673,True,0.000000000000000000000000,,whole 100-tick block occupied; conditional,certified_conditional,0.144672119706730000000000,0.000999999994305653677084,0.001000000000749599605957,0.000000000005694346322916,67175621,True,0.362401023737547058430725,0.362401023737548325966913,0.362408271830504640245656,0.364228466966629180908204,0.000000327194472355245002
combined,0.000065667371518436828121,3,0.000003000000000000000000,6939.015790611363840000000000,144528312,True,0.000000000000000000000000,,whole 100-tick block occupied; conditional,certified_conditional,0.144529757283120000000000,0.000999999999237710229203,0.001000000005681656158076,0.000000000000762289770797,67175621,True,0.362757990282207879121754,0.362757990282209146657943,0.362765245514567748175972,0.364617646140000000000000,0.000000327258845336280869
combined,0.000073501057277655242182,3,0.000003000000000000000000,6939.015790611363840000000000,143312646,True,0.000000000000000000000000,,whole 100-tick block occupied; conditional,certified_conditional,0.143314079126460000000000,0.000999999999025359431147,0.001000000005469305360020,0.000000000000974640568853,67175621,True,0.365835126650302089691495,0.365835126650303357227684,0.365842443426004754057877,0.367738693037647628784180,0.000000327818017338626695
combined,0.000079500000000000000000,3,0.000003000000000000000000,6939.015790611363840000000000,142381703,True,0.000000000000000000000000,,whole 100-tick block occupied; conditional,certified_conditional,0.142383126817030000000000,0.000999999995392841457726,0.001000000001836787386598,0.000000000004607158542274,67175621,True,0.368227088841604245757753,0.368227088841605513293942,0.368234453457029133389490,0.370128265260434226989747,0.000000328258025518423870
combined,0.000081334743036873656242,3,0.000003000000000000000000,6939.015790611363840000000000,142096980,True,0.000000000000000000000000,,whole 100-tick block occupied; conditional,certified_conditional,0.142098400969800000000000,0.000999999998813008633090,0.001000000005256954561963,0.000000000001186991366910,67175621,True,0.368964913962280619499920,0.368964913962281887036109,0.368972293334355487158932,0.370848708450000000000000,0.000000328394707200630870
combined,0.000089168428796092070302,3,0.000003000000000000000000,6939.015790611363840000000000,140881314,True,0.000000000000000000000000,,whole 100-tick block occupied; conditional,certified_conditional,0.140882722813140000000000,0.000999999998600657835034,0.001000000005044603763907,0.000000000001399342164966,67175621,True,0.372148715194407618273053,0.372148715194408885809242,0.372156158243143895086131,0.374064740610000000000000,0.000000328989751227122438
combined,0.000094250000000000000000,3,0.000003000000000000000000,6939.015790611363840000000000,140092733,True,0.000000000000000000000000,,whole 100-tick block occupied; conditional,certified_conditional,0.140094133927330000000000,0.000999999996480029238367,0.001000000002923975167240,0.000000000003519970761633,67175621,True,0.374243537671578662211519,0.374243537671579929747708,0.374251022617183451130598,0.376201094679247550964356,0.000000329385978365903965
combined,0.000097002114555310484363,3,0.000003000000000000000000,6939.015790611363840000000000,139665648,True,0.000000000000000000000000,,whole 100-tick block occupied; conditional,certified_conditional,0.139667044656480000000000,0.000999999998388307036978,0.001000000004832252965851,0.000000000001611692963022,67175621,True,0.375387940776961214430970,0.375387940776962481967159,0.375395448610856993910999,0.377280772770000000000000,0.000000329604039817488104
combined,0.000100000000000000000000,3,0.000003000000000000000000,6939.015790611363840000000000,139200423,True,0.000000000000000000000000,,whole 100-tick block occupied; conditional,certified_conditional,0.139201815004230000000000,0.000999999999088236654167,0.001000000005532182583040,0.000000000000911763345833,67175621,True,0.376642533622185270077902,0.376642533622186537614091,0.376650066548188875117299,0.378609712056887092590333,0.000000329844411790625105
combined,0.000104835800314528898423,3,0.000003000000000000000000,6939.015790611363840000000000,138449982,True,0.000000000000000000000000,,whole 100-tick block occupied; conditional,certified_conditional,0.138451366499820000000000,0.000999999998175956238921,0.001000000004619902167794,0.000000000001824043761079,67175621,True,0.378684050677593531610706,0.378684050677594799146895,0.378691624434346552309491,0.380697806940000000000000,0.000000330238521911297029
combined,0.000109000000000000000000,3,0.000003000000000000000000,6939.015790611363840000000000,137803763,True,0.000000000000000000000000,,whole 100-tick block occupied; conditional,certified_conditional,0.137805141037630000000000,0.000999999997567217019008,0.001000000004011162947881,0.000000000002432782980992,67175621,True,0.380459857253679731985053,0.380459857253680999521242,0.380467466526919439274710,0.382473150143917617797852,0.000000330584362757844466
combined,0.000112669486073747312484,3,0.000003000000000000000000,6939.015790611363840000000000,137234316,True,0.000000000000000000000000,,whole 100-tick block occupied; conditional,certified_conditional,0.137235688343160000000000,0.000999999997963605440865,0.001000000004407551369738,0.000000000002036394559135,67175621,True,0.382038556595421170206941,0.382038556595422437743129,0.382046197442963455351141,0.384024761400093078613282,0.000000330894209879675151
combined,0.000120503171832965726544,3,0.000003000000000000000000,6939.015790611363840000000000,136018650,True,0.000000000000000000000000,,whole 100-tick block occupied; conditional,certified_conditional,0.136020010186500000000000,0.000999999997751254642809,0.001000000004195200571682,0.000000000002248745357191,67175621,True,0.385453024272773724748183,0.385453024272774992284371,0.385460733410352457307948,0.387478435409074325561524,0.000000331572184915458154
combined,0.000123750000000000000000,3,0.000003000000000000000000,6939.015790611363840000000000,135514793,True,0.000000000000000000000000,,whole 100-tick block occupied; conditional,certified_conditional,0.135516148147930000000000,0.000999999998654404799650,0.001000000005098350728523,0.000000000001345595200350,67175621,True,0.386886175592652191964370,0.386886175592653459500559,0.386893913393543955223787,0.388938889350000000000000,0.000000331859988112403823
combined,0.000128336857592184140604,3,0.000003000000000000000000,6939.015790611363840000000000,134802984,True,0.000000000000000000000000,,whole 100-tick block occupied; conditional,certified_conditional,0.134804332029840000000000,0.000999999997538903844752,0.001000000003982849773625,0.000000000002461096155248,67175621,True,0.388929075932027695812503,0.388929075932028963348692,0.388936854591334830735714,0.390948909450000000000000,0.000000332273602982486822
combined,0.000136170543351402554665,3,0.000003000000000000000000,6939.015790611363840000000000,133587318,True,0.000000000000000000000000,,whole 100-tick block occupied; conditional,certified_conditional,0.133588653873180000000000,0.000999999997326553046696,0.001000000003770498975569,0.000000000002673446953304,67175621,True,0.392468392845493876421862,0.392468392845495143958051,0.392476242291847151130083,0.394550205198289642333985,0.000000332999701392904407
combined,0.000138500000000000000000,3,0.000003000000000000000000,6939.015790611363840000000000,133225823,True,0.000000000000000000000000,,whole 100-tick block occupied; conditional,certified_conditional,0.133227155258230000000000,0.000999999999741592580291,0.001000000006185538509164,0.000000000000258407419709,67175621,True,0.393533316735449369794653,0.393533316735450637330842,0.393541187480493430520602,0.395571955680000000000000,0.000000333220570870296732
combined,0.000144004229110620968725,3,0.000003000000000000000000,6939.015790611363840000000000,132371652,True,0.000000000000000000000000,,whole 100-tick block occupied; conditional,certified_conditional,0.132372975716520000000000,0.000999999997114202248640,0.001000000003558148177513,0.000000000002885797751360,67175621,True,0.396072718046911706647511,0.396072718046912974183699,0.396080639580489881961342,0.398177575681307983398438,0.000000333751806091180872
combined,0.000151837914869839382786,3,0.000003000000000000000000,6939.015790611363840000000000,131155986,True,0.000000000000000000000000,,whole 100-tick block occupied; conditional,certified_conditional,0.131157297559860000000000,0.000999999996901851450583,0.001000000003345797379456,0.000000000003098148549417,67175621,True,0.399743859193738338999797,0.399743859193739606535986,0.399751854150873686417997,0.401803017990000000000000,0.000000334531339735073145
combined,0.000153250000000000000000,3,0.000003000000000000000000,6939.015790611363840000000000,130936852,True,0.000000000000000000000000,,whole 100-tick block occupied; conditional,certified_conditional,0.130938161368520000000000,0.000999999994384834432060,0.001000000000828780360933,0.000000000005615165567940,67175621,True,0.400412864668534394094039,0.400412864668535661630228,0.400420873005913039866323,0.402448152208236389160157,0.000000334674891374905416
combined,0.000159671600629057796846,3,0.000003000000000000000000,6939.015790611363840000000000,129940320,True,0.000000000000000000000000,,whole 100-tick block occupied; conditional,certified_conditional,0.129941619403200000000000,0.000999999996689500652527,0.001000000003133446581400,0.000000000003310499347473,67175621,True,0.403483691590107809862027,0.403483691590109077398216,0.403491761344639058628657,0.405622056180000000000000,0.000000335339830677134481
combined,0.000167505286388276210906,3,0.000003000000000000000000,6939.015790611363840000000000,128724654,True,0.000000000000000000000000,,whole 100-tick block occupied; conditional,certified_conditional,0.128725941246540000000000,0.000999999996477149854471,0.001000000002921095783344,0.000000000003522850145529,67175621,True,0.407294161381081812178896,0.407294161381083079715084,0.407302307345770982004783,0.409441094370000000000000,0.000000336178922966073029
combined,0.000168000000000000000000,3,0.000003000000000000000000,6939.015790611363840000000000,128647882,True,0.000000000000000000000000,,whole 100-tick block occupied; conditional,certified_conditional,0.128649168478820000000000,0.000999999995472022212701,0.001000000001915968141574,0.000000000004527977787299,67175621,True,0.407537218529566763229549,0.407537218529568030765738,0.407545369355447514670273,0.409642096380000000000000,0.000000336232980954673011
combined,0.000175338972147494624967,3,0.000003000000000000000000,6939.015790611363840000000000,127508988,True,0.000000000000000000000000,,whole 100-tick block occupied; conditional,certified_conditional,0.127510263089880000000000,0.000999999996264799056415,0.001000000002708744985287,0.000000000003735200943585,67175621,True,0.411177288929623684166262,0.411177288929624951702451,0.411185512557640458105629,0.413260132560000000000000,0.000000337050387505670160
combined,0.000182750000000000000000,3,0.000003000000000000000000,6939.015790611363840000000000,126358912,True,0.000000000000000000000000,,whole 100-tick block occupied; conditional,certified_conditional,0.126360175589120000000000,0.000999999996559209993342,0.001000000003003155922215,0.000000000003440790006658,67175621,True,0.414919685285038857550096,0.414919685285040125086285,0.414927983761731226548882,0.417079170750000000000000,0.000000337906357493492396
combined,0.000183172657906713039027,3,0.000003000000000000000000,6939.015790611363840000000000,126293322,True,0.000000000000000000000000,,whole 100-tick block occupied; conditional,certified_conditional,0.126294584933220000000000,0.000999999996052448258358,0.001000000002496394187231,0.000000000003947551741642,67175621,True,0.415135172388607530327866,0.415135172388608797864055,0.415143475175085068551800,0.417280172760000000000000,0.000000337956134530638612
combined,0.000191006343665931453088,3,0.000003000000000000000000,6939.015790611363840000000000,125077656,True,0.000000000000000000000000,,whole 100-tick block occupied; conditional,certified_conditional,0.125078906776560000000000,0.000999999995840097460302,0.001000000002284043389175,0.000000000004159902539698,67175621,True,0.419169991481131695734467,0.419169991481132963270656,0.419178374964798056329932,0.421300212960000000000000,0.000000338898227584383119
combined,0.000197500000000000000000,3,0.000003000000000000000000,6939.015790611363840000000000,124069942,True,0.000000000000000000000000,,whole 100-tick block occupied; conditional,certified_conditional,0.124071182699420000000000,0.000999999997646397773984,0.001000000004090343702857,0.000000000002353602226016,67175621,True,0.422574550732037267885797,0.422574550732038535421986,0.422583002307569565252073,0.424717247130000000000000,0.000000339708308122695981
combined,0.000198840029425149867148,3,0.000003000000000000000000,6939.015790611363840000000000,123861990,True,0.000000000000000000000000,,whole 100-tick block occupied; conditional,certified_conditional,0.123863228619900000000000,0.000999999995627746662246,0.001000000002071692591118,0.000000000004372253337754,67175621,True,0.423284011503447679955914,0.423284011503448947492103,0.423292477268337299103650,0.425521255170000000000000,0.000000339878899213922930
combined,0.000200000000000000000000,3,0.000003000000000000000000,6939.015790611363840000000000,123681981,True,0.000000000000000000000000,,whole 100-tick block occupied; conditional,certified_conditional,0.123683217819810000000000,0.000999999997939886311870,0.001000000004383832240743,0.000000000002060113688130,67175621,True,0.423900066736478950917730,0.423900066736480218453919,0.423908544822596442969614,0.426124261200000000000000,0.000000340027535415756932
combined,0.000206673715184368281208,3,0.000003000000000000000000,6939.015790611363840000000000,122646324,True,0.000000000000000000000000,,whole 100-tick block occupied; conditional,certified_conditional,0.122647550463240000000000,0.000999999995415395864189,0.001000000001859341793062,0.000000000004584604135811,67175621,True,0.427479587565950384869855,0.427479587565951652406044,0.427488137243200377675426,0.429737472142857208251954,0.000000340900568633232040
combined,0.000212250000000000000000,3,0.000003000000000000000000,6939.015790611363840000000000,121780972,True,0.000000000000000000000000,,whole 100-tick block occupied; conditional,certified_conditional,0.121782189809720000000000,0.000999999998733585554625,0.001000000005177531483498,0.000000000001266414445375,67175621,True,0.430517174719215764012012,0.430517174719217031548201,0.430525785148816345631053,0.432757327530000000000000,0.000000341654243386678838
combined,0.000214507400943586695269,3,0.000003000000000000000000,6939.015790611363840000000000,121430658,True,0.000000000000000000000000,,whole 100-tick block occupied; conditional,certified_conditional,0.121431872306580000000000,0.000999999995203045066133,0.001000000001646990995006,0.000000000004796954933867,67175621,True,0.431759169088912645446781,0.431759169088913912982969,0.431767804358649022361404,0.433963339590000000000000,0.000000341965861649165772
combined,0.000222341086702805109329,3,0.000003000000000000000000,6939.015790611363840000000000,120214992,True,0.000000000000000000000000,,whole 100-tick block occupied; conditional,certified_conditional,0.120216194149920000000000,0.000999999994990694268077,0.001000000001434640196949,0.000000000005009305731923,67175621,True,0.436125304570996634193293,0.436125304570997901729481,0.436134027164315888616466,0.438385383810000000000000,0.000000343077633195480449
combined,0.000227000000000000000000,3,0.000003000000000000000000,6939.015790611363840000000000,119492002,True,0.000000000000000000000000,,whole 100-tick block occupied; conditional,certified_conditional,0.119493196920020000000000,0.000999999999820773335267,0.001000000006264719264139,0.000000000000179226664733,67175621,True,0.438764094018609917254392,0.438764094018611184790580,0.438772869388245887110380,0.440998409940000000000000,0.000000343762139072699200
combined,0.000230174772462023523390,3,0.000003000000000000000000,6939.015790611363840000000000,118999326,True,0.000000000000000000000000,,whole 100-tick block occupied; conditional,certified_conditional,0.119000515993260000000000,0.000999999994778343470020,0.001000000001222289398893,0.000000000005221656529980,67175621,True,0.440580646650048459787276,0.440580646650049727323465,0.440589458351100372573544,0.442807428030000000000000,0.000000344238992882095183
combined,0.000238008458221241937450,3,0.000003000000000000000000,6939.015790611363840000000000,117783660,True,0.000000000000000000000000,,whole 100-tick block occupied; conditional,certified_conditional,0.117784837836600000000000,0.000999999994565992671964,0.001000000001009938600837,0.000000000005434007328036,67175621,True,0.445127957477292905930027,0.445127957477294173466216,0.445136860125470834865380,0.447430474260000000000000,0.000000345453334041041693
combined,0.000241750000000000000000,3,0.000003000000000000000000,6939.015790611363840000000000,117203031,True,0.000000000000000000000000,,whole 100-tick block occupied; conditional,certified_conditional,0.117204203030310000000000,0.000999999994464015187035,0.001000000000907961115908,0.000000000005535984812965,67175621,True,0.447333141068680431314600,0.447333141068681698850788,0.447342087820971229129149,0.449641496370000000000000,0.000000346053094195995717
combined,0.000245842143980460351510,3,0.000003000000000000000000,6939.015790611363840000000000,116567994,True,0.000000000000000000000000,,whole 100-tick block occupied; conditional,certified_conditional,0.116569159679940000000000,0.000999999994353641873908,0.001000000000797587802781,0.000000000005646358126092,67175621,True,0.449770114427807054163809,0.449770114427808321699998,0.449779109920052434056636,0.452053520490000000000000,0.000000346724366840453489
combined,0.000253675829739678765571,3,0.000003000000000000000000,6939.015790611363840000000000,115352328,True,0.000000000000000000000000,,whole 100-tick block occupied; conditional,certified_conditional,0.115353481523280000000000,0.000999999994141291075851,0.001000000000585237004724,0.000000000005858708924149,67175621,True,0.454510116172080435978500,0.454510116172081703514689,0.454519206465308711167916,0.456877568730000000000000,0.000000348056156147190161
combined,0.000256500000000000000000,3,0.000003000000000000000000,6939.015790611363840000000000,114914061,True,0.000000000000000000000000,,whole 100-tick block occupied; conditional,certified_conditional,0.114915210140610000000000,0.000999999995551202967676,0.001000000001995148896549,0.000000000004448797032324,67175621,True,0.456243557522520478770083,0.456243557522521746306272,0.456252682484922454497361,0.458591053745895576477051,0.000000348552035547965794
combined,0.000261509515498897179631,3,0.000003000000000000000000,6939.015790611363840000000000,114136662,True,0.000000000000000000000000,,whole 100-tick block occupied; conditional,certified_conditional,0.114137803366620000000000,0.000999999993928940277795,0.001000000000372886206668,0.000000000006071059722205,67175621,True,0.459351089135583163136707,0.459351089135584430672896,0.459360276249238912655410,0.461701616970000000000000,0.000000349453164952011264
combined,0.000269343201258115593692,3,0.000003000000000000000000,6939.015790611363840000000000,112920996,True,0.000000000000000000000000,,whole 100-tick block occupied; conditional,certified_conditional,0.112922125209960000000000,0.000999999993716589479739,0.001000000000160535408612,0.000000000006283410520261,67175621,True,0.464296294375582096656990,0.464296294375583364193178,0.464305580394331697092872,0.466726667220000000000000,0.000000350920304334649993
combined,0.000271250000000000000000,3,0.000003000000000000000000,6939.015790611363840000000000,112625091,True,0.000000000000000000000000,,whole 100-tick block occupied; conditional,certified_conditional,0.112626217250910000000000,0.000999999996638390748318,0.001000000003082336677191,0.000000000003361609251682,67175621,True,0.465516161047984668192727,0.465516161047985935728916,0.465525471464311692454279,0.467932679280000000000000,0.000000351288634492666972
combined,0.000277176887017334007752,3,0.000003000000000000000000,6939.015790611363840000000000,111705331,True,0.000000000000000000000000,,whole 100-tick block occupied; conditional,certified_conditional,0.111706448053310000000000,0.000999999999948184610555,0.001000000006392130539428,0.000000000000051815389445,67175621,True,0.469349130705319061314318,0.469349130705320328850507,0.469358517781805833861215,0.471751717470000000000000,0.000000352462989845765823
combined,0.000280244500000000000000,3,0.000003000000000000000000,6939.015790611363840000000000,111229285,True,0.000000000000000000000000,,whole 100-tick block occupied; conditional,certified_conditional,0.111230397292850000000000,0.000999999998247194370622,0.001000000004691140299495,0.000000000001752805629378,67175621,True,0.471357880256084802724642,0.471357880256086070260831,0.471367307507964344514060,0.473761737570000000000000,0.000000353088959511800972
combined,0.000285010572776552421812,3,0.000003000000000000000000,6939.015790611363840000000000,110489665,True,0.000000000000000000000000,,whole 100-tick block occupied; conditional,certified_conditional,0.110490769896650000000000,0.000999999999735833812499,0.001000000006179779741372,0.000000000000264166187501,67175621,True,0.474513159217198549522035,0.474513159217199817058224,0.474522649575288375689232,0.476977769730000000000000,0.000000354087213473978969
combined,0.000286000000000000000000,3,0.000003000000000000000000,6939.015790611363840000000000,110336121,True,0.000000000000000000000000,,whole 100-tick block occupied; conditional,certified_conditional,0.110337224361210000000000,0.000999999997725578528959,0.001000000004169524457832,0.000000000002274421471041,67175621,True,0.475173492821991903018657,0.475173492821993170554846,0.475182996386885893094564,0.477580775760000000000000,0.000000354298486698411077
combined,0.000292844258535770835873,3,0.000003000000000000000000,6939.015790611363840000000000,109273999,True,0.000000000000000000000000,,whole 100-tick block occupied; conditional,certified_conditional,0.109275091739990000000000,0.000999999999523483014443,0.001000000005967428943315,0.000000000000476516985557,67175621,True,0.479792086679283429039930,0.479792086679284696576119,0.479801682616978292955095,0.482203821990000000000000,0.000000355799613753508384
combined,0.000300677944294989249933,3,0.000003000000000000000000,6939.015790611363840000000000,108058333,True,0.000000000000000000000000,,whole 100-tick block occupied; conditional,certified_conditional,0.108059413583330000000000,0.000999999999311132216386,0.001000000005755078145259,0.000000000000688867783614,67175621,True,0.485189790962256761041059,0.485189790962258028577248,0.485199494855116836074975,0.487630876260000000000000,0.000000357607571497083946
combined,0.000300750000000000000000,3,0.000003000000000000000000,6939.015790611363840000000000,108047151,True,0.000000000000000000000000,,whole 100-tick block occupied; conditional,certified_conditional,0.108048231471510000000000,0.000999999998812766309601,0.001000000005256712238473,0.000000000001187233690399,67175621,True,0.485240004153371258471804,0.485240004153372526007993,0.485249709050505198534319,0.487723317429293441772461,0.000000357624669938140175
combined,0.000308511630054207663994,3,0.000003000000000000000000,6939.015790611363840000000000,106842667,True,0.000000000000000000000000,,whole 100-tick block occupied; conditional,certified_conditional,0.106843735426670000000000,0.000999999999098781418330,0.001000000005542727347203,0.000000000000901218581670,67175621,True,0.490710326427923521288799,0.490710326427924788824988,0.490720140732597027792235,0.493258932540000000000000,0.000000359519314907340009
combined,0.000315500000000000000000,3,0.000003000000000000000000,6939.015790611363840000000000,105758181,True,0.000000000000000000000000,,whole 100-tick block occupied; conditional,certified_conditional,0.105759238581810000000000,0.000999999999899954090242,0.001000000006343900019115,0.000000000000100045909758,67175621,True,0.495742263191912623514574,0.495742263191913891050763,0.495752178136327807216826,0.498283982790000000000000,0.000000361319819020995495
combined,0.000316345315813426078054,3,0.000003000000000000000000,6939.015790611363840000000000,105627001,True,0.000000000000000000000000,,whole 100-tick block occupied; conditional,certified_conditional,0.105628057270010000000000,0.000999999998886430620274,0.001000000005330376549146,0.000000000001113569379726,67175621,True,0.496357934085432692129325,0.496357934085433959665513,0.496367861343388881643007,0.498886988820000000000000,0.000000361544044781364598
combined,0.000324179001572644492114,3,0.000003000000000000000000,6939.015790611363840000000000,104411335,True,0.000000000000000000000000,,whole 100-tick block occupied; conditional,certified_conditional,0.104412379113350000000000,0.000999999998674079822217,0.001000000005118025751090,0.000000000001325920177783,67175621,True,0.502137052456995534320361,0.502137052456996801856550,0.502147095298474990323552,0.504716047110000000000000,0.000000363692082590469566
combined,0.000330250000000000000000,3,0.000003000000000000000000,6939.015790611363840000000000,103469210,True,0.000000000000000000000000,,whole 100-tick block occupied; conditional,certified_conditional,0.103470244692100000000000,0.000999999994543195942010,0.001000000000987141870883,0.000000000005456804057990,67175621,True,0.506709193971809917409401,0.506709193971811184945590,0.506719328257034107147591,0.509339093340000000000000,0.000000365448933682651973
combined,0.000332012687331862906175,3,0.000003000000000000000000,6939.015790611363840000000000,103195669,True,0.000000000000000000000000,,whole 100-tick block occupied; conditional,certified_conditional,0.103196700956690000000000,0.000999999998461729024161,0.001000000004905674953034,0.000000000001538270975839,67175621,True,0.508052329211606105270537,0.508052329211607372806726,0.508062490359803720666742,0.510658104019051361083985,0.000000365975046464247020
combined,0.000339846373091081320235,3,0.000003000000000000000000,6939.015790611363840000000000,101980003,True,0.000000000000000000000000,,whole 100-tick block occupied; conditional,certified_conditional,0.101981022800030000000000,0.000999999998249378226105,0.001000000004693324154978,0.000000000001750621773895,67175621,True,0.514108633630849524179047,0.514108633630850791715236,0.514118915906346797440209,0.516776167710000000000000,0.000000368406061412524493
combined,0.000345000000000000000000,3,0.000003000000000000000000,6939.015790611363840000000000,101180240,True,0.000000000000000000000000,,whole 100-tick block occupied; conditional,certified_conditional,0.101181251802400000000000,0.000999999995630383722652,0.001000000002074329651525,0.000000000004369616277348,67175621,True,0.518172322975315495151940,0.518172322975316762688129,0.518182686525412403728874,0.520796207910000000000000,0.000000370093227461138646
combined,0.000347680058850299734295,3,0.000003000000000000000000,6939.015790611363840000000000,100764337,True,0.000000000000000000000000,,whole 100-tick block occupied; conditional,certified_conditional,0.100765344643370000000000,0.000999999998037027428048,0.001000000004480973356921,0.000000000001962972571952,67175621,True,0.520311069977068733541889,0.520311069977070001078078,0.520321476302533430861479,0.523007230020000000000000,0.000000371000011816838231
combined,0.000355513744609518148356,3,0.000003000000000000000000,6939.015790611363840000000000,99548671,True,0.000000000000000000000000,,whole 100-tick block occupied; conditional,certified_conditional,0.099549666486710000000000,0.000999999997824676629992,0.001000000004268622558865,0.000000000002175323370008,67175621,True,0.526664991841025551302724,0.526664991841026818838913,0.526675525246198324839430,0.529371693718196678161622,0.000000373773846450938022
combined,0.000359750000000000000000,3,0.000003000000000000000000,6939.015790611363840000000000,98891270,True,0.000000000000000000000000,,whole 100-tick block occupied; conditional,certified_conditional,0.098892258912700000000000,0.000999999996717571503293,0.001000000003161517432166,0.000000000003282428496707,67175621,True,0.530166110719378336691078,0.530166110719379604227266,0.530176714147628908061470,0.532856328510000000000000,0.000000375355534192160304
combined,0.000363347430368736562416,3,0.000003000000000000000000,6939.015790611363840000000000,98333005,True,0.000000000000000000000000,,whole 100-tick block occupied; conditional,certified_conditional,0.098333988330050000000000,0.000999999997612325831936,0.001000000004056271760809,0.000000000002387674168064,67175621,True,0.533176017553820690008190,0.533176017553821957544379,0.533186681180809937612411,0.535871358660000000000000,0.000000376746949237949699
combined,0.000371181116127954976477,3,0.000003000000000000000000,6939.015790611363840000000000,97117339,True,0.000000000000000000000000,,whole 100-tick block occupied; conditional,certified_conditional,0.097118310173390000000000,0.000999999997399975033879,0.001000000003843920962752,0.000000000002600024966121,67175621,True,0.539850046756325751986771,0.539850046756327019522959,0.539860843865233868880924,0.542607128984673194885254,0.000000379941592888488451
combined,0.000374500000000000000000,3,0.000003000000000000000000,6939.015790611363840000000000,96602300,True,0.000000000000000000000000,,whole 100-tick block occupied; conditional,certified_conditional,0.096603266023000000000000,0.000999999997804759283935,0.001000000004248705212807,0.000000000002195240716065,67175621,True,0.542728278726282280820896,0.542728278726283548357085,0.542739133400405448996139,0.545519455140000000000000,0.000000381368004290283071
combined,0.000379014801887173390537,3,0.000003000000000000000000,6939.015790611363840000000000,95901673,True,0.000000000000000000000000,,whole 100-tick block occupied; conditional,certified_conditional,0.095902632016730000000000,0.000999999997187624235823,0.001000000003631570164696,0.000000000002812375764177,67175621,True,0.546693278228836938231301,0.546693278228838205767490,0.546704212203743165330282,0.549519114224329414367676,0.000000383383497871801496
combined,0.000386848487646391804597,3,0.000003000000000000000000,6939.015790611363840000000000,94686007,True,0.000000000000000000000000,,whole 100-tick block occupied; conditional,certified_conditional,0.094686953860070000000000,0.000999999996975273437767,0.001000000003419219366640,0.000000000003024726562233,67175621,True,0.553712229094209664908879,0.553712229094210932445068,0.553723303449537003673510,0.556574565690000000000000,0.000000387102526402897774
combined,0.000389250000000000000000,3,0.000003000000000000000000,6939.015790611363840000000000,94313330,True,0.000000000000000000000000,,whole 100-tick block occupied; conditional,certified_conditional,0.094314273133300000000000,0.000999999998891947064576,0.001000000005335892993449,0.000000000001108052935424,67175621,True,0.555900210500466267358183,0.555900210500467534894372,0.555911328615859331912121,0.558774851054284896850586,0.000000388303356958697210
combined,0.000394682173405610218658,3,0.000003000000000000000000,6939.015790611363840000000000,93470341,True,0.000000000000000000000000,,whole 100-tick block occupied; conditional,certified_conditional,0.093471275703410000000000,0.000999999996762922639710,0.001000000003206868568583,0.000000000003237077360290,67175621,True,0.560913755519517584315650,0.560913755519518851851839,0.560924973906813748926928,0.563810638050000000000000,0.000000391133551089254279
combined,0.000402515859164828632718,3,0.000003000000000000000000,6939.015790611363840000000000,92254675,True,0.000000000000000000000000,,whole 100-tick block occupied; conditional,certified_conditional,0.092255597546750000000000,0.000999999996550571841654,0.001000000002994517770527,0.000000000003449428158346,67175621,True,0.568305075054461375880739,0.568305075054462643416928,0.568316441269626518057624,0.571241600547927055358887,0.000000395517551766225410
combined,0.000404000000000000000000,3,0.000003000000000000000000,6939.015790611363840000000000,92024360,True,0.000000000000000000000000,,whole 100-tick block occupied; conditional,certified_conditional,0.092025280243600000000000,0.000999999999979134845217,0.001000000006423080774090,0.000000000000020865154783,67175621,True,0.569727406960504171698632,0.569727406960505439234821,0.569738801622591903957334,0.572654726490000000000000,0.000000396391742031039819
combined,0.000410349544924047046779,3,0.000003000000000000000000,6939.015790611363840000000000,91039009,True,0.000000000000000000000000,,whole 100-tick block occupied; conditional,certified_conditional,0.091039919390090000000000,0.000999999996338221043598,0.001000000002782166972471,0.000000000003661778956402,67175621,True,0.575893790759518727871706,0.575893790759519995407894,0.575905308750515729514224,0.578857646371257286071778,0.000000400303013657822534
combined,0.000418183230683265460839,3,0.000003000000000000000000,6939.015790611363840000000000,89823343,True,0.000000000000000000000000,,whole 100-tick block occupied; conditional,certified_conditional,0.089824241233430000000000,0.000999999996125870245541,0.001000000002569816174414,0.000000000003874129754459,67175621,True,0.583687917293391574981028,0.583687917293392842517217,0.583699591168478094975672,0.586684487475947036743165,0.000000405547728074730316
combined,0.000418750000000000000000,3,0.000003000000000000000000,6939.015790611363840000000000,89735389,True,0.000000000000000000000000,,whole 100-tick block occupied; conditional,certified_conditional,0.089736286353890000000000,0.000999999994622376696986,0.001000000001066322625859,0.000000000005377623303014,67175621,True,0.584260018084949106629197,0.584260018084950374165386,0.584271703402165879077000,0.587239595139262886047364,0.000000405946778916787690
combined,0.000426016916442483874899,3,0.000003000000000000000000,6939.015790611363840000000000,88607677,True,0.000000000000000000000000,,whole 100-tick block occupied; conditional,certified_conditional,0.088608563076770000000000,0.000999999995913519447485,0.001000000002357465376358,0.000000000004086480552515,67175621,True,0.591695909147916651096512,0.591695909147917918632700,0.591707743184441875979727,0.594736035916172714233399,0.000000411321137672209743
combined,0.000433500000000000000000,3,0.000003000000000000000000,6939.015790611363840000000000,87446419,True,0.000000000000000000000000,,whole 100-tick block occupied; conditional,certified_conditional,0.087447293464190000000000,0.000999999995709564477627,0.001000000002153510406500,0.000000000004290435522373,67175621,True,0.599553424823490423081243,0.599553424823491690617432,0.599565416011900678290202,0.602604025980000000000000,0.000000417407148018973231
combined,0.000433850602201702288960,3,0.000003000000000000000000,6939.015790611363840000000000,87392011,True,0.000000000000000000000000,,whole 100-tick block occupied; conditional,certified_conditional,0.087392884920110000000000,0.000999999995701168649429,0.001000000002145114578302,0.000000000004298831350571,67175621,True,0.599926691239545278500706,0.599926691239546546036894,0.599938689893358508836524,0.603006030000000000000000,0.000000417707428596690496
combined,0.000441684287960920703020,3,0.000003000000000000000000,6939.015790611363840000000000,86176345,True,0.000000000000000000000000,,whole 100-tick block occupied; conditional,certified_conditional,0.086177206763450000000000,0.000999999995488817851372,0.001000000001932763780245,0.000000000004511182148628,67175621,True,0.608389692090096712551246,0.608389692090097980087435,0.608401860005619571012027,0.611448114420000000000000,0.000000424809662579139884
combined,0.000448250000000000000000,3,0.000003000000000000000000,6939.015790611363840000000000,85157449,True,0.000000000000000000000000,,whole 100-tick block occupied; conditional,certified_conditional,0.085158300574490000000000,0.000999999996796752258269,0.001000000003240698187142,0.000000000003203247741731,67175621,True,0.615668982756868938499154,0.615668982756870206035343,0.615681296259661005096535,0.618806230863710556030274,0.000000431405871891416545
combined,0.000449517973720139117081,3,0.000003000000000000000000,6939.015790611363840000000000,84960679,True,0.000000000000000000000000,,whole 100-tick block occupied; conditional,certified_conditional,0.084961528606790000000000,0.000999999995276467053316,0.001000000001720412982189,0.000000000004723532946684,67175621,True,0.617094879856126693086250,0.617094879856127960622438,0.617107221877145927110397,0.620254951772955131530762,0.000000432755381251468556
combined,0.000457351659479357531141,3,0.000003000000000000000000,6939.015790611363840000000000,83745013,True,0.000000000000000000000000,,whole 100-tick block occupied; conditional,certified_conditional,0.083745850450130000000000,0.000999999995064116255260,0.001000000001508062184133,0.000000000004935883744740,67175621,True,0.626052801496370260579967,0.626052801496371528116155,0.626065322677613901719535,0.629230630780998611450196,0.000000441704333280540936
combined,0.000463000000000000000000,3,0.000003000000000000000000,6939.015790611363840000000000,82868479,True,0.000000000000000000000000,,whole 100-tick block occupied; conditional,certified_conditional,0.082869307684790000000000,0.000999999997883940038910,0.001000000004327885967783,0.000000000002116059961090,67175621,True,0.632674819577658080107902,0.632674819577659347644091,0.632687473200587763864287,0.635897615583608589172364,0.000000448891305513384663
combined,0.000465185345238575945201,3,0.000003000000000000000000,6939.015790611363840000000000,82529347,True,0.000000000000000000000000,,whole 100-tick block occupied; conditional,certified_conditional,0.082530172293470000000000,0.000999999994851765457203,0.001000000001295711386076,0.000000000005148234542797,67175621,True,0.635274625400827995107401,0.635274625400829262643590,0.635287331020394108626384,0.638509852098244323730469,0.000000451859325633987301
combined,0.000473019030997794359262,3,0.000003000000000000000000,6939.015790611363840000000000,81313681,True,0.000000000000000000000000,,whole 100-tick block occupied; conditional,certified_conditional,0.081314494136810000000000,0.000999999994639414659147,0.001000000001083360588020,0.000000000005360585340853,67175621,True,0.644772187843764550100534,0.644772187843765817636723,0.644785083416479053834518,0.648030480240000000000000,0.000000463481779077136566
combined,0.000477750000000000000000,3,0.000003000000000000000000,6939.015790611363840000000000,80579509,True,0.000000000000000000000000,,whole 100-tick block occupied; conditional,certified_conditional,0.080580314795090000000000,0.000999999998971127819551,0.001000000005415073748424,0.000000000001028872180449,67175621,True,0.650646804015645577230784,0.650646804015646844766973,0.650659817081858453569037,0.653941472407669410705567,0.000000471351426710726624
combined,0.000480852716757012773322,3,0.000003000000000000000000,6939.015790611363840000000000,80098015,True,0.000000000000000000000000,,whole 100-tick block occupied; conditional,certified_conditional,0.080098815980150000000000,0.000999999994427063861091,0.001000000000871009789964,0.000000000005572936138909,67175621,True,0.654558043666874256951732,0.654558043666875524487921,0.654571134958662413616382,0.657879578730000000000000,0.000000476914552469058033
combined,0.000488686402516231187383,3,0.000003000000000000000000,6939.015790611363840000000000,78882349,True,0.000000000000000000000000,,whole 100-tick block occupied; conditional,certified_conditional,0.078883137823490000000000,0.000999999994214713063034,0.001000000000658658991907,0.000000000005785286936966,67175621,True,0.664645521648955332287125,0.664645521648956599823314,0.664658814692320646344857,0.668008168661218223571778,0.000000492616333209673315
combined,0.000492500000000000000000,3,0.000003000000000000000000,6939.015790611363840000000000,78290538,True,0.000000000000000000000000,,whole 100-tick block occupied; conditional,certified_conditional,0.078291320905380000000000,0.000999999993614369671320,0.001000000000058315600193,0.000000000006385630328680,67175621,True,0.669669686009820885149045,0.669669686009822152685234,0.669683079537478259438436,0.673068788711614074707032,0.000000501261317550591317
combined,0.000496520088275449601443,3,0.000003000000000000000000,6939.015790611363840000000000,77666683,True,0.000000000000000000000000,,whole 100-tick block occupied; conditional,certified_conditional,0.077667459666830000000000,0.000999999994002362264978,0.001000000000446308193851,0.000000000005997637735022,67175621,True,0.675048785075576753771425,0.675048785075578021307614,0.675062286186291273749645,0.678464051990170478820801,0.000000511215062602920804
combined,0.000500000000000000000000,3,0.000003000000000000000000,6939.015790611363840000000000,77126655,True,0.000000000000000000000000,,whole 100-tick block occupied; conditional,certified_conditional,0.077127426266550000000000,0.000999999994494835284979,0.001000000000938781213851,0.000000000005505164715021,67175621,True,0.679775364301744333649461,0.679775364301745601185649,0.679788959944988702277765,0.683205831990000000000000,0.000000520624831337644402
combined,0.000504353774034668015503,3,0.000003000000000000000000,6939.015790611363840000000000,76451017,True,0.000000000000000000000000,,whole 100-tick block occupied; conditional,certified_conditional,0.076451781510170000000000,0.000999999993790011466922,0.001000000000233957395795,0.000000000006209988533078,67175621,True,0.685782898087542138880698,0.685782898087543406416887,0.685796613882663742237455,0.689235892290000000000000,0.000000533593936931689107
combined,0.000507250000000000000000,3,0.000003000000000000000000,6939.015790611363840000000000,76001568,True,0.000000000000000000000000,,whole 100-tick block occupied; conditional,certified_conditional,0.076002328015680000000000,0.000999999994701557451961,0.001000000001145503380834,0.000000000005298442548039,67175621,True,0.689838399123554290782936,0.689838399123555558319125,0.689852196029507722701016,0.693321595873790283203125,0.000000543064358385841269
combined,0.000510489000000000000000,3,0.000003000000000000000000,6939.015790611363840000000000,75498926,True,0.000000000000000000000000,,whole 100-tick block occupied; conditional,certified_conditional,0.075499680989260000000000,0.000999999996831976915929,0.001000000003275922844801,0.000000000003168023084071,67175621,True,0.694431070449928680458177,0.694431070449929947994366,0.694444959210227183314760,0.697933720582147216796875,0.000000554571472211037880
combined,0.000510490000000000000000,3,0.000003000000000000000000,6939.015790611363840000000000,75498771,True,0.000000000000000000000000,,whole 100-tick block occupied; conditional,certified_conditional,0.075499525987710000000000,0.000999999998020357940628,0.001000000004464303869501,0.000000000001979642059372,67175621,True,0.694432496126327038506200,0.694432496126328306042389,0.694446384915139354468075,0.697935773479098510742188,0.000000554575182712086549
combined,0.000510491000000000000000,3,0.000003000000000000000000,6939.015790611363840000000000,75498616,True,0.000000000000000000000000,,whole 100-tick block occupied; conditional,certified_conditional,0.075499370986160000000000,0.000999999999208738965327,0.001000000005652684894200,0.000000000000791261034673,67175621,True,0.694433921808579274504661,0.694433921808580542040850,0.694447810625905520650558,0.697937826376049804687500,0.000000554578893317608717
combined,0.000512187459793886429564,3,0.000003000000000000000000,6939.015790611363840000000000,75235351,True,0.000000000000000000000000,,whole 100-tick block occupied; conditional,certified_conditional,0.075236103353510000000000,0.000999999993577660668865,0.001000000000021606597738,0.000000000006422339331135,67175621,True,0.696863898461774336883667,0.696863898461775604419856,0.696877835879119647121452,0.700392696243735504150391,0.000000561035778848684680
combined,0.000520021145553104843624,3,0.000003000000000000000000,6939.015790611363840000000000,74019686,True,0.000000000000000000000000,,whole 100-tick block occupied; conditional,certified_conditional,0.074020426196860000000000,0.000999999999809255799682,0.001000000006253201728555,0.000000000000190744200318,67175621,True,0.708308867994927093971794,0.708308867994928361507982,0.708323034313952084061519,0.711911817174561691284180,0.000000595477862027053112
combined,0.000522000000000000000000,3,0.000003000000000000000000,6939.015790611363840000000000,73712598,True,0.000000000000000000000000,,whole 100-tick block occupied; conditional,certified_conditional,0.073713335125980000000000,0.000999999995788745232603,0.001000000002232691161476,0.000000000004211254767397,67175621,True,0.711259695391552381362372,0.711259695391553648898561,0.711273920727715475338884,0.714857075828374938964844,0.000000605614555229558436
combined,0.000527854831312323257685,3,0.000003000000000000000000,6939.015790611363840000000000,72804020,True,0.000000000000000000000000,,whole 100-tick block occupied; conditional,certified_conditional,0.072804748040200000000000,0.000999999999596905001626,0.001000000006040850930499,0.000000000000403094998374,67175621,True,0.720136058420949198397767,0.720136058420950465933956,0.720150461286148170669402,0.723806168436828613281250,0.000000639990436734362768
combined,0.000535688517071541671745,3,0.000003000000000000000000,6939.015790611363840000000000,71588354,True,0.000000000000000000000000,,whole 100-tick block occupied; conditional,certified_conditional,0.071589069883540000000000,0.000999999999384554203569,0.001000000005828500132442,0.000000000000615445796431,67175621,True,0.732364931871459911336770,0.732364931871461178872959,0.732379579316573692970758,0.736069360620000000000000,0.000000699746466805845463
combined,0.000536750000000000000000,3,0.000003000000000000000000,6939.015790611363840000000000,71423628,True,0.000000000000000000000000,,whole 100-tick block occupied; conditional,certified_conditional,0.071424342236280000000000,0.000999999996875933013244,0.001000000003319878942117,0.000000000003124066986756,67175621,True,0.734054002409398115900573,0.734054002409399383436761,0.734068683636260473784415,0.737760943316621398925782,0.000000709455266621817385
combined,0.000543522202830760085805,3,0.000003000000000000000000,6939.015790611363840000000000,70372688,True,0.000000000000000000000000,,whole 100-tick block occupied; conditional,certified_conditional,0.070373391726880000000000,0.000999999999172203405513,0.001000000005616149334386,0.000000000000827796594487,67175621,True,0.745016305189308036663821,0.745016305189309304200010,0.745031205664418475226885,0.748764372712295532226563,0.000000784193943417225508
combined,0.000549974000000000000000,3,0.000003000000000000000000,6939.015790611363840000000000,69371469,True,0.000000000000000000000000,,whole 100-tick block occupied; conditional,certified_conditional,0.069372162714690000000000,0.000999999995242483116012,0.001000000001686429044885,0.000000000004757516883988,67175621,True,0.755768917045708748571784,0.755768917045710016107972,0.755784032575206859025805,0.759586595790000000000000,0.000000885321520090457027
combined,0.000549975000000000000000,3,0.000003000000000000000000,6939.015790611363840000000000,69371314,True,0.000000000000000000000000,,whole 100-tick block occupied; conditional,certified_conditional,0.069372007713140000000000,0.000999999996430864140712,0.001000000002874810069584,0.000000000003569135859288,67175621,True,0.755770605700217182489502,0.755770605700218450025690,0.755785721263488720846480,0.759586595790000000000000,0.000000885340386533328377
combined,0.000549976000000000000000,3,0.000003000000000000000000,6939.015790611363840000000000,69371159,True,0.000000000000000000000000,,whole 100-tick block occupied; conditional,certified_conditional,0.069371852711590000000000,0.000999999997619245165411,0.001000000004063191094284,0.000000000002380754834589,67175621,True,0.755772294362271733628852,0.755772294362273001165041,0.755787409959316850812642,0.759586595790000000000000,0.000000885359254174053608
combined,0.000551355000000000000000,3,0.000003000000000000000000,6939.015790611363840000000000,69157160,True,0.000000000000000000000000,,whole 100-tick block occupied; conditional,certified_conditional,0.069157851571600000000000,0.000999999999634412292053,0.001000000006078358220926,0.000000000000365587707947,67175621,True,0.758110946140644817838073,0.758110946140646085374262,0.758126108511193237516572,0.761953961956564331054688,0.000000912603573909578223
combined,0.000551355888589978499866,3,0.000003000000000000000000,6939.015790611363840000000000,69157022,True,0.000000000000000000000000,,whole 100-tick block occupied; conditional,certified_conditional,0.069157713570220000000000,0.000999999998959852607457,0.001000000005403798536330,0.000000000001040147392543,67175621,True,0.758112458919933772892736,0.758112458919935040428925,0.758127621320738080909219,0.761955957099576568603516,0.000000912621948627750904
combined,0.000551356000000000000000,3,0.000003000000000000000000,6939.015790611363840000000000,69157004,True,0.000000000000000000000000,,whole 100-tick block occupied; conditional,certified_conditional,0.069157695570040000000000,0.000999999994378847387879,0.001000000000822793316752,0.000000000005621152612121,67175621,True,0.758112656239416562500269,0.758112656239417830036458,0.758127818644167299636835,0.761956217335621643066407,0.000000912624345410209702
combined,0.000551357000000000000000,3,0.000003000000000000000000,6939.015790611363840000000000,69156849,True,0.000000000000000000000000,,whole 100-tick block occupied; conditional,certified_conditional,0.069157540568490000000000,0.000999999995567228412578,0.001000000002011174341451,0.000000000004432771587422,67175621,True,0.758114355383657751245948,0.758114355383659018782137,0.758129517822391713038536,0.761958458257120895385743,0.000000912644985135127279
combined,0.000551500000000000000000,3,0.000003000000000000000000,6939.015790611363840000000000,69134658,True,0.000000000000000000000000,,whole 100-tick block occupied; conditional,certified_conditional,0.069135349346580000000000,0.000999999997963120793885,0.001000000004407066722758,0.000000000002036879206115,67175621,True,0.758357696656284264610950,0.758357696656285532147139,0.758372863961892347675018,0.762199621920000000000000,0.000000915614140228995678
combined,0.000566250000000000000000,3,0.000003000000000000000000,6939.015790611363840000000000,66845688,True,0.000000000000000000000000,,whole 100-tick block occupied; conditional,resource_rejected,0.066846356456880000000000,0.000999999999050308574527,0.001000000005494254503400,0.000000000000949691425473,,False,0.784325834151036902116045,0.784325834151038169652234,0.784341520824588559668608,0.788299315671313171386719,
combined,0.000581000000000000000000,3,0.000003000000000000000000,6939.015790611363840000000000,64556717,True,0.000000000000000000000000,,whole 100-tick block occupied; conditional,resource_rejected,0.064557362567170000000000,0.000999999993693550426295,0.001000000000137496355168,0.000000000006306449573705,,False,0.812135474609093877651995,0.812135474609095145188184,0.812151717481016680055517,0.816244971752306365966797,
combined,0.000595750000000000000000,3,0.000003000000000000000000,6939.015790611363840000000000,62267747,True,0.000000000000000000000000,,whole 100-tick block occupied; conditional,resource_rejected,0.062268369677470000000000,0.000999999994780738206937,0.001000000001224684135810,0.000000000005219261793063,,False,0.841989674044252163751623,0.841989674044253431287812,0.842006514006134568916895,0.846218462100000000000000,
combined,0.000610500000000000000000,3,0.000003000000000000000000,6939.015790611363840000000000,59978777,True,0.000000000000000000000000,,whole 100-tick block occupied; conditional,resource_rejected,0.059979376787770000000000,0.000999999995867925987578,0.001000000002311871916451,0.000000000004132074012422,,False,0.874122525039147797017682,0.874122525039149064553871,0.874140007664476734560943,0.878528951480131912231446,
combined,0.000625250000000000000000,3,0.000003000000000000000000,6939.015790611363840000000000,57689807,True,0.000000000000000000000000,,whole 100-tick block occupied; conditional,resource_rejected,0.057690383898070000000000,0.000999999996955113768219,0.001000000003399059697092,0.000000000003044886231781,,False,0.908805259133558263386822,0.908805259133559530923011,0.908823435420505705324455,0.913368920247365722656250,
combined,0.000640000000000000000000,3,0.000003000000000000000000,6939.015790611363840000000000,55400837,True,0.000000000000000000000000,,whole 100-tick block occupied; conditional,resource_rejected,0.055401391008370000000000,0.000999999998042301548861,0.001000000004486247477734,0.000000000001957698451139,,False,0.946353933244726336692659,0.946353933244727604228848,0.946372860512665811912090,0.951113166958462181091309,
combined,0.000654750000000000000000,3,0.000003000000000000000000,6939.015790611363840000000000,53111867,True,0.000000000000000000000000,,whole 100-tick block occupied; conditional,resource_rejected,0.053112398118670000000000,0.000999999999129489329502,0.001000000005573435258375,0.000000000000870510670498,,False,0.987139088897024959401131,0.987139088897026226937320,0.987158831876234593294603,0.992095818953410530090333,
combined,0.000669500000000000000000,3,0.000003000000000000000000,6939.015790611363840000000000,50822896,True,0.000000000000000000000000,,whole 100-tick block occupied; conditional,resource_rejected,0.050823404228960000000000,0.000999999993772731181271,0.001000000000216677110144,0.000000000006227268818729,,False,1.031598041953374081439004,1.031598041953375348975193,1.031618674120536721844982,1.000000000000000000000000,
combined,0.000684250000000000000000,3,0.000003000000000000000000,6939.015790611363840000000000,48533926,True,0.000000000000000000000000,,whole 100-tick block occupied; conditional,resource_rejected,0.048534411339260000000000,0.000999999994859918961912,0.001000000001303864890785,0.000000000005140081038088,,False,1.080250544742660407088151,1.080250544742661674624340,1.080272149969609431084478,1.000000000000000000000000,
combined,0.000699000000000000000000,3,0.000003000000000000000000,6939.015790611363840000000000,46244956,True,0.000000000000000000000000,,whole 100-tick block occupied; conditional,resource_rejected,0.046245418449560000000000,0.000999999995947106742553,0.001000000002391052671426,0.000000000004052893257447,,False,1.133719318491728496647772,1.133719318491729764183961,1.133741993104846363694320,1.000000000000000000000000,
combined,0.000713750000000000000000,3,0.000003000000000000000000,6939.015790611363840000000000,43955986,True,0.000000000000000000000000,,whole 100-tick block occupied; conditional,resource_rejected,0.043956425559860000000000,0.000999999997034294523195,0.001000000003478240452068,0.000000000002965705476805,,False,1.192756772649804104999454,1.192756772649805372535642,1.192780628023812742465873,1.000000000000000000000000,
combined,0.000728500000000000000000,3,0.000003000000000000000000,6939.015790611363840000000000,41667016,True,0.000000000000000000000000,,whole 100-tick block occupied; conditional,resource_rejected,0.041667432670160000000000,0.000999999998121482303836,0.001000000004565428232709,0.000000000001878517696164,,False,1.258280650575024945217451,1.258280650575026212753640,1.258305816439696993734786,1.000000000000000000000000,
combined,0.000743250000000000000000,3,0.000003000000000000000000,6939.015790611363840000000000,39378046,True,0.000000000000000000000000,,whole 100-tick block occupied; conditional,resource_rejected,0.039378439780460000000000,0.000999999999208670084478,0.001000000005652616013351,0.000000000000791329915522,,False,1.331422082243491082402891,1.331422082243492349939080,1.331448710951424932860988,1.000000000000000000000000,
combined,0.000758000000000000000000,3,0.000003000000000000000000,6939.015790611363840000000000,37089075,True,0.000000000000000000000000,,whole 100-tick block occupied; conditional,resource_rejected,0.037089445890750000000000,0.000999999993851911936246,0.001000000000295857865119,0.000000000006148088063754,,False,1.413591468646763945828458,1.413591468646765213364647,1.413619740758859903364895,1.000000000000000000000000,
combined,0.000772750000000000000000,3,0.000003000000000000000000,6939.015790611363840000000000,34800105,True,0.000000000000000000000000,,whole 100-tick block occupied; conditional,resource_rejected,0.034800453001050000000000,0.000999999994939099716887,0.001000000001383045645760,0.000000000005060900283113,,False,1.506570166957828947493227,1.506570166957830215029415,1.506600298662487051951166,1.000000000000000000000000,
combined,0.000787500000000000000000,3,0.000003000000000000000000,6939.015790611363840000000000,32511135,True,0.000000000000000000000000,,whole 100-tick block occupied; conditional,resource_rejected,0.032511460111350000000000,0.000999999996026287497529,0.001000000002470233426402,0.000000000003973712502471,,False,1.612641330424175575398396,1.612641330424176842934585,1.612673583573317451626611,1.000000000000000000000000,
combined,0.000802250000000000000000,3,0.000003000000000000000000,6939.015790611363840000000000,30222165,True,0.000000000000000000000000,,whole 100-tick block occupied; conditional,resource_rejected,0.030222467221650000000000,0.000999999997113475278170,0.001000000003557421207043,0.000000000002886524721830,,False,1.734779755189609375971446,1.734779755189610643507635,1.734814451131674490108052,1.000000000000000000000000,
combined,0.000817000000000000000000,3,0.000003000000000000000000,6939.015790611363840000000000,27933195,True,0.000000000000000000000000,,whole 100-tick block occupied; conditional,resource_rejected,0.027933474331950000000000,0.000999999998200663058812,0.001000000004644608987685,0.000000000001799336941188,,False,1.876935309405171241486419,1.876935309405172509022608,1.876972848486752062017399,1.000000000000000000000000,
combined,0.000831750000000000000000,3,0.000003000000000000000000,6939.015790611363840000000000,25644225,True,0.000000000000000000000000,,whole 100-tick block occupied; conditional,resource_rejected,0.025644481442250000000000,0.000999999999287850839453,0.001000000005731796768326,0.000000000000712149160547,,False,2.044468101492635622543024,2.044468101492636890079213,2.044508991263565085848053,1.000000000000000000000000,
combined,0.000846500000000000000000,3,0.000003000000000000000000,6939.015790611363840000000000,23355254,True,0.000000000000000000000000,,whole 100-tick block occupied; conditional,resource_rejected,0.023355487552540000000000,0.000999999993931092691222,0.001000000000375038620094,0.000000000006068907308778,,False,2.244839640793458516793916,2.244839640793459784330105,2.244884538035248705164081,1.000000000000000000000000,
combined,0.000861250000000000000000,3,0.000003000000000000000000,6939.015790611363840000000000,21066284,True,0.000000000000000000000000,,whole 100-tick block occupied; conditional,resource_rejected,0.021066494662840000000000,0.000999999995018280471863,0.001000000001462226400736,0.000000000004981719528137,,False,2.488754067874523416130787,2.488754067874524683666975,2.488803843453638599048883,1.000000000000000000000000,
combined,0.000876000000000000000000,3,0.000003000000000000000000,6939.015790611363840000000000,18777314,True,0.000000000000000000000000,,whole 100-tick block occupied; conditional,resource_rejected,0.018777501773140000000000,0.000999999996105468252504,0.001000000002549414181377,0.000000000003894531747496,,False,2.792135232973149839190924,2.792135232973151106727113,2.792191076236243834425605,1.000000000000000000000000,
combined,0.000890750000000000000000,3,0.000003000000000000000000,6939.015790611363840000000000,16488344,True,0.000000000000000000000000,,whole 100-tick block occupied; conditional,resource_rejected,0.016488508883440000000000,0.000999999997192656033146,0.001000000003636601962019,0.000000000002807343966854,,False,3.179749282280863957606273,3.179749282280865225142462,3.179812877902467692220716,1.000000000000000000000000,
combined,0.000905500000000000000000,3,0.000003000000000000000000,6939.015790611363840000000000,14199374,True,0.000000000000000000000000,,whole 100-tick block occupied; conditional,resource_rejected,0.014199515993740000000000,0.000999999998279843813787,0.001000000004723789742660,0.000000000001720156186213,,False,3.692331788711248186074245,3.692331788711249453610434,3.692405636085498054834599,1.000000000000000000000000,
combined,0.000920250000000000000000,3,0.000003000000000000000000,6939.015790611363840000000000,11910404,True,0.000000000000000000000000,,whole 100-tick block occupied; conditional,resource_rejected,0.011910523104040000000000,0.000999999999367031594428,0.001000000005810977523301,0.000000000000632968405572,,False,4.401932965498063075909596,4.401932965498064343445785,4.402021005037770335541655,1.000000000000000000000000,
combined,0.000935000000000000000000,3,0.000003000000000000000000,6939.015790611363840000000000,9621433,True,0.000000000000000000000000,,whole 100-tick block occupied; conditional,resource_rejected,0.009621529214330000000000,0.000999999994010273446197,0.001000000000454219375070,0.000000000005989726553803,,False,5.449167499269598811553616,5.449167499269600079089805,5.449276483709430503144708,1.000000000000000000000000,
combined,0.000949750000000000000000,3,0.000003000000000000000000,6939.015790611363840000000000,7332463,True,0.000000000000000000000000,,whole 100-tick block occupied; conditional,resource_rejected,0.007332536324630000000000,0.000999999995097461226838,0.001000000001541407155711,0.000000000004902538773162,,False,7.150230420528544822240344,7.150230420528546089776532,7.150373426567017679163303,1.000000000000000000000000,
combined,0.000964500000000000000000,3,0.000003000000000000000000,6939.015790611363840000000000,5043493,True,0.000000000000000000000000,,whole 100-tick block occupied; conditional,resource_rejected,0.005043543434930000000000,0.000999999996184649007480,0.001000000002628594936353,0.000000000003815350992520,,False,10.395335137770588122873384,10.395335137770589390409573,10.395543046552433254385102,1.000000000000000000000000,
combined,0.000979250000000000000000,3,0.000003000000000000000000,6939.015790611363840000000000,2754523,True,0.000000000000000000000000,,whole 100-tick block occupied; conditional,resource_rejected,0.002754550545230000000000,0.000999999997271836788121,0.001000000003715782716994,0.000000000002728163211879,,False,19.033712915085478775915542,19.033712915085480043451731,19.034093593150563037631623,1.000000000000000000000000,
combined,0.000994000000000000000000,3,0.000003000000000000000000,6939.015790611363840000000000,465553,True,0.000000000000000000000000,,whole 100-tick block occupied; conditional,resource_rejected,0.000465557655530000000000,0.000999999998359024568762,0.001000000004802970497635,0.000000000001640975431238,,False,112.616179038691619869160681,112.616179038691621136696869,112.618431384795856645223769,1.000000000000000000000000,
monitor-only,0.000050000000000000000000,3,0.000003000000000000000000,6939.015790611363840000000000,146959644,True,0.000000000000000000000000,,whole 100-tick block occupied; conditional,certified_conditional,0.146961113596440000000000,0.000999999999662411825316,0.001000000006106357754189,0.000000000000337588174684,67175621,True,0.356756443966344303757748,0.356756443966345571293937,0.356763579166577534274073,0.358587585840000000000000,0.000000326189956242581787
monitor-only,0.000057849310759218414061,3,0.000003000000000000000000,6939.015790611363840000000000,145741553,True,0.000000000000000000000000,,whole 100-tick block occupied; conditional,certified_conditional,0.145743010415530000000000,0.000999999997881183510458,0.001000000004325129439331,0.000000000002118816489542,67175621,True,0.359738172956067701801240,0.359738172956068969337429,0.359745367791477078546989,0.361602615990000000000000,0.000000326717470835295528
monitor-only,0.000064765625000000000000,3,0.000003000000000000000000,6939.015790611363840000000000,144668249,True,0.000000000000000000000000,,whole 100-tick block occupied; conditional,certified_conditional,0.144669695682490000000000,0.000999999999180722089156,0.001000000005624668018029,0.000000000000819277910844,67175621,True,0.362407095975841307886982,0.362407095975842575423170,0.362414344190244870046706,0.364245222048100128173829,0.000000327195566529705014
monitor-only,0.000065698621518436828121,3,0.000003000000000000000000,6939.015790611363840000000000,144523462,True,0.000000000000000000000000,,whole 100-tick block occupied; conditional,certified_conditional,0.144524907234620000000000,0.000999999996099955195601,0.001000000002543901124474,0.000000000003900044804399,67175621,True,0.362770163919820218572130,0.362770163919821486108319,0.362777419395655274625007,0.364617646140000000000000,0.000000327261042449360704
monitor-only,0.000073547932277655242182,3,0.000003000000000000000000,6939.015790611363840000000000,143305371,True,0.000000000000000000000000,,whole 100-tick block occupied; conditional,certified_conditional,0.143306804053710000000000,0.000999999994318726880744,0.001000000000762672809617,0.000000000005681273119256,67175621,True,0.365853698533043183549820,0.365853698533044451086009,0.365861015680187217151772,0.367789450796513938903809,0.000000327821415554966976
monitor-only,0.000079531250000000000000,3,0.000003000000000000000000,6939.015790611363840000000000,142376854,True,0.000000000000000000000000,,whole 100-tick block occupied; conditional,certified_conditional,0.142378277768540000000000,0.000999999998699032352997,0.001000000005142978281869,0.000000000001300967647003,67175621,True,0.368239629736445151162650,0.368239629736446418698839,0.368246994602690443816545,0.370162318756718368530274,0.000000328260344923471731
monitor-only,0.000081397243036873656242,3,0.000003000000000000000000,6939.015790611363840000000000,142087281,True,0.000000000000000000000000,,whole 100-tick block occupied; conditional,certified_conditional,0.142088701872810000000000,0.000999999998981444494759,0.001000000005425390423632,0.000000000001018555505241,67175621,True,0.368990099824627581898866,0.368990099824628849435055,0.368997479700424733719967,0.370848708450000000000000,0.000000328399380885103651
monitor-only,0.000089246553796092070302,3,0.000003000000000000000000,6939.015790611363840000000000,140869190,True,0.000000000000000000000000,,whole 100-tick block occupied; conditional,certified_conditional,0.140870598691900000000000,0.000999999997200216179902,0.001000000003644162108775,0.000000000002799783820098,67175621,True,0.372180744419698237219948,0.372180744419699504756137,0.372188188109025425754523,0.374064740610000000000000,0.000000328995781075141215
monitor-only,0.000094296875000000000000,3,0.000003000000000000000000,6939.015790611363840000000000,140085459,True,0.000000000000000000000000,,whole 100-tick block occupied; conditional,certified_conditional,0.140086859854590000000000,0.000999999998217342616837,0.001000000004661288545710,0.000000000001782657383163,67175621,True,0.374262970434354012562472,0.374262970434355280098660,0.374270455768617943579978,0.376253010869980354309083,0.000000329389671706792170
monitor-only,0.000097095864555310484363,3,0.000003000000000000000000,6939.015790611363840000000000,139651099,True,0.000000000000000000000000,,whole 100-tick block occupied; conditional,certified_conditional,0.139652495510990000000000,0.000999999995418987865045,0.001000000001862933793918,0.000000000004581012134955,67175621,True,0.375427049091822123745615,0.375427049091823391281804,0.375434557707892022185019,0.377362820911968650817872,0.000000329611511906733001
monitor-only,0.000100000000000000000000,3,0.000003000000000000000000,6939.015790611363840000000000,139200423,True,0.000000000000000000000000,,whole 100-tick block occupied; conditional,certified_conditional,0.139201815004230000000000,0.000999999999088236654167,0.001000000005532182583040,0.000000000000911763345833,67175621,True,0.376642533622185270077902,0.376642533622186537614091,0.376650066548188875117299,0.378609712056887092590333,0.000000329844411790625105
monitor-only,0.000104945175314528898423,3,0.000003000000000000000000,6939.015790611363840000000000,138433008,True,0.000000000000000000000000,,whole 100-tick block occupied; conditional,certified_conditional,0.138434392330080000000000,0.000999999993637759550187,0.001000000000081705479060,0.000000000006362240449813,67175621,True,0.378730483122926233500440,0.378730483122927501036629,0.378738057808337447435195,0.380697806940000000000000,0.000000330247528684538252
monitor-only,0.000109062500000000000000,3,0.000003000000000000000000,6939.015790611363840000000000,137794064,True,0.000000000000000000000000,,whole 100-tick block occupied; conditional,certified_conditional,0.137795441940640000000000,0.000999999997735652880677,0.001000000004179598809550,0.000000000002264347119323,67175621,True,0.380486636927987788142446,0.380486636927989055678635,0.380494246736826337581648,0.382506825030000000000000,0.000000330589599873830504
monitor-only,0.000112794486073747312484,3,0.000003000000000000000000,6939.015790611363840000000000,137214918,True,0.000000000000000000000000,,whole 100-tick block occupied; conditional,certified_conditional,0.137216290149180000000000,0.000999999998300477164203,0.001000000004744423093076,0.000000000001699522835797,67175621,True,0.382092565183035805462223,0.382092565183037072998412,0.382100207110760644724670,0.384114841110000000000000,0.000000330904850166022767
monitor-only,0.000120643796832965726544,3,0.000003000000000000000000,6939.015790611363840000000000,135996827,True,0.000000000000000000000000,,whole 100-tick block occupied; conditional,certified_conditional,0.135998186968270000000000,0.000999999996519248849346,0.001000000002963194778219,0.000000000003480751150654,67175621,True,0.385514876755175426332190,0.385514876755176693868379,0.385522587129816177546174,0.387531875280000000000000,0.000000331584566188386676
monitor-only,0.000123828125000000000000,3,0.000003000000000000000000,6939.015790611363840000000000,135502669,True,0.000000000000000000000000,,whole 100-tick block occupied; conditional,certified_conditional,0.135504024026690000000000,0.000999999997253963144518,0.001000000003697909073391,0.000000000002746036855482,67175621,True,0.386920791943957311444040,0.386920791943958578980229,0.386928530437183024145341,0.388938889350000000000000,0.000000331866963661112423
monitor-only,0.000128493107592184140604,3,0.000003000000000000000000,6939.015790611363840000000000,134778736,True,0.000000000000000000000000,,whole 100-tick block occupied; conditional,certified_conditional,0.134780083787360000000000,0.000999999994738020534488,0.001000000001181966463361,0.000000000005261979465512,67175621,True,0.388999048039743558520517,0.388999048039744826056706,0.389006828098506842322471,0.390956462269882202148438,0.000000332287840449985483
monitor-only,0.000136342418351402554665,3,0.000003000000000000000000,6939.015790611363840000000000,133560646,True,0.000000000000000000000000,,whole 100-tick block occupied; conditional,certified_conditional,0.133561981606460000000000,0.000999999999400738148504,0.001000000005844684077377,0.000000000000599261851496,67175621,True,0.392546768604278204475919,0.392546768604279472012108,0.392554619618162330179211,0.394566945630000000000000,0.000000333015918696741682
monitor-only,0.000138593750000000000000,3,0.000003000000000000000000,6939.015790611363840000000000,133211274,True,0.000000000000000000000000,,whole 100-tick block occupied; conditional,certified_conditional,0.133212606112740000000000,0.000999999996772273408358,0.001000000003216219337231,0.000000000003227726591642,67175621,True,0.393576297453621797618606,0.393576297453623065154795,0.393584169058288818022708,0.395571955680000000000000,0.000000333229508790909681
monitor-only,0.000144191729110620968725,3,0.000003000000000000000000,6939.015790611363840000000000,132342555,True,0.000000000000000000000000,,whole 100-tick block occupied; conditional,certified_conditional,0.132343878425550000000000,0.000999999997619509833647,0.001000000004063455762520,0.000000000002380490166353,67175621,True,0.396159799091077817906048,0.396159799091079085442237,0.396167722366294292925101,0.398184981810000000000000,0.000000333770137973821859
monitor-only,0.000152041039869839382786,3,0.000003000000000000000000,6939.015790611363840000000000,131124464,True,0.000000000000000000000000,,whole 100-tick block occupied; conditional,certified_conditional,0.131125775244640000000000,0.000999999995838281518789,0.001000000002282227447662,0.000000000004161718481211,67175621,True,0.399839956638449381173435,0.399839956638450648709624,0.399847953517552842493616,0.401912948570274047851563,0.000000334551931220843180
monitor-only,0.000153359375000000000000,3,0.000003000000000000000000,6939.015790611363840000000000,130919879,True,0.000000000000000000000000,,whole 100-tick block occupied; conditional,certified_conditional,0.130921188198790000000000,0.000999999996290583672199,0.001000000002734529601071,0.000000000003709416327801,67175621,True,0.400464775864938868658424,0.400464775864940136194613,0.400472785240551824863304,0.402577774119096603393555,0.000000334686049669308571
monitor-only,0.000159890350629057796846,3,0.000003000000000000000000,6939.015790611363840000000000,129906373,True,0.000000000000000000000000,,whole 100-tick block occupied; conditional,certified_conditional,0.129907672063730000000000,0.000999999994057053203932,0.001000000000500999132805,0.000000000005942946796068,67175621,True,0.403589129534083117457875,0.403589129534084384994064,0.403597201397394333530330,0.405622056180000000000000,0.000000335362838734926160
monitor-only,0.000167739661388276210906,3,0.000003000000000000000000,6939.015790611363840000000000,128688283,True,0.000000000000000000000000,,whole 100-tick block occupied; conditional,certified_conditional,0.128689569882830000000000,0.000999999998719770817948,0.001000000005163716746821,0.000000000001280229182052,67175621,True,0.407409274393690670668689,0.407409274393691938204878,0.407417422660663115504496,0.409473858458915672302247,0.000000336204517008241061
monitor-only,0.000168125000000000000000,3,0.000003000000000000000000,6939.015790611363840000000000,128628484,True,0.000000000000000000000000,,whole 100-tick block occupied; conditional,certified_conditional,0.128629770284840000000000,0.000999999995808893936039,0.001000000002252839864912,0.000000000004191106063961,67175621,True,0.407598677754764788173752,0.407598677754766055709940,0.407606829809842335542934,0.409648852424402770996094,0.000000336246660279647510
monitor-only,0.000175588972147494624967,3,0.000003000000000000000000,6939.015790611363840000000000,127470192,True,0.000000000000000000000000,,whole 100-tick block occupied; conditional,certified_conditional,0.127471466701920000000000,0.000999999996938542503090,0.001000000003382488431963,0.000000000003061457496910,67175621,True,0.411302432179594733908138,0.411302432179596001444327,0.411310658310501536168784,0.413461134570000000000000,0.000000337078752821276109
monitor-only,0.000182890625000000000000,3,0.000003000000000000000000,6939.015790611363840000000000,126337089,True,0.000000000000000000000000,,whole 100-tick block occupied; conditional,certified_conditional,0.126338352370890000000000,0.000999999995327204199879,0.001000000001771150128752,0.000000000004672795800121,67175621,True,0.414991356971980887826091,0.414991356971982155362280,0.414999656882121330146216,0.417079170750000000000000,0.000000337922907509868128
monitor-only,0.000183438282906713039027,3,0.000003000000000000000000,6939.015790611363840000000000,126252101,True,0.000000000000000000000000,,whole 100-tick block occupied; conditional,certified_conditional,0.126253363521010000000000,0.000999999995157314188233,0.001000000001601260117106,0.000000000004842685811767,67175621,True,0.415270712999856691378518,0.415270712999857958914707,0.415279018497173562979007,0.417460452749687957763672,0.000000337987471741194680
monitor-only,0.000191287593665931453088,3,0.000003000000000000000000,6939.015790611363840000000000,125034011,True,0.000000000000000000000000,,whole 100-tick block occupied; conditional,certified_conditional,0.125035261340110000000000,0.000999999999820031802249,0.001000000006263977731122,0.000000000000179968197751,67175621,True,0.419316309064098733563247,0.419316309064100001099436,0.419324695474146017308701,0.421501214970000000000000,0.000000338932754235317895
monitor-only,0.000197656250000000000000,3,0.000003000000000000000000,6939.015790611363840000000000,124045694,True,0.000000000000000000000000,,whole 100-tick block occupied; conditional,certified_conditional,0.124046934456940000000000,0.000999999994845514463720,0.001000000001289460392593,0.000000000005154485536280,67175621,True,0.422657154064533037187062,0.422657154064534304723251,0.422665607292148505300432,0.424862471371310958862305,0.000000339728138341972646
monitor-only,0.000199136904425149867148,3,0.000003000000000000000000,6939.015790611363840000000000,123815920,True,0.000000000000000000000000,,whole 100-tick block occupied; conditional,certified_conditional,0.123817158159200000000000,0.000999999998038803487391,0.001000000004482749416264,0.000000000001961196512609,67175621,True,0.423441508975581827679513,0.423441508975583095215701,0.423449977890452389319628,0.425629281838649291992188,0.000000339916854040240729
monitor-only,0.000200000000000000000000,3,0.000003000000000000000000,6939.015790611363840000000000,123681981,True,0.000000000000000000000000,,whole 100-tick block occupied; conditional,certified_conditional,0.123683217819810000000000,0.000999999997939886311870,0.001000000004383832240743,0.000000000002060113688130,67175621,True,0.423900066736478950917730,0.423900066736480218453919,0.423908544822596442969614,0.426124261200000000000000,0.000000340027535415756932
monitor-only,0.000206986215184368281208,3,0.000003000000000000000000,6939.015790611363840000000000,122597829,True,0.000000000000000000000000,,whole 100-tick block occupied; conditional,certified_conditional,0.122599054978290000000000,0.000999999996257575172534,0.001000000002701521101407,0.000000000003742424827466,67175621,True,0.427648682098603249339819,0.427648682098604516876008,0.427657235157777714447402,0.429866132903925857543946,0.000000340942211423327005
monitor-only,0.000212421875000000000000,3,0.000003000000000000000000,6939.015790611363840000000000,121754299,True,0.000000000000000000000000,,whole 100-tick block occupied; conditional,certified_conditional,0.121755516542990000000000,0.000999999994363824727560,0.001000000000807770656433,0.000000000005636175272440,67175621,True,0.430611489126966455911425,0.430611489126967723447614,0.430620101442874055614485,0.432794008220984611511231,0.000000341677835990026356
monitor-only,0.000214835525943586695269,3,0.000003000000000000000000,6939.015790611363840000000000,121379738,True,0.000000000000000000000000,,whole 100-tick block occupied; conditional,certified_conditional,0.121380951797380000000000,0.000999999994476346857677,0.001000000000920292786550,0.000000000005523653142323,67175621,True,0.431940296328534858704298,0.431940296328536126240487,0.431948935220852253873369,0.434164341600000000000000,0.000000342011476471182223
monitor-only,0.000222684836702805109329,3,0.000003000000000000000000,6939.015790611363840000000000,120161648,True,0.000000000000000000000000,,whole 100-tick block occupied; conditional,certified_conditional,0.120162849616480000000000,0.000999999999139064471692,0.001000000005583010400565,0.000000000000860935528308,67175621,True,0.436318915998887796923202,0.436318915998889064459391,0.436327642464474331842435,0.438586385820000000000000,0.000000343127530262979652
monitor-only,0.000227187500000000000000,3,0.000003000000000000000000,6939.015790611363840000000000,119462904,True,0.000000000000000000000000,,whole 100-tick block occupied; conditional,certified_conditional,0.119464098629040000000000,0.000999999993882134991401,0.001000000000326080920273,0.000000000006117865008599,67175621,True,0.438870965333304841544979,0.438870965333306109081167,0.438879742840388479776137,0.441170108091068725585938,0.000000343790065103710698
monitor-only,0.000230534147462023523390,3,0.000003000000000000000000,6939.015790611363840000000000,118943557,True,0.000000000000000000000000,,whole 100-tick block occupied; conditional,certified_conditional,0.118944746435570000000000,0.000999999997357836156835,0.001000000003801782085708,0.000000000002642163843165,67175621,True,0.440787221454962244128688,0.440787221454963511664877,0.440796037287551570564780,0.443008430040000000000000,0.000000344293514513048078
monitor-only,0.000238383458221241937450,3,0.000003000000000000000000,6939.015790611363840000000000,117725466,True,0.000000000000000000000000,,whole 100-tick block occupied; conditional,certified_conditional,0.117726643254660000000000,0.000999999995576607841978,0.001000000002020553770851,0.000000000004423392158022,67175621,True,0.445347992931282390416325,0.445347992931283657952513,0.445356899980213406672241,0.447631476270000000000000,0.000000345512855578259530
monitor-only,0.000241953125000000000000,3,0.000003000000000000000000,6939.015790611363840000000000,117171510,True,0.000000000000000000000000,,whole 100-tick block occupied; conditional,certified_conditional,0.117172681715100000000000,0.000999999999844391184114,0.001000000006288337112987,0.000000000000155608815886,67175621,True,0.447453480799214124153861,0.447453480799215391690050,0.447462429958323600829056,0.449771017765411300659180,0.000000346086032108621485
monitor-only,0.000246232768980460351510,3,0.000003000000000000000000,6939.015790611363840000000000,116507375,True,0.000000000000000000000000,,whole 100-tick block occupied; conditional,certified_conditional,0.116508540073750000000000,0.000999999993795379527120,0.001000000000239325455993,0.000000000006204620472880,67175621,True,0.450004130639797919756951,0.450004130639799187293139,0.450013130812414343177525,0.452273701523504257202149,0.000000346789301727449311
monitor-only,0.000254082079739678765571,3,0.000003000000000000000000,6939.015790611363840000000000,115289285,True,0.000000000000000000000000,,whole 100-tick block occupied; conditional,certified_conditional,0.115290437892850000000000,0.000999999998458097141136,0.001000000004902043070009,0.000000000001541902858864,67175621,True,0.454758653416923584297791,0.454758653416924851833980,0.454767748680946464296222,0.457078570740000000000000,0.000000348126959606589517
monitor-only,0.000256718750000000000000,3,0.000003000000000000000000,6939.015790611363840000000000,114880115,True,0.000000000000000000000000,,whole 100-tick block occupied; conditional,certified_conditional,0.114881263801150000000000,0.000999999999362701447954,0.001000000005806647376827,0.000000000000637298552046,67175621,True,0.456378373228473240931631,0.456378373228474508467819,0.456387500887216299124976,0.458686586820000000000000,0.000000348590803840688210
monitor-only,0.000261931390498897179631,3,0.000003000000000000000000,6939.015790611363840000000000,114071194,True,0.000000000000000000000000,,whole 100-tick block occupied; conditional,certified_conditional,0.114072334711940000000000,0.000999999996676868826279,0.001000000003120814755152,0.000000000003323131173721,67175621,True,0.459614720961016044991313,0.459614720961017312527501,0.459623913347361030060008,0.461944647575116119384766,0.000000349530342840039792
monitor-only,0.000269780701258115593692,3,0.000003000000000000000000,6939.015790611363840000000000,112853103,True,0.000000000000000000000000,,whole 100-tick block occupied; conditional,certified_conditional,0.112854231531030000000000,0.000999999994895640511421,0.001000000001339586440294,0.000000000005104359488579,67175621,True,0.464575617384662683819194,0.464575617384663951355383,0.464584908989928331027288,0.466927669230000000000000,0.000000351004416279387751
monitor-only,0.000271484375000000000000,3,0.000003000000000000000000,6939.015790611363840000000000,112588720,True,0.000000000000000000000000,,whole 100-tick block occupied; conditional,certified_conditional,0.112589845887200000000000,0.000999999998881011711795,0.001000000005324957640668,0.000000000001118988288205,67175621,True,0.465666542793984411980716,0.465666542793985679516905,0.465675856217976432887110,0.468085575800239257812500,0.000000351334220337936224
monitor-only,0.000277630012017334007752,3,0.000003000000000000000000,6939.015790611363840000000000,111635013,True,0.000000000000000000000000,,whole 100-tick block occupied; conditional,certified_conditional,0.111636129350130000000000,0.000999999999558358125437,0.001000000006002304054310,0.000000000000441641874563,67175621,True,0.469644769961194246909709,0.469644769961195514445898,0.469654162950525265402777,0.472058045812493743896485,0.000000352554657748377364
monitor-only,0.000280744500000000000000,3,0.000003000000000000000000,6939.015790611363840000000000,111151693,True,0.000000000000000000000000,,whole 100-tick block occupied; conditional,certified_conditional,0.111152804516930000000000,0.000999999999594681263974,0.001000000006038627192847,0.000000000000405318736026,67175621,True,0.471686922483492262736865,0.471686922483493530273054,0.471696356316282161779055,0.474157017774125900268555,0.000000353192198492389782
monitor-only,0.000285479322776552421812,3,0.000003000000000000000000,6939.015790611363840000000000,110416922,True,0.000000000000000000000000,,whole 100-tick block occupied; conditional,certified_conditional,0.110418026169220000000000,0.000999999997777129810580,0.001000000004221075739453,0.000000000002222870189420,67175621,True,0.474825769912332187826045,0.474825769912333455362234,0.474835266522698439430263,0.477243043551402435302735,0.000000354187130177580674
monitor-only,0.000286250000000000000000,3,0.000003000000000000000000,6939.015790611363840000000000,110297325,True,0.000000000000000000000000,,whole 100-tick block occupied; conditional,certified_conditional,0.110298427973250000000000,0.000999999998399321975635,0.001000000004843267904508,0.000000000001600678024365,67175621,True,0.475340630427799859126906,0.475340630427801126663094,0.475350137335479393217374,0.477781777770000000000000,0.000000354352093295944563
monitor-only,0.000293328633535770835873,3,0.000003000000000000000000,6939.015790611363840000000000,109198831,True,0.000000000000000000000000,,whole 100-tick block occupied; conditional,certified_conditional,0.109199922988310000000000,0.000999999995995901495722,0.001000000002439847424595,0.000000000004004098504278,67175621,True,0.480122355888589418995383,0.480122355888590686531571,0.480131958431734523532753,0.482605826010000000000000,0.000000355908553155340079
monitor-only,0.000301015625000000000000,3,0.000003000000000000000000,6939.015790611363840000000000,108005930,True,0.000000000000000000000000,,whole 100-tick block occupied; conditional,certified_conditional,0.108007010059300000000000,0.000999999997917632239475,0.001000000004361578168348,0.000000000002082367760525,67175621,True,0.485425198412716149467789,0.485425198412717417003978,0.485434907013772315650385,0.487893787731674118041993,0.000000357687777035932476
monitor-only,0.000301177944294989249933,3,0.000003000000000000000000,6939.015790611363840000000000,107980740,True,0.000000000000000000000000,,whole 100-tick block occupied; conditional,certified_conditional,0.107981819807400000000000,0.000999999994214673180865,0.001000000000658619109738,0.000000000005785326819135,67175621,True,0.485538439540235893597804,0.485538439540237161133993,0.485548150406137258627272,0.488032880280000000000000,0.000000357726400435683308
monitor-only,0.000309027255054207663994,3,0.000003000000000000000000,6939.015790611363840000000000,106762650,True,0.000000000000000000000000,,whole 100-tick block occupied; conditional,certified_conditional,0.106763717626500000000000,0.000999999998877390794881,0.001000000005321336723754,0.000000000001122609205119,67175621,True,0.491078106435161850490211,0.491078106435163118026400,0.491087928095509058497246,0.493628983900957870483399,0.000000359649005548323617
monitor-only,0.000315781250000000000000,3,0.000003000000000000000000,6939.015790611363840000000000,105714535,True,0.000000000000000000000000,,whole 100-tick block occupied; conditional,certified_conditional,0.105715592145350000000000,0.000999999997435942503316,0.001000000003879888432189,0.000000000002564057496684,67175621,True,0.495946938611610342906021,0.495946938611611610442210,0.495956857649574856055956,0.498484984800000000000000,0.000000361394264652841470
monitor-only,0.000316876565813426078054,3,0.000003000000000000000000,6939.015790611363840000000000,105544559,True,0.000000000000000000000000,,whole 100-tick block occupied; conditional,certified_conditional,0.105545614445590000000000,0.000999999997096162480023,0.001000000003540108408896,0.000000000002903837519977,67175621,True,0.496745644652321045836441,0.496745644652322313372630,0.496755579664566116006005,0.499288992840000000000000,0.000000361685695980788739
monitor-only,0.000324725876572644492114,3,0.000003000000000000000000,6939.015790611363840000000000,104326468,True,0.000000000000000000000000,,whole 100-tick block occupied; conditional,certified_conditional,0.104327511264680000000000,0.000999999995314934165166,0.001000000001758880094039,0.000000000004685065834834,67175621,True,0.502545528523020005634746,0.502545528523021273170935,0.502555579534102478157529,0.505118051130000000000000,0.000000363846934947012412
monitor-only,0.000330546875000000000000,3,0.000003000000000000000000,6939.015790611363840000000000,103423140,True,0.000000000000000000000000,,whole 100-tick block occupied; conditional,certified_conditional,0.103424174231400000000000,0.000999999996954252767156,0.001000000003398198696029,0.000000000003045747232844,67175621,True,0.506934908377370233138480,0.506934908377371500674669,0.506945047176927677415530,0.509540095350000000000000,0.000000365537024344662455
monitor-only,0.000332575187331862906175,3,0.000003000000000000000000,6939.015790611363840000000000,103108378,True,0.000000000000000000000000,,whole 100-tick block occupied; conditional,certified_conditional,0.103109409083780000000000,0.000999999999977651779182,0.001000000006421597708055,0.000000000000022348220818,67175621,True,0.508482443589597875869988,0.508482443589599143406176,0.508492613340169074837440,0.511119244349537811279297,0.000000366144505507059041
monitor-only,0.000340424498091081320235,3,0.000003000000000000000000,6939.015790611363840000000000,101890287,True,0.000000000000000000000000,,whole 100-tick block occupied; conditional,certified_conditional,0.101891305902870000000000,0.000999999998196423464324,0.001000000004640369393197,0.000000000001803576535676,67175621,True,0.514561314367481715162771,0.514561314367482982698960,0.514571605696684258120449,0.517178171730000000000000,0.000000368591731676431479
monitor-only,0.000345312500000000000000,3,0.000003000000000000000000,6939.015790611363840000000000,101131745,True,0.000000000000000000000000,,whole 100-tick block occupied; conditional,certified_conditional,0.101132756317450000000000,0.000999999996472563030997,0.001000000002916508959870,0.000000000003527436969003,67175621,True,0.518420798533634873065096,0.518420798533636140601285,0.518431167053292643638208,0.521047328537364501953125,0.000000370197899921722252
monitor-only,0.000348273808850299734295,3,0.000003000000000000000000,6939.015790611363840000000000,100672196,True,0.000000000000000000000000,,whole 100-tick block occupied; conditional,certified_conditional,0.100673202721960000000000,0.000999999996415195149467,0.001000000002859141078340,0.000000000003584804850533,67175621,True,0.520787288677004087575225,0.520787288677005355111413,0.520797704526938028294328,0.523409234040000000000000,0.000000371203725539179984
monitor-only,0.000356123119609518148356,3,0.000003000000000000000000,6939.015790611363840000000000,99454105,True,0.000000000000000000000000,,whole 100-tick block occupied; conditional,certified_conditional,0.099455099541050000000000,0.000999999994633966834610,0.001000000001077912763483,0.000000000005366033165390,67175621,True,0.527165771588814126567841,0.527165771588815394104030,0.527176315009682012827180,0.529841298360000000000000,0.000000373997707097154184
monitor-only,0.000360078125000000000000,3,0.000003000000000000000000,6939.015790611363840000000000,98840350,True,0.000000000000000000000000,,whole 100-tick block occupied; conditional,certified_conditional,0.098841338403500000000000,0.000999999995990873294837,0.001000000002434819223710,0.000000000004009126705163,67175621,True,0.530439238630781228092978,0.530439238630782495629166,0.530449847521644653649740,0.533141303626697082519532,0.000000375480572390392678
monitor-only,0.000363972430368736562416,3,0.000003000000000000000000,6939.015790611363840000000000,98236015,True,0.000000000000000000000000,,whole 100-tick block occupied; conditional,certified_conditional,0.098236997360150000000000,0.000999999999296684448625,0.001000000005740630377498,0.000000000000703315551375,67175621,True,0.533702430824376759797799,0.533702430824378027333988,0.533713104979736702230364,0.536474364690000000000000,0.000000376993379982957740
monitor-only,0.000371821741127954976477,3,0.000003000000000000000000,6939.015790611363840000000000,97017924,True,0.000000000000000000000000,,whole 100-tick block occupied; conditional,certified_conditional,0.097018894179240000000000,0.000999999997515456133768,0.001000000003959402062641,0.000000000002484543866232,67175621,True,0.540403235179511143870025,0.540403235179512411406214,0.540414043352298363263042,0.543123417562917175292969,0.000000380213406944322785
monitor-only,0.000374843750000000000000,3,0.000003000000000000000000,6939.015790611363840000000000,96548955,True,0.000000000000000000000000,,whole 100-tick block occupied; conditional,certified_conditional,0.096549920489550000000000,0.000999999995509183558678,0.001000000001953129487550,0.000000000004490816441322,67175621,True,0.543028145669727226051828,0.543028145669728493588017,0.543039006341249237114405,0.545782287591010475158692,0.000000381518363615163099
monitor-only,0.000379671051887173390537,3,0.000003000000000000000000,6939.015790611363840000000000,95799833,True,0.000000000000000000000000,,whole 100-tick block occupied; conditional,certified_conditional,0.095800790998330000000000,0.000999999995734227818911,0.001000000002178173747784,0.000000000004265772181089,67175621,True,0.547274440447092838722614,0.547274440447094106258803,0.547285386045359664545592,0.550087518324503784179688,0.000000383683969254116644
monitor-only,0.000387520362646391804597,3,0.000003000000000000000000,6939.015790611363840000000000,94581742,True,0.000000000000000000000000,,whole 100-tick block occupied; conditional,certified_conditional,0.094582687817420000000000,0.000999999993952999504053,0.001000000000396945432926,0.000000000006047000495947,67175621,True,0.554322630259864954243596,0.554322630259866221779785,0.554333716823337687567959,0.557177571720000000000000,0.000000387435489938003845
monitor-only,0.000389609375000000000000,3,0.000003000000000000000000,6939.015790611363840000000000,94257560,True,0.000000000000000000000000,,whole 100-tick block occupied; conditional,certified_conditional,0.094258502575600000000000,0.000999999995027493822518,0.001000000001471439751391,0.000000000004972506177482,67175621,True,0.556229123690449235717176,0.556229123690450503253364,0.556240248384171883226310,0.559048948447785339355469,0.000000388485643990338292
monitor-only,0.000395369673405610218658,3,0.000003000000000000000000,6939.015790611363840000000000,93363652,True,0.000000000000000000000000,,whole 100-tick block occupied; conditional,certified_conditional,0.093364585636520000000000,0.000999999998615717118069,0.001000000005059663046942,0.000000000001384282881931,67175621,True,0.561554725815566220878937,0.561554725815567488415126,0.561565957022396501804109,0.564413644080000000000000,0.000000391503522108932116
monitor-only,0.000403218984164828632718,3,0.000003000000000000000000,6939.015790611363840000000000,92145561,True,0.000000000000000000000000,,whole 100-tick block occupied; conditional,certified_conditional,0.092146482455610000000000,0.000999999996834488803212,0.001000000003278434732085,0.000000000003165511196788,67175621,True,0.568978032484928292976407,0.568978032484929560512596,0.568989412159376637323655,0.571850718450000000000000,0.000000395929893060359240
monitor-only,0.000404375000000000000000,3,0.000003000000000000000000,6939.015790611363840000000000,91966165,True,0.000000000000000000000000,,whole 100-tick block occupied; conditional,certified_conditional,0.091967084661650000000000,0.000999999994545804086358,0.001000000000989750015231,0.000000000005454195913642,67175621,True,0.570087923096499040867681,0.570087923096500308403869,0.570099324968981596972004,0.573019954214502334594727,0.000000396614947927088264
monitor-only,0.000411068294924047046779,3,0.000003000000000000000000,6939.015790611363840000000000,90927470,True,0.000000000000000000000000,,whole 100-tick block occupied; conditional,certified_conditional,0.090928379274700000000000,0.000999999995053260488354,0.001000000001497206417227,0.000000000004946739511646,67175621,True,0.576600228731756666858438,0.576600228731757934394627,0.576611760851654402267074,0.579499191516401748657227,0.000000400764127264727468
monitor-only,0.000418917605683265460839,3,0.000003000000000000000000,6939.015790611363840000000000,89709380,True,0.000000000000000000000000,,whole 100-tick block occupied; conditional,certified_conditional,0.089710277093800000000000,0.000999999999715978102370,0.001000000006159924031243,0.000000000000284021897630,67175621,True,0.584429409722817649002336,0.584429409722818916538525,0.584441098427901057487346,0.587388194829815979003907,0.000000406065316011848010
monitor-only,0.000419140625000000000000,3,0.000003000000000000000000,6939.015790611363840000000000,89674770,True,0.000000000000000000000000,,whole 100-tick block occupied; conditional,certified_conditional,0.089675666747700000000000,0.000999999994064114350199,0.001000000000508060279072,0.000000000005935885649801,67175621,True,0.584654970400257989699800,0.584654970400259257235988,0.584666663616600059578237,0.587632896239548568725586,0.000000406223432166716121
monitor-only,0.000426766916442483874899,3,0.000003000000000000000000,6939.015790611363840000000000,88491289,True,0.000000000000000000000000,,whole 100-tick block occupied; conditional,certified_conditional,0.088492173912890000000000,0.000999999997934749787513,0.001000000004378695716386,0.000000000002065250212487,67175621,True,0.592474136070048023789600,0.592474136070049291325789,0.592485985671267338241166,0.595503081999746170043946,0.000000411904559812056459
monitor-only,0.000433906250000000000000,3,0.000003000000000000000000,6939.015790611363840000000000,87383375,True,0.000000000000000000000000,,whole 100-tick block occupied; conditional,certified_conditional,0.087384248833750000000000,0.000999999993582424614039,0.001000000000026370542912,0.000000000006417575385961,67175621,True,0.599985981315095058061158,0.599985981315096325597347,0.599997981154721657526259,0.603006030000000000000000,0.000000417755222374705226
monitor-only,0.000434616227201702288960,3,0.000003000000000000000000,6939.015790611363840000000000,87273198,True,0.000000000000000000000000,,whole 100-tick block occupied; conditional,certified_conditional,0.087274070731980000000000,0.000999999996153521472655,0.001000000002597467401528,0.000000000003846478527345,67175621,True,0.600743426406809851164519,0.600743426406811118700708,0.600755441395489775458730,0.603810038040000000000000,0.000000418368148971114585
monitor-only,0.000442465537960920703020,3,0.000003000000000000000000,6939.015790611363840000000000,86055107,True,0.000000000000000000000000,,whole 100-tick block occupied; conditional,certified_conditional,0.086055967551070000000000,0.000999999994372293157798,0.001000000000816239086671,0.000000000005627706842202,67175621,True,0.609246816693865077188491,0.609246816693866344724679,0.609259001752051437651584,0.612338965250829544067383,0.000000425561873821351747
monitor-only,0.000448671875000000000000,3,0.000003000000000000000000,6939.015790611363840000000000,85091981,True,0.000000000000000000000000,,whole 100-tick block occupied; conditional,certified_conditional,0.085092831919810000000000,0.000999999999544680806752,0.001000000005988626735625,0.000000000000455319193248,67175621,True,0.616142665664346750505401,0.616142665664348018041590,0.616154988640891704187893,0.619287192810000000000000,0.000000431852010229317159
monitor-only,0.000450314848720139117081,3,0.000003000000000000000000,6939.015790611363840000000000,84837017,True,0.000000000000000000000000,,whole 100-tick block occupied; conditional,certified_conditional,0.084837865370170000000000,0.000999999999035010771814,0.001000000005478956700687,0.000000000000964989228186,67175621,True,0.617994383277289749980311,0.617994383277291017516500,0.618006743288557309748853,0.621097122360210037231446,0.000000433616848842464490
monitor-only,0.000458164159479357531141,3,0.000003000000000000000000,6939.015790611363840000000000,83618926,True,0.000000000000000000000000,,whole 100-tick block occupied; conditional,certified_conditional,0.083619762189260000000000,0.000999999997253782456956,0.001000000003697728385829,0.000000000002746217543044,67175621,True,0.626996811702651466786271,0.626996811702652734322459,0.627009351764288037479258,0.630146216371248245239258,0.000000442697604365370538
monitor-only,0.000463437500000000000000,3,0.000003000000000000000000,6939.015790611363840000000000,82800586,True,0.000000000000000000000000,,whole 100-tick block occupied; conditional,certified_conditional,0.082801414005860000000000,0.000999999999062991070593,0.001000000005506936999466,0.000000000000937008929407,67175621,True,0.633193586335245834173570,0.633193586335247101709758,0.633206250333614424074097,0.636372363660000000000000,0.000000449476691253575603
monitor-only,0.000466013470238575945201,3,0.000003000000000000000000,6939.015790611363840000000000,82400835,True,0.000000000000000000000000,,whole 100-tick block occupied; conditional,certified_conditional,0.082401659008350000000000,0.000999999995472554142099,0.001000000001916500070972,0.000000000004527445857901,67175621,True,0.636265397067881020586500,0.636265397067882288122689,0.636278122503078631480966,0.639500175470313987731934,0.000000453013402190839214
monitor-only,0.000473862780997794359262,3,0.000003000000000000000000,6939.015790611363840000000000,81182744,True,0.000000000000000000000000,,whole 100-tick block occupied; conditional,certified_conditional,0.081183555827440000000000,0.000999999993691325827242,0.001000000000135271756115,0.000000000006308674172758,67175621,True,0.645812119876114911180719,0.645812119876116178716908,0.645825036247678050408280,0.649064256978551940917969,0.000000464834587453273262
monitor-only,0.000478203125000000000000,3,0.000003000000000000000000,6939.015790611363840000000000,80509191,True,0.000000000000000000000000,,whole 100-tick block occupied; conditional,certified_conditional,0.080509996091910000000000,0.000999999998581301334433,0.001000000005025247263306,0.000000000001418698665567,67175621,True,0.651215089218819115644119,0.651215089218820383180307,0.651228113650849713630356,0.654495715196211242675782,0.000000472143020913208060
monitor-only,0.000481712091757012773322,3,0.000003000000000000000000,6939.015790611363840000000000,79964654,True,0.000000000000000000000000,,whole 100-tick block occupied; conditional,certified_conditional,0.079965453646540000000000,0.000999999998354043441257,0.001000000004797989370130,0.000000000001645956558743,67175621,True,0.655649682420934996116579,0.655649682420936263652768,0.655662795545716563930125,0.658970363885888824462891,0.000000478516606574078349
monitor-only,0.000489561402516231187383,3,0.000003000000000000000000,6939.015790611363840000000000,78746563,True,0.000000000000000000000000,,whole 100-tick block occupied; conditional,certified_conditional,0.078747350465630000000000,0.000999999996572815126400,0.001000000003016761055273,0.000000000003427184873600,67175621,True,0.665791597786940238813227,0.665791597786941506349416,0.665804913752057530088861,0.669135691290000000000000,0.000000494536410742360612
monitor-only,0.000492968750000000000000,3,0.000003000000000000000000,6939.015790611363840000000000,78217796,True,0.000000000000000000000000,,whole 100-tick block occupied; conditional,certified_conditional,0.078218578177960000000000,0.000999999998099611598274,0.001000000004543557527147,0.000000000001900388401726,67175621,True,0.670292474106531337549533,0.670292474106532605085721,0.670305880090075204912902,0.673705694961080169677735,0.000000502375343300228088
monitor-only,0.000497410713275449601443,3,0.000003000000000000000000,6939.015790611363840000000000,77528472,True,0.000000000000000000000000,,whole 100-tick block occupied; conditional,certified_conditional,0.077529247284720000000000,0.000999999994791586811543,0.001000000001235532740416,0.000000000005208413188457,67175621,True,0.676252203190589785710313,0.676252203190591053246502,0.676265728369907291979035,0.679674989892787780761719,0.000000513549123581395495
monitor-only,0.000500000000000000000000,3,0.000003000000000000000000,6939.015790611363840000000000,77126655,True,0.000000000000000000000000,,whole 100-tick block occupied; conditional,certified_conditional,0.077127426266550000000000,0.000999999994494835284979,0.001000000000938781213851,0.000000000005505164715021,67175621,True,0.679775364301744333649461,0.679775364301745601185649,0.679788959944988702277765,0.683205831990000000000000,0.000000520624831337644402
monitor-only,0.000505260024034668015503,3,0.000003000000000000000000,6939.015790611363840000000000,76310382,True,0.000000000000000000000000,,whole 100-tick block occupied; conditional,certified_conditional,0.076311145103820000000000,0.000999999999454304425558,0.001000000005898250354431,0.000000000000545695574442,67175621,True,0.687046750729146548328308,0.687046750729147815864496,0.687060491801573756829304,0.690519949590866470336915,0.000000536479872699226240
monitor-only,0.000507734375000000000000,3,0.000003000000000000000000,6939.015790611363840000000000,75926401,True,0.000000000000000000000000,,whole 100-tick block occupied; conditional,certified_conditional,0.075927160264010000000000,0.000999999997617921862114,0.001000000004061867790987,0.000000000002382078137886,67175621,True,0.690521337894047577472683,0.690521337894048845008872,0.690535148458913008376487,0.694044656016347503662110,0.000000544720862426799689
monitor-only,0.000511489000000000000000,3,0.000003000000000000000000,6939.015790611363840000000000,75343742,True,0.000000000000000000000000,,whole 100-tick block occupied; conditional,certified_conditional,0.075344495437420000000000,0.000999999999526950702632,0.001000000005970896631505,0.000000000000473049297368,67175621,True,0.695861376250730316122873,0.695861376250731583659062,0.695875293617430899032970,0.699384193743613967895508,0.000000558339432831081613
monitor-only,0.000511490000000000000000,3,0.000003000000000000000000,6939.015790611363840000000000,75343586,True,0.000000000000000000000000,,whole 100-tick block occupied; conditional,certified_conditional,0.075344339435860000000000,0.000999999994271385798459,0.001000000000715331727331,0.000000000005728614201541,67175621,True,0.695862817041917174603809,0.695862817041918442139997,0.695876734437433869412194,0.699386264050669479370118,0.000000558343274809487449
monitor-only,0.000511491000000000000000,3,0.000003000000000000000000,6939.015790611363840000000000,75343431,True,0.000000000000000000000000,,whole 100-tick block occupied; conditional,certified_conditional,0.075344184434310000000000,0.000999999995459766823158,0.001000000001903712752031,0.000000000004540233176842,67175621,True,0.695864248603172216164901,0.695864248603173483701090,0.695878166027320422389232,0.699388321086525917053223,0.000000558347092269196824
monitor-only,0.000513109334793886429564,3,0.000003000000000000000000,6939.015790611363840000000000,75092291,True,0.000000000000000000000000,,whole 100-tick block occupied; conditional,certified_conditional,0.075093041922910000000000,0.000999999997673076110701,0.001000000004117022039574,0.000000000002326923889299,67175621,True,0.698191509432039467392223,0.698191509432040734928412,0.698205473401869707781920,0.701698016910000000000000,0.000000564678945709490601
monitor-only,0.000520958645553104843624,3,0.000003000000000000000000,6939.015790611363840000000000,73874200,True,0.000000000000000000000000,,whole 100-tick block occupied; conditional,certified_conditional,0.073874938742000000000000,0.000999999995891847795844,0.001000000002335793724717,0.000000000004108152204156,67175621,True,0.709703793746665996801171,0.709703793746667264337359,0.709717987964485009609180,0.713311379407154541015625,0.000000600197534073982994
monitor-only,0.000522500000000000000000,3,0.000003000000000000000000,6939.015790611363840000000000,73635006,True,0.000000000000000000000000,,whole 100-tick block occupied; conditional,certified_conditional,0.073635742350060000000000,0.000999999997136232125954,0.001000000003580178054827,0.000000000002863767874046,67175621,True,0.712009176722277354502865,0.712009176722278622039053,0.712023417048216960743962,0.715590043959884643554688,0.000000608283516719736213
monitor-only,0.000528807956312323257685,3,0.000003000000000000000000,6939.015790611363840000000000,72656109,True,0.000000000000000000000000,,whole 100-tick block occupied; conditional,certified_conditional,0.072656835561090000000000,0.000999999994110619480986,0.001000000000554565409859,0.000000000005889380519014,67175621,True,0.721602088545643890080547,0.721602088545645157616736,0.721616520731738565203045,0.725228146368683776855469,0.000000646310503307089102
monitor-only,0.000536657267071541671745,3,0.000003000000000000000000,6939.015790611363840000000000,71438019,True,0.000000000000000000000000,,whole 100-tick block occupied; conditional,certified_conditional,0.071438733380190000000000,0.000999999998773337095002,0.001000000005217283023875,0.000000000001226662904998,67175621,True,0.733906129171918313200466,0.733906129171919580736655,0.733920807441286346545008,0.737630981890306358337403,0.000000708588725523549444
monitor-only,0.000537265625000000000000,3,0.000003000000000000000000,6939.015790611363840000000000,71343611,True,0.000000000000000000000000,,whole 100-tick block occupied; conditional,certified_conditional,0.071344324436110000000000,0.000999999996654542389795,0.001000000003098488318668,0.000000000003345457610205,67175621,True,0.734877296861241783580251,0.734877296861243051116440,0.734891994554157838874420,0.738596567045405197143555,0.000000714339774275809054
monitor-only,0.000544506577830760085805,3,0.000003000000000000000000,6939.015790611363840000000000,70219928,True,0.000000000000000000000000,,whole 100-tick block occupied; conditional,certified_conditional,0.070220630199280000000000,0.000999999996992108780145,0.001000000003436054709018,0.000000000003007891219855,67175621,True,0.746637051521897822180194,0.746637051521899089716383,0.746651984412259065047012,0.750400127375990905761719,0.000000797339229200576220
monitor-only,0.000550974000000000000000,3,0.000003000000000000000000,6939.015790611363840000000000,69216285,True,0.000000000000000000000000,,whole 100-tick block occupied; conditional,certified_conditional,0.069216977162850000000000,0.000999999997937456902716,0.001000000004381402831589,0.000000000002062543097284,67175621,True,0.757463362848785602014424,0.757463362848786869550613,0.757478512267538666555055,0.761288262404488487243653,0.000000904829756538000931
monitor-only,0.000550975000000000000000,3,0.000003000000000000000000,6939.015790611363840000000000,69216130,True,0.000000000000000000000000,,whole 100-tick block occupied; conditional,certified_conditional,0.069216822161300000000000,0.000999999999125837927415,0.001000000005569783856288,0.000000000000874162072585,67175621,True,0.757465059083770735708934,0.757465059083772003245122,0.757480208536448839202628,0.761290501552171249389649,0.000000904849881892275634
monitor-only,0.000550976000000000000000,3,0.000003000000000000000000,6939.015790611363840000000000,69215974,True,0.000000000000000000000000,,whole 100-tick block occupied; conditional,certified_conditional,0.069216666159740000000000,0.000999999993870273023242,0.001000000000314218952114,0.000000000006129726976758,67175621,True,0.757466766269878050594564,0.757466766269879318130753,0.757481915756700217675192,0.761292755145968093872071,0.000000904870138420074060
monitor-only,0.000552031250000000000000,3,0.000003000000000000000000,6939.015790611363840000000000,69052216,True,0.000000000000000000000000,,whole 100-tick block occupied; conditional,certified_conditional,0.069052906522160000000000,0.000999999996172852653635,0.001000000002616798582508,0.000000000003827147346365,67175621,True,0.759263106052960794725381,0.759263106052962062261570,0.759278291466937895010223,0.763096743997015380859375,0.000000926897785872515926
monitor-only,0.000552355000000000000000,3,0.000003000000000000000000,6939.015790611363840000000000,69001975,True,0.000000000000000000000000,,whole 100-tick block occupied; conditional,certified_conditional,0.069002665019750000000000,0.000999999995885440149883,0.001000000002329386078756,0.000000000004114559850117,67175621,True,0.759815932804821257199519,0.759815932804822524735708,0.759831129275443961149648,0.763637605075808753967286,0.000000933976304700057694
monitor-only,0.000552355888589978499866,3,0.000003000000000000000000,6939.015790611363840000000000,69001837,True,0.000000000000000000000000,,whole 100-tick block occupied; conditional,certified_conditional,0.069002527018370000000000,0.000999999995210880465287,0.001000000001654826394160,0.000000000004789119534713,67175621,True,0.759817452396230498455240,0.759817452396231765991429,0.759832648897245334511515,0.763639604956627616882325,0.000000933995964728991697
monitor-only,0.000552356000000000000000,3,0.000003000000000000000000,6939.015790611363840000000000,69001820,True,0.000000000000000000000000,,whole 100-tick block occupied; conditional,certified_conditional,0.069002510018200000000000,0.000999999997073821174583,0.001000000003517767103456,0.000000000002926178825417,67175621,True,0.759817639592694167615405,0.759817639592695435151594,0.759832836097452970384730,0.763639851318757476806641,0.000000933998386699790144
monitor-only,0.000552357000000000000000,3,0.000003000000000000000000,6939.015790611363840000000000,69001665,True,0.000000000000000000000000,,whole 100-tick block occupied; conditional,certified_conditional,0.069002355016650000000000,0.000999999998262202199282,0.001000000004706148128155,0.000000000001737797800718,67175621,True,0.759819346388235070399334,0.759819346388236337935523,0.759834542927130125349237,0.763642097561706199645997,0.000000934020470216321829
monitor-only,0.000566796875000000000000,3,0.000003000000000000000000,6939.015790611363840000000000,66760821,True,0.000000000000000000000000,,whole 100-tick block occupied; conditional,resource_rejected,0.066761488608210000000000,0.000999999995691162917476,0.001000000002135108846349,0.000000000004308837082524,,False,0.785322876721362634068291,0.785322876721363901604480,0.785338583335965108643663,0.789300356194663619995118,
monitor-only,0.000581562500000000000000,3,0.000003000000000000000000,6939.015790611363840000000000,64469426,True,0.000000000000000000000000,,whole 100-tick block occupied; conditional,resource_rejected,0.064470070694260000000000,0.000999999995209473181316,0.001000000001653419110189,0.000000000004790526818684,,False,0.813235098448060622431084,0.813235098448061889967273,0.813251363312680131136565,0.817327331270767974853516,
monitor-only,0.000596328125000000000000,3,0.000003000000000000000000,6939.015790611363840000000000,62178031,True,0.000000000000000000000000,,whole 100-tick block occupied; conditional,resource_rejected,0.062178652780310000000000,0.000999999994727783445156,0.001000000001171729374029,0.000000000005272216554844,,False,0.843204571724054121198334,0.843204571724055388734523,0.843221435984133104368535,0.847439895950263977050782,
monitor-only,0.000611093750000000000000,3,0.000003000000000000000000,6939.015790611363840000000000,59886636,True,0.000000000000000000000000,,whole 100-tick block occupied; conditional,resource_rejected,0.059887234866360000000000,0.000999999994246093708997,0.001000000000690039637870,0.000000000005753906291003,,False,0.875467441517335554559465,0.875467441517336822095654,0.875484951041263041843374,0.879872831865984344482422,
monitor-only,0.000625859375000000000000,3,0.000003000000000000000000,6939.015790611363840000000000,57595241,True,0.000000000000000000000000,,whole 100-tick block occupied; conditional,resource_rejected,0.057595816952410000000000,0.000999999993764403972837,0.001000000000208349901710,0.000000000006235596027163,,False,0.910297432386817575743348,0.910297432386818843279536,0.910315638517528520502255,0.914877180012814903259278,
monitor-only,0.000640625000000000000000,3,0.000003000000000000000000,6939.015790611363840000000000,55303847,True,0.000000000000000000000000,,whole 100-tick block occupied; conditional,resource_rejected,0.055304400038470000000000,0.000999999999726660165551,0.001000000006170606094424,0.000000000000273339834449,,False,0.948013616484942990497321,0.948013616484944258033509,0.948032576946879210017271,0.952773890430806732177735,
monitor-only,0.000655390625000000000000,3,0.000003000000000000000000,6939.015790611363840000000000,53012452,True,0.000000000000000000000000,,whole 100-tick block occupied; conditional,resource_rejected,0.053012982124520000000000,0.000999999999244970429391,0.001000000005688916358264,0.000000000000755029570609,,False,0.988990284773093808269788,0.988990284773095075805976,0.989010064776591206417879,0.993955116168717193603516,
monitor-only,0.000670156250000000000000,3,0.000003000000000000000000,6939.015790611363840000000000,50721057,True,0.000000000000000000000000,,whole 100-tick block occupied; conditional,resource_rejected,0.050721564210570000000000,0.000999999998763280693231,0.001000000005207226622104,0.000000000001236719306769,,False,1.033669310164414906704574,1.033669310164416174240762,1.033689983757356025711843,1.000000000000000000000000,
monitor-only,0.000684921875000000000000,3,0.000003000000000000000000,6939.015790611363840000000000,48429662,True,0.000000000000000000000000,,whole 100-tick block occupied; conditional,resource_rejected,0.048430146296620000000000,0.000999999998281590957072,0.001000000004725536885945,0.000000000001718409042928,,False,1.082576211248386769802882,1.082576211248388037339071,1.082597862989131046278988,1.000000000000000000000000,
monitor-only,0.000699687500000000000000,3,0.000003000000000000000000,6939.015790611363840000000000,46138267,True,0.000000000000000000000000,,whole 100-tick block occupied; conditional,resource_rejected,0.046138728382670000000000,0.000999999997799901220912,0.001000000004243847149785,0.000000000002200098779088,,False,1.136340903311343938406669,1.136340903311345205942858,1.136363630356682519969198,1.000000000000000000000000,
monitor-only,0.000714453125000000000000,3,0.000003000000000000000000,6939.015790611363840000000000,43846872,True,0.000000000000000000000000,,whole 100-tick block occupied; conditional,resource_rejected,0.043847310468720000000000,0.000999999997318211484753,0.001000000003762157413626,0.000000000002681788515247,,False,1.195724976687047874504058,1.195724976687049142040247,1.195748891425730903589784,1.000000000000000000000000,
monitor-only,0.000729218750000000000000,3,0.000003000000000000000000,6939.015790611363840000000000,41555477,True,0.000000000000000000000000,,whole 100-tick block occupied; conditional,resource_rejected,0.041555892554770000000000,0.000999999996836521748593,0.001000000003280467677466,0.000000000003163478251407,,False,1.261657999979159754644725,1.261657999979161022180914,1.261683233391495362493842,1.000000000000000000000000,
monitor-only,0.000743984375000000000000,3,0.000003000000000000000000,6939.015790611363840000000000,39264082,True,0.000000000000000000000000,,whole 100-tick block occupied; conditional,resource_rejected,0.039264474640820000000000,0.000999999996354832012433,0.001000000002798777941306,0.000000000003645167987567,,False,1.335286534904852101614844,1.335286534904853369151033,1.335313240902612077554581,1.000000000000000000000000,
monitor-only,0.000758750000000000000000,3,0.000003000000000000000000,6939.015790611363840000000000,36972687,True,0.000000000000000000000000,,whole 100-tick block occupied; conditional,resource_rejected,0.036973056726870000000000,0.000999999995873142276274,0.001000000002317088205147,0.000000000004126857723726,,False,1.418041377409220394717068,1.418041377409221662253257,1.418069738520381592034881,1.000000000000000000000000,
monitor-only,0.000773515625000000000000,3,0.000003000000000000000000,6939.015790611363840000000000,34681292,True,0.000000000000000000000000,,whole 100-tick block occupied; conditional,resource_rejected,0.034681638812920000000000,0.000999999995391452540114,0.001000000001835398468987,0.000000000004608547459886,,False,1.511731454525972620054168,1.511731454525973887590357,1.511761689457414355221866,1.000000000000000000000000,
monitor-only,0.000788281250000000000000,3,0.000003000000000000000000,6939.015790611363840000000000,32389897,True,0.000000000000000000000000,,whole 100-tick block occupied; conditional,resource_rejected,0.032390220898970000000000,0.000999999994909762803955,0.001000000001353708732828,0.000000000005090237196045,,False,1.618677577146972078124135,1.618677577146973345660324,1.618709951022255671699579,1.000000000000000000000000,
monitor-only,0.000803046875000000000000,3,0.000003000000000000000000,6939.015790611363840000000000,30098502,True,0.000000000000000000000000,,whole 100-tick block occupied; conditional,resource_rejected,0.030098802985020000000000,0.000999999994428073067795,0.001000000000872018996668,0.000000000005571926932205,,False,1.741907288276339497710874,1.741907288276340765247063,1.741942126770491867322470,1.000000000000000000000000,
monitor-only,0.000817812500000000000000,3,0.000003000000000000000000,6939.015790611363840000000000,27807107,True,0.000000000000000000000000,,whole 100-tick block occupied; conditional,resource_rejected,0.027807385071070000000000,0.000999999993946383331635,0.001000000000390329260508,0.000000000006053616668365,,False,1.885446048019306085194076,1.885446048019307352730265,1.885483757317361353166405,1.000000000000000000000000,
monitor-only,0.000832578125000000000000,3,0.000003000000000000000000,6939.015790611363840000000000,25515713,True,0.000000000000000000000000,,whole 100-tick block occupied; conditional,resource_rejected,0.025515968157130000000000,0.000999999999908639524349,0.001000000006352585453222,0.000000000000091360475651,,False,2.054765234269564947252510,2.054765234269566214788699,2.054806329985209396293891,1.000000000000000000000000,
monitor-only,0.000847343750000000000000,3,0.000003000000000000000000,6939.015790611363840000000000,23224318,True,0.000000000000000000000000,,whole 100-tick block occupied; conditional,resource_rejected,0.023224550243180000000000,0.000999999999426949788189,0.001000000005870895717062,0.000000000000573050211811,,False,2.257495785236836030283784,2.257495785236837297819973,2.257540935604046340405436,1.000000000000000000000000,
monitor-only,0.000862109375000000000000,3,0.000003000000000000000000,6939.015790611363840000000000,20932923,True,0.000000000000000000000000,,whole 100-tick block occupied; conditional,resource_rejected,0.020933132329230000000000,0.000999999998945260052030,0.001000000005389205980902,0.000000000001054739947970,,False,2.504609604688269609236191,2.504609604688270876772380,2.504659697381292206152290,1.000000000000000000000000,
monitor-only,0.000876875000000000000000,3,0.000003000000000000000000,6939.015790611363840000000000,18641528,True,0.000000000000000000000000,,whole 100-tick block occupied; conditional,resource_rejected,0.018641714415280000000000,0.000999999998463570315870,0.001000000004907516244743,0.000000000001536429684130,,False,2.812473312273542607966167,2.812473312273543875502356,2.812529562302290267592867,1.000000000000000000000000,
monitor-only,0.000891640625000000000000,3,0.000003000000000000000000,6939.015790611363840000000000,16350133,True,0.000000000000000000000000,,whole 100-tick block occupied; conditional,resource_rejected,0.016350296501330000000000,0.000999999997981880579710,0.001000000004425826508583,0.000000000002018119420290,,False,3.206628349751038088669209,3.206628349751039356205398,3.206692482959367094018981,1.000000000000000000000000,
monitor-only,0.000906406250000000000000,3,0.000003000000000000000000,6939.015790611363840000000000,14058738,True,0.000000000000000000000000,,whole 100-tick block occupied; conditional,resource_rejected,0.014058878587380000000000,0.000999999997500190843551,0.001000000003944136772424,0.000000000002499809156449,,False,3.729267875964399584800599,3.729267875964400852336788,3.729342462067781807912471,1.000000000000000000000000,
monitor-only,0.000921171875000000000000,3,0.000003000000000000000000,6939.015790611363840000000000,11767343,True,0.000000000000000000000000,,whole 100-tick block occupied; conditional,resource_rejected,0.011767460673430000000000,0.000999999997018501107391,0.001000000003462447036264,0.000000000002981498892609,,False,4.455449288764676320069318,4.455449288764677587605507,4.455538398641552283653300,1.000000000000000000000000,
monitor-only,0.000935937500000000000000,3,0.000003000000000000000000,6939.015790611363840000000000,9475948,True,0.000000000000000000000000,,whole 100-tick block occupied; conditional,resource_rejected,0.009476042759480000000000,0.000999999996536811371232,0.001000000002980757300104,0.000000000003463188628768,,False,5.532829010881021507763286,5.532829010881022775299475,5.532939668567817897455283,1.000000000000000000000000,
monitor-only,0.000950703125000000000000,3,0.000003000000000000000000,6939.015790611363840000000000,7184553,True,0.000000000000000000000000,,whole 100-tick block occupied; conditional,resource_rejected,0.007184624845530000000000,0.000999999996055121635072,0.001000000002499067563945,0.000000000003944878364928,,False,7.297433813906028036352371,7.297433813906029303888560,7.297579764041809416024840,1.000000000000000000000000,
monitor-only,0.000965468750000000000000,3,0.000003000000000000000000,6939.015790611363840000000000,4893158,True,0.000000000000000000000000,,whole 100-tick block occupied; conditional,resource_rejected,0.004893206931580000000000,0.000999999995573431898912,0.001000000002017377827785,0.000000000004426568101088,,False,10.714716344740962155498061,10.714716344740963423034249,10.714930641210823574653307,1.000000000000000000000000,
monitor-only,0.000980234375000000000000,3,0.000003000000000000000000,6939.015790611363840000000000,2601763,True,0.000000000000000000000000,,whole 100-tick block occupied; conditional,resource_rejected,0.002601789017630000000000,0.000999999995091742162753,0.001000000001535688091626,0.000000000004908257837247,,False,20.151258973242373863832187,20.151258973242375131368375,20.151662002452132710195872,1.000000000000000000000000,
monitor-only,0.000995000000000000000000,3,0.000003000000000000000000,6939.015790611363840000000000,310368,True,0.000000000000000000000000,,whole 100-tick block occupied; conditional,resource_rejected,0.000310371103680000000000,0.000999999994610052426593,0.001000000001053998355466,0.000000000005389947573407,,False,168.924631405299514780192108,168.924631405299516047728296,168.928009931712886805505910,1.000000000000000000000000,
ERR-only,0.000050000000000000000000,3,0.000003000000000000000000,6939.015790611363840000000000,146959644,True,0.000000000000000000000000,,whole 100-tick block occupied; conditional,certified_conditional,0.146961113596440000000000,0.000999999999662411825316,0.001000000006106357754189,0.000000000000337588174684,67175621,True,0.356756443966344303757748,0.356756443966345571293937,0.356763579166577534274073,0.358587585840000000000000,0.000000326189956242581787
ERR-only,0.000057678021883519400903,3,0.000003000000000000000000,6939.015790611363840000000000,145768134,True,0.000000000000000000000000,,whole 100-tick block occupied; conditional,certified_conditional,0.145769591681340000000000,0.000999999995532219868058,0.001000000001976165796931,0.000000000004467780131942,67175621,True,0.359672574254122698839017,0.359672574254123966375206,0.359679767777544916813119,0.361602615990000000000000,0.000000326705790741074603
ERR-only,0.000064781250000000000000,3,0.000003000000000000000000,6939.015790611363840000000000,144665824,True,0.000000000000000000000000,,whole 100-tick block occupied; conditional,certified_conditional,0.144667270658240000000000,0.000999999997611844572355,0.001000000004055790501228,0.000000000002388155427645,67175621,True,0.362413170922801423475225,0.362413170922802691011414,0.362420419258705139838803,0.364261984041733398437500,0.000000327196661221758481
ERR-only,0.000065356043767038801805,3,0.000003000000000000000000,6939.015790611363840000000000,144576625,True,0.000000000000000000000000,,whole 100-tick block occupied; conditional,certified_conditional,0.144578070766250000000000,0.000999999997845973839673,0.001000000004289919768546,0.000000000002154026160327,67175621,True,0.362636767873090884310987,0.362636767873092151847175,0.362644020680978326301038,0.364528033477882270812989,0.000000327236973447273254
ERR-only,0.000073034065650558202708,3,0.000003000000000000000000,6939.015790611363840000000000,143385115,True,0.000000000000000000000000,,whole 100-tick block occupied; conditional,certified_conditional,0.143386548851150000000000,0.000999999993715781882415,0.001000000000159727811288,0.000000000006284218117585,67175621,True,0.365650228058888184642380,0.365650228058889452178569,0.365657541136582040642578,0.367579039315637664794922,0.000000327784200647311024
ERR-only,0.000079562500000000000000,3,0.000003000000000000000000,6939.015790611363840000000000,142372004,True,0.000000000000000000000000,,whole 100-tick block occupied; conditional,certified_conditional,0.142373427720040000000000,0.000999999995561277319395,0.001000000002005223248267,0.000000000004438722680605,67175621,True,0.368252174072087302846185,0.368252174072088570382374,0.368259539189221817235331,0.370196379275789947509766,0.000000328262665095746474
ERR-only,0.000080712087534077603610,3,0.000003000000000000000000,6939.015790611363840000000000,142193606,True,0.000000000000000000000000,,whole 100-tick block occupied; conditional,certified_conditional,0.142195027936060000000000,0.000999999996029535854031,0.001000000002473481782904,0.000000000003970464145969,67175621,True,0.368714188175239819730216,0.368714188175241087266404,0.368721562532748800914367,0.370647706440000000000000,0.000000328348209468371462
ERR-only,0.000088390109417597004513,3,0.000003000000000000000000,6939.015790611363840000000000,141002097,True,0.000000000000000000000000,,whole 100-tick block occupied; conditional,certified_conditional,0.141003507020970000000000,0.000999999998343289825646,0.001000000004787235754519,0.000000000001656710174354,67175621,True,0.371829931011592761186876,0.371829931011594028723064,0.371837367684581624228675,0.373753232294586906433106,0.000000328929784381057373
ERR-only,0.000094343750000000000000,3,0.000003000000000000000000,6939.015790611363840000000000,140078185,True,0.000000000000000000000000,,whole 100-tick block occupied; conditional,certified_conditional,0.140079585781850000000000,0.000999999999954655995307,0.001000000006398601924180,0.000000000000045344004693,67175621,True,0.374282405215343925415050,0.374282405215345192951239,0.374289890938307363225882,0.376275762720000000000000,0.000000329393365758502114
ERR-only,0.000096068131301116405415,3,0.000003000000000000000000,6939.015790611363840000000000,139810587,True,0.000000000000000000000000,,whole 100-tick block occupied; conditional,certified_conditional,0.139811985105870000000000,0.000999999994213097868388,0.001000000000657043797261,0.000000000005786902131612,67175621,True,0.374998783175124723512610,0.374998783175125991048799,0.375006283225790633964130,0.376885523905587196350098,0.000000329529759524173512
ERR-only,0.000100000000000000000000,3,0.000003000000000000000000,6939.015790611363840000000000,139200423,True,0.000000000000000000000000,,whole 100-tick block occupied; conditional,certified_conditional,0.139201815004230000000000,0.000999999999088236654167,0.001000000005532182583040,0.000000000000911763345833,67175621,True,0.376642533622185270077902,0.376642533622186537614091,0.376650066548188875117299,0.378609712056887092590333,0.000000329844411790625105
ERR-only,0.000103746153184635806318,3,0.000003000000000000000000,6939.015790611363840000000000,138619078,True,0.000000000000000000000000,,whole 100-tick block occupied; conditional,certified_conditional,0.138620464190780000000000,0.000999999996526851840003,0.001000000002970797768876,0.000000000003473148159997,67175621,True,0.378222108792268205301806,0.378222108792269472837995,0.378229673310091130193106,0.380163254846633987426758,0.000000330149021114582385
ERR-only,0.000109125000000000000000,3,0.000003000000000000000000,6939.015790611363840000000000,137784365,True,0.000000000000000000000000,,whole 100-tick block occupied; conditional,certified_conditional,0.137785742843650000000000,0.000999999997904088742346,0.001000000004348034671219,0.000000000002095911257654,67175621,True,0.380513420372477767536727,0.380513420372479035072916,0.380521030716990563517983,0.382506825030000000000000,0.000000330594838375838915
ERR-only,0.000111424175068155207220,3,0.000003000000000000000000,6939.015790611363840000000000,137427569,True,0.000000000000000000000000,,whole 100-tick block occupied; conditional,certified_conditional,0.137428943275690000000000,0.000999999998840605811619,0.001000000005284551740491,0.000000000001159394188381,67175621,True,0.381501327437436609991926,0.381501327437437877528115,0.381508957540288288538856,0.383511835080000000000000,0.000000330788514844981950
ERR-only,0.000119102196951674608123,3,0.000003000000000000000000,6939.015790611363840000000000,136236059,True,0.000000000000000000000000,,whole 100-tick block occupied; conditional,certified_conditional,0.136237421360590000000000,0.000999999994710413854361,0.001000000001154359783234,0.000000000005289586145639,67175621,True,0.384837908442433098111951,0.384837908442434365648139,0.384845605277572199462871,0.386836371214056854248047,0.000000331449249263600443
ERR-only,0.000123906250000000000000,3,0.000003000000000000000000,6939.015790611363840000000000,135490545,True,0.000000000000000000000000,,whole 100-tick block occupied; conditional,certified_conditional,0.135491899905450000000000,0.000999999995853521489386,0.001000000002297467418259,0.000000000004146478510614,67175621,True,0.386955414490361036856229,0.386955414490362304392417,0.386963153676044602210564,0.388938889350000000000000,0.000000331873941592052876
ERR-only,0.000126780218835194009025,3,0.000003000000000000000000,6939.015790611363840000000000,135044550,True,0.000000000000000000000000,,whole 100-tick block occupied; conditional,certified_conditional,0.135045900445500000000000,0.000999999997024167825976,0.001000000003468113754849,0.000000000002975832174024,67175621,True,0.388233364471205349738830,0.388233364471206617275019,0.388241129216144124531518,0.390240839767221603393555,0.000000332132299335717388
ERR-only,0.000134458240718713409928,3,0.000003000000000000000000,6939.015790611363840000000000,133853041,True,0.000000000000000000000000,,whole 100-tick block occupied; conditional,certified_conditional,0.133854379530410000000000,0.000999999999337921797591,0.001000000005781867726464,0.000000000000662078202409,67175621,True,0.391689270623294357340849,0.391689270623295624877038,0.391697104487047362055988,0.393762937590000000000000,0.000000332838815617532324
ERR-only,0.000138687500000000000000,3,0.000003000000000000000000,6939.015790611363840000000000,133196725,True,0.000000000000000000000000,,whole 100-tick block occupied; conditional,certified_conditional,0.133198056967250000000000,0.000999999993802954236425,0.001000000000246900165298,0.000000000006197045763575,67175621,True,0.393619287561311402995572,0.393619287561312670531761,0.393627160025789175299300,0.395630955739310913085938,0.000000333238450496745965
ERR-only,0.000142136262602232810830,3,0.000003000000000000000000,6939.015790611363840000000000,132661531,True,0.000000000000000000000000,,whole 100-tick block occupied; conditional,certified_conditional,0.132662857615310000000000,0.000999999995207729840334,0.001000000001651675769206,0.000000000004792270159666,67175621,True,0.395207258689031079577653,0.395207258689032347113842,0.395215162913249003676431,0.397208338367103576660157,0.000000333570029142543946
ERR-only,0.000149814284485752211733,3,0.000003000000000000000000,6939.015790611363840000000000,131470022,True,0.000000000000000000000000,,whole 100-tick block occupied; conditional,certified_conditional,0.131471336700220000000000,0.000999999997521483811949,0.001000000003965429740822,0.000000000002478516188051,67175621,True,0.398789010623272860473810,0.398789010623274128009998,0.398796986483245826958629,0.400798007940000000000000,0.000000334327256642680821
ERR-only,0.000153468750000000000000,3,0.000003000000000000000000,6939.015790611363840000000000,130902906,True,0.000000000000000000000000,,whole 100-tick block occupied; conditional,certified_conditional,0.130904215029060000000000,0.000999999998196332912337,0.001000000004640278841210,0.000000000001803667087663,67175621,True,0.400516700523057272983036,0.400516700523058540519225,0.400524710937173776591477,0.402607026030000000000000,0.000000334697213666992549
ERR-only,0.000157492306369271612635,3,0.000003000000000000000000,6939.015790611363840000000000,130278513,True,0.000000000000000000000000,,whole 100-tick block occupied; conditional,certified_conditional,0.130279815785130000000000,0.000999999999835237783564,0.001000000006279183712437,0.000000000000164762216436,67175621,True,0.402436278958755980225496,0.402436278958757247761685,0.402444327764825117334417,0.404516191549205169677735,0.000000335111912156707870
ERR-only,0.000165170328252791013538,3,0.000003000000000000000000,6939.015790611363840000000000,129087003,True,0.000000000000000000000000,,whole 100-tick block occupied; conditional,certified_conditional,0.129088293870030000000000,0.000999999995705045826306,0.001000000002148991755179,0.000000000004294954173694,67175621,True,0.406150881045707740141555,0.406150881045709007677744,0.406159004144561544132342,0.408235082310000000000000,0.000000335925514098196525
ERR-only,0.000168250000000000000000,3,0.000003000000000000000000,6939.015790611363840000000000,128609086,True,0.000000000000000000000000,,whole 100-tick block occupied; conditional,certified_conditional,0.128610372090860000000000,0.000999999996145765659377,0.001000000002589711588250,0.000000000003854234340623,67175621,True,0.407660155519649043238396,0.407660155519650310774585,0.407668308804294183968614,0.409799657816358184814454,0.000000336260347881275696
ERR-only,0.000172848350136310414440,3,0.000003000000000000000000,6939.015790611363840000000000,127895494,True,0.000000000000000000000000,,whole 100-tick block occupied; conditional,certified_conditional,0.127896772954940000000000,0.000999999998018799797921,0.001000000004462745726794,0.000000000001981200202079,67175621,True,0.409934692460704823141904,0.409934692460706090678093,0.409942891236543696925050,0.412054120500000000000000,0.000000336769692901452558
ERR-only,0.000180526372019829815343,3,0.000003000000000000000000,6939.015790611363840000000000,126703984,True,0.000000000000000000000000,,whole 100-tick block occupied; conditional,certified_conditional,0.126705251039840000000000,0.000999999993888607840664,0.001000000000332553769537,0.000000000006111392159336,67175621,True,0.413789672154270379525379,0.413789672154271647061567,0.413797948030474128268402,0.415873158690000000000000,0.000000337646206790180106
ERR-only,0.000183031250000000000000,3,0.000003000000000000000000,6939.015790611363840000000000,126315266,True,0.000000000000000000000000,,whole 100-tick block occupied; conditional,certified_conditional,0.126316529152660000000000,0.000999999994095198406416,0.001000000000539144335289,0.000000000005904801593584,67175621,True,0.415063053423803263379223,0.415063053423804530915411,0.415071354767887081580617,0.417241082110815048217774,0.000000337939469209583951
ERR-only,0.000188204393903349216245,3,0.000003000000000000000000,6939.015790611363840000000000,125512475,True,0.000000000000000000000000,,whole 100-tick block occupied; conditional,certified_conditional,0.125513730124750000000000,0.000999999996202361812279,0.001000000002646307741152,0.000000000003797638187721,67175621,True,0.417717840397935906006139,0.417717840397937173542328,0.417726194838290169564840,0.419893198890000000000000,0.000000338556948306413958
ERR-only,0.000195882415786868617148,3,0.000003000000000000000000,6939.015790611363840000000000,124320966,True,0.000000000000000000000000,,whole 100-tick block occupied; conditional,certified_conditional,0.124322209209660000000000,0.000999999998516115783894,0.001000000004960061712767,0.000000000001483884216106,67175621,True,0.421721304836063783556333,0.421721304836065051092522,0.421729739346507510567220,0.423913239090000000000000,0.000000339503963054330108
ERR-only,0.000197812500000000000000,3,0.000003000000000000000000,6939.015790611363840000000000,124021447,True,0.000000000000000000000000,,whole 100-tick block occupied; conditional,certified_conditional,0.124022687214470000000000,0.000999999998488577082329,0.001000000004932523011202,0.000000000001511422917671,67175621,True,0.422739786288736990781634,0.422739786288738258317822,0.422748241169013469584182,0.424918249140000000000000,0.000000339747983896317883
ERR-only,0.000200000000000000000000,3,0.000003000000000000000000,6939.015790611363840000000000,123681981,True,0.000000000000000000000000,,whole 100-tick block occupied; conditional,certified_conditional,0.123683217819810000000000,0.000999999997939886311870,0.001000000004383832240743,0.000000000002060113688130,67175621,True,0.423900066736478950917730,0.423900066736480218453919,0.423908544822596442969614,0.426124261200000000000000,0.000000340027535415756932
ERR-only,0.000203560437670388018050,3,0.000003000000000000000000,6939.015790611363840000000000,123129456,True,0.000000000000000000000000,,whole 100-tick block occupied; conditional,certified_conditional,0.123130687294560000000000,0.000999999994385923826636,0.001000000000829869755509,0.000000000005614076173364,67175621,True,0.425802254823573020289144,0.425802254823574287825333,0.425810770953832695644249,0.427948574708236694335938,0.000000340489462958017223
ERR-only,0.000211238459553907418953,3,0.000003000000000000000000,6939.015790611363840000000000,121937947,True,0.000000000000000000000000,,whole 100-tick block occupied; conditional,certified_conditional,0.121939166379470000000000,0.000999999996699677798252,0.001000000003143623727124,0.000000000003300322201748,67175621,True,0.429962954846204871069542,0.429962954846206138605731,0.429971554191297147387672,0.432154321500000000000000,0.000000341515840877874927
ERR-only,0.000212593750000000000000,3,0.000003000000000000000000,6939.015790611363840000000000,121727627,True,0.000000000000000000000000,,whole 100-tick block occupied; conditional,certified_conditional,0.121728844276270000000000,0.000999999996438009829368,0.001000000002881955758241,0.000000000003561990170632,67175621,True,0.430705841328853990170315,0.430705841328855257706504,0.430714455531824498253144,0.432958329540000000000000,0.000000341701449695610830
ERR-only,0.000218916481437426819855,3,0.000003000000000000000000,6939.015790611363840000000000,120746438,True,0.000000000000000000000000,,whole 100-tick block occupied; conditional,certified_conditional,0.120747645464380000000000,0.000999999999013431769867,0.001000000005457377698740,0.000000000000986568230133,67175621,True,0.434205769283230727475042,0.434205769283231995011231,0.434214453485460315683419,0.436398650556805496215821,0.000000342585694995218630
ERR-only,0.000226594503320946220758,3,0.000003000000000000000000,6939.015790611363840000000000,119554928,True,0.000000000000000000000000,,whole 100-tick block occupied; conditional,certified_conditional,0.119556123549280000000000,0.000999999994883239812609,0.001000000001327185741482,0.000000000005116760187391,67175621,True,0.438533156910101808851419,0.438533156910103076387607,0.438541927660949420661659,0.440797407930000000000000,0.000000343701848442306511
ERR-only,0.000227375000000000000000,3,0.000003000000000000000000,6939.015790611363840000000000,119433807,True,0.000000000000000000000000,,whole 100-tick block occupied; conditional,certified_conditional,0.119435001338070000000000,0.000999999994387442576408,0.001000000000831388505280,0.000000000005612557423592,67175621,True,0.438977885047237289410558,0.438977885047238556946747,0.438986664692736590447302,0.441199411950000000000000,0.000000343818019751726029
ERR-only,0.000234272525204465621660,3,0.000003000000000000000000,6939.015790611363840000000000,118363419,True,0.000000000000000000000000,,whole 100-tick block occupied; conditional,certified_conditional,0.118364602634190000000000,0.000999999997196993784224,0.001000000003640939713097,0.000000000002803006215776,67175621,True,0.442947664430003707353549,0.442947664430004974889738,0.442956523471884627534843,0.445219452150000000000000,0.000000344867371186837585
ERR-only,0.000241950547087985022563,3,0.000003000000000000000000,6939.015790611363840000000000,117171910,True,0.000000000000000000000000,,whole 100-tick block occupied; conditional,certified_conditional,0.117173081719100000000000,0.000999999999510747755839,0.001000000005954693684712,0.000000000000489252244161,67175621,True,0.447451953288121067073003,0.447451953288122334609192,0.447460902416680016381783,0.449767604408431930541993,0.000000346085613881158461
ERR-only,0.000242156250000000000000,3,0.000003000000000000000000,6939.015790611363840000000000,117139988,True,0.000000000000000000000000,,whole 100-tick block occupied; conditional,certified_conditional,0.117141159399880000000000,0.000999999998780821252320,0.001000000005224767181193,0.000000000001219178747680,67175621,True,0.447573889114620071161464,0.447573889114621338697653,0.447582840681919937859499,0.449842498380000000000000,0.000000346119010506194725
ERR-only,0.000242937500000000000000,3,0.000003000000000000000000,6939.015790611363840000000000,117018750,True,0.000000000000000000000000,,whole 100-tick block occupied; conditional,certified_conditional,0.117019920187500000000000,0.000999999997664296558746,0.001000000004108242487619,0.000000000002335703441254,67175621,True,0.448037600811835076321101,0.448037600811836343857290,0.448046561653461630586115,0.450338424900610351562500,0.000000346246218868868532
ERR-only,0.000249628568971504423465,3,0.000003000000000000000000,6939.015790611363840000000000,115980400,True,0.000000000000000000000000,,whole 100-tick block occupied; conditional,certified_conditional,0.115981559804000000000000,0.000999999995380555798582,0.001000000001824501727455,0.000000000004619444201418,67175621,True,0.452048794451475650155741,0.452048794451476917691930,0.452057835517777243982627,0.454382482194421386718750,0.000000347360237403761176
ERR-only,0.000256937500000000000000,3,0.000003000000000000000000,6939.015790611363840000000000,114846168,True,0.000000000000000000000000,,whole 100-tick block occupied; conditional,certified_conditional,0.114847316461680000000000,0.000999999996730253999359,0.001000000003174199928232,0.000000000003269746000641,67175621,True,0.456513272606535093222814,0.456513272606536360759003,0.456522402963292692798619,0.458887588830000000000000,0.000000348629625545129537
ERR-only,0.000257306590855023824368,3,0.000003000000000000000000,6939.015790611363840000000000,114788891,True,0.000000000000000000000000,,whole 100-tick block occupied; conditional,certified_conditional,0.114790038888910000000000,0.000999999997694309770197,0.001000000004138255699070,0.000000000002305690229803,67175621,True,0.456741062164281448197485,0.456741062164282715733674,0.456750197076875761067523,0.459088590840000000000000,0.000000348695246172645783
ERR-only,0.000264984612738543225270,3,0.000003000000000000000000,6939.015790611363840000000000,113597381,True,0.000000000000000000000000,,whole 100-tick block occupied; conditional,certified_conditional,0.113598516973810000000000,0.000999999993564117812939,0.001000000000008063741812,0.000000000006435882187061,67175621,True,0.461531767180441668858583,0.461531767180442936394772,0.461540997908094455517772,0.463912639080000000000000,0.000000350095037829997292
ERR-only,0.000271718750000000000000,3,0.000003000000000000000000,6939.015790611363840000000000,112552348,True,0.000000000000000000000000,,whole 100-tick block occupied; conditional,certified_conditional,0.112553473523480000000000,0.000999999994679686746399,0.001000000001123632675272,0.000000000005320313253601,67175621,True,0.465817025869597395408516,0.465817025869598662944705,0.465826342303281025490670,0.468180231476862640380860,0.000000351379876431223949
ERR-only,0.000272662634622062626173,3,0.000003000000000000000000,6939.015790611363840000000000,112405872,True,0.000000000000000000000000,,whole 100-tick block occupied; conditional,certified_conditional,0.112406996058720000000000,0.000999999995877871784554,0.001000000002321817713427,0.000000000004122128215446,67175621,True,0.466424031655569815434061,0.466424031655571082970250,0.466433360229490567335834,0.468798209998127441406250,0.000000351564442605762279
ERR-only,0.000280340656505582027075,3,0.000003000000000000000000,6939.015790611363840000000000,111214363,True,0.000000000000000000000000,,whole 100-tick block occupied; conditional,certified_conditional,0.111215475143630000000000,0.000999999998191625756170,0.001000000004635571685042,0.000000000001808374243830,67175621,True,0.471421123906450190393889,0.471421123906451457930078,0.471430552423215388347621,0.473816546116203269958497,0.000000353108787146873464
ERR-only,0.000286500000000000000000,3,0.000003000000000000000000,6939.015790611363840000000000,110258529,True,0.000000000000000000000000,,whole 100-tick block occupied; conditional,certified_conditional,0.110259631585290000000000,0.000999999999073065422311,0.001000000005517011351184,0.000000000000926934577689,67175621,True,0.475507885652999507381984,0.475507885653000774918173,0.475517395905816996844971,0.477982779780000000000000,0.000000354405790770672412
ERR-only,0.000288018678389101427978,3,0.000003000000000000000000,6939.015790611363840000000000,110022853,True,0.000000000000000000000000,,whole 100-tick block occupied; conditional,certified_conditional,0.110023953228530000000000,0.000999999994061433798912,0.001000000000505379727785,0.000000000005938566201088,67175621,True,0.476526454008604287611285,0.476526454008605555147474,0.476535984632992604878155,0.478987789830000000000000,0.000000354733955768945378
ERR-only,0.000295696700272620828880,3,0.000003000000000000000000,6939.015790611363840000000000,108831344,True,0.000000000000000000000000,,whole 100-tick block occupied; conditional,certified_conditional,0.108832432313440000000000,0.000999999996375187770527,0.001000000002819133699400,0.000000000003624812229473,67175621,True,0.481743568286723823112637,0.481743568286725090648825,0.481753203254441136060173,0.484213842090000000000000,0.000000356446460970942067
ERR-only,0.000301281250000000000000,3,0.000003000000000000000000,6939.015790611363840000000000,107964709,True,0.000000000000000000000000,,whole 100-tick block occupied; conditional,certified_conditional,0.107965788647090000000000,0.000999999997022498169350,0.001000000003466444098223,0.000000000002977501830650,67175621,True,0.485610534086651700005157,0.485610534086652967541346,0.485620246394458412404226,0.488064572522181854248047,0.000000357751003801169098
ERR-only,0.000303374722156140229783,3,0.000003000000000000000000,6939.015790611363840000000000,107639835,True,0.000000000000000000000000,,whole 100-tick block occupied; conditional,certified_conditional,0.107640911398350000000000,0.000999999998688941742142,0.001000000005132887671015,0.000000000001311058257858,67175621,True,0.487076183273598772994281,0.487076183273600040530470,0.487085924894682357103527,0.489606302144884681701661,0.000000358253538908199079
ERR-only,0.000311052744039659630685,3,0.000003000000000000000000,6939.015790611363840000000000,106448325,True,0.000000000000000000000000,,whole 100-tick block occupied; conditional,certified_conditional,0.106449389483250000000000,0.000999999994558749784885,0.001000000001002695713757,0.000000000005441250215115,67175621,True,0.492528182101502607358527,0.492528182101503874894716,0.492538032763653160214148,0.495067950630000000000000,0.000000360163247829786202
ERR-only,0.000316062500000000000000,3,0.000003000000000000000000,6939.015790611363840000000000,105670889,True,0.000000000000000000000000,,whole 100-tick block occupied; conditional,certified_conditional,0.105671945708890000000000,0.000999999994971930916390,0.001000000001415876845263,0.000000000005028069083610,67175621,True,0.496151783108401151325244,0.496151783108402418861433,0.496161706243296569600398,0.498685986810000000000000,0.000000361468868083284595
ERR-only,0.000318730765923179031588,3,0.000003000000000000000000,6939.015790611363840000000000,105256816,True,0.000000000000000000000000,,whole 100-tick block occupied; conditional,certified_conditional,0.105257868568160000000000,0.000999999996872503756500,0.001000000003316449685373,0.000000000003127496243500,67175621,True,0.498103609746279360108977,0.498103609746280627645166,0.498113571918097905179575,0.500696006910000000000000,0.000000362184582999969287
ERR-only,0.000326408787806698432490,3,0.000003000000000000000000,6939.015790611363840000000000,104065307,True,0.000000000000000000000000,,whole 100-tick block occupied; conditional,certified_conditional,0.104066347653070000000000,0.000999999999186257728115,0.001000000005630203656988,0.000000000000813742271885,67175621,True,0.503806710530339703381922,0.503806710530340970918111,0.503816786765314561222513,0.506347382709360847473145,0.000000364327628083582955
ERR-only,0.000330843750000000000000,3,0.000003000000000000000000,6939.015790611363840000000000,103377070,True,0.000000000000000000000000,,whole 100-tick block occupied; conditional,certified_conditional,0.103378103770700000000000,0.000999999999365309592302,0.001000000005809255521175,0.000000000000634690407698,67175621,True,0.507160823962218454081851,0.507160823962219721618040,0.507170967280132778892126,0.509741097360000000000000,0.000000365625323723362487
ERR-only,0.000334086809690217833393,3,0.000003000000000000000000,6939.015790611363840000000000,102873797,True,0.000000000000000000000000,,whole 100-tick block occupied; conditional,certified_conditional,0.102874825737970000000000,0.000999999995056065770857,0.001000000001500011699730,0.000000000004943934229143,67175621,True,0.509641925630488148521141,0.509641925630489416057330,0.509652118570932064021211,0.512245385534670562744141,0.000000366603718984789310
ERR-only,0.000341764831573737234295,3,0.000003000000000000000000,6939.015790611363840000000000,101682288,True,0.000000000000000000000000,,whole 100-tick block occupied; conditional,certified_conditional,0.101683304822880000000000,0.000999999997369819742472,0.001000000003813765671345,0.000000000002630180257528,67175621,True,0.515613889412086552940371,0.515613889412087820476560,0.515624201793000505108897,0.518220119132694091796875,0.000000369025638168698982
ERR-only,0.000345625000000000000000,3,0.000003000000000000000000,6939.015790611363840000000000,101083250,True,0.000000000000000000000000,,whole 100-tick block occupied; conditional,certified_conditional,0.101084260832500000000000,0.000999999997314742339342,0.001000000003758688268215,0.000000000002685257660658,67175621,True,0.518669512505780492185019,0.518669512505781759721207,0.518679885999767448962375,0.521342231395150833129883,0.000000370302849804846737
ERR-only,0.000349442853457256635198,3,0.000003000000000000000000,6939.015790611363840000000000,100490779,True,0.000000000000000000000000,,whole 100-tick block occupied; conditional,certified_conditional,0.100491783907790000000000,0.000999999999683573714088,0.001000000006127519642961,0.000000000000316426285912,67175621,True,0.521727471134440467539320,0.521727471134441735075509,0.521737905788211595357894,0.524414244090000000000000,0.000000371607866436560661
ERR-only,0.000357120875340776036100,3,0.000003000000000000000000,6939.015790611363840000000000,99299269,True,0.000000000000000000000000,,whole 100-tick block occupied; conditional,certified_conditional,0.099300261992690000000000,0.000999999995553381756830,0.001000000001997327685703,0.000000000004446618243170,67175621,True,0.527987774008688191524265,0.527987774008689459060454,0.527998333869768877392899,0.530645306400000000000000,0.000000374366867488859452
ERR-only,0.000360406250000000000000,3,0.000003000000000000000000,6939.015790611363840000000000,98789430,True,0.000000000000000000000000,,whole 100-tick block occupied; conditional,certified_conditional,0.098790417894300000000000,0.000999999995264175086381,0.001000000001708121015254,0.000000000004735824913619,67175621,True,0.530712648104153828910757,0.530712648104155096446946,0.530723262463261404361035,0.533459334540000000000000,0.000000375605981830036617
ERR-only,0.000364798897224295437003,3,0.000003000000000000000000,6939.015790611363840000000000,98107760,True,0.000000000000000000000000,,whole 100-tick block occupied; conditional,certified_conditional,0.098108741077600000000000,0.000999999997867135728445,0.001000000004311081657318,0.000000000002132864271555,67175621,True,0.534400133078157505812302,0.534400133078158773348490,0.534410821187702065705962,0.537087619740947265625000,0.000000377321431658782998
ERR-only,0.000372476919107814837905,3,0.000003000000000000000000,6939.015790611363840000000000,96916250,True,0.000000000000000000000000,,whole 100-tick block occupied; conditional,certified_conditional,0.096917219162500000000000,0.000999999993736943771187,0.001000000000180889700060,0.000000000006263056228813,67175621,True,0.540970167541562313622049,0.540970167541563581158238,0.540980987053110161644747,0.543710437050000000000000,0.000000380493121274433959
ERR-only,0.000375187500000000000000,3,0.000003000000000000000000,6939.015790611363840000000000,96495611,True,0.000000000000000000000000,,whole 100-tick block occupied; conditional,certified_conditional,0.096496575956110000000000,0.000999999999657553762293,0.001000000006101499691166,0.000000000000342446237707,67175621,True,0.543328338529303046168188,0.543328338529304313704377,0.543339205204742287919474,0.546122461170000000000000,0.000000381669221304840861
ERR-only,0.000380154940991334238808,3,0.000003000000000000000000,6939.015790611363840000000000,95724741,True,0.000000000000000000000000,,whole 100-tick block occupied; conditional,certified_conditional,0.095725698247410000000000,0.000999999996050697742803,0.001000000002494643671675,0.000000000003949302257197,67175621,True,0.547703754037840011838876,0.547703754037841279375064,0.547714708222464516182101,0.550542936078854751586915,0.000000383906777594861735
ERR-only,0.000387832962874853639710,3,0.000003000000000000000000,6939.015790611363840000000000,94533232,True,0.000000000000000000000000,,whole 100-tick block occupied; conditional,certified_conditional,0.094534177332320000000000,0.000999999998364451714418,0.001000000004808397643291,0.000000000001635548285582,67175621,True,0.554607082512527870493772,0.554607082512529138029961,0.554618174765102548095903,0.557401343927003784179688,0.000000387591191211267257
ERR-only,0.000389968750000000000000,3,0.000003000000000000000000,6939.015790611363840000000000,94201791,True,0.000000000000000000000000,,whole 100-tick block occupied; conditional,certified_conditional,0.094202733017910000000000,0.000999999997606986509333,0.001000000004050932438206,0.000000000002393013490667,67175621,True,0.556558420423237391504695,0.556558420423238659040884,0.556569551702960554782103,0.559388593830000000000000,0.000000388668612020083042
ERR-only,0.000395510984758373040613,3,0.000003000000000000000000,6939.015790611363840000000000,93341722,True,0.000000000000000000000000,,whole 100-tick block occupied; conditional,certified_conditional,0.093342655417220000000000,0.000999999994234259757160,0.001000000000678205686033,0.000000000005765740242840,67175621,True,0.561686659262617212515050,0.561686659262618480051239,0.561697893108142821413334,0.564577926533742065429688,0.000000391579908915163093
ERR-only,0.000403189006641892441515,3,0.000003000000000000000000,6939.015790611363840000000000,92150213,True,0.000000000000000000000000,,whole 100-tick block occupied; conditional,certified_conditional,0.092151134502130000000000,0.000999999996548013728775,0.001000000002991959657648,0.000000000003451986271225,67175621,True,0.568949308885481812159621,0.568949308885483079695810,0.568960687985452422799916,0.571850718450000000000000,0.000000395912246785075104
ERR-only,0.000404750000000000000000,3,0.000003000000000000000000,6939.015790611363840000000000,91907971,True,0.000000000000000000000000,,whole 100-tick block occupied; conditional,certified_conditional,0.091908890079710000000000,0.000999999995556419256372,0.001000000002000365185245,0.000000000004443580743628,67175621,True,0.570448889574549978387189,0.570448889574551245923377,0.570460298666434289527813,0.573353435352538299560547,0.000000396839097429542917
ERR-only,0.000410867028525411842418,3,0.000003000000000000000000,6939.015790611363840000000000,90958704,True,0.000000000000000000000000,,whole 100-tick block occupied; conditional,certified_conditional,0.090959613587040000000000,0.000999999998861767700390,0.001000000005305713629263,0.000000000001138232299610,67175621,True,0.576402231940331321709196,0.576402231940332589245384,0.576413760100253628856646,0.579301664973660888671875,0.000000400634610983790979
ERR-only,0.000418545050408931243320,3,0.000003000000000000000000,6939.015790611363840000000000,89767194,True,0.000000000000000000000000,,whole 100-tick block occupied; conditional,certified_conditional,0.089768091671940000000000,0.000999999994731575743133,0.001000000001175521672006,0.000000000005268424256867,67175621,True,0.584053011615801905408968,0.584053011615803172945157,0.584064692792847893204900,0.587026633368032836914063,0.000000405802157828790300
ERR-only,0.000419531250000000000000,3,0.000003000000000000000000,6939.015790611363840000000000,89614152,True,0.000000000000000000000000,,whole 100-tick block occupied; conditional,certified_conditional,0.089615048141520000000000,0.000999999999949797932285,0.001000000006393743861157,0.000000000000050202067715,67175621,True,0.585050450513663770488055,0.585050450513665038024244,0.585062151639687205295758,0.588027111145240783691407,0.000000406501415750921222
ERR-only,0.000426223072292450644223,3,0.000003000000000000000000,6939.015790611363840000000000,88575685,True,0.000000000000000000000000,,whole 100-tick block occupied; conditional,certified_conditional,0.088576570756850000000000,0.000999999997045329714748,0.001000000003489275643621,0.000000000002954670285252,67175621,True,0.591909619440142561285943,0.591909619440143828822132,0.591921457750916373173233,0.594960141985138359069825,0.000000411480943180454961
ERR-only,0.000433901094175970045125,3,0.000003000000000000000000,6939.015790611363840000000000,87384176,True,0.000000000000000000000000,,whole 100-tick block occupied; conditional,certified_conditional,0.087385049841760000000000,0.000999999999359083686363,0.001000000005803029615236,0.000000000000640916313637,67175621,True,0.599980481591998356987394,0.599980481591999624523583,0.599992481321629394562855,0.603006030000000000000000,0.000000417750787923942029
ERR-only,0.000434312500000000000000,3,0.000003000000000000000000,6939.015790611363840000000000,87320332,True,0.000000000000000000000000,,whole 100-tick block occupied; conditional,certified_conditional,0.087321205203320000000000,0.000999999997899230679324,0.001000000004343176608197,0.000000000002100769320676,67175621,True,0.600419155529550032621951,0.600419155529551300158140,0.600431164032747556895791,0.603449937295934753417969,0.000000418105213400185271
ERR-only,0.000435875000000000000000,3,0.000003000000000000000000,6939.015790611363840000000000,87077856,True,0.000000000000000000000000,,whole 100-tick block occupied; conditional,certified_conditional,0.087078726778560000000000,0.000999999995666181292175,0.001000000002110127221048,0.000000000004333818707825,67175621,True,0.602091075829886588076228,0.602091075829887855612417,0.602103117771824506485119,0.605177314456481933593750,0.000000419469555395829049
ERR-only,0.000435876000000000000000,3,0.000003000000000000000000,6939.015790611363840000000000,87077701,True,0.000000000000000000000000,,whole 100-tick block occupied; conditional,certified_conditional,0.087078571777010000000000,0.000999999996854562316875,0.001000000003298508245748,0.000000000003145437683125,67175621,True,0.602092147563702271066290,0.602092147563703538602479,0.602104189527075080137747,0.605179094185693740844727,0.000000419470436903500822
ERR-only,0.000435877000000000000000,3,0.000003000000000000000000,6939.015790611363840000000000,87077546,True,0.000000000000000000000000,,whole 100-tick block occupied; conditional,certified_conditional,0.087078416775460000000000,0.000999999998042943341574,0.001000000004486889270447,0.000000000001957056658426,67175621,True,0.602093219301333374886674,0.602093219301334642422863,0.602105261286141150929877,0.605180873914905548095704,0.000000419471318423269988
ERR-only,0.000441579116059489446028,3,0.000003000000000000000000,6939.015790611363840000000000,86192666,True,0.000000000000000000000000,,whole 100-tick block occupied; conditional,certified_conditional,0.086193527926660000000000,0.000999999995228891729105,0.001000000001672837657978,0.000000000004771108270895,67175621,True,0.608274490546561645672247,0.608274490546562913208436,0.608286656158030592892578,0.611379573244400405883790,0.000000424709042065238253
ERR-only,0.000449093750000000000000,3,0.000003000000000000000000,6939.015790611363840000000000,85026512,True,0.000000000000000000000000,,whole 100-tick block occupied; conditional,certified_conditional,0.085027362265120000000000,0.000999999995848663426363,0.001000000002292609355236,0.000000000004151336573637,67175621,True,0.616617085268650631145607,0.616617085268651898681796,0.616629417733682555775421,0.619726904621766967773438,0.000000432300999726262662
ERR-only,0.000449257137943008846930,3,0.000003000000000000000000,6939.015790611363840000000000,85001157,True,0.000000000000000000000000,,whole 100-tick block occupied; conditional,certified_conditional,0.085002007011570000000000,0.000999999997542645700721,0.001000000003986591629594,0.000000000002457354299279,67175621,True,0.616801016014404911323486,0.616801016014406178859675,0.616813352158088537555920,0.619901846055583343505860,0.000000432475655433503434
ERR-only,0.000456935159826528247833,3,0.000003000000000000000000,6939.015790611363840000000000,83809648,True,0.000000000000000000000000,,whole 100-tick block occupied; conditional,certified_conditional,0.083810486096480000000000,0.000999999999856399672336,0.001000000006300345601209,0.000000000000143600327664,67175621,True,0.625569982109934966963697,0.625569982109936234499886,0.625582493634694314554457,0.628734287280000000000000,0.000000441200186582830671
ERR-only,0.000463875000000000000000,3,0.000003000000000000000000,6939.015790611363840000000000,82732692,True,0.000000000000000000000000,,whole 100-tick block occupied; conditional,certified_conditional,0.082733519326920000000000,0.000999999993798096173403,0.001000000000242042102276,0.000000000006201903826597,67175621,True,0.633713212184609532186617,0.633713212184610799722806,0.633725886575599035570239,0.636963014819291992187500,0.000000450066442583998658
ERR-only,0.000464613181710047648735,3,0.000003000000000000000000,6939.015790611363840000000000,82618138,True,0.000000000000000000000000,,whole 100-tick block occupied; conditional,certified_conditional,0.082618964181380000000000,0.000999999995726207715078,0.001000000002170153643951,0.000000000004273792284922,67175621,True,0.634591885864093761581266,0.634591885864095029117455,0.634604577828732591142738,0.637779377730000000000000,0.000000451071513026737251
ERR-only,0.000472291203593567049638,3,0.000003000000000000000000,6939.015790611363840000000000,81426629,True,0.000000000000000000000000,,whole 100-tick block occupied; conditional,certified_conditional,0.081427443266290000000000,0.000999999998039961686693,0.001000000004483907615566,0.000000000001960038313307,67175621,True,0.643877815450274238841455,0.643877815450275506377643,0.643890693135361996501753,0.647156323355388145446778,0.000000462331631080471205
ERR-only,0.000478656250000000000000,3,0.000003000000000000000000,6939.015790611363840000000000,80438873,True,0.000000000000000000000000,,whole 100-tick block occupied; conditional,certified_conditional,0.080439677388730000000000,0.000999999998191474849315,0.001000000004635420778188,0.000000000001808525150685,67175621,True,0.651784367988347487419531,0.651784367988348754955720,0.651797403806067332865679,0.655065550590000000000000,0.000000472941594721174225
ERR-only,0.000479969225477086450540,3,0.000003000000000000000000,6939.015790611363840000000000,80235119,True,0.000000000000000000000000,,whole 100-tick block occupied; conditional,certified_conditional,0.080235921351190000000000,0.000999999993909769729436,0.001000000000353715658308,0.000000000006090230270564,67175621,True,0.653439549332505497368821,0.653439549332506764905010,0.653452618254183265554395,0.656744090917504158020020,0.000000475295823503210621
ERR-only,0.000487647247360605851443,3,0.000003000000000000000000,6939.015790611363840000000000,79043610,True,0.000000000000000000000000,,whole 100-tick block occupied; conditional,certified_conditional,0.079044400436100000000000,0.000999999996223523701051,0.001000000002667469629924,0.000000000003776476298949,67175621,True,0.663289543582333219657881,0.663289543582334487194070,0.663302809505866002948053,0.666667663047068176269532,0.000000490382565044415515
ERR-only,0.000493437500000000000000,3,0.000003000000000000000000,6939.015790611363840000000000,78145053,True,0.000000000000000000000000,,whole 100-tick block occupied; conditional,certified_conditional,0.078145834450530000000000,0.000999999996140907596355,0.001000000002584853525227,0.000000000003859092403645,67175621,True,0.670916430244150585887486,0.670916430244151853423675,0.670929848706941998111271,0.674344278920514602661133,0.000000503501252469340924
ERR-only,0.000495325269244125252345,3,0.000003000000000000000000,6939.015790611363840000000000,77852101,True,0.000000000000000000000000,,whole 100-tick block occupied; conditional,certified_conditional,0.077852879521010000000000,0.000999999998537277672666,0.001000000004981223601539,0.000000000001462722327334,67175621,True,0.673441041751717794486013,0.673441041751719062022202,0.673454510707244285404757,0.676844710408497428894043,0.000000508159616957307775
ERR-only,0.000500000000000000000000,3,0.000003000000000000000000,6939.015790611363840000000000,77126655,True,0.000000000000000000000000,,whole 100-tick block occupied; conditional,certified_conditional,0.077127426266550000000000,0.000999999994494835284979,0.001000000000938781213851,0.000000000005505164715021,67175621,True,0.679775364301744333649461,0.679775364301745601185649,0.679788959944988702277765,0.683205831990000000000000,0.000000520624831337644402
ERR-only,0.000503003291127644653248,3,0.000003000000000000000000,6939.015790611363840000000000,76660591,True,0.000000000000000000000000,,whole 100-tick block occupied; conditional,certified_conditional,0.076661357605910000000000,0.000999999994407085715408,0.001000000000851031644281,0.000000000005592914284592,67175621,True,0.683908111274539370756525,0.683908111274540638292714,0.683921789573549752945707,0.687393949264456367492676,0.000000529417057164635007
ERR-only,0.000508218750000000000000,3,0.000003000000000000000000,6939.015790611363840000000000,75851233,True,0.000000000000000000000000,,whole 100-tick block occupied; conditional,certified_conditional,0.075851991512330000000000,0.000999999994090340343394,0.001000000000534286272267,0.000000000005909659656606,67175621,True,0.691205639333508948073509,0.691205639333510215609697,0.691219463584540029861233,0.694681105169819335937500,0.000000546399305411100323
ERR-only,0.000510681313011164054150,3,0.000003000000000000000000,6939.015790611363840000000000,75469082,True,0.000000000000000000000000,,whole 100-tick block occupied; conditional,certified_conditional,0.075469836690820000000000,0.000999999996720839687023,0.001000000003164785615896,0.000000000003279160312977,67175621,True,0.694705680930370296144635,0.694705680930371563680823,0.694719575182933330478846,0.698242102522670669555665,0.000000555287830929919517
ERR-only,0.000518359334894683455053,3,0.000003000000000000000000,6939.015790611363840000000000,74277573,True,0.000000000000000000000000,,whole 100-tick block occupied; conditional,certified_conditional,0.074278315775730000000000,0.000999999999034593658639,0.001000000005478539587512,0.000000000000965406341361,67175621,True,0.705849664743353325844991,0.705849664743354593381180,0.705863781877821438890583,0.709416454231128425598145,0.000000587456557818193964
ERR-only,0.000523000000000000000000,3,0.000003000000000000000000,6939.015790611363840000000000,73557414,True,0.000000000000000000000000,,whole 100-tick block occupied; conditional,certified_conditional,0.073558149574140000000000,0.000999999998483719019306,0.001000000004927664948179,0.000000000001516280980694,67175621,True,0.712760239232988171412033,0.712760239232989438948222,0.712774494580328205873751,0.716371163640000000000000,0.000000610998149003014855
ERR-only,0.000526037356778202855955,3,0.000003000000000000000000,6939.015790611363840000000000,73086063,True,0.000000000000000000000000,,whole 100-tick block occupied; conditional,certified_conditional,0.073086793860630000000000,0.000999999994904401701381,0.001000000001348347630254,0.000000000005095598298619,67175621,True,0.717357015112442897360405,0.717357015112444164896594,0.717371362396219885286177,0.720994209870000000000000,0.000000628541746032902171
ERR-only,0.000533715378661722256858,3,0.000003000000000000000000,6939.015790611363840000000000,71894554,True,0.000000000000000000000000,,whole 100-tick block occupied; conditional,certified_conditional,0.071895272945540000000000,0.000999999997218155672996,0.001000000003662101601869,0.000000000002781844327004,67175621,True,0.729245778477184161063514,0.729245778477185428599703,0.729260363538606220265272,0.732926102932957000732422,0.000000682846890921636819
ERR-only,0.000537781250000000000000,3,0.000003000000000000000000,6939.015790611363840000000000,71263594,True,0.000000000000000000000000,,whole 100-tick block occupied; conditional,certified_conditional,0.071264306635940000000000,0.000999999996433151766346,0.001000000002877097695219,0.000000000003566848233654,67175621,True,0.735702440154785834060065,0.735702440154787101596254,0.735717154350732790544256,0.739434632674818572998047,0.000000719339660159328213
ERR-only,0.000541393000000000000000,3,0.000003000000000000000000,6939.015790611363840000000000,70703107,True,0.000000000000000000000000,,whole 100-tick block occupied; conditional,certified_conditional,0.070703814031070000000000,0.000999999998511315576972,0.001000000004955261505845,0.000000000001488684423028,67175621,True,0.741534597623835048587421,0.741534597623836316123610,0.741549428464097829214144,0.745305961519129066467286,0.000000757971448987235727
ERR-only,0.000541393400545241657760,3,0.000003000000000000000000,6939.015790611363840000000000,70703045,True,0.000000000000000000000000,,whole 100-tick block occupied; conditional,certified_conditional,0.070703752030450000000000,0.000999999999531909644611,0.001000000005975855573484,0.000000000000468090355389,67175621,True,0.741535247880766029110428,0.741535247880767296646617,0.741550078734034078409448,0.745306838257492942810059,0.000000757976107824127622
ERR-only,0.000541394000000000000000,3,0.000003000000000000000000,6939.015790611363840000000000,70702952,True,0.000000000000000000000000,,whole 100-tick block occupied; conditional,certified_conditional,0.070703659029520000000000,0.000999999999699696601671,0.001000000006143642530544,0.000000000000300303398329,67175621,True,0.741536223268300808581866,0.741536223268302076118055,0.741551054141076803655933,0.745308153365038757324219,0.000000757983096253768248
ERR-only,0.000541395000000000000000,3,0.000003000000000000000000,6939.015790611363840000000000,70702796,True,0.000000000000000000000000,,whole 100-tick block occupied; conditional,certified_conditional,0.070703503027960000000000,0.000999999994444131697497,0.001000000000888077626370,0.000000000005555868302503,67175621,True,0.741537859407992226938574,0.741537859407993494474763,0.741552690313491343072219,0.745310359351889801025391,0.000000757994819250623360
ERR-only,0.000552562500000000000000,3,0.000003000000000000000000,6939.015790611363840000000000,68969774,True,0.000000000000000000000000,,whole 100-tick block occupied; conditional,certified_conditional,0.068970463697740000000000,0.000999999994382584513385,0.001000000000826530442258,0.000000000005617415486615,67175621,True,0.760170679985118644714680,0.760170679985119912250869,0.760185883550755904758120,0.764008640010000000000000,0.000000938596610860248712
ERR-only,0.000567343750000000000000,3,0.000003000000000000000000,6939.015790611363840000000000,66675955,True,0.000000000000000000000000,,whole 100-tick block occupied; conditional,resource_rejected,0.066676621759550000000000,0.000999999998775963189297,0.001000000005219909118170,0.000000000001224036810703,,False,0.786322445625262626428179,0.786322445625263893964368,0.786338172231443094783336,0.790304619109343299865723,
ERR-only,0.000582125000000000000000,3,0.000003000000000000000000,6939.015790611363840000000000,64382135,True,0.000000000000000000000000,,whole 100-tick block occupied; conditional,resource_rejected,0.064382778821350000000000,0.000999999996725395936337,0.001000000003169341865210,0.000000000003274604063663,,False,0.814337704085146589137763,0.814337704085147856673952,0.814353991002099362895228,0.818458280502495155334473,
ERR-only,0.000596906250000000000000,3,0.000003000000000000000000,6939.015790611363840000000000,62088315,True,0.000000000000000000000000,,whole 100-tick block occupied; conditional,resource_rejected,0.062088935883150000000000,0.000999999994674828683376,0.001000000001118774612249,0.000000000005325171316624,,False,0.844422980394941635159642,0.844422980394942902695831,0.844439869023437720251141,0.848667700265178604125977,
ERR-only,0.000611687500000000000000,3,0.000003000000000000000000,6939.015790611363840000000000,59794496,True,0.000000000000000000000000,,whole 100-tick block occupied; conditional,resource_rejected,0.059795093944960000000000,0.000999999999068207359289,0.001000000005512153288162,0.000000000000931792640711,,False,0.876816488260055944014583,0.876816488260057211550772,0.876834024765188097752946,0.881221616339453125000000,
ERR-only,0.000626468750000000000000,3,0.000003000000000000000000,6939.015790611363840000000000,57500676,True,0.000000000000000000000000,,whole 100-tick block occupied; conditional,resource_rejected,0.057501251006760000000000,0.000999999997017640106328,0.001000000003461586035201,0.000000000002982359893672,,False,0.911794497859468009696202,0.911794497859469277232390,0.911812733931787823552479,0.916372129241774749755860,
ERR-only,0.000641250000000000000000,3,0.000003000000000000000000,6939.015790611363840000000000,55206856,True,0.000000000000000000000000,,whole 100-tick block occupied; conditional,resource_rejected,0.055207408068560000000000,0.000999999994967072853367,0.001000000001411018782240,0.000000000005032927146633,,False,0.949679148546332089834206,0.949679148546333357370395,0.949698142319242646879518,0.954450885053802490234375,
ERR-only,0.000656031250000000000000,3,0.000003000000000000000000,6939.015790611363840000000000,52913037,True,0.000000000000000000000000,,whole 100-tick block occupied; conditional,resource_rejected,0.052913566130370000000000,0.000999999999360451529280,0.001000000005804397458153,0.000000000000639548470720,,False,0.990848436841755396981001,0.990848436841756664517189,0.990868254008665802490940,0.995822841259837112426758,
ERR-only,0.000670812500000000000000,3,0.000003000000000000000000,6939.015790611363840000000000,50619217,True,0.000000000000000000000000,,whole 100-tick block occupied; conditional,resource_rejected,0.050619723192170000000000,0.000999999997309884276319,0.001000000003753830205192,0.000000000002690115723681,,False,1.035748933058367297920774,1.035748933058368565456963,1.035769648244182224713945,1.000000000000000000000000,
ERR-only,0.000685593750000000000000,3,0.000003000000000000000000,6939.015790611363840000000000,48325397,True,0.000000000000000000000000,,whole 100-tick block occupied; conditional,resource_rejected,0.048325880253970000000000,0.000999999995259317023359,0.001000000001703262952232,0.000000000004740682976641,,False,1.084911935643280268818179,1.084911935643281536354368,1.084933634098979592714740,1.000000000000000000000000,
ERR-only,0.000700375000000000000000,3,0.000003000000000000000000,6939.015790611363840000000000,46031578,True,0.000000000000000000000000,,whole 100-tick block occupied; conditional,resource_rejected,0.046032038315780000000000,0.000999999999652695699271,0.001000000006096641628144,0.000000000000347304300729,,False,1.138974640408807424039526,1.138974640408808691575715,1.138997420129414707558787,1.000000000000000000000000,
ERR-only,0.000715156250000000000000,3,0.000003000000000000000000,6939.015790611363840000000000,43737758,True,0.000000000000000000000000,,whole 100-tick block occupied; conditional,resource_rejected,0.043738195377580000000000,0.000999999997602128446310,0.001000000004046074375183,0.000000000002397871553690,,False,1.198707990473585140793098,1.198707990473586408329287,1.198731964873140509347545,1.000000000000000000000000,
ERR-only,0.000729937500000000000000,3,0.000003000000000000000000,6939.015790611363840000000000,41443938,True,0.000000000000000000000000,,whole 100-tick block occupied; conditional,resource_rejected,0.041444352439380000000000,0.000999999995551561193350,0.001000000001995507122223,0.000000000004448438806650,,False,1.265053528455717063715190,1.265053528455718331251379,1.265078829779301315196924,1.000000000000000000000000,
ERR-only,0.000744718750000000000000,3,0.000003000000000000000000,6939.015790611363840000000000,39150119,True,0.000000000000000000000000,,whole 100-tick block occupied; conditional,resource_rejected,0.039150510501190000000000,0.000999999999944939869262,0.001000000006388885798135,0.000000000000055060130738,,False,1.339173451809941502039973,1.339173451809942769576162,1.339200235546816970922648,1.000000000000000000000000,
ERR-only,0.000759500000000000000000,3,0.000003000000000000000000,6939.015790611363840000000000,36856299,True,0.000000000000000000000000,,whole 100-tick block occupied; conditional,resource_rejected,0.036856667562990000000000,0.000999999997894372616302,0.001000000004338318545174,0.000000000002105627383698,,False,1.422519390783105396492839,1.422519390783106664029028,1.422547841455429683141580,1.000000000000000000000000,
ERR-only,0.000774281250000000000000,3,0.000003000000000000000000,6939.015790611363840000000000,34562479,True,0.000000000000000000000000,,whole 100-tick block occupied; conditional,resource_rejected,0.034562824624790000000000,0.000999999995843805363341,0.001000000002287751292214,0.000000000004156194636659,,False,1.516928227283696232998899,1.516928227283697500535088,1.516958566151632487584050,1.000000000000000000000000,
ERR-only,0.000789062500000000000000,3,0.000003000000000000000000,6939.015790611363840000000000,32268659,True,0.000000000000000000000000,,whole 100-tick block occupied; conditional,resource_rejected,0.032268981686590000000000,0.000999999993793238110380,0.001000000000237184039253,0.000000000006206761889620,,False,1.624759181966625249259769,1.624759181966626516795957,1.624791677475221569025897,1.000000000000000000000000,
ERR-only,0.000803843750000000000000,3,0.000003000000000000000000,6939.015790611363840000000000,29974840,True,0.000000000000000000000000,,whole 100-tick block occupied; conditional,resource_rejected,0.029975139748400000000000,0.000999999998186616786293,0.001000000004630562715166,0.000000000001813383213707,,False,1.749093573143342249796922,1.749093573143343517333111,1.749128555364629230809673,1.000000000000000000000000,
ERR-only,0.000818625000000000000000,3,0.000003000000000000000000,6939.015790611363840000000000,27681020,True,0.000000000000000000000000,,whole 100-tick block occupied; conditional,resource_rejected,0.027681296810200000000000,0.000999999996136049533332,0.001000000002579995462205,0.000000000003863950466668,,False,1.894034251628010183752358,1.894034251628011451288547,1.894072132691855283704978,1.000000000000000000000000,
ERR-only,0.000833406250000000000000,3,0.000003000000000000000000,6939.015790611363840000000000,25387200,True,0.000000000000000000000000,,whole 100-tick block occupied; conditional,resource_rejected,0.025387453872000000000000,0.000999999994085482280372,0.001000000000529428209244,0.000000000005914517719628,,False,2.065166698178609059305581,2.065166698178610326841769,2.065208001925612002814147,1.000000000000000000000000,
ERR-only,0.000848187500000000000000,3,0.000003000000000000000000,6939.015790611363840000000000,23093381,True,0.000000000000000000000000,,whole 100-tick block occupied; conditional,resource_rejected,0.023093611933810000000000,0.000999999998478860956284,0.001000000004922806885157,0.000000000001521139043716,,False,2.270295544857636279596822,2.270295544857637547133011,2.270340951222598983247395,1.000000000000000000000000,
ERR-only,0.000862968750000000000000,3,0.000003000000000000000000,6939.015790611363840000000000,20799561,True,0.000000000000000000000000,,whole 100-tick block occupied; conditional,resource_rejected,0.020799768995610000000000,0.000999999996428293703323,0.001000000002872239632196,0.000000000003571706296677,,False,2.520668585264851831146910,2.520668585264853098683099,2.520718999140697787941046,1.000000000000000000000000,
ERR-only,0.000877750000000000000000,3,0.000003000000000000000000,6939.015790611363840000000000,18505741,True,0.000000000000000000000000,,whole 100-tick block occupied; conditional,resource_rejected,0.018505926057410000000000,0.000999999994377726450363,0.001000000000821672379236,0.000000000005622273549637,,False,2.833110006240765407429607,2.833110006240766674965796,2.833166669007519791579543,1.000000000000000000000000,
ERR-only,0.000892531250000000000000,3,0.000003000000000000000000,6939.015790611363840000000000,16211922,True,0.000000000000000000000000,,whole 100-tick block occupied; conditional,resource_rejected,0.016212084119220000000000,0.000999999998771105126275,0.001000000005215051055148,0.000000000001228894873725,,False,3.233965719795591770389784,3.233965719795593037925973,3.234030399756789195497388,1.000000000000000000000000,
ERR-only,0.000907312500000000000000,3,0.000003000000000000000000,6939.015790611363840000000000,13918102,True,0.000000000000000000000000,,whole 100-tick block occupied; conditional,resource_rejected,0.013918241181020000000000,0.000999999996720537873315,0.001000000003164483802187,0.000000000003279462126685,,False,3.766950407462166262264138,3.766950407462167529800326,3.767025747223715022374929,1.000000000000000000000000,
ERR-only,0.000922093750000000000000,3,0.000003000000000000000000,6939.015790611363840000000000,11624282,True,0.000000000000000000000000,,whole 100-tick block occupied; conditional,resource_rejected,0.011624398242820000000000,0.000999999994669970620354,0.001000000001113916549227,0.000000000005330029379646,,False,4.510282871664675085558054,4.510282871664676353094243,4.510373078224175875365608,1.000000000000000000000000,
ERR-only,0.000936875000000000000000,3,0.000003000000000000000000,6939.015790611363840000000000,9330463,True,0.000000000000000000000000,,whole 100-tick block occupied; conditional,resource_rejected,0.009330556304630000000000,0.000999999999063349296266,0.001000000005507295225139,0.000000000000936650703734,,False,5.619099502350525808488844,5.619099502350527076025033,5.619211885464405859103465,1.000000000000000000000000,
ERR-only,0.000951656250000000000000,3,0.000003000000000000000000,6939.015790611363840000000000,7036643,True,0.000000000000000000000000,,whole 100-tick block occupied; conditional,resource_rejected,0.007036713366430000000000,0.000999999997012782043306,0.001000000003456727972179,0.000000000002987217956694,,False,7.450825628072931302668073,7.450825628072932570204261,7.450974646075674690025945,1.000000000000000000000000,
ERR-only,0.000966437500000000000000,3,0.000003000000000000000000,6939.015790611363840000000000,4742823,True,0.000000000000000000000000,,whole 100-tick block occupied; conditional,resource_rejected,0.004742870428230000000000,0.000999999994962214790345,0.001000000001406160719218,0.000000000005037785209655,,False,11.054344638203870773619447,11.054344638203872041155636,11.054565727307527788903017,1.000000000000000000000000,
ERR-only,0.000981218750000000000000,3,0.000003000000000000000000,6939.015790611363840000000000,2449004,True,0.000000000000000000000000,,whole 100-tick block occupied; conditional,resource_rejected,0.002449028490040000000000,0.000999999999355593466257,0.001000000005799539395130,0.000000000000644406533743,,False,21.408213298140794562973111,21.408213298140795830509300,21.408641466688444756664253,1.000000000000000000000000,
ERR-only,0.000996000000000000000000,3,0.000003000000000000000000,6939.015790611363840000000000,155184,True,0.000000000000000000000000,,whole 100-tick block occupied; conditional,resource_rejected,0.000155185551840000000000,0.000999999997305026213297,0.001000000003748972142170,0.000000000002694973786703,,False,337.849262810599030194152310,337.849262810599031461688499,337.856019863425772343475631,1.000000000000000000000000,
combined,0.000050000000000000000000,2.5,0.000003000000000000000000,13917.570268002508800000000000,73272630,True,0.000000000000000000000000,,whole 100-tick block occupied; conditional,certified_conditional,0.073273362726300000000000,0.000999999992306785770423,0.001000000005231120440910,0.000000000007693214229577,67175621,True,0.715530478433761058694698,0.715530478433762326230887,0.715544789186439161994850,0.719176539974372787475586,0.000000621372628237407038
combined,0.000050879796165359054841,2.5,0.000003000000000000000000,13917.570268002508800000000000,73204557,True,0.000000000000000000000000,,whole 100-tick block occupied; conditional,certified_conditional,0.073205289045570000000000,0.000999999990238120745225,0.001000000003162455415713,0.000000000009761879254775,67175621,True,0.716195851031513702149545,0.716195851031514969685734,0.716210175091776836352875,0.719792404803813209533692,0.000000623952873670739234
combined,0.000051759592330718109682,2.5,0.000003000000000000000000,13917.570268002508800000000000,73136484,True,0.000000000000000000000000,,whole 100-tick block occupied; conditional,certified_conditional,0.073137215364840000000000,0.000999999988169455720028,0.001000000001093790390515,0.000000000011830544279972,67175621,True,0.716862462242510231260637,0.716862462242511498796826,0.716876799635130908969985,0.720488335781171875000000,0.000000626573740592977761
combined,0.000052639388496077164523,2.5,0.000003000000000000000000,13917.570268002508800000000000,73068412,True,0.000000000000000000000000,,whole 100-tick block occupied; conditional,certified_conditional,0.073069142684120000000000,0.000999999999025125365317,0.001000000011949460035805,0.000000000000974874634683,67175621,True,0.717530305708572860343150,0.717530305708574127879339,0.717544656458196429333992,0.721185811127089385986329,0.000000629236156465321579
combined,0.000053519184661436219364,2.5,0.000003000000000000000000,13917.570268002508800000000000,73000339,True,0.000000000000000000000000,,whole 100-tick block occupied; conditional,certified_conditional,0.073001069003390000000000,0.000999999996956460340120,0.001000000009880795010607,0.000000000003043539659880,67175621,True,0.718199404526052320588734,0.718199404526053588124923,0.718213768657786060270488,0.721807388797655220031739,0.000000631941197312875006
combined,0.000054398980826795274204,2.5,0.000003000000000000000000,13917.570268002508800000000000,72932266,True,0.000000000000000000000000,,whole 100-tick block occupied; conditional,certified_conditional,0.072932995322660000000000,0.000999999994887795314922,0.001000000007812129985409,0.000000000005112204685078,67175621,True,0.718869752380927719671520,0.718869752380928987207709,0.718884129919752627772940,0.722508253594083404541016,0.000000634689854322868112
combined,0.000054536500000000000000,2.5,0.000003000000000000000000,13917.570268002508800000000000,72921626,True,0.000000000000000000000000,,whole 100-tick block occupied; conditional,certified_conditional,0.072922355216260000000000,0.000999999999140106056148,0.001000000012064440726636,0.000000000000859893943852,67175621,True,0.718974642721213509207818,0.718974642721214776744007,0.718989022357866201302868,0.722602225950000000000000,0.000000635123487142254875
combined,0.000055278776992154329045,2.5,0.000003000000000000000000,13917.570268002508800000000000,72864193,True,0.000000000000000000000000,,whole 100-tick block occupied; conditional,certified_conditional,0.072864921641930000000000,0.000999999992819130289724,0.001000000005743464960211,0.000000000007180869710276,67175621,True,0.719541352773919472641373,0.719541352773920740177562,0.719555743744886561999665,0.723205231980000000000000,0.000000637483190971595147
combined,0.000056158573157513383886,2.5,0.000003000000000000000000,13917.570268002508800000000000,72796120,True,0.000000000000000000000000,,whole 100-tick block occupied; conditional,certified_conditional,0.072796847961200000000000,0.000999999990750465264526,0.001000000003674799935014,0.000000000009249534735474,67175621,True,0.720214209218842348522720,0.720214209218843616058909,0.720228613647072908973240,0.723837966969202575683594,0.000000640322305592436536
combined,0.000057038369322872438727,2.5,0.000003000000000000000000,13917.570268002508800000000000,72728047,True,0.000000000000000000000000,,whole 100-tick block occupied; conditional,certified_conditional,0.072728774280470000000000,0.000999999988681800239329,0.001000000001606134909816,0.000000000011318199760671,67175621,True,0.720888325242666751484255,0.720888325242668019020444,0.720902743153352612975845,0.724543765596144256591797,0.000000643208332815776641
combined,0.000057918165488231493568,2.5,0.000003000000000000000000,13917.570268002508800000000000,72659975,True,0.000000000000000000000000,,whole 100-tick block occupied; conditional,certified_conditional,0.072660701599750000000000,0.000999999999537469884618,0.001000000012461804555106,0.000000000000462530115382,67175621,True,0.721563694454890109037694,0.721563694454891376573883,0.721578125873095290189631,0.725215252080000000000000,0.000000646142401619389724
combined,0.000058797961653590548408,2.5,0.000003000000000000000000,13917.570268002508800000000000,72591902,True,0.000000000000000000000000,,whole 100-tick block occupied; conditional,certified_conditional,0.072592627919020000000000,0.000999999997468804859421,0.001000000010393139529908,0.000000000002531195140579,67175621,True,0.722240340251726067097245,0.722240340251727334633433,0.722254785202982515481015,0.725884111883426895141602,0.000000649125810029277645
combined,0.000059073000000000000000,2.5,0.000003000000000000000000,13917.570268002508800000000000,72570621,True,0.000000000000000000000000,,whole 100-tick block occupied; conditional,certified_conditional,0.072571346706210000000000,0.000999999993049091671386,0.001000000005973426341873,0.000000000006950908328614,67175621,True,0.722452133901402800550044,0.722452133901404068086233,0.722466583088574601622011,0.726101421828185272216797,0.000000650068795530496250
combined,0.000059074000000000000000,2.5,0.000003000000000000000000,13917.570268002508800000000000,72570544,True,0.000000000000000000000000,,whole 100-tick block occupied; conditional,certified_conditional,0.072571269705440000000000,0.000999999997875322043866,0.001000000010799656714354,0.000000000002124677956134,67175621,True,0.722452900449526105345230,0.722452900449527372881418,0.722467349652029022194450,0.726102482776437988281250,0.000000650072216505462423
combined,0.000059075000000000000000,2.5,0.000003000000000000000000,13917.570268002508800000000000,72570466,True,0.000000000000000000000000,,whole 100-tick block occupied; conditional,certified_conditional,0.072571191704660000000000,0.000999999989777217745859,0.001000000002701552416346,0.000000000010222782254141,67175621,True,0.722453676954478341191223,0.722453676954479608727412,0.722468126172511512387704,0.726103557503239440917969,0.000000650075681975136939
combined,0.000059677757818949603249,2.5,0.000003000000000000000000,13917.570268002508800000000000,72523829,True,0.000000000000000000000000,,whole 100-tick block occupied; conditional,certified_conditional,0.072524554238290000000000,0.000999999995400139834223,0.001000000008324474504710,0.000000000004599860165777,67175621,True,0.722918256287874072902454,0.722918256287875340438643,0.722932714797586828809416,0.726594844329438095092774,0.000000652159768200576345
combined,0.000060557553984308658090,2.5,0.000003000000000000000000,13917.570268002508800000000000,72455756,True,0.000000000000000000000000,,whole 100-tick block occupied; conditional,certified_conditional,0.072456480557560000000000,0.000999999993331474809025,0.001000000006255809479513,0.000000000006668525190975,67175621,True,0.723597446143546609048612,0.723597446143547876584800,0.723611918237192317735824,0.727231742826866149902344,0.000000655245571854905629
combined,0.000061437350149667712931,2.5,0.000003000000000000000000,13917.570268002508800000000000,72387683,True,0.000000000000000000000000,,whole 100-tick block occupied; conditional,certified_conditional,0.072388406876830000000000,0.000999999991262809783828,0.001000000004187144454315,0.000000000008737190216172,67175621,True,0.724277913412423410803135,0.724277913412424678339323,0.724292399115550591841106,0.727945851051649742126465,0.000000658384561379125999
combined,0.000062317146315026767772,2.5,0.000003000000000000000000,13917.570268002508800000000000,72319610,True,0.000000000000000000000000,,whole 100-tick block occupied; conditional,certified_conditional,0.072320333196100000000000,0.000999999989194144758630,0.001000000002118479429117,0.000000000010805855241370,67175621,True,0.724959661701714848381215,0.724959661701716115917404,0.724974161039944166269306,0.728632286250000000000000,0.000000661578123766656125
combined,0.000063196942480385822612,2.5,0.000003000000000000000000,13917.570268002508800000000000,72251537,True,0.000000000000000000000000,,whole 100-tick block occupied; conditional,certified_conditional,0.072252259515370000000000,0.000999999987125479733432,0.001000000000049814403919,0.000000000012874520266568,67175621,True,0.725642694632225667521524,0.725642694632226935057713,0.725657207631250203578180,0.729304128681986541748047,0.000000664827694660930438
combined,0.000064076738645744877453,2.5,0.000003000000000000000000,13917.570268002508800000000000,72183465,True,0.000000000000000000000000,,whole 100-tick block occupied; conditional,certified_conditional,0.072184186834650000000000,0.000999999997981149378722,0.001000000010905484049209,0.000000000002018850621278,67175621,True,0.726327005776183704293261,0.726327005776184971829450,0.726341532461567983108080,0.730023156886256370544434,0.000000668134711496384875
combined,0.000064750000000000000000,2.5,0.000003000000000000000000,13917.570268002508800000000000,72131372,True,0.000000000000000000000000,,whole 100-tick block occupied; conditional,certified_conditional,0.072132093313720000000000,0.000999999991969414807831,0.001000000004893749478318,0.000000000008030585192169,67175621,True,0.726851556351929009272662,0.726851556351930276808851,0.726866093528429714157841,0.730522234691480407714844,0.000000670705239965767700
combined,0.000064956534811103932294,2.5,0.000003000000000000000000,13917.570268002508800000000000,72115392,True,0.000000000000000000000000,,whole 100-tick block occupied; conditional,certified_conditional,0.072116113153920000000000,0.000999999995912484353524,0.001000000008836819024011,0.000000000004087515646476,67175621,True,0.727012618887240525511744,0.727012618887241793047933,0.727027159285024149456439,0.730669663354162597656250,0.000000671500810930570944
combined,0.000065836330976462987135,2.5,0.000003000000000000000000,13917.570268002508800000000000,72047319,True,0.000000000000000000000000,,whole 100-tick block occupied; conditional,certified_conditional,0.072048039473190000000000,0.000999999993843819328326,0.001000000006768153998814,0.000000000006156180671674,67175621,True,0.727699527584086152306485,0.727699527584087419842674,0.727714081720181096276916,0.731392081176788101196290,0.000000674927539780752519
combined,0.000066716127141822041975,2.5,0.000003000000000000000000,13917.570268002508800000000000,71979246,True,0.000000000000000000000000,,whole 100-tick block occupied; conditional,certified_conditional,0.071979965792460000000000,0.000999999991775154303129,0.001000000004699488973616,0.000000000008224845696871,67175621,True,0.728387735542547283446821,0.728387735542548550983009,0.728402303442939039607996,0.732049320420000000000000,0.000000678416550998057603
combined,0.000067595923307181096816,2.5,0.000003000000000000000000,13917.570268002508800000000000,71911173,True,0.000000000000000000000000,,whole 100-tick block occupied; conditional,certified_conditional,0.071911892111730000000000,0.000999999989706489277931,0.001000000002630823948418,0.000000000010293510722069,67175621,True,0.729077246452369153052098,0.729077246452370420588287,0.729091828143117009211666,0.732768276375444984436036,0.000000681969558170958368
combined,0.000068475719472540151657,2.5,0.000003000000000000000000,13917.570268002508800000000000,71843100,True,0.000000000000000000000000,,whole 100-tick block occupied; conditional,certified_conditional,0.071843818431000000000000,0.000999999987637824252733,0.001000000000562158923221,0.000000000012362175747267,67175621,True,0.729768064017281471263565,0.729768064017282738799754,0.729782659524518790564128,0.733456334490000000000000,0.000000685588338331555442
combined,0.000069355515637899206498,2.5,0.000003000000000000000000,13917.570268002508800000000000,71775028,True,0.000000000000000000000000,,whole 100-tick block occupied; conditional,certified_conditional,0.071775745750280000000000,0.000999999998493493898023,0.001000000011417828568510,0.000000000001506506101977,67175621,True,0.730460181777984879522127,0.730460181777986147058316,0.730474791127715837827245,0.734151728551091918945313,0.000000689274680259669578
combined,0.000070235311803258261339,2.5,0.000003000000000000000000,13917.570268002508800000000000,71706955,True,0.000000000000000000000000,,whole 100-tick block occupied; conditional,certified_conditional,0.071707672069550000000000,0.000999999996424828872825,0.001000000009349163543313,0.000000000003575171127175,67175621,True,0.731153623801205260416089,0.731153623801206527952278,0.731168247019915372920367,0.734863348560000000000000,0.000000693030605216313679
combined,0.000071115107968617316179,2.5,0.000003000000000000000000,13917.570268002508800000000000,71638882,True,0.000000000000000000000000,,whole 100-tick block occupied; conditional,certified_conditional,0.071639598388820000000000,0.000999999994356163847628,0.001000000007280498518115,0.000000000005643836152372,67175621,True,0.731848383675221991844628,0.731848383675223259380817,0.731863020789268538047872,0.735542465539296493530274,0.000000696858045374519663
combined,0.000071994904133976371020,2.5,0.000003000000000000000000,13917.570268002508800000000000,71570809,True,0.000000000000000000000000,,whole 100-tick block occupied; conditional,certified_conditional,0.071571524708090000000000,0.000999999992287498822430,0.001000000005211833492917,0.000000000007712501177570,67175621,True,0.732544465160369427159958,0.732544465160370694696147,0.732559116196184894001115,0.736270362630000000000000,0.000000700759062909278009
combined,0.000072874700299335425861,2.5,0.000003000000000000000000,13917.570268002508800000000000,71502736,True,0.000000000000000000000000,,whole 100-tick block occupied; conditional,certified_conditional,0.071503451027360000000000,0.000999999990218833797232,0.001000000003143168467719,0.000000000009781166202768,67175621,True,0.733241872031301776813789,0.733241872031303044349978,0.733256537015394145070953,0.736940473435626220703125,0.000000704735800050117046
combined,0.000073754496464694480702,2.5,0.000003000000000000000000,13917.570268002508800000000000,71434663,True,0.000000000000000000000000,,whole 100-tick block occupied; conditional,certified_conditional,0.071435377346630000000000,0.000999999988150168772034,0.001000000001074503442522,0.000000000011849831227966,67175621,True,0.733940608077061338232809,0.733940608077062605768998,0.733955287036014370287840,0.737677376700000000000000,0.000000708790483003864137
combined,0.000074634292630053535543,2.5,0.000003000000000000000000,13917.570268002508800000000000,71366591,True,0.000000000000000000000000,,whole 100-tick block occupied; conditional,certified_conditional,0.071367304665910000000000,0.000999999999005838417324,0.001000000011930173087811,0.000000000000994161582676,67175621,True,0.734640666807245350560903,0.734640666807246618097092,0.734655359767512999442349,0.738345738228838157653809,0.000000712925364766400133
combined,0.000075514088795412590383,2.5,0.000003000000000000000000,13917.570268002508800000000000,71298518,True,0.000000000000000000000000,,whole 100-tick block occupied; conditional,certified_conditional,0.071299230985180000000000,0.000999999996937173392126,0.001000000009861508062614,0.000000000003062826607874,67175621,True,0.735342072608016267789383,0.735342072608017535325571,0.735356779596540214652152,0.739084390770000000000000,0.000000717142973670890044
combined,0.000076393884960771645224,2.5,0.000003000000000000000000,13917.570268002508800000000000,71230445,True,0.000000000000000000000000,,whole 100-tick block occupied; conditional,certified_conditional,0.071231157304450000000000,0.000999999994868508366929,0.001000000007792843037416,0.000000000005131491633071,67175621,True,0.736044819037701573483313,0.736044819037702841019502,0.736059540081294664743641,0.739758287914715576171875,0.000000721445753655966973
combined,0.000077273681126130700065,2.5,0.000003000000000000000000,13917.570268002508800000000000,71162372,True,0.000000000000000000000000,,whole 100-tick block occupied; conditional,certified_conditional,0.071163083623720000000000,0.000999999992799843341731,0.001000000005724178012218,0.000000000007200156658269,67175621,True,0.736748909943585844771435,0.736748909943587112307624,0.736763645069137873306561,0.740491404840000000000000,0.000000725836310975178111
combined,0.000078153477291489754906,2.5,0.000003000000000000000000,13917.570268002508800000000000,71094299,True,0.000000000000000000000000,,whole 100-tick block occupied; conditional,certified_conditional,0.071095009942990000000000,0.000999999990731178316533,0.001000000003655512987021,0.000000000009268821683467,67175621,True,0.737454349187688803889910,0.737454349187690071426098,0.737469098422166803743931,0.741178108508718147277833,0.000000730317359313780625
combined,0.000079033273456848809747,2.5,0.000003000000000000000000,13917.570268002508800000000000,71026226,True,0.000000000000000000000000,,whole 100-tick block occupied; conditional,certified_conditional,0.071026936262260000000000,0.000999999988662513291336,0.001000000001586847961823,0.000000000011337486708664,67175621,True,0.738161140646835930517329,0.738161140646837198053518,0.738175904017284473019309,0.741898418910000000000000,0.000000734891725381898939
combined,0.000079500000000000000000,2.5,0.000003000000000000000000,13917.570268002508800000000000,70990114,True,0.000000000000000000000000,,whole 100-tick block occupied; conditional,certified_conditional,0.070990823901140000000000,0.000999999991632043845238,0.001000000004556378515725,0.000000000008367956154762,67175621,True,0.738536636242054140224803,0.738536636242055407760991,0.738551407122489686961020,0.742294428499837341308594,0.000000737357264183362974
combined,0.000079913069622207864587,2.5,0.000003000000000000000000,13917.570268002508800000000000,70958154,True,0.000000000000000000000000,,whole 100-tick block occupied; conditional,certified_conditional,0.070958863581540000000000,0.000999999999518182936625,0.001000000012442517607112,0.000000000000481817063375,67175621,True,0.738869277799982719801109,0.738869277799983987337298,0.738884055333315954085793,0.742605185919495086669922,0.000000739562285526791443
combined,0.000080792865787566919428,2.5,0.000003000000000000000000,13917.570268002508800000000000,70890081,True,0.000000000000000000000000,,whole 100-tick block occupied; conditional,certified_conditional,0.070890789900810000000000,0.000999999997449517911427,0.001000000010373852581915,0.000000000002550482088573,67175621,True,0.739578785359265636501790,0.739578785359266904037979,0.739593577082891959375694,0.743305432980000000000000,0.000000744332247912080358
combined,0.000081672661952925974269,2.5,0.000003000000000000000000,13917.570268002508800000000000,70822008,True,0.000000000000000000000000,,whole 100-tick block occupied; conditional,certified_conditional,0.070822716220080000000000,0.000999999995380852886230,0.001000000008305187556717,0.000000000004619147113770,67175621,True,0.740289656853558220423106,0.740289656853559487959294,0.740304462794756604869304,0.744039548303045349121094,0.000000749204747646578229
combined,0.000082552458118285029110,2.5,0.000003000000000000000000,13917.570268002508800000000000,70753935,True,0.000000000000000000000000,,whole 100-tick block occupied; conditional,certified_conditional,0.070754642539350000000000,0.000999999993312187861032,0.001000000006236522531519,0.000000000006687812138968,67175621,True,0.741001896219623052179549,0.741001896219624319715738,0.741016716405751207220088,0.744725006018703269958497,0.000000754183126939578805
combined,0.000083432254283644083950,2.5,0.000003000000000000000000,13917.570268002508800000000000,70685862,True,0.000000000000000000000000,,whole 100-tick block occupied; conditional,certified_conditional,0.070686568858620000000000,0.000999999991243522835834,0.001000000004167857506322,0.000000000008756477164166,67175621,True,0.741715507409387682101916,0.741715507409388949638105,0.741730341867882356100244,0.745481181594720764160157,0.000000759270874848489656
combined,0.000084312050449003138791,2.5,0.000003000000000000000000,13917.570268002508800000000000,70617789,True,0.000000000000000000000000,,whole 100-tick block occupied; conditional,certified_conditional,0.070618495177890000000000,0.000999999989174857810637,0.001000000002099192481124,0.000000000010825142189363,67175621,True,0.742430494390017722654818,0.742430494390018990191006,0.742445343148395008080070,0.746170534439731445312500,0.000000764471635433569124
combined,0.000085191846614362193632,2.5,0.000003000000000000000000,13917.570268002508800000000000,70549716,True,0.000000000000000000000000,,whole 100-tick block occupied; conditional,certified_conditional,0.070550421497160000000000,0.000999999987106192785439,0.001000000000030527455926,0.000000000012893807214561,67175621,True,0.743146861143990364012818,0.743146861143991631549007,0.743161724229846003674440,0.746923469160000000000000,0.000000769789216462182877
combined,0.000086071642779721248473,2.5,0.000003000000000000000000,13917.570268002508800000000000,70481644,True,0.000000000000000000000000,,whole 100-tick block occupied; conditional,certified_conditional,0.070482348816440000000000,0.000999999997961862430729,0.001000000010886197101216,0.000000000002038137569271,67175621,True,0.743864601115149290941380,0.743864601115150558477569,0.743879478555947903211267,0.747623319582167510986329,0.000000775227517908392904
combined,0.000086951438945080303314,2.5,0.000003000000000000000000,13917.570268002508800000000000,70413571,True,0.000000000000000000000000,,whole 100-tick block occupied; conditional,certified_conditional,0.070414275135710000000000,0.000999999995893197405531,0.001000000008817532076018,0.000000000004106802594469,67175621,True,0.744583739404438888266657,0.744583739404440155802845,0.744598631228147115424638,0.748330483230000000000000,0.000000780790863215601154
combined,0.000087831235110439358154,2.5,0.000003000000000000000000,13917.570268002508800000000000,70345498,True,0.000000000000000000000000,,whole 100-tick block occupied; conditional,certified_conditional,0.070346201454980000000000,0.000999999993824532380333,0.001000000006748867050820,0.000000000006175467619667,67175621,True,0.745304269507054387720274,0.745304269507055655256463,0.745319175741508774649843,0.749083389792743377685547,0.000000786483530677036262
combined,0.000088711031275798412995,2.5,0.000003000000000000000000,13917.570268002508800000000000,70277425,True,0.000000000000000000000000,,whole 100-tick block occupied; conditional,certified_conditional,0.070278127774250000000000,0.000999999991755867355136,0.001000000004680202025623,0.000000000008244132644864,67175621,True,0.746026195467462779981058,0.746026195467464047517246,0.746041116140580761714420,0.749782610283522415161133,0.000000792310082534920379
combined,0.000089590827441157467836,2.5,0.000003000000000000000000,13917.570268002508800000000000,70209352,True,0.000000000000000000000000,,whole 100-tick block occupied; conditional,certified_conditional,0.070210054093520000000000,0.000999999989687202329938,0.001000000002611537000425,0.000000000010312797670062,67175621,True,0.746749521345816658492344,0.746749521345817926028533,0.746764456485596873925613,0.750541505340000000000000,0.000000798275298181449319
combined,0.000090470623606516522677,2.5,0.000003000000000000000000,13917.570268002508800000000000,70141279,True,0.000000000000000000000000,,whole 100-tick block occupied; conditional,certified_conditional,0.070141980412790000000000,0.000999999987618537304740,0.001000000000542871975227,0.000000000012381462695260,67175621,True,0.747474251218030334843128,0.747474251218031602379317,0.747489200852552941973841,0.751253846531576194763184,0.000000804384187234043388
combined,0.000091350419771875577518,2.5,0.000003000000000000000000,13917.570268002508800000000000,70073207,True,0.000000000000000000000000,,whole 100-tick block occupied; conditional,certified_conditional,0.070073907732070000000000,0.000999999998474206950030,0.001000000011398541620517,0.000000000001525793049970,67175621,True,0.748200378498445997909545,0.748200378498447265445734,0.748215342655659440261872,0.751959025283389701843262,0.000000810641910518320988
combined,0.000092230215937234632358,2.5,0.000003000000000000000000,13917.570268002508800000000000,70005134,True,0.000000000000000000000000,,whole 100-tick block occupied; conditional,certified_conditional,0.070005834051340000000000,0.000999999996405541924832,0.001000000009329876595319,0.000000000003594458075168,67175621,True,0.748927928628776792756080,0.748927928628778060292269,0.748942907337138353205485,0.752732339405671386718750,0.000000817054165022146263
combined,0.000093110012102593687199,2.5,0.000003000000000000000000,13917.570268002508800000000000,69937061,True,0.000000000000000000000000,,whole 100-tick block occupied; conditional,certified_conditional,0.069937760370610000000000,0.000999999994336876899634,0.001000000007261211570122,0.000000000005663123100366,67175621,True,0.749656895075987760997308,0.749656895075989028533496,0.749671888363824060413467,0.753441427542218780517579,0.000000823626648649017127
combined,0.000093989808267952742040,2.5,0.000003000000000000000000,13917.570268002508800000000000,69868988,True,0.000000000000000000000000,,whole 100-tick block occupied; conditional,certified_conditional,0.069869686689880000000000,0.000999999992268211874437,0.001000000005192546544924,0.000000000007731788125563,67175621,True,0.750387281979809922526209,0.750387281979811190062398,0.750402289875530377227151,0.754159541520000000000000,0.000000830365443080349159
combined,0.000094250000000000000000,2.5,0.000003000000000000000000,13917.570268002508800000000000,69848856,True,0.000000000000000000000000,,whole 100-tick block occupied; conditional,certified_conditional,0.069849554488560000000000,0.000999999991294672882646,0.001000000004219007553133,0.000000000008705327117354,67175621,True,0.750603560350365018605654,0.750603560350366286141843,0.750618572571696140515190,0.754375286799217224121094,0.000000832391177694025388
combined,0.000094869604433311796881,2.5,0.000003000000000000000000,13917.570268002508800000000000,69800915,True,0.000000000000000000000000,,whole 100-tick block occupied; conditional,certified_conditional,0.069801613009150000000000,0.000999999990199546849239,0.001000000003123881519726,0.000000000009800453150761,67175621,True,0.751119093496123306727528,0.751119093496124574263717,0.751134116028220451463055,0.754931100709173011779786,0.000000837276941724532960
combined,0.000095749400598670851722,2.5,0.000003000000000000000000,13917.570268002508800000000000,69732842,True,0.000000000000000000000000,,whole 100-tick block occupied; conditional,certified_conditional,0.069733539328420000000000,0.000999999988130881824041,0.001000000001055216494529,0.000000000011869118175959,67175621,True,0.751852333797035775561099,0.751852333797037043097288,0.751867370994085588072681,0.755646161377394638061524,0.000000844367869948812620
combined,0.000096629196764029906562,2.5,0.000003000000000000000000,13917.570268002508800000000000,69664770,True,0.000000000000000000000000,,whole 100-tick block occupied; conditional,certified_conditional,0.069665466647700000000000,0.000999999998986551469331,0.001000000011910886139818,0.000000000001013448530669,67175621,True,0.752586996267983886958810,0.752586996267985154494998,0.752602048158430052396148,0.756370563630000000000000,0.000000851645198595314697
combined,0.000097508992929388961403,2.5,0.000003000000000000000000,13917.570268002508800000000000,69596697,True,0.000000000000000000000000,,whole 100-tick block occupied; conditional,certified_conditional,0.069597392966970000000000,0.000999999996917886444133,0.001000000009842221114620,0.000000000003082113555867,67175621,True,0.753323106698583064823234,0.753323106698584332359423,0.753338173311385065802485,0.757146986215820541381836,0.000000859116597897831479
combined,0.000098388789094748016244,2.5,0.000003000000000000000000,13917.570268002508800000000000,69528624,True,0.000000000000000000000000,,whole 100-tick block occupied; conditional,certified_conditional,0.069529319286240000000000,0.000999999994849221418935,0.001000000007773556089423,0.000000000005150778581065,67175621,True,0.754060658528204958219459,0.754060658528206225755648,0.754075739892191063477621,0.757868019400457763671875,0.000000866789821691828614
combined,0.000099268585260107071085,2.5,0.000003000000000000000000,13917.570268002508800000000000,69460551,True,0.000000000000000000000000,,whole 100-tick block occupied; conditional,certified_conditional,0.069461245605510000000000,0.000999999992780556393738,0.001000000005704891064225,0.000000000007219443606262,67175621,True,0.754799655994666036814464,0.754799655994667304350653,0.754814752138749272265500,0.758591129987416458129883,0.000000874673159753486604
combined,0.000100000000000000000000,2.5,0.000003000000000000000000,13917.570268002508800000000000,69403959,True,0.000000000000000000000000,,whole 100-tick block occupied; conditional,certified_conditional,0.069404653039590000000000,0.000999999993572777106980,0.001000000006497111777467,0.000000000006427222893020,67175621,True,0.755415119762835950237149,0.755415119762837217773338,0.755430228216317643071028,0.759214606740899314880372,0.000000881393134724191450
combined,0.000100148381425466125925,2.5,0.000003000000000000000000,13917.570268002508800000000000,69392478,True,0.000000000000000000000000,,whole 100-tick block occupied; conditional,certified_conditional,0.069393171924780000000000,0.000999999990711891368540,0.001000000003636226039027,0.000000000009288108631460,67175621,True,0.755540103352411712711304,0.755540103352412980247492,0.755555214305590194028316,0.759380024615665206909180,0.000000882775362155469748
combined,0.000101028177590825180766,2.5,0.000003000000000000000000,13917.570268002508800000000000,69324405,True,0.000000000000000000000000,,whole 100-tick block occupied; conditional,certified_conditional,0.069325098244050000000000,0.000999999988643226343342,0.001000000001567561013830,0.000000000011356773656658,67175621,True,0.756282004872597984279908,0.756282004872599251816096,0.756297130663955251110207,0.760107030331976661682129,0.000000891105671664567590
combined,0.000101907973756184235607,2.5,0.000003000000000000000000,13917.570268002508800000000000,69256333,True,0.000000000000000000000000,,whole 100-tick block occupied; conditional,certified_conditional,0.069257025563330000000000,0.000999999999498895988632,0.001000000012423230659119,0.000000000000501104011368,67175621,True,0.757025353912398973066417,0.757025353912400240602606,0.757040494570885707211165,0.760836099012124824523926,0.000000899673731250024573
combined,0.000102787769921543290448,2.5,0.000003000000000000000000,13917.570268002508800000000000,69188260,True,0.000000000000000000000000,,whole 100-tick block occupied; conditional,certified_conditional,0.069188951882600000000000,0.000999999997430230963434,0.001000000010354565633922,0.000000000002569769036566,67175621,True,0.757770176616668147900934,0.757770176616669415437123,0.757785332171757933459693,0.761596615890000000000000,0.000000908490129247157954
combined,0.000103667566086902345289,2.5,0.000003000000000000000000,13917.570268002508800000000000,69120187,True,0.000000000000000000000000,,whole 100-tick block occupied; conditional,certified_conditional,0.069120878201870000000000,0.000999999995361565938237,0.001000000008285900608724,0.000000000004638434061763,67175621,True,0.758516466397869499308947,0.758516466397870766845136,0.758531636878904168343569,0.762363165367460327148438,0.000000917565685980175681
combined,0.000104547362252261400129,2.5,0.000003000000000000000000,13917.570268002508800000000000,69052114,True,0.000000000000000000000000,,whole 100-tick block occupied; conditional,certified_conditional,0.069052804521140000000000,0.000999999993292900913039,0.001000000006217235583526,0.000000000006707099086961,67175621,True,0.759264227594827237830449,0.759264227594828505366638,0.759279413031235399754770,0.763098221002508850097657,0.000000926911998891119334
combined,0.000104666000000000000000,2.5,0.000003000000000000000000,13917.570268002508800000000000,69042935,True,0.000000000000000000000000,,whole 100-tick block occupied; conditional,certified_conditional,0.069043625429350000000000,0.000999999998572699110244,0.001000000011497033780731,0.000000000001427300889756,67175621,True,0.759365168934373317744830,0.759365168934374585281019,0.759380356389628459060543,0.763204631970000000000000,0.000000928193637681250166
combined,0.000104667000000000000000,2.5,0.000003000000000000000000,13917.570268002508800000000000,69042857,True,0.000000000000000000000000,,whole 100-tick block occupied; conditional,certified_conditional,0.069043547428570000000000,0.000999999990474594812237,0.001000000003398929482724,0.000000000009525405187763,67175621,True,0.759366026814330065206312,0.759366026814331332742501,0.759381214286742977234682,0.763204631970000000000000,0.000000928204550745900238
combined,0.000104668000000000000000,2.5,0.000003000000000000000000,13917.570268002508800000000000,69042780,True,0.000000000000000000000000,,whole 100-tick block occupied; conditional,certified_conditional,0.069043470427800000000000,0.000999999995300825184717,0.001000000008225159855204,0.000000000004699174815283,67175621,True,0.759366873697727064913795,0.759366873697728332449984,0.759382061187077814260532,0.763204631970000000000000,0.000000928215324266125409
combined,0.000105427158417620454970,2.5,0.000003000000000000000000,13917.570268002508800000000000,68984041,True,0.000000000000000000000000,,whole 100-tick block occupied; conditional,certified_conditional,0.068984730840410000000000,0.000999999991224235887841,0.001000000004148570558328,0.000000000008775764112159,67175621,True,0.760013464563491667299047,0.760013464563492934835235,0.760028664984789051404179,0.763835354039878845214844,0.000000936541367886535042
combined,0.000106306000000000000000,2.5,0.000003000000000000000000,13917.570268002508800000000000,68916042,True,0.000000000000000000000000,,whole 100-tick block occupied; conditional,certified_conditional,0.068916731160420000000000,0.000999999990973356968891,0.001000000003897691639378,0.000000000009026643031109,67175621,True,0.760763364791030168610255,0.760763364791031436146443,0.760778580210482085030736,0.764611646040000000000000,0.000000946455893951538246
combined,0.000106306954582979509811,2.5,0.000003000000000000000000,13917.570268002508800000000000,68915968,True,0.000000000000000000000000,,whole 100-tick block occupied; conditional,certified_conditional,0.068916657159680000000000,0.000999999989155570862644,0.001000000002079905533131,0.000000000010844429137356,67175621,True,0.760764181677023767891620,0.760764181677025035427808,0.760779397112813567562919,0.764611646040000000000000,0.000000946466849341139779
combined,0.000106307000000000000000,2.5,0.000003000000000000000000,13917.570268002508800000000000,68915965,True,0.000000000000000000000000,,whole 100-tick block occupied; conditional,certified_conditional,0.068916654159650000000000,0.000999999995799587341371,0.001000000008723922011858,0.000000000004200412658629,67175621,True,0.760764214794060510119247,0.760764214794061777655436,0.760779430230512657148865,0.764611646040000000000000,0.000000946467293486280415
combined,0.000106308000000000000000,2.5,0.000003000000000000000000,13917.570268002508800000000000,68915887,True,0.000000000000000000000000,,whole 100-tick block occupied; conditional,certified_conditional,0.068916576158870000000000,0.000999999987701483043364,0.001000000000625817713851,0.000000000012298516956636,67175621,True,0.760765075838027831279450,0.760765075838029098815639,0.760780291291701029866006,0.764611646040000000000000,0.000000946478841471210520
combined,0.000109000000000000000000,2.5,0.000003000000000000000000,13917.570268002508800000000000,68707598,True,0.000000000000000000000000,,whole 100-tick block occupied; conditional,certified_conditional,0.068708285075980000000000,0.000999999990957301920053,0.001000000003881636590540,0.000000000009042698079947,67175621,True,0.763071356387687377097895,0.763071356387688644634083,0.763086617967432829597907,0.766926179292210769653321,0.000000978839244981164343
combined,0.000123750000000000000000,2.5,0.000003000000000000000000,13917.570268002508800000000000,67566340,True,0.000000000000000000000000,,whole 100-tick block occupied; conditional,certified_conditional,0.067567015663400000000000,0.000999999990619930957461,0.001000000003544265627948,0.000000000009380069042539,67175621,True,0.775960337647413744456329,0.775960337647415011992518,0.775975857009362213513854,0.779887798800000000000000,0.000001233896096667003044
combined,0.000138500000000000000000,2.5,0.000003000000000000000000,13917.570268002508800000000000,66425082,True,0.000000000000000000000000,,whole 100-tick block occupied; conditional,resource_rejected,0.066425746250820000000000,0.000999999990282559994868,0.001000000003206894665356,0.000000000009717440005132,,False,0.789292213444312464708773,0.789292213444313732244962,0.789307999446443273564101,0.793280760842841949462891,
combined,0.000153250000000000000000,2.5,0.000003000000000000000000,13917.570268002508800000000000,65283824,True,0.000000000000000000000000,,whole 100-tick block occupied; conditional,resource_rejected,0.065284476838240000000000,0.000999999989945189032276,0.001000000002869523702763,0.000000000010054810967724,,False,0.803090211137141087586954,0.803090211137142355123142,0.803106273101985380149576,0.807145399043789672851563,
combined,0.000168000000000000000000,2.5,0.000003000000000000000000,13917.570268002508800000000000,64142566,True,0.000000000000000000000000,,whole 100-tick block occupied; conditional,resource_rejected,0.064143207425660000000000,0.000999999989607818069683,0.001000000002532152740171,0.000000000010392181930317,,False,0.817379211177799767918361,0.817379211177801035454550,0.817395558925502702241008,0.821495214870000000000000,
combined,0.000182750000000000000000,2.5,0.000003000000000000000000,13917.570268002508800000000000,63001308,True,0.000000000000000000000000,,whole 100-tick block occupied; conditional,resource_rejected,0.063001938013080000000000,0.000999999989270447107091,0.001000000002194781777578,0.000000000010729552892909,,False,0.832185896838839601104490,0.832185896838840868640678,0.832202540723217122969675,0.836369363610000000000000,
combined,0.000197500000000000000000,2.5,0.000003000000000000000000,13917.570268002508800000000000,61860050,True,0.000000000000000000000000,,whole 100-tick block occupied; conditional,resource_rejected,0.061860668600500000000000,0.000999999988933076144498,0.001000000001857410814986,0.000000000011066923855502,,False,0.847538920514935904433863,0.847538920514937171970052,0.847555871462857583666689,0.851819425215209121704102,
combined,0.000200000000000000000000,2.5,0.000003000000000000000000,13917.570268002508800000000000,61666617,True,0.000000000000000000000000,,whole 100-tick block occupied; conditional,resource_rejected,0.061667233666170000000000,0.000999999996104759780094,0.001000000009029094450582,0.000000000003895240219906,,False,0.850197441510371177288121,0.850197441510372444824310,0.850214445629244474742586,0.854466535251305046081543,
combined,0.000212250000000000000000,2.5,0.000003000000000000000000,13917.570268002508800000000000,60718792,True,0.000000000000000000000000,,whole 100-tick block occupied; conditional,resource_rejected,0.060719399187920000000000,0.000999999988595705181906,0.001000000001520039852393,0.000000000011404294818094,,False,0.863469088778972439345745,0.863469088778973706881934,0.863486358333445464822732,0.867815689400875549316407,
combined,0.000227000000000000000000,2.5,0.000003000000000000000000,13917.570268002508800000000000,59577534,True,0.000000000000000000000000,,whole 100-tick block occupied; conditional,resource_rejected,0.059578129775340000000000,0.000999999988258334219314,0.001000000001182668889801,0.000000000011741665780686,,False,0.880009568707559501231787,0.880009568707560768767975,0.880027169074939227517019,0.884429717304351806640625,
combined,0.000241750000000000000000,2.5,0.000003000000000000000000,13917.570268002508800000000000,58436276,True,0.000000000000000000000000,,whole 100-tick block occupied; conditional,resource_rejected,0.058436860362760000000000,0.000999999987920963256721,0.001000000000845297927208,0.000000000012079036743279,,False,0.897196118383723886938872,0.897196118383725154475061,0.897214062485534480820495,0.901700690517765808105469,
combined,0.000256500000000000000000,2.5,0.000003000000000000000000,13917.570268002508800000000000,57295018,True,0.000000000000000000000000,,whole 100-tick block occupied; conditional,resource_rejected,0.057295590950180000000000,0.000999999987583592294129,0.001000000000507926964616,0.000000000012416407705871,,False,0.915067344947862023330643,0.915067344947863290866832,0.915085646477778181030632,0.919667790633245468139649,
combined,0.000271250000000000000000,2.5,0.000003000000000000000000,13917.570268002508800000000000,56153760,True,0.000000000000000000000000,,whole 100-tick block occupied; conditional,resource_rejected,0.056154321537600000000000,0.000999999987246221331536,0.001000000000170556002023,0.000000000012753778668464,,False,0.933664994116154722525055,0.933664994116155990061244,0.933683667602773813108356,0.938356993800288085937500,
combined,0.000286000000000000000000,2.5,0.000003000000000000000000,13917.570268002508800000000000,55012503,True,0.000000000000000000000000,,whole 100-tick block occupied; conditional,resource_rejected,0.055013053125030000000000,0.000999999999833185039431,0.001000000012757519709918,0.000000000000166814960569,,False,0.953034258412127969069700,0.953034258412129236605889,0.953053319287906870716043,0.957820523964880180358887,
combined,0.000300750000000000000000,2.5,0.000003000000000000000000,13917.570268002508800000000000,53871245,True,0.000000000000000000000000,,whole 100-tick block occupied; conditional,resource_rejected,0.053871783712450000000000,0.000999999999495814076839,0.001000000012420148747326,0.000000000000504185923161,,False,0.973224212657419850945040,0.973224212657421118481228,0.973243677336321689658391,0.978110659218279800415040,
combined,0.000315500000000000000000,2.5,0.000003000000000000000000,13917.570268002508800000000000,52729987,True,0.000000000000000000000000,,whole 100-tick block occupied; conditional,resource_rejected,0.052730514299870000000000,0.000999999999158443114246,0.001000000012082777784733,0.000000000000841556885754,,False,0.994288126792065520164392,0.994288126792066787700581,0.994308012753462876746306,0.999279623876495399475098,
combined,0.000330250000000000000000,2.5,0.000003000000000000000000,13917.570268002508800000000000,51588729,True,0.000000000000000000000000,,whole 100-tick block occupied; conditional,resource_rejected,0.051589244887290000000000,0.000999999998821072151654,0.001000000011745406822141,0.000000000001178927848346,,False,1.016284002654920366514739,1.016284002654921634050927,1.016304328538234199358342,1.000000000000000000000000,
combined,0.000345000000000000000000,2.5,0.000003000000000000000000,13917.570268002508800000000000,50447471,True,0.000000000000000000000000,,whole 100-tick block occupied; conditional,resource_rejected,0.050447975474710000000000,0.000999999998483701189061,0.001000000011408035859548,0.000000000001516298810939,,False,1.039275090717629195485388,1.039275090717630463021577,1.039295876427302546100749,1.000000000000000000000000,
combined,0.000359750000000000000000,2.5,0.000003000000000000000000,13917.570268002508800000000000,49306213,True,0.000000000000000000000000,,whole 100-tick block occupied; conditional,resource_rejected,0.049306706062130000000000,0.000999999998146330226469,0.001000000011070664896956,0.000000000001853669773531,,False,1.063330497517624579103152,1.063330497517625846639340,1.063351764340245059097479,1.000000000000000000000000,
combined,0.000374500000000000000000,2.5,0.000003000000000000000000,13917.570268002508800000000000,48164955,True,0.000000000000000000000000,,whole 100-tick block occupied; conditional,resource_rejected,0.048165436649550000000000,0.000999999997808959263876,0.001000000010733293934364,0.000000000002191040736124,,False,1.088525879449071829810456,1.088525879449073097346644,1.088547650184370065527354,1.000000000000000000000000,
combined,0.000389250000000000000000,2.5,0.000003000000000000000000,13917.570268002508800000000000,47023697,True,0.000000000000000000000000,,whole 100-tick block occupied; conditional,resource_rejected,0.047024167236970000000000,0.000999999997471588301284,0.001000000010395922971771,0.000000000002528411698716,,False,1.114944237583020539577761,1.114944237583021807113950,1.114966536690765178732890,1.000000000000000000000000,
combined,0.000404000000000000000000,2.5,0.000003000000000000000000,13917.570268002508800000000000,45882439,True,0.000000000000000000000000,,whole 100-tick block occupied; conditional,resource_rejected,0.045882897824390000000000,0.000999999997134217338691,0.001000000010058552009179,0.000000000002865782661309,,False,1.142676831107430250627567,1.142676831107431518163756,1.142699684872591952147540,1.000000000000000000000000,
combined,0.000418750000000000000000,2.5,0.000003000000000000000000,13917.570268002508800000000000,44741181,True,0.000000000000000000000000,,whole 100-tick block occupied; conditional,resource_rejected,0.044741628411810000000000,0.000999999996796846376099,0.001000000009721181046586,0.000000000003203153623901,,False,1.171824230567359669036608,1.171824230567360936572797,1.171847667286340107332317,1.000000000000000000000000,
combined,0.000433500000000000000000,2.5,0.000003000000000000000000,13917.570268002508800000000000,43599923,True,0.000000000000000000000000,,whole 100-tick block occupied; conditional,resource_rejected,0.043600358999230000000000,0.000999999996459475413506,0.001000000009383810083994,0.000000000003540524586494,,False,1.202497536520878084297532,1.202497536520879351833720,1.202521586712112315499475,1.000000000000000000000000,
combined,0.000448250000000000000000,2.5,0.000003000000000000000000,13917.570268002508800000000000,42458665,True,0.000000000000000000000000,,whole 100-tick block occupied; conditional,resource_rejected,0.042459089586650000000000,0.000999999996122104450914,0.001000000009046439121401,0.000000000003877895549086,,False,1.234819794734478182275698,1.234819794734479449811887,1.234844491377341201767483,1.000000000000000000000000,
combined,0.000463000000000000000000,2.5,0.000003000000000000000000,13917.570268002508800000000000,41317407,True,0.000000000000000000000000,,whole 100-tick block occupied; conditional,resource_rejected,0.041317820174070000000000,0.000999999995784733488322,0.001000000008709068158809,0.000000000004215266511678,,False,1.268927645919308871787276,1.268927645919310139323465,1.268953024726017226346202,1.000000000000000000000000,
combined,0.000477750000000000000000,2.5,0.000003000000000000000000,13917.570268002508800000000000,40176149,True,0.000000000000000000000000,,whole 100-tick block occupied; conditional,resource_rejected,0.040176550761490000000000,0.000999999995447362525729,0.001000000008371697196216,0.000000000004552637474271,,False,1.304973256645378693155449,1.304973256645379960691638,1.304999356371510763347959,1.000000000000000000000000,
combined,0.000492500000000000000000,2.5,0.000003000000000000000000,13917.570268002508800000000000,39034891,True,0.000000000000000000000000,,whole 100-tick block occupied; conditional,resource_rejected,0.039035281348910000000000,0.000999999995109991563137,0.001000000008034326233624,0.000000000004890008436863,,False,1.343126588979074522353131,1.343126588979075789889319,1.343153451779484009236391,1.000000000000000000000000,
combined,0.000500000000000000000000,2.5,0.000003000000000000000000,13917.570268002508800000000000,38454590,True,0.000000000000000000000000,,whole 100-tick block occupied; conditional,resource_rejected,0.038454974545900000000000,0.000999999990776373128950,0.001000000003700707799437,0.000000000009223626871050,,False,1.363395110960745534634689,1.363395110960746802170878,1.363422379135648399871979,1.000000000000000000000000,
combined,0.000507250000000000000000,2.5,0.000003000000000000000000,13917.570268002508800000000000,37893633,True,0.000000000000000000000000,,whole 100-tick block occupied; conditional,resource_rejected,0.037894011936330000000000,0.000999999994772620600544,0.001000000007696955271031,0.000000000005227379399456,,False,1.383578080254273217461741,1.383578080254274484997930,1.383605752092598587477736,1.000000000000000000000000,
combined,0.000522000000000000000000,2.5,0.000003000000000000000000,13917.570268002508800000000000,36752375,True,0.000000000000000000000000,,whole 100-tick block occupied; conditional,resource_rejected,0.036752742523750000000000,0.000999999994435249637952,0.001000000007359584308439,0.000000000005564750362048,,False,1.426541822127140809471968,1.426541822127142077008157,1.426570353248896471142719,1.000000000000000000000000,
combined,0.000536750000000000000000,2.5,0.000003000000000000000000,13917.570268002508800000000000,35611117,True,0.000000000000000000000000,,whole 100-tick block occupied; conditional,resource_rejected,0.035611473111170000000000,0.000999999994097878675359,0.001000000007022213345847,0.000000000005902121324641,,False,1.472259350921229947120452,1.472259350921231214656641,1.472288796402705087768746,1.000000000000000000000000,
combined,0.000551500000000000000000,2.5,0.000003000000000000000000,13917.570268002508800000000000,34469859,True,0.000000000000000000000000,,whole 100-tick block occupied; conditional,resource_rejected,0.034470203698590000000000,0.000999999993760507712767,0.001000000006684842383254,0.000000000006239492287233,,False,1.521004190936782716578653,1.521004190936783984114842,1.521034611324807233776102,1.000000000000000000000000,
combined,0.000566250000000000000000,2.5,0.000003000000000000000000,13917.570268002508800000000000,33328601,True,0.000000000000000000000000,,whole 100-tick block occupied; conditional,resource_rejected,0.033328934286010000000000,0.000999999993423136750174,0.001000000006347471420662,0.000000000006576863249826,,False,1.573087331208411024435021,1.573087331208412291971209,1.573118793269657706420274,1.000000000000000000000000,
combined,0.000581000000000000000000,2.5,0.000003000000000000000000,13917.570268002508800000000000,32187343,True,0.000000000000000000000000,,whole 100-tick block occupied; conditional,resource_rejected,0.032187664873430000000000,0.000999999993085765787582,0.001000000006010100458069,0.000000000006914234212418,,False,1.628863867390358365419878,1.628863867390359632956067,1.628896444993484105142529,1.000000000000000000000000,
combined,0.000595750000000000000000,2.5,0.000003000000000000000000,13917.570268002508800000000000,31046085,True,0.000000000000000000000000,,whole 100-tick block occupied; conditional,resource_rejected,0.031046395460850000000000,0.000999999992748394824989,0.001000000005672729495477,0.000000000007251605175011,,False,1.688741108581000803289106,1.688741108581002070825295,1.688774883740925923854323,1.000000000000000000000000,
combined,0.000610500000000000000000,2.5,0.000003000000000000000000,13917.570268002508800000000000,29904827,True,0.000000000000000000000000,,whole 100-tick block occupied; conditional,resource_rejected,0.029905126048270000000000,0.000999999992411023862397,0.001000000005335358532884,0.000000000007588976137603,,False,1.753188540431950368657032,1.753188540431951636193221,1.753223604553402123479899,1.000000000000000000000000,
combined,0.000625250000000000000000,2.5,0.000003000000000000000000,13917.570268002508800000000000,28763569,True,0.000000000000000000000000,,whole 100-tick block occupied; conditional,resource_rejected,0.028763856635690000000000,0.000999999992073652899805,0.001000000004997987570292,0.000000000007926347100195,,False,1.822750160107043106179476,1.822750160107044373715665,1.822786615474800825916742,1.000000000000000000000000,
combined,0.000640000000000000000000,2.5,0.000003000000000000000000,13917.570268002508800000000000,27622311,True,0.000000000000000000000000,,whole 100-tick block occupied; conditional,resource_rejected,0.027622587223110000000000,0.000999999991736281937212,0.001000000004660616607699,0.000000000008263718062788,,False,1.898059869067435468880956,1.898059869067436736417145,1.898097830644434488878479,1.000000000000000000000000,
combined,0.000654750000000000000000,2.5,0.000003000000000000000000,13917.570268002508800000000000,26481053,True,0.000000000000000000000000,,whole 100-tick block occupied; conditional,resource_rejected,0.026481317810530000000000,0.000999999991398910974620,0.001000000004323245645107,0.000000000008601089025380,,False,1.979860846168012398039969,1.979860846168013665576157,1.979900443780913788599780,1.000000000000000000000000,
combined,0.000669500000000000000000,2.5,0.000003000000000000000000,13917.570268002508800000000000,25339795,True,0.000000000000000000000000,,whole 100-tick block occupied; conditional,resource_rejected,0.025340048397950000000000,0.000999999991061540012027,0.001000000003985874682514,0.000000000008938459987973,,False,2.069030155926675173988046,2.069030155926676441524234,2.069071536943605778095512,1.000000000000000000000000,
combined,0.000684250000000000000000,2.5,0.000003000000000000000000,13917.570268002508800000000000,24198537,True,0.000000000000000000000000,,whole 100-tick block occupied; conditional,resource_rejected,0.024198778985370000000000,0.000999999990724169049435,0.001000000003648503719922,0.000000000009275830950565,,False,2.166610320285064533601321,2.166610320285065801137510,2.166653652924798533529938,1.000000000000000000000000,
combined,0.000699000000000000000000,2.5,0.000003000000000000000000,13917.570268002508800000000000,23057279,True,0.000000000000000000000000,,whole 100-tick block occupied; conditional,resource_rejected,0.023057509572790000000000,0.000999999990386798086842,0.001000000003311132757330,0.000000000009613201913158,,False,2.273850266547062443362559,2.273850266547063710898748,2.273895744007169886983808,1.000000000000000000000000,
combined,0.000713750000000000000000,2.5,0.000003000000000000000000,13917.570268002508800000000000,21916021,True,0.000000000000000000000000,,whole 100-tick block occupied; conditional,resource_rejected,0.021916240160210000000000,0.000999999990049427124250,0.001000000002973761794737,0.000000000009950572875750,,False,2.392259069289995027396859,2.392259069289996294933048,2.392306914949839327038348,1.000000000000000000000000,
combined,0.000728500000000000000000,2.5,0.000003000000000000000000,13917.570268002508800000000000,20774763,True,0.000000000000000000000000,,whole 100-tick block occupied; conditional,resource_rejected,0.020774970747630000000000,0.000999999989712056161657,0.001000000002636390832145,0.000000000010287943838343,,False,2.523677406091226495995071,2.523677406091227763531259,2.523727880144090750465480,1.000000000000000000000000,
combined,0.000743250000000000000000,2.5,0.000003000000000000000000,13917.570268002508800000000000,19633505,True,0.000000000000000000000000,,whole 100-tick block occupied; conditional,resource_rejected,0.019633701335050000000000,0.000999999989374685199065,0.001000000002299019869552,0.000000000010625314800935,,False,2.670373934761011218165628,2.670373934761012485701817,2.670427342773788467460429,1.000000000000000000000000,
combined,0.000758000000000000000000,2.5,0.000003000000000000000000,13917.570268002508800000000000,18492247,True,0.000000000000000000000000,,whole 100-tick block occupied; conditional,resource_rejected,0.018492431922470000000000,0.000999999989037314236472,0.001000000001961648906960,0.000000000010962685763528,,False,2.835177358381595718476173,2.835177358381596986012362,2.835234062495806393795241,1.000000000000000000000000,
combined,0.000772750000000000000000,2.5,0.000003000000000000000000,13917.570268002508800000000000,17350989,True,0.000000000000000000000000,,whole 100-tick block occupied; conditional,resource_rejected,0.017351162509890000000000,0.000999999988699943273880,0.001000000001624277944367,0.000000000011300056726120,,False,3.021660609663229514092641,3.021660609663230781628830,3.021721043479762845314180,1.000000000000000000000000,
combined,0.000787500000000000000000,2.5,0.000003000000000000000000,13917.570268002508800000000000,16209731,True,0.000000000000000000000000,,whole 100-tick block occupied; conditional,resource_rejected,0.016209893097310000000000,0.000999999988362572311288,0.001000000001286906981775,0.000000000011637427688712,,False,3.234402841108220101048541,3.234402841108221368584730,3.234467529811931203859535,1.000000000000000000000000,
combined,0.000802250000000000000000,2.5,0.000003000000000000000000,13917.570268002508800000000000,15068473,True,0.000000000000000000000000,,whole 100-tick block occupied; conditional,resource_rejected,0.015068623684730000000000,0.000999999988025201348695,0.001000000000949536019182,0.000000000011974798651305,,False,3.479370471049056560016571,3.479370471049057827552760,3.479440059154360495485071,1.000000000000000000000000,
combined,0.000817000000000000000000,2.5,0.000003000000000000000000,13917.570268002508800000000000,13927215,True,0.000000000000000000000000,,whole 100-tick block occupied; conditional,resource_rejected,0.013927354272150000000000,0.000999999987687830386103,0.001000000000612165056590,0.000000000012312169613897,,False,3.764485577339043819843055,3.764485577339045087379244,3.764560867803497146550664,1.000000000000000000000000,
combined,0.000831750000000000000000,2.5,0.000003000000000000000000,13917.570268002508800000000000,12785957,True,0.000000000000000000000000,,whole 100-tick block occupied; conditional,resource_rejected,0.012786084859570000000000,0.000999999987350459423510,0.001000000000274794093997,0.000000000012649540576490,,False,4.100498695561074692857828,4.100498695561075960394017,4.100580706355095755860260,1.000000000000000000000000,
combined,0.000846500000000000000000,2.5,0.000003000000000000000000,13917.570268002508800000000000,11644700,True,0.000000000000000000000000,,whole 100-tick block occupied; conditional,resource_rejected,0.011644816447000000000000,0.000999999999937423131405,0.001000000012861757801892,0.000000000000062576868595,,False,4.502374470789285479227517,4.502374470789286746763706,4.502464519179187065250907,1.000000000000000000000000,
combined,0.000861250000000000000000,2.5,0.000003000000000000000000,13917.570268002508800000000000,10503442,True,0.000000000000000000000000,,whole 100-tick block occupied; conditional,resource_rejected,0.010503547034420000000000,0.000999999999600052168812,0.001000000012524386839300,0.000000000000399947831188,,False,4.991582759251680862640416,4.991582759251682130176605,4.991682591905194332690315,1.000000000000000000000000,
combined,0.000876000000000000000000,2.5,0.000003000000000000000000,13917.570268002508800000000000,9362184,True,0.000000000000000000000000,,whole 100-tick block occupied; conditional,resource_rejected,0.009362277621840000000000,0.000999999999262681206220,0.001000000012187015876707,0.000000000000737318793780,,False,5.600060840504736295136529,5.600060840504737562672718,5.600172842841571659514020,1.000000000000000000000000,
combined,0.000890750000000000000000,2.5,0.000003000000000000000000,13917.570268002508800000000000,8220926,True,0.000000000000000000000000,,whole 100-tick block occupied; conditional,resource_rejected,0.008221008209260000000000,0.000999999998925310243628,0.001000000011849644914115,0.000000000001074689756372,,False,6.377481076949238417891050,6.377481076949239685427238,6.377608627846288274455918,1.000000000000000000000000,
combined,0.000905500000000000000000,2.5,0.000003000000000000000000,13917.570268002508800000000000,7079668,True,0.000000000000000000000000,,whole 100-tick block occupied; conditional,resource_rejected,0.007079738796680000000000,0.000999999998587939281035,0.001000000011512273951522,0.000000000001412060718965,,False,7.405545005782756410771282,7.405545005782757678307471,7.405693118163997779611131,1.000000000000000000000000,
combined,0.000920250000000000000000,2.5,0.000003000000000000000000,13917.570268002508800000000000,5938410,True,0.000000000000000000000000,,whole 100-tick block occupied; conditional,resource_rejected,0.005938469384100000000000,0.000999999998250568318443,0.001000000011174902988930,0.000000000001749431681557,,False,8.828760560486728979040721,8.828760560486730246576910,8.828937137463710384732304,1.000000000000000000000000,
combined,0.000935000000000000000000,2.5,0.000003000000000000000000,13917.570268002508800000000000,4797152,True,0.000000000000000000000000,,whole 100-tick block occupied; conditional,resource_rejected,0.004797199971520000000000,0.000999999997913197355850,0.001000000010837532026337,0.000000000002086802644150,,False,10.929151296435884658171790,10.929151296435885925707979,10.929369881647667394990267,1.000000000000000000000000,
combined,0.000949750000000000000000,2.5,0.000003000000000000000000,13917.570268002508800000000000,3655894,True,0.000000000000000000000000,,whole 100-tick block occupied; conditional,resource_rejected,0.003655930558940000000000,0.000999999997575826393258,0.001000000010500161063745,0.000000000002424173606742,,False,14.340897192314656191621263,14.340897192314657459157452,14.341184013126712506606190,1.000000000000000000000000,
combined,0.000964500000000000000000,2.5,0.000003000000000000000000,13917.570268002508800000000000,2514636,True,0.000000000000000000000000,,whole 100-tick block occupied; conditional,resource_rejected,0.002514661146360000000000,0.000999999997238455430665,0.001000000010162790101153,0.000000000002761544569335,,False,20.849458927653942123752278,20.849458927653943391288467,20.849875921002430588777349,1.000000000000000000000000,
combined,0.000979250000000000000000,2.5,0.000003000000000000000000,13917.570268002508800000000000,1373378,True,0.000000000000000000000000,,whole 100-tick block occupied; conditional,resource_rejected,0.001373391733780000000000,0.000999999996901084468073,0.001000000009825419138560,0.000000000003098915531927,,False,38.175069063287746803572536,38.175069063287748071108725,38.175832572304104623384750,1.000000000000000000000000,
combined,0.000994000000000000000000,2.5,0.000003000000000000000000,13917.570268002508800000000000,232120,True,0.000000000000000000000000,,whole 100-tick block occupied; conditional,resource_rejected,0.000232122321200000000000,0.000999999996563713505480,0.001000000009488048175968,0.000000000003436286494520,,False,225.869377907978631108434215,225.869377907978632375970404,225.873895340711119907242317,1.000000000000000000000000,
monitor-only,0.000050000000000000000000,2.5,0.000003000000000000000000,13917.570268002508800000000000,73272630,True,0.000000000000000000000000,,whole 100-tick block occupied; conditional,certified_conditional,0.073273362726300000000000,0.000999999992306785770423,0.001000000005231120440910,0.000000000007693214229577,67175621,True,0.715530478433761058694698,0.715530478433762326230887,0.715544789186439161994850,0.719176539974372787475586,0.000000621372628237407038
monitor-only,0.000050895421165359054841,2.5,0.000003000000000000000000,13917.570268002508800000000000,73203348,True,0.000000000000000000000000,,whole 100-tick block occupied; conditional,certified_conditional,0.073204080033480000000000,0.000999999989717504126114,0.001000000002641838796601,0.000000000010282495873886,67175621,True,0.716207679462966005408026,0.716207679462967272944215,0.716222003759800134367369,0.719808920099626617431641,0.000000623999064036767697
monitor-only,0.000051790842330718109682,2.5,0.000003000000000000000000,13917.570268002508800000000000,73134066,True,0.000000000000000000000000,,whole 100-tick block occupied; conditional,certified_conditional,0.073134797340660000000000,0.000999999987128222481805,0.001000000000052557152292,0.000000000012871777518195,67175621,True,0.716886163556118343672597,0.716886163556119611208785,0.716900501422770033854317,0.720521394044335937500000,0.000000626667594648959806
monitor-only,0.000052686263496077164523,2.5,0.000003000000000000000000,13917.570268002508800000000000,73064785,True,0.000000000000000000000000,,whole 100-tick block occupied; conditional,certified_conditional,0.073065515647850000000000,0.000999999997463275507983,0.001000000010387610178470,0.000000000002536724492017,67175621,True,0.717565924542171084112140,0.717565924542172351648329,0.717580276004178448905415,0.721195211880000000000000,0.000000629379200796546388
monitor-only,0.000053581684661436219364,2.5,0.000003000000000000000000,13917.570268002508800000000000,72995503,True,0.000000000000000000000000,,whole 100-tick block occupied; conditional,certified_conditional,0.072996232955030000000000,0.000999999994873993863674,0.001000000007798328534161,0.000000000005126006136326,67175621,True,0.718246985708146346190383,0.718246985708147613726572,0.718261350791513244084231,0.721873634457823829650879,0.000000632135014157256841
monitor-only,0.000054477105826795274204,2.5,0.000003000000000000000000,13917.570268002508800000000000,72926221,True,0.000000000000000000000000,,whole 100-tick block occupied; conditional,certified_conditional,0.072926950262210000000000,0.000999999992284712219365,0.001000000005209046889852,0.000000000007715287780635,67175621,True,0.718929340929375097904605,0.718929340929376365440794,0.718943719659982892782457,0.722591129848137283325196,0.000000634936083915739644
monitor-only,0.000055036500000000000000,2.5,0.000003000000000000000000,13917.570268002508800000000000,72882939,True,0.000000000000000000000000,,whole 100-tick block occupied; conditional,certified_conditional,0.072883667829390000000000,0.000999999995404708915073,0.001000000008329043585560,0.000000000004595291084927,67175621,True,0.719356281721843761118341,0.719356281721845028654530,0.719370668991352794381841,0.723004229970000000000000,0.000000636709439403404239
monitor-only,0.000055372526992154329045,2.5,0.000003000000000000000000,13917.570268002508800000000000,72856939,True,0.000000000000000000000000,,whole 100-tick block occupied; conditional,certified_conditional,0.072857667569390000000000,0.000999999989695430575056,0.001000000002619765245543,0.000000000010304569424944,67175621,True,0.719612993897533271684618,0.719612993897534539220806,0.719627386301337161686896,0.723233288585015640258790,0.000000637783534113041086
monitor-only,0.000056267948157513383886,2.5,0.000003000000000000000000,13917.570268002508800000000000,72787657,True,0.000000000000000000000000,,whole 100-tick block occupied; conditional,certified_conditional,0.072788384876570000000000,0.000999999987106148930747,0.001000000000030483601234,0.000000000012893851069253,67175621,True,0.720297948318352297965922,0.720297948318353565502111,0.720312354421381596602813,0.723954219709098854064942,0.000000640678526324964625
monitor-only,0.000057163369322872438727,2.5,0.000003000000000000000000,13917.570268002508800000000000,72718376,True,0.000000000000000000000000,,whole 100-tick block occupied; conditional,certified_conditional,0.072719103183760000000000,0.000999999997441201956925,0.001000000010365536627413,0.000000000002558798043075,67175621,True,0.720984197996940332020250,0.720984197996941599556439,0.720998617825100453726053,0.724612246050000000000000,0.000000643622218395132291
monitor-only,0.000058058790488231493568,2.5,0.000003000000000000000000,13917.570268002508800000000000,72649094,True,0.000000000000000000000000,,whole 100-tick block occupied; conditional,certified_conditional,0.072649820490940000000000,0.000999999994851920312616,0.001000000007776254983104,0.000000000005148079687384,67175621,True,0.721671766477913048128613,0.721671766477914315664802,0.721686200057580304360083,0.725324695848735961914063,0.000000646615936752211805
monitor-only,0.000058954211653590548408,2.5,0.000003000000000000000000,13917.570268002508800000000000,72579812,True,0.000000000000000000000000,,whole 100-tick block occupied; conditional,certified_conditional,0.072580537798120000000000,0.000999999992262638668307,0.001000000005186973338795,0.000000000007737361331693,67175621,True,0.722360647613691173535016,0.722360647613692441071205,0.722375094971118922933926,0.726019260120000000000000,0.000000649660923247472377
monitor-only,0.000059849632818949603249,2.5,0.000003000000000000000000,13917.570268002508800000000000,72510530,True,0.000000000000000000000000,,whole 100-tick block occupied; conditional,certified_conditional,0.072511255105300000000000,0.000999999989673357023998,0.001000000002597691694485,0.000000000010326642976002,67175621,True,0.723050845166901332056731,0.723050845166902599592920,0.723065306328418186549862,0.726702585766926193237305,0.000000652758506223577587
monitor-only,0.000060073000000000000000,2.5,0.000003000000000000000000,13917.570268002508800000000000,72493248,True,0.000000000000000000000000,,whole 100-tick block occupied; conditional,certified_conditional,0.072493972932480000000000,0.000999999998502632059722,0.001000000011426966730209,0.000000000001497367940278,67175621,True,0.723223216595288350938454,0.723223216595289618474643,0.723237681204268247802386,0.726865369401484375000000,0.000000653539536505460606
monitor-only,0.000060074000000000000000,2.5,0.000003000000000000000000,13917.570268002508800000000000,72493170,True,0.000000000000000000000000,,whole 100-tick block occupied; conditional,certified_conditional,0.072493894931700000000000,0.000999999990404527761715,0.001000000003328862432202,0.000000000009595472238285,67175621,True,0.723223994757022683049200,0.723223994757023950585389,0.723238459381565970233678,0.726866445318459472656250,0.000000653543069226420475
monitor-only,0.000060075000000000000000,2.5,0.000003000000000000000000,13917.570268002508800000000000,72493093,True,0.000000000000000000000000,,whole 100-tick block occupied; conditional,certified_conditional,0.072493817930930000000000,0.000999999995230758134195,0.001000000008155092804682,0.000000000004769241865805,67175621,True,0.723224762943967007397389,0.723224762943968274933578,0.723239227583874187107279,0.726867507441627197265625,0.000000653546556723616974
monitor-only,0.000060745053984308658090,2.5,0.000003000000000000000000,13917.570268002508800000000000,72441248,True,0.000000000000000000000000,,whole 100-tick block occupied; conditional,certified_conditional,0.072441972412480000000000,0.000999999987084075379689,0.001000000000008410050176,0.000000000012915924620311,67175621,True,0.723742362914564283722007,0.723742362914565551258196,0.723756837906574396406754,0.727426274190000000000000,0.000000655910060312269948
monitor-only,0.000061640475149667712931,2.5,0.000003000000000000000000,13917.570268002508800000000000,72371967,True,0.000000000000000000000000,,whole 100-tick block occupied; conditional,certified_conditional,0.072372690719670000000000,0.000999999997419128405867,0.001000000010343463076355,0.000000000002580871594133,67175621,True,0.724435194638276919196578,0.724435194638278186732766,0.724449683487060073864453,0.728087861910386734008790,0.000000659116961773275117
monitor-only,0.000062535896315026767772,2.5,0.000003000000000000000000,13917.570268002508800000000000,72302685,True,0.000000000000000000000000,,whole 100-tick block occupied; conditional,certified_conditional,0.072303408026850000000000,0.000999999994829846761558,0.001000000007754181432046,0.000000000005170153238442,67175621,True,0.725129364144636595125964,0.725129364144637862662153,0.725143866876948712276983,0.728820685936169624328614,0.000000662380776585337388
monitor-only,0.000063431317480385822612,2.5,0.000003000000000000000000,13917.570268002508800000000000,72233403,True,0.000000000000000000000000,,whole 100-tick block occupied; conditional,certified_conditional,0.072234125334030000000000,0.000999999992240565117249,0.001000000005164899787737,0.000000000007759434882751,67175621,True,0.725824865263511871658239,0.725824865263513139194427,0.725839381905985467929580,0.729480551885805625915528,0.000000665702985005358016
monitor-only,0.000064326738645744877453,2.5,0.000003000000000000000000,13917.570268002508800000000000,72164121,True,0.000000000000000000000000,,whole 100-tick block occupied; conditional,certified_conditional,0.072164842641210000000000,0.000999999989651283472940,0.001000000002575618143428,0.000000000010348716527060,67175621,True,0.726521701830192794348351,0.726521701830194061884540,0.726536232409537092945169,0.730216811645358276367188,0.000000669085168277293108
monitor-only,0.000064765625000000000000,2.5,0.000003000000000000000000,13917.570268002508800000000000,72130163,True,0.000000000000000000000000,,whole 100-tick block occupied; conditional,certified_conditional,0.072130884301630000000000,0.000999999991448798188719,0.001000000004373132859207,0.000000000008551201811281,67175621,True,0.726863739376271120948445,0.726863739376272388484634,0.726878276796434749305092,0.730538994419206161499024,0.000000670765314187813690
monitor-only,0.000065222159811103932294,2.5,0.000003000000000000000000,13917.570268002508800000000000,72094840,True,0.000000000000000000000000,,whole 100-tick block occupied; conditional,certified_conditional,0.072095560948400000000000,0.000999999999986336499119,0.001000000012910671169606,0.000000000000013663500881,67175621,True,0.727219867607722748376869,0.727219867607724015913058,0.727234412150522232124619,0.730880628033089599609375,0.000000672528915096881265
monitor-only,0.000066117580976462987135,2.5,0.000003000000000000000000,13917.570268002508800000000000,72025558,True,0.000000000000000000000000,,whole 100-tick block occupied; conditional,certified_conditional,0.072026278255580000000000,0.000999999997397054854809,0.001000000010321389525297,0.000000000002602945145191,67175621,True,0.727919386615511598709160,0.727919386615512866245349,0.727933945148831143434527,0.731620323514968032836915,0.000000676036023971963888
monitor-only,0.000067013002141822041975,2.5,0.000003000000000000000000,13917.570268002508800000000000,71956276,True,0.000000000000000000000000,,whole 100-tick block occupied; conditional,certified_conditional,0.071956995562760000000000,0.000999999994807773210500,0.001000000007732107880988,0.000000000005192226789500,67175621,True,0.728620252665659829260871,0.728620252665661096797059,0.728634825216440551562624,0.732288118065737152099610,0.000000679608207812879604
monitor-only,0.000067908423307181096816,2.5,0.000003000000000000000000,13917.570268002508800000000000,71886994,True,0.000000000000000000000000,,whole 100-tick block occupied; conditional,certified_conditional,0.071887712869940000000000,0.000999999992218491566191,0.001000000005142826236679,0.000000000007781508433809,67175621,True,0.729322469652854790955883,0.729322469652856058492072,0.729337056248115701958757,0.733031249281385345458985,0.000000683247294795265154
monitor-only,0.000068803844472540151657,2.5,0.000003000000000000000000,13917.570268002508800000000000,71817712,True,0.000000000000000000000000,,whole 100-tick block occupied; conditional,certified_conditional,0.071818430177120000000000,0.000999999989629209921882,0.001000000002553544592370,0.000000000010370790078118,67175621,True,0.730026041486812535662867,0.730026041486813803199056,0.730040642153650841594585,0.733703008140350341796875,0.000000686955182221599272
monitor-only,0.000069699265637899206498,2.5,0.000003000000000000000000,13917.570268002508800000000000,71748431,True,0.000000000000000000000000,,whole 100-tick block occupied; conditional,certified_conditional,0.071749148484310000000000,0.000999999999964262948061,0.001000000012888597618548,0.000000000000035737051939,67175621,True,0.730730961907723871036756,0.730730961907725138572945,0.730745576673111580689219,0.734449561154818534851075,0.000000690733784758926196
monitor-only,0.000070594686803258261339,2.5,0.000003000000000000000000,13917.570268002508800000000000,71679149,True,0.000000000000000000000000,,whole 100-tick block occupied; conditional,certified_conditional,0.071679865791490000000000,0.000999999997374981303752,0.001000000010299315974239,0.000000000002625018696248,67175621,True,0.731437255205135799980582,0.731437255205137067516771,0.731451884096530717943706,0.735125284306720771789551,0.000000694585257104770639
monitor-only,0.000071490107968617316179,2.5,0.000003000000000000000000,13917.570268002508800000000000,71609867,True,0.000000000000000000000000,,whole 100-tick block occupied; conditional,certified_conditional,0.071610583098670000000000,0.000999999994785699659443,0.001000000007710034329930,0.000000000005214300340557,67175621,True,0.732144915169301384346253,0.732144915169302651882442,0.732159558214037119029232,0.735868358610000000000000,0.000000698511670482742143
monitor-only,0.000072385529133976371020,2.5,0.000003000000000000000000,13917.570268002508800000000000,71540585,True,0.000000000000000000000000,,whole 100-tick block occupied; conditional,certified_conditional,0.071541300405850000000000,0.000999999992196418015134,0.001000000005120752685621,0.000000000007803581984866,67175621,True,0.732853945770781084049841,0.732853945770782351586029,0.732868602996270655865185,0.736554974438562622070313,0.000000702515233658808941
monitor-only,0.000073280950299335425861,2.5,0.000003000000000000000000,13917.570268002508800000000000,71471303,True,0.000000000000000000000000,,whole 100-tick block occupied; conditional,certified_conditional,0.071472017713030000000000,0.000999999989607136370824,0.001000000002531471041312,0.000000000010392863629176,67175621,True,0.733564350995531097338025,0.733564350995532364874214,0.733579022429267246619410,0.737275372680000000000000,0.000000706598243059910480
monitor-only,0.000074176371464694480702,2.5,0.000003000000000000000000,13917.570268002508800000000000,71402022,True,0.000000000000000000000000,,whole 100-tick block occupied; conditional,certified_conditional,0.071402736020220000000000,0.000999999999942189397003,0.001000000012866524067490,0.000000000000057810602997,67175621,True,0.734276124561289801396333,0.734276124561291068932522,0.734290810230639621988512,0.737992050608756484985352,0.000000710763026449578708
monitor-only,0.000075071792630053535543,2.5,0.000003000000000000000000,13917.570268002508800000000000,71332740,True,0.000000000000000000000000,,whole 100-tick block occupied; conditional,certified_conditional,0.071333453327400000000000,0.000999999997352907752694,0.001000000010277242423181,0.000000000002647092247306,67175621,True,0.734989291032420103189437,0.734989291032421370725626,0.735003990965241981108225,0.738682386750000000000000,0.000000715012189218841353
monitor-only,0.000075967213795412590383,2.5,0.000003000000000000000000,13917.570268002508800000000000,71263458,True,0.000000000000000000000000,,whole 100-tick block occupied; conditional,certified_conditional,0.071264170634580000000000,0.000999999994763626108385,0.001000000007687960778872,0.000000000005236373891615,67175621,True,0.735703844177754534946845,0.735703844177755802483034,0.735718558401782231612456,0.739436540797826995849610,0.000000719348258698850108
monitor-only,0.000076862634960771645224,2.5,0.000003000000000000000000,13917.570268002508800000000000,71194176,True,0.000000000000000000000000,,whole 100-tick block occupied; conditional,certified_conditional,0.071194887941760000000000,0.000999999992174344464076,0.001000000005098679134563,0.000000000007825655535924,67175621,True,0.736419788045583319615958,0.736419788045584587152146,0.736434516588631563062729,0.740126271156762695312500,0.000000723773928647885480
monitor-only,0.000077758056126130700065,2.5,0.000003000000000000000000,13917.570268002508800000000000,71124894,True,0.000000000000000000000000,,whole 100-tick block occupied; conditional,certified_conditional,0.071125605248940000000000,0.000999999989585062819767,0.001000000002509397490254,0.000000000010414937180233,67175621,True,0.737137126699970265309801,0.737137126699971532845990,0.737151869589935065661056,0.740888431028863143920899,0.000000728292005314026011
monitor-only,0.000078653477291489754906,2.5,0.000003000000000000000000,13917.570268002508800000000000,71055613,True,0.000000000000000000000000,,whole 100-tick block occupied; conditional,certified_conditional,0.071056323556130000000000,0.000999999999920115845945,0.001000000012844450516432,0.000000000000079884154055,67175621,True,0.737855853836627304407599,0.737855853836628571943788,0.737870611101278584764436,0.741582111623717231750489,0.000000732905346077640918
monitor-only,0.000079531250000000000000,2.5,0.000003000000000000000000,13917.570268002508800000000000,70987696,True,0.000000000000000000000000,,whole 100-tick block occupied; conditional,certified_conditional,0.070988405876960000000000,0.000999999990590810607015,0.001000000003515145277503,0.000000000009409189392985,67175621,True,0.738561792454849570132029,0.738561792454850837668218,0.738576563838414404069716,0.742300422930000000000000,0.000000737523331326603991
monitor-only,0.000079548898456848809747,2.5,0.000003000000000000000000,13917.570268002508800000000000,70986331,True,0.000000000000000000000000,,whole 100-tick block occupied; conditional,certified_conditional,0.070987040863310000000000,0.000999999997330834201636,0.001000000010255168872123,0.000000000002669165798364,67175621,True,0.738575994299521622143399,0.738575994299522889679588,0.738590765967126189919465,0.742300422930000000000000,0.000000737617133487575268
monitor-only,0.000080444319622207864587,2.5,0.000003000000000000000000,13917.570268002508800000000000,70917049,True,0.000000000000000000000000,,whole 100-tick block occupied; conditional,certified_conditional,0.070917758170490000000000,0.000999999994741552557327,0.001000000007665887227814,0.000000000005258447442673,67175621,True,0.739297541836518818698124,0.739297541836520086234313,0.739312327935218437368630,0.743045366178212280273438,0.000000742430482515816608
monitor-only,0.000081339740787566919428,2.5,0.000003000000000000000000,13917.570268002508800000000000,70847767,True,0.000000000000000000000000,,whole 100-tick block occupied; conditional,certified_conditional,0.070848475477670000000000,0.000999999992152270913018,0.001000000005076605583505,0.000000000007847729086982,67175621,True,0.740020500575550321846357,0.740020500575551589382546,0.740035301133569314340664,0.743745139435985565185547,0.000000747348712647788348
monitor-only,0.000082235161952925974269,2.5,0.000003000000000000000000,13917.570268002508800000000000,70778485,True,0.000000000000000000000000,,whole 100-tick block occupied; conditional,certified_conditional,0.070779192784850000000000,0.000999999989562989268709,0.001000000002487323939196,0.000000000010437010731291,67175621,True,0.740744874660710174043065,0.740744874660711441579253,0.740759689706355746000210,0.744511445040000000000000,0.000000752375289623057091
monitor-only,0.000083130583118285029110,2.5,0.000003000000000000000000,13917.570268002508800000000000,70709204,True,0.000000000000000000000000,,whole 100-tick block occupied; conditional,certified_conditional,0.070709911092040000000000,0.000999999999898042294887,0.001000000012822376965374,0.000000000000101957705113,67175621,True,0.741470657766136855207174,0.741470657766138122743363,0.741485487327589693770609,0.745219744199700775146485,0.000000757513758585290968
monitor-only,0.000084026004283644083950,2.5,0.000003000000000000000000,13917.570268002508800000000000,70639922,True,0.000000000000000000000000,,whole 100-tick block occupied; conditional,certified_conditional,0.070640628399220000000000,0.000999999997308760650578,0.001000000010233095321065,0.000000000002691239349422,67175621,True,0.742197875020303040972656,0.742197875020304308508845,0.742212719126246407765089,0.745925596048115768432618,0.000000762768051056612946
monitor-only,0.000084921425449003138791,2.5,0.000003000000000000000000,13917.570268002508800000000000,70570640,True,0.000000000000000000000000,,whole 100-tick block occupied; conditional,certified_conditional,0.070571345706400000000000,0.000999999994719479006269,0.001000000007643813676756,0.000000000005280520993731,67175621,True,0.742926520150588903183816,0.742926520150590170720005,0.742941378829580606176855,0.746701763119620361328125,0.000000768142049297492694
monitor-only,0.000085816846614362193632,2.5,0.000003000000000000000000,13917.570268002508800000000000,70501358,True,0.000000000000000000000000,,whole 100-tick block occupied; conditional,certified_conditional,0.070502063013580000000000,0.000999999992130197361960,0.001000000005054532032447,0.000000000007869802638040,67175621,True,0.743656597366535199484933,0.743656597366536467021122,0.743671470647217238307256,0.747411579276231231689454,0.000000773639891233983641
monitor-only,0.000086712267779721248473,2.5,0.000003000000000000000000,13917.570268002508800000000000,70432076,True,0.000000000000000000000000,,whole 100-tick block occupied; conditional,certified_conditional,0.070432780320760000000000,0.000999999989540915717651,0.001000000002465250388138,0.000000000010459084282349,67175621,True,0.744388110894245902426579,0.744388110894247169962768,0.744402998805344799631545,0.748129481220000000000000,0.000000779265907732156154
monitor-only,0.000087607688945080303314,2.5,0.000003000000000000000000,13917.570268002508800000000000,70362795,True,0.000000000000000000000000,,whole 100-tick block occupied; conditional,certified_conditional,0.070363498627950000000000,0.000999999999875968743829,0.001000000012800303414316,0.000000000000124031256171,67175621,True,0.745121054386767259690373,0.745121054386768527226562,0.745135956956882597486890,0.748904948336707115173340,0.000000785024549875629936
monitor-only,0.000088503110110439358154,2.5,0.000003000000000000000000,13917.570268002508800000000000,70293513,True,0.000000000000000000000000,,whole 100-tick block occupied; conditional,certified_conditional,0.070294215935130000000000,0.000999999997286687099520,0.001000000010211021770007,0.000000000002713312900480,67175621,True,0.745855453262094831570222,0.745855453262096099106411,0.745870370520334557162054,0.749620843083959693908692,0.000000790920735540522602
monitor-only,0.000089398531275798412995,2.5,0.000003000000000000000000,13917.570268002508800000000000,70224231,True,0.000000000000000000000000,,whole 100-tick block occupied; conditional,certified_conditional,0.070224933242310000000000,0.000999999994697405455211,0.001000000007621740125698,0.000000000005302594544789,67175621,True,0.746591301227634026980273,0.746591301227635294516462,0.746606233202980234420832,0.750340503330000000000000,0.000000796959363854106500
monitor-only,0.000090293952441157467836,2.5,0.000003000000000000000000,13917.570268002508800000000000,70154949,True,0.000000000000000000000000,,whole 100-tick block occupied; conditional,certified_conditional,0.070155650549490000000000,0.000999999992108123810902,0.001000000005032458481389,0.000000000007891876189098,67175621,True,0.747328602576561712531951,0.747328602576562980068139,0.747343549298082360270624,0.751125590677499694824219,0.000000803145659717423066
monitor-only,0.000091189373606516522677,2.5,0.000003000000000000000000,13917.570268002508800000000000,70085667,True,0.000000000000000000000000,,whole 100-tick block occupied; conditional,certified_conditional,0.070086367856670000000000,0.000999999989518842166593,0.001000000002443176837080,0.000000000010481157833407,67175621,True,0.748067361619030544175892,0.748067361619031811712081,0.748082323115879794577225,0.751847564030652618408204,0.000000809485106732238257
monitor-only,0.000092084794771875577518,2.5,0.000003000000000000000000,13917.570268002508800000000000,70016386,True,0.000000000000000000000000,,whole 100-tick block occupied; conditional,certified_conditional,0.070017086163860000000000,0.000999999999853895192771,0.001000000012778229863258,0.000000000000146104807229,67175621,True,0.748807571987505262351708,0.748807571987506529887897,0.748822548288709925801535,0.752571637399426269531250,0.000000815983368441736729
monitor-only,0.000092980215937234632358,2.5,0.000003000000000000000000,13917.570268002508800000000000,69947104,True,0.000000000000000000000000,,whole 100-tick block occupied; conditional,certified_conditional,0.069947803471040000000000,0.000999999997264613548462,0.001000000010188948218949,0.000000000002735386451538,67175621,True,0.749549259394641351695664,0.749549259394642619231853,0.749564250529742496832094,0.753355533480000000000000,0.000000822646683236224996
monitor-only,0.000093875637102593687199,2.5,0.000003000000000000000000,13917.570268002508800000000000,69877822,True,0.000000000000000000000000,,whole 100-tick block occupied; conditional,certified_conditional,0.069878520778220000000000,0.000999999994675331904153,0.001000000007599666574640,0.000000000005324668095847,67175621,True,0.750292417528410598053069,0.750292417528411865589258,0.750307423526823051687512,0.754091713624621047973633,0.000000829481320501904961
monitor-only,0.000094296875000000000000,2.5,0.000003000000000000000000,13917.570268002508800000000000,69845229,True,0.000000000000000000000000,,whole 100-tick block occupied; conditional,certified_conditional,0.069845927452290000000000,0.000999999989732823025312,0.001000000002657157695799,0.000000000010267176974688,67175621,True,0.750642538518986826348902,0.750642538518988093885091,0.750657551519889116406275,0.754427212438860664367676,0.000000832757754690475178
monitor-only,0.000094771058267952742040,2.5,0.000003000000000000000000,13917.570268002508800000000000,69808540,True,0.000000000000000000000000,,whole 100-tick block occupied; conditional,certified_conditional,0.069809238085400000000000,0.000999999992086050259844,0.001000000005010384930331,0.000000000007913949740156,67175621,True,0.751037050767713459665173,0.751037050767714727201362,0.751052071658939627493990,0.754821879866120147705079,0.000000836493973671823628
monitor-only,0.000095666479433311796881,2.5,0.000003000000000000000000,13917.570268002508800000000000,69739258,True,0.000000000000000000000000,,whole 100-tick block occupied; conditional,certified_conditional,0.069739955392580000000000,0.000999999989496768615535,0.001000000002421103286022,0.000000000010503231384465,67175621,True,0.751783163508851152409499,0.751783163508852419945688,0.751798199322481367032638,0.755566555590000000000000,0.000000843691689455936928
monitor-only,0.000096561900598670851722,2.5,0.000003000000000000000000,13917.570268002508800000000000,69669977,True,0.000000000000000000000000,,whole 100-tick block occupied; conditional,certified_conditional,0.069670673699770000000000,0.000999999999831821641713,0.001000000012756156312200,0.000000000000168178358287,67175621,True,0.752530749364248474567337,0.752530749364249742103526,0.752545800129745315803186,0.756353306090728836059571,0.000000851081783365332595
monitor-only,0.000097457321764029906562,2.5,0.000003000000000000000000,13917.570268002508800000000000,69600695,True,0.000000000000000000000000,,whole 100-tick block occupied; conditional,certified_conditional,0.069601391006950000000000,0.000999999997242539997404,0.001000000010166874667891,0.000000000002757460002596,67175621,True,0.753279834346481107542104,0.753279834346482375078293,0.753294900093827411925243,0.757089550922869644165040,0.000000858672294680794762
monitor-only,0.000098352742929388961403,2.5,0.000003000000000000000000,13917.570268002508800000000000,69531413,True,0.000000000000000000000000,,whole 100-tick block occupied; conditional,certified_conditional,0.069532108314130000000000,0.000999999994653258353095,0.001000000007577593023582,0.000000000005346741646905,67175621,True,0.754030412124660201184303,0.754030412124661468720492,0.754045492883712186206122,0.757827910052714920043946,0.000000866471374256267595
monitor-only,0.000099248164094748016244,2.5,0.000003000000000000000000,13917.570268002508800000000000,69462131,True,0.000000000000000000000000,,whole 100-tick block occupied; conditional,certified_conditional,0.069462825621310000000000,0.000999999992063976708786,0.001000000004988311379273,0.000000000007936023291214,67175621,True,0.754782487165560123358692,0.754782487165561390894881,0.754797582966263342891299,0.758581585740000000000000,0.000000874487738241690088
monitor-only,0.000100000000000000000000,2.5,0.000003000000000000000000,13917.570268002508800000000000,69403959,True,0.000000000000000000000000,,whole 100-tick block occupied; conditional,certified_conditional,0.069404653039590000000000,0.000999999993572777106980,0.001000000006497111777467,0.000000000006427222893020,67175621,True,0.755415119762835950237149,0.755415119762837217773338,0.755430228216317643071028,0.759214606740899314880372,0.000000881393134724191450
monitor-only,0.000100143585260107071085,2.5,0.000003000000000000000000,13917.570268002508800000000000,69392849,True,0.000000000000000000000000,,whole 100-tick block occupied; conditional,certified_conditional,0.069393542928490000000000,0.000999999989474695064477,0.001000000002399029734964,0.000000000010525304935523,67175621,True,0.755536063953793798277778,0.755536063953795065813967,0.755551174826183499348700,0.759374679259725990295411,0.000000882730595316464849
monitor-only,0.000101039006425466125925,2.5,0.000003000000000000000000,13917.570268002508800000000000,69323568,True,0.000000000000000000000000,,whole 100-tick block occupied; conditional,certified_conditional,0.069324261235680000000000,0.000999999999809748090655,0.001000000012734082761143,0.000000000000190251909345,67175621,True,0.756291136082319883837116,0.756291136082321151373305,0.756306262056303171365613,0.760119102572245483398438,0.000000891209557838791126
monitor-only,0.000101934427590825180766,2.5,0.000003000000000000000000,13917.570268002508800000000000,69254286,True,0.000000000000000000000000,,whole 100-tick block occupied; conditional,certified_conditional,0.069254978542860000000000,0.000999999997220466446346,0.001000000010144801116834,0.000000000002779533553654,67175621,True,0.757047729869021479895744,0.757047729869022747431933,0.757062870975031821726706,0.760865654590436935424805,0.000000899935173131453549
monitor-only,0.000102829848756184235607,2.5,0.000003000000000000000000,13917.570268002508800000000000,69185004,True,0.000000000000000000000000,,whole 100-tick block occupied; conditional,certified_conditional,0.069185695850040000000000,0.000999999994631184802037,0.001000000007555519472525,0.000000000005368815197963,67175621,True,0.757805838964755370293133,0.757805838964756637829321,0.757820995233099250137282,0.761614320906332855224610,0.000000908918231155824795
monitor-only,0.000103725269921543290448,2.5,0.000003000000000000000000,13917.570268002508800000000000,69115722,True,0.000000000000000000000000,,whole 100-tick block occupied; conditional,certified_conditional,0.069116413157220000000000,0.000999999992041903157728,0.001000000004966237828215,0.000000000007958096842272,67175621,True,0.758565467926385203596087,0.758565467926386471132276,0.758580639387460243348502,0.762400623930000000000000,0.000000918170295988536603
monitor-only,0.000104620691086902345289,2.5,0.000003000000000000000000,13917.570268002508800000000000,69046440,True,0.000000000000000000000000,,whole 100-tick block occupied; conditional,certified_conditional,0.069047130464400000000000,0.000999999989452621513419,0.001000000002376956183906,0.000000000010547378486581,67175621,True,0.759326621329064268057402,0.759326621329065535593590,0.759341808013359593593963,0.763180383053194580078125,0.000000927703634830172508
monitor-only,0.000105516112252261400129,2.5,0.000003000000000000000000,13917.570268002508800000000000,68977159,True,0.000000000000000000000000,,whole 100-tick block occupied; conditional,certified_conditional,0.068977848771590000000000,0.000999999999787674539597,0.001000000012712009210085,0.000000000000212325460403,67175621,True,0.760089292746892580549416,0.760089292746893848085605,0.760104494684768798461151,0.763935113479286193847657,0.000000937531128230428654
monitor-only,0.000105666000000000000000,2.5,0.000003000000000000000000,13917.570268002508800000000000,68965561,True,0.000000000000000000000000,,whole 100-tick block occupied; conditional,certified_conditional,0.068966250655610000000000,0.000999999991101904828093,0.001000000004026239498580,0.000000000008898095171907,67175621,True,0.760217117642238222231351,0.760217117642239489767540,0.760232322136637912290642,0.764041156565685462951661,0.000000939206022800868596
monitor-only,0.000105667000000000000000,2.5,0.000003000000000000000000,13917.570268002508800000000000,68965484,True,0.000000000000000000000000,,whole 100-tick block occupied; conditional,certified_conditional,0.068966173654840000000000,0.000999999995928135200573,0.001000000008852469871060,0.000000000004071864799427,67175621,True,0.760217966425059183110737,0.760217966425060450646926,0.760233170936434699347507,0.764042273028672332763672,0.000000939217171551229250
monitor-only,0.000105668000000000000000,2.5,0.000003000000000000000000,13917.570268002508800000000000,68965406,True,0.000000000000000000000000,,whole 100-tick block occupied; conditional,certified_conditional,0.068966095654060000000000,0.000999999987830030902566,0.001000000000754365573053,0.000000000012169969097434,67175621,True,0.760218826232966080007215,0.760218826232967347543404,0.760234030761537926345223,0.764043403991178512573243,0.000000939228465481570327
monitor-only,0.000106411533417620454970,2.5,0.000003000000000000000000,13917.570268002508800000000000,68907877,True,0.000000000000000000000000,,whole 100-tick block occupied; conditional,certified_conditional,0.068908566078770000000000,0.000999999997198392895288,0.001000000010122727565776,0.000000000002801607104712,67175621,True,0.760853508808578681482033,0.760853508808579949018222,0.760868726030928977856571,0.764691972683528289794922,0.000000947666901062127000
monitor-only,0.000107306000000000000000,2.5,0.000003000000000000000000,13917.570268002508800000000000,68838669,True,0.000000000000000000000000,,whole 100-tick block occupied; conditional,certified_conditional,0.068839357386690000000000,0.000999999996426897357227,0.001000000009351232027714,0.000000000003573102642773,67175621,True,0.761618444424019243780671,0.761618444424020511316860,0.761633676945234837619430,0.765449871245052490234375,0.000000958114188186524996
monitor-only,0.000107306954582979509811,2.5,0.000003000000000000000000,13917.570268002508800000000000,68838595,True,0.000000000000000000000000,,whole 100-tick block occupied; conditional,certified_conditional,0.068839283385950000000000,0.000999999994609111250979,0.001000000007533445921467,0.000000000005390888749021,67175621,True,0.761619263147366043311820,0.761619263147367310848009,0.761634495684956267832876,0.765450946185474853515625,0.000000958125536763585327
monitor-only,0.000107307000000000000000,2.5,0.000003000000000000000000,13917.570268002508800000000000,68838591,True,0.000000000000000000000000,,whole 100-tick block occupied; conditional,certified_conditional,0.068839279385910000000000,0.000999999988328793059220,0.001000000001253127729707,0.000000000011671206940780,67175621,True,0.761619307402732231580646,0.761619307402733499116835,0.761634539941207572276629,0.765451004290362548828125,0.000000958126150211182747
monitor-only,0.000107308000000000000000,2.5,0.000003000000000000000000,13917.570268002508800000000000,68838514,True,0.000000000000000000000000,,whole 100-tick block occupied; conditional,certified_conditional,0.068839202385140000000000,0.000999999993155023431700,0.001000000006079358102187,0.000000000006844976568300,67175621,True,0.761620159319533776867208,0.761620159319535044403397,0.761635391875047623979161,0.765452122809450683593750,0.000000958137959297326463
monitor-only,0.000109062500000000000000,2.5,0.000003000000000000000000,13917.570268002508800000000000,68702762,True,0.000000000000000000000000,,whole 100-tick block occupied; conditional,certified_conditional,0.068703449027620000000000,0.000999999988874835443608,0.001000000001799170114095,0.000000000011125164556392,67175621,True,0.763125069120219016207550,0.763125069120220283743739,0.763140331774229861994277,0.766996557235274887084961,0.000000979628578079782134
monitor-only,0.000123828125000000000000,2.5,0.000003000000000000000000,13917.570268002508800000000000,67560295,True,0.000000000000000000000000,,whole 100-tick block occupied; conditional,certified_conditional,0.067560970602950000000000,0.000999999988016847861904,0.001000000000941182532391,0.000000000011983152138096,67175621,True,0.776029767187960875280971,0.776029767187962142817159,0.776045287938514041328082,0.779936156723301696777344,0.000001235751680294905982
monitor-only,0.000138593750000000000000,2.5,0.000003000000000000000000,13917.570268002508800000000000,66417828,True,0.000000000000000000000000,,whole 100-tick block occupied; conditional,resource_rejected,0.066418492178280000000000,0.000999999987158860280200,0.001000000000083194950688,0.000000000012841139719800,,False,0.789378418095815447420228,0.789378418095816714956416,0.789394205822056527437921,0.793354933470000000000000,
monitor-only,0.000153359375000000000000,2.5,0.000003000000000000000000,13917.570268002508800000000000,65275362,True,0.000000000000000000000000,,whole 100-tick block occupied; conditional,resource_rejected,0.065276014753620000000000,0.000999999999225207368984,0.001000000012149542039471,0.000000000000774792631016,,False,0.803194320086650130420697,0.803194320086651397956886,0.803210384133694235162298,0.807227000575443115234375,
monitor-only,0.000168125000000000000000,2.5,0.000003000000000000000000,13917.570268002508800000000000,64132895,True,0.000000000000000000000000,,whole 100-tick block occupied; conditional,resource_rejected,0.064133536328950000000000,0.000999999998367219787280,0.001000000011291554457767,0.000000000001632780212720,,False,0.817502468896811212944891,0.817502468896812480481080,0.817518819109693179286759,0.821630557454299659729004,
monitor-only,0.000182890625000000000000,2.5,0.000003000000000000000000,13917.570268002508800000000000,62990428,True,0.000000000000000000000000,,whole 100-tick block occupied; conditional,resource_rejected,0.062991057904280000000000,0.000999999997509232205576,0.001000000010433566876063,0.000000000002490767794424,,False,0.832329635861498830880725,0.832329635861500098416914,0.832346282620685554022519,0.836535112678104095458985,
monitor-only,0.000197656250000000000000,2.5,0.000003000000000000000000,13917.570268002508800000000000,61847961,True,0.000000000000000000000000,,whole 100-tick block occupied; conditional,resource_rejected,0.061848579479610000000000,0.000999999996651244623872,0.001000000009575579294360,0.000000000003348755376128,,False,0.847704583179386638190637,0.847704583179387905726826,0.847721537440594739302357,0.851979889346290206909180,
monitor-only,0.000200000000000000000000,2.5,0.000003000000000000000000,13917.570268002508800000000000,61666617,True,0.000000000000000000000000,,whole 100-tick block occupied; conditional,resource_rejected,0.061667233666170000000000,0.000999999996104759780094,0.001000000009029094450582,0.000000000003895240219906,,False,0.850197441510371177288121,0.850197441510372444824310,0.850214445629244474742586,0.854466535251305046081543,
monitor-only,0.000212421875000000000000,2.5,0.000003000000000000000000,13917.570268002508800000000000,60705494,True,0.000000000000000000000000,,whole 100-tick block occupied; conditional,resource_rejected,0.060706101054940000000000,0.000999999995793257042169,0.001000000008717591712656,0.000000000004206742957831,,False,0.863658238247759939599450,0.863658238247761207135638,0.863675511585260171098502,0.868004110558291778564454,
monitor-only,0.000227187500000000000000,2.5,0.000003000000000000000000,13917.570268002508800000000000,59563027,True,0.000000000000000000000000,,whole 100-tick block occupied; conditional,resource_rejected,0.059563622630270000000000,0.000999999994935269460465,0.001000000007859604130952,0.000000000005064730539535,,False,0.880223901313812715576962,0.880223901313813983113150,0.880241505967887433876401,0.884646999413542594909668,
monitor-only,0.000241953125000000000000,2.5,0.000003000000000000000000,13917.570268002508800000000000,58420560,True,0.000000000000000000000000,,whole 100-tick block occupied; conditional,resource_rejected,0.058421144205600000000000,0.000999999994077281878761,0.001000000007001616549248,0.000000000005922718121239,,False,0.897437477490800549924770,0.897437477490801817460959,0.897455426419841557643791,0.901947779011476440429688,
monitor-only,0.000256718750000000000000,2.5,0.000003000000000000000000,13917.570268002508800000000000,57278093,True,0.000000000000000000000000,,whole 100-tick block occupied; conditional,resource_rejected,0.057278665780930000000000,0.000999999993219294297057,0.001000000006143628967544,0.000000000006780705702943,,False,0.915337736540913883061228,0.915337736540915150597417,0.915356043478715980657810,0.919945672451527099609375,
monitor-only,0.000271484375000000000000,2.5,0.000003000000000000000000,13917.570268002508800000000000,56135626,True,0.000000000000000000000000,,whole 100-tick block occupied; conditional,resource_rejected,0.056136187356260000000000,0.000999999992361306715353,0.001000000005285641385841,0.000000000007638693284647,,False,0.933966604380611421756146,0.933966604380612689292335,0.933985283899496124129550,0.938666766565526199340821,
monitor-only,0.000286250000000000000000,2.5,0.000003000000000000000000,13917.570268002508800000000000,54993159,True,0.000000000000000000000000,,whole 100-tick block occupied; conditional,resource_rejected,0.054993708931590000000000,0.000999999991503319133650,0.001000000004427653804137,0.000000000008496680866350,,False,0.953369490921588358782779,0.953369490921589626318968,0.953388558502084496809280,0.958163358819385452270508,
monitor-only,0.000301015625000000000000,2.5,0.000003000000000000000000,13917.570268002508800000000000,53850692,True,0.000000000000000000000000,,whole 100-tick block occupied; conditional,resource_rejected,0.053851230506920000000000,0.000999999990645331551946,0.001000000003569666222433,0.000000000009354668448054,,False,0.973595659643518896120212,0.973595659643520163656401,0.973615131751434746954588,0.978483326655733032226563,
monitor-only,0.000315781250000000000000,2.5,0.000003000000000000000000,13917.570268002508800000000000,52708225,True,0.000000000000000000000000,,whole 100-tick block occupied; conditional,resource_rejected,0.052708752082250000000000,0.000999999989787343970242,0.001000000002711678640729,0.000000000010212656029758,,False,0.994698645230416440606920,0.994698645230417708143109,0.994718539402264668715958,0.999692165709207038879395,
monitor-only,0.000330546875000000000000,2.5,0.000003000000000000000000,13917.570268002508800000000000,51565758,True,0.000000000000000000000000,,whole 100-tick block occupied; conditional,resource_rejected,0.051566273657580000000000,0.000999999988929356388538,0.001000000001853691059025,0.000000000011070643611462,,False,1.016736726724737902995003,1.016736726724739170531192,1.016757061662623677908757,1.000000000000000000000000,
monitor-only,0.000345312500000000000000,2.5,0.000003000000000000000000,13917.570268002508800000000000,50423291,True,0.000000000000000000000000,,whole 100-tick block occupied; conditional,resource_rejected,0.050423795232910000000000,0.000999999988071368806834,0.001000000000995703477322,0.000000000011928631193166,,False,1.039773465004495006946828,1.039773465004496274483017,1.039794260681753770732550,1.000000000000000000000000,
monitor-only,0.000360078125000000000000,2.5,0.000003000000000000000000,13917.570268002508800000000000,49280824,True,0.000000000000000000000000,,whole 100-tick block occupied; conditional,resource_rejected,0.049281316808240000000000,0.000999999987213381225131,0.001000000000137715895618,0.000000000012786618774869,,False,1.063878315021680010208151,1.063878315021681277744340,1.063899592800760135907557,1.000000000000000000000000,
monitor-only,0.000374843750000000000000,2.5,0.000003000000000000000000,13917.570268002508800000000000,48138358,True,0.000000000000000000000000,,whole 100-tick block occupied; conditional,resource_rejected,0.048138839383580000000000,0.000999999999279728313914,0.001000000012204062984401,0.000000000000720271686086,,False,1.089127302597233779586844,1.089127302597235047123033,1.089149085361115264375229,1.000000000000000000000000,
monitor-only,0.000389609375000000000000,2.5,0.000003000000000000000000,13917.570268002508800000000000,46995891,True,0.000000000000000000000000,,whole 100-tick block occupied; conditional,resource_rejected,0.046996360958910000000000,0.000999999998421740732210,0.001000000011346075402697,0.000000000001578259267790,,False,1.115603915244419351800431,1.115603915244420619336620,1.115626227545849155783452,1.000000000000000000000000,
monitor-only,0.000404375000000000000000,2.5,0.000003000000000000000000,13917.570268002508800000000000,45853424,True,0.000000000000000000000000,,whole 100-tick block occupied; conditional,resource_rejected,0.045853882534240000000000,0.000999999997563753150506,0.001000000010488087820994,0.000000000002436246849494,,False,1.143399890921994635331112,1.143399890921995902867301,1.143422759148497241547826,1.000000000000000000000000,
monitor-only,0.000419140625000000000000,2.5,0.000003000000000000000000,13917.570268002508800000000000,44710957,True,0.000000000000000000000000,,whole 100-tick block occupied; conditional,resource_rejected,0.044711404109570000000000,0.000999999996705765568803,0.001000000009630100239290,0.000000000003294234431197,,False,1.172616367840213566970217,1.172616367840214834506406,1.172639820402097891382745,1.000000000000000000000000,
monitor-only,0.000433906250000000000000,2.5,0.000003000000000000000000,13917.570268002508800000000000,43568490,True,0.000000000000000000000000,,whole 100-tick block occupied; conditional,resource_rejected,0.043568925684900000000000,0.000999999995847777987099,0.001000000008772112657586,0.000000000004152222012901,,False,1.203365092524436178249031,1.203365092524437445785220,1.203389160066963993548694,1.000000000000000000000000,
monitor-only,0.000448671875000000000000,2.5,0.000003000000000000000000,13917.570268002508800000000000,42426023,True,0.000000000000000000000000,,whole 100-tick block occupied; conditional,resource_rejected,0.042426447260230000000000,0.000999999994989790405395,0.001000000007914125075882,0.000000000005010209594605,,False,1.235769848142494362757976,1.235769848142495630294165,1.235794563786615555155101,1.000000000000000000000000,
monitor-only,0.000463437500000000000000,2.5,0.000003000000000000000000,13917.570268002508800000000000,41283556,True,0.000000000000000000000000,,whole 100-tick block occupied; conditional,resource_rejected,0.041283968835560000000000,0.000999999994131802823691,0.001000000007056137494178,0.000000000005868197176309,,False,1.269968119994313809493528,1.269968119994315077029717,1.269993519610711761047178,1.000000000000000000000000,
monitor-only,0.000478203125000000000000,2.5,0.000003000000000000000000,13917.570268002508800000000000,40141089,True,0.000000000000000000000000,,whole 100-tick block occupied; conditional,resource_rejected,0.040141490410890000000000,0.000999999993273815241987,0.001000000006198149912475,0.000000000006726184758013,,False,1.306113045413391115519026,1.306113045413392383055215,1.306139167935526505993186,1.000000000000000000000000,
monitor-only,0.000492968750000000000000,2.5,0.000003000000000000000000,13917.570268002508800000000000,38998622,True,0.000000000000000000000000,,whole 100-tick block occupied; conditional,resource_rejected,0.038999011986220000000000,0.000999999992415827660284,0.001000000005340162330771,0.000000000007584172339716,,False,1.344375706403164072923337,1.344375706403165340459526,1.344402594186171867580687,1.000000000000000000000000,
monitor-only,0.000500000000000000000000,2.5,0.000003000000000000000000,13917.570268002508800000000000,38454590,True,0.000000000000000000000000,,whole 100-tick block occupied; conditional,resource_rejected,0.038454974545900000000000,0.000999999990776373128950,0.001000000003700707799437,0.000000000009223626871050,,False,1.363395110960745534634689,1.363395110960746802170878,1.363422379135648399871979,1.000000000000000000000000,
monitor-only,0.000507734375000000000000,2.5,0.000003000000000000000000,13917.570268002508800000000000,37856155,True,0.000000000000000000000000,,whole 100-tick block occupied; conditional,resource_rejected,0.037856533561550000000000,0.000999999991557840078580,0.001000000004482174749067,0.000000000008442159921420,,False,1.384947837412435996417935,1.384947837412437263954124,1.384975536646178483860683,1.000000000000000000000000,
monitor-only,0.000522500000000000000000,2.5,0.000003000000000000000000,13917.570268002508800000000000,36713688,True,0.000000000000000000000000,,whole 100-tick block occupied; conditional,resource_rejected,0.036714055136880000000000,0.000999999990699852496876,0.001000000003624187167363,0.000000000009300147503124,,False,1.428045038678761358217020,1.428045038678762625753209,1.428073599865148698615534,1.000000000000000000000000,
monitor-only,0.000537265625000000000000,2.5,0.000003000000000000000000,13917.570268002508800000000000,35571221,True,0.000000000000000000000000,,whole 100-tick block occupied; conditional,resource_rejected,0.035571576712210000000000,0.000999999989841864915172,0.001000000002766199585659,0.000000000010158135084828,,False,1.473910608803672425416464,1.473910608803673692952653,1.473940087310635469793361,1.000000000000000000000000,
monitor-only,0.000552031250000000000000,2.5,0.000003000000000000000000,13917.570268002508800000000000,34428754,True,0.000000000000000000000000,,whole 100-tick block occupied; conditional,resource_rejected,0.034429098287540000000000,0.000999999988983877333468,0.001000000001908212003956,0.000000000011016122666532,,False,1.522820140397761074366914,1.522820140397762341903103,1.522850597105138004655649,1.000000000000000000000000,
monitor-only,0.000566796875000000000000,2.5,0.000003000000000000000000,13917.570268002508800000000000,33286287,True,0.000000000000000000000000,,whole 100-tick block occupied; conditional,resource_rejected,0.033286619862870000000000,0.000999999988125889751765,0.001000000001050224422252,0.000000000011874110248235,,False,1.575087062128617075981269,1.575087062128618343517458,1.575118564184882112271096,1.000000000000000000000000,
monitor-only,0.000581562500000000000000,2.5,0.000003000000000000000000,13917.570268002508800000000000,32143820,True,0.000000000000000000000000,,whole 100-tick block occupied; conditional,resource_rejected,0.032144141438200000000000,0.000999999987267902170061,0.001000000000192236840548,0.000000000012732097829939,,False,1.631069362633314261599040,1.631069362633315529135229,1.631101984346785963899240,1.000000000000000000000000,
monitor-only,0.000596328125000000000000,2.5,0.000003000000000000000000,13917.570268002508800000000000,31001354,True,0.000000000000000000000000,,whole 100-tick block occupied; conditional,resource_rejected,0.031001664013540000000000,0.000999999999334249258844,0.001000000012258583929332,0.000000000000665750741156,,False,1.691177746623582323285975,1.691177746623583590822164,1.691211570516755627963432,1.000000000000000000000000,
monitor-only,0.000611093750000000000000,2.5,0.000003000000000000000000,13917.570268002508800000000000,29858887,True,0.000000000000000000000000,,whole 100-tick block occupied; conditional,resource_rejected,0.029859185588870000000000,0.000999999998476261677140,0.001000000011400596347628,0.000000000001523738322860,,False,1.755885944442603673619519,1.755885944442604941155707,1.755921062512675127705477,1.000000000000000000000000,
monitor-only,0.000625859375000000000000,2.5,0.000003000000000000000000,13917.570268002508800000000000,28716420,True,0.000000000000000000000000,,whole 100-tick block occupied; conditional,resource_rejected,0.028716707164200000000000,0.000999999997618274095437,0.001000000010542608765924,0.000000000002381725904563,,False,1.825742902492719559069314,1.825742902492720826605502,1.825779417715923546798317,1.000000000000000000000000,
monitor-only,0.000640625000000000000000,2.5,0.000003000000000000000000,13917.570268002508800000000000,27573953,True,0.000000000000000000000000,,whole 100-tick block occupied; conditional,resource_rejected,0.027574228739530000000000,0.000999999996760286513733,0.001000000009684621184220,0.000000000003239713486267,,False,1.901388603948080368618469,1.901388603948081636154658,1.901426632100442755147652,1.000000000000000000000000,
monitor-only,0.000655390625000000000000,2.5,0.000003000000000000000000,13917.570268002508800000000000,26431486,True,0.000000000000000000000000,,whole 100-tick block occupied; conditional,resource_rejected,0.026431750314860000000000,0.000999999995902298932029,0.001000000008826633602516,0.000000000004097701067971,,False,1.983573681782400855122844,1.983573681782402122659033,1.983613353652757108000420,1.000000000000000000000000,
monitor-only,0.000670156250000000000000,2.5,0.000003000000000000000000,13917.570268002508800000000000,25289019,True,0.000000000000000000000000,,whole 100-tick block occupied; conditional,resource_rejected,0.025289271890190000000000,0.000999999995044311350325,0.001000000007968646020813,0.000000000004955688649675,,False,2.073184412570530473033636,2.073184412570531740569825,2.073225876673424813884451,1.000000000000000000000000,
monitor-only,0.000684921875000000000000,2.5,0.000003000000000000000000,13917.570268002508800000000000,24146552,True,0.000000000000000000000000,,whole 100-tick block occupied; conditional,resource_rejected,0.024146793465520000000000,0.000999999994186323768621,0.001000000007110658439109,0.000000000005813676231379,,False,2.171274805611997302831715,2.171274805611998570367904,2.171318231542370747810166,1.000000000000000000000000,
monitor-only,0.000699687500000000000000,2.5,0.000003000000000000000000,13917.570268002508800000000000,23004085,True,0.000000000000000000000000,,whole 100-tick block occupied; conditional,resource_rejected,0.023004315040850000000000,0.000999999993328336186918,0.001000000006252670857405,0.000000000006671663813082,,False,2.279108254034011151530039,2.279108254034012419066227,2.279153836654919942138920,1.000000000000000000000000,
monitor-only,0.000714453125000000000000,2.5,0.000003000000000000000000,13917.570268002508800000000000,21861618,True,0.000000000000000000000000,,whole 100-tick block occupied; conditional,resource_rejected,0.021861836616180000000000,0.000999999992470348605214,0.001000000005394683275701,0.000000000007529651394786,,False,2.398212245772476042020495,2.398212245772477309556684,2.398260210497040638485246,1.000000000000000000000000,
monitor-only,0.000729218750000000000000,2.5,0.000003000000000000000000,13917.570268002508800000000000,20719151,True,0.000000000000000000000000,,whole 100-tick block occupied; conditional,resource_rejected,0.020719358191510000000000,0.000999999991612361023510,0.001000000004536695693997,0.000000000008387638976490,,False,2.530451175340147232329315,2.530451175340148499865504,2.530501784869751232611909,1.000000000000000000000000,
monitor-only,0.000743984375000000000000,2.5,0.000003000000000000000000,13917.570268002508800000000000,19576684,True,0.000000000000000000000000,,whole 100-tick block occupied; conditional,resource_rejected,0.019576879766840000000000,0.000999999990754373441806,0.001000000003678708112294,0.000000000009245626558194,,False,2.678124650732472751407863,2.678124650732474018944052,2.678178213761119588629208,1.000000000000000000000000,
monitor-only,0.000758750000000000000000,2.5,0.000003000000000000000000,13917.570268002508800000000000,18434217,True,0.000000000000000000000000,,whole 100-tick block occupied; conditional,resource_rejected,0.018434401342170000000000,0.000999999989896385860102,0.001000000002820720530590,0.000000000010103614139898,,False,2.844102355961199128608577,2.844102355961200396144766,2.844159238577146413361942,1.000000000000000000000000,
monitor-only,0.000773515625000000000000,2.5,0.000003000000000000000000,13917.570268002508800000000000,17291750,True,0.000000000000000000000000,,whole 100-tick block occupied; conditional,resource_rejected,0.017291922917500000000000,0.000999999989038398278399,0.001000000001962732948886,0.000000000010961601721601,,False,3.032012375843971202512213,3.032012375843972470048401,3.032073016697898522507408,1.000000000000000000000000,
monitor-only,0.000788281250000000000000,2.5,0.000003000000000000000000,13917.570268002508800000000000,16149283,True,0.000000000000000000000000,,whole 100-tick block occupied; conditional,resource_rejected,0.016149444492830000000000,0.000999999988180410696695,0.001000000001104745367182,0.000000000011819589303305,,False,3.246509458036000097657567,3.246509458036001365193756,3.246574388874471103667525,1.000000000000000000000000,
monitor-only,0.000803046875000000000000,2.5,0.000003000000000000000000,13917.570268002508800000000000,15006816,True,0.000000000000000000000000,,whole 100-tick block occupied; conditional,resource_rejected,0.015006966068160000000000,0.000999999987322423114991,0.001000000000246757785478,0.000000000012677576885009,,False,3.493665811588546863582443,3.493665811588548131118632,3.493735685603520685555879,1.000000000000000000000000,
monitor-only,0.000817812500000000000000,2.5,0.000003000000000000000000,13917.570268002508800000000000,13864350,True,0.000000000000000000000000,,whole 100-tick block occupied; conditional,resource_rejected,0.013864488643500000000000,0.000999999999388770203775,0.001000000012313104874262,0.000000000000611229796225,,False,3.781554851110942179995263,3.781554851110943447531451,3.781630482964284833563343,1.000000000000000000000000,
monitor-only,0.000832578125000000000000,2.5,0.000003000000000000000000,13917.570268002508800000000000,12721883,True,0.000000000000000000000000,,whole 100-tick block occupied; conditional,resource_rejected,0.012722010218830000000000,0.000999999998530782622071,0.001000000011455117292558,0.000000000001469217377929,,False,4.121150933395629557139965,4.121150933395630824676154,4.121233357238537800111483,1.000000000000000000000000,
monitor-only,0.000847343750000000000000,2.5,0.000003000000000000000000,13917.570268002508800000000000,11579416,True,0.000000000000000000000000,,whole 100-tick block occupied; conditional,resource_rejected,0.011579531794160000000000,0.000999999997672795040367,0.001000000010597129710854,0.000000000002327204959633,,False,4.527758567444160626178003,4.527758567444161893714192,4.527849123521072179804008,1.000000000000000000000000,
monitor-only,0.000862109375000000000000,2.5,0.000003000000000000000000,13917.570268002508800000000000,10436949,True,0.000000000000000000000000,,whole 100-tick block occupied; conditional,resource_rejected,0.010437053369490000000000,0.000999999996814807458663,0.001000000009739142129150,0.000000000003185192541337,,False,5.023383749407992066014189,5.023383749407993333550378,5.023484218087668923922033,1.000000000000000000000000,
monitor-only,0.000876875000000000000000,2.5,0.000003000000000000000000,13917.570268002508800000000000,9294482,True,0.000000000000000000000000,,whole 100-tick block occupied; conditional,resource_rejected,0.009294574944820000000000,0.000999999995956819876959,0.001000000008881154547447,0.000000000004043180123041,,False,5.640852282031424033039588,5.640852282031425300575777,5.640965100205248301060874,1.000000000000000000000000,
monitor-only,0.000891640625000000000000,2.5,0.000003000000000000000000,13917.570268002508800000000000,8152015,True,0.000000000000000000000000,,whole 100-tick block occupied; conditional,resource_rejected,0.008152096520150000000000,0.000999999995098832295256,0.001000000008023166965743,0.000000000004901167704744,,False,6.431391502591689886919122,6.431391502591691154455311,6.431520131708034785463791,1.000000000000000000000000,
monitor-only,0.000906406250000000000000,2.5,0.000003000000000000000000,13917.570268002508800000000000,7009548,True,0.000000000000000000000000,,whole 100-tick block occupied; conditional,resource_rejected,0.007009618095480000000000,0.000999999994240844713552,0.001000000007165179384039,0.000000000005759155286448,,False,7.479626361072068492515084,7.479626361072069760051273,7.479775955095232066818622,1.000000000000000000000000,
monitor-only,0.000921171875000000000000,2.5,0.000003000000000000000000,13917.570268002508800000000000,5867081,True,0.000000000000000000000000,,whole 100-tick block occupied; conditional,resource_rejected,0.005867139670810000000000,0.000999999993382857131848,0.001000000006307191802335,0.000000000006617142868152,,False,8.936096160935905995098969,8.936096160935907262635158,8.936274884646363719094056,1.000000000000000000000000,
monitor-only,0.000935937500000000000000,2.5,0.000003000000000000000000,13917.570268002508800000000000,4724614,True,0.000000000000000000000000,,whole 100-tick block occupied; conditional,resource_rejected,0.004724661246140000000000,0.000999999992524869550144,0.001000000005449204220631,0.000000000007475130449856,,False,11.096948872436985752844653,11.096948872436987020380842,11.097170813633848362483752,1.000000000000000000000000,
monitor-only,0.000950703125000000000000,2.5,0.000003000000000000000000,13917.570268002508800000000000,3582147,True,0.000000000000000000000000,,whole 100-tick block occupied; conditional,resource_rejected,0.003582182821470000000000,0.000999999991666881968440,0.001000000004591216638928,0.000000000008333118031560,,False,14.636138606260434797832005,14.636138606260436065368193,14.636431331959818901666945,1.000000000000000000000000,
monitor-only,0.000965468750000000000000,2.5,0.000003000000000000000000,13917.570268002508800000000000,2439680,True,0.000000000000000000000000,,whole 100-tick block occupied; conditional,resource_rejected,0.002439704396800000000000,0.000999999990808894386737,0.001000000003733229057224,0.000000000009191105613263,,False,21.490031479538299471163700,21.490031479538300738699889,21.490461284465941414870505,1.000000000000000000000000,
monitor-only,0.000980234375000000000000,2.5,0.000003000000000000000000,13917.570268002508800000000000,1297213,True,0.000000000000000000000000,,whole 100-tick block occupied; conditional,resource_rejected,0.001297225972130000000000,0.000999999989950906805033,0.001000000002875241475520,0.000000000010049093194967,,False,40.416492896694682506163436,40.416492896694683773699625,40.417301234635997714263585,1.000000000000000000000000,
monitor-only,0.000995000000000000000000,2.5,0.000003000000000000000000,13917.570268002508800000000000,154746,True,0.000000000000000000000000,,whole 100-tick block occupied; conditional,resource_rejected,0.000154747547460000000000,0.000999999989092919223329,0.001000000002017253893816,0.000000000010907080776671,,False,338.805526475643957853042550,338.805526475643959120578739,338.812302653935255546474490,1.000000000000000000000000,
ERR-only,0.000050000000000000000000,2.5,0.000003000000000000000000,13917.570268002508800000000000,73272630,True,0.000000000000000000000000,,whole 100-tick block occupied; conditional,certified_conditional,0.073273362726300000000000,0.000999999992306785770423,0.001000000005231120440910,0.000000000007693214229577,67175621,True,0.715530478433761058694698,0.715530478433762326230887,0.715544789186439161994850,0.719176539974372787475586,0.000000621372628237407038
ERR-only,0.000050536194966226653525,2.5,0.000003000000000000000000,13917.570268002508800000000000,73231143,True,0.000000000000000000000000,,whole 100-tick block occupied; conditional,certified_conditional,0.073231875311430000000000,0.000999999995400537918512,0.001000000008324872588999,0.000000000004599462081488,67175621,True,0.715935841667799089090253,0.715935841667800356626442,0.715950160527822946608555,0.719585931894278450012208,0.000000622940373371411058
ERR-only,0.000051072389932453307050,2.5,0.000003000000000000000000,13917.570268002508800000000000,73189656,True,0.000000000000000000000000,,whole 100-tick block occupied; conditional,certified_conditional,0.073190387896560000000000,0.000999999998494290066601,0.001000000011418624737088,0.000000000001505709933399,67175621,True,0.716341664455971122677926,0.716341664455972390214115,0.716355991432531909006188,0.719989199820000000000000,0.000000624523068647316183
ERR-only,0.000051608584898679960575,2.5,0.000003000000000000000000,13917.570268002508800000000000,73148168,True,0.000000000000000000000000,,whole 100-tick block occupied; conditional,certified_conditional,0.073148899481680000000000,0.000999999988663707544202,0.001000000001588042214690,0.000000000011336292455798,67175621,True,0.716747957378781566218103,0.716747957378782833754292,0.716762292481282068152392,0.720391203840000000000000,0.000000626120967637500276
ERR-only,0.000052144779864906614100,2.5,0.000003000000000000000000,13917.570268002508800000000000,73106681,True,0.000000000000000000000000,,whole 100-tick block occupied; conditional,certified_conditional,0.073107412066810000000000,0.000999999991757459692291,0.001000000004681794362778,0.000000000008242540307709,67175621,True,0.717154701633903386577187,0.717154701633904654113376,0.717169044871370340612404,0.720793207860000000000000,0.000000627734212327641277
ERR-only,0.000052680974831133267625,2.5,0.000003000000000000000000,13917.570268002508800000000000,73065194,True,0.000000000000000000000000,,whole 100-tick block occupied; conditional,certified_conditional,0.073065924651940000000000,0.000999999994851211840380,0.001000000007775546510867,0.000000000005148788159620,67175621,True,0.717561907794290585112403,0.717561907794291852648592,0.717576259175962188938088,0.721195211880000000000000,0.000000629363064297233464
ERR-only,0.000053217169797359921150,2.5,0.000003000000000000000000,13917.570268002508800000000000,73023707,True,0.000000000000000000000000,,whole 100-tick block occupied; conditional,certified_conditional,0.073024437237070000000000,0.000999999997944963988469,0.001000000010869298658956,0.000000000002055036011531,67175621,True,0.717969576647210661599313,0.717969576647211929135502,0.717983936182340858412458,0.721597215900000000000000,0.000000631007751135298374
ERR-only,0.000053753364763586574675,2.5,0.000003000000000000000000,13917.570268002508800000000000,72982219,True,0.000000000000000000000000,,whole 100-tick block occupied; conditional,certified_conditional,0.072982948822190000000000,0.000999999988114381466070,0.001000000001038716136558,0.000000000011885618533930,67175621,True,0.718377718824909307652021,0.718377718824910575188209,0.718392086522964687689919,0.721999219920000000000000,0.000000632668545103716729
ERR-only,0.000054289559729813228200,2.5,0.000003000000000000000000,13917.570268002508800000000000,72940732,True,0.000000000000000000000000,,whole 100-tick block occupied; conditional,certified_conditional,0.072941461407320000000000,0.000999999991208133614159,0.001000000004132468284646,0.000000000008791866385841,67175621,True,0.718786315443063469290263,0.718786315443064736826451,0.718800691313132932552226,0.722401223940000000000000,0.000000634345602737280419
ERR-only,0.000054825754696039881725,2.5,0.000003000000000000000000,13917.570268002508800000000000,72899245,True,0.000000000000000000000000,,whole 100-tick block occupied; conditional,certified_conditional,0.072899973992450000000000,0.000999999994301885762248,0.001000000007226220432735,0.000000000005698114237752,67175621,True,0.719195377126333116327671,0.719195377126334383863860,0.719209761177718058137361,0.722806800183091888427735,0.000000636039205131742135
ERR-only,0.000055361949662266535250,2.5,0.000003000000000000000000,13917.570268002508800000000000,72857758,True,0.000000000000000000000000,,whole 100-tick block occupied; conditional,certified_conditional,0.072858486577580000000000,0.000999999997395637910337,0.001000000010319972580824,0.000000000002604362089663,67175621,True,0.719604904669176806471008,0.719604904669178074007197,0.719619296911194511482133,0.723222047692481842041016,0.000000637749598330545150
ERR-only,0.000055898144628493188775,2.5,0.000003000000000000000000,13917.570268002508800000000000,72816270,True,0.000000000000000000000000,,whole 100-tick block occupied; conditional,certified_conditional,0.072816998162700000000000,0.000999999987565055387938,0.001000000000489390058426,0.000000000012434944612062,67175621,True,0.720014908755968327564311,0.720014908755969595100500,0.720029309198149770043232,0.723637941969696044921875,0.000000639477075125531646
ERR-only,0.000056434339594719842300,2.5,0.000003000000000000000000,13917.570268002508800000000000,72774783,True,0.000000000000000000000000,,whole 100-tick block occupied; conditional,certified_conditional,0.072775510747830000000000,0.000999999990658807536027,0.001000000003583142206514,0.000000000009341192463973,67175621,True,0.720425370419860322739327,0.720425370419861590275515,0.720439779071357136211861,0.724054455556818161010743,0.000000641221808218073121
ERR-only,0.000056970534560946495825,2.5,0.000003000000000000000000,13917.570268002508800000000000,72733296,True,0.000000000000000000000000,,whole 100-tick block occupied; conditional,certified_conditional,0.072734023332960000000000,0.000999999993752559684116,0.001000000006676894354603,0.000000000006247440315884,67175621,True,0.720836300337605405699717,0.720836300337606673235906,0.720850717207782760879328,0.724471602178991699218750,0.000000642984100164184521
ERR-only,0.000057506729527173149350,2.5,0.000003000000000000000000,13917.570268002508800000000000,72691809,True,0.000000000000000000000000,,whole 100-tick block occupied; conditional,certified_conditional,0.072692535918090000000000,0.000999999996846311832205,0.001000000009770646502692,0.000000000003153688167795,67175621,True,0.721247699310935485595781,0.721247699310936753131969,0.721262124409174587994461,0.724889381836216659545899,0.000000644764217370750522
ERR-only,0.000058042924493399802875,2.5,0.000003000000000000000000,13917.570268002508800000000000,72650322,True,0.000000000000000000000000,,whole 100-tick block occupied; conditional,certified_conditional,0.072651048503220000000000,0.000999999999940063980294,0.001000000012864398650781,0.000000000000059936019706,67175621,True,0.721659568143413789088834,0.721659568143415056625023,0.721674001479111915643826,0.725307794528493041992188,0.000000646562431661364052
ERR-only,0.000058579119459626456400,2.5,0.000003000000000000000000,13917.570268002508800000000000,72608834,True,0.000000000000000000000000,,whole 100-tick block occupied; conditional,certified_conditional,0.072609560088340000000000,0.000999999990109481457895,0.001000000003033816128382,0.000000000009890518542105,67175621,True,0.722071917585124063317662,0.722071917585125330853851,0.722086359167893494791189,0.725726854026740264892579,0.000000648379064425354454
ERR-only,0.000059115314425853109925,2.5,0.000003000000000000000000,13917.570268002508800000000000,72567347,True,0.000000000000000000000000,,whole 100-tick block occupied; conditional,certified_conditional,0.072568072673470000000000,0.000999999993203233605984,0.001000000006127568276471,0.000000000006796766394016,67175621,True,0.722484728565314011123085,0.722484728565315278659274,0.722499178404385609417236,0.726146532796748809814454,0.000000650214311170977563
ERR-only,0.000059651509392079763450,2.5,0.000003000000000000000000,13917.570268002508800000000000,72525860,True,0.000000000000000000000000,,whole 100-tick block occupied; conditional,certified_conditional,0.072526585258600000000000,0.000999999996296985754073,0.001000000009221320424560,0.000000000003703014245927,67175621,True,0.722898011826401700516532,0.722898011826402968052721,0.722912469931221178043262,0.726566844601808776855469,0.000000652068504383905323
ERR-only,0.000060187704358306416975,2.5,0.000003000000000000000000,13917.570268002508800000000000,72484373,True,0.000000000000000000000000,,whole 100-tick block occupied; conditional,certified_conditional,0.072485097843730000000000,0.000999999999390737902162,0.001000000012315072572649,0.000000000000609262097838,67175621,True,0.723311768179328171352424,0.723311768179329438888613,0.723326234559357459506678,0.726987789441920166015625,0.000000653941938981843276
ERR-only,0.000060723899324533070500,2.5,0.000003000000000000000000,13917.570268002508800000000000,72442885,True,0.000000000000000000000000,,whole 100-tick block occupied; conditional,certified_conditional,0.072443609428850000000000,0.000999999989560155379763,0.001000000002484490050251,0.000000000010439844620237,67175621,True,0.723726008427189973011302,0.723726008427191240547490,0.723740483092107067279649,0.727409381118519668579102,0.000000655834961901463414
ERR-only,0.000061260094290759724025,2.5,0.000003000000000000000000,13917.570268002508800000000000,72401398,True,0.000000000000000000000000,,whole 100-tick block occupied; conditional,certified_conditional,0.072402122013980000000000,0.000999999992653907527852,0.001000000005578242198339,0.000000000007346092472148,67175621,True,0.724140713415505514331422,0.724140713415506781867610,0.724155196374605316737677,0.727828278210000000000000,0.000000657747789277172754
ERR-only,0.000061796289256986377550,2.5,0.000003000000000000000000,13917.570268002508800000000000,72359911,True,0.000000000000000000000000,,whole 100-tick block occupied; conditional,certified_conditional,0.072360634599110000000000,0.000999999995747659675941,0.001000000008671994346428,0.000000000004252340324059,67175621,True,0.724555893939669911155600,0.724555893939671178691788,0.724570385202463233784994,0.728230282230000000000000,0.000000659680780365622160
ERR-only,0.000062332484223213031075,2.5,0.000003000000000000000000,13917.570268002508800000000000,72318424,True,0.000000000000000000000000,,whole 100-tick block occupied; conditional,certified_conditional,0.072319147184240000000000,0.000999999998841411824030,0.001000000011765746494517,0.000000000001158588175970,67175621,True,0.724971550818086884289545,0.724971550818088151825733,0.724986050394100907465407,0.728632286250000000000000,0.000000661634255684169837
ERR-only,0.000062868679189439684600,2.5,0.000003000000000000000000,13917.570268002508800000000000,72276936,True,0.000000000000000000000000,,whole 100-tick block occupied; conditional,certified_conditional,0.072277658769360000000000,0.000999999989010829301631,0.001000000001935163972119,0.000000000010989170698369,67175621,True,0.725387694907265496052351,0.725387694907266763588539,0.725402202806244532450581,0.729034290270000000000000,0.000000663608590421096051
ERR-only,0.000063404874155666338125,2.5,0.000003000000000000000000,13917.570268002508800000000000,72235449,True,0.000000000000000000000000,,whole 100-tick block occupied; conditional,certified_conditional,0.072236171354490000000000,0.000999999992104581449720,0.001000000005028916120207,0.000000000007895418550280,67175621,True,0.725804306968451933059586,0.725804306968453200595775,0.725818823199755516432026,0.729452228293617134094239,0.000000665604023765921397
ERR-only,0.000063941069121892991650,2.5,0.000003000000000000000000,13917.570268002508800000000000,72193962,True,0.000000000000000000000000,,whole 100-tick block occupied; conditional,certified_conditional,0.072194683939620000000000,0.000999999995198333597809,0.001000000008122668268296,0.000000000004801666402191,67175621,True,0.726221397850417937247581,0.726221397850419204783770,0.726235922423622578950688,0.729877762653109970092774,0.000000667620944614644306
ERR-only,0.000064477264088119645175,2.5,0.000003000000000000000000,13917.570268002508800000000000,72152475,True,0.000000000000000000000000,,whole 100-tick block occupied; conditional,certified_conditional,0.072153196524750000000000,0.000999999998292085745898,0.001000000011216420416385,0.000000000001707914254102,67175621,True,0.726638968379115952322681,0.726638968379117219858870,0.726653501303814682926978,0.730303930047654228210450,0.000000669659701923211395
ERR-only,0.000064781250000000000000,2.5,0.000003000000000000000000,13917.570268002508800000000000,72128954,True,0.000000000000000000000000,,whole 100-tick block occupied; conditional,certified_conditional,0.072129675289540000000000,0.000999999990928181569608,0.001000000003852516240095,0.000000000009071818430392,67175621,True,0.726875922809028317351868,0.726875922809029584888057,0.726890460472863037563362,0.730555754146931915283204,0.000000670825407421987778
ERR-only,0.000065013459054346298700,2.5,0.000003000000000000000000,13917.570268002508800000000000,72110987,True,0.000000000000000000000000,,whole 100-tick block occupied; conditional,certified_conditional,0.072111708109870000000000,0.000999999988461503223499,0.001000000001385837893987,0.000000000011538496776501,67175621,True,0.727057029464871341982286,0.727057029464872609518475,0.727071570750875400747658,0.730730744343535804748536,0.000000671720702192132961
ERR-only,0.000065549654020572952225,2.5,0.000003000000000000000000,13917.570268002508800000000000,72069500,True,0.000000000000000000000000,,whole 100-tick block occupied; conditional,certified_conditional,0.072070220695000000000000,0.000999999991555255371588,0.001000000004479590042075,0.000000000008444744628412,67175621,True,0.727475561784110536699302,0.727475561784111804235490,0.727490111440844687549489,0.731158177815812225341797,0.000000673804210432929174
ERR-only,0.000066085848986799605750,2.5,0.000003000000000000000000,13917.570268002508800000000000,72028013,True,0.000000000000000000000000,,whole 100-tick block occupied; conditional,certified_conditional,0.072028733280130000000000,0.000999999994649007519677,0.001000000007573342190164,0.000000000005350992480323,67175621,True,0.727894576239385561711156,0.727894576239386829247345,0.727909134276492621790936,0.731586244323140068054200,0.000000675910648431832724
ERR-only,0.000066622043953026259275,2.5,0.000003000000000000000000,13917.570268002508800000000000,71986526,True,0.000000000000000000000000,,whole 100-tick block occupied; conditional,certified_conditional,0.071987245865260000000000,0.000999999997742759667766,0.001000000010667094338253,0.000000000002257240332234,67175621,True,0.728314073664284818762286,0.728314073664286086298475,0.728328640091424277151190,0.732014943865519332885743,0.000000678040396808634130
ERR-only,0.000067158238919252912800,2.5,0.000003000000000000000000,13917.570268002508800000000000,71945038,True,0.000000000000000000000000,,whole 100-tick block occupied; conditional,certified_conditional,0.071945757450380000000000,0.000999999987912177145367,0.001000000000836511815855,0.000000000012087822854633,67175621,True,0.728734065023357891666280,0.728734065023359159202468,0.728748639850408530628448,0.732444290339753189086915,0.000000680193896849445297
ERR-only,0.000067694433885479566325,2.5,0.000003000000000000000000,13917.570268002508800000000000,71903551,True,0.000000000000000000000000,,whole 100-tick block occupied; conditional,certified_conditional,0.071904270035510000000000,0.000999999991005929293456,0.001000000003930263963944,0.000000000008994070706544,67175621,True,0.729154530907659267479342,0.729154530907660535015531,0.729169114144111686486827,0.732853328460000000000000,0.000000682371442547860544
ERR-only,0.000068230628851706219850,2.5,0.000003000000000000000000,13917.570268002508800000000000,71862064,True,0.000000000000000000000000,,whole 100-tick block occupied; conditional,certified_conditional,0.071862782620640000000000,0.000999999994099681441545,0.001000000007024016112032,0.000000000005900318558455,67175621,True,0.729575482273929043509196,0.729575482273930311045385,0.729590073929492979027367,0.733255332480000000000000,0.000000684573492275013251
ERR-only,0.000068766823817932873375,2.5,0.000003000000000000000000,13917.570268002508800000000000,71820577,True,0.000000000000000000000000,,whole 100-tick block occupied; conditional,certified_conditional,0.071821295205770000000000,0.000999999997193433589634,0.001000000010117768260121,0.000000000002806566410366,67175621,True,0.729996919963480027212950,0.729996919963481294749139,0.730011520047882042131589,0.733663117296281814575196,0.000000686800461988860152
ERR-only,0.000069303018784159526900,2.5,0.000003000000000000000000,13917.570268002508800000000000,71779089,True,0.000000000000000000000000,,whole 100-tick block occupied; conditional,certified_conditional,0.071779806790890000000000,0.000999999987362851067235,0.001000000000287185737723,0.000000000012637148932765,67175621,True,0.730418854995498124930278,0.730418854995499392466467,0.730433463518685168061153,0.734095154211445465087891,0.000000689052831714100184
ERR-only,0.000069839213750386180425,2.5,0.000003000000000000000000,13917.570268002508800000000000,71737602,True,0.000000000000000000000000,,whole 100-tick block occupied; conditional,certified_conditional,0.071738319376020000000000,0.000999999990456603215324,0.001000000003380937885812,0.000000000009543396784676,67175621,True,0.730841267875108991446309,0.730841267875110258982497,0.730855884846638110215270,0.734527810238154754638672,0.000000691330928045424741
ERR-only,0.000070375408716612833950,2.5,0.000003000000000000000000,13917.570268002508800000000000,71696115,True,0.000000000000000000000000,,whole 100-tick block occupied; conditional,certified_conditional,0.071696831961150000000000,0.000999999993550355363413,0.001000000006474690033900,0.000000000006449644636587,67175621,True,0.731264169613652769906568,0.731264169613654037442757,0.731278795043301240744619,0.734961099299915466308594,0.000000693635250150088151
ERR-only,0.000070911603682839487475,2.5,0.000003000000000000000000,13917.570268002508800000000000,71654628,True,0.000000000000000000000000,,whole 100-tick block occupied; conditional,certified_conditional,0.071655344546280000000000,0.000999999996644107511502,0.001000000009568442181989,0.000000000003355892488498,67175621,True,0.731687561060256353400969,0.731687561060257620937158,0.731702194957818435446802,0.735395021396727600097657,0.000000695966253522272178
ERR-only,0.000071447798649066141000,2.5,0.000003000000000000000000,13917.570268002508800000000000,71613141,True,0.000000000000000000000000,,whole 100-tick block occupied; conditional,certified_conditional,0.071613857131410000000000,0.000999999999737859659591,0.001000000012662194330078,0.000000000000262140340409,67175621,True,0.732111443066014303350779,0.732111443066015570886968,0.732126085441301277804535,0.735829576528591156005860,0.000000698324404265726818
ERR-only,0.000071983993615292794525,2.5,0.000003000000000000000000,13917.570268002508800000000000,71571653,True,0.000000000000000000000000,,whole 100-tick block occupied; conditional,certified_conditional,0.071572368716530000000000,0.000999999989907277137192,0.001000000002831611807680,0.000000000010092722862808,67175621,True,0.732535826718993826231313,0.732535826718995093767502,0.732550477582038737854899,0.736264778664787826538086,0.000000700710237247891181
ERR-only,0.000072520188581519448050,2.5,0.000003000000000000000000,13917.570268002508800000000000,71530166,True,0.000000000000000000000000,,whole 100-tick block occupied; conditional,certified_conditional,0.071530881301660000000000,0.000999999993001029285281,0.001000000005925363955768,0.000000000006998970714719,67175621,True,0.732960692416119300862003,0.732960692416120568398192,0.732975351776563128984246,0.736672366650000000000000,0.000000703124125731559843
ERR-only,0.000073056383547746101575,2.5,0.000003000000000000000000,13917.570268002508800000000000,71488679,True,0.000000000000000000000000,,whole 100-tick block occupied; conditional,certified_conditional,0.071489393886790000000000,0.000999999996094781433370,0.001000000009019116103857,0.000000000003905218566630,67175621,True,0.733386051237566645940627,0.733386051237567913476816,0.733400719105271975624788,0.737074370670000000000000,0.000000705566626729850081
ERR-only,0.000073592578513972755100,2.5,0.000003000000000000000000,13917.570268002508800000000000,71447192,True,0.000000000000000000000000,,whole 100-tick block occupied; conditional,certified_conditional,0.071447906471920000000000,0.000999999999188533581459,0.001000000012112868251946,0.000000000000811466418541,67175621,True,0.733811904042358371747476,0.733811904042359639283665,0.733826580427204968678825,0.737502596726264343261719,0.000000708038252004341041
ERR-only,0.000074128773480199408625,2.5,0.000003000000000000000000,13917.570268002508800000000000,71405704,True,0.000000000000000000000000,,whole 100-tick block occupied; conditional,certified_conditional,0.071406418057040000000000,0.000999999989357951059060,0.001000000002282285729548,0.000000000010642048940940,67175621,True,0.734238261974140815772127,0.734238261974142083308316,0.734252946886231320791438,0.737940489303390808105469,0.000000710539586246411282
ERR-only,0.000074664968446426062150,2.5,0.000003000000000000000000,13917.570268002508800000000000,71364217,True,0.000000000000000000000000,,whole 100-tick block occupied; conditional,certified_conditional,0.071364930642170000000000,0.000999999992451703207149,0.001000000005376037877636,0.000000000007548296792851,67175621,True,0.734665105342639081595139,0.734665105342640349131327,0.734679798791682326107161,0.738379000919584388732911,0.000000713071045573182363
ERR-only,0.000075201163412652715675,2.5,0.000003000000000000000000,13917.570268002508800000000000,71322730,True,0.000000000000000000000000,,whole 100-tick block occupied; conditional,certified_conditional,0.071323443227300000000000,0.000999999995545455355238,0.001000000008469790025725,0.000000000004454544644762,67175621,True,0.735092445283571657982376,0.735092445283572925518564,0.735107147279499189988800,0.738818145570829391479493,0.000000715633239635311445
ERR-only,0.000075737358378879369200,2.5,0.000003000000000000000000,13917.570268002508800000000000,71281243,True,0.000000000000000000000000,,whole 100-tick block occupied; conditional,certified_conditional,0.071281955812430000000000,0.000999999998639207503327,0.001000000011563542173814,0.000000000001360792496673,67175621,True,0.735520282663981530515994,0.735520282663982798052182,0.735534993216742239051634,0.739257923257125816345215,0.000000718226731582301537
ERR-only,0.000076273553345106022725,2.5,0.000003000000000000000000,13917.570268002508800000000000,71239755,True,0.000000000000000000000000,,whole 100-tick block occupied; conditional,certified_conditional,0.071240467397550000000000,0.000999999988808624980928,0.001000000001732959651416,0.000000000011191375019072,67175621,True,0.735948628683520245830663,0.735948628683521513366852,0.735963347803287015201219,0.739687396800000000000000,0.000000720852162076804492
ERR-only,0.000076809748311332676250,2.5,0.000003000000000000000000,13917.570268002508800000000000,71198268,True,0.000000000000000000000000,,whole 100-tick block occupied; conditional,certified_conditional,0.071198979982680000000000,0.000999999991902377129017,0.001000000004826711799505,0.000000000008097622870983,67175621,True,0.736377463564141123163408,0.736377463564142390699597,0.736392191260691272785313,0.740089400820000000000000,0.000000723509995830140298
ERR-only,0.000077345943277559329775,2.5,0.000003000000000000000000,13917.570268002508800000000000,71156781,True,0.000000000000000000000000,,whole 100-tick block occupied; conditional,certified_conditional,0.071157492567810000000000,0.000999999994996129277106,0.001000000007920463947593,0.000000000005003870722894,67175621,True,0.736806798497531175603665,0.736806798497532443139853,0.736821534780865860871974,0.740510631722217559814454,0.000000726200901714960557
ERR-only,0.000077882138243785983300,2.5,0.000003000000000000000000,13917.570268002508800000000000,71115294,True,0.000000000000000000000000,,whole 100-tick block occupied; conditional,certified_conditional,0.071116005152940000000000,0.000999999998089881425195,0.001000000011014216095682,0.000000000001910118574805,67175621,True,0.737236634358847689350699,0.737236634358848956886888,0.737251379238985568981227,0.740953099815111846923829,0.000000728925500883825655
ERR-only,0.000078418333210012636825,2.5,0.000003000000000000000000,13917.570268002508800000000000,71073806,True,0.000000000000000000000000,,whole 100-tick block occupied; conditional,certified_conditional,0.071074516738060000000000,0.000999999988259298902796,0.001000000001183633573284,0.000000000011740701097204,67175621,True,0.737666982404177918313386,0.737666982404179185849574,0.737681735891362775018264,0.741396215011520385742188,0.000000731684497062427688
ERR-only,0.000078954528176239290350,2.5,0.000003000000000000000000,13917.570268002508800000000000,71032319,True,0.000000000000000000000000,,whole 100-tick block occupied; conditional,certified_conditional,0.071033029323190000000000,0.000999999991353051050885,0.001000000004277385721373,0.000000000008646948949115,67175621,True,0.738097822767125975177335,0.738097822767127242713524,0.738112584871204259777630,0.741839949182146835327149,0.000000734478410216929886
ERR-only,0.000079490723142465943875,2.5,0.000003000000000000000000,13917.570268002508800000000000,70990832,True,0.000000000000000000000000,,whole 100-tick block occupied; conditional,certified_conditional,0.070991541908320000000000,0.000999999994446803198974,0.001000000007371137869461,0.000000000005553196801026,67175621,True,0.738529166695777773223952,0.738529166695779040760141,0.738543937426820900508634,0.742284316387824707031250,0.000000737307976051954147
ERR-only,0.000079562500000000000000,2.5,0.000003000000000000000000,13917.570268002508800000000000,70985278,True,0.000000000000000000000000,,whole 100-tick block occupied; conditional,certified_conditional,0.070985987852780000000000,0.000999999989549577368793,0.001000000002473912039280,0.000000000010450422631207,67175621,True,0.738586950381457335587185,0.738586950381458603123374,0.738601722268185733315819,0.742300422930000000000000,0.000000737689522086897439
ERR-only,0.000080026918108692597400,2.5,0.000003000000000000000000,13917.570268002508800000000000,70949345,True,0.000000000000000000000000,,whole 100-tick block occupied; conditional,certified_conditional,0.070950054493450000000000,0.000999999997540555347063,0.001000000010464890017550,0.000000000002459444652937,67175621,True,0.738961015073500044779396,0.738961015073501312315585,0.738975794441597097048759,0.742702426950000000000000,0.000000740173881386959009
ERR-only,0.000080563113074919250925,2.5,0.000003000000000000000000,13917.570268002508800000000000,70907857,True,0.000000000000000000000000,,whole 100-tick block occupied; conditional,certified_conditional,0.070908566078570000000000,0.000999999987709972824665,0.001000000000634307495152,0.000000000012290027175335,67175621,True,0.739393379213250727078984,0.739393379213251994615172,0.739408167228717048054680,0.743105476710025672912598,0.000000743076901221506687
ERR-only,0.000081099308041145904450,2.5,0.000003000000000000000000,13917.570268002508800000000000,70866370,True,0.000000000000000000000000,,whole 100-tick block occupied; conditional,certified_conditional,0.070867078663700000000000,0.000999999990803724972753,0.001000000003728059643241,0.000000000009196275027247,67175621,True,0.739826239159702339588661,0.739826239159703607124850,0.739841035832454162451627,0.743551901287249984741211,0.000000746017618532974586
ERR-only,0.000081635503007372557975,2.5,0.000003000000000000000000,13917.570268002508800000000000,70824883,True,0.000000000000000000000000,,whole 100-tick block occupied; conditional,certified_conditional,0.070825591248830000000000,0.000999999993897477120842,0.001000000006821811791329,0.000000000006102522879158,67175621,True,0.740259606217774551261156,0.740259606217775818797345,0.740274411557954209846712,0.743998958899525718688965,0.000000748996844685712262
ERR-only,0.000082171697973599211500,2.5,0.000003000000000000000000,13917.570268002508800000000000,70783396,True,0.000000000000000000000000,,whole 100-tick block occupied; conditional,certified_conditional,0.070784103833960000000000,0.000999999996991229268931,0.001000000009915563939418,0.000000000003008770731069,67175621,True,0.740693481279140027976928,0.740693481279141295513117,0.740708295296907689752051,0.744446649546852874755860,0.000000752015341077816158
ERR-only,0.000082707892939825865025,2.5,0.000003000000000000000000,13917.570268002508800000000000,70741908,True,0.000000000000000000000000,,whole 100-tick block occupied; conditional,certified_conditional,0.070742615419080000000000,0.000999999987160646746533,0.001000000000084981417020,0.000000000012839353253467,67175621,True,0.741127875714066903115417,0.741127875714068170651606,0.741142698419810143183825,0.744894987362543487548829,0.000000755073963525241782
ERR-only,0.000083244087906052518550,2.5,0.000003000000000000000000,13917.570268002508800000000000,70700421,True,0.000000000000000000000000,,whole 100-tick block occupied; conditional,certified_conditional,0.070701128004210000000000,0.000999999990254398894621,0.001000000003178733565109,0.000000000009745601105379,67175621,True,0.741562769477708699815648,0.741562769477709967351836,0.741577600881414192342514,0.745315453080000000000000,0.000000758173367082450396
ERR-only,0.000083780282872279172075,2.5,0.000003000000000000000000,13917.570268002508800000000000,70658934,True,0.000000000000000000000000,,whole 100-tick block occupied; conditional,certified_conditional,0.070659640589340000000000,0.000999999993348151042710,0.001000000006272485713197,0.000000000006651848957290,67175621,True,0.741998173932258236709629,0.741998173932259504245818,0.742013014044139901988961,0.745724996110816192626954,0.000000761314449053747239
ERR-only,0.000084316000000000000000,2.5,0.000003000000000000000000,13917.570268002508800000000000,70617484,True,0.000000000000000000000000,,whole 100-tick block occupied; conditional,certified_conditional,0.070618190174840000000000,0.000999999996803780173228,0.001000000009728114843715,0.000000000003196219826772,67175621,True,0.742433700979773723528464,0.742433700979774991064653,0.742448549802283445398098,0.746174853244199218750000,0.000000764495197331084045
ERR-only,0.000084316477838505825600,2.5,0.000003000000000000000000,13917.570268002508800000000000,70617447,True,0.000000000000000000000000,,whole 100-tick block occupied; conditional,certified_conditional,0.070618153174470000000000,0.000999999996441903190799,0.001000000009366237861286,0.000000000003558096809201,67175621,True,0.742434089977791964709729,0.742434089977793232245918,0.742448938808081724744569,0.746175377164741210937500,0.000000764498055819134480
ERR-only,0.000084317000000000000000,2.5,0.000003000000000000000000,13917.570268002508800000000000,70617406,True,0.000000000000000000000000,,whole 100-tick block occupied; conditional,certified_conditional,0.070618112174060000000000,0.000999999988705675875221,0.001000000001630010545708,0.000000000011294324124779,67175621,True,0.742434521030126131296032,0.742434521030127398832220,0.742449369869037024225532,0.746175957725341796875000,0.000000764501223373232338
ERR-only,0.000084318000000000000000,2.5,0.000003000000000000000000,13917.570268002508800000000000,70617329,True,0.000000000000000000000000,,whole 100-tick block occupied; conditional,certified_conditional,0.070618035173290000000000,0.000999999993531906247701,0.001000000006456240918188,0.000000000006468093752299,67175621,True,0.742435330568789358274794,0.742435330568790625810982,0.742450179423891186378185,0.746177048046469726562500,0.000000764507172308879000
ERR-only,0.000094343750000000000000,2.5,0.000003000000000000000000,13917.570268002508800000000000,69841602,True,0.000000000000000000000000,,whole 100-tick block occupied; conditional,certified_conditional,0.069842300416020000000000,0.000999999988170973167978,0.001000000001095307838465,0.000000000011829026832022,67175621,True,0.750681520736021429414248,0.750681520736022696950437,0.750696534516575856685054,0.754479138078504104614258,0.000000833124828445088626
ERR-only,0.000100000000000000000000,2.5,0.000003000000000000000000,13917.570268002508800000000000,69403959,True,0.000000000000000000000000,,whole 100-tick block occupied; conditional,certified_conditional,0.069404653039590000000000,0.000999999993572777106980,0.001000000006497111777467,0.000000000006427222893020,67175621,True,0.755415119762835950237149,0.755415119762837217773338,0.755430228216317643071028,0.759214606740899314880372,0.000000881393134724191450
ERR-only,0.000109125000000000000000,2.5,0.000003000000000000000000,13917.570268002508800000000000,68697927,True,0.000000000000000000000000,,whole 100-tick block occupied; conditional,certified_conditional,0.068698613979270000000000,0.000999999999716703637650,0.001000000012641038308137,0.000000000000283296362350,67175621,True,0.763178778305784342829525,0.763178778305785610365714,0.763194042033989641867317,0.767023670160000000000000,0.000000980419561087492624
ERR-only,0.000123906250000000000000,2.5,0.000003000000000000000000,13917.570268002508800000000000,67554251,True,0.000000000000000000000000,,whole 100-tick block occupied; conditional,certified_conditional,0.067554926542510000000000,0.000999999998338099436835,0.001000000011262434107322,0.000000000001661900563165,67175621,True,0.776099197665591128917573,0.776099197665592396453762,0.776114719804767733804145,0.780025613226188659667969,0.000001237614272995706345
ERR-only,0.000138687500000000000000,2.5,0.000003000000000000000000,13917.570268002508800000000000,66410575,True,0.000000000000000000000000,,whole 100-tick block occupied; conditional,resource_rejected,0.066411239105750000000000,0.000999999996959495236019,0.001000000009883829906507,0.000000000003040504763981,,False,0.789464629691882021968586,0.789464629691883289504775,0.789480419142372265809409,0.793446797866649360656739,
ERR-only,0.000153468750000000000000,2.5,0.000003000000000000000000,13917.570268002508800000000000,65266899,True,0.000000000000000000000000,,whole 100-tick block occupied; conditional,resource_rejected,0.065267551668990000000000,0.000999999995580891035204,0.001000000008505225705692,0.000000000004419108964796,,False,0.803298468339976725965206,0.803298468339977993501395,0.803314534470006727097682,0.807356650951289672851563,
ERR-only,0.000168250000000000000000,2.5,0.000003000000000000000000,13917.570268002508800000000000,64123223,True,0.000000000000000000000000,,whole 100-tick block occupied; conditional,resource_rejected,0.064123864232230000000000,0.000999999994202286834389,0.001000000007126621504876,0.000000000005797713165611,,False,0.817625776545885090035901,0.817625776545886357572090,0.817642129224944699631743,0.821737742657268371582032,
ERR-only,0.000183031250000000000000,2.5,0.000003000000000000000000,13917.570268002508800000000000,62979547,True,0.000000000000000000000000,,whole 100-tick block occupied; conditional,resource_rejected,0.062980176795470000000000,0.000999999992823682633574,0.001000000005748017304061,0.000000000007176317366426,,False,0.832473437765437723544955,0.832473437765438991081144,0.832490087400691286132997,0.836668581084577255249024,
ERR-only,0.000197812500000000000000,2.5,0.000003000000000000000000,13917.570268002508800000000000,61835871,True,0.000000000000000000000000,,whole 100-tick block occupied; conditional,resource_rejected,0.061836489358710000000000,0.000999999991445078432759,0.001000000004369413103246,0.000000000008554921567241,,False,0.847870324330031039918527,0.847870324330032307454716,0.847887281906095302479896,0.852140461878539466857911,
ERR-only,0.000200000000000000000000,2.5,0.000003000000000000000000,13917.570268002508800000000000,61666617,True,0.000000000000000000000000,,whole 100-tick block occupied; conditional,resource_rejected,0.061667233666170000000000,0.000999999996104759780094,0.001000000009029094450582,0.000000000003895240219906,,False,0.850197441510371177288121,0.850197441510372444824310,0.850214445629244474742586,0.854466535251305046081543,
ERR-only,0.000212593750000000000000,2.5,0.000003000000000000000000,13917.570268002508800000000000,60692195,True,0.000000000000000000000000,,whole 100-tick block occupied; conditional,resource_rejected,0.060692801921950000000000,0.000999999990066474231944,0.001000000002990808902431,0.000000000009933525768056,,False,0.863847484837217726846479,0.863847484837218994382668,0.863864761959687597197664,0.868192649645894660949708,
ERR-only,0.000227375000000000000000,2.5,0.000003000000000000000000,13917.570268002508800000000000,59548519,True,0.000000000000000000000000,,whole 100-tick block occupied; conditional,resource_rejected,0.059549114485190000000000,0.000999999988687870031129,0.001000000001612204701616,0.000000000011312129968871,,False,0.880438353135196565678629,0.880438353135197833214818,0.880455962078350602448255,0.884864408993382492065430,
ERR-only,0.000242156250000000000000,2.5,0.000003000000000000000000,13917.570268002508800000000000,58404843,True,0.000000000000000000000000,,whole 100-tick block occupied; conditional,resource_rejected,0.058405427048430000000000,0.000999999987309265830313,0.001000000000233600500801,0.000000000012690734169687,,False,0.897678981861143997679678,0.897678981861145265215867,0.897696935620320713624736,0.902195004527742614746094,
ERR-only,0.000256937500000000000000,2.5,0.000003000000000000000000,13917.570268002508800000000000,57261168,True,0.000000000000000000000000,,whole 100-tick block occupied; conditional,resource_rejected,0.057261740611680000000000,0.000999999998854996299986,0.001000000011779330970473,0.000000000001145003700014,,False,0.915608287976241834775335,0.915608287976243102311523,0.915626600325126749759125,0.920206253569364013671875,
ERR-only,0.000271718750000000000000,2.5,0.000003000000000000000000,13917.570268002508800000000000,56117492,True,0.000000000000000000000000,,whole 100-tick block occupied; conditional,resource_rejected,0.056118053174920000000000,0.000999999997476392099170,0.001000000010400726769658,0.000000000002523607900830,,False,0.934268409571831264920464,0.934268409571832532456653,0.934287095126880153332592,0.938963610588247528076172,
ERR-only,0.000286500000000000000000,2.5,0.000003000000000000000000,13917.570268002508800000000000,54973816,True,0.000000000000000000000000,,whole 100-tick block occupied; conditional,resource_rejected,0.054974365738160000000000,0.000999999996097787898355,0.001000000009022122568843,0.000000000003902212101645,,False,0.953704942003661618821393,0.953704942003662886357582,0.953724016293246489200418,0.958497618712451171875000,
ERR-only,0.000301281250000000000000,2.5,0.000003000000000000000000,13917.570268002508800000000000,53830140,True,0.000000000000000000000000,,whole 100-tick block occupied; conditional,resource_rejected,0.053830678301400000000000,0.000999999994719183697540,0.001000000007643518368027,0.000000000005280816302460,,False,0.973967372182200638604595,0.973967372182201906140784,0.973986851724441606324989,0.978860630750961151123047,
ERR-only,0.000316062500000000000000,2.5,0.000003000000000000000000,13917.570268002508800000000000,52686464,True,0.000000000000000000000000,,whole 100-tick block occupied; conditional,resource_rejected,0.052686990864640000000000,0.000999999993340579496725,0.001000000006264914167212,0.000000000006659420503275,,False,0.995109483908427914407012,0.995109483908429181943201,0.995129386297131871302814,1.000000000000000000000000,
ERR-only,0.000330843750000000000000,2.5,0.000003000000000000000000,13917.570268002508800000000000,51542788,True,0.000000000000000000000000,,whole 100-tick block occupied; conditional,resource_rejected,0.051543303427880000000000,0.000999999991961975295910,0.001000000004886309966397,0.000000000008038024704090,,False,1.017189834589467052768381,1.017189834589468320304570,1.017210178589600744744301,1.000000000000000000000000,
ERR-only,0.000345625000000000000000,2.5,0.000003000000000000000000,13917.570268002508800000000000,50399112,True,0.000000000000000000000000,,whole 100-tick block occupied; conditional,resource_rejected,0.050399615991120000000000,0.000999999990583371095095,0.001000000003507705765582,0.000000000009416628904905,,False,1.040272296861102792022423,1.040272296861104059558612,1.040293102515098455332842,1.000000000000000000000000,
ERR-only,0.000360406250000000000000,2.5,0.000003000000000000000000,13917.570268002508800000000000,49255436,True,0.000000000000000000000000,,whole 100-tick block occupied; conditional,resource_rejected,0.049255928554360000000000,0.000999999989204766894280,0.001000000002129101564767,0.000000000010795233105720,,False,1.064426675666823227054090,1.064426675666824494590279,1.064447964413225928843594,1.000000000000000000000000,
ERR-only,0.000375187500000000000000,2.5,0.000003000000000000000000,13917.570268002508800000000000,48111760,True,0.000000000000000000000000,,whole 100-tick block occupied; conditional,resource_rejected,0.048112241117600000000000,0.000999999987826162693464,0.001000000000750497363952,0.000000000012173837306536,,False,1.089729413349251191565254,1.089729413349252459101443,1.089751208155468140056516,1.000000000000000000000000,
ERR-only,0.000389968750000000000000,2.5,0.000003000000000000000000,13917.570268002508800000000000,46968085,True,0.000000000000000000000000,,whole 100-tick block occupied; conditional,resource_rejected,0.046968554680850000000000,0.000999999999371893163137,0.001000000012296227833624,0.000000000000628106836863,,False,1.116264373989273146502061,1.116264373989274414038250,1.116286699500009940630878,1.000000000000000000000000,
ERR-only,0.000404750000000000000000,2.5,0.000003000000000000000000,13917.570268002508800000000000,45824409,True,0.000000000000000000000000,,whole 100-tick block occupied; conditional,resource_rejected,0.045824867244090000000000,0.000999999997993288962321,0.001000000010917623632809,0.000000000002006711037679,,False,1.144123866387452393722124,1.144123866387453661258313,1.144146749093609105635062,1.000000000000000000000000,
ERR-only,0.000419531250000000000000,2.5,0.000003000000000000000000,13917.570268002508800000000000,44680733,True,0.000000000000000000000000,,whole 100-tick block occupied; conditional,resource_rejected,0.044681179807330000000000,0.000999999996614684761506,0.001000000009539019431994,0.000000000003385315238494,,False,1.173409576785590596348923,1.173409576785591863885112,1.173433045211812471677548,1.000000000000000000000000,
ERR-only,0.000434312500000000000000,2.5,0.000003000000000000000000,13917.570268002508800000000000,43537057,True,0.000000000000000000000000,,whole 100-tick block occupied; conditional,resource_rejected,0.043537492370570000000000,0.000999999995236080560691,0.001000000008160415231178,0.000000000004763919439309,,False,1.204233901248767743019524,1.204233901248769010555712,1.204257986167643808432983,1.000000000000000000000000,
ERR-only,0.000449093750000000000000,2.5,0.000003000000000000000000,13917.570268002508800000000000,42393381,True,0.000000000000000000000000,,whole 100-tick block occupied; conditional,resource_rejected,0.042393804933810000000000,0.000999999993857476359876,0.001000000006781811030363,0.000000000006142523640124,,False,1.236721364592269088715234,1.236721364592270356251423,1.236746099266909581799884,1.000000000000000000000000,
ERR-only,0.000463875000000000000000,2.5,0.000003000000000000000000,13917.570268002508800000000000,41249705,True,0.000000000000000000000000,,whole 100-tick block occupied; conditional,resource_rejected,0.041250117497050000000000,0.000999999992478872159061,0.001000000005403206829548,0.000000000007521127840939,,False,1.271010301770642332042207,1.271010301770643599578395,1.271035722230884248605958,1.000000000000000000000000,
ERR-only,0.000478656250000000000000,2.5,0.000003000000000000000000,13917.570268002508800000000000,40106029,True,0.000000000000000000000000,,whole 100-tick block occupied; conditional,resource_rejected,0.040106430060290000000000,0.000999999991100267958246,0.001000000004024602628733,0.000000000008899732041754,,False,1.307254826948835412802360,1.307254826948836680338549,1.307280972306829870753141,1.000000000000000000000000,
ERR-only,0.000493437500000000000000,2.5,0.000003000000000000000000,13917.570268002508800000000000,38962353,True,0.000000000000000000000000,,whole 100-tick block occupied; conditional,resource_rejected,0.038962742623530000000000,0.000999999989721663757431,0.001000000002645998427918,0.000000000010278336242569,,False,1.345627149366466016744517,1.345627149366467284280706,1.345654062178583368536315,1.000000000000000000000000,
ERR-only,0.000500000000000000000000,2.5,0.000003000000000000000000,13917.570268002508800000000000,38454590,True,0.000000000000000000000000,,whole 100-tick block occupied; conditional,resource_rejected,0.038454974545900000000000,0.000999999990776373128950,0.001000000003700707799437,0.000000000009223626871050,,False,1.363395110960745534634689,1.363395110960746802170878,1.363422379135648399871979,1.000000000000000000000000,
ERR-only,0.000508218750000000000000,2.5,0.000003000000000000000000,13917.570268002508800000000000,37818677,True,0.000000000000000000000000,,whole 100-tick block occupied; conditional,resource_rejected,0.037819055186770000000000,0.000999999988343059556615,0.001000000001267394227103,0.000000000011656940443385,,False,1.386320309406909607962466,1.386320309406910875498655,1.386348036090366482021311,1.000000000000000000000000,
ERR-only,0.000523000000000000000000,2.5,0.000003000000000000000000,13917.570268002508800000000000,36675002,True,0.000000000000000000000000,,whole 100-tick block occupied; conditional,resource_rejected,0.036675368750020000000000,0.000999999999888790026288,0.001000000012813124696775,0.000000000000111209973712,,False,1.429551387618192270488598,1.429551387618193538024787,1.429579978931859672305971,1.000000000000000000000000,
ERR-only,0.000537781250000000000000,2.5,0.000003000000000000000000,13917.570268002508800000000000,35531326,True,0.000000000000000000000000,,whole 100-tick block occupied; conditional,resource_rejected,0.035531681313260000000000,0.000999999998510185825472,0.001000000011434520495960,0.000000000001489814174528,,False,1.475565533354988707186983,1.475565533354989974723172,1.475595044960773766109661,1.000000000000000000000000,
ERR-only,0.000552562500000000000000,2.5,0.000003000000000000000000,13917.570268002508800000000000,34387650,True,0.000000000000000000000000,,whole 100-tick block occupied; conditional,resource_rejected,0.034387993876500000000000,0.000999999997131581624657,0.001000000010055916295144,0.000000000002868418375343,,False,1.524640386883080937668163,1.524640386883082205204351,1.524670879995751627291757,1.000000000000000000000000,
ERR-only,0.000567343750000000000000,2.5,0.000003000000000000000000,13917.570268002508800000000000,33243974,True,0.000000000000000000000000,,whole 100-tick block occupied; conditional,resource_rejected,0.033244306439740000000000,0.000999999995752977423842,0.001000000008677312094329,0.000000000004247022576158,,False,1.577091836252789119947872,1.577091836252790387484061,1.577123378404937598513002,1.000000000000000000000000,
ERR-only,0.000582125000000000000000,2.5,0.000003000000000000000000,13917.570268002508800000000000,32100298,True,0.000000000000000000000000,,whole 100-tick block occupied; conditional,resource_rejected,0.032100619002980000000000,0.000999999994374373223027,0.001000000007298707893514,0.000000000005625626776973,,False,1.633280787611379173360176,1.633280787611380440896365,1.633313453553792726377118,1.000000000000000000000000,
ERR-only,0.000596906250000000000000,2.5,0.000003000000000000000000,13917.570268002508800000000000,30956622,True,0.000000000000000000000000,,whole 100-tick block occupied; conditional,resource_rejected,0.030956931566220000000000,0.000999999992995769022212,0.001000000005920103692699,0.000000000007004230977788,,False,1.693621481051775622698131,1.693621481051776890234320,1.693655353820126243014733,1.000000000000000000000000,
ERR-only,0.000611687500000000000000,2.5,0.000003000000000000000000,13917.570268002508800000000000,29812946,True,0.000000000000000000000000,,whole 100-tick block occupied; conditional,resource_rejected,0.029813244129460000000000,0.000999999991617164821397,0.001000000004541499491884,0.000000000008382835178603,,False,1.758591720523023155964058,1.758591720523024423500246,1.758626892709157379067353,1.000000000000000000000000,
ERR-only,0.000626468750000000000000,2.5,0.000003000000000000000000,13917.570268002508800000000000,28669270,True,0.000000000000000000000000,,whole 100-tick block occupied; conditional,resource_rejected,0.028669556692700000000000,0.000999999990238560620581,0.001000000003162895291069,0.000000000009761439379419,,False,1.828745552293448065832558,1.828745552293449333368747,1.828782127570248604097202,1.000000000000000000000000,
ERR-only,0.000641250000000000000000,2.5,0.000003000000000000000000,13917.570268002508800000000000,27525594,True,0.000000000000000000000000,,whole 100-tick block occupied; conditional,resource_rejected,0.027525869255940000000000,0.000999999988859956419766,0.001000000001784291090254,0.000000000011140043580234,,False,1.904729104120331882943443,1.904729104120333150479632,1.904767199083365821218430,1.000000000000000000000000,
ERR-only,0.000656031250000000000000,2.5,0.000003000000000000000000,13917.570268002508800000000000,26381918,True,0.000000000000000000000000,,whole 100-tick block occupied; conditional,resource_rejected,0.026382181819180000000000,0.000999999987481352218951,0.001000000000405686889438,0.000000000012518647781049,,False,1.987300544259139281684603,1.987300544259140549220792,1.987340290667490449279858,1.000000000000000000000000,
ERR-only,0.000670812500000000000000,2.5,0.000003000000000000000000,13917.570268002508800000000000,25238243,True,0.000000000000000000000000,,whole 100-tick block occupied; conditional,resource_rejected,0.025238495382430000000000,0.000999999999027082688623,0.001000000011951417359111,0.000000000000972917311377,,False,2.077355384841963206583233,2.077355384841964474119422,2.077396932365137178885032,1.000000000000000000000000,
ERR-only,0.000685593750000000000000,2.5,0.000003000000000000000000,13917.570268002508800000000000,24094567,True,0.000000000000000000000000,,whole 100-tick block occupied; conditional,resource_rejected,0.024094807945670000000000,0.000999999997648478487808,0.001000000010572813158295,0.000000000002351521512192,,False,2.175959418569339085015812,2.175959418569340352552001,2.176002938192908608790695,1.000000000000000000000000,
ERR-only,0.000700375000000000000000,2.5,0.000003000000000000000000,13917.570268002508800000000000,22950891,True,0.000000000000000000000000,,whole 100-tick block occupied; conditional,resource_rejected,0.022951120508910000000000,0.000999999996269874286993,0.001000000009194208957480,0.000000000003730125713007,,False,2.284390614726024599849197,2.284390614726025867385386,2.284436302995203713430275,1.000000000000000000000000,
ERR-only,0.000715156250000000000000,2.5,0.000003000000000000000000,13917.570268002508800000000000,21807215,True,0.000000000000000000000000,,whole 100-tick block occupied; conditional,resource_rejected,0.021807433072150000000000,0.000999999994891270086178,0.001000000007815604756665,0.000000000005108729913822,,False,2.404195125328932932485093,2.404195125328934200021282,2.404243209712285245964822,1.000000000000000000000000,
ERR-only,0.000729937500000000000000,2.5,0.000003000000000000000000,13917.570268002508800000000000,20663539,True,0.000000000000000000000000,,whole 100-tick block occupied; conditional,resource_rejected,0.020663745635390000000000,0.000999999993512665885363,0.001000000006437000555850,0.000000000006487334114637,,False,2.537261405222018692156666,2.537261405222019959692855,2.537312150957582389465427,1.000000000000000000000000,
ERR-only,0.000744718750000000000000,2.5,0.000003000000000000000000,13917.570268002508800000000000,19519863,True,0.000000000000000000000000,,whole 100-tick block occupied; conditional,resource_rejected,0.019520058198630000000000,0.000999999992134061684548,0.001000000005058396355035,0.000000000007865938315452,,False,2.685920490323112802017802,2.685920490323114069553991,2.685974209270110635550123,1.000000000000000000000000,
ERR-only,0.000759500000000000000000,2.5,0.000003000000000000000000,13917.570268002508800000000000,18376187,True,0.000000000000000000000000,,whole 100-tick block occupied; conditional,resource_rejected,0.018376370761870000000000,0.000999999990755457483732,0.001000000003679792154220,0.000000000009244542516268,,False,2.853083721884196561221269,2.853083721884197828757458,2.853140784129258597070797,1.000000000000000000000000,
ERR-only,0.000774281250000000000000,2.5,0.000003000000000000000000,13917.570268002508800000000000,17232511,True,0.000000000000000000000000,,whole 100-tick block occupied; conditional,resource_rejected,0.017232683325110000000000,0.000999999989376853282917,0.001000000002301187953405,0.000000000010623146717083,,False,3.042435313112522549881694,3.042435313112523817417883,3.042496162427279849203630,1.000000000000000000000000,
ERR-only,0.000789062500000000000000,2.5,0.000003000000000000000000,13917.570268002508800000000000,16088835,True,0.000000000000000000000000,,whole 100-tick block occupied; conditional,resource_rejected,0.016088995888350000000000,0.000999999987998249082102,0.001000000000922583752589,0.000000000012001750917898,,False,3.258707047464902822572902,3.258707047464904090109091,3.258772222257601948918562,1.000000000000000000000000,
ERR-only,0.000803843750000000000000,2.5,0.000003000000000000000000,13917.570268002508800000000000,14945160,True,0.000000000000000000000000,,whole 100-tick block occupied; conditional,resource_rejected,0.014945309451600000000000,0.000999999999543979551774,0.001000000012468314222262,0.000000000000456020448226,,False,3.508078869680886021175713,3.508078869680887288711902,3.508149031959904330377174,1.000000000000000000000000,
ERR-only,0.000818625000000000000000,2.5,0.000003000000000000000000,13917.570268002508800000000000,13801484,True,0.000000000000000000000000,,whole 100-tick block occupied; conditional,resource_rejected,0.013801622014840000000000,0.000999999998165375350959,0.001000000011089710021446,0.000000000001834624649041,,False,3.798779899320970937115153,3.798779899320972204651341,3.798855875678722835350822,1.000000000000000000000000,
ERR-only,0.000833406250000000000000,2.5,0.000003000000000000000000,13917.570268002508800000000000,12657808,True,0.000000000000000000000000,,whole 100-tick block occupied; conditional,resource_rejected,0.012657934578080000000000,0.000999999996786771150144,0.001000000009711105820631,0.000000000003213228849856,,False,4.142012582273328208002929,4.142012582273329475539118,4.142095423353386376446719,1.000000000000000000000000,
ERR-only,0.000848187500000000000000,2.5,0.000003000000000000000000,13917.570268002508800000000000,11514132,True,0.000000000000000000000000,,whole 100-tick block occupied; conditional,resource_rejected,0.011514247141320000000000,0.000999999995408166949329,0.001000000008332501619816,0.000000000004591833050671,,False,4.553430514779576324356061,4.553430514779577591892250,4.553521584300569027107521,1.000000000000000000000000,
ERR-only,0.000862968750000000000000,2.5,0.000003000000000000000000,13917.570268002508800000000000,10370456,True,0.000000000000000000000000,,whole 100-tick block occupied; conditional,resource_rejected,0.010370559704560000000000,0.000999999994029562748514,0.001000000006953897419001,0.000000000005970437251486,,False,5.055592540964446831222838,5.055592540964448098759026,5.055693653826396640955504,1.000000000000000000000000,
ERR-only,0.000877750000000000000000,2.5,0.000003000000000000000000,13917.570268002508800000000000,9226780,True,0.000000000000000000000000,,whole 100-tick block occupied; conditional,resource_rejected,0.009226872267800000000000,0.000999999992650958547699,0.001000000005575293218186,0.000000000007349041452301,,False,5.682242342398972789246218,5.682242342398974056782407,5.682355988382282503097087,1.000000000000000000000000,
ERR-only,0.000892531250000000000000,2.5,0.000003000000000000000000,13917.570268002508800000000000,8083104,True,0.000000000000000000000000,,whole 100-tick block occupied; conditional,resource_rejected,0.008083184831040000000000,0.000999999991272354346883,0.001000000004196689017371,0.000000000008727645653117,,False,6.486221134851165452923355,6.486221134851166720459544,6.486350860571121577091600,1.000000000000000000000000,
ERR-only,0.000907312500000000000000,2.5,0.000003000000000000000000,13917.570268002508800000000000,6939428,True,0.000000000000000000000000,,whole 100-tick block occupied; conditional,resource_rejected,0.006939497394280000000000,0.000999999989893750146068,0.001000000002818084816556,0.000000000010106249853932,,False,7.555204838208566412391906,7.555204838208567679928095,7.555355943816388563239607,1.000000000000000000000000,
ERR-only,0.000922093750000000000000,2.5,0.000003000000000000000000,13917.570268002508800000000000,5795752,True,0.000000000000000000000000,,whole 100-tick block occupied; conditional,resource_rejected,0.005795809957520000000000,0.000999999988515145945253,0.001000000001439480615740,0.000000000011484854054747,,False,9.046073745046371260681496,9.046073745046372528217684,9.046254668330506930761355,1.000000000000000000000000,
ERR-only,0.000936875000000000000000,2.5,0.000003000000000000000000,13917.570268002508800000000000,4652076,True,0.000000000000000000000000,,whole 100-tick block occupied; conditional,resource_rejected,0.004652122520760000000000,0.000999999987136541744438,0.001000000000060876414925,0.000000000012863458255562,,False,11.269979252273607965919443,11.269979252273609233455632,11.270204654112673730034348,1.000000000000000000000000,
ERR-only,0.000951656250000000000000,2.5,0.000003000000000000000000,13917.570268002508800000000000,3508401,True,0.000000000000000000000000,,whole 100-tick block occupied; conditional,resource_rejected,0.003508436084010000000000,0.000999999998682272214110,0.001000000011606606884597,0.000000000001317727785890,,False,14.943787782525429042030083,14.943787782525430309566271,14.944086661269868896307411,1.000000000000000000000000,
ERR-only,0.000966437500000000000000,2.5,0.000003000000000000000000,13917.570268002508800000000000,2364725,True,0.000000000000000000000000,,whole 100-tick block occupied; conditional,resource_rejected,0.002364748647250000000000,0.000999999997303668013295,0.001000000010228002683782,0.000000000002696331986705,,False,22.171203839769951474828043,22.171203839769952742364231,22.171647268281033885979596,1.000000000000000000000000,
ERR-only,0.000981218750000000000000,2.5,0.000003000000000000000000,13917.570268002508800000000000,1221049,True,0.000000000000000000000000,,whole 100-tick block occupied; conditional,resource_rejected,0.001221061210490000000000,0.000999999995925063812480,0.001000000008849398482967,0.000000000004074936187520,,False,42.937507012413096629322904,42.937507012413097896859092,42.938365771140934070927851,1.000000000000000000000000,
ERR-only,0.000996000000000000000000,2.5,0.000003000000000000000000,13917.570268002508800000000000,77373,True,0.000000000000000000000000,,whole 100-tick block occupied; conditional,resource_rejected,0.000077373773730000000000,0.000999999994546459611665,0.001000000007470794282152,0.000000000005453540388335,,False,677.611052951287916339853195,677.611052951287917607389383,677.624605307870509825412792,1.000000000000000000000000,
