shield,mode,Dstar,status,pM_upper,ka,vc,vc_kind,theta,mass_lower,mass_upper,mu_upper,H,J,low_type,k,z,LOW_slack,next_k_slack_upper,lease_ticks,lease_min_s,lease_slack_s,coverage_upper_s,Q,old_pair,mandatory_pair,u,v,v_low,v_peak,affine_pair,pair_active,v_branch,risk_upper,risk_slack,D_allow,quiet_upper,returns_upper,objective,quiet_formula_upper,returns_formula_upper,base_tax,quiet_start_component,quiet_ERR_component,false_ERR_component,loss_ERR_component,quiet_monitor_component,quiet_global_component,return_boundary,return_monitor_component,return_global_component,calendar_edge,control_edge,return_calendar_edge,return_control_edge,channel_rate,sigmaX,DM,DE,p_q,pstar_whole,pstar_return,pstar,full_goal_pass,g,c,period_s_upper,period_l_upper,quota_upper,initial_upper,pair_upper,peak_upper,delay_upper_s,resource_pass,risk_relative_slack,parameterization,physical_qualification,always_S_upper,cells,h,r0,tau
3,combined,0.000050000000000000000000,certified_conditional,0.000000182138566114362579,363,0.000517828635035429008602,flat,,0.000399003034157760648572,0.000399003034157760648573,154.706547050000000000000000,35,631158312,direct-fast,228,0.300000000000000000000000,0.014316346401708710745979,-0.285683653598291289254021,2975415471,2.975385716845290000000000,0.000000000585663000000000,2.704896105690570000000000,1014.997164142586849560187049,1739.927731512382380193263458,264162.004665630720000000000000,0.000000913500365865512835,0.025669594216837958922945,0.025669594216837958922945,0.025669594216837958922945,1014.997164142586849560187049,joint,low,0.000998552591943709145154,0.000001447408056290854846,0.000051447408056290854847,0.001717755941914531890433,0.002081798341735053210746,0.002081798341735053210746,0.001717755941914531890433,0.002081798341735053210746,0.001377438016804410468348,0.000000009997495413183869,0.000077355280944831245945,0.000000500021207886229484,0.000000500021207886229484,0.000000972456613069596152,0.000160980147640084288182,0.000025746252031907103041,0.000000972466884225031424,0.000499286281597630267426,0.000000000000000633768094,0.000000000000000316880879,0.000000000000704186770998,0.000000000000352089864601,0.000100000000000000000000,0.000000100000000000000000,5.309790612375150000000000,1.000022415124150000000000,0.000321953856138654388134,0.001559941495046956017742,0.001491367207613099889733,0.001491367207613099889733,True,200,100,0.104858648576000000000000,38.063689433088000000000000,0.000006000000000000000000,0.000000048937030165408000,0.000942503654913543737154,0.500215000000000000000000,0.000000619206291779036608,True,0.001447408056290854846321,two-mode,False,0.358530107599623301732373,,,,
3,combined,0.000057833685759218414061,certified_conditional,0.000000844205338518809630,365,0.000514153058474514881173,flat,,0.000395382860480606593671,0.000395382860480606593672,154.706547050000000000000000,35,631158312,direct-fast,224,0.300000000000000000000000,0.276033291315712501350523,-0.023966708684287498649477,2974262010,2.974232267379900000000000,0.000000000654653000000000,2.703847515204770000000000,1006.414727115114917692600923,1724.106791007404793873768680,262961.268280786944000000000000,0.000000909334402658543738,0.025412877953722891485978,0.025412877953722891485978,0.025412877953722891485978,1006.414727115114917692600923,joint,low,0.000998416329350648606019,0.000001583670649351393981,0.000059417356408569808042,0.001733365956125109698075,0.002097594127079842691680,0.002097594127079842691680,0.001733365956125109698075,0.002097594127079842691680,0.001383727688114019648568,0.000000010095123776400829,0.000078136646481393332176,0.000000505071921097019678,0.000000505071921097019678,0.000004531540816155054888,0.000165949841746620573289,0.000025927302403854407395,0.000004531588678609233785,0.000504260756503495394805,0.000000000000000633768094,0.000000000000000316880879,0.000000000000704186770998,0.000000000000352089864601,0.000100000000000000000000,0.000000100000000000000000,5.307693427403510000000000,1.000022403124030000000000,0.000328574115110291049114,0.001542704581075520634226,0.001474754594086417183596,0.001474754594086417183596,True,198,100,0.103810062090240000000000,37.890672662937600000000000,0.000006000000000000000000,0.000000048447659863753920,0.000934534195931566438039,0.505315049000000000000000,0.000000625278107586763028,True,0.001583670649351393981476,two-mode,False,0.361118050614775410216826,,,,
3,combined,0.000064750000000000000000,certified_conditional,0.000000182138566114362579,363,0.000517828635035429008602,flat,,0.000399086083373752343650,0.000399086083373752343651,154.706547050000000000000000,35,631158312,direct-fast,228,0.300000000000000000000000,0.035841189973424572078546,-0.264158810026575427921454,2973685279,2.973655542147210000000000,0.000000000189153000000000,2.703323219961870000000000,999.772206680448046816784243,1713.828815539696644490364506,260199.574595646259200000000000,0.000000899797860377530142,0.025284550303585389539100,0.025284550303585389539100,0.025284550303585389539100,999.772206680448046816784243,joint,low,0.000999164303064553507977,0.000000835696935446492023,0.000065585696935446492024,0.001747846002970890165319,0.002112032626563174783895,0.002112032626563174783895,0.001747846002970890165319,0.002112032626563174783895,0.001398414230258284739439,0.000000010144681321181012,0.000078533278733455304882,0.000000507635734909603533,0.000000507635734909603533,0.000000986680693007774881,0.000168886397134051309071,0.000025883008473858905081,0.000000986691114398947157,0.000507200145457081044675,0.000000000000000633768094,0.000000000000000316880879,0.000000000000704186770998,0.000000000000352089864601,0.000100000000000000000000,0.000000100000000000000000,5.306644834917690000000000,1.000022397123970000000000,0.000332699548296574572312,0.001531870820710934998108,0.001464258396319871626452,0.001464258396319871626452,True,197,100,0.103285768847360000000000,37.492734091591680000000000,0.000006000000000000000000,0.000000048202974712926880,0.000928366100089840581097,0.507843075720000000000000,0.000000628436270466889754,True,0.000835696935446492023626,two-mode,False,0.363743636437420640279235,,,,
3,combined,0.000065667371518436828121,certified_conditional,0.000000844205338518809630,365,0.000514153058474514881173,flat,,0.000395438226608601057059,0.000395438226608601057060,154.706547050000000000000000,35,631158312,direct-fast,224,0.300000000000000000000000,0.290383182883281273561078,-0.009616817116718726438922,2973108549,2.973078817914510000000000,0.000000000723643000000000,2.702798924718970000000000,996.248921790719817513887782,1706.691570896218886864942734,260305.093853708288000000000000,0.000000900149206672093801,0.025156182216816599652787,0.025156182216816599652787,0.025156182216816599652787,996.248921790719817513887782,joint,low,0.000996809786386721260565,0.000003190213613278739435,0.000068857585131715567557,0.001752658459887309181562,0.002116984247108756763791,0.002116984247108756763791,0.001752658459887309181562,0.002116984247108756763791,0.001397847358400897400084,0.000000010194744555193645,0.000078933958253395460983,0.000000510225710087621917,0.000000510225710087621917,0.000004575972247837752725,0.000170270524819497481323,0.000026019864142405158674,0.000004576020579579851403,0.000508586593256027013218,0.000000000000000633768094,0.000000000000000316880879,0.000000000000704186770998,0.000000000000352089864601,0.000100000000000000000000,0.000000100000000000000000,5.305596242431870000000000,1.000022391123910000000000,0.000333723554108387517366,0.001524170117462438467848,0.001456861913760471754852,0.001456861913760471754852,True,196,100,0.102761475604480000000000,37.507938595635200000000000,0.000006000000000000000000,0.000000047958289562099840,0.000925094456578722332604,0.510423101920000000000000,0.000000631680372353498862,True,0.003190213613278739435809,two-mode,False,0.365070802993757736496913,,,,
3,combined,0.000073501057277655242182,certified_conditional,0.000000844205338518809630,365,0.000514153058474514881173,flat,,0.000395465909696598288750,0.000395465909696598288751,154.706547050000000000000000,35,631158312,direct-fast,224,0.300000000000000000000000,0.297558134887428362683090,-0.002441865112571637316910,2972531818,2.972502092681820000000000,0.000000000258143000000000,2.702274629476070000000000,991.166019128522267424531212,1697.983960840625933360529761,258977.006640168960000000000000,0.000000895556608678868833,0.025027834348363453736191,0.025027834348363453736191,0.025027834348363453736191,991.166019128522267424531212,joint,low,0.000999923357784366794868,0.000000076642215633205132,0.000073577699493288447314,0.001764461793190810547858,0.002128837139441496627879,0.002128837139441496627879,0.001764461793190810547858,0.002128837139441496627879,0.001405015806392696873931,0.000000010245321258273074,0.000079338747306873464838,0.000000512842249113619977,0.000000512842249113619977,0.000004598529743922814704,0.000174472779926881232388,0.000026066857026575862122,0.000004598578313918780347,0.000512791464846927771091,0.000000000000000633768094,0.000000000000000316880879,0.000000000000704186770998,0.000000000000352089864601,0.000100000000000000000000,0.000000100000000000000000,5.304547649946050000000000,1.000022385123850000000000,0.000340215116487044958522,0.001514528196872919451372,0.001447541079013318647159,0.001447541079013318647159,True,195,100,0.102237182361600000000000,37.316571561984000000000000,0.000006000000000000000000,0.000000047713604411272800,0.000920374586902300279887,0.513055127600000000000000,0.000000635013969452550139,True,0.000076642215633205132779,two-mode,False,0.367754411839292306054716,,,,
3,combined,0.000079500000000000000000,certified_conditional,0.000000182138566114362579,363,0.000517828635035429008602,flat,,0.000399169132541744038734,0.000399169132541744038735,154.706547050000000000000000,35,631158312,direct-fast,228,0.300000000000000000000000,0.057366021104415027377642,-0.242633978895584972622358,2971955088,2.971925368449120000000000,0.000000000792633000000000,2.701750334233170000000000,984.547249218309244073381438,1687.729899567010908787465555,256237.144525661798400000000000,0.000000886095354889547450,0.024899506390332820155256,0.024899506390332820155256,0.024899506390332820155256,984.547249218309244073381438,joint,low,0.000999776014185397870800,0.000000223985814602129200,0.000079723985814602129201,0.001778866684472290448707,0.002143201992374489911825,0.002143201992374489911825,0.001778866684472290448707,0.002143201992374489911825,0.001420039192581866462214,0.000000010296419370662601,0.000079747709443377015125,0.000000515485762768752037,0.000000515485762768752037,0.000001001344692944041612,0.000177037169808244114110,0.000026023994505617567951,0.000001001355269217416984,0.000515358767992597309880,0.000000000000000633768094,0.000000000000000316880879,0.000000000000704186770998,0.000000000000352089864601,0.000100000000000000000000,0.000000100000000000000000,5.303499057460230000000000,1.000022379123790000000000,0.000343445240454494756490,0.001503766846059938814342,0.001437117425770662469681,0.001437117425770662469681,True,194,100,0.101712889118720000000000,36.921778750095360000000000,0.000006000000000000000000,0.000000047468919260445760,0.000914228545266137425040,0.515739152760000000000000,0.000000638440816924779845,True,0.000223985814602129200931,two-mode,False,0.370477777852908869235599,,,,
3,combined,0.000081334743036873656242,certified_conditional,0.000000579176052951416591,365,0.000514153058474514881173,flat,,0.000395521275824592752137,0.000395521275824592752138,154.706547050000000000000000,35,631158312,direct-fast,225,0.300000000000000000000000,0.011908026454997134893644,-0.288091973545002865106356,2971378357,2.971348643216430000000000,0.000000000327133000000000,2.701226038990270000000000,981.000213804127167245818071,1680.568740729440026351703814,256320.832213090304000000000000,0.000000886371412692418896,0.024771138611457161902999,0.024771138611457161902999,0.024771138611457161902999,981.000213804127167245818071,joint,low,0.000998316814820439449413,0.000001683185179560550587,0.000083017928216434206829,0.001782920099137290533211,0.002147396088763005332426,0.002147396088763005332426,0.001782920099137290533211,0.002147396088763005332426,0.001419575555681740364853,0.000000010348046997170154,0.000080160909529481638472,0.000000518156670347771477,0.000000518156670347771477,0.000003188028057982301780,0.000178948944479442866029,0.000026162303716671413121,0.000003188061730159831824,0.000517272943707979905606,0.000000000000000633768094,0.000000000000000316880879,0.000000000000704186770998,0.000000000000352089864601,0.000100000000000000000000,0.000000100000000000000000,5.302450464974410000000000,1.000022373123730000000000,0.000345364555485141426774,0.001495971593234560205302,0.001429627020237552044974,0.001429627020237552044974,True,193,100,0.101188595875840000000000,36.933837494681600000000000,0.000006000000000000000000,0.000000047224234109618720,0.000910934847549456174452,0.518405182000000000000000,0.000000641964882996413894,True,0.001683185179560550587113,two-mode,False,0.370477777852908869235599,,,,
3,combined,0.000089168428796092070302,certified_conditional,0.000000579176052951416591,365,0.000514153058474514881173,flat,,0.000395576641952587215524,0.000395576641952587215525,154.706547050000000000000000,35,631158312,direct-fast,225,0.300000000000000000000000,0.026257918022565907104198,-0.273742081977434092895802,2970224896,2.970195193751040000000000,0.000000000396123000000000,2.700177448504470000000000,970.834408479732067067104931,1663.153520618254119342877868,253664.657786011648000000000000,0.000000877186216705968959,0.024514442874550870069808,0.024514442874550870069808,0.024514442874550870069808,970.834408479732067067104931,joint,low,0.000996710271856512103959,0.000003289728143487896041,0.000092458156939579966344,0.001803237115838010058526,0.002167815872106502811772,0.002167815872106502811772,0.001803237115838010058526,0.002167815872106502811772,0.001434440221186261206369,0.000000010452924060442042,0.000081000289809107784329,0.000000523582388361695783,0.000000523582388361695783,0.000003220136442879852415,0.000183518850698026732835,0.000026259749294472459717,0.000003220170454188411675,0.000521848275529472922520,0.000000000000000633768094,0.000000000000000316880879,0.000000000000704186770998,0.000000000000352089864601,0.000100000000000000000000,0.000000100000000000000000,5.300353280002770000000000,1.000022361123610000000000,0.000350513994483237895026,0.001477400305054164158689,0.001411698785389044898170,0.001411698785389044898170,True,191,100,0.100140009390080000000000,36.551103427379200000000000,0.000006000000000000000000,0.000000046734863807964640,0.000901495108196612069017,0.523805236000000000000000,0.000000649321702486631184,True,0.003289728143487896041447,two-mode,False,0.374639325918660021961442,,,,
3,combined,0.000094250000000000000000,certified_conditional,0.000000579176052951416591,365,0.000514153058474514881173,flat,,0.000395604324992584447220,0.000395604324992584447221,154.706547050000000000000000,35,631158312,direct-fast,225,0.300000000000000000000000,0.033432857585987590192740,-0.266567142414012409807260,2969648166,2.969618469518340000000000,0.000000000930613000000000,2.699653153261570000000000,965.751505817534516977748361,1654.445910562661165838464895,252336.570572472320000000000000,0.000000872593618712743991,0.024386095006097724153212,0.024386095006097724153212,0.024386095006097724153212,965.751505817534516977748361,joint,low,0.000997071728698847153900,0.000002928271301152846100,0.000097178271301152846101,0.001814169048856585057771,0.002178799999763629576067,0.002178799999763629576067,0.001814169048856585057771,0.002178799999763629576067,0.001441989906560925739034,0.000000010506190568893290,0.000081426606635338958409,0.000000526338081984557338,0.000000526338081984557338,0.000003236444122577818921,0.000186452909182253884469,0.000026309241392128058622,0.000003236478306129243020,0.000524785089648861826709,0.000000000000000633768094,0.000000000000000316880879,0.000000000000704186770998,0.000000000000352089864601,0.000100000000000000000000,0.000000100000000000000000,5.299304687516950000000000,1.000022355123550000000000,0.000354253442306584851819,0.001467999255463802945556,0.001402619454489952000393,0.001402619454489952000393,True,190,100,0.099615716147200000000000,36.359736393728000000000000,0.000006000000000000000000,0.000000046490178657137600,0.000896775238520190016300,0.526605264000000000000000,0.000000653163602498477713,True,0.002928271301152846100785,two-mode,False,0.376047368497297630026576,,,,
3,combined,0.000097002114555310484363,certified_conditional,0.000000579176052951416591,365,0.000514153058474514881173,flat,,0.000395604324992584447220,0.000395604324992584447221,154.706547050000000000000000,35,631158312,direct-fast,225,0.300000000000000000000000,0.033432857585987590192740,-0.266567142414012409807260,2969648166,2.969618469518340000000000,0.000000000930613000000000,2.699653153261570000000000,965.751505817534516977748361,1654.445910562661165838464895,252336.570572472320000000000000,0.000000872593618712743991,0.024386095006097724153212,0.024386095006097724153212,0.024386095006097724153212,965.751505817534516977748361,joint,low,0.000999823843254157638262,0.000000176156745842361738,0.000097178271301152846101,0.001815617559171401909869,0.002180248510078446428166,0.002180248510078446428166,0.001815617559171401909869,0.002180248510078446428166,0.001441989906560925739034,0.000000010506190568893290,0.000081426606635338958409,0.000000526338081984557338,0.000000526338081984557338,0.000003236444122577818921,0.000187901419497070736568,0.000026309241392128058622,0.000003236478306129243020,0.000526233599963678678807,0.000000000000000633768094,0.000000000000000316880879,0.000000000000704186770998,0.000000000000352089864601,0.000100000000000000000000,0.000000100000000000000000,5.299304687516950000000000,1.000022355123550000000000,0.000357005556861895336182,0.001467739590545985521302,0.001402359792314704811952,0.001402359792314704811952,True,190,100,0.099615716147200000000000,36.359736393728000000000000,0.000006000000000000000000,0.000000046490178657137600,0.000896775238520190016300,0.526605264000000000000000,0.000000653163602498477713,True,0.000176156745842361738416,two-mode,False,0.377466037812377786077108,,,,
3,combined,0.000100000000000000000000,certified_conditional,0.000000579176052951416591,365,0.000514153058474514881173,flat,,0.000395632008080581678911,0.000395632008080581678912,154.706547050000000000000000,35,631158312,direct-fast,225,0.300000000000000000000000,0.040607809590134679314752,-0.259392190409865320685248,2969071435,2.969041744285650000000000,0.000000000465113000000000,2.699128858018670000000000,960.668603155336966888391790,1645.738300507068212334051922,251008.483358932992000000000000,0.000000868001020719519023,0.024257747137644578236616,0.024257747137644578236616,0.024257747137644578236616,960.668603155336966888391790,joint,low,0.000998101614337274274142,0.000001898385662725725858,0.000101898385662725725859,0.001825570336809114120097,0.002190254034679974664788,0.002190254034679974664788,0.001825570336809114120097,0.002190254034679974664788,0.001449619482786115822310,0.000000010560020744100637,0.000081857434750736599940,0.000000529122936386496794,0.000000529122936386496794,0.000003252924370314917348,0.000189771689007479037306,0.000026359257216731557325,0.000003252958727931882105,0.000528106654269409173925,0.000000000000000633768094,0.000000000000000316880879,0.000000000000704186770998,0.000000000000352089864601,0.000100000000000000000000,0.000000100000000000000000,5.298256095031130000000000,1.000022349123490000000000,0.000358661318926023878915,0.001458531405252774910065,0.001393473450980716230539,0.001393473450980716230539,True,189,100,0.099091422904320000000000,36.168369360076800000000000,0.000006000000000000000000,0.000000046245493506310560,0.000892055368843767963582,0.529405288100000000000000,0.000000657121052241518466,True,0.001898385662725725858149,two-mode,False,0.378895454622269155431053,,,,
3,combined,0.000104835800314528898423,certified_conditional,0.000001769798650332236611,367,0.000510517433832741124694,flat,,0.000392024102835051571866,0.000392024102835051571867,154.706547050000000000000000,35,631158312,direct-fast,222,0.300000000000000000000000,0.005504508441877956684306,-0.294495491558122043315694,2968494705,2.968465020052950000000000,0.000000000999603000000000,2.698604562775770000000000,957.074066692247195011494614,1638.529201796194471112006857,251048.507905094451200000000000,0.000000868126501539006044,0.024129379974555183252472,0.024129379974555183252472,0.024129379974555183252472,957.074066692247195011494614,joint,low,0.000999599363838845090748,0.000000400636161154909252,0.000105236436475683807676,0.001836109948633684665638,0.002200937095535057895857,0.002200937095535057895857,0.001836109948633684665638,0.002200937095535057895857,0.001449388370630184358543,0.000000010614423580746359,0.000082292846143957620636,0.000000531937416899095180,0.000000531937416899095180,0.000009979329059106436729,0.000193374913542106664042,0.000026500144991247884452,0.000009979434461484834124,0.000531712423418108372147,0.000000000000000633768094,0.000000000000000316880879,0.000000000000704186770998,0.000000000000352089864601,0.000100000000000000000000,0.000000100000000000000000,5.297207502545310000000000,1.000022343123430000000000,0.000363537566635119585598,0.001450424853393532573490,0.001385672876363201565081,0.001385672876363201565081,True,188,100,0.098567129661440000000000,36.174136585748480000000000,0.000006000000000000000000,0.000000046000808355483520,0.000888717562715960708805,0.532205320000000000000000,0.000000661199344249640290,True,0.000400636161154909252722,two-mode,False,0.380335741521969584627994,,,,
3,combined,0.000109000000000000000000,certified_conditional,0.000001769798650332236611,367,0.000510517433832741124694,flat,,0.000392051785923048803557,0.000392051785923048803558,154.706547050000000000000000,35,631158312,direct-fast,222,0.300000000000000000000000,0.012679460446025045806318,-0.287320539553974954193682,2967917974,2.967888294820260000000000,0.000000000534103000000000,2.698080267532870000000000,951.983247188565029080582408,1629.813620935576415414602565,249713.143501343948800000000000,0.000000863508807381883671,0.024001032208733081213895,0.024001032208733081213895,0.024001032208733081213895,951.983247188565029080582408,joint,low,0.000999036097760888978536,0.000000963902239111021464,0.000109963902239111021465,0.001846897199927544402593,0.002211778225437225721658,0.002211778225437225721658,0.001846897199927544402593,0.002211778225437225721658,0.001457139110580078392546,0.000000010669408265912356,0.000082732914343523251179,0.000000534781998807550233,0.000000534781998807550233,0.000010030708463843713640,0.000195914233133267383437,0.000026551233520006626241,0.000010030814408895012978,0.000534254587530830702653,0.000000000000000633768094,0.000000000000000316880879,0.000000000000704186770998,0.000000000000352089864601,0.000100000000000000000000,0.000000100000000000000000,5.296158910059490000000000,1.000022337123370000000000,0.000366352288840162013307,0.001441100179592927162463,0.001376670384454625344010,0.001376670384454625344010,True,187,100,0.098042836418560000000000,35.981720965611520000000000,0.000006000000000000000000,0.000000045756123204656480,0.000883990341637684322056,0.535005348000000000000000,0.000000665404099287208594,True,0.000963902239111021464445,two-mode,False,0.383249425365041717256288,,,,
3,combined,0.000112669486073747312484,certified_conditional,0.000000182138566114362579,363,0.000517828635035429008602,flat,,0.000399362914013724660586,0.000399362914013724660587,154.706547050000000000000000,35,631158312,direct-fast,228,0.300000000000000000000000,0.107590647811268433131317,-0.192409352188731566868683,2967917974,2.967888294820260000000000,0.000000000534103000000000,2.698080267532870000000000,949.022348473318704338774891,1626.832428964077525480701334,246991.474362364723200000000000,0.000000854122842084254501,0.024001070592743491592953,0.024001070592743491592953,0.024001070592743491592953,949.022348473318704338774891,joint,low,0.000999956159541115363202,0.000000043840458884636798,0.000112713326532631949282,0.001854451993080840886205,0.002219152783485771435760,0.002219152783485771435760,0.001854451993080840886205,0.002219152783485771435760,0.001473195739897765206789,0.000000010669408265912356,0.000082732914343523251179,0.000000534781998807550233,0.000000534781998807550233,0.000001037390425407699048,0.000196405715007313067399,0.000026370553789850660581,0.000001037401382398646739,0.000534746609018341934412,0.000000000000000633768094,0.000000000000000316880879,0.000000000000704186770998,0.000000000000352089864601,0.000100000000000000000000,0.000000100000000000000000,5.296158910059490000000000,1.000022337123370000000000,0.000367271341563389165389,0.001438178813363463566615,0.001373780850274563238608,0.001373780850274563238608,True,187,100,0.098042836418560000000000,35.589549619937280000000000,0.000006000000000000000000,0.000000045756123204656480,0.000881240917344163394239,0.535005348000000000000000,0.000000665404099287208594,True,0.000043840458884636798152,two-mode,False,0.384723077001057045874060,,,,
3,combined,0.000120503171832965726544,certified_conditional,0.000000579176052951416591,365,0.000514153058474514881173,flat,,0.000395742740336570605686,0.000395742740336570605687,154.706547050000000000000000,35,631158312,direct-fast,225,0.300000000000000000000000,0.069307592725272223735861,-0.230692407274727776264139,2966764513,2.966734845354870000000000,0.000000000603093000000000,2.697031677047070000000000,940.336992506546766530965509,1610.907860284696398316400029,245696.134504775680000000000000,0.000000849630628746619149,0.023744355663831994570232,0.023744355663831994570232,0.023744355663831994570232,940.336992506546766530965509,joint,low,0.000999724328723948481656,0.000000275671276051518344,0.000120778843109017244888,0.001871058396449721627619,0.002235958784561007030129,0.002235958784561007030129,0.001871058396449721627619,0.002235958784561007030129,0.001480962606738248056306,0.000000010781160923330815,0.000083627323224802586768,0.000000540563419335004828,0.000000540563419335004828,0.000003320627009667321698,0.000202055931476459673407,0.000026564727642013058142,0.000003320662082364345370,0.000540402336978632338292,0.000000000000000633768094,0.000000000000000316880879,0.000000000000704186770998,0.000000000000352089864601,0.000100000000000000000000,0.000000100000000000000000,5.294061725087850000000000,1.000022325123250000000000,0.000373795997236745713841,0.001420858310231546092535,0.001357089015234858252459,0.001357089015234858252459,True,185,100,0.096994249932800000000000,35.402901225472000000000000,0.000006000000000000000000,0.000000045266752903002400,0.000873175890138079752713,0.540805406000000000000000,0.000000674217280216777886,True,0.000275671276051518344053,two-mode,False,0.387704651241367129356529,,,,
3,combined,0.000123750000000000000000,certified_conditional,0.000001769798650332236611,367,0.000510517433832741124694,flat,,0.000392134835139040498636,0.000392134835139040498637,154.706547050000000000000000,35,631158312,direct-fast,222,0.300000000000000000000000,0.034204304017740907138884,-0.265795695982259092861116,2966187782,2.966158120122180000000000,0.000000000137593000000000,2.696507381804170000000000,936.710788677518531287845792,1603.666878353722248322389689,245707.050290092441600000000000,0.000000849655724910516553,0.023615988911266775098164,0.023615988911266775098164,0.023615988911266775098164,936.710788677518531287845792,joint,low,0.000999603700470607337169,0.000000396299529392662831,0.000124146299529392662832,0.001881189343073971559187,0.002246235518237344822173,0.002246235518237344822173,0.001881189343073971559187,0.002246235518237344822173,0.001480896813469970975033,0.000000010837948279138565,0.000084081819042191814364,0.000000543501260744336374,0.000000543501260744336374,0.000010188197508799279823,0.000204924672582291029684,0.000026707830973340788968,0.000010188305117260995987,0.000543273746056814939477,0.000000000000000633768094,0.000000000000000316880879,0.000000000000704186770998,0.000000000000352089864601,0.000100000000000000000000,0.000000100000000000000000,5.293013132602030000000000,1.000022319123190000000000,0.000377053856398875991703,0.001412890749257222448453,0.001349428267970947341599,0.001349428267970947341599,True,184,100,0.096469956689920000000000,35.404474105200640000000000,0.000006000000000000000000,0.000000045022067752175360,0.000869808678402855161809,0.543759432560000000000000,0.000000678838834091200310,True,0.000396299529392662831326,two-mode,False,0.389212840545804136565560,,,,
3,combined,0.000128336857592184140604,certified_conditional,0.000001769798650332236611,367,0.000510517433832741124694,flat,,0.000392162518179037730332,0.000392162518179037730333,154.706547050000000000000000,35,631158312,direct-fast,222,0.300000000000000000000000,0.041379243581162590227427,-0.258620756418837409772573,2965611052,2.965581395889480000000000,0.000000000672083000000000,2.695983086561270000000000,931.619969173836365356933587,1594.951297493104192624985398,244371.685886341939200000000000,0.000000845038030753394181,0.023487641145444673059587,0.023487641145444673059587,0.023487641145444673059587,931.619969173836365356933587,joint,low,0.000999463092299364263984,0.000000536907700635736016,0.000128873765292819876621,0.001892689681994122533371,0.002257792110320399164455,0.002257792110320399164455,0.001892689681994122533371,0.002257792110320399164455,0.001488989145784014532274,0.000000010895356261785744,0.000084541282026984202917,0.000000546471209710054058,0.000000546471209710054058,0.000010241841318283234061,0.000207813575088208021290,0.000026761171091677845438,0.000010241949493334655045,0.000546165618448691185069,0.000000000000000633768094,0.000000000000000316880879,0.000000000000704186770998,0.000000000000352089864601,0.000100000000000000000000,0.000000100000000000000000,5.291964540116210000000000,1.000022313123130000000000,0.000380291236510631458439,0.001403511313950032847547,0.001340371525846748628752,0.001340371525846748628752,True,183,100,0.095945663447040000000000,35.212058485063680000000000,0.000006000000000000000000,0.000000044777382601348320,0.000865081457324578775060,0.546703463120000000000000,0.000000683613172225080942,True,0.000536907700635736016338,two-mode,False,0.390732812579182057893411,,,,
3,combined,0.000136170543351402554665,certified_conditional,0.000000182138566114362579,363,0.000517828635035429008602,flat,,0.000399501329357710819052,0.000399501329357710819053,154.706547050000000000000000,35,631158312,direct-fast,228,0.300000000000000000000000,0.143465382950553066674437,-0.156534617049446933325563,2965034321,2.965004670656790000000000,0.000000000206583000000000,2.695458791318370000000000,923.647419369754033099770215,1583.334235676267965975869747,240387.424245723955200000000000,0.000000831285332937616680,0.023359330737322542619880,0.023359330737322542619880,0.023359330737322542619880,923.647419369754033099770215,joint,low,0.000999893402020177876755,0.000000106597979822123245,0.000136277141331224677911,0.001911896061940882712345,0.002276875123985505798462,0.002276875123985505798462,0.001911896061940882712345,0.002276875123985505798462,0.001513668150334516998184,0.000000010953395101385089,0.000085005794055565518817,0.000000549473795477592815,0.000000549473795477592815,0.000001064834978382383281,0.000211047381585410592374,0.000026634417641518821951,0.000001064846225244637996,0.000549402967081428000288,0.000000000000000633768094,0.000000000000000316880879,0.000000000000704186770998,0.000000000000352089864601,0.000100000000000000000000,0.000000100000000000000000,5.290915947630390000000000,1.000022307123070000000000,0.000384098552437578047867,0.001391236891529122220867,0.001328450936617695683429,0.001328450936617695683429,True,182,100,0.095421370204160000000000,34.637957384110080000000000,0.000006000000000000000000,0.000000044532697450521280,0.000857678325971324800810,0.549707493080000000000000,0.000000688547998314541967,True,0.000106597979822123245810,two-mode,False,0.395364822214495802335204,,,,
3,combined,0.000138500000000000000000,certified_conditional,0.000000579176052951416591,365,0.000514153058474514881173,flat,,0.000395853472592559532460,0.000395853472592559532461,154.706547050000000000000000,35,631158312,direct-fast,225,0.300000000000000000000000,0.098007375860409768156969,-0.201992624139590231843031,2964457591,2.964427946424090000000000,0.000000000741073000000000,2.694934496075470000000000,920.005381857756566173539228,1576.077420062324584298748137,240383.785650618368000000000000,0.000000831260236773719276,0.023230964190019410903849,0.023230964190019410903849,0.023230964190019410903849,920.005381857756566173539228,joint,low,0.000998840699444691236083,0.000001159300555308763917,0.000139659300555308763918,0.001917172230111291872786,0.002282298885949680965616,0.002282298885949680965616,0.001917172230111291872786,0.002282298885949680965616,0.001513691062135778400091,0.000000011012075254129179,0.000085475438813744418318,0.000000552509558988419294,0.000000552509558988419294,0.000003391322030869556075,0.000213498375936717881567,0.000026779279650541640874,0.000003391357850252387123,0.000551856727325110645027,0.000000000000000633768094,0.000000000000000316880879,0.000000000000704186770998,0.000000000000352089864601,0.000100000000000000000000,0.000000100000000000000000,5.289867355144570000000000,1.000022301123010000000000,0.000386424331881536095680,0.001383362370787697403566,0.001320883776133782411216,0.001320883776133782411216,True,181,100,0.094897076961280000000000,34.637433090867200000000000,0.000006000000000000000000,0.000000044288012299694240,0.000854296411432391541843,0.552771522440000000000000,0.000000693651542824193778,True,0.001159300555308763917063,two-mode,False,0.395364822214495802335204,,,,
3,combined,0.000144004229110620968725,certified_conditional,0.000000579176052951416591,365,0.000514153058474514881173,flat,,0.000395881155680556764151,0.000395881155680556764152,154.706547050000000000000000,35,631158312,direct-fast,225,0.300000000000000000000000,0.105182327864556857278981,-0.194817672135443142721019,2963880860,2.963851221191400000000000,0.000000000275573000000000,2.694410200832570000000000,914.922479195559016084182657,1567.369810006731630794335164,239055.698437079040000000000000,0.000000826667638780494307,0.023102616321566264987253,0.023102616321566264987253,0.023102616321566264987253,914.922479195559016084182657,joint,low,0.000999624814193739325051,0.000000375185806260674949,0.000144379414916881643675,0.001929579280243503551909,0.002294764074320076813276,0.002294764074320076813276,0.001929579280243503551909,0.002294764074320076813276,0.001522100456925421613425,0.000000011071407408570425,0.000085950301847014194481,0.000000555579053204921622,0.000000555579053204921622,0.000003409486723817352408,0.000216996805232481328959,0.000026834407599925260933,0.000003409522735056953406,0.000555358226049972312192,0.000000000000000633768094,0.000000000000000316880879,0.000000000000704186770998,0.000000000000352089864601,0.000100000000000000000000,0.000000100000000000000000,5.288818762658750000000000,1.000022295122950000000000,0.000390586437611596091501,0.001373884080318208649540,0.001311728481630395564213,0.001311728481630395564213,True,180,100,0.094372783718400000000000,34.446066057216000000000000,0.000006000000000000000000,0.000000044043327148867200,0.000849576541755969489126,0.555805556000000000000000,0.000000698932608794863055,True,0.000375185806260674949691,two-mode,False,0.398514342710220420069862,,,,
3,combined,0.000151837914869839382786,certified_conditional,0.000001769798650332236611,367,0.000510517433832741124694,flat,,0.000392300933523023888797,0.000392300933523023888798,154.706547050000000000000000,35,631158312,direct-fast,222,0.300000000000000000000000,0.077253978720447223770547,-0.222746021279552776229453,2962727399,2.962697771726010000000000,0.000000000344563000000000,2.693361610346770000000000,906.165871655425535702372560,1551.373393190013914137963939,237694.863867589427200000000000,0.000000821949559967782318,0.022845902316334162866702,0.022845902316334162866702,0.022845902316334162866702,906.165871655425535702372560,joint,low,0.000999326820759883437221,0.000000673179240116562779,0.000152511094109955945566,0.001952448052060202977943,0.002317841227087912123529,0.002317841227087912123529,0.001952448052060202977943,0.002317841227087912123529,0.001530814683586936288798,0.000000011192071677714982,0.000086916034532652728024,0.000000561821507735111750,0.000000561821507735111750,0.000010519101457189064950,0.000223063397395326308721,0.000027036861607711445911,0.000010519212560681656917,0.000561430790728183144784,0.000000000000000633768094,0.000000000000000316880879,0.000000000000704186770998,0.000000000000352089864601,0.000100000000000000000000,0.000000100000000000000000,5.286721577687110000000000,1.000022283122830000000000,0.000397044906386143331281,0.001356504724051310935412,0.001294980322559466959406,0.001294980322559466959406,True,178,100,0.093324197232640000000000,34.249980384378880000000000,0.000006000000000000000000,0.000000043553956847213120,0.000841445351933196841315,0.562011618040000000000000,0.000000710065689676708131,True,0.000673179240116562779955,two-mode,False,0.401714457912703666201864,,,,
3,combined,0.000153250000000000000000,certified_conditional,0.000000579176052951416591,365,0.000514153058474514881173,flat,,0.000395936521808551227539,0.000395936521808551227540,154.706547050000000000000000,35,631158312,direct-fast,225,0.300000000000000000000000,0.119532219432125629489536,-0.180467780567874370510464,2962727399,2.962697771726010000000000,0.000000000344563000000000,2.693361610346770000000000,904.756673871163915905469517,1549.954589895545723785509218,236399.524010000384000000000000,0.000000817482442794044371,0.022845920584659973154061,0.022845920584659973154061,0.022845920584659973154061,904.756673871163915905469517,joint,low,0.000999430356359972596811,0.000000569643640027403189,0.000153819643640027403190,0.001953821302093303660900,0.002319124332365473521152,0.002319124332365473521152,0.001953821302093303660900,0.002319124332365473521152,0.001539202709250426350655,0.000000011192071677714982,0.000086916034532652728024,0.000000561821507735111750,0.000000561821507735111750,0.000003446428402733657309,0.000223121294819392337463,0.000026946521747511755612,0.000003446464804153880343,0.000561488957958981947425,0.000000000000000633768094,0.000000000000000316880879,0.000000000000704186770998,0.000000000000352089864601,0.000100000000000000000000,0.000000100000000000000000,5.286721577687110000000000,1.000022283122830000000000,0.000397147961739853176968,0.001355082926831736367155,0.001293573702701774797533,0.001293573702701774797533,True,178,100,0.093324197232640000000000,34.063331989913600000000000,0.000006000000000000000000,0.000000043553956847213120,0.000840136802403125383691,0.562011618040000000000000,0.000000710065689676708131,True,0.000569643640027403189156,two-mode,False,0.403333871049444179869470,,,,
3,combined,0.000159671600629057796846,certified_conditional,0.000000182138566114362579,363,0.000517828635035429008602,flat,,0.000399639744653696977522,0.000399639744653696977523,154.706547050000000000000000,35,631158312,direct-fast,228,0.300000000000000000000000,0.179340105649112294184088,-0.120659894350887705815912,2962150669,2.962121047493310000000000,0.000000000879053000000000,2.692837315103870000000000,898.272490266189361860765538,1539.836042388458406471038161,233783.374129083187200000000000,0.000000808447823790978859,0.022717590881901593646806,0.022717590881901593646806,0.022717590881901593646806,898.272490266189361860765538,joint,low,0.000999830644499240390307,0.000000169355500759609693,0.000159840956129817406539,0.001972585558420135941092,0.002337858613693806763398,0.002337858613693806763398,0.001972585558420135941092,0.002337858613693806763398,0.001556427137632102224122,0.000000011253426390839333,0.000087407085050774016266,0.000000564995637157242323,0.000000564995637157242323,0.000001093830071073151369,0.000226516260964530576387,0.000026913189083218771921,0.000001093841624183623109,0.000564887367972937007738,0.000000000000000633768094,0.000000000000000316880879,0.000000000000704186770998,0.000000000000352089864601,0.000100000000000000000000,0.000000100000000000000000,5.285672985201290000000000,1.000022277122770000000000,0.000400925763311766930344,0.001344201844473747993515,0.001283031095700031037350,0.001283031095700031037350,True,177,100,0.092799903989760000000000,33.686365148282880000000000,0.000006000000000000000000,0.000000043309271696386080,0.000834115734598486207382,0.565205650000000000000000,0.000000715938657698015111,True,0.000169355500759609693468,two-mode,False,0.406612195204309122172184,,,,
3,combined,0.000167505286388276210906,certified_conditional,0.000000579176052951416591,365,0.000514153058474514881173,flat,,0.000396019570976542922622,0.000396019570976542922623,154.706547050000000000000000,35,631158312,direct-fast,225,0.300000000000000000000000,0.141057050563116084788632,-0.158942949436883915211368,2960997208,2.960967598027920000000000,0.000000000948043000000000,2.691788724618070000000000,889.507965884571265637399806,1523.831759728766863272270298,232415.262369382400000000000000,0.000000803704648814369465,0.022460876979300535404274,0.022460876979300535404274,0.022460876979300535404274,889.507965884571265637399806,joint,low,0.000999525299663530168445,0.000000474700336469831555,0.000167979986724746042462,0.001991444214539787300445,0.002356929666379356564567,0.002356929666379356564567,0.001991444214539787300445,0.002356929666379356564567,0.001565589041409005088094,0.000000011378239407252298,0.000088406022104780751205,0.000000571452723295976518,0.000000571452723295976518,0.000003503424135918813443,0.000232791443203132793400,0.000027119497869409855848,0.000003503461139331996187,0.000571168737353960284601,0.000000000000000633768094,0.000000000000000316880879,0.000000000000704186770998,0.000000000000352089864601,0.000100000000000000000000,0.000000100000000000000000,5.283575800229650000000000,1.000022265122650000000000,0.000407376877986446469161,0.001326816624100609297838,0.001266277924301542888477,0.001266277924301542888477,True,175,100,0.091751317504000000000000,33.489230888960000000000000,0.000006000000000000000000,0.000000042819901394732000,0.000825977193373859225539,0.571665713500000000000000,0.000000728355818533351747,True,0.000474700336469831555328,two-mode,False,0.409944262378106276643796,,,,
3,combined,0.000168000000000000000000,certified_conditional,0.000000182138566114362579,363,0.000517828635035429008602,flat,,0.000399695110781691440910,0.000399695110781691440911,154.706547050000000000000000,35,631158312,direct-fast,228,0.300000000000000000000000,0.193689997216681066394642,-0.106310002783318933605358,2960997208,2.960967598027920000000000,0.000000000948043000000000,2.691788724618070000000000,888.122518624763493365163668,1522.436765073334582669105526,231141.754082426880000000000000,0.000000799312820132323731,0.022460894939733214057577,0.022460894939733214057577,0.022460894939733214057577,888.122518624763493365163668,joint,low,0.000998733517950745502010,0.000001266482049254497990,0.000169266482049254497991,0.001997219791823616653983,0.002362615148288441646493,0.002362615148288441646493,0.001997219791823616653983,0.002362615148288441646493,0.001574214876347897678111,0.000000011378239407252298,0.000088406022104780751205,0.000000571452723295976518,0.000000571452723295976518,0.000001105892029632510894,0.000232338717654355859469,0.000027029158010836263059,0.000001105903710142240916,0.000570716281611916124570,0.000000000000000633768094,0.000000000000000316880879,0.000000000000704186770998,0.000000000000352089864601,0.000100000000000000000000,0.000000100000000000000000,5.283575800229650000000000,1.000022265122650000000000,0.000406584624121322589618,0.001325463136152152877753,0.001264939366323410016395,0.001264939366323410016395,True,175,100,0.091751317504000000000000,33.305728253952000000000000,0.000006000000000000000000,0.000000042819901394732000,0.000824690698049350770010,0.571665713500000000000000,0.000000728355818533351747,True,0.001266482049254497990531,two-mode,False,0.409944262378106276643796,,,,
3,combined,0.000175338972147494624967,certified_conditional,0.000001769798650332236611,367,0.000510517433832741124694,flat,,0.000392439348867010047263,0.000392439348867010047264,154.706547050000000000000000,35,631158312,direct-fast,222,0.300000000000000000000000,0.113128713859731857313668,-0.186871286140268142686332,2959843746,2.959814147562540000000000,0.000000000017043000000000,2.690740134132270000000000,880.711774137014706047811533,1507.795488886923635650942480,231018.041848836915200000000000,0.000000798861089182170455,0.022204163487223652673817,0.022204163487223652673817,0.022204163487223652673817,880.711774137014706047811533,joint,low,0.000999190549220402610457,0.000000809450779597389543,0.000176148422927092014510,0.002015660663170565529137,0.002381361391096166572831,0.002381361391096166572831,0.002015660663170565529137,0.002381361391096166572831,0.001575057882534535603503,0.000000011505938273755736,0.000089428055969284751691,0.000000578059106224045608,0.000000578059106224045608,0.000010812388193719510342,0.000239194712321353167679,0.000027328488020470388717,0.000010812502394927329417,0.000577578342908223772691,0.000000000000000633768094,0.000000000000000316880879,0.000000000000704186770998,0.000000000000352089864601,0.000100000000000000000000,0.000000100000000000000000,5.281478615258010000000000,1.000022253122530000000000,0.000413798576261655204122,0.001309404806581765536818,0.001249498998908849274365,0.001249498998908849274365,True,173,100,0.090702731018240000000000,33.287902283694080000000000,0.000006000000000000000000,0.000000042330531093077920,0.000817809246541814907571,0.578275779400000000000000,0.000000741756560197016592,True,0.000809450779597389543572,two-mode,False,0.413331405042379417139731,,,,
3,combined,0.000182750000000000000000,certified_conditional,0.000000182138566114362579,363,0.000517828635035429008602,flat,,0.000399778159997683135988,0.000399778159997683135989,154.706547050000000000000000,35,631158312,direct-fast,228,0.300000000000000000000000,0.215214840788396927727209,-0.084785159211603072272791,2959267016,2.959237423329840000000000,0.000000000551533000000000,2.690215838889370000000000,872.897561162624690621760862,1496.337849100648846966206574,227179.324012442419200000000000,0.000000785610314644341038,0.022075851026480644673732,0.022075851026480644673732,0.022075851026480644673732,872.897561162624690621760862,joint,low,0.000999345229071589864833,0.000000654770928410135167,0.000183404770928410135168,0.002036557777741231970513,0.002402141918902144844882,0.002402141918902144844882,0.002036557777741231970513,0.002402141918902144844882,0.001601672112563267986451,0.000000011570901359913009,0.000089947985987564403102,0.000000581419911492685407,0.000000581419911492685407,0.000001124510924966871090,0.000242638757540136777079,0.000027208168195476538567,0.000001124522802130688752,0.000581026288474443221602,0.000000000000000633768094,0.000000000000000316880879,0.000000000000704186770998,0.000000000000352089864601,0.000100000000000000000000,0.000000100000000000000000,5.280430022772190000000000,1.000022247122470000000000,0.000417330316279242773796,0.001297113415567278016297,0.001237561079994615545466,0.001237561079994615545466,True,172,100,0.090178437775360000000000,32.734772912455680000000000,0.000006000000000000000000,0.000000042085845942250880,0.000810553143225647613953,0.581607814080000000000000,0.000000748863032363798577,True,0.000654770928410135167836,two-mode,False,0.416775000084390443310599,,,,
3,combined,0.000183172657906713039027,certified_conditional,0.000000182138566114362579,363,0.000517828635035429008602,flat,,0.000399778159997683135988,0.000399778159997683135989,154.706547050000000000000000,35,631158312,direct-fast,228,0.300000000000000000000000,0.215214840788396927727209,-0.084785159211603072272791,2959267016,2.959237423329840000000000,0.000000000551533000000000,2.690215838889370000000000,872.897561162624690621760862,1496.337849100648846966206574,227179.324012442419200000000000,0.000000785610314644341038,0.022075851026480644673732,0.022075851026480644673732,0.022075851026480644673732,872.897561162624690621760862,joint,low,0.000999767886978302903859,0.000000232113021697096141,0.000183404770928410135168,0.002036803513997020171510,0.002402387655157933045879,0.002402387655157933045879,0.002036803513997020171510,0.002402387655157933045879,0.001601672112563267986451,0.000000011570901359913009,0.000089947985987564403102,0.000000581419911492685407,0.000000581419911492685407,0.000001124510924966871090,0.000242884493795924978076,0.000027208168195476538567,0.000001124522802130688752,0.000581272024730231422598,0.000000000000000633768094,0.000000000000000316880879,0.000000000000704186770998,0.000000000000352089864601,0.000100000000000000000000,0.000000100000000000000000,5.280430022772190000000000,1.000022247122470000000000,0.000417752974185955812822,0.001297073394804003805149,0.001237521059654038998265,0.001237521059654038998265,True,172,100,0.090178437775360000000000,32.734772912455680000000000,0.000006000000000000000000,0.000000042085845942250880,0.000810553143225647613953,0.581607814080000000000000,0.000000748863032363798577,True,0.000232113021697096141125,two-mode,False,0.418518410126580126016352,,,,
3,combined,0.000191006343665931453088,certified_conditional,0.000000579176052951416591,365,0.000514153058474514881173,flat,,0.000396157986320529081087,0.000396157986320529081088,154.706547050000000000000000,35,631158312,direct-fast,225,0.300000000000000000000000,0.176931785702400718331753,-0.123068214297599281668247,2958113555,2.958083973864450000000000,0.000000000620523000000000,2.689167248403570000000000,864.093452573583515190616954,1480.293709450802095750205432,225774.826301685760000000000000,0.000000780741658848244624,0.021819137637034805821295,0.021819137637034805821295,0.021819137637034805821295,864.093452573583515190616954,joint,low,0.000999425785133321011840,0.000000574214866678988160,0.000191580558532610441249,0.002056948262618205387131,0.002422752058000629516485,0.002422752058000629516485,0.002056948262618205387131,0.002422752058000629516485,0.001611635777921034649509,0.000000011703120347033105,0.000091006196495357105384,0.000000588260138686505232,0.000000588260138686505232,0.000003602887278143889834,0.000249515177524999049866,0.000027421358183840877484,0.000003602925332093806191,0.000587909278734653431858,0.000000000000000633768094,0.000000000000000316880879,0.000000000000704186770998,0.000000000000352089864601,0.000100000000000000000000,0.000000100000000000000000,5.278332837800550000000000,1.000022235122350000000000,0.000424167318361296846820,0.001279655663773979560928,0.001220737074986889354636,0.001220737074986889354636,True,170,100,0.089129851289600000000000,32.532395720704000000000000,0.000006000000000000000000,0.000000041596475640596800,0.000802377844991748961952,0.588475881400000000000000,0.000000763973678390140072,True,0.000574214866678988160965,two-mode,False,0.422049367174052901116611,,,,
3,combined,0.000197500000000000000000,certified_conditional,0.000000182138566114362579,363,0.000517828635035429008602,flat,,0.000399861209213674831066,0.000399861209213674831067,154.706547050000000000000000,35,631158312,direct-fast,228,0.300000000000000000000000,0.236739684360112789059775,-0.063260315639887210940225,2957536824,2.957507248631760000000000,0.000000000155023000000000,2.688642953160670000000000,857.672603700485887878358057,1470.238933127963111263307622,223216.893942457958400000000000,0.000000771907809156358346,0.021690807113228075289888,0.021690807113228075289888,0.021690807113228075289888,857.672603700485887878358057,joint,low,0.000999956940192434227655,0.000000043059807565772345,0.000197543059807565772346,0.002077292378543496351536,0.002443072006826221057348,0.002443072006826221057348,0.002077292378543496351536,0.002443072006826221057348,0.001630104161898710613429,0.000000011770403381898952,0.000091544694150210196486,0.000000591740964359099936,0.000000591740964359099936,0.000001143790846171090229,0.000253304479315353703598,0.000027393533781765700713,0.000001143802926970797458,0.000591702331083568913794,0.000000000000000633768094,0.000000000000000316880879,0.000000000000704186770998,0.000000000000352089864601,0.000100000000000000000000,0.000000100000000000000000,5.277284245314730000000000,1.000022229122290000000000,0.000428076008437162957974,0.001268729896571025042544,0.001210150153392384849419,0.001210150153392384849419,True,169,100,0.088605558046720000000000,32.163817570959360000000000,0.000006000000000000000000,0.000000041351790489769760,0.000796415588401944457895,0.592005918000000000000000,0.000000772016464922809514,True,0.000043059807565772345141,two-mode,False,0.425640425618078404303684,,,,
3,combined,0.000198840029425149867148,certified_conditional,0.000001769798650332236611,367,0.000510517433832741124694,flat,,0.000392577764162996205733,0.000392577764162996205734,154.706547050000000000000000,35,631158312,direct-fast,222,0.300000000000000000000000,0.149003436558291084823318,-0.150996563441708915176682,2956960094,2.956930524399060000000000,0.000000000689513000000000,2.688118657917770000000000,855.257676618603876393250506,1464.217584583833357163921021,224341.219830084403200000000000,0.000000775772618396558592,0.021562424658113142480932,0.021562424658113142480932,0.021562424658113142480932,855.257676618603876393250506,joint,low,0.000999054277680921783693,0.000000945722319078216307,0.000199785751744228083455,0.002082635929704163946475,0.002448662517277371573990,0.002448662517277371573990,0.002082635929704163946475,0.002448662517277371573990,0.001621934605229015829798,0.000000011838487405275107,0.000092089602491430586291,0.000000595263228432558863,0.000000595263228432558863,0.000011123132474091053674,0.000256286224564405434908,0.000027637473177876579421,0.000011123249957401910995,0.000594687058908504914163,0.000000000000000633768094,0.000000000000000316880879,0.000000000000704186770998,0.000000000000352089864601,0.000100000000000000000000,0.000000100000000000000000,5.276235652828910000000000,1.000022223122230000000000,0.000430552246137167076963,0.001262211283324323179492,0.001203927286238768275239,0.001203927286238768275239,True,168,100,0.088081264803840000000000,32.325824183009280000000000,0.000006000000000000000000,0.000000041107105338942720,0.000794173141150432973826,0.595479951360000000000000,0.000000780412797822816817,True,0.000945722319078216307189,two-mode,False,0.425640425618078404303684,,,,
3,combined,0.000200000000000000000000,certified_conditional,0.000000579176052951416591,365,0.000514153058474514881173,flat,,0.000396213352448523544475,0.000396213352448523544476,154.706547050000000000000000,35,631158312,direct-fast,225,0.300000000000000000000000,0.191281677269969490542307,-0.108718322730030509457693,2956960094,2.956930524399060000000000,0.000000000689513000000000,2.688118657917770000000000,853.927647249188415011903814,1462.878489339616188741379486,223118.651874607104000000000000,0.000000771556462861794687,0.021562441900128513988103,0.021562441900128513988103,0.021562441900128513988103,853.927647249188415011903814,joint,low,0.000998979212744243799238,0.000001020787255756200762,0.000201020787255756200763,0.002083999488179209087559,0.002449935926712732821750,0.002449935926712732821750,0.002083999488179209087559,0.002449935926712732821750,0.001630821918134380300098,0.000000011838487405275107,0.000092089602491430586291,0.000000595263228432558863,0.000000595263228432558863,0.000003644330254071004996,0.000256241272354106154371,0.000027547133323097214156,0.000003644368745744560359,0.000594642376504938407525,0.000000000000000633768094,0.000000000000000316880879,0.000000000000704186770998,0.000000000000352089864601,0.000100000000000000000000,0.000000100000000000000000,5.276235652828910000000000,1.000022223122230000000000,0.000430476727934243447924,0.001260803582712913192672,0.001202533939462923993943,0.001202533939462923993943,True,168,100,0.088081264803840000000000,32.149661653401600000000000,0.000006000000000000000000,0.000000041107105338942720,0.000792938105638904856518,0.595479951360000000000000,0.000000780412797822816817,True,0.001020787255756200762799,two-mode,False,0.427458974445501575789445,,,,
3,combined,0.000206673715184368281208,certified_conditional,0.000000182138566114362579,363,0.000517828635035429008602,flat,,0.000399916575341669294454,0.000399916575341669294455,154.706547050000000000000000,35,631158312,direct-fast,228,0.300000000000000000000000,0.251089575927681561270329,-0.048910424072318438729671,2956383363,2.956353799166370000000000,0.000000000224013000000000,2.687594362674870000000000,847.522632059060019382756186,1452.839655812839287461374988,220575.273895801651200000000000,0.000000762772805497703217,0.021434111171059695700659,0.021434111171059695700659,0.021434111171059695700659,847.522632059060019382756186,joint,low,0.000999705129457365417412,0.000000294870542634582588,0.000206968585727002863797,0.002104866856135394475606,0.002470780711110443806164,0.002470780711110443806164,0.002104866856135394475606,0.002470780711110443806164,0.001649626367430431698620,0.000000011907386806176726,0.000092641036681048825077,0.000000598827675309292747,0.000000598827675309292747,0.000001157028955740454268,0.000260232860329798086452,0.000027520810757084740152,0.000001157041176362009824,0.000598637798658621311402,0.000000000000000633768094,0.000000000000000316880879,0.000000000000704186770998,0.000000000000352089864601,0.000100000000000000000000,0.000000100000000000000000,5.275187060343090000000000,1.000022217122170000000000,0.000434580185060144695300,0.001249851264023757298953,0.001191920559547264451900,0.001191920559547264451900,True,167,100,0.087556971560960000000000,31.783180676628480000000000,0.000006000000000000000000,0.000000040862420188115680,0.000786990551852809020524,0.599019987960000000000000,0.000000789186512868524921,True,0.000294870542634582588783,two-mode,False,0.429293133134104345313710,,,,
3,combined,0.000212250000000000000000,certified_conditional,0.000001769798650332236611,367,0.000510517433832741124694,flat,,0.000392660813378987900812,0.000392660813378987900813,154.706547050000000000000000,35,631158312,direct-fast,222,0.300000000000000000000000,0.170528280130006946155885,-0.129471719869993053844115,2955229902,2.955200349700980000000000,0.000000000293003000000000,2.686545772189070000000000,839.985218107557378600513890,1438.070842001979190071708145,220335.126618832896000000000000,0.000000761919535925191474,0.021177381360646836365202,0.021177381360646836365202,0.021177381360646836365202,839.985218107557378600513890,joint,low,0.000998281850965490275179,0.000001718149034509724821,0.000213968149034509724822,0.002124350868526417386317,0.002490582451456041223201,0.002490582451456041223201,0.002124350868526417386317,0.002490582451456041223201,0.001651424325324088844885,0.000000012047691040740021,0.000093763957212635056785,0.000000606086185312823565,0.000000606086185312823565,0.000011318618875924788207,0.000266619747051151660319,0.000027831852945912177846,0.000011318738423976829588,0.000605031404122526031371,0.000000000000000633768094,0.000000000000000316880879,0.000000000000704186770998,0.000000000000352089864601,0.000100000000000000000000,0.000000100000000000000000,5.273089875371450000000000,1.000022205122050000000000,0.000439913784270731188212,0.001233915611260724391081,0.001176606247876334470710,0.001176606247876334470710,True,165,100,0.086508385075200000000000,31.748577322598400000000000,0.000006000000000000000000,0.000000040373049886461600,0.000779991477915603813579,0.606316059000000000000000,0.000000807972649934642984,True,0.001718149034509724821569,two-mode,False,0.433009090996728138116118,,,,
3,combined,0.000214507400943586695269,certified_conditional,0.000000579176052951416591,365,0.000514153058474514881173,flat,,0.000396296401664515239553,0.000396296401664515239554,154.706547050000000000000000,35,631158312,direct-fast,225,0.300000000000000000000000,0.212806520841685351874873,-0.087193479158314648125127,2955229902,2.955200349700980000000000,0.000000000293003000000000,2.686545772189070000000000,838.678939262595764743834103,1436.755659172837328228140567,219134.390233989120000000000000,0.000000757778668882119782,0.021177398294769076238315,0.021177398294769076238315,0.021177398294769076238315,838.678939262595764743834103,joint,low,0.000999326270603111855234,0.000000673729396888144766,0.000215181130340474840035,0.002126422253004406388160,0.002492563685507713232723,0.002492563685507713232723,0.002126422253004406388160,0.002492563685507713232723,0.001660473225736823578282,0.000000012047691040740021,0.000093763957212635056785,0.000000606086185312823565,0.000000606086185312823565,0.000003708378489594728430,0.000267252471502735988543,0.000027741513092758910091,0.000003708417657750271346,0.000605664398380843133494,0.000000000000000633768094,0.000000000000000316880879,0.000000000000704186770998,0.000000000000352089864601,0.000100000000000000000000,0.000000100000000000000000,5.273089875371450000000000,1.000022205122050000000000,0.000440957758736147224480,0.001232400920428680764248,0.001175105664358109223098,0.001175105664358109223098,True,165,100,0.086508385075200000000000,31.575560552448000000000000,0.000006000000000000000000,0.000000040373049886461600,0.000778778496609638698366,0.606316059000000000000000,0.000000807972649934642984,True,0.000673729396888144766602,two-mode,False,0.434891304435839754905164,,,,
3,combined,0.000222341086702805109329,certified_conditional,0.000001769798650332236611,367,0.000510517433832741124694,flat,,0.000392716179506982364199,0.000392716179506982364200,154.706547050000000000000000,35,631158312,direct-fast,222,0.300000000000000000000000,0.184878171697575718366439,-0.115121828302424281633561,2954076441,2.954046900235590000000000,0.000000000361993000000000,2.685497181703270000000000,829.803579100193046738689479,1420.639680280743078676899562,217664.397811331891200000000000,0.000000752684147610946729,0.020920685829002632288048,0.020920685829002632288048,0.020920685829002632288048,829.803579100193046738689479,joint,low,0.000998918006141440956930,0.000001081993858559043070,0.000223423080561364152400,0.002153720108295038340336,0.002520092546935786380244,0.002520092546935786380244,0.002153720108295038340336,0.002520092546935786380244,0.001671687200481439628258,0.000000012191438324004256,0.000094914434076284754302,0.000000613522818261226306,0.000000613522818261226306,0.000011452940820743059787,0.000274426295840773792152,0.000027965414510419028566,0.000011453061787512969970,0.000612845389387330910941,0.000000000000000633768094,0.000000000000000316880879,0.000000000000704186770998,0.000000000000352089864601,0.000100000000000000000000,0.000000100000000000000000,5.270992690399810000000000,1.000022193121930000000000,0.000447305916012678949805,0.001214923874954960145523,0.001158264914824186828614,0.001158264914824186828614,True,163,100,0.085459798589440000000000,31.363746082324480000000000,0.000006000000000000000000,0.000000039883679584807520,0.000770537035759051040081,0.613774132420000000000000,0.000000828614309885802461,True,0.001081993858559043070805,two-mode,False,0.438705263246671188925073,,,,
3,combined,0.000227000000000000000000,certified_conditional,0.000001769798650332236611,367,0.000510517433832741124694,flat,,0.000392743862546979595895,0.000392743862546979595896,154.706547050000000000000000,35,631158312,direct-fast,222,0.300000000000000000000000,0.192053111260997401454981,-0.107946888739002598545019,2953499711,2.953470176002890000000000,0.000000000896483000000000,2.684972886460370000000000,824.712759596510880807777274,1411.924099420125022979495270,216329.033407581388800000000000,0.000000748066453453824357,0.020792338063180530249471,0.020792338063180530249471,0.020792338063180530249471,824.712759596510880807777274,joint,low,0.000998849453675208633812,0.000001150546324791366188,0.000228150546324791366189,0.002168438000284066866345,0.002534882171001766360837,0.002534882171001766360837,0.002168438000284066866345,0.002534882171001766360837,0.001682006257274534934605,0.000000012264642958999931,0.000095500325071661915075,0.000000617309992447912886,0.000000617309992447912886,0.000011521345514863475870,0.000278163187794201066122,0.000028033431975667201884,0.000011521467204128597017,0.000616586068434601250888,0.000000000000000633768094,0.000000000000000316880879,0.000000000000704186770998,0.000000000000352089864601,0.000100000000000000000000,0.000000100000000000000000,5.269944097913990000000000,1.000022187121870000000000,0.000450615351829445166608,0.001205459020642607417101,0.001149125455872896675504,0.001149125455872896675504,True,162,100,0.084935505346560000000000,31.171330462187520000000000,0.000006000000000000000000,0.000000039638994433980480,0.000765809814680774653332,0.617552170640000000000000,0.000000839719044522953169,True,0.001150546324791366188450,two-mode,False,0.442586725753269550980732,,,,
3,combined,0.000230174772462023523390,certified_conditional,0.000000182138566114362579,363,0.000517828635035429008602,flat,,0.000400054990637655452924,0.000400054990637655452925,154.706547050000000000000000,35,631158312,direct-fast,228,0.300000000000000000000000,0.286964298626240788779980,-0.013035701373759211220020,2953499711,2.953470176002890000000000,0.000000000896483000000000,2.684972886460370000000000,822.147702955495348143751510,1409.341462525029727956543401,213971.223779160883200000000000,0.000000739935296351065396,0.020792371315638746727585,0.020792371315638746727585,0.020792371315638746727585,822.147702955495348143751510,joint,low,0.000999642371936427930964,0.000000357628063572069036,0.000230532400525595592426,0.002177131639146507934275,0.002543395560670633903310,0.002543395560670633903310,0.002177131639146507934275,0.002543395560670633903310,0.001700540761486926504133,0.000000012264642958999931,0.000095500325071661915075,0.000000617309992447912886,0.000000617309992447912886,0.000001191554272364258629,0.000278652113686749781766,0.000027852752272612861394,0.000001191566857644647010,0.000617075533940615514330,0.000000000000000633768094,0.000000000000000316880879,0.000000000000704186770998,0.000000000000352089864601,0.000100000000000000000000,0.000000100000000000000000,5.269944097913990000000000,1.000022187121870000000000,0.000451407395934333577778,0.001202535172528595095418,0.001146229325377030109374,0.001146229325377030109374,True,162,100,0.084935505346560000000000,30.831588440801280000000000,0.000006000000000000000000,0.000000039638994433980480,0.000763427960479970427095,0.617552170640000000000000,0.000000839719044522953169,True,0.000357628063572069036441,two-mode,False,0.442586725753269550980732,,,,
3,combined,0.000238008458221241937450,certified_conditional,0.000000579176052951416591,365,0.000514153058474514881173,flat,,0.000396434816960501398023,0.000396434816960501398024,154.706547050000000000000000,35,631158312,direct-fast,225,0.300000000000000000000000,0.248681243540244579384524,-0.051318756459755420615476,2952346250,2.952316726537500000000000,0.000000000965473000000000,2.683924295974570000000000,813.264425951608014297051251,1393.217608894872560706075701,212493.954166292480000000000000,0.000000734815678915994940,0.020535658952503346655336,0.020535658952503346655336,0.020535658952503346655336,813.264425951608014297051251,joint,low,0.000999226756072902698628,0.000000773243927097301372,0.000238781702148339238822,0.002200238367789744951755,0.002566738539764902472437,0.002566738539764902472437,0.002200238367789744951755,0.002566738539764902472437,0.001712363014041099315103,0.000000012413797402803619,0.000096694077974742880149,0.000000625026359853286794,0.000000625026359853286794,0.000003820462901761244438,0.000286098346354081485887,0.000028081677714397110945,0.000003820503253760265573,0.000624529213004919691482,0.000000000000000633768094,0.000000000000000316880879,0.000000000000704186770998,0.000000000000352089864601,0.000100000000000000000000,0.000000100000000000000000,5.267846912942350000000000,1.000022175121750000000000,0.000457748199110997602139,0.001185052114044705780356,0.001129383422014652510641,0.001129383422014652510641,True,160,100,0.083886918860800000000000,30.618725384192000000000000,0.000006000000000000000000,0.000000039149624132326400,0.000755179148227528434779,0.625216250000000000000000,0.000000863705376767455877,True,0.000773243927097301372240,two-mode,False,0.448539461974151343909141,,,,
3,combined,0.000241750000000000000000,certified_conditional,0.000001769798650332236611,367,0.000510517433832741124694,flat,,0.000392826911762971290973,0.000392826911762971290974,154.706547050000000000000000,35,631158312,direct-fast,222,0.300000000000000000000000,0.213577954832713262787547,-0.086422045167286737212453,2951769519,2.951740001304810000000000,0.000000000499973000000000,2.683400000731670000000000,809.440301085464383015040657,1385.777356838270855887282395,212322.940196329881600000000000,0.000000734213370982457239,0.020407294765714224133740,0.020407294765714224133740,0.020407294765714224133740,809.440301085464383015040657,joint,low,0.000999417056384926992445,0.000000582943615073007555,0.000242332943615073007556,0.002214188797391061609770,0.002580853578088778820389,0.002580853578088778820389,0.002214188797391061609770,0.002580853578088778820389,0.001713742224392922386202,0.000000012489781742099838,0.000097302216246123749149,0.000000628957339474892370,0.000000628957339474892370,0.000011731722215648906464,0.000290142230074724034408,0.000028242617772521996381,0.000011731846126927600953,0.000628576757815056667369,0.000000000000000633768094,0.000000000000000316880879,0.000000000000704186770998,0.000000000000352089864601,0.000100000000000000000000,0.000000100000000000000000,5.266798320456530000000000,1.000022169121690000000000,0.000461316919388159145004,0.001176968436658564526820,0.001121611836160777709428,0.001121611836160777709428,True,159,100,0.083362625617920000000000,30.594083601776640000000000,0.000006000000000000000000,0.000000038904938981499360,0.000751628151445945493085,0.629206290000000000000000,0.000000876684342664863069,True,0.000582943615073007555330,two-mode,False,0.450559459550606727095058,,,,
3,combined,0.000245842143980460351510,certified_conditional,0.000001769798650332236611,367,0.000510517433832741124694,flat,,0.000392854594850968522664,0.000392854594850968522665,154.706547050000000000000000,35,631158312,direct-fast,222,0.300000000000000000000000,0.220752906836860351909559,-0.079247093163139648090441,2951192788,2.951163276072120000000000,0.000000000034473000000000,2.682875705488770000000000,804.349481581782217084128452,1377.061775977652800189878103,210987.575792579379200000000000,0.000000729595676825334867,0.020278946999892122095163,0.020278946999892122095163,0.020278946999892122095163,804.349481581782217084128452,joint,low,0.000998781734601960130166,0.000001218265398039869834,0.000247060409378500221345,0.002229303285530904784441,0.002596043464578741036379,0.002596043464578741036379,0.002229303285530904784441,0.002596043464578741036379,0.001724588694167561135481,0.000000012566727908475755,0.000097918052470306907631,0.000000632938078332214472,0.000000632938078332214472,0.000011803623113385699199,0.000293714472894127488462,0.000028314111654977760687,0.000011803747784086754197,0.000632152981288867413844,0.000000000000000633768094,0.000000000000000316880879,0.000000000000704186770998,0.000000000000352089864601,0.000100000000000000000000,0.000000100000000000000000,5.265749727970710000000000,1.000022163121630000000000,0.000464059585888190822646,0.001167542301037191671523,0.001112511613865836545184,0.001112511613865836545184,True,158,100,0.082838332375040000000000,30.401667981639680000000000,0.000006000000000000000000,0.000000038660253830672320,0.000746900930367669106336,0.633192326240000000000000,0.000000890394563741252182,True,0.001218265398039869834422,two-mode,False,0.452597737648116005151436,,,,
3,combined,0.000253675829739678765571,certified_conditional,0.000000122780178385443411,363,0.000517828635035429008602,flat,,0.000400193405981641611390,0.000400193405981641611391,154.706547050000000000000000,35,631158312,direct-fast,229,0.300000000000000000000000,0.022839033765525422323100,-0.277160966234474577676900,2950616058,2.950586551839420000000000,0.000000000568963000000000,2.682351410245870000000000,796.772773851930676904746834,1365.843269237220168451711815,207367.173662520115200000000000,0.000000717097787204427576,0.020150631460217797754512,0.020150631460217797754512,0.020150631460217797754512,796.772773851930676904746834,joint,low,0.000999579614415490444516,0.000000420385584509555484,0.000254096215324188321055,0.002253601168149711673215,0.002620237449281842181242,0.002620237449281842181242,0.002253601168149711673215,0.002620237449281842181242,0.001754698110578866838659,0.000000012644654280792767,0.000098541733741931889787,0.000000636969527238674435,0.000000636969527238674435,0.000000830172224741422605,0.000298244567894462731558,0.000028205836591161531559,0.000000830180993079098308,0.000636687647266048838464,0.000000000000000633768094,0.000000000000000316880879,0.000000000000704186770998,0.000000000000352089864601,0.000100000000000000000000,0.000000100000000000000000,5.264701135484890000000000,1.000022157121570000000000,0.000468234606808522460256,0.001155124839600304268481,0.001100447086065107491832,0.001100447086065107491832,True,157,100,0.082314039132160000000000,29.879996204974080000000000,0.000006000000000000000000,0.000000038415568679845280,0.000739865369107131833666,0.637206370000000000000000,0.000000904899631504723686,True,0.000420385584509555484099,two-mode,False,0.456730137078682760662996,,,,
3,combined,0.000256500000000000000000,certified_conditional,0.000001769798650332236611,367,0.000510517433832741124694,flat,,0.000392909960978962986052,0.000392909960978962986053,154.706547050000000000000000,35,631158312,direct-fast,222,0.300000000000000000000000,0.235102798404429124120114,-0.064897201595570875879886,2950039327,2.950009826606730000000000,0.000000000103463000000000,2.681827115002970000000000,794.167842574417885222304041,1359.630614256416688795069519,208316.846985078374400000000000,0.000000720360288511090121,0.020022251468247918018009,0.020022251468247918018009,0.020022251468247918018009,794.167842574417885222304041,joint,low,0.000999984659094645351078,0.000000015340905354648922,0.000256515340905354648923,0.002261699240540633074096,0.002628593116229075947352,0.002628593116229075947352,0.002261699240540633074096,0.002628593116229075947352,0.001746698805631247816706,0.000000012723579709165126,0.000099173410927295653765,0.000000641052661387524911,0.000000641052661387524911,0.000011950190328003007465,0.000302582004750651732243,0.000028459849188424625017,0.000011950316546757335810,0.000641028627556298830637,0.000000000000000633768094,0.000000000000000316880879,0.000000000000704186770998,0.000000000000352089864601,0.000100000000000000000000,0.000000100000000000000000,5.263652542999070000000000,1.000022151121510000000000,0.000472018486946873123401,0.001148443798361052150802,0.001094065329882369605949,0.001094065329882369605949,True,156,100,0.081789745889280000000000,30.016836741365760000000000,0.000006000000000000000000,0.000000038170883529018240,0.000737446488211116332838,0.641256409600000000000000,0.000000920270730983621435,True,0.000015340905354648922211,two-mode,False,0.458824770735002148204406,,,,
3,combined,0.000261509515498897179631,certified_conditional,0.000000579176052951416591,365,0.000514153058474514881173,flat,,0.000396573232304487556489,0.000396573232304487556490,154.706547050000000000000000,35,631158312,direct-fast,225,0.300000000000000000000000,0.284555978679529212927644,-0.015444021320470787072356,2949462597,2.949433102374030000000000,0.000000000637953000000000,2.681302819760070000000000,787.849912640620263850268399,1349.679558616907793184010836,205853.518098595840000000000000,0.000000711852688949870098,0.019893919610237617072357,0.019893919610237617072357,0.019893919610237617072357,787.849912640620263850268399,joint,low,0.000999127241542693542023,0.000000872758457306457977,0.000262382273956203637609,0.002278816812561234390419,0.002645698868522207447574,0.002645698868522207447574,0.002278816812561234390419,0.002645698868522207447574,0.001767600530623070260752,0.000000012803523530161643,0.000099813238786018950182,0.000000645188481138296038,0.000000645188481138296038,0.000003939778566325600189,0.000306160084099062176608,0.000028443788472567109233,0.000003939820178545098138,0.000644611112443452801598,0.000000000000000633768094,0.000000000000000316880879,0.000000000000704186770998,0.000000000000352089864601,0.000100000000000000000000,0.000000100000000000000000,5.262603950513250000000000,1.000022145121450000000000,0.000474538639485847979799,0.001137608963486147907704,0.001083570076478403878413,0.001083570076478403878413,True,155,100,0.081265452646400000000000,29.661890215936000000000000,0.000006000000000000000000,0.000000037926198378191200,0.000731579799845418171192,0.645406452000000000000000,0.000000936587809040401632,True,0.000872758457306457977877,two-mode,False,0.463072222315872017385599,,,,
3,combined,0.000269343201258115593692,certified_conditional,0.000001769798650332236611,367,0.000510517433832741124694,flat,,0.000392993010146954681135,0.000392993010146954681136,154.706547050000000000000000,35,631158312,direct-fast,222,0.300000000000000000000000,0.256627629535419579419210,-0.043372370464580420580790,2948309136,2.948279652908640000000000,0.000000000706943000000000,2.680254229274270000000000,778.895384063371387429567425,1333.483871674562521702856644,204310.753773826867200000000000,0.000000706507206039723004,0.019637208170781611902278,0.019637208170781611902278,0.019637208170781611902278,778.895384063371387429567425,joint,low,0.000998645463062479303402,0.000001354536937520696598,0.000270697738195636290290,0.002309826539710291911167,0.002676958494518445331600,0.002676958494518445331600,0.002309826539710291911167,0.002676958494518445331600,0.001780947801820095813112,0.000000012966546223958464,0.000101117985792042927189,0.000000653622309649672454,0.000000653622309649672454,0.000012177225817312171251,0.000314263315114367047275,0.000028685599495083783919,0.000012177354434031373994,0.000652722507301615452884,0.000000000000000633768094,0.000000000000000316880879,0.000000000000704186770998,0.000000000000352089864601,0.000100000000000000000000,0.000000100000000000000000,5.260506765541610000000000,1.000022133121330000000000,0.000480813255763702695488,0.001120066280016528194268,0.001066667111484864536827,0.001066667111484864536827,True,153,100,0.080216866160640000000000,29.439589880954880000000000,0.000006000000000000000000,0.000000037436828076537120,0.000723264824976287172591,0.653808536080000000000000,0.000000972432116334240185,True,0.001354536937520696598039,two-mode,False,0.467399065515075902813169,,,,
3,combined,0.000271250000000000000000,certified_conditional,0.000000579176052951416591,365,0.000514153058474514881173,flat,,0.000396628598432482019876,0.000396628598432482019877,154.706547050000000000000000,35,631158312,direct-fast,225,0.300000000000000000000000,0.298905870247097985138198,-0.001094129752902014861802,2948309136,2.948279652908640000000000,0.000000000706943000000000,2.680254229274270000000000,777.684107316225163671555259,1332.264338505721886175184889,203197.343671517184000000000000,0.000000702667492963420161,0.019637223873331325239165,0.019637223873331325239165,0.019637223873331325239165,777.684107316225163671555259,joint,low,0.000999427497320650602877,0.000000572502679349397123,0.000271822502679349397124,0.002311908494290053853200,0.002678950292580942514149,0.002678950292580942514149,0.002311908494290053853200,0.002678950292580942514149,0.001790706419912260721677,0.000000012966546223958464,0.000101117985792042927189,0.000000653622309649672454,0.000000653622309649672454,0.000003989688386796964686,0.000314774189032479287308,0.000028595259648434906205,0.000003989730526167511759,0.000653233651026460466816,0.000000000000000633768094,0.000000000000000316880879,0.000000000000704186770998,0.000000000000352089864601,0.000100000000000000000000,0.000000100000000000000000,5.260506765541610000000000,1.000022133121330000000000,0.000481594877225828854360,0.001118572901897060060209,0.001065186846885198929939,0.001065186846885198929939,True,153,100,0.080216866160640000000000,29.279156148633600000000000,0.000006000000000000000000,0.000000037436828076537120,0.000722140060492574065757,0.653808536080000000000000,0.000000972432116334240185,True,0.000572502679349397123263,two-mode,False,0.469592957841432802466585,,,,
3,combined,0.000277176887017334007752,certified_conditional,0.000000122780178385443411,363,0.000517828635035429008602,flat,,0.000400331821325627769855,0.000400331821325627769856,154.706547050000000000000000,35,631158312,direct-fast,229,0.300000000000000000000000,0.058713768904810055866221,-0.241286231095189944133779,2947732405,2.947702927675950000000000,0.000000000241443000000000,2.679729934031370000000000,771.397844748366005665742157,1322.345075949410608946880228,200763.123545879347200000000000,0.000000694260278057789755,0.019508891604796848781438,0.019508891604796848781438,0.019508891604796848781438,771.397844748366005665742157,joint,low,0.000999516856894552958069,0.000000483143105447041931,0.000277660030122781049684,0.002335513198758255516915,0.002702546341220854073633,0.002702546341220854073633,0.002335513198758255516915,0.002702546341220854073633,0.001812418443163697984668,0.000000013049666347440395,0.000101783235087877520729,0.000000657922452476196613,0.000000657922452476196613,0.000000856626581746416671,0.000319125999352683112257,0.000028582150173555146921,0.000000856635629496879625,0.000657590031204997512869,0.000000000000000633768094,0.000000000000000316880879,0.000000000000704186770998,0.000000000000352089864601,0.000100000000000000000000,0.000000100000000000000000,5.259458173055790000000000,1.000022127121270000000000,0.000485061817682711342734,0.001107619983401320814377,0.001054573569452356041268,0.001054573569452356041268,True,152,100,0.079692572917760000000000,28.928403969146880000000000,0.000006000000000000000000,0.000000037192142925710080,0.000716302777734293240237,0.658160576560000000000000,0.000000992176999355877181,True,0.000483143105447041931756,two-mode,False,0.471807547265208163437486,,,,
3,combined,0.000280244500000000000000,certified_conditional,0.000000395595585251765691,365,0.000514153058474514881173,flat,,0.000396683964560476483263,0.000396683964560476483264,154.706547050000000000000000,35,631158312,direct-fast,226,0.300000000000000000000000,0.013255761814666757348753,-0.286744238185333242651247,2947155675,2.947126203443250000000000,0.000000000775933000000000,2.679205638788470000000000,767.518301991830063492842118,1314.849118394535979166358943,200541.169244438528000000000000,0.000000693482296976970225,0.019380528136425033405974,0.019380528136425033405974,0.019380528136425033405974,767.518301991830063492842118,joint,low,0.000998981768597504843363,0.000001018231402495156637,0.000281262731402495156638,0.002344104101413030922846,0.002711309860118929711215,0.002711309860118929711215,0.002344104101413030922846,0.002711309860118929711215,0.001814424385738913181566,0.000000013133887399710167,0.000102457295632663565839,0.000000662279550836846920,0.000000662279550836846920,0.000002762284226994225376,0.000323122442824435897088,0.000028750743311023488891,0.000002762313402435340740,0.000661590561875943804743,0.000000000000000633768094,0.000000000000000316880879,0.000000000000704186770998,0.000000000000352089864601,0.000100000000000000000000,0.000000100000000000000000,5.258409580569970000000000,1.000022121121210000000000,0.000487905130464706908551,0.001099592588007219153427,0.001046859884972694151039,0.001046859884972694151039,True,151,100,0.079168279674880000000000,28.896422081331200000000000,0.000006000000000000000000,0.000000036947457774883040,0.000712700321139729960323,0.662494621220000000000000,0.000001013307596387611681,True,0.001018231402495156637992,two-mode,False,0.474043128057929262427068,,,,
3,combined,0.000285010572776552421812,certified_conditional,0.000000395595585251765691,365,0.000514153058474514881173,flat,,0.000396711647648473714955,0.000396711647648473714956,154.706547050000000000000000,35,631158312,direct-fast,226,0.300000000000000000000000,0.020430713818813846470765,-0.279569286181186153529235,2946578944,2.946549478210560000000000,0.000000000310433000000000,2.678681343545570000000000,762.435399329632513403485548,1306.141508338943025661945970,199213.082030899200000000000000,0.000000688889698983745256,0.019252180267971887489378,0.019252180267971887489378,0.019252180267971887489378,762.435399329632513403485548,joint,low,0.000999027727012484385417,0.000000972272987515614583,0.000285982845764068036396,0.002361346916657966930174,0.002728636301977749519778,0.002728636301977749519778,0.002361346916657966930174,0.002728636301977749519778,0.001826520548310505936110,0.000000013219231399343536,0.000103140343651380091551,0.000000666694743842305898,0.000000666694743842305898,0.000002780144949004718169,0.000327559271027041580044,0.000028830039980922084698,0.000002780174313092040973,0.000666031805177888119055,0.000000000000000633768094,0.000000000000000316880879,0.000000000000704186770998,0.000000000000352089864601,0.000100000000000000000000,0.000000100000000000000000,5.257360988084150000000000,1.000022115121150000000000,0.000491329079860698357459,0.001090071186495636653578,0.001037665355188309561025,0.001037665355188309561025,True,150,100,0.078643986432000000000000,28.705055047680000000000000,0.000006000000000000000000,0.000000036702772624056000,0.000707980451463307907605,0.666916665000000000000000,0.000001035975088462587508,True,0.000972272987515614583514,two-mode,False,0.478578468996272544587752,,,,
3,combined,0.000286000000000000000000,certified_conditional,0.000000122780178385443411,363,0.000517828635035429008602,flat,,0.000400387187453622233242,0.000400387187453622233243,154.706547050000000000000000,35,631158312,direct-fast,229,0.300000000000000000000000,0.073063660472378828076775,-0.226936339527621171923225,2946578944,2.946549478210560000000000,0.000000000310433000000000,2.678681343545570000000000,761.247873106940137170140287,1304.945798634286785144947594,198121.503499223040000000000000,0.000000685125274399134626,0.019252195662628469192209,0.019252195662628469192209,0.019252195662628469192209,761.247873106940137170140287,joint,low,0.000998914443957781858866,0.000001085556042218141134,0.000287085556042218141135,0.002369422154589892449020,0.002736621449672028992731,0.002736621449672028992731,0.002369422154589892449020,0.002736621449672028992731,0.001836584022405880624463,0.000000013219231399343536,0.000103140343651380091551,0.000000666694743842305898,0.000000666694743842305898,0.000000867702139212507520,0.000327483477673384621186,0.000028739700135899304494,0.000000867711303943790736,0.000665956281630963934096,0.000000000000000633768094,0.000000000000000316880879,0.000000000000704186770998,0.000000000000352089864601,0.000100000000000000000000,0.000000100000000000000000,5.257360988084150000000000,1.000022115121150000000000,0.000491215392103990791101,0.001088646415427319736889,0.001036253447779829701134,0.001036253447779829701134,True,150,100,0.078643986432000000000000,28.547767074816000000000000,0.000006000000000000000000,0.000000036702772624056000,0.000706877741185157802866,0.666916665000000000000000,0.000001035975088462587508,True,0.001085556042218141134740,two-mode,False,0.478578468996272544587752,,,,
3,combined,0.000292844258535770835873,certified_conditional,0.000000395595585251765691,365,0.000514153058474514881173,flat,,0.000396767013776468178342,0.000396767013776468178343,154.706547050000000000000000,35,631158312,direct-fast,226,0.300000000000000000000000,0.034780605386382618681319,-0.265219394613617381318681,2945425483,2.945396028745170000000000,0.000000000379423000000000,2.677632753059770000000000,752.269594005237413224772407,1288.726288227757118653120024,196556.907603820544000000000000,0.000000679704502997295319,0.018995484531065595656186,0.018995484531065595656186,0.018995484531065595656186,752.269594005237413224772407,joint,low,0.000997421184048557039963,0.000002578815951442960037,0.000295423074487213795911,0.002395383949277078240636,0.002762843978096769165133,0.002762843978096769165133,0.002395383949277078240636,0.002762843978096769165133,0.001851203258422810070382,0.000000013393379290487302,0.000104534130824707056178,0.000000675704124164255974,0.000000675704124164255974,0.000002816590476350453461,0.000335465167924641012396,0.000028991848054590338246,0.000002816620225378010367,0.000673946711264678542416,0.000000000000000633768094,0.000000000000000316880879,0.000000000000704186770998,0.000000000000352089864601,0.000100000000000000000000,0.000000100000000000000000,5.255263803112510000000000,1.000022103121030000000000,0.000496478518858794825711,0.001071178578974196747203,0.001019426880741860992775,0.001019426880741860992775,True,148,100,0.077595399946240000000000,28.322320980377600000000000,0.000006000000000000000000,0.000000036213402322401920,0.000698540712110463802170,0.675928754880000000000000,0.000001086644065581280062,True,0.002578815951442960037848,two-mode,False,0.483201449373037919157338,,,,
3,combined,0.000300677944294989249933,certified_conditional,0.000000122780178385443411,363,0.000517828635035429008602,flat,,0.000400470236621613928326,0.000400470236621613928327,154.706547050000000000000000,35,631158312,direct-fast,229,0.300000000000000000000000,0.094588491603369283375871,-0.205411508396630716624129,2944848753,2.944819304512470000000000,0.000000000913913000000000,2.677108457816870000000000,746.022915644801334426737481,1278.846882661601049442048642,194159.073429238579200000000000,0.000000671422768911151934,0.018867151749375899808364,0.018867151749375899808364,0.018867151749375899808364,746.022915644801334426737481,joint,low,0.000999454099373615471621,0.000000545900626384528379,0.000301223844921373778313,0.002422997476346972411207,0.002790454477542920822435,0.002790454477542920822435,0.002422997476346972411207,0.002790454477542920822435,0.001874065328985592473942,0.000000013482230255356570,0.000105245246729465711600,0.000000680300746777495809,0.000000680300746777495809,0.000000884880554874199449,0.000341427936352279029058,0.000028984063352839110053,0.000000884889901045122256,0.000679914346024146777370,0.000000000000000633768094,0.000000000000000316880879,0.000000000000704186770998,0.000000000000352089864601,0.000100000000000000000000,0.000000100000000000000000,5.254215210626690000000000,1.000022097120970000000000,0.000501889028556900225211,0.001060020320969144882637,0.001008608502293330134900,0.001008608502293330134900,True,147,100,0.077071106703360000000000,27.976811733319680000000000,0.000006000000000000000000,0.000000035968717171574880,0.000692740186361454646808,0.680522800940000000000000,0.000001115081018170403302,True,0.000545900626384528379414,two-mode,False,0.487914634244959691279501,,,,
3,combined,0.000300750000000000000000,certified_conditional,0.000000122780178385443411,363,0.000517828635035429008602,flat,,0.000400470236621613928326,0.000400470236621613928327,154.706547050000000000000000,35,631158312,direct-fast,229,0.300000000000000000000000,0.094588491603369283375871,-0.205411508396630716624129,2944848753,2.944819304512470000000000,0.000000000913913000000000,2.677108457816870000000000,746.022915644801334426737481,1278.846882661601049442048642,194159.073429238579200000000000,0.000000671422768911151934,0.018867151749375899808364,0.018867151749375899808364,0.018867151749375899808364,746.022915644801334426737481,joint,low,0.000999526155078626221688,0.000000473844921373778312,0.000301223844921373778313,0.002423046494813733813633,0.002790503496009682224862,0.002790503496009682224862,0.002423046494813733813633,0.002790503496009682224862,0.001874065328985592473942,0.000000013482230255356570,0.000105245246729465711600,0.000000680300746777495809,0.000000680300746777495809,0.000000884880554874199449,0.000341476954819040431485,0.000028984063352839110053,0.000000884889901045122256,0.000679963364490908179797,0.000000000000000633768094,0.000000000000000316880879,0.000000000000704186770998,0.000000000000352089864601,0.000100000000000000000000,0.000000100000000000000000,5.254215210626690000000000,1.000022097120970000000000,0.000501961084261910975279,0.001060013464095043078106,0.001008601645491650354031,0.001008601645491650354031,True,147,100,0.077071106703360000000000,27.976811733319680000000000,0.000006000000000000000000,0.000000035968717171574880,0.000692740186361454646808,0.680522800940000000000000,0.000001115081018170403302,True,0.000473844921373778312046,two-mode,False,0.487914634244959691279501,,,,
3,combined,0.000308511630054207663994,certified_conditional,0.000001225054436471562870,367,0.000510517433832741124694,flat,,0.000393214474658932534684,0.000393214474658932534685,154.706547050000000000000000,35,631158312,direct-fast,223,0.300000000000000000000000,0.014027195805694668261427,-0.285972804194305331738573,2943695292,2.943665855047080000000000,0.000000000982903000000000,2.676059867331070000000000,738.168828033914059982269782,1263.759224789618076123622310,193627.838543822848000000000000,0.000000669565652782744023,0.018610426044204795593662,0.018610426044204795593662,0.018610426044204795593662,738.168828033914059982269782,joint,low,0.000999994165751153663393,0.000000005834248846336607,0.000308517464303054000601,0.002447348789070373184333,0.002815163743041461336178,0.002815163743041461336178,0.002447348789070373184333,0.002815163743041461336178,0.001879206990886032133835,0.000000013663608776744869,0.000106696904024697173703,0.000000689684197077626783,0.000000689684197077626783,0.000008882173510590268371,0.000351169688645170961020,0.000029333269400759307838,0.000008882267324734266383,0.000689664941954806565258,0.000000000000000633768094,0.000000000000000316880879,0.000000000000704186770998,0.000000000000352089864601,0.000100000000000000000000,0.000000100000000000000000,5.252118025655050000000000,1.000022085120850000000000,0.000509185864716365374846,0.001043758339025191120363,0.000992976377168620459201,0.000992976377168620459201,True,145,100,0.076022520217600000000000,27.900264919859200000000000,0.000006000000000000000000,0.000000035479346869920800,0.000685447056350076078600,0.689896895200000000000000,0.000001179538860680385198,True,0.000005834248846336607747,two-mode,False,0.495159406040661227140549,,,,
3,combined,0.000315500000000000000000,certified_conditional,0.000001225054436471562870,367,0.000510517433832741124694,flat,,0.000393269840834926998066,0.000393269840834926998067,154.706547050000000000000000,35,631158312,direct-fast,223,0.300000000000000000000000,0.028377099813988846505451,-0.271622900186011153494549,2942541830,2.942512404581700000000000,0.000000000051903000000000,2.675011276845270000000000,727.987189026549728120445371,1246.328063068381964728813726,190957.109736321843200000000000,0.000000660330264468499278,0.018353730512560591516508,0.018353730512560591516508,0.018353730512560591516508,727.987189026549728120445371,joint,low,0.000997527604170091571822,0.000002472395829908428178,0.000317972395829908428179,0.002483174890713078509616,0.002851172545616799998753,0.002851172545616799998753,0.002483174890713078509616,0.002851172545616799998753,0.001905489606143179436406,0.000000013850060823206967,0.000108189167118396648732,0.000000699330121512027154,0.000000699330121512027154,0.000009002803433704184146,0.000359080803713000330088,0.000029506509791537965722,0.000009002898521949950603,0.000697585702742435307386,0.000000000000000633768094,0.000000000000000316880879,0.000000000000704186770998,0.000000000000352089864601,0.000100000000000000000000,0.000000100000000000000000,5.250020840683410000000000,1.000022073120730000000000,0.000513475279701300363117,0.001024910269968290851473,0.000974783913802337203223,0.000974783913802337203223,True,143,100,0.074973933731840000000000,27.515433679585280000000000,0.000006000000000000000000,0.000000034989976568266720,0.000675992614193523305102,0.699560990560000000000000,0.000001256575208433975345,True,0.002472395829908428178693,two-mode,False,0.500110000101057276645599,,,,
3,combined,0.000316345315813426078054,certified_conditional,0.000001225054436471562870,367,0.000510517433832741124694,flat,,0.000393269840834926998066,0.000393269840834926998067,154.706547050000000000000000,35,631158312,direct-fast,223,0.300000000000000000000000,0.028377099813988846505451,-0.271622900186011153494549,2942541830,2.942512404581700000000000,0.000000000051903000000000,2.675011276845270000000000,727.987189026549728120445371,1246.328063068381964728813726,190957.109736321843200000000000,0.000000660330264468499278,0.018353730512560591516508,0.018353730512560591516508,0.018353730512560591516508,727.987189026549728120445371,joint,low,0.000998372919983517649875,0.000001627080016482350125,0.000317972395829908428179,0.002483766032475254321804,0.002851763687378975810940,0.002851763687378975810940,0.002483766032475254321804,0.002851763687378975810940,0.001905489606143179436406,0.000000013850060823206967,0.000108189167118396648732,0.000000699330121512027154,0.000000699330121512027154,0.000009002803433704184146,0.000359671945475176142276,0.000029506509791537965722,0.000009002898521949950603,0.000698176844504611119574,0.000000000000000633768094,0.000000000000000316880879,0.000000000000704186770998,0.000000000000352089864601,0.000100000000000000000000,0.000000100000000000000000,5.250020840683410000000000,1.000022073120730000000000,0.000514320595514726441171,0.001024829764825038927092,0.000974703409509377307386,0.000974703409509377307386,True,143,100,0.074973933731840000000000,27.515433679585280000000000,0.000006000000000000000000,0.000000034989976568266720,0.000675992614193523305102,0.699560990560000000000000,0.000001256575208433975345,True,0.001627080016482350125272,two-mode,False,0.500110000101057276645599,,,,
3,combined,0.000324179001572644492114,certified_conditional,0.000000122780178385443411,363,0.000517828635035429008602,flat,,0.000400608651965600086791,0.000400608651965600086792,154.706547050000000000000000,35,631158312,direct-fast,229,0.300000000000000000000000,0.130463226742653916918992,-0.169536773257346083081008,2941965100,2.941935680349000000000000,0.000000000586393000000000,2.674486981602370000000000,720.647986541236663187732805,1235.348689373791489937217056,187555.023312597811200000000000,0.000000648585259764514113,0.018225411893954950835291,0.018225411893954950835291,0.018225411893954950835291,720.647986541236663187732805,joint,low,0.000999391341852677985173,0.000000608658147322014827,0.000324787659719966506941,0.002516642618554613030448,0.002884553327725125687128,0.002884553327725125687128,0.002516642618554613030448,0.002884553327725125687128,0.001940053544794944321616,0.000000013945256410309094,0.000108951062007785465208,0.000000704254977297196357,0.000000704254977297196357,0.000000915124244419431718,0.000365300432295508461127,0.000029414280311783528114,0.000000915133910026339720,0.000703810795689715004160,0.000000000000000633768094,0.000000000000000316880879,0.000000000000704186770998,0.000000000000352089864601,0.000100000000000000000000,0.000000100000000000000000,5.248972248197590000000000,1.000022067120670000000000,0.000518716239431089107689,0.001012325568210722536843,0.000962551610250853778679,0.000962551610250853778679,True,142,100,0.074449640488960000000000,27.025219497492480000000000,0.000006000000000000000000,0.000000034745291417439680,0.000669177594988616053380,0.704453041640000000000000,0.000001301019931456108912,True,0.000608658147322014827072,two-mode,False,0.505160606162673448362872,,,,
3,combined,0.000330250000000000000000,certified_conditional,0.000001225054436471562870,367,0.000510517433832741124694,flat,,0.000393352890002918693149,0.000393352890002918693150,154.706547050000000000000000,35,631158312,direct-fast,223,0.300000000000000000000000,0.049901930944979301804548,-0.250098069055020698195452,2940811639,2.940782230883610000000000,0.000000000655383000000000,2.673438391116570000000000,712.714730515503230327708755,1220.181320486527797636600851,186951.016525070336000000000000,0.000000646477181997132160,0.017968687215094285400777,0.017968687215094285400777,0.017968687215094285400777,712.714730515503230327708755,joint,low,0.000998095206879809930455,0.000001904793120190069545,0.000332154793120190069546,0.002541881534644471868375,0.002910163028507762609843,0.002910163028507762609843,0.002541881534644471868375,0.002910163028507762609843,0.001946321526274818995758,0.000000014139727395389155,0.000110507504424679761724,0.000000714315754115470588,0.000000714315754115470588,0.000009190210635684731868,0.000374419522072711399726,0.000029775651123582983975,0.000009190307703338602873,0.000712939406416834688743,0.000000000000000633768094,0.000000000000000316880879,0.000000000000704186770998,0.000000000000352089864601,0.000100000000000000000000,0.000000100000000000000000,5.246875063225950000000000,1.000022055120550000000000,0.000524176847260014341513,0.000996203254030080338680,0.000947061293368971665856,0.000947061293368971665856,True,140,100,0.073401054003200000000000,26.938186819174400000000000,0.000006000000000000000000,0.000000034255921115785600,0.000661810950958694144855,0.714537140800000000000000,0.000001405149505943672276,True,0.001904793120190069545574,two-mode,False,0.510314285817383827666211,,,,
3,combined,0.000332012687331862906175,certified_conditional,0.000001225054436471562870,367,0.000510517433832741124694,flat,,0.000393352890002918693149,0.000393352890002918693150,154.706547050000000000000000,35,631158312,direct-fast,223,0.300000000000000000000000,0.049901930944979301804548,-0.250098069055020698195452,2940811639,2.940782230883610000000000,0.000000000655383000000000,2.673438391116570000000000,712.714730515503230327708755,1220.181320486527797636600851,186951.016525070336000000000000,0.000000646477181997132160,0.017968687215094285400777,0.017968687215094285400777,0.017968687215094285400777,712.714730515503230327708755,joint,low,0.000999857894211672836629,0.000000142105788327163371,0.000332154793120190069546,0.002543140622205873357249,0.002911422116069164098718,0.002911422116069164098718,0.002543140622205873357249,0.002911422116069164098718,0.001946321526274818995758,0.000000014139727395389155,0.000110507504424679761724,0.000000714315754115470588,0.000000714315754115470588,0.000009190210635684731868,0.000375678609634112888601,0.000029775651123582983975,0.000009190307703338602873,0.000714198493978236177617,0.000000000000000633768094,0.000000000000000316880879,0.000000000000704186770998,0.000000000000352089864601,0.000100000000000000000000,0.000000100000000000000000,5.246875063225950000000000,1.000022055120550000000000,0.000525939534591877247688,0.000996035280742877499711,0.000946893321855895812413,0.000946893321855895812413,True,140,100,0.073401054003200000000000,26.938186819174400000000000,0.000006000000000000000000,0.000000034255921115785600,0.000661810950958694144855,0.714537140800000000000000,0.000001405149505943672276,True,0.000142105788327163371363,two-mode,False,0.512930769334390635620214,,,,
3,combined,0.000339846373091081320235,certified_conditional,0.000001225054436471562870,367,0.000510517433832741124694,flat,,0.000393408256130913156536,0.000393408256130913156537,154.706547050000000000000000,35,631158312,direct-fast,223,0.300000000000000000000000,0.064251822512548074015102,-0.235748177487451925984898,2939658178,2.939628781418220000000000,0.000000000724373000000000,2.672389800630770000000000,702.533091508138898465884344,1202.750158765291686241792267,184280.287717569331200000000000,0.000000637241793682887415,0.017711991683450081323623,0.017711991683450081323623,0.017711991683450081323623,702.533091508138898465884344,joint,low,0.000998236648444036823112,0.000001763351555963176888,0.000341609724647044497124,0.002582265618388257436990,0.002950743194245317973382,0.002950743194245317973382,0.002582265618388257436990,0.002950743194245317973382,0.001974529084626627966711,0.000000014339835220616463,0.000112109061114527516109,0.000000724668147653115085,0.000000724668147653115085,0.000009319675514347622324,0.000384844121001276836243,0.000029961579683845699318,0.000009319773949418686326,0.000723374357519315239152,0.000000000000000633768094,0.000000000000000316880879,0.000000000000704186770998,0.000000000000352089864601,0.000100000000000000000000,0.000000100000000000000000,5.244777878254310000000000,1.000022043120430000000000,0.000531074265390238314012,0.000977068701904850243214,0.000928583660710604664099,0.000928583660710604664099,True,138,100,0.072352467517440000000000,26.553355578900480000000000,0.000006000000000000000000,0.000000033766550814131520,0.000652356508802141371357,0.724869245480000000000000,0.000001536155086732027241,True,0.001763351555963176888889,two-mode,False,0.518245077824891509806583,,,,
3,combined,0.000345000000000000000000,certified_conditional,0.000001225054436471562870,367,0.000510517433832741124694,flat,,0.000393435939218910388228,0.000393435939218910388229,154.706547050000000000000000,35,631158312,direct-fast,223,0.300000000000000000000000,0.071426774516695163137114,-0.228573225483304836862886,2939081447,2.939052056185530000000000,0.000000000258873000000000,2.671865505387870000000000,697.442272004456732534972139,1194.034577904673630544387975,182944.923313818828800000000000,0.000000632624099525765043,0.017583643917627979285046,0.017583643917627979285046,0.017583643917627979285046,697.442272004456732534972139,joint,low,0.000998662809589528289088,0.000001337190410471710912,0.000346337190410471710913,0.002603159272470670775693,0.002971737036209937695572,0.002971737036209937695572,0.002603159272470670775693,0.002971737036209937695572,0.001988941705682296783986,0.000000014442080094820198,0.000112927374751676003751,0.000000729957691796437092,0.000000729957691796437092,0.000009385825452350559053,0.000390430009119709085553,0.000030056579680318538493,0.000009385924586101940645,0.000728965535069674918918,0.000000000000000633768094,0.000000000000000316880879,0.000000000000704186770998,0.000000000000352089864601,0.000100000000000000000000,0.000000100000000000000000,5.243729285768490000000000,1.000022037120370000000000,0.000534878414818728319910,0.000967461794710570772853,0.000919305410654453156166,0.000919305410654453156166,True,137,100,0.071828174274560000000000,26.360939958763520000000000,0.000006000000000000000000,0.000000033521865663304480,0.000647629287723864984608,0.730191296260000000000000,0.000001615212258504321052,True,0.001337190410471710912454,two-mode,False,0.520943750105223984979349,,,,
3,combined,0.000347680058850299734295,certified_conditional,0.000000122780178385443411,363,0.000517828635035429008602,flat,,0.000400747067309586245257,0.000400747067309586245258,154.706547050000000000000000,35,631158312,direct-fast,229,0.300000000000000000000000,0.166337961881938550462113,-0.133662038118061449537887,2939081447,2.939052056185530000000000,0.000000000258873000000000,2.671865505387870000000000,695.273057437671991948728129,1191.850496085981930432385469,180950.973195957043200000000000,0.000000625747750617876292,0.017583672038534001862217,0.017583672038534001862217,0.017583672038534001862217,695.273057437671991948728129,joint,low,0.000999328584331740498726,0.000000671415668259501274,0.000348351474518559235570,0.002617123172602227417518,0.002985520707153615176751,0.002985520707153615176751,0.002617123172602227417518,0.002985520707153615176751,0.002010858418692570026785,0.000000014442080094820198,0.000112927374751676003751,0.000000729957691796437092,0.000000729957691796437092,0.000000947575502544607949,0.000390915446190798435683,0.000029875900004365823174,0.000000947585510903996416,0.000729451511754229816846,0.000000000000000633768094,0.000000000000000316880879,0.000000000000704186770998,0.000000000000352089864601,0.000100000000000000000000,0.000000100000000000000000,5.243729285768490000000000,1.000022037120370000000000,0.000535543450305277990167,0.000964535439896793810873,0.000916402617890562753722,0.000916402617890562753722,True,137,100,0.071828174274560000000000,26.073627261665280000000000,0.000006000000000000000000,0.000000033521865663304480,0.000645615003615777459951,0.730191296260000000000000,0.000001615212258504321052,True,0.000671415668259501274730,two-mode,False,0.523670680734041616960206,,,,
3,combined,0.000355513744609518148356,certified_conditional,0.000001225054436471562870,367,0.000510517433832741124694,flat,,0.000393491305346904851615,0.000393491305346904851616,154.706547050000000000000000,35,631158312,direct-fast,223,0.300000000000000000000000,0.085776666084263935347668,-0.214223333915736064652332,2937927986,2.937898606720140000000000,0.000000000327863000000000,2.670816914902070000000000,687.260632997092400673147728,1176.603416183437519149579392,180274.194506317824000000000000,0.000000623388711211520297,0.017326948385983775207892,0.017326948385983775207892,0.017326948385983775207892,687.260632997092400673147728,joint,low,0.000999721622672192009866,0.000000278377327807990134,0.000355792121937326138491,0.002646028146684743913345,0.003014810738987608904548,0.003014810738987608904548,0.002646028146684743913345,0.003014810738987608904548,0.002018407508729441921526,0.000000014651114059858943,0.000114600371520957356264,0.000000740771870933895415,0.000000740771870933895415,0.000009521065325601007477,0.000402003006251865329335,0.000030250801899750252558,0.000009521165887765482808,0.000740549346151549464966,0.000000000000000633768094,0.000000000000000316880879,0.000000000000704186770998,0.000000000000352089864601,0.000100000000000000000000,0.000000100000000000000000,5.241632100796850000000000,1.000022025120250000000000,0.000542693204467389120529,0.000948216752119737065928,0.000900718077036006636427,0.000900718077036006636427,True,135,100,0.070779587788800000000000,25.976108718489600000000000,0.000006000000000000000000,0.000000033032495361650400,0.000638174845567312211110,0.741007404100000000000000,0.000001811280800414477922,True,0.000278377327807990134980,two-mode,False,0.532025532022333936220705,,,,
3,combined,0.000359750000000000000000,certified_conditional,0.000001225054436471562870,367,0.000510517433832741124694,flat,,0.000393518988386902083311,0.000393518988386902083312,154.706547050000000000000000,35,631158312,direct-fast,223,0.300000000000000000000000,0.092951605647685618436210,-0.207048394352314381563790,2937351256,2.937321882487440000000000,0.000000000862353000000000,2.670292619659170000000000,682.169813493410234742235523,1167.887835322819463452175100,178938.830102567321600000000000,0.000000618771017054397925,0.017198600620161673169315,0.017198600620161673169315,0.017198600620161673169315,682.169813493410234742235523,joint,low,0.000999230412299246647721,0.000000769587700753352279,0.000360519587700753352280,0.002667180789602520380353,0.003036068089046466392293,0.003036068089046466392293,0.002667180789602520380353,0.003036068089046466392293,0.002033470251331900443329,0.000000014757970974822779,0.000115455597481373570049,0.000000746300014746700603,0.000000746300014746700603,0.000009590199141404408350,0.000407157383646423085670,0.000030350087141014889175,0.000009590300433765129361,0.000745709251572642323578,0.000000000000000633768094,0.000000000000000316880879,0.000000000000704186770998,0.000000000000352089864601,0.000100000000000000000000,0.000000100000000000000000,5.240583508311030000000000,1.000022019120190000000000,0.000545579982377442298306,0.000938685829983532282400,0.000891516205759497137169,0.000891516205759497137169,True,134,100,0.070255294545920000000000,25.783693098352640000000000,0.000006000000000000000000,0.000000032787810210823360,0.000633447624489035824361,0.746509461080000000000000,0.000001934894178060579284,True,0.000769587700753352279335,two-mode,False,0.534870053583945046699770,,,,
3,combined,0.000363347430368736562416,certified_conditional,0.000001225054436471562870,367,0.000510517433832741124694,flat,,0.000393546671474899315002,0.000393546671474899315003,154.706547050000000000000000,35,631158312,direct-fast,223,0.300000000000000000000000,0.100126557651832707558222,-0.199873442348167292441778,2936774525,2.936745157254750000000000,0.000000000396853000000000,2.669768324416270000000000,677.078993989728068811323317,1159.172254462201407754770808,177603.465698816819200000000000,0.000000614153322897275552,0.017070252854339571130738,0.017070252854339571130738,0.017070252854339571130738,677.078993989728068811323317,joint,low,0.000998100376904555996348,0.000001899623095444003652,0.000365247053464180566069,0.002688171188204493869107,0.003057164769334491488028,0.003057164769334491488028,0.002688171188204493869107,0.003057164769334491488028,0.002048759501341914732376,0.000000014866434760688328,0.000116323683982547922386,0.000000751911288541653238,0.000000751911288541653238,0.000009660372563460491943,0.000411908941303776078630,0.000030450865394922046107,0.000009660474596997853306,0.000750466420384748991782,0.000000000000000633768094,0.000000000000000316880879,0.000000000000704186770998,0.000000000000352089864601,0.000100000000000000000000,0.000000100000000000000000,5.239534915825210000000000,1.000022013120130000000000,0.000547827935265750186854,0.000929212054371718869666,0.000882371612069762630693,0.000882371612069762630693,True,133,100,0.069731001303040000000000,25.591277478215680000000000,0.000006000000000000000000,0.000000032543125059996320,0.000628720403410759437612,0.752123516940000000000000,0.000002082057951463515238,True,0.001899623095444003652506,two-mode,False,0.537745161398906814280760,,,,
3,combined,0.000371181116127954976477,certified_conditional,0.000000122780178385443411,363,0.000517828635035429008602,flat,,0.000400885482605572403727,0.000400885482605572403728,154.706547050000000000000000,35,631158312,direct-fast,229,0.300000000000000000000000,0.202212684580497777971763,-0.097787315419502222028237,2936197795,2.936168433022050000000000,0.000000000931343000000000,2.669244029173370000000000,669.898128334107320709723453,1148.352302798172370927553883,174346.923079316275200000000000,0.000000602910241471238471,0.016941932183113052889144,0.016941932183113052889144,0.016941932183113052889144,669.898128334107320709723453,joint,low,0.000999265826810803012278,0.000000734173189196987722,0.000371915289317151964199,0.002725215889835267136941,0.003094137130515467089591,0.003094137130515467089591,0.002725215889835267136941,0.003094137130515467089591,0.002087027298188500709617,0.000000014976541937248808,0.000117204923309497643699,0.000000757607581636529397,0.000000757607581636529397,0.000000982485189315630864,0.000418470991441792196190,0.000030372490923044844895,0.000000982495566393596800,0.000757034706308480600191,0.000000000000000633768094,0.000000000000000316880879,0.000000000000704186770998,0.000000000000352089864601,0.000100000000000000000000,0.000000100000000000000000,5.238486323339390000000000,1.000022007120070000000000,0.000552370661179466872645,0.000916649649656206824508,0.000870161248675413987639,0.000870161248675413987639,True,132,100,0.069206708060160000000000,25.122035025838080000000000,0.000006000000000000000000,0.000000032298439909169280,0.000622052412242938866522,0.757807576000000000000000,0.000002260210829945839405,True,0.000734173189196987722387,two-mode,False,0.543589130544535624472555,,,,
3,combined,0.000374500000000000000000,certified_conditional,0.000001225054436471562870,367,0.000510517433832741124694,flat,,0.000393602037602893778389,0.000393602037602893778390,154.706547050000000000000000,35,631158312,direct-fast,223,0.300000000000000000000000,0.114476449219401479768777,-0.185523550780598520231223,2935621064,2.935591707789360000000000,0.000000000465843000000000,2.668719733930470000000000,666.897354982363736949498906,1141.741092740965296359962225,174932.736891315814400000000000,0.000000604917934583030807,0.016813557322695367053584,0.016813557322695367053584,0.016813557322695367053584,666.897354982363736949498906,joint,low,0.000999798015008965006354,0.000000201984991034993646,0.000374701984991034993647,0.002734134589961782944005,0.003103345602331922612214,0.003103345602331922612214,0.002734134589961782944005,0.003103345602331922612214,0.002080038272354768392413,0.000000015088330139405632,0.000118099616671973314955,0.000000763390841038197558,0.000000763390841038197558,0.000009803933457437823264,0.000424650897464436963656,0.000030657037705180793008,0.000009804037007275487026,0.000763219855854371594101,0.000000000000000633768094,0.000000000000000316880879,0.000000000000704186770998,0.000000000000352089864601,0.000100000000000000000000,0.000000100000000000000000,5.237437730853570000000000,1.000022001120010000000000,0.000556281549936156276702,0.000909875297673715016318,0.000863693618640909145922,0.000863693618640909145922,True,131,100,0.068682414817280000000000,25.206446237941760000000000,0.000006000000000000000000,0.000000032053754758342240,0.000619265961254206664114,0.763607634000000000000000,0.000002480293008497603467,True,0.000201984991034993646215,two-mode,False,0.546559016503789609979861,,,,
3,combined,0.000379014801887173390537,certified_conditional,0.000000001878729621928983,357,0.000529101772085383511164,flat,,0.000412186190012153638435,0.000412186190012153638436,154.706547050000000000000000,35,631158312,direct-fast,239,0.300000000000000000000000,0.131150137773511765985952,-0.168849862226488234014048,2935621064,2.935591707789360000000000,0.000000000465843000000000,2.668719733930470000000000,661.711823809940360730557934,1136.519425592115123968740733,170166.177302996582400000000000,0.000000588479947230231057,0.016813624546029107155946,0.016813624546029107155946,0.016813624546029107155946,661.711823809940360730557934,joint,low,0.000999497648681549606196,0.000000502351318450393804,0.000379517153205623784342,0.002782387412255306462289,0.003151147971178782640351,0.003151147971178782640351,0.002782387412255306462289,0.003151147971178782640351,0.002138302649731652661108,0.000000015088330139405632,0.000118099616671973314955,0.000000763390841038197558,0.000000763390841038197558,0.000000023019266368440312,0.000424420256572145596196,0.000030205338531559979812,0.000000023019509499557627,0.000762990563995744096137,0.000000000000000633768094,0.000000000000000316880879,0.000000000000704186770998,0.000000000000352089864601,0.000100000000000000000000,0.000000100000000000000000,5.237437730853570000000000,1.000022001120010000000000,0.000555979416409985536054,0.000902617749426284148012,0.000856492466070543995793,0.000856492466070543995793,True,131,100,0.068682414817280000000000,24.519622089768960000000000,0.000006000000000000000000,0.000000032053754758342240,0.000614450793039617873419,0.763607634000000000000000,0.000002480293008497603467,True,0.000502351318450393804948,two-mode,False,0.549561538572485946976258,,,,
3,combined,0.000386848487646391804597,certified_conditional,0.000000000000001782076705,341,0.000561097264375312859567,flat,,0.000444181362347160087544,0.000444181362347160087545,154.706547050000000000000000,35,631158312,direct-fast,267,0.300000000000000000000000,0.023715833155558948806633,-0.276284166844441051193367,2935621064,2.935591707789360000000000,0.000000000465843000000000,2.668719733930470000000000,653.414973934062958780252377,1128.160362666763752468029417,162539.681961685811200000000000,0.000000562179167465751457,0.016813732103363091319724,0.016813732103363091319724,0.016813732103363091319724,653.414973934062958780252377,joint,low,0.000999627065297425955143,0.000000372934702574044857,0.000387221422348965849455,0.002882799940279472941948,0.003250839938820344824753,0.003250839938820344824753,0.002882799940279472941948,0.003250839938820344824753,0.002238633565848093841688,0.000000015088330139405632,0.000118099616671973314955,0.000000763390841038197558,0.000000763390841038197558,0.000000007996342280701533,0.000424516891403958634055,0.000029482619853766678699,0.000000007996426738633511,0.000763089357281419325188,0.000000000000000633768094,0.000000000000000316880879,0.000000000000704186770998,0.000000000000352089864601,0.000100000000000000000000,0.000000100000000000000000,5.237437730853570000000000,1.000022001120010000000000,0.000556106005507853340220,0.000890058540929140807857,0.000844023500660267849454,0.000844023500660267849454,True,131,100,0.068682414817280000000000,23.420703452692480000000000,0.000006000000000000000000,0.000000032053754758342240,0.000606746523896275808306,0.763607634000000000000000,0.000002480293008497603467,True,0.000372934702574044857051,two-mode,False,0.558770391174241751507107,,,,
3,combined,0.000389250000000000000000,certified_conditional,0.000000000000000003383089,335,0.000573881177589369451897,flat,,0.000456965147722084539309,0.000456965147722084539310,154.706547050000000000000000,35,631158312,direct-fast,278,0.300000000000000000000000,0.037040073051510836585432,-0.262959926948489163414568,2935621064,2.935591707789360000000000,0.000000000465843000000000,2.668719733930470000000000,650.303655230608933048887793,1125.024186517202939795766103,159679.746208694272000000000000,0.000000552316375054071607,0.016813772437363335381140,0.016813772437363335381140,0.016813772437363335381140,650.303655230608933048887793,joint,low,0.000999139476722280876129,0.000000860523277719123871,0.000390110523277719123872,0.002922521847919259860337,0.003290291636376157426698,0.003290291636376157426698,0.002922521847919259860337,0.003290291636376157426698,0.002278728495385671641837,0.000000015088330139405632,0.000118099616671973314955,0.000000763390841038197558,0.000000763390841038197558,0.000000007996328057683917,0.000424143869520390769910,0.000029211600349594190782,0.000000007996412515465671,0.000762717144818049782741,0.000000000000000633768094,0.000000000000000316880879,0.000000000000704186770998,0.000000000000352089864601,0.000100000000000000000000,0.000000100000000000000000,5.237437730853570000000000,1.000022001120010000000000,0.000555617356613455056912,0.000885091022400405273944,0.000839089826012142608183,0.000839089826012142608183,True,131,100,0.068682414817280000000000,23.008608963788800000000000,0.000006000000000000000000,0.000000032053754758342240,0.000603857422967522533889,0.763607634000000000000000,0.000002480293008497603467,True,0.000860523277719123871212,two-mode,False,0.561908988877461894624363,,,,
3,combined,0.000394682173405610218658,certified_conditional,0.000000000000000000000025,325,0.000596233418485112573456,flat,,0.000479317165095418703437,0.000479317165095418703438,154.706547050000000000000000,35,631158312,direct-fast,297,0.300000000000000000000000,0.130275707225414444051430,-0.169724292774585555948570,2935621064,2.935591707789360000000000,0.000000000465843000000000,2.668719733930470000000000,645.118124058185556829946820,1119.795192939010028128014468,154913.186620375040000000000000,0.000000535878387701271856,0.016813839660697075483501,0.016813839660697075483501,0.016813839660697075483501,645.118124058185556829946820,joint,low,0.000999756481913302304091,0.000000243518086697695909,0.000394925691492307914567,0.002993106227569557453073,0.003360425665886498075448,0.003360425665886498075448,0.002993106227569557453073,0.003360425665886498075448,0.002348843218320615384663,0.000000015088330139405632,0.000118099616671973314955,0.000000763390841038197558,0.000000763390841038197558,0.000000007996328030631825,0.000424613526235771671913,0.000028759901175973377587,0.000000007996412488413293,0.000763188150567094554239,0.000000000000000633768094,0.000000000000000316880879,0.000000000000704186770998,0.000000000000352089864601,0.000100000000000000000000,0.000000100000000000000000,5.237437730853570000000000,1.000022001120010000000000,0.000556232594605721144385,0.000876263923339444264511,0.000830319139205778779269,0.000830319139205778779269,True,131,100,0.068682414817280000000000,22.321784815616000000000000,0.000006000000000000000000,0.000000032053754758342240,0.000599042254752933743194,0.763607634000000000000000,0.000002480293008497603467,True,0.000243518086697695909154,two-mode,False,0.565083050961509383991531,,,,
3,combined,0.000402515859164828632718,certified_conditional,0.000000000000000000000001,309,0.000634996530438504515876,flat,,0.000518079889417691111937,0.000518079889417691111938,154.706547050000000000000000,35,631158312,direct-fast,330,0.300000000000000000000000,0.276867568296029216224723,-0.023132431703970783775277,2935621064,2.935591707789360000000000,0.000000000465843000000000,2.668719733930470000000000,636.821274182308154879641263,1111.422970839449715670352098,147286.691279064268800000000000,0.000000509577607936792256,0.016813947218031059647279,0.016813947218031059647279,0.016813947218031059647279,636.821274182308154879641263,joint,low,0.000999885898529178653039,0.000000114101470821346961,0.000402629960635649979680,0.003114825812217324685411,0.003481424690310334197866,0.003481424690310334197866,0.003114825812217324685411,0.003481424690310334197866,0.002470466168136569579338,0.000000015088330139405632,0.000118099616671973314955,0.000000763390841038197558,0.000000763390841038197558,0.000000007996328030631629,0.000424710161067584709771,0.000028037182498180076474,0.000000007996412488413097,0.000763286943852769783290,0.000000000000000633768094,0.000000000000000316880879,0.000000000000704186770998,0.000000000000352089864601,0.000100000000000000000000,0.000000100000000000000000,5.237437730853570000000000,1.000022001120010000000000,0.000556359183703588948551,0.000861041988448642564081,0.000815187475525451476680,0.000815187475525451476680,True,131,100,0.068682414817280000000000,21.222866178539520000000000,0.000006000000000000000000,0.000000032053754758342240,0.000591337985609591678081,0.763607634000000000000000,0.000002480293008497603467,True,0.000114101470821346961258,two-mode,False,0.571540000115343133789885,,,,
3,combined,0.000404000000000000000000,certified_conditional,0.000000000000000000000001,305,0.000645320692609097467861,flat,,0.000528403948346662357992,0.000528403948346662357993,154.706547050000000000000000,35,631158312,direct-fast,339,0.300000000000000000000000,0.252675531293594915349309,-0.047324468706405084650691,2935621064,2.935591707789360000000000,0.000000000465843000000000,2.668719733930470000000000,634.747061713338804392064874,1109.328683742277237057450283,145380.067443736576000000000000,0.000000503002412995672356,0.016813974107364555688224,0.016813974107364555688224,0.016813974107364555688224,634.747061713338804392064874,joint,low,0.000999443972078514504043,0.000000556027921485495957,0.000404556027921485495958,0.003146887473724631887751,0.003513306211761658622726,0.003513306211761658622726,0.003146887473724631887751,0.003513306211761658622726,0.002502865724440000000051,0.000000015088330139405632,0.000118099616671973314955,0.000000763390841038197558,0.000000763390841038197558,0.000000007996328030631629,0.000424372266271461491398,0.000027856502828731751196,0.000000007996412488413097,0.000762949588670112112715,0.000000000000000633768094,0.000000000000000316880879,0.000000000000704186770998,0.000000000000352089864601,0.000100000000000000000000,0.000000100000000000000000,5.237437730853570000000000,1.000022001120010000000000,0.000555916550373422663360,0.000857032440393024008127,0.000811200497427770653617,0.000811200497427770653617,True,131,100,0.068682414817280000000000,20.948136519270400000000000,0.000006000000000000000000,0.000000032053754758342240,0.000589411918323756161803,0.763607634000000000000000,0.000002480293008497603467,True,0.000556027921485495957145,two-mode,False,0.574824138047034437566633,,,,
3,combined,0.000410349544924047046779,certified_conditional,0.000000000000000000000001,291,0.000683682733551197991501,flat,,0.000566765605668353460628,0.000566765605668353460629,154.706547050000000000000000,35,631158312,direct-fast,372,0.300000000000000000000000,0.295318133527700338466349,-0.004681866472299661533651,2935621064,2.935591707789360000000000,0.000000000465843000000000,2.668719733930470000000000,627.487318071946077685547512,1101.994347732390010296213445,138706.884020089651200000000000,0.000000479989230701752706,0.016814068220031791831530,0.016814068220031791831530,0.016814068220031791831530,627.487318071946077685547512,joint,low,0.000999052281502137243848,0.000000947718497862756152,0.000411297263421909802931,0.003266999362651128204695,0.003632787610492215218490,0.003632787610492215218490,0.003266999362651128204695,0.003632787610492215218490,0.002623278508433676975998,0.000000015088330139405632,0.000118099616671973314955,0.000000763390841038197558,0.000000763390841038197558,0.000000007996328030631629,0.000424071371204280832396,0.000027224123985662612722,0.000000007996412488413097,0.000762650582250060871006,0.000000000000000633768094,0.000000000000000316880879,0.000000000000704186770998,0.000000000000352089864601,0.000100000000000000000000,0.000000100000000000000000,5.237437730853570000000000,1.000022001120010000000000,0.000555522385718787926480,0.000842011559750511309420,0.000796258622067577984622,0.000796258622067577984622,True,131,100,0.068682414817280000000000,19.986582711828480000000000,0.000006000000000000000000,0.000000032053754758342240,0.000582670682823331854830,0.763607634000000000000000,0.000002480293008497603467,True,0.000947718497862756152423,two-mode,False,0.581506976861522555716994,,,,
3,combined,0.000418183230683265460839,certified_conditional,0.000000000000000000000001,275,0.000732290536980940269903,flat,,0.000615372923020061441607,0.000615372923020061441608,154.706547050000000000000000,35,631158312,direct-fast,414,0.300000000000000000000000,0.293449132631784228627072,-0.006550867368215771372928,2935621064,2.935591707789360000000000,0.000000000465843000000000,2.668719733930470000000000,619.190468196068675735241955,1093.602983302643800823157745,131080.388678778880000000000000,0.000000453688450937273105,0.016814175777365775995307,0.016814175777365775995307,0.016814175777365775995307,619.190468196068675735241955,joint,low,0.000999181698118013592796,0.000000818301881986407204,0.000419001532565251868044,0.003419723110700900630248,0.003784790798318056534123,0.003784790798318056534123,0.003419723110700900630248,0.003784790798318056534123,0.002775905621651636363692,0.000000015088330139405632,0.000118099616671973314955,0.000000763390841038197558,0.000000763390841038197558,0.000000007996328030631629,0.000424168006036093870254,0.000026501405307869311610,0.000000007996412488413097,0.000762749375535736100057,0.000000000000000633768094,0.000000000000000316880879,0.000000000000704186770998,0.000000000000352089864601,0.000100000000000000000000,0.000000100000000000000000,5.237437730853570000000000,1.000022001120010000000000,0.000555648974816655730645,0.000822912324768563125569,0.000777249699247989091944,0.000777249699247989091944,True,131,100,0.068682414817280000000000,18.887664074752000000000000,0.000006000000000000000000,0.000000032053754758342240,0.000574966413679989789717,0.763607634000000000000000,0.000002480293008497603467,True,0.000818301881986407204527,two-mode,False,0.588347058942233923706187,,,,
3,combined,0.000418750000000000000000,certified_conditional,0.000000000000000000000001,275,0.000732290536980940269903,flat,,0.000615372923020061441607,0.000615372923020061441608,154.706547050000000000000000,35,631158312,direct-fast,414,0.300000000000000000000000,0.293449132631784228627072,-0.006550867368215771372928,2935621064,2.935591707789360000000000,0.000000000465843000000000,2.668719733930470000000000,619.190468196068675735241955,1093.602983302643800823157745,131080.388678778880000000000000,0.000000453688450937273105,0.016814175777365775995307,0.016814175777365775995307,0.016814175777365775995307,619.190468196068675735241955,joint,low,0.000999748467434748131957,0.000000251532565251868043,0.000419001532565251868044,0.003420155767687338972881,0.003785223455304494876756,0.003785223455304494876756,0.003420155767687338972881,0.003785223455304494876756,0.002775905621651636363692,0.000000015088330139405632,0.000118099616671973314955,0.000000763390841038197558,0.000000763390841038197558,0.000000007996328030631629,0.000424600663022532212887,0.000026501405307869311610,0.000000007996412488413097,0.000763182032522174442690,0.000000000000000633768094,0.000000000000000316880879,0.000000000000704186770998,0.000000000000352089864601,0.000100000000000000000000,0.000000100000000000000000,5.237437730853570000000000,1.000022001120010000000000,0.000556215744133390269807,0.000822858217810371695904,0.000777195592861273140497,0.000777195592861273140497,True,131,100,0.068682414817280000000000,18.887664074752000000000000,0.000006000000000000000000,0.000000032053754758342240,0.000574966413679989789717,0.763607634000000000000000,0.000002480293008497603467,True,0.000251532565251868043079,two-mode,False,0.588347058942233923706187,,,,
3,combined,0.000426016916442483874899,certified_conditional,0.000000000000000000000001,259,0.000786880839294343136417,flat,,0.000669962679430441174091,0.000669962679430441174092,154.706547050000000000000000,35,631158312,direct-fast,462,0.300000000000000000000000,0.042119331625601520653729,-0.257880668374398479346271,2935621064,2.935591707789360000000000,0.000000000465843000000000,2.668719733930470000000000,610.893618320191273784936399,1085.199986312421430424225105,123453.893337468108800000000000,0.000000427387671172793505,0.016814283334699760159085,0.016814283334699760159085,0.016814283334699760159085,610.893618320191273784936399,joint,low,0.000999311114733889941744,0.000000688885266110058256,0.000426705801708593933156,0.003591304262700382323778,0.003955651390093607117734,0.003955651390093607117734,0.003591304262700382323778,0.003955651390093607117734,0.002947390138819305019364,0.000000015088330139405632,0.000118099616671973314955,0.000000763390841038197558,0.000000763390841038197558,0.000000007996328030631629,0.000424264640867906908112,0.000025778686630076010497,0.000000007996412488413097,0.000762848168821411329108,0.000000000000000633768094,0.000000000000000316880879,0.000000000000704186770998,0.000000000000352089864601,0.000100000000000000000000,0.000000100000000000000000,5.237437730853570000000000,1.000022001120010000000000,0.000555775563914523534811,0.000801454831861543335405,0.000755882543411152291418,0.000755882543411152291418,True,131,100,0.068682414817280000000000,17.788745437675520000000000,0.000006000000000000000000,0.000000032053754758342240,0.000567262144536647724605,0.763607634000000000000000,0.000002480293008497603467,True,0.000688885266110058256630,two-mode,False,0.595350000120105086171313,,,,
3,combined,0.000433500000000000000000,certified_conditional,0.000000000000000000000001,243,0.000848630525517700477226,flat,,0.000731711748156936281328,0.000731711748156936281329,154.706547050000000000000000,35,631158312,direct-fast,515,0.300000000000000000000000,0.146352835405493211634702,-0.153647164594506788365298,2935621064,2.935591707789360000000000,0.000000000465843000000000,2.668719733930470000000000,602.596768444313871834630842,1076.783068389170211704161044,115827.397996157337600000000000,0.000000401086891408313905,0.016814390892033744322863,0.016814390892033744322863,0.016814390892033744322863,602.596768444313871834630842,joint,low,0.000999089929148064001732,0.000000910070851935998268,0.000434410070851935998269,0.003785200097327047362008,0.004148826664496341046043,0.004148826664496341046043,0.003785200097327047362008,0.004148826664496341046043,0.003141456979235390946565,0.000000015088330139405632,0.000118099616671973314955,0.000000763390841038197558,0.000000763390841038197558,0.000000007996328030631629,0.000424093635078486019141,0.000025055967952282709384,0.000000007996412488413097,0.000762679321485852631330,0.000000000000000633768094,0.000000000000000316880879,0.000000000000704186770998,0.000000000000352089864601,0.000100000000000000000000,0.000000100000000000000000,5.237437730853570000000000,1.000022001120010000000000,0.000555551550810689050017,0.000777206722743970122975,0.000731724800838136285107,0.000731724800838136285107,True,131,100,0.068682414817280000000000,16.689826800599040000000000,0.000006000000000000000000,0.000000032053754758342240,0.000559557875393305659492,0.763607634000000000000000,0.000002480293008497603467,True,0.000910070851935998268075,two-mode,False,0.606172727394996882708326,,,,
3,combined,0.000433850602201702288960,certified_conditional,0.000000000000000000000001,243,0.000848630525517700477226,flat,,0.000731711748156936281328,0.000731711748156936281329,154.706547050000000000000000,35,631158312,direct-fast,515,0.300000000000000000000000,0.146352835405493211634702,-0.153647164594506788365298,2935621064,2.935591707789360000000000,0.000000000465843000000000,2.668719733930470000000000,602.596768444313871834630842,1076.783068389170211704161044,115827.397996157337600000000000,0.000000401086891408313905,0.016814390892033744322863,0.016814390892033744322863,0.016814390892033744322863,602.596768444313871834630842,joint,low,0.000999440531349766290692,0.000000559468650233709308,0.000434410070851935998269,0.003785467737948281288838,0.004149094305117574972873,0.004149094305117574972873,0.003785467737948281288838,0.004149094305117574972873,0.003141456979235390946565,0.000000015088330139405632,0.000118099616671973314955,0.000000763390841038197558,0.000000763390841038197558,0.000000007996328030631629,0.000424361275699719945971,0.000025055967952282709384,0.000000007996412488413097,0.000762946962107086558159,0.000000000000000633768094,0.000000000000000316880879,0.000000000000704186770998,0.000000000000352089864601,0.000100000000000000000000,0.000000100000000000000000,5.237437730853570000000000,1.000022001120010000000000,0.000555902153012391338977,0.000777173252303511868544,0.000731691330751191453098,0.000731691330751191453098,True,131,100,0.068682414817280000000000,16.689826800599040000000000,0.000006000000000000000000,0.000000032053754758342240,0.000559557875393305659492,0.763607634000000000000000,0.000002480293008497603467,True,0.000559468650233709308733,two-mode,False,0.606172727394996882708326,,,,
3,combined,0.000441684287960920703020,certified_conditional,0.000000000000000000000001,227,0.000919046834368897444816,flat,,0.000802127352845044736948,0.000802127352845044736949,154.706547050000000000000000,35,631158312,direct-fast,576,0.300000000000000000000000,0.096794550242211806613004,-0.203205449757788193386996,2935621064,2.935591707789360000000000,0.000000000465843000000000,2.668719733930470000000000,594.299918568436469884325285,1068.349298810147229226937894,108200.902654846566400000000000,0.000000374786111643834305,0.016814498449367728486641,0.016814498449367728486641,0.016814498449367728486641,594.299918568436469884325285,joint,low,0.000999569947965642639640,0.000000430052034357360360,0.000442114339995278063381,0.004006988653254835538789,0.004369894660200198112904,0.004369894660200198112904,0.004006988653254835538789,0.004369894660200198112904,0.003362881259710132158658,0.000000015088330139405632,0.000118099616671973314955,0.000000763390841038197558,0.000000763390841038197558,0.000000007996328030631629,0.000424457910531532983829,0.000024333249274489408271,0.000000007996412488413097,0.000763045755392761787210,0.000000000000000633768094,0.000000000000000316880879,0.000000000000704186770998,0.000000000000352089864601,0.000100000000000000000000,0.000000100000000000000000,5.237437730853570000000000,1.000022001120010000000000,0.000556028742110259143142,0.000749470422397338502601,0.000704078903878194886173,0.000704078903878194886173,True,131,100,0.068682414817280000000000,15.590908163522560000000000,0.000006000000000000000000,0.000000032053754758342240,0.000551853606249963594380,0.763607634000000000000000,0.000002480293008497603467,True,0.000430052034357360360837,two-mode,False,0.613609202577744620206151,,,,
3,combined,0.000448250000000000000000,certified_conditional,0.000000000000000000000001,213,0.000989298619133993484912,flat,,0.000872378435092293126084,0.000872378435092293126085,154.706547050000000000000000,35,631158312,direct-fast,637,0.300000000000000000000000,0.004595046119031526369395,-0.295404953880968473630605,2935621064,2.935591707789360000000000,0.000000000465843000000000,2.668719733930470000000000,587.040174927043743177807923,1060.952955371457392976042466,101527.719231199641600000000000,0.000000351772929349914654,0.016814592562034964629947,0.016814592562034964629947,0.016814592562034964629947,587.040174927043743177807923,joint,low,0.000999394424504297629646,0.000000605575495702370354,0.000448855575495702370355,0.004227887223547891456252,0.004590162740297314309187,0.004590162740297314309187,0.004227887223547891456252,0.004590162740297314309187,0.003583915708705164319321,0.000000015088330139405632,0.000118099616671973314955,0.000000763390841038197558,0.000000763390841038197558,0.000000007996328030631629,0.000424322031829556740630,0.000023700870431420269798,0.000000007996412488413097,0.000762911765337914961305,0.000000000000000633768094,0.000000000000000316880879,0.000000000000704186770998,0.000000000000352089864601,0.000100000000000000000000,0.000000100000000000000000,5.237437730853570000000000,1.000022001120010000000000,0.000555850744570656656465,0.000721845421340996497764,0.000676533041228376928026,0.000676533041228376928026,True,131,100,0.068682414817280000000000,14.629354356080640000000000,0.000006000000000000000000,0.000000032053754758342240,0.000545112370749539287406,0.763607634000000000000000,0.000002480293008497603467,True,0.000605575495702370354009,two-mode,False,0.621230434907889817020692,,,,
3,combined,0.000449517973720139117081,certified_conditional,0.000000000000000000000001,211,0.001000092020027822256571,flat,,0.000883171723818572249376,0.000883171723818572249377,154.706547050000000000000000,35,631158312,direct-fast,646,0.300000000000000000000000,0.102018822892009719753381,-0.197981177107990280246619,2935621064,2.935591707789360000000000,0.000000000465843000000000,2.668719733930470000000000,586.003068692559067934019729,1059.894862106121140255085673,100574.407313535795200000000000,0.000000348485331879354704,0.016814606006701712650419,0.016814606006701712650419,0.016814606006701712650419,586.003068692559067934019729,joint,low,0.000999699364581518988588,0.000000300635418481011412,0.000449818609138620128494,0.004262090502093104095787,0.004624275948814535559982,0.004624275948814535559982,0.004262090502093104095787,0.004624275948814535559982,0.003617886473716587677798,0.000000015088330139405632,0.000118099616671973314955,0.000000763390841038197558,0.000000763390841038197558,0.000000007996328030631629,0.000424554545363346021687,0.000023610530596696107159,0.000000007996412488413097,0.000763144548678437016261,0.000000000000000633768094,0.000000000000000316880879,0.000000000000704186770998,0.000000000000352089864601,0.000100000000000000000000,0.000000100000000000000000,5.237437730853570000000000,1.000022001120010000000000,0.000556155331208126947308,0.000717568048224962521198,0.000672266977094410386979,0.000672266977094410386979,True,131,100,0.068682414817280000000000,14.491989526446080000000000,0.000006000000000000000000,0.000000032053754758342240,0.000544149337106621529267,0.763607634000000000000000,0.000002480293008497603467,True,0.000300635418481011412940,two-mode,False,0.621230434907889817020692,,,,
3,combined,0.000457351659479357531141,certified_conditional,0.000000000000000000000001,195,0.001094369072733102139633,flat,,0.000973256815087200305881,0.000973256815087200305882,154.706547050000000000000000,35,631158312,direct-fast,724,0.300000000000000000000000,0.050433067944871378696668,-0.249566932055128621303332,2935621064,2.935591707789360000000000,0.000000000465843000000000,2.668719733930470000000000,577.706218816681665983714172,1051.414696940356490136858487,92947.911972225024000000000000,0.000000322184552114875104,0.016814713564035696814197,0.016814713564035696814197,0.016814713564035696814197,577.706218816681665983714172,joint,low,0.000999828781197395337535,0.000000171218802604662465,0.000457522878281962193606,0.004559039360409355096952,0.004920504246906855451227,0.004920504246906855451227,0.004559039360409355096952,0.004920504246906855451227,0.003914738697201025641104,0.000000015088330139405632,0.000118099616671973314955,0.000000763390841038197558,0.000000763390841038197558,0.000000007996328030631629,0.000424651180195159059546,0.000022887811918902806046,0.000000007996412488413097,0.000763243341964112245313,0.000000000000000633768094,0.000000000000000316880879,0.000000000000704186770998,0.000000000000352089864601,0.000100000000000000000000,0.000000100000000000000000,5.237437730853570000000000,1.000022001120010000000000,0.000556281920305994751474,0.000680432395813164818989,0.000635221827344874772189,0.000635221827344874772189,True,131,100,0.068682414817280000000000,13.393070889369600000000000,0.000006000000000000000000,0.000000032053754758342240,0.000536445067963279464155,0.763607634000000000000000,0.000002480293008497603467,True,0.000171218802604662465043,two-mode,False,0.633024050760551213357118,,,,
3,combined,0.000463000000000000000000,certified_conditional,0.000000000000000000000001,183,0.001175836743277338560322,flat,,0.001046189538217852234090,0.001046189538217852234091,154.706547050000000000000000,35,631158312,direct-fast,787,0.300000000000000000000000,0.053266019474870313234013,-0.246733980525129686765987,2935621064,2.935591707789360000000000,0.000000000465843000000000,2.668719733930470000000000,571.483581409773614520985004,1045.033651212295870963805738,87228.040466241945600000000000,0.000000302458967291515404,0.016814794232036184937031,0.016814794232036184937031,0.016814794232036184937031,571.483581409773614520985004,joint,low,0.000999698919860531257561,0.000000301080139468742439,0.000463301080139468742440,0.004815642785660464525170,0.005176567251990016547005,0.005176567251990016547005,0.004815642785660464525170,0.005176567251990016547005,0.004171442874066666666751,0.000000015088330139405632,0.000118099616671973314955,0.000000763390841038197558,0.000000763390841038197558,0.000000007996328030631629,0.000424550428580627462118,0.000022345772910557830212,0.000000007996412488413097,0.000763144209189977291279,0.000000000000000633768094,0.000000000000000316880879,0.000000000000704186770998,0.000000000000352089864601,0.000100000000000000000000,0.000000100000000000000000,5.237437730853570000000000,1.000022001120010000000000,0.000556149938330624262912,0.000648342238397394023780,0.000603199591691799140599,0.000603199591691799140599,True,131,100,0.068682414817280000000000,12.568881911562240000000000,0.000006000000000000000000,0.000000032053754758342240,0.000530666866105772915321,0.763607634000000000000000,0.000002480293008497603467,True,0.000301080139468742439943,two-mode,False,0.637055414141184939068720,,,,
3,combined,0.000465185345238575945201,certified_conditional,0.000000000000000000000001,179,0.001205406490363765113016,flat,,0.001072498938928823778702,0.001072498938928823778703,154.706547050000000000000000,35,631158312,direct-fast,809,0.300000000000000000000000,0.272183308542152265022147,-0.027816691457847734977853,2935621064,2.935591707789360000000000,0.000000000465843000000000,2.668719733930470000000000,569.409368940804264033408615,1042.901942389722995899889678,85321.416630914252800000000000,0.000000295883772350395504,0.016814821121369680977975,0.016814821121369680977975,0.016814821121369680977975,569.409368940804264033408615,joint,low,0.000999958197813271686483,0.000000041802186728313517,0.000465227147425304258719,0.004909056772644611767535,0.005269801098918181011890,0.005269801098918181011890,0.004909056772644611767535,0.005269801098918181011890,0.004264659474604469273829,0.000000015088330139405632,0.000118099616671973314955,0.000000763390841038197558,0.000000763390841038197558,0.000000007996328030631629,0.000424747815026972097404,0.000022165093241109504933,0.000000007996412488413097,0.000763342135249787474364,0.000000000000000633768094,0.000000000000000316880879,0.000000000000704186770998,0.000000000000352089864601,0.000100000000000000000000,0.000000100000000000000000,5.237437730853570000000000,1.000022001120010000000000,0.000556408509403862555639,0.000636660127980424487604,0.000591540132270057016392,0.000591540132270057016392,True,131,100,0.068682414817280000000000,12.294152252293120000000000,0.000006000000000000000000,0.000000032053754758342240,0.000528740798819937399042,0.763607634000000000000000,0.000002480293008497603467,True,0.000041802186728313517147,two-mode,False,0.641138461667724225366368,,,,
3,combined,0.000473019030997794359262,certified_conditional,0.000000000000000000000001,161,0.000755622376624972635617,mid_flat,,0.000638704529345697366997,0.000638704529345697366998,154.706547050000000000000000,35,631158312,direct-fast,435,0.300000000000000000000000,0.040576374463790126829488,-0.259423625536209873170512,2935621064,2.935591707789360000000000,0.000000000465843000000000,2.668719733930470000000000,560.075412830442186839314864,845.154512762271588444201845,76741.609371939635200000000000,0.000000266295395115355953,0.016814942123370413162225,0.010128793038591789170553,0.016814942123370413162225,560.075412830442186839314864,joint,peak,0.000999124580786230277292,0.000000875419213769722708,0.000473894450211564081970,0.005385212209755720604003,0.005745145905777367349698,0.005745145905777367349698,0.005385212209755720604003,0.005745145905777367349698,0.004741453701578881987673,0.000000015088330139405632,0.000118099616671973314955,0.000000763390841038197558,0.000000763390841038197558,0.000000007996328030631629,0.000424109025163668220028,0.000021352034728592041182,0.000000007996412488413097,0.000762705773647078562080,0.000000000000000633768094,0.000000000000000316880879,0.000000000000704186770998,0.000000000000352089864601,0.000100000000000000000000,0.000000100000000000000000,5.237437730853570000000000,1.000022001120010000000000,0.000555571711419061533568,0.000577113366606066836156,0.000532095374067804818538,0.000532095374067804818538,True,131,100,0.068682414817280000000000,11.057868785582080000000000,0.000006000000000000000000,0.000000032053754758342240,0.000520073496033677575791,0.763607634000000000000000,0.000002480293008497603467,True,0.000875419213769722708312,two-mode,False,0.649463636494564068856378,,,,
3,combined,0.000477750000000000000000,certified_conditional,0.000000000000000000000001,151,0.000805337594679637161346,mid_flat,,0.000688419250248181346081,0.000688419250248181346082,154.706547050000000000000000,35,631158312,direct-fast,478,0.300000000000000000000000,0.025726196281380801524817,-0.274273803718619198475183,2935621064,2.935591707789360000000000,0.000000000465843000000000,2.668719733930470000000000,554.889881658018810620373891,836.863248564094950243123481,71975.049783620403200000000000,0.000000249857407762556203,0.016815009346704153264586,0.010022572207239734370533,0.016815009346704153264586,554.889881658018810620373891,joint,peak,0.000999040381573847127336,0.000000959618426152872664,0.000478709618426152872665,0.005699150141624586101862,0.006058633487506275903857,0.006058633487506275903857,0.005699150141624586101862,0.006058633487506275903857,0.005055457257974834437188,0.000000015088330139405632,0.000118099616671973314955,0.000000763390841038197558,0.000000763390841038197558,0.000000007996328030631629,0.000424043400636581268372,0.000020900335554971227986,0.000000007996412488413097,0.000762641498153655479919,0.000000000000000633768094,0.000000000000000316880879,0.000000000000704186770998,0.000000000000352089864601,0.000100000000000000000000,0.000000100000000000000000,5.237437730853570000000000,1.000022001120010000000000,0.000555485745007923043122,0.000537853104812621176080,0.000492891845962775714110,0.000492891845962775714110,True,131,100,0.068682414817280000000000,10.371044637409280000000000,0.000006000000000000000000,0.000000032053754758342240,0.000515258327819088785096,0.763607634000000000000000,0.000002480293008497603467,True,0.000959618426152872664939,two-mode,False,0.658007894869478645069809,,,,
3,combined,0.000480852716757012773322,certified_conditional,0.000000000000000000000001,145,0.000838435671357126146968,mid_flat,,0.000721516995944903556813,0.000721516995944903556814,154.706547050000000000000000,35,631158312,direct-fast,506,0.300000000000000000000000,0.204058817381858976732941,-0.095941182618141023267059,2935621064,2.935591707789360000000000,0.000000000465843000000000,2.668719733930470000000000,551.778562954564784889009307,831.882133803262117693753499,69115.114030628864000000000000,0.000000239994615350876353,0.016815049680704397326003,0.009958839708428501490522,0.016815049680704397326003,551.778562954564784889009307,joint,peak,0.000999253997402106626240,0.000000746002597893373760,0.000481598719354906147083,0.005908503735796237861191,0.006267716871593953496966,0.006267716871593953496966,0.005908503735796237861191,0.006267716871593953496966,0.005264648592787586207002,0.000000015088330139405632,0.000118099616671973314955,0.000000763390841038197558,0.000000763390841038197558,0.000000007996328030631629,0.000424205659995481257887,0.000020629316050798740069,0.000000007996412488413097,0.000762804566932753791131,0.000000000000000633768094,0.000000000000000316880879,0.000000000000704186770998,0.000000000000352089864601,0.000100000000000000000000,0.000000100000000000000000,5.237437730853570000000000,1.000022001120010000000000,0.000555698300516929337734,0.000511671888463106940378,0.000466744697552080033586,0.000466744697552080033586,True,131,100,0.068682414817280000000000,9.958950148505600000000000,0.000006000000000000000000,0.000000032053754758342240,0.000512369226890335510678,0.763607634000000000000000,0.000002480293008497603467,True,0.000746002597893373760416,two-mode,False,0.662364900795759587907122,,,,
3,combined,0.000488686402516231187383,certified_conditional,0.000000000000000000000001,129,0.000941633777100271291883,mid_flat,,0.000824714069706991270277,0.000824714069706991270278,154.706547050000000000000000,35,631158312,direct-fast,595,0.300000000000000000000000,0.250860015479760158920320,-0.049139984520239841079680,2935621064,2.935591707789360000000000,0.000000000465843000000000,2.668719733930470000000000,543.481713078687382938703751,818.570117971519061566242985,61488.618689318092800000000000,0.000000213693835586396753,0.016815157238038381489781,0.009788886378265213810491,0.016815157238038381489781,543.481713078687382938703751,joint,peak,0.000999383414017982975188,0.000000616585982017024812,0.000489302988498248212195,0.006561580041051317405344,0.006920072616625101931199,0.006920072616625101931199,0.006561580041051317405344,0.006920072616625101931199,0.005917628263210852713297,0.000000015088330139405632,0.000118099616671973314955,0.000000763390841038197558,0.000000763390841038197558,0.000000007996328030631629,0.000424302294827294295745,0.000019906597373005438956,0.000000007996412488413097,0.000762903360218429020182,0.000000000000000633768094,0.000000000000000316880879,0.000000000000704186770998,0.000000000000352089864601,0.000100000000000000000000,0.000000100000000000000000,5.237437730853570000000000,1.000022001120010000000000,0.000555824889614797141899,0.000429999863159325952995,0.000385163645301909072776,0.000385163645301909072776,True,131,100,0.068682414817280000000000,8.860031511429120000000000,0.000006000000000000000000,0.000000032053754758342240,0.000504664957746993445566,0.763607634000000000000000,0.000002480293008497603467,True,0.000616585982017024812519,two-mode,False,0.671254362551393189400700,,,,
3,combined,0.000492500000000000000000,certified_conditional,0.000000000000000000000001,121,0.001003383463323628632693,mid_flat,,0.000886457427456988424422,0.000886457427456988424423,154.706547050000000000000000,35,631158312,direct-fast,649,0.300000000000000000000000,0.053613338209267476027594,-0.246386661790732523972406,2935621064,2.935591707789360000000000,0.000000000465843000000000,2.668719733930470000000000,539.333288140748681963550972,811.894372842380604718417836,57675.371018662707200000000000,0.000000200543445704156953,0.016815211016705373571670,0.009703909713183569970475,0.016815211016705373571670,539.333288140748681963550972,joint,peak,0.000999344876930080755250,0.000000655123069919244750,0.000493155123069919244751,0.006952797693245450485463,0.007310929988707269456358,0.007310929988707269456358,0.006952797693245450485463,0.007310929988707269456358,0.006308876412844628099300,0.000000015088330139405632,0.000118099616671973314955,0.000000763390841038197558,0.000000763390841038197558,0.000000007996328030631629,0.000424271797387651989861,0.000019545238034108788400,0.000000007996412488413097,0.000762873942005717809894,0.000000000000000633768094,0.000000000000000316880879,0.000000000000704186770998,0.000000000000352089864601,0.000100000000000000000000,0.000000100000000000000000,5.237437730853570000000000,1.000022001120010000000000,0.000555784938767890649570,0.000381075200402184050926,0.000336284554503563586740,0.000336284554503563586740,True,131,100,0.068682414817280000000000,8.310572192890880000000000,0.000006000000000000000000,0.000000032053754758342240,0.000500812823175322413010,0.763607634000000000000000,0.000002480293008497603467,True,0.000655123069919244750873,two-mode,False,0.675789189325381952324788,,,,
3,combined,0.000496520088275449601443,certified_conditional,0.000000000000000000000001,113,0.001073799772174825600283,mid_flat,,0.000954282543748099516476,0.000954282543748099516477,154.706547050000000000000000,35,631158312,direct-fast,707,0.300000000000000000000000,0.232647661008844948570878,-0.067352338991155051429122,2935621064,2.935591707789360000000000,0.000000000465843000000000,2.668719733930470000000000,535.184863202809980988398194,805.201776057470384113433600,53862.123348007321600000000000,0.000000187393055821917153,0.016815264795372365653559,0.009618933048101926130460,0.016815264795372365653559,535.184863202809980988398194,joint,peak,0.000999512830633859324136,0.000000487169366140675864,0.000497007257641590277308,0.007399570943240419322961,0.007757342958590272738896,0.007757342958590272738896,0.007399570943240419322961,0.007757342958590272738896,0.006755522530568141593056,0.000000015088330139405632,0.000118099616671973314955,0.000000763390841038197558,0.000000763390841038197558,0.000000007996328030631629,0.000424398929659107333603,0.000019183878695212137843,0.000000007996412488413097,0.000763002153504104249233,0.000000000000000633768094,0.000000000000000316880879,0.000000000000704186770998,0.000000000000352089864601,0.000100000000000000000000,0.000000100000000000000000,5.237437730853570000000000,1.000022001120010000000000,0.000555951478712664946065,0.000325202898980392790849,0.000280457898421244003003,0.000280457898421244003003,True,131,100,0.068682414817280000000000,7.761112874352640000000000,0.000006000000000000000000,0.000000032053754758342240,0.000496960688603651380453,0.763607634000000000000000,0.000002480293008497603467,True,0.000487169366140675864622,two-mode,False,0.680385714422826344676415,,,,
3,combined,0.000500000000000000000000,certified_conditional,0.000000000000000000000001,105,0.001154844957833750412038,mid_flat,,0.001027512297142374294104,0.001027512297142374294105,154.706547050000000000000000,35,631158312,direct-fast,771,0.300000000000000000000000,0.012465444775992407004863,-0.287534555224007592995137,2935621064,2.935591707789360000000000,0.000000000465843000000000,2.668719733930470000000000,531.036438264871280013245416,798.488512147557057013820292,50048.875677351936000000000000,0.000000174242665939677352,0.016815318574039357735448,0.009533956383020282290444,0.016815318574039357735448,531.036438264871280013245416,joint,peak,0.000999140607786738690137,0.000000859392213261309863,0.000500859392213261309864,0.007913992197272162612054,0.008271403932510050473029,0.008271403932510050473029,0.007913992197272162612054,0.008271403932510050473029,0.007270229009087619047765,0.000000015088330139405632,0.000118099616671973314955,0.000000763390841038197558,0.000000763390841038197558,0.000000007996328030631629,0.000424113705171373167988,0.000018822519356315487287,0.000000007996412488413097,0.000762718008243301179213,0.000000000000000633768094,0.000000000000000316880879,0.000000000000704186770998,0.000000000000352089864601,0.000100000000000000000000,0.000000100000000000000000,5.237437730853570000000000,1.000022001120010000000000,0.000555577842106540039675,0.000260870713999843755677,0.000216171448133110590997,0.000216171448133110590997,True,131,100,0.068682414817280000000000,7.211653555814400000000000,0.000006000000000000000000,0.000000032053754758342240,0.000493108554031980347897,0.763607634000000000000000,0.000002480293008497603467,True,0.000859392213261309863371,two-mode,False,0.685045205617496002676695,,,,
3,combined,0.000504353774034668015503,certified_conditional,0.000000000000000000000001,97,0.001249122010539030295100,mid_flat,,0.001111394406455752957712,0.001111394406455752957713,154.706547050000000000000000,35,631158312,direct-fast,843,0.300000000000000000000000,0.153179789588119692644350,-0.146820210411880307355650,2935621064,2.935591707789360000000000,0.000000000465843000000000,2.668719733930470000000000,526.888013326932579038092637,791.749519775905168767832019,46235.628006696550400000000000,0.000000161092276057437552,0.016815372352706349817337,0.009448979717938638450429,0.016815372352706349817337,526.888013326932579038092637,joint,peak,0.000999642247249735673084,0.000000357752750264326916,0.000504711526784932342420,0.008513980572805121695757,0.008871032027931044001771,0.008871032027931044001771,0.008513980572805121695757,0.008871032027931044001771,0.007869835525301030927993,0.000000015088330139405632,0.000118099616671973314955,0.000000763390841038197558,0.000000763390841038197558,0.000000007996328030631629,0.000424495564490920371462,0.000018461160017418836731,0.000000007996412488413097,0.000763100946789779478284,0.000000000000000633768094,0.000000000000000316880879,0.000000000000704186770998,0.000000000000352089864601,0.000100000000000000000000,0.000000100000000000000000,5.237437730853570000000000,1.000022001120010000000000,0.000556078067810532750230,0.000185837727204582666428,0.000141184309051695986839,0.000141184309051695986839,True,131,100,0.068682414817280000000000,6.662194237276160000000000,0.000006000000000000000000,0.000000032053754758342240,0.000489256419460309315341,0.763607634000000000000000,0.000002480293008497603467,True,0.000357752750264326916726,two-mode,False,0.694558333473279887760599,,,,
3,combined,0.000507250000000000000000,certified_conditional,0.000000000000000000000001,91,0.001330589681083266715789,mid_flat,,0.001183879490047205172461,0.001183879490047205172462,154.706547050000000000000000,35,631158312,direct-fast,906,0.300000000000000000000000,0.039992728855120988387167,-0.260007271144879011612833,2935621064,2.935591707789360000000000,0.000000000465843000000000,2.668719733930470000000000,523.776694623478553306728053,786.674353643429120998958455,43375.692253705011200000000000,0.000000151229483645757702,0.016815412686706593878754,0.009385247219127405570417,0.016815412686706593878754,523.776694623478553306728053,joint,peak,0.000999649372286314383164,0.000000350627713685616836,0.000507600627713685616837,0.009032875456868376624303,0.009389656701910324764098,0.009389656701910324764098,0.009032875456868376624303,0.009389656701910324764098,0.008388725779716483516652,0.000000015088330139405632,0.000118099616671973314955,0.000000763390841038197558,0.000000763390841038197558,0.000000007996328030631629,0.000424500194138722711349,0.000018190140513246348813,0.000000007996412488413097,0.000763106385857780139868,0.000000000000000633768094,0.000000000000000316880879,0.000000000000704186770998,0.000000000000352089864601,0.000100000000000000000000,0.000000100000000000000000,5.237437730853570000000000,1.000022001120010000000000,0.000556084132527858256017,0.000120946081679847043116,0.000076327140323747734420,0.000076327140323747734420,True,131,100,0.068682414817280000000000,6.250099748372480000000000,0.000006000000000000000000,0.000000032053754758342240,0.000486367318531556040924,0.763607634000000000000000,0.000002480293008497603467,True,0.000350627713685616836807,two-mode,False,0.694558333473279887760599,,,,
3,combined,0.000510489000000000000000,certified_conditional,0.000000000000000000000001,85,0.001423424933563908218434,mid_flat,,0.001266478771349092579965,0.001266478771349092579966,154.706547050000000000000000,35,631158312,direct-fast,977,0.300000000000000000000000,0.148221427089610837024330,-0.151778572910389162975670,2935621064,2.935591707789360000000000,0.000000000465843000000000,2.668719733930470000000000,520.665375920024527575363470,781.577084024280621921667646,40515.756500713472000000000000,0.000000141366691234077852,0.016815453020706837940170,0.009321514720316172690405,0.016815453020706837940170,520.665375920024527575363470,joint,peak,0.000999999271357561108747,0.000000000728642438891253,0.000510489728642438891254,0.009625287100474329192399,0.009981798135432303165974,0.009981798135432303165974,0.009625287100474329192399,0.009981798135432303165974,0.008980871128872941176651,0.000000015088330139405632,0.000118099616671973314955,0.000000763390841038197558,0.000000763390841038197558,0.000000007996328030631629,0.000424766488588217619447,0.000017919121009073860896,0.000000007996412488413097,0.000763373489727473369663,0.000000000000000633768094,0.000000000000000316880879,0.000000000000704186770998,0.000000000000352089864601,0.000100000000000000000000,0.000000100000000000000000,5.237437730853570000000000,1.000022001120010000000000,0.000556432971279851777306,0.000046860621286452190341,0.000002276253831836660137,0.000002276253831836660137,True,131,100,0.068682414817280000000000,5.838005259468800000000000,0.000006000000000000000000,0.000000032053754758342240,0.000483478217602802766507,0.763607634000000000000000,0.000002480293008497603467,True,0.000000728642438891253994,two-mode,False,0.699414685455603129796438,,,,
3,combined,0.000510490000000000000000,certified_conditional,0.000000000000000000000001,83,0.001457317168596523370194,mid_flat,,0.001296634064522797506514,0.001296634064522797506515,154.706547050000000000000000,35,631158312,direct-fast,1003,0.300000000000000000000000,0.163923967714900781764882,-0.136076032285099218235118,2935621064,2.935591707789360000000000,0.000000000465843000000000,2.668719733930470000000000,519.628269685539852331575275,779.872263617649375593721795,39562.444583049625600000000000,0.000000138079093763517902,0.016815466465373585960643,0.009300270554045761730402,0.016815466465373585960643,519.628269685539852331575275,joint,peak,0.000999037237714643350607,0.000000962762285356649393,0.000511452762285356649394,0.009840958972379112235622,0.010197379937309094820457,0.010197379937309094820457,0.009840958972379112235622,0.010197379937309094820457,0.009197277662098795180907,0.000000015088330139405632,0.000118099616671973314955,0.000000763390841038197558,0.000000763390841038197558,0.000000007996328030631629,0.000424031827267146658413,0.000017828781174349698257,0.000000007996412488413097,0.000762639098213135182528,0.000000000000000633768094,0.000000000000000316880879,0.000000000000704186770998,0.000000000000352089864601,0.000100000000000000000000,0.000000100000000000000000,5.237437730853570000000000,1.000022001120010000000000,0.000555470584197182951070,0.000019889257545669389539,-0.000024683561233878424567,-0.000024683561233878424567,False,131,100,0.068682414817280000000000,5.700640429834240000000000,0.000006000000000000000000,0.000000032053754758342240,0.000482515183959885008367,0.763607634000000000000000,0.000002480293008497603467,True,0.000962762285356649393056,two-mode,False,0.699414685455603129796438,,,,
3,combined,0.000510491000000000000000,certified_conditional,0.000000000000000000000001,83,0.001457317168596523370194,mid_flat,,0.001296634064522797506514,0.001296634064522797506515,154.706547050000000000000000,35,631158312,direct-fast,1003,0.300000000000000000000000,0.163923967714900781764882,-0.136076032285099218235118,2935621064,2.935591707789360000000000,0.000000000465843000000000,2.668719733930470000000000,519.628269685539852331575275,779.872263617649375593721795,39562.444583049625600000000000,0.000000138079093763517902,0.016815466465373585960643,0.009300270554045761730402,0.016815466465373585960643,519.628269685539852331575275,joint,peak,0.000999038237714643350607,0.000000961762285356649393,0.000511452762285356649394,0.009840959735753158189822,0.010197380700683140774657,0.010197380700683140774657,0.009840959735753158189822,0.010197380700683140774657,0.009197277662098795180907,0.000000015088330139405632,0.000118099616671973314955,0.000000763390841038197558,0.000000763390841038197558,0.000000007996328030631629,0.000424032590641192612613,0.000017828781174349698257,0.000000007996412488413097,0.000762639861587181136728,0.000000000000000633768094,0.000000000000000316880879,0.000000000000704186770998,0.000000000000352089864601,0.000100000000000000000000,0.000000100000000000000000,5.237437730853570000000000,1.000022001120010000000000,0.000555471584197182951070,0.000019889162080095312296,-0.000024683656698444198323,-0.000024683656698444198323,False,131,100,0.068682414817280000000000,5.700640429834240000000000,0.000006000000000000000000,0.000000032053754758342240,0.000482515183959885008367,0.763607634000000000000000,0.000002480293008497603467,True,0.000961762285356649393056,two-mode,False,0.699414685455603129796438,,,,
3,combined,0.000512187459793886429564,certified_conditional,0.000000000000000000000001,81,0.001492862683386827065942,mid_flat,,0.001328260347607414868504,0.001328260347607414868505,154.706547050000000000000000,35,631158312,direct-fast,1030,0.300000000000000000000000,0.260880290809717065273266,-0.039119709190282934726734,2935621064,2.935591707789360000000000,0.000000000465843000000000,2.668719733930470000000000,518.591163451055177087787080,778.164228521447881153169642,38609.132665385779200000000000,0.000000134791496292957952,0.016815479910040333981115,0.009279026387775350770398,0.016815479910040333981115,518.591163451055177087787080,joint,peak,0.000999771663865612022032,0.000000228336134387977968,0.000512415795928274407533,0.010068612620042076645317,0.010424943514944067841412,0.010424943514944067841412,0.010068612620042076645317,0.010424943514944067841412,0.009424370937706172839695,0.000000015088330139405632,0.000118099616671973314955,0.000000763390841038197558,0.000000763390841038197558,0.000000007996328030631629,0.000424592199322733409320,0.000017738441339625535618,0.000000007996412488413097,0.000763199740075454707335,0.000000000000000633768094,0.000000000000000316880879,0.000000000000704186770998,0.000000000000352089864601,0.000100000000000000000000,0.000000100000000000000000,5.237437730853570000000000,1.000022001120010000000000,0.000556204656908400554396,-0.000008580515929216694211,-0.000053141770207554499501,-0.000053141770207554499501,False,131,100,0.068682414817280000000000,5.563275600199680000000000,0.000006000000000000000000,0.000000032053754758342240,0.000481552150316967250228,0.763607634000000000000000,0.000002480293008497603467,True,0.000228336134387977968829,two-mode,False,0.704339436761621065382078,,,,
3,combined,0.000520021145553104843624,certified_conditional,0.000000000000000000000001,65,0.001854780652160828331738,mid_flat,,0.001650273411741700736043,0.001650273411741700736044,154.706547050000000000000000,35,631158312,direct-fast,1309,0.300000000000000000000000,0.020799216866028315540444,-0.279200783133971684459556,2935621064,2.935591707789360000000000,0.000000000465843000000000,2.668719733930470000000000,510.294313575177775137481524,764.349149586540650528311341,30982.637324075008000000000000,0.000000108490716528478352,0.016815587467374318144893,0.009109073057612063090367,0.016815587467374318144893,510.294313575177775137481524,joint,peak,0.000999901080481488370980,0.000000098919518511629020,0.000520120065071616472645,0.012388554408770793766793,0.012744164743448853852968,0.012744164743448853852968,0.012388554408770793766793,0.012744164743448853852968,0.011744216091603076923312,0.000000015088330139405632,0.000118099616671973314955,0.000000763390841038197558,0.000000763390841038197558,0.000000007996328030631629,0.000424688834154546447179,0.000017015722661832234505,0.000000007996412488413097,0.000763298533361129936386,0.000000000000000633768094,0.000000000000000316880879,0.000000000000704186770998,0.000000000000352089864601,0.000100000000000000000000,0.000000100000000000000000,5.237437730853570000000000,1.000022001120010000000000,0.000556331246006268358562,-0.000298706406193058880887,-0.000343174485736595433995,-0.000343174485736595433995,False,131,100,0.068682414817280000000000,4.464356963123200000000000,0.000006000000000000000000,0.000000032053754758342240,0.000473847881173625185116,0.763607634000000000000000,0.000002480293008497603467,True,0.000098919518511629020932,two-mode,False,0.714400000143914848078456,,,,
3,combined,0.000522000000000000000000,certified_conditional,0.000000000000000000000001,61,0.001974447077319973911557,mid_flat,,0.001756745473269972676116,0.001756745473269972676117,154.706547050000000000000000,35,631158312,direct-fast,1401,0.300000000000000000000000,0.016417571449163486999753,-0.283582428550836513000247,2935621064,2.935591707789360000000000,0.000000000465843000000000,2.668719733930470000000000,508.220101106208424649905135,760.838627855122072673006040,29076.013488747315200000000000,0.000000101915521587358452,0.016815614356707814185837,0.009066584725071241170359,0.016815614356707814185837,508.220101106208424649905135,joint,peak,0.000999953867642548011078,0.000000046132357451988922,0.000522046132357451988923,0.013158706696102963829390,0.013514136890725041138085,0.013514136890725041138085,0.013158706696102963829390,0.013514136890725041138085,0.012514328622200000000251,0.000000015088330139405632,0.000118099616671973314955,0.000000763390841038197558,0.000000763390841038197558,0.000000007996328030631629,0.000424728590889793432837,0.000016835042992383909227,0.000000007996412488413097,0.000763338829709842469843,0.000000000000000633768094,0.000000000000000316880879,0.000000000000704186770998,0.000000000000352089864601,0.000100000000000000000000,0.000000100000000000000000,5.237437730853570000000000,1.000022001120010000000000,0.000556383326287825862464,-0.000395019649519488034879,-0.000439464184197234715725,-0.000439464184197234715725,False,131,100,0.068682414817280000000000,4.189627303854080000000000,0.000006000000000000000000,0.000000032053754758342240,0.000471921813887789668838,0.763607634000000000000000,0.000002480293008497603467,True,0.000046132357451988922741,two-mode,False,0.719538849065805916937757,,,,
3,combined,0.000527854831312323257685,certified_conditional,0.000000000000000000000001,47,0.002550341748398362014439,mid_flat,,0.002269142269374781387719,0.002269142269374781387720,154.706547050000000000000000,35,631158312,direct-fast,1843,0.300000000000000000000000,0.220330902880501499647678,-0.079669097119498500352322,2935621064,2.935591707789360000000000,0.000000000465843000000000,2.668719733930470000000000,500.960357464815697943387772,748.246405107578211795580509,22402.830065100390400000000000,0.000000078902339293438801,0.016815708469375050329143,0.008917875561178364450332,0.016815708469375050329143,500.960357464815697943387772,joint,peak,0.000999067463454446961788,0.000000932536545553038212,0.000528787367857876295897,0.016885700505053349136643,0.017240500209479486724158,0.017240500209479486724158,0.016885700505053349136643,0.017240500209479486724158,0.016242000977748936170538,0.000000015088330139405632,0.000118099616671973314955,0.000000763390841038197558,0.000000763390841038197558,0.000000007996328030631629,0.000424050044291242569803,0.000016202664149314770754,0.000000007996412488413097,0.000762662171758421024102,0.000000000000000633768094,0.000000000000000316880879,0.000000000000704186770998,0.000000000000352089864601,0.000100000000000000000000,0.000000100000000000000000,5.237437730853570000000000,1.000022001120010000000000,0.000555494448021467336490,-0.000861107808318545055856,-0.000905468573559838681590,-0.000905468573559838681590,False,131,100,0.068682414817280000000000,3.228073496412160000000000,0.000006000000000000000000,0.000000032053754758342240,0.000465180578387365361864,0.763607634000000000000000,0.000002480293008497603467,True,0.000932536545553038212098,two-mode,False,0.730041605986459196358227,,,,
3,combined,0.000535688517071541671745,certified_conditional,0.000000000000000000000001,31,0.003825537091500507099392,mid_flat,,0.003403735175035429249125,0.003403735175035429249126,154.706547050000000000000000,35,631158312,direct-fast,2889,0.100000000000000000000000,0.008227578196524766693023,-0.091772421803475233306977,2935621064,2.935591707789360000000000,0.000000000465843000000000,2.668719733930470000000000,492.663507588938295993082216,732.655520694896934284798935,14776.334723789619200000000000,0.000000052601559528959201,0.016815816026709034492921,0.008747922231015076770301,0.016815816026709034492921,492.663507588938295993082216,joint,peak,0.000999196880070323310736,0.000000803119929676689264,0.000536491637001218361009,0.025268765386465258262520,0.025622844530667464740115,0.025622844530667464740115,0.025268765386465258262520,0.025622844530667464740115,0.024624969224329032258558,0.000000015088330139405632,0.000118099616671973314955,0.000000763390841038197558,0.000000763390841038197558,0.000000007996328030631629,0.000424146679123055607661,0.000015479945471521469641,0.000000007996412488413097,0.000762760965044096253153,0.000000000000000633768094,0.000000000000000316880879,0.000000000000704186770998,0.000000000000352089864601,0.000100000000000000000000,0.000000100000000000000000,5.237437730853570000000000,1.000022001120010000000000,0.000555621037119335140656,-0.001909472113697064209557,-0.001953731695720445259894,-0.001953731695720445259894,False,131,100,0.068682414817280000000000,2.129154859335680000000000,0.000006000000000000000000,0.000000032053754758342240,0.000457476309244023296752,0.763607634000000000000000,0.000002480293008497603467,True,0.000803119929676689264201,two-mode,False,0.740855555704761461835599,,,,
3,combined,0.000536750000000000000000,certified_conditional,0.000000000000000000000001,29,0.004080576160120936116383,mid_flat,,0.003630653756167558821406,0.003630653756167558821407,154.706547050000000000000000,35,631158312,direct-fast,3105,0.100000000000000000000000,0.002385654346562702983180,-0.097614345653437297016820,2935621064,2.935591707789360000000000,0.000000000465843000000000,2.668719733930470000000000,491.626401354453620749294021,730.520695374625374794352617,13823.022806125772800000000000,0.000000049313962058399251,0.016815829471375782513393,0.008726678064744665810297,0.016815829471375782513393,491.626401354453620749294021,joint,peak,0.000999295329355863880853,0.000000704670644136119147,0.000537454670644136119148,0.026967114009896848670403,0.027321103084071063759258,0.027321103084071063759258,0.026967114009896848670403,0.027321103084071063759258,0.026323242963937931035010,0.000000015088330139405632,0.000118099616671973314955,0.000000763390841038197558,0.000000763390841038197558,0.000000007996328030631629,0.000424221562945747239092,0.000015389605636797307002,0.000000007996412488413097,0.000762836118673520658483,0.000000000000000633768094,0.000000000000000316880879,0.000000000000704186770998,0.000000000000352089864601,0.000100000000000000000000,0.000000100000000000000000,5.237437730853570000000000,1.000022001120010000000000,0.000555719132965124642675,-0.002121863178311435486409,-0.002166109253264456057548,-0.002166109253264456057548,False,131,100,0.068682414817280000000000,1.991790029701120000000000,0.000006000000000000000000,0.000000032053754758342240,0.000456513275601105538613,0.763607634000000000000000,0.000002480293008497603467,True,0.000704670644136119147737,two-mode,False,0.740855555704761461835599,,,,
3,combined,0.000543522202830760085805,certified_conditional,0.000000000000000000000001,15,0.007651123120806942354250,mid_flat,,0.006807513892017372833344,0.006807513892017372833345,154.706547050000000000000000,35,631158312,direct-fast,6128,0.100000000000000000000000,0.020598720447093811045374,-0.079401279552906188954626,2935621064,2.935591707789360000000000,0.000000000465843000000000,2.668719733930470000000000,484.366657713060894042776659,712.105575783911662064720786,7149.839382478848000000000000,0.000000026300779764479601,0.016815923584043018656699,0.008577968900851789090270,0.016815923584043018656699,484.366657713060894042776659,joint,peak,0.000999326296686199659684,0.000000673703313800340316,0.000544195906144560426122,0.051535495860581372376173,0.051888854444559647743848,0.051888854444559647743848,0.051535495860581372376173,0.051888854444559647743848,0.050891603063613333334352,0.000000015088330139405632,0.000118099616671973314955,0.000000763390841038197558,0.000000763390841038197558,0.000000007996328030631629,0.000424243313954868645520,0.000014757226793728168528,0.000000007996412488413097,0.000762859758329771482204,0.000000000000000633768094,0.000000000000000316880879,0.000000000000704186770998,0.000000000000352089864601,0.000100000000000000000000,0.000000100000000000000000,5.237437730853570000000000,1.000022001120010000000000,0.000555747626217202944822,-0.005194321156094504501293,-0.005238455933239703443051,-0.005238455933239703443051,False,131,100,0.068682414817280000000000,1.030236222259200000000000,0.000006000000000000000000,0.000000032053754758342240,0.000449772040100681231639,0.763607634000000000000000,0.000002480293008497603467,True,0.000673703313800340316305,two-mode,False,0.751994736993538983417554,,,,
3,combined,0.000549974000000000000000,certified_conditional,0.000000000000000000000001,3,0.030604639296645553883400,mid_flat,,0.027230186193909034338655,0.027230186193909034338656,154.706547050000000000000000,35,631158312,direct-fast,25659,0.030000000000000000000000,0.003624335760369609324663,-0.026375664239630390675337,2935621064,2.935591707789360000000000,0.000000000465843000000000,2.668719733930470000000000,478.144020306152842580047492,657.640515676528749563951655,1429.967876495769600000000000,0.000000006575194941119901,0.016816004252043506779532,0.008450503903229323330246,0.016816004252043506779532,478.144020306152842580047492,joint,peak,0.000999999891997933025045,0.000000000108002066974955,0.000549974108002066974956,0.255102420701372762749906,0.255455238865183089785141,0.255455238865183089785141,0.255102420701372762749906,0.255455238865183089785141,0.254458015318066666671756,0.000000015088330139405632,0.000118099616671973314955,0.000000763390841038197558,0.000000763390841038197558,0.000000007996328030631629,0.000424755900292925681848,0.000014215187785383192694,0.000000007996412488413097,0.000763373963508225161927,0.000000000000000633768094,0.000000000000000316880879,0.000000000000704186770998,0.000000000000352089864601,0.000100000000000000000000,0.000000100000000000000000,5.237437730853570000000000,1.000022001120010000000000,0.000556419100890429901596,-0.030651871679407850708532,-0.030695669992118446848171,-0.030695669992118446848171,False,131,100,0.068682414817280000000000,0.206047244451840000000000,0.000006000000000000000000,0.000000032053754758342240,0.000443993838243174682805,0.763607634000000000000000,0.000002480293008497603467,True,0.000000108002066974955547,two-mode,False,0.763474045955256276650866,,,,
3,combined,0.000549975000000000000000,no_two_mode_certificate,,,,,,,,,,,,,,,,,,,,,,,,,,,,,,,,,,,,,,,,,,,,,,,,,,,,,,,,,,,,,,,,,,,,,,,,,,0.763474045955256276650866,,,,
3,combined,0.000549976000000000000000,no_two_mode_certificate,,,,,,,,,,,,,,,,,,,,,,,,,,,,,,,,,,,,,,,,,,,,,,,,,,,,,,,,,,,,,,,,,,,,,,,,,,0.763474045955256276650866,,,,
3,combined,0.000551355000000000000000,no_two_mode_certificate,,,,,,,,,,,,,,,,,,,,,,,,,,,,,,,,,,,,,,,,,,,,,,,,,,,,,,,,,,,,,,,,,,,,,,,,,,0.763474045955256276650866,,,,
3,combined,0.000551355888589978499866,no_two_mode_certificate,,,,,,,,,,,,,,,,,,,,,,,,,,,,,,,,,,,,,,,,,,,,,,,,,,,,,,,,,,,,,,,,,,,,,,,,,,0.763474045955256276650866,,,,
3,combined,0.000551356000000000000000,no_two_mode_certificate,,,,,,,,,,,,,,,,,,,,,,,,,,,,,,,,,,,,,,,,,,,,,,,,,,,,,,,,,,,,,,,,,,,,,,,,,,,,,,
3,combined,0.000551357000000000000000,no_two_mode_certificate,,,,,,,,,,,,,,,,,,,,,,,,,,,,,,,,,,,,,,,,,,,,,,,,,,,,,,,,,,,,,,,,,,,,,,,,,,,,,,
3,combined,0.000551500000000000000000,no_two_mode_certificate,,,,,,,,,,,,,,,,,,,,,,,,,,,,,,,,,,,,,,,,,,,,,,,,,,,,,,,,,,,,,,,,,,,,,,,,,,,,,,
3,combined,0.000566250000000000000000,no_two_mode_certificate,,,,,,,,,,,,,,,,,,,,,,,,,,,,,,,,,,,,,,,,,,,,,,,,,,,,,,,,,,,,,,,,,,,,,,,,,,,,,,
3,combined,0.000581000000000000000000,no_two_mode_certificate,,,,,,,,,,,,,,,,,,,,,,,,,,,,,,,,,,,,,,,,,,,,,,,,,,,,,,,,,,,,,,,,,,,,,,,,,,,,,,
3,combined,0.000595750000000000000000,no_two_mode_certificate,,,,,,,,,,,,,,,,,,,,,,,,,,,,,,,,,,,,,,,,,,,,,,,,,,,,,,,,,,,,,,,,,,,,,,,,,,,,,,
3,combined,0.000610500000000000000000,no_two_mode_certificate,,,,,,,,,,,,,,,,,,,,,,,,,,,,,,,,,,,,,,,,,,,,,,,,,,,,,,,,,,,,,,,,,,,,,,,,,,,,,,
3,combined,0.000625250000000000000000,no_two_mode_certificate,,,,,,,,,,,,,,,,,,,,,,,,,,,,,,,,,,,,,,,,,,,,,,,,,,,,,,,,,,,,,,,,,,,,,,,,,,,,,,
3,combined,0.000640000000000000000000,no_two_mode_certificate,,,,,,,,,,,,,,,,,,,,,,,,,,,,,,,,,,,,,,,,,,,,,,,,,,,,,,,,,,,,,,,,,,,,,,,,,,,,,,
3,combined,0.000654750000000000000000,no_two_mode_certificate,,,,,,,,,,,,,,,,,,,,,,,,,,,,,,,,,,,,,,,,,,,,,,,,,,,,,,,,,,,,,,,,,,,,,,,,,,,,,,
3,combined,0.000669500000000000000000,no_two_mode_certificate,,,,,,,,,,,,,,,,,,,,,,,,,,,,,,,,,,,,,,,,,,,,,,,,,,,,,,,,,,,,,,,,,,,,,,,,,,,,,,
3,combined,0.000684250000000000000000,no_two_mode_certificate,,,,,,,,,,,,,,,,,,,,,,,,,,,,,,,,,,,,,,,,,,,,,,,,,,,,,,,,,,,,,,,,,,,,,,,,,,,,,,
3,combined,0.000699000000000000000000,no_two_mode_certificate,,,,,,,,,,,,,,,,,,,,,,,,,,,,,,,,,,,,,,,,,,,,,,,,,,,,,,,,,,,,,,,,,,,,,,,,,,,,,,
3,combined,0.000713750000000000000000,no_two_mode_certificate,,,,,,,,,,,,,,,,,,,,,,,,,,,,,,,,,,,,,,,,,,,,,,,,,,,,,,,,,,,,,,,,,,,,,,,,,,,,,,
3,combined,0.000728500000000000000000,no_two_mode_certificate,,,,,,,,,,,,,,,,,,,,,,,,,,,,,,,,,,,,,,,,,,,,,,,,,,,,,,,,,,,,,,,,,,,,,,,,,,,,,,
3,combined,0.000743250000000000000000,no_two_mode_certificate,,,,,,,,,,,,,,,,,,,,,,,,,,,,,,,,,,,,,,,,,,,,,,,,,,,,,,,,,,,,,,,,,,,,,,,,,,,,,,
3,combined,0.000758000000000000000000,no_two_mode_certificate,,,,,,,,,,,,,,,,,,,,,,,,,,,,,,,,,,,,,,,,,,,,,,,,,,,,,,,,,,,,,,,,,,,,,,,,,,,,,,
3,combined,0.000772750000000000000000,no_two_mode_certificate,,,,,,,,,,,,,,,,,,,,,,,,,,,,,,,,,,,,,,,,,,,,,,,,,,,,,,,,,,,,,,,,,,,,,,,,,,,,,,
3,combined,0.000787500000000000000000,no_two_mode_certificate,,,,,,,,,,,,,,,,,,,,,,,,,,,,,,,,,,,,,,,,,,,,,,,,,,,,,,,,,,,,,,,,,,,,,,,,,,,,,,
3,combined,0.000802250000000000000000,no_two_mode_certificate,,,,,,,,,,,,,,,,,,,,,,,,,,,,,,,,,,,,,,,,,,,,,,,,,,,,,,,,,,,,,,,,,,,,,,,,,,,,,,
3,combined,0.000817000000000000000000,no_two_mode_certificate,,,,,,,,,,,,,,,,,,,,,,,,,,,,,,,,,,,,,,,,,,,,,,,,,,,,,,,,,,,,,,,,,,,,,,,,,,,,,,
3,combined,0.000831750000000000000000,no_two_mode_certificate,,,,,,,,,,,,,,,,,,,,,,,,,,,,,,,,,,,,,,,,,,,,,,,,,,,,,,,,,,,,,,,,,,,,,,,,,,,,,,
3,combined,0.000846500000000000000000,no_two_mode_certificate,,,,,,,,,,,,,,,,,,,,,,,,,,,,,,,,,,,,,,,,,,,,,,,,,,,,,,,,,,,,,,,,,,,,,,,,,,,,,,
3,combined,0.000861250000000000000000,no_two_mode_certificate,,,,,,,,,,,,,,,,,,,,,,,,,,,,,,,,,,,,,,,,,,,,,,,,,,,,,,,,,,,,,,,,,,,,,,,,,,,,,,
3,combined,0.000876000000000000000000,no_two_mode_certificate,,,,,,,,,,,,,,,,,,,,,,,,,,,,,,,,,,,,,,,,,,,,,,,,,,,,,,,,,,,,,,,,,,,,,,,,,,,,,,
3,combined,0.000890750000000000000000,no_two_mode_certificate,,,,,,,,,,,,,,,,,,,,,,,,,,,,,,,,,,,,,,,,,,,,,,,,,,,,,,,,,,,,,,,,,,,,,,,,,,,,,,
3,combined,0.000905500000000000000000,no_two_mode_certificate,,,,,,,,,,,,,,,,,,,,,,,,,,,,,,,,,,,,,,,,,,,,,,,,,,,,,,,,,,,,,,,,,,,,,,,,,,,,,,
3,combined,0.000920250000000000000000,no_two_mode_certificate,,,,,,,,,,,,,,,,,,,,,,,,,,,,,,,,,,,,,,,,,,,,,,,,,,,,,,,,,,,,,,,,,,,,,,,,,,,,,,
3,combined,0.000935000000000000000000,no_two_mode_certificate,,,,,,,,,,,,,,,,,,,,,,,,,,,,,,,,,,,,,,,,,,,,,,,,,,,,,,,,,,,,,,,,,,,,,,,,,,,,,,
3,combined,0.000949750000000000000000,no_two_mode_certificate,,,,,,,,,,,,,,,,,,,,,,,,,,,,,,,,,,,,,,,,,,,,,,,,,,,,,,,,,,,,,,,,,,,,,,,,,,,,,,
3,combined,0.000964500000000000000000,no_two_mode_certificate,,,,,,,,,,,,,,,,,,,,,,,,,,,,,,,,,,,,,,,,,,,,,,,,,,,,,,,,,,,,,,,,,,,,,,,,,,,,,,
3,combined,0.000979250000000000000000,no_two_mode_certificate,,,,,,,,,,,,,,,,,,,,,,,,,,,,,,,,,,,,,,,,,,,,,,,,,,,,,,,,,,,,,,,,,,,,,,,,,,,,,,
3,combined,0.000994000000000000000000,no_two_mode_certificate,,,,,,,,,,,,,,,,,,,,,,,,,,,,,,,,,,,,,,,,,,,,,,,,,,,,,,,,,,,,,,,,,,,,,,,,,,,,,,
3,monitor-only,0.000050000000000000000000,certified_conditional,0.000000844205338518809630,365,0.000514153058474514881173,flat,,0.000395327494352612130284,0.000395327494352612130285,154.706547050000000000000000,35,631158312,direct-fast,224,0.300000000000000000000000,0.261683399748143729139969,-0.038316600251856270860031,2975415471,2.975385716845290000000000,0.000000000585663000000000,2.704896105690570000000000,1016.580532439510017871314064,1741.522011118590700882594626,265617.442707865600000000000000,0.000000918519598644993675,0.025669573690629183319170,0.025669573690629183319170,0.025669573690629183319170,1016.580532439510017871314064,joint,low,0.000999022872314575951473,0.000000977127685424048527,0.000050977127685424048528,0.001635602384605856060780,0.001983247688433779971058,0.001983247688433779971058,0.001635602384605856060780,0.001983247688433779971058,0.001369890411232879452083,0.000000008413023818746303,0.000000000000000000000000,0.000000000000000000000000,0.000000000000000000000000,0.000004487998013106011008,0.000161215562335101202416,0.000009347804243051447099,0.000004488045415658028519,0.000499521426485914407761,0.000000000000000633768094,0.000000000000000316880879,0.000000000000704186770998,0.000000000000352089864601,0.000100000000000000000000,0.000000100000000000000000,5.309790612375150000000000,0.000000000000000000000000,0.000322424676112194580862,0.001576075187478024413712,0.001510588698493412982357,0.001510588698493412982357,True,200,100,0.104858648576000000000000,38.273406730240000000000000,0.000005000000000000000000,0.000000048937030165408000,0.000943973935284410543473,0.500215000000000000000000,0.000000619206291779036608,True,0.000977127685424048527142,two-mode,False,0.358530107599623301732373,,,,
3,monitor-only,0.000057849310759218414061,certified_conditional,0.000000844205338518809630,365,0.000514153058474514881173,flat,,0.000395382860480606593671,0.000395382860480606593672,154.706547050000000000000000,35,631158312,direct-fast,224,0.300000000000000000000000,0.276033291315712501350523,-0.023966708684287498649477,2974262010,2.974232267379900000000000,0.000000000654653000000000,2.703847515204770000000000,1006.414727115114917692600923,1724.106791007404793873768680,262961.268280786944000000000000,0.000000909334402658543738,0.025412877953722891485978,0.025412877953722891485978,0.025412877953722891485978,1006.414727115114917692600923,joint,low,0.000997431954350648606019,0.000002568045649351393981,0.000060417356408569808042,0.001653720396290993172376,0.002001461362471086751294,0.002001461362471086751294,0.001653720396290993172376,0.002001461362471086751294,0.001383727688114019648568,0.000000008494647437588563,0.000000000000000000000000,0.000000000000000000000000,0.000000000000000000000000,0.000004531540816155054888,0.000165452672712430231386,0.000009438497152876180443,0.000004531588678609233785,0.000503763587469305052902,0.000000000000000633768094,0.000000000000000316880879,0.000000000000704186770998,0.000000000000352089864601,0.000100000000000000000000,0.000000100000000000000000,5.307693427403510000000000,0.000000000000000000000000,0.000327589740110291049114,0.001557559760603227485023,0.001492684713436708527916,0.001492684713436708527916,True,198,100,0.103810062090240000000000,37.890672662937600000000000,0.000005000000000000000000,0.000000048447659863753920,0.000934534195931566438039,0.505315049000000000000000,0.000000625278107586763028,True,0.002568045649351393981476,two-mode,False,0.361118050614775410216826,,,,
3,monitor-only,0.000064765625000000000000,certified_conditional,0.000000844205338518809630,365,0.000514153058474514881173,flat,,0.000395410543568603825363,0.000395410543568603825364,154.706547050000000000000000,35,631158312,direct-fast,224,0.300000000000000000000000,0.283208243319859590472535,-0.016791756680140409527465,2973685279,2.973655542147210000000000,0.000000000189153000000000,2.703323219961870000000000,1001.331824452917367603244353,1715.399180951811840369355707,261633.181067247616000000000000,0.000000904741804665318770,0.025284530085269745569383,0.025284530085269745569383,0.025284530085269745569383,1001.331824452917367603244353,joint,low,0.000999628154229857312201,0.000000371845770142687799,0.000065137470770142687800,0.001664435995468701320451,0.002012225521218424172791,0.002012225521218424172791,0.001664435995468701320451,0.002012225521218424172791,0.001390751686530842083333,0.000000008536080746645548,0.000000000000000000000000,0.000000000000000000000000,0.000000000000000000000000,0.000004553643761865229446,0.000169122129094296713153,0.000009484534162939496861,0.000004553691857772282143,0.000507435607610593674858,0.000000000000000633768094,0.000000000000000316880879,0.000000000000704186770998,0.000000000000352089864601,0.000100000000000000000000,0.000000100000000000000000,5.306644834917690000000000,0.000000000000000000000000,0.000333163930970511662149,0.001548014683450151498059,0.001483445541401101537582,0.001483445541401101537582,True,197,100,0.103285768847360000000000,37.699305629286400000000000,0.000005000000000000000000,0.000000048202974712926880,0.000929814326255144385321,0.507843075720000000000000,0.000000628436270466889754,True,0.000371845770142687799235,two-mode,False,0.363743636437420640279235,,,,
3,monitor-only,0.000065698621518436828121,certified_conditional,0.000000182138566114362579,363,0.000517828635035429008602,flat,,0.000399086083373752343650,0.000399086083373752343651,154.706547050000000000000000,35,631158312,direct-fast,228,0.300000000000000000000000,0.035841189973424572078546,-0.264158810026575427921454,2973685279,2.973655542147210000000000,0.000000000189153000000000,2.703323219961870000000000,999.772206680448046816784243,1713.828815539696644490364506,260199.574595646259200000000000,0.000000899797860377530142,0.025284550303585389539100,0.025284550303585389539100,0.025284550303585389539100,999.772206680448046816784243,joint,low,0.000999112924582990336098,0.000000887075417009663902,0.000066585696935446492024,0.001668269763197932956010,0.002016059521079872701829,0.002016059521079872701829,0.001668269763197932956010,0.002016059521079872701829,0.001398414230258284739439,0.000000008536080746645548,0.000000000000000000000000,0.000000000000000000000000,0.000000000000000000000000,0.000000986680693007774881,0.000168860316164943147171,0.000009484534162939496861,0.000000986691114398947157,0.000507174064487972882775,0.000000000000000633768094,0.000000000000000316880879,0.000000000000704186770998,0.000000000000352089864601,0.000100000000000000000000,0.000000100000000000000000,5.306644834917690000000000,0.000000000000000000000000,0.000332648169815011400433,0.001546641028086095683744,0.001482071850467030171976,0.001482071850467030171976,True,197,100,0.103285768847360000000000,37.492734091591680000000000,0.000005000000000000000000,0.000000048202974712926880,0.000928366100089840581097,0.507843075720000000000000,0.000000628436270466889754,True,0.000887075417009663902836,two-mode,False,0.363743636437420640279235,,,,
3,monitor-only,0.000073547932277655242182,certified_conditional,0.000000844205338518809630,365,0.000514153058474514881173,flat,,0.000395465909696598288750,0.000395465909696598288751,154.706547050000000000000000,35,631158312,direct-fast,224,0.300000000000000000000000,0.297558134887428362683090,-0.002441865112571637316910,2972531818,2.972502092681820000000000,0.000000000258143000000000,2.702274629476070000000000,991.166019128522267424531212,1697.983960840625933360529761,258977.006640168960000000000000,0.000000895556608678868833,0.025027834348363453736191,0.025027834348363453736191,0.025027834348363453736191,991.166019128522267424531212,joint,low,0.000998970232784366794868,0.000001029767215633205132,0.000074577699493288447314,0.001683606944459666543106,0.002031495083489251919934,0.002031495083489251919934,0.001683606944459666543106,0.002031495083489251919934,0.001405015806392696873931,0.000000008620222235807424,0.000000000000000000000000,0.000000000000000000000000,0.000000000000000000000000,0.000004598529743922814704,0.000173983988099860398077,0.000009578024706452693279,0.000004598578313918780347,0.000512302673019906936780,0.000000000000000633768094,0.000000000000000316880879,0.000000000000704186770998,0.000000000000352089864601,0.000100000000000000000000,0.000000100000000000000000,5.304547649946050000000000,0.000000000000000000000000,0.000339261991487044958522,0.001529389240205955848028,0.001465432266188322363381,0.001465432266188322363381,True,195,100,0.102237182361600000000000,37.316571561984000000000000,0.000005000000000000000000,0.000000047713604411272800,0.000920374586902300279887,0.513055127600000000000000,0.000000635013969452550139,True,0.001029767215633205132779,two-mode,False,0.367754411839292306054716,,,,
3,monitor-only,0.000079531250000000000000,certified_conditional,0.000000182138566114362579,363,0.000517828635035429008602,flat,,0.000399169132541744038734,0.000399169132541744038735,154.706547050000000000000000,35,631158312,direct-fast,228,0.300000000000000000000000,0.057366021104415027377642,-0.242633978895584972622358,2971955088,2.971925368449120000000000,0.000000000792633000000000,2.701750334233170000000000,984.547249218309244073381438,1687.729899567010908787465555,256237.144525661798400000000000,0.000000886095354889547450,0.024899506390332820155256,0.024899506390332820155256,0.024899506390332820155256,984.547249218309244073381438,joint,low,0.000998807264185397870800,0.000001192735814602129200,0.000080723985814602129201,0.001697587004370247812739,0.002045525444085877913074,0.002045525444085877913074,0.001697587004370247812739,0.002045525444085877913074,0.001420039192581866462214,0.000000008662943558912810,0.000000000000000000000000,0.000000000000000000000000,0.000000000000000000000000,0.000001001344692944041612,0.000176537804150927747132,0.000009625492843236455378,0.000001001355269217416984,0.000514859402335280942902,0.000000000000000633768094,0.000000000000000316880879,0.000000000000704186770998,0.000000000000352089864601,0.000100000000000000000000,0.000000100000000000000000,5.303499057460230000000000,0.000000000000000000000000,0.000342476490454494756490,0.001518632300656155486689,0.001454981558058653388289,0.001454981558058653388289,True,194,100,0.101712889118720000000000,36.921778750095360000000000,0.000005000000000000000000,0.000000047468919260445760,0.000914228545266137425040,0.515739152760000000000000,0.000000638440816924779845,True,0.001192735814602129200931,two-mode,False,0.370477777852908869235599,,,,
3,monitor-only,0.000081397243036873656242,certified_conditional,0.000000579176052951416591,365,0.000514153058474514881173,flat,,0.000395521275824592752137,0.000395521275824592752138,154.706547050000000000000000,35,631158312,direct-fast,225,0.300000000000000000000000,0.011908026454997134893644,-0.288091973545002865106356,2971378357,2.971348643216430000000000,0.000000000327133000000000,2.701226038990270000000000,981.000213804127167245818071,1680.568740729440026351703814,256320.832213090304000000000000,0.000000886371412692418896,0.024771138611457161902999,0.024771138611457161902999,0.024771138611457161902999,981.000213804127167245818071,joint,low,0.000997379314820439449413,0.000002620685179560550587,0.000084017928216434206829,0.001701235473317246365752,0.002049224254043507615132,0.002049224254043507615132,0.001701235473317246365752,0.002049224254043507615132,0.001419575555681740364853,0.000000008706107590029651,0.000000000000000000000000,0.000000000000000000000000,0.000000000000000000000000,0.000003188028057982301780,0.000178463183468983020498,0.000009673452877810722783,0.000003188061730159831824,0.000516787182697520060075,0.000000000000000633768094,0.000000000000000316880879,0.000000000000704186770998,0.000000000000352089864601,0.000100000000000000000000,0.000000100000000000000000,5.302450464974410000000000,0.000000000000000000000000,0.000344427055485141426774,0.001510837040756713000514,0.001447492718081395714287,0.001447492718081395714287,True,193,100,0.101188595875840000000000,36.933837494681600000000000,0.000005000000000000000000,0.000000047224234109618720,0.000910934847549456174452,0.518405182000000000000000,0.000000641964882996413894,True,0.002620685179560550587113,two-mode,False,0.370477777852908869235599,,,,
3,monitor-only,0.000089246553796092070302,certified_conditional,0.000000182138566114362579,363,0.000517828635035429008602,flat,,0.000399224498669738502121,0.000399224498669738502122,154.706547050000000000000000,35,631158312,direct-fast,228,0.300000000000000000000000,0.071715912671983799588196,-0.228284087328016200411804,2970801627,2.970771918983730000000000,0.000000000861623000000000,2.700701743747370000000000,974.397277576883375577779567,1670.330622251887084985532920,253595.524479005491200000000000,0.000000876960351230892322,0.024642810448164440566027,0.024642810448164440566027,0.024642810448164440566027,974.397277576883375577779567,joint,low,0.000999097042062052849650,0.000000902957937947150350,0.000090149511734039220653,0.001717897874901055979319,0.002065938017120981217988,0.002065938017120981217988,0.001717897874901055979319,0.002065938017120981217988,0.001434831267504594237862,0.000000008749721246470625,0.000000000000000000000000,0.000000000000000000000000,0.000000000000000000000000,0.000001011375276233779618,0.000182046482398030842243,0.000009721912496078472141,0.000001011385958450884193,0.000520373450105580988195,0.000000000000000633768094,0.000000000000000316880879,0.000000000000704186770998,0.000000000000352089864601,0.000100000000000000000000,0.000000100000000000000000,5.301401872488590000000000,0.000000000000000000000000,0.000349522255689200282911,0.001499894800370132518223,0.001436856953819151399974,0.001436856953819151399974,True,192,100,0.100664302632960000000000,36.541141855764480000000000,0.000005000000000000000000,0.000000046979548958791680,0.000904803508717001987668,0.521079207360000000000000,0.000000645590364288111098,True,0.000902957937947150350494,two-mode,False,0.373241791120460007986345,,,,
3,monitor-only,0.000094296875000000000000,certified_conditional,0.000000182138566114362579,363,0.000517828635035429008602,flat,,0.000399252181757735733812,0.000399252181757735733813,154.706547050000000000000000,35,631158312,direct-fast,228,0.300000000000000000000000,0.078890864676130888710208,-0.221109135323869111289792,2970224896,2.970195193751040000000000,0.000000000396123000000000,2.700177448504470000000000,969.322291756170441329978632,1661.630983594325173084566603,252274.714455677337600000000000,0.000000872392849401564757,0.024514462477080250771412,0.024514462477080250771412,0.024514462477080250771412,969.322291756170441329978632,joint,low,0.000999434600306242233622,0.000000565399693757766378,0.000094862274693757766379,0.001728313695620516957128,0.002076405487803356480709,0.002076405487803356480709,0.001728313695620516957128,0.002076405487803356480709,0.001442343473093623527066,0.000000008793791590413600,0.000000000000000000000000,0.000000000000000000000000,0.000000000000000000000000,0.000001016469342092965936,0.000184944959392259401556,0.000009770879544903998979,0.000001016480078113953927,0.000523274654030438365140,0.000000000000000633768094,0.000000000000000316880879,0.000000000000704186770998,0.000000000000352089864601,0.000100000000000000000000,0.000000100000000000000000,5.300353280002770000000000,0.000000000000000000000000,0.000353237807612414940668,0.001490502314886120295286,0.001427771098428292929400,0.001427771098428292929400,True,191,100,0.100140009390080000000000,36.350823408599040000000000,0.000005000000000000000000,0.000000046734863807964640,0.000900090990442434268982,0.523805236000000000000000,0.000000649321702486631184,True,0.000565399693757766378236,two-mode,False,0.376047368497297630026576,,,,
3,monitor-only,0.000097095864555310484363,certified_conditional,0.000000579176052951416591,365,0.000514153058474514881173,flat,,0.000395604324992584447220,0.000395604324992584447221,154.706547050000000000000000,35,631158312,direct-fast,225,0.300000000000000000000000,0.033432857585987590192740,-0.266567142414012409807260,2969648166,2.969618469518340000000000,0.000000000930613000000000,2.699653153261570000000000,965.751505817534516977748361,1654.445910562661165838464895,252336.570572472320000000000000,0.000000872593618712743991,0.024386095006097724153212,0.024386095006097724153212,0.024386095006097724153212,965.751505817534516977748361,joint,low,0.000998917593254157638262,0.000001082406745842361738,0.000098178271301152846101,0.001732659625283578051145,0.002080803364699579432131,0.002080803364699579432131,0.001732659625283578051145,0.002080803364699579432131,0.001441989906560925739034,0.000000008838325832713868,0.000000000000000000000000,0.000000000000000000000000,0.000000000000000000000000,0.000003236444122577818921,0.000187424436273291130351,0.000009820362036348741889,0.000003236478306129243020,0.000525756616739899072590,0.000000000000000633768094,0.000000000000000316880879,0.000000000000704186770998,0.000000000000352089864601,0.000100000000000000000000,0.000000100000000000000000,5.299304687516950000000000,0.000000000000000000000000,0.000356099306861895336182,0.001482610913770224175376,0.001420186481225866907669,0.001420186481225866907669,True,190,100,0.099615716147200000000000,36.359736393728000000000000,0.000005000000000000000000,0.000000046490178657137600,0.000896775238520190016300,0.526605264000000000000000,0.000000653163602498477713,True,0.001082406745842361738416,two-mode,False,0.377466037812377786077108,,,,
3,monitor-only,0.000100000000000000000000,certified_conditional,0.000000579176052951416591,365,0.000514153058474514881173,flat,,0.000395632008080581678911,0.000395632008080581678912,154.706547050000000000000000,35,631158312,direct-fast,225,0.300000000000000000000000,0.040607809590134679314752,-0.259392190409865320685248,2969071435,2.969041744285650000000000,0.000000000465113000000000,2.699128858018670000000000,960.668603155336966888391790,1645.738300507068212334051922,251008.483358932992000000000000,0.000000868001020719519023,0.024257747137644578236616,0.024257747137644578236616,0.024257747137644578236616,960.668603155336966888391790,joint,low,0.000997101614337274274142,0.000002898385662725725858,0.000102898385662725725859,0.001742123868384980331079,0.002090320353880558158978,0.002090320353880558158978,0.001742123868384980331079,0.002090320353880558158978,0.001449619482786115822310,0.000000008883331336837420,0.000000000000000000000000,0.000000000000000000000000,0.000000000000000000000000,0.000003252924370314917348,0.000189242577896262105031,0.000009870368152041577317,0.000003252958727931882105,0.000527577543158192241650,0.000000000000000633768094,0.000000000000000316880879,0.000000000000704186770998,0.000000000000352089864601,0.000100000000000000000000,0.000000100000000000000000,5.298256095031130000000000,0.000000000000000000000000,0.000357661318926023878915,0.001473414518775135101632,0.001411296956697302233842,0.001411296956697302233842,True,189,100,0.099091422904320000000000,36.168369360076800000000000,0.000005000000000000000000,0.000000046245493506310560,0.000892055368843767963582,0.529405288100000000000000,0.000000657121052241518466,True,0.002898385662725725858149,two-mode,False,0.378895454622269155431053,,,,
3,monitor-only,0.000104945175314528898423,certified_conditional,0.000001769798650332236611,367,0.000510517433832741124694,flat,,0.000392024102835051571866,0.000392024102835051571867,154.706547050000000000000000,35,631158312,direct-fast,222,0.300000000000000000000000,0.005504508441877956684306,-0.294495491558122043315694,2968494705,2.968465020052950000000000,0.000000000999603000000000,2.698604562775770000000000,957.074066692247195011494614,1638.529201796194471112006857,251048.507905094451200000000000,0.000000868126501539006044,0.024129379974555183252472,0.024129379974555183252472,0.024129379974555183252472,957.074066692247195011494614,joint,low,0.000998708738838845090748,0.000001291261161154909252,0.000106236436475683807676,0.001752277795871014577602,0.002100527389636786341840,0.002100527389636786341840,0.001752277795871014577602,0.002100527389636786341840,0.001449388370630184358543,0.000000008928815622919733,0.000000000000000000000000,0.000000000000000000000000,0.000000000000000000000000,0.000009979329059106436729,0.000192901167365150213627,0.000009920906247688591845,0.000009979434461484834124,0.000531238677241151921732,0.000000000000000633768094,0.000000000000000316880879,0.000000000000704186770998,0.000000000000352089864601,0.000100000000000000000000,0.000000100000000000000000,5.297207502545310000000000,0.000000000000000000000000,0.000362646941635119585598,0.001465300589235825209922,0.001403490055520111477785,0.001403490055520111477785,True,188,100,0.098567129661440000000000,36.174136585748480000000000,0.000005000000000000000000,0.000000046000808355483520,0.000888717562715960708805,0.532205320000000000000000,0.000000661199344249640290,True,0.001291261161154909252722,two-mode,False,0.380335741521969584627994,,,,
3,monitor-only,0.000109062500000000000000,certified_conditional,0.000001769798650332236611,367,0.000510517433832741124694,flat,,0.000392051785923048803557,0.000392051785923048803558,154.706547050000000000000000,35,631158312,direct-fast,222,0.300000000000000000000000,0.012679460446025045806318,-0.287320539553974954193682,2967917974,2.967888294820260000000000,0.000000000534103000000000,2.698080267532870000000000,951.983247188565029080582408,1629.813620935576415414602565,249713.143501343948800000000000,0.000000863508807381883671,0.024001032208733081213895,0.024001032208733081213895,0.024001032208733081213895,951.983247188565029080582408,joint,low,0.000998098597760888978536,0.000001901402239111021464,0.000110963902239111021465,0.001762591680039278135170,0.002110895151508574338603,0.002110895151508574338603,0.001762591680039278135170,0.002110895151508574338603,0.001457139110580078392546,0.000000008974786371954798,0.000000000000000000000000,0.000000000000000000000000,0.000000000000000000000000,0.000010030708463843713640,0.000195412886208033425215,0.000009971984857727553052,0.000010030814408895012978,0.000533753240605596744431,0.000000000000000633768094,0.000000000000000316880879,0.000000000000704186770998,0.000000000000352089864601,0.000100000000000000000000,0.000000100000000000000000,5.296158910059490000000000,0.000000000000000000000000,0.000365414788840162013307,0.001455983285942973850840,0.001394479866703225970123,0.001394479866703225970123,True,187,100,0.098042836418560000000000,35.981720965611520000000000,0.000005000000000000000000,0.000000045756123204656480,0.000883990341637684322056,0.535005348000000000000000,0.000000665404099287208594,True,0.001901402239111021464445,two-mode,False,0.381787022978156276643232,,,,
3,monitor-only,0.000112794486073747312484,certified_conditional,0.000000182138566114362579,363,0.000517828635035429008602,flat,,0.000399362914013724660586,0.000399362914013724660587,154.706547050000000000000000,35,631158312,direct-fast,228,0.300000000000000000000000,0.107590647811268433131317,-0.192409352188731566868683,2967917974,2.967888294820260000000000,0.000000000534103000000000,2.698080267532870000000000,949.022348473318704338774891,1626.832428964077525480701334,246991.474362364723200000000000,0.000000854122842084254501,0.024001070592743491592953,0.024001070592743491592953,0.024001070592743491592953,949.022348473318704338774891,joint,low,0.000999081159541115363202,0.000000918840458884636798,0.000113713326532631949282,0.001770179896320923549330,0.002118483812415624948914,0.002118483812415624948914,0.001770179896320923549330,0.002118483812415624948914,0.001473195739897765206789,0.000000008974786371954798,0.000000000000000000000000,0.000000000000000000000000,0.000000000000000000000000,0.000001037390425407699048,0.000195937791210428039725,0.000009971984857727553052,0.000001037401382398646739,0.000534278685221456906738,0.000000000000000633768094,0.000000000000000316880879,0.000000000000704186770998,0.000000000000352089864601,0.000100000000000000000000,0.000000100000000000000000,5.296158910059490000000000,0.000000000000000000000000,0.000366396341563389165389,0.001453056019269809443084,0.001391552535686594289604,0.001391552535686594289604,True,187,100,0.098042836418560000000000,35.589549619937280000000000,0.000005000000000000000000,0.000000045756123204656480,0.000881240917344163394239,0.535005348000000000000000,0.000000665404099287208594,True,0.000918840458884636798152,two-mode,False,0.383249425365041717256288,,,,
3,monitor-only,0.000120643796832965726544,certified_conditional,0.000000579176052951416591,365,0.000514153058474514881173,flat,,0.000395742740336570605686,0.000395742740336570605687,154.706547050000000000000000,35,631158312,direct-fast,225,0.300000000000000000000000,0.069307592725272223735861,-0.230692407274727776264139,2966764513,2.966734845354870000000000,0.000000000603093000000000,2.697031677047070000000000,940.336992506546766530965509,1610.907860284696398316400029,245696.134504775680000000000000,0.000000849630628746619149,0.023744355663831994570232,0.023744355663831994570232,0.023744355663831994570232,940.336992506546766530965509,joint,low,0.000998864953723948481656,0.000001135046276051518344,0.000121778843109017244888,0.001785883697126478463356,0.002134296869219235208303,0.002134296869219235208303,0.001785883697126478463356,0.002134296869219235208303,0.001480962606738248056306,0.000000009068218813236876,0.000000000000000000000000,0.000000000000000000000000,0.000000000000000000000000,0.000003320627009667321698,0.000201591395158799199505,0.000010075798681374306641,0.000003320662082364345370,0.000539937800660971864390,0.000000000000000633768094,0.000000000000000316880879,0.000000000000704186770998,0.000000000000352089864601,0.000100000000000000000000,0.000000100000000000000000,5.294061725087850000000000,0.000000000000000000000000,0.000372936622236745713841,0.001435739933708322457770,0.001374851078135421319679,0.001374851078135421319679,True,185,100,0.096994249932800000000000,35.402901225472000000000000,0.000005000000000000000000,0.000000045266752903002400,0.000873175890138079752713,0.540805406000000000000000,0.000000674217280216777886,True,0.001135046276051518344053,two-mode,False,0.387704651241367129356529,,,,
3,monitor-only,0.000123828125000000000000,certified_conditional,0.000001769798650332236611,367,0.000510517433832741124694,flat,,0.000392134835139040498636,0.000392134835139040498637,154.706547050000000000000000,35,631158312,direct-fast,222,0.300000000000000000000000,0.034204304017740907138884,-0.265795695982259092861116,2966187782,2.966158120122180000000000,0.000000000137593000000000,2.696507381804170000000000,936.710788677518531287845792,1603.666878353722248322389689,245707.050290092441600000000000,0.000000849655724910516553,0.023615988911266775098164,0.023615988911266775098164,0.023615988911266775098164,936.710788677518531287845792,joint,low,0.000998681825470607337169,0.000001318174529392662831,0.000125146299529392662832,0.001795517770216503551855,0.002143986388559646405867,0.002143986388559646405867,0.001795517770216503551855,0.002143986388559646405867,0.001480896813469970975033,0.000000009115696711388367,0.000000000000000000000000,0.000000000000000000000000,0.000000000000000000000000,0.000010188197508799279823,0.000204423643540071259660,0.000010128551901542629796,0.000010188305117260995987,0.000542772717014595169453,0.000000000000000633768094,0.000000000000000316880879,0.000000000000704186770998,0.000000000000352089864601,0.000100000000000000000000,0.000000100000000000000000,5.293013132602030000000000,0.000000000000000000000000,0.000376131981398875991703,0.001427781224776255011574,0.001367199881477511691107,0.001367199881477511691107,True,184,100,0.096469956689920000000000,35.404474105200640000000000,0.000005000000000000000000,0.000000045022067752175360,0.000869808678402855161809,0.543759432560000000000000,0.000000678838834091200310,True,0.001318174529392662831326,two-mode,False,0.389212840545804136565560,,,,
3,monitor-only,0.000128493107592184140604,certified_conditional,0.000001769798650332236611,367,0.000510517433832741124694,flat,,0.000392162518179037730332,0.000392162518179037730333,154.706547050000000000000000,35,631158312,direct-fast,222,0.300000000000000000000000,0.041379243581162590227427,-0.258620756418837409772573,2965611052,2.965581395889480000000000,0.000000000672083000000000,2.695983086561270000000000,931.619969173836365356933587,1594.951297493104192624985398,244371.685886341939200000000000,0.000000845038030753394181,0.023487641145444673059587,0.023487641145444673059587,0.023487641145444673059587,931.619969173836365356933587,joint,low,0.000998619342299364263984,0.000001380657700635736016,0.000129873765292819876621,0.001806592651089775928006,0.002155117521646779116551,0.002155117521646779116551,0.001806592651089775928006,0.002155117521646779116551,0.001488989145784014532274,0.000000009163693493672661,0.000000000000000000000000,0.000000000000000000000000,0.000000000000000000000000,0.000010241841318283234061,0.000207352500293033840040,0.000010181881659636289816,0.000010241949493334655045,0.000545704543653517003819,0.000000000000000633768094,0.000000000000000316880879,0.000000000000704186770998,0.000000000000352089864601,0.000100000000000000000000,0.000000100000000000000000,5.291964540116210000000000,0.000000000000000000000000,0.000379447486510631458439,0.001418397358498571672976,0.001358123617200546823258,0.001358123617200546823258,True,183,100,0.095945663447040000000000,35.212058485063680000000000,0.000005000000000000000000,0.000000044777382601348320,0.000865081457324578775060,0.546703463120000000000000,0.000000683613172225080942,True,0.001380657700635736016338,two-mode,False,0.390732812579182057893411,,,,
3,monitor-only,0.000136342418351402554665,certified_conditional,0.000000182138566114362579,363,0.000517828635035429008602,flat,,0.000399501329357710819052,0.000399501329357710819053,154.706547050000000000000000,35,631158312,direct-fast,228,0.300000000000000000000000,0.143465382950553066674437,-0.156534617049446933325563,2965034321,2.965004670656790000000000,0.000000000206583000000000,2.695458791318370000000000,923.647419369754033099770215,1583.334235676267965975869747,240387.424245723955200000000000,0.000000831285332937616680,0.023359330737322542619880,0.023359330737322542619880,0.023359330737322542619880,923.647419369754033099770215,joint,low,0.000999065277020177876755,0.000000934722979822123245,0.000137277141331224677911,0.001825334556280344282528,0.002173916739319864489233,0.002173916739319864489233,0.001825334556280344282528,0.002173916739319864489233,0.001513668150334516998184,0.000000009212217713124915,0.000000000000000000000000,0.000000000000000000000000,0.000000000000000000000000,0.000001064834978382383281,0.000210592358748781127178,0.000010235797459027682364,0.000001064846225244637996,0.000548947944244798535092,0.000000000000000633768094,0.000000000000000316880879,0.000000000000704186770998,0.000000000000352089864601,0.000100000000000000000000,0.000000100000000000000000,5.290915947630390000000000,0.000000000000000000000000,0.000383270427437578047867,0.001406124409641509537490,0.001346158329939003296668,0.001346158329939003296668,True,182,100,0.095421370204160000000000,34.637957384110080000000000,0.000005000000000000000000,0.000000044532697450521280,0.000857678325971324800810,0.549707493080000000000000,0.000000688547998314541967,True,0.000934722979822123245810,two-mode,False,0.393808661497120056171032,,,,
3,monitor-only,0.000138593750000000000000,certified_conditional,0.000001769798650332236611,367,0.000510517433832741124694,flat,,0.000392217884307032193719,0.000392217884307032193720,154.706547050000000000000000,35,631158312,direct-fast,222,0.300000000000000000000000,0.055729135148731362437981,-0.244270864851268637562019,2964457591,2.964427946424090000000000,0.000000000741073000000000,2.694934496075470000000000,921.438330166472033495109176,1577.520135771868081230176814,241700.957078840934400000000000,0.000000835802642439149436,0.023230945613800468982433,0.023230945613800468982433,0.023230945613800468982433,921.438330166472033495109176,joint,low,0.000999265053180325695802,0.000000734946819674304198,0.000139328696819674304199,0.001829535332996288927103,0.002178174572695284398011,0.002178174572695284398011,0.001829535332996288927103,0.002178174572695284398011,0.001505442064521959444233,0.000000009261278111797635,0.000000000000000000000000,0.000000000000000000000000,0.000000000000000000000000,0.000010350907185079339914,0.000213733100010187696352,0.000010290309013108482565,0.000010351016512092149704,0.000552091181591847685913,0.000000000000000633768094,0.000000000000000316880879,0.000000000000704186770998,0.000000000000352089864601,0.000100000000000000000000,0.000000100000000000000000,5.289867355144570000000000,0.000000000000000000000000,0.000386849173957589970099,0.001399545621215250655263,0.001339887450537452823014,0.001339887450537452823014,True,181,100,0.094897076961280000000000,34.827227244789760000000000,0.000005000000000000000000,0.000000044288012299694240,0.000855627015168026001562,0.552771522440000000000000,0.000000693651542824193778,True,0.000734946819674304198206,two-mode,False,0.395364822214495802335204,,,,
3,monitor-only,0.000144191729110620968725,certified_conditional,0.000000579176052951416591,365,0.000514153058474514881173,flat,,0.000395881155680556764151,0.000395881155680556764152,154.706547050000000000000000,35,631158312,direct-fast,225,0.300000000000000000000000,0.105182327864556857278981,-0.194817672135443142721019,2963880860,2.963851221191400000000000,0.000000000275573000000000,2.694410200832570000000000,914.922479195559016084182657,1567.369810006731630794335164,239055.698437079040000000000000,0.000000826667638780494307,0.023102616321566264987253,0.023102616321566264987253,0.023102616321566264987253,914.922479195559016084182657,joint,low,0.000998812314193739325051,0.000001187685806260674949,0.000145379414916881643675,0.001842064661849540009578,0.002190762235101094083152,0.002190762235101094083152,0.001842064661849540009578,0.002190762235101094083152,0.001522100456925421613425,0.000000009310883626011163,0.000000000000000000000000,0.000000000000000000000000,0.000000000000000000000000,0.000003409486723817352408,0.000216545407315724383612,0.000010345426251123513879,0.000003409522735056953406,0.000554906828133215366845,0.000000000000000633768094,0.000000000000000316880879,0.000000000000704186770998,0.000000000000352089864601,0.000100000000000000000000,0.000000100000000000000000,5.288818762658750000000000,0.000000000000000000000000,0.000389773937611596091501,0.001388776024469412561434,0.001329425790393684780726,0.001329425790393684780726,True,180,100,0.094372783718400000000000,34.446066057216000000000000,0.000005000000000000000000,0.000000044043327148867200,0.000849576541755969489126,0.555805556000000000000000,0.000000698932608794863055,True,0.001187685806260674949691,two-mode,False,0.398514342710220420069862,,,,
3,monitor-only,0.000152041039869839382786,certified_conditional,0.000001769798650332236611,367,0.000510517433832741124694,flat,,0.000392300933523023888797,0.000392300933523023888798,154.706547050000000000000000,35,631158312,direct-fast,222,0.300000000000000000000000,0.077253978720447223770547,-0.222746021279552776229453,2962727399,2.962697771726010000000000,0.000000000344563000000000,2.693361610346770000000000,906.165871655425535702372560,1551.373393190013914137963939,237694.863867589427200000000000,0.000000821949559967782318,0.022845902316334162866702,0.022845902316334162866702,0.022845902316334162866702,906.165871655425535702372560,joint,low,0.000998529945759883437221,0.000001470054240116562779,0.000153511094109955945566,0.001863958902669141848658,0.002212774515005647889841,0.002212774515005647889841,0.001863958902669141848658,0.002212774515005647889841,0.001530814683586936288798,0.000000009411766750422945,0.000000000000000000000000,0.000000000000000000000000,0.000000000000000000000000,0.000010519101457189064950,0.000222615705857315422994,0.000010457518611581049472,0.000010519212560681656917,0.000560983099190172259057,0.000000000000000633768094,0.000000000000000316880879,0.000000000000704186770998,0.000000000000352089864601,0.000100000000000000000000,0.000000100000000000000000,5.286721577687110000000000,0.000000000000000000000000,0.000396248031386143331281,0.001371401097752854398215,0.001312667197016737439921,0.001312667197016737439921,True,178,100,0.093324197232640000000000,34.249980384378880000000000,0.000005000000000000000000,0.000000043553956847213120,0.000841445351933196841315,0.562011618040000000000000,0.000000710065689676708131,True,0.001470054240116562779955,two-mode,False,0.401714457912703666201864,,,,
3,monitor-only,0.000153359375000000000000,certified_conditional,0.000001769798650332236611,367,0.000510517433832741124694,flat,,0.000392300933523023888797,0.000392300933523023888798,154.706547050000000000000000,35,631158312,direct-fast,222,0.300000000000000000000000,0.077253978720447223770547,-0.222746021279552776229453,2962727399,2.962697771726010000000000,0.000000000344563000000000,2.693361610346770000000000,906.165871655425535702372560,1551.373393190013914137963939,237694.863867589427200000000000,0.000000821949559967782318,0.022845902316334162866702,0.022845902316334162866702,0.022845902316334162866702,906.165871655425535702372560,joint,low,0.000999848280890044054435,0.000000151719109955945565,0.000153511094109955945566,0.001864699555195617629607,0.002213515167532123670790,0.002213515167532123670790,0.001864699555195617629607,0.002213515167532123670790,0.001530814683586936288798,0.000000009411766750422945,0.000000000000000000000000,0.000000000000000000000000,0.000000000000000000000000,0.000010519101457189064950,0.000223356358383791203943,0.000010457518611581049472,0.000010519212560681656917,0.000561723751716648040006,0.000000000000000633768094,0.000000000000000316880879,0.000000000000704186770998,0.000000000000352089864601,0.000100000000000000000000,0.000000100000000000000000,5.286721577687110000000000,0.000000000000000000000000,0.000397566366516303948495,0.001371276415383396679525,0.001312542515964169805111,0.001312542515964169805111,True,178,100,0.093324197232640000000000,34.249980384378880000000000,0.000005000000000000000000,0.000000043553956847213120,0.000841445351933196841315,0.562011618040000000000000,0.000000710065689676708131,True,0.000151719109955945565087,two-mode,False,0.401714457912703666201864,,,,
3,monitor-only,0.000159890350629057796846,certified_conditional,0.000000182138566114362579,363,0.000517828635035429008602,flat,,0.000399639744653696977522,0.000399639744653696977523,154.706547050000000000000000,35,631158312,direct-fast,228,0.300000000000000000000000,0.179340105649112294184088,-0.120659894350887705815912,2962150669,2.962121047493310000000000,0.000000000879053000000000,2.692837315103870000000000,898.272490266189361860765538,1539.836042388458406471038161,233783.374129083187200000000000,0.000000808447823790978859,0.022717590881901593646806,0.022717590881901593646806,0.022717590881901593646806,898.272490266189361860765538,joint,low,0.000999049394499240390307,0.000000950605500759609693,0.000160840956129817406539,0.001883605298723348107998,0.002232481470004004568552,0.002232481470004004568552,0.001883605298723348107998,0.002232481470004004568552,0.001556427137632102224122,0.000000009463063254361139,0.000000000000000000000000,0.000000000000000000000000,0.000000000000000000000000,0.000001093830071073151369,0.000226074867955967722397,0.000010514514727067931977,0.000001093841624183623109,0.000564445974964374153748,0.000000000000000633768094,0.000000000000000316880879,0.000000000000704186770998,0.000000000000352089864601,0.000100000000000000000000,0.000000100000000000000000,5.285672985201290000000000,0.000000000000000000000000,0.000400144513311766930344,0.001359099695249934537345,0.001300674069390103254800,0.001300674069390103254800,True,177,100,0.092799903989760000000000,33.686365148282880000000000,0.000005000000000000000000,0.000000043309271696386080,0.000834115734598486207382,0.565205650000000000000000,0.000000715938657698015111,True,0.000950605500759609693468,two-mode,False,0.404966396843162349518190,,,,
3,monitor-only,0.000167739661388276210906,certified_conditional,0.000000579176052951416591,365,0.000514153058474514881173,flat,,0.000396019570976542922622,0.000396019570976542922623,154.706547050000000000000000,35,631158312,direct-fast,225,0.300000000000000000000000,0.141057050563116084788632,-0.158942949436883915211368,2960997208,2.960967598027920000000000,0.000000000948043000000000,2.691788724618070000000000,889.507965884571265637399806,1523.831759728766863272270298,232415.262369382400000000000000,0.000000803704648814369465,0.022460876979300535404274,0.022460876979300535404274,0.022460876979300535404274,889.507965884571265637399806,joint,low,0.000998759674663530168445,0.000001240325336469831555,0.000168979986724746042462,0.001901455967413919358441,0.002250454193319059179420,0.002250454193319059179420,0.001901455967413919358441,0.002250454193319059179420,0.001565589041409005088094,0.000000009567414999515409,0.000000000000000000000000,0.000000000000000000000000,0.000000000000000000000000,0.000003503424135918813443,0.000232353934453045292525,0.000010630461110572675816,0.000003503461139331996187,0.000570731228603872783726,0.000000000000000633768094,0.000000000000000316880879,0.000000000000704186770998,0.000000000000352089864601,0.000100000000000000000000,0.000000100000000000000000,5.283575800229650000000000,0.000000000000000000000000,0.000406611252986446469161,0.001341718909408925329307,0.001283910350419458029470,0.001283910350419458029470,True,175,100,0.091751317504000000000000,33.489230888960000000000000,0.000005000000000000000000,0.000000042819901394732000,0.000825977193373859225539,0.571665713500000000000000,0.000000728355818533351747,True,0.001240325336469831555328,two-mode,False,0.409944262378106276643796,,,,
3,monitor-only,0.000168125000000000000000,certified_conditional,0.000000579176052951416591,365,0.000514153058474514881173,flat,,0.000396019570976542922622,0.000396019570976542922623,154.706547050000000000000000,35,631158312,direct-fast,225,0.300000000000000000000000,0.141057050563116084788632,-0.158942949436883915211368,2960997208,2.960967598027920000000000,0.000000000948043000000000,2.691788724618070000000000,889.507965884571265637399806,1523.831759728766863272270298,232415.262369382400000000000000,0.000000803704648814369465,0.022460876979300535404274,0.022460876979300535404274,0.022460876979300535404274,889.507965884571265637399806,joint,low,0.000999145013275253957539,0.000000854986724746042461,0.000168979986724746042462,0.001901676165310246839620,0.002250674391215386660599,0.002250674391215386660599,0.001901676165310246839620,0.002250674391215386660599,0.001565589041409005088094,0.000000009567414999515409,0.000000000000000000000000,0.000000000000000000000000,0.000000000000000000000000,0.000003503424135918813443,0.000232574132349372773703,0.000010630461110572675816,0.000003503461139331996187,0.000570951426500200264905,0.000000000000000633768094,0.000000000000000316880879,0.000000000000704186770998,0.000000000000352089864601,0.000100000000000000000000,0.000000100000000000000000,5.283575800229650000000000,0.000000000000000000000000,0.000406996591598170258255,0.001341682444070615390874,0.001283873885466293502008,0.001283873885466293502008,True,175,100,0.091751317504000000000000,33.489230888960000000000000,0.000005000000000000000000,0.000000042819901394732000,0.000825977193373859225539,0.571665713500000000000000,0.000000728355818533351747,True,0.000854986724746042461249,two-mode,False,0.409944262378106276643796,,,,
3,monitor-only,0.000175588972147494624967,certified_conditional,0.000001769798650332236611,367,0.000510517433832741124694,flat,,0.000392439348867010047263,0.000392439348867010047264,154.706547050000000000000000,35,631158312,direct-fast,222,0.300000000000000000000000,0.113128713859731857313668,-0.186871286140268142686332,2959843746,2.959814147562540000000000,0.000000000017043000000000,2.690740134132270000000000,880.711774137014706047811533,1507.795488886923635650942480,231018.041848836915200000000000,0.000000798861089182170455,0.022204163487223652673817,0.022204163487223652673817,0.022204163487223652673817,880.711774137014706047811533,joint,low,0.000998440549220402610457,0.000001559450779597389543,0.000177148422927092014510,0.001924641122547893082642,0.002273764282547110233841,0.002273764282547110233841,0.001924641122547893082642,0.002273764282547110233841,0.001575057882534535603503,0.000000009674179501783072,0.000000000000000000000000,0.000000000000000000000000,0.000000000000000000000000,0.000010812388193719510342,0.000238761177639185536754,0.000010749088335314523558,0.000010812502394927329417,0.000577144808226056141766,0.000000000000000633768094,0.000000000000000316880879,0.000000000000704186770998,0.000000000000352089864601,0.000100000000000000000000,0.000000100000000000000000,5.281478615258010000000000,0.000000000000000000000000,0.000413048576261655204122,0.001324311529943965025108,0.001267120526991720111892,0.001267120526991720111892,True,173,100,0.090702731018240000000000,33.287902283694080000000000,0.000005000000000000000000,0.000000042330531093077920,0.000817809246541814907571,0.578275779400000000000000,0.000000741756560197016592,True,0.001559450779597389543572,two-mode,False,0.413331405042379417139731,,,,
3,monitor-only,0.000182890625000000000000,certified_conditional,0.000000579176052951416591,365,0.000514153058474514881173,flat,,0.000396102620192534617700,0.000396102620192534617701,154.706547050000000000000000,35,631158312,direct-fast,225,0.300000000000000000000000,0.162581894134831946121198,-0.137418105865168053878802,2959267016,2.959237423329840000000000,0.000000000551533000000000,2.690215838889370000000000,874.259257897978615369330095,1497.708929561988002759031379,228431.000728764416000000000000,0.000000789926854834694560,0.022075833373941097654486,0.022075833373941097654486,0.022075833373941097654486,874.259257897978615369330095,joint,low,0.000999750295190535318267,0.000000249704809464681733,0.000183140329809464681734,0.001939342499215634292200,0.002288529507019537256898,0.002288529507019537256898,0.001939342499215634292200,0.002288529507019537256898,0.001592895827014976107073,0.000000009728492838692493,0.000000000000000000000000,0.000000000000000000000000,0.000000000000000000000000,0.000003562408092354614558,0.000242874535614514229105,0.000010809436487436103078,0.000003562445718760511422,0.000581261796742087899728,0.000000000000000633768094,0.000000000000000316880879,0.000000000000704186770998,0.000000000000352089864601,0.000100000000000000000000,0.000000100000000000000000,5.280430022772190000000000,0.000000000000000000000000,0.000417735846456487339542,0.001313342995289408033709,0.001256460911880598109472,0.001256460911880598109472,True,172,100,0.090178437775360000000000,32.915129788006400000000000,0.000005000000000000000000,0.000000042085845942250880,0.000811817584344593067387,0.581607814080000000000000,0.000000748863032363798577,True,0.000249704809464681733342,two-mode,False,0.416775000084390443310599,,,,
3,monitor-only,0.000183438282906713039027,certified_conditional,0.000000182138566114362579,363,0.000517828635035429008602,flat,,0.000399778159997683135988,0.000399778159997683135989,154.706547050000000000000000,35,631158312,direct-fast,228,0.300000000000000000000000,0.215214840788396927727209,-0.084785159211603072272791,2959267016,2.959237423329840000000000,0.000000000551533000000000,2.690215838889370000000000,872.897561162624690621760862,1496.337849100648846966206574,227179.324012442419200000000000,0.000000785610314644341038,0.022075851026480644673732,0.022075851026480644673732,0.022075851026480644673732,872.897561162624690621760862,joint,low,0.000999033511978302903859,0.000000966488021697096141,0.000184404770928410135168,0.001945263875029317272157,0.002294451126890710931553,0.002294451126890710931553,0.001945263875029317272157,0.002294451126890710931553,0.001601672112563267986451,0.000000009728492838692493,0.000000000000000000000000,0.000000000000000000000000,0.000000000000000000000000,0.000001124510924966871090,0.000242457523047293073152,0.000010809436487436103078,0.000001124522802130688752,0.000580845053981599517675,0.000000000000000633768094,0.000000000000000316880879,0.000000000000704186770998,0.000000000000352089864601,0.000100000000000000000000,0.000000100000000000000000,5.280430022772190000000000,0.000000000000000000000000,0.000417018599185955812822,0.001311981598762685159024,0.001255099485792457239044,0.001255099485792457239044,True,172,100,0.090178437775360000000000,32.734772912455680000000000,0.000005000000000000000000,0.000000042085845942250880,0.000810553143225647613953,0.581607814080000000000000,0.000000748863032363798577,True,0.000966488021697096141125,two-mode,False,0.416775000084390443310599,,,,
3,monitor-only,0.000191287593665931453088,certified_conditional,0.000001769798650332236611,367,0.000510517433832741124694,flat,,0.000392522398035001742346,0.000392522398035001742347,154.706547050000000000000000,35,631158312,direct-fast,222,0.300000000000000000000000,0.134653544990722312612764,-0.165346455009277687387236,2958113555,2.958083973864450000000000,0.000000000620523000000000,2.689167248403570000000000,865.439315625968208255074917,1481.648746305069468558729604,227011.948637585408000000000000,0.000000785008006710803337,0.021819120189757346558086,0.021819120189757346558086,0.021819120189757346558086,865.439315625968208255074917,joint,low,0.000999956773448557797211,0.000000043226551442202789,0.000191330820217373655877,0.001963687301594897208025,0.002313003673890452868341,0.002313003673890452868341,0.001963687301594897208025,0.002313003673890452868341,0.001602853021638086231800,0.000000009839036453814022,0.000000000000000000000000,0.000000000000000000000000,0.000000000000000000000000,0.000010996641272904519565,0.000249827799646501993667,0.000010932262726460023749,0.000010996757420206375435,0.000588221631049423601759,0.000000000000000633768094,0.000000000000000316880879,0.000000000000704186770998,0.000000000000352089864601,0.000100000000000000000000,0.000000100000000000000000,5.278332837800550000000000,0.000000000000000000000000,0.000424698765338806010639,0.001295864179545313274943,0.001239600388090413710353,0.001239600388090413710353,True,170,100,0.089129851289600000000000,32.710655423283200000000000,0.000005000000000000000000,0.000000041596475640596800,0.000803627583306985747324,0.588475881400000000000000,0.000000763973678390140072,True,0.000043226551442202789663,two-mode,False,0.422049367174052901116611,,,,
3,monitor-only,0.000197656250000000000000,certified_conditional,0.000000182138566114362579,363,0.000517828635035429008602,flat,,0.000399861209213674831066,0.000399861209213674831067,154.706547050000000000000000,35,631158312,direct-fast,228,0.300000000000000000000000,0.236739684360112789059775,-0.063260315639887210940225,2957536824,2.957507248631760000000000,0.000000000155023000000000,2.688642953160670000000000,857.672603700485887878358057,1470.238933127963111263307622,223216.893942457958400000000000,0.000000771907809156358346,0.021690807113228075289888,0.021690807113228075289888,0.021690807113228075289888,857.672603700485887878358057,joint,low,0.000999113190192434227655,0.000000886809807565772345,0.000198543059807565772346,0.001984063057010267238785,0.002333445792644881552128,0.002333445792644881552128,0.001984063057010267238785,0.002333445792644881552128,0.001630104161898710613429,0.000000009895289417722019,0.000000000000000000000000,0.000000000000000000000000,0.000000000000000000000000,0.000001143790846171090229,0.000252805208975017164138,0.000010994766019691131309,0.000001143802926970797458,0.000591203060743232374334,0.000000000000000633768094,0.000000000000000316880879,0.000000000000704186770998,0.000000000000352089864601,0.000100000000000000000000,0.000000100000000000000000,5.277284245314730000000000,0.000000000000000000000000,0.000427232258437162957974,0.001283657349717346608159,0.001227702816705537133294,0.001227702816705537133294,True,169,100,0.088605558046720000000000,32.163817570959360000000000,0.000005000000000000000000,0.000000041351790489769760,0.000796415588401944457895,0.592005918000000000000000,0.000000772016464922809514,True,0.000886809807565772345141,two-mode,False,0.425640425618078404303684,,,,
3,monitor-only,0.000199136904425149867148,certified_conditional,0.000001769798650332236611,367,0.000510517433832741124694,flat,,0.000392577764162996205733,0.000392577764162996205734,154.706547050000000000000000,35,631158312,direct-fast,222,0.300000000000000000000000,0.149003436558291084823318,-0.150996563441708915176682,2956960094,2.956930524399060000000000,0.000000000689513000000000,2.688118657917770000000000,855.257676618603876393250506,1464.217584583833357163921021,224341.219830084403200000000000,0.000000775772618396558592,0.021562424658113142480932,0.021562424658113142480932,0.021562424658113142480932,855.257676618603876393250506,joint,low,0.000998351152680921783693,0.000001648847319078216307,0.000200785751744228083455,0.001988935379324189032934,0.002338384393394612003080,0.002338384393394612003080,0.001988935379324189032934,0.002338384393394612003080,0.001621934605229015829798,0.000000009952212059771777,0.000000000000000000000000,0.000000000000000000000000,0.000000000000000000000000,0.000011123132474091053674,0.000255867689408071728714,0.000011058013399746418721,0.000011123249957401910995,0.000594268523752171207969,0.000000000000000633768094,0.000000000000000316880879,0.000000000000704186770998,0.000000000000352089864601,0.000100000000000000000000,0.000000100000000000000000,5.276235652828910000000000,0.000000000000000000000000,0.000429849121137167076963,0.001277128376915965056850,0.001221483338083383481730,0.001221483338083383481730,True,168,100,0.088081264803840000000000,32.325824183009280000000000,0.000005000000000000000000,0.000000041107105338942720,0.000794173141150432973826,0.595479951360000000000000,0.000000780412797822816817,True,0.001648847319078216307189,two-mode,False,0.425640425618078404303684,,,,
3,monitor-only,0.000200000000000000000000,certified_conditional,0.000001769798650332236611,367,0.000510517433832741124694,flat,,0.000392577764162996205733,0.000392577764162996205734,154.706547050000000000000000,35,631158312,direct-fast,222,0.300000000000000000000000,0.149003436558291084823318,-0.150996563441708915176682,2956960094,2.956930524399060000000000,0.000000000689513000000000,2.688118657917770000000000,855.257676618603876393250506,1464.217584583833357163921021,224341.219830084403200000000000,0.000000775772618396558592,0.021562424658113142480932,0.021562424658113142480932,0.021562424658113142480932,855.257676618603876393250506,joint,low,0.000999214248255771916546,0.000000785751744228083454,0.000200785751744228083455,0.001989449136965221325015,0.002338898151035644295161,0.002338898151035644295161,0.001989449136965221325015,0.002338898151035644295161,0.001621934605229015829798,0.000000009952212059771777,0.000000000000000000000000,0.000000000000000000000000,0.000000000000000000000000,0.000011123132474091053674,0.000256381447049104020795,0.000011058013399746418721,0.000011123249957401910995,0.000594782281393203500050,0.000000000000000633768094,0.000000000000000316880879,0.000000000000704186770998,0.000000000000352089864601,0.000100000000000000000000,0.000000100000000000000000,5.276235652828910000000000,0.000000000000000000000000,0.000430712216712017209816,0.001277046586886092001754,0.001221401548917373375089,0.001221401548917373375089,True,168,100,0.088081264803840000000000,32.325824183009280000000000,0.000005000000000000000000,0.000000041107105338942720,0.000794173141150432973826,0.595479951360000000000000,0.000000780412797822816817,True,0.000785751744228083454689,two-mode,False,0.425640425618078404303684,,,,
3,monitor-only,0.000206986215184368281208,certified_conditional,0.000000182138566114362579,363,0.000517828635035429008602,flat,,0.000399916575341669294454,0.000399916575341669294455,154.706547050000000000000000,35,631158312,direct-fast,228,0.300000000000000000000000,0.251089575927681561270329,-0.048910424072318438729671,2956383363,2.956353799166370000000000,0.000000000224013000000000,2.687594362674870000000000,847.522632059060019382756186,1452.839655812839287461374988,220575.273895801651200000000000,0.000000762772805497703217,0.021434111171059695700659,0.021434111171059695700659,0.021434111171059695700659,847.522632059060019382756186,joint,low,0.000999017629457365417412,0.000000982370542634582588,0.000207968585727002863797,0.002010614581653009140757,0.002360131541674824861201,0.002360131541674824861201,0.002010614581653009140757,0.002360131541674824861201,0.001649626367430431698620,0.000000010009816410109557,0.000000000000000000000000,0.000000000000000000000000,0.000000000000000000000000,0.000001157028955740454268,0.000259821175449476229342,0.000011122018233455062869,0.000001157041176362009824,0.000598226113778299454292,0.000000000000000633768094,0.000000000000000316880879,0.000000000000704186770998,0.000000000000352089864601,0.000100000000000000000000,0.000000100000000000000000,5.275187060343090000000000,0.000000000000000000000000,0.000433892685060144695300,0.001264769841744809103672,0.001209434309832193168752,0.001209434309832193168752,True,167,100,0.087556971560960000000000,31.783180676628480000000000,0.000005000000000000000000,0.000000040862420188115680,0.000786990551852809020524,0.599019987960000000000000,0.000000789186512868524921,True,0.000982370542634582588783,two-mode,False,0.429293133134104345313710,,,,
3,monitor-only,0.000212421875000000000000,certified_conditional,0.000000182138566114362579,363,0.000517828635035429008602,flat,,0.000399944258381666526150,0.000399944258381666526151,154.706547050000000000000000,35,631158312,direct-fast,228,0.300000000000000000000000,0.258264515491103244358871,-0.041735484508896755641129,2955806633,2.955777074933670000000000,0.000000000758503000000000,2.687070067431970000000000,842.447646238347085134955251,1444.140017155277375560408670,219254.463872473497600000000000,0.000000758205303668375653,0.021305763199975505906044,0.021305763199975505906044,0.021305763199975505906044,842.447646238347085134955251,joint,low,0.000999740526313278590478,0.000000259473686721409522,0.000212681348686721409523,0.002024594540062806183704,0.002374179825149191295112,0.002374179825149191295112,0.002024594540062806183704,0.002374179825149191295112,0.001659563875667964419696,0.000000010068114788764659,0.000000000000000000000000,0.000000000000000000000000,0.000000000000000000000000,0.000001163767631997148613,0.000263856828647105201765,0.000011186794209738509958,0.000001163779923793078768,0.000602265374291418651093,0.000000000000000633768094,0.000000000000000316880879,0.000000000000704186770998,0.000000000000352089864601,0.000100000000000000000000,0.000000100000000000000000,5.274138467857270000000000,0.000000000000000000000000,0.000437993575595083142152,0.001255247393824162936826,0.001200221547835446683605,0.001200221547835446683605,True,166,100,0.087032678318080000000000,31.592862229463040000000000,0.000005000000000000000000,0.000000040617735037288640,0.000782278033578241301838,0.602632023840000000000000,0.000000798363637746124246,True,0.000259473686721409522446,two-mode,False,0.433009090996728138116118,,,,
3,monitor-only,0.000214835525943586695269,certified_conditional,0.000001769798650332236611,367,0.000510517433832741124694,flat,,0.000392660813378987900812,0.000392660813378987900813,154.706547050000000000000000,35,631158312,direct-fast,222,0.300000000000000000000000,0.170528280130006946155885,-0.129471719869993053844115,2955229902,2.955200349700980000000000,0.000000000293003000000000,2.686545772189070000000000,839.985218107557378600513890,1438.070842001979190071708145,220335.126618832896000000000000,0.000000761919535925191474,0.021177381360646836365202,0.021177381360646836365202,0.021177381360646836365202,839.985218107557378600513890,joint,low,0.000999867376909076970447,0.000000132623090923029553,0.000214968149034509724822,0.002030333762404913815758,0.002379987768309222628368,0.002379987768309222628368,0.002030333762404913815758,0.002379987768309222628368,0.001651424325324088844885,0.000000010127119814433763,0.000000000000000000000000,0.000000000000000000000000,0.000000000000000000000000,0.000011318618875924788207,0.000267580691084135099933,0.000011252355349370847315,0.000011318738423976829588,0.000605992348155509470984,0.000000000000000633768094,0.000000000000000316880879,0.000000000000704186770998,0.000000000000352089864601,0.000100000000000000000000,0.000000100000000000000000,5.273089875371450000000000,0.000000000000000000000000,0.000441499310214317883480,0.001248624593553804604902,0.001193908610411319105062,0.001193908610411319105062,True,165,100,0.086508385075200000000000,31.748577322598400000000000,0.000005000000000000000000,0.000000040373049886461600,0.000779991477915603813579,0.606316059000000000000000,0.000000807972649934642984,True,0.000132623090923029553280,two-mode,False,0.434891304435839754905164,,,,
3,monitor-only,0.000222684836702805109329,certified_conditional,0.000001769798650332236611,367,0.000510517433832741124694,flat,,0.000392716179506982364199,0.000392716179506982364200,154.706547050000000000000000,35,631158312,direct-fast,222,0.300000000000000000000000,0.184878171697575718366439,-0.115121828302424281633561,2954076441,2.954046900235590000000000,0.000000000361993000000000,2.685497181703270000000000,829.803579100193046738689479,1420.639680280743078676899562,217664.397811331891200000000000,0.000000752684147610946729,0.020920685829002632288048,0.020920685829002632288048,0.020920685829002632288048,829.803579100193046738689479,joint,low,0.000998261756141440956930,0.000001738243858559043070,0.000224423080561364152400,0.002057174069031546084472,0.002406968928220488113990,0.002406968928220488113990,0.002057174069031546084472,0.002406968928220488113990,0.001671687200481439628258,0.000000010247301829907029,0.000000000000000000000000,0.000000000000000000000000,0.000000000000000000000000,0.000011452940820743059787,0.000274023680426582840426,0.000011385890922118920949,0.000011453061787512969970,0.000612442773973139959215,0.000000000000000633768094,0.000000000000000316880879,0.000000000000704186770998,0.000000000000352089864601,0.000100000000000000000000,0.000000100000000000000000,5.270992690399810000000000,0.000000000000000000000000,0.000446649666012678949805,0.001229851359406208990481,0.001175755360179170631136,0.001175755360179170631136,True,163,100,0.085459798589440000000000,31.363746082324480000000000,0.000005000000000000000000,0.000000039883679584807520,0.000770537035759051040081,0.613774132420000000000000,0.000000828614309885802461,True,0.001738243858559043070805,two-mode,False,0.438705263246671188925073,,,,
3,monitor-only,0.000227187500000000000000,certified_conditional,0.000001769798650332236611,367,0.000510517433832741124694,flat,,0.000392743862546979595895,0.000392743862546979595896,154.706547050000000000000000,35,631158312,direct-fast,222,0.300000000000000000000000,0.192053111260997401454981,-0.107946888739002598545019,2953499711,2.953470176002890000000000,0.000000000896483000000000,2.684972886460370000000000,824.712759596510880807777274,1411.924099420125022979495270,216329.033407581388800000000000,0.000000748066453453824357,0.020792338063180530249471,0.020792338063180530249471,0.020792338063180530249471,824.712759596510880807777274,joint,low,0.000998036953675208633812,0.000001963046324791366188,0.000229150546324791366189,0.002071199545849343158412,0.002421066135877681733578,0.002421066135877681733578,0.002071199545849343158412,0.002421066135877681733578,0.001682006257274534934605,0.000000010308505634083230,0.000000000000000000000000,0.000000000000000000000000,0.000000000000000000000000,0.000011521345514863475870,0.000277661634553360015736,0.000011453895148981365856,0.000011521467204128597017,0.000616084515193760200502,0.000000000000000633768094,0.000000000000000316880879,0.000000000000704186770998,0.000000000000352089864601,0.000100000000000000000000,0.000000100000000000000000,5.269944097913990000000000,0.000000000000000000000000,0.000449802851829445166608,0.001220404299703222571379,0.001166618478056015319889,0.001166618478056015319889,True,162,100,0.084935505346560000000000,31.171330462187520000000000,0.000005000000000000000000,0.000000039638994433980480,0.000765809814680774653332,0.617552170640000000000000,0.000000839719044522953169,True,0.001963046324791366188450,two-mode,False,0.440637445023083589419740,,,,
3,monitor-only,0.000230534147462023523390,certified_conditional,0.000000182138566114362579,363,0.000517828635035429008602,flat,,0.000400054990637655452924,0.000400054990637655452925,154.706547050000000000000000,35,631158312,direct-fast,228,0.300000000000000000000000,0.286964298626240788779980,-0.013035701373759211220020,2953499711,2.953470176002890000000000,0.000000000896483000000000,2.684972886460370000000000,822.147702955495348143751510,1409.341462525029727956543401,213971.223779160883200000000000,0.000000739935296351065396,0.020792371315638746727585,0.020792371315638746727585,0.020792371315638746727585,822.147702955495348143751510,joint,low,0.000999001746936427930964,0.000000998253063572069036,0.000231532400525595592426,0.002079999282512731371616,0.002429866303050550761814,0.002429866303050550761814,0.002079999282512731371616,0.002429866303050550761814,0.001700540761486926504133,0.000000010308505634083230,0.000000000000000000000000,0.000000000000000000000000,0.000000000000000000000000,0.000001191554272364258629,0.000278256658246855876654,0.000011453895148981365856,0.000001191566857644647010,0.000616680078500721609218,0.000000000000000633768094,0.000000000000000316880879,0.000000000000704186770998,0.000000000000352089864601,0.000100000000000000000000,0.000000100000000000000000,5.269944097913990000000000,0.000000000000000000000000,0.000450766770934333577778,0.001217464144653316517024,0.001163678271123698932096,0.001163678271123698932096,True,162,100,0.084935505346560000000000,30.831588440801280000000000,0.000005000000000000000000,0.000000039638994433980480,0.000763427960479970427095,0.617552170640000000000000,0.000000839719044522953169,True,0.000998253063572069036441,two-mode,False,0.442586725753269550980732,,,,
3,monitor-only,0.000238383458221241937450,certified_conditional,0.000001769798650332236611,367,0.000510517433832741124694,flat,,0.000392799228674974059282,0.000392799228674974059283,154.706547050000000000000000,35,631158312,direct-fast,222,0.300000000000000000000000,0.206403002828566173665535,-0.093596997171433826334465,2952346250,2.952316726537500000000000,0.000000000965473000000000,2.683924295974570000000000,814.531120589146548945952863,1394.492937698888911584686687,213658.304600080384000000000000,0.000000738831065139579612,0.020535642531536326172317,0.020535642531536326172317,0.020535642531536326172317,814.531120589146548945952863,joint,low,0.000999777980369596143684,0.000000222019630403856316,0.000238605477851645793767,0.002101145627015556461475,0.002451158368629165498398,0.002451158368629165498398,0.002101145627015556461475,0.002451158368629165498398,0.001703031335490466621288,0.000000010433208385092238,0.000000000000000000000000,0.000000000000000000000000,0.000000000000000000000000,0.000011660720079133823638,0.000286443138236620275340,0.000011592453761213597353,0.000011660843240482937124,0.000624873735080725707035,0.000000000000000633768094,0.000000000000000316880879,0.000000000000704186770998,0.000000000000352089864601,0.000100000000000000000000,0.000000100000000000000000,5.267846912942350000000000,0.000000000000000000000000,0.000458299855089829756322,0.001201290974695125396746,0.001148125880858470645032,0.001148125880858470645032,True,160,100,0.083886918860800000000000,30.786499221913600000000000,0.000005000000000000000000,0.000000039149624132326400,0.000756355372524221879834,0.625216250000000000000000,0.000000863705376767455877,True,0.000222019630403856316896,two-mode,False,0.448539461974151343909141,,,,
3,monitor-only,0.000241953125000000000000,certified_conditional,0.000001769798650332236611,367,0.000510517433832741124694,flat,,0.000392826911762971290973,0.000392826911762971290974,154.706547050000000000000000,35,631158312,direct-fast,222,0.300000000000000000000000,0.213577954832713262787547,-0.086422045167286737212453,2951769519,2.951740001304810000000000,0.000000000499973000000000,2.683400000731670000000000,809.440301085464383015040657,1385.777356838270855887282395,212322.940196329881600000000000,0.000000734213370982457239,0.020407294765714224133740,0.020407294765714224133740,0.020407294765714224133740,809.440301085464383015040657,joint,low,0.000998620181384926992445,0.000001379818615073007555,0.000243332943615073007556,0.002115125484151479458661,0.002465212680346264013838,0.002465212680346264013838,0.002115125484151479458661,0.002465212680346264013838,0.001713742224392922386202,0.000000010496736201643997,0.000000000000000000000000,0.000000000000000000000000,0.000000000000000000000000,0.000011731722215648906464,0.000289641040805755873028,0.000011663040224048885097,0.000011731846126927600953,0.000628075568546088505989,0.000000000000000633768094,0.000000000000000316880879,0.000000000000704186770998,0.000000000000352089864601,0.000100000000000000000000,0.000000100000000000000000,5.266798320456530000000000,0.000000000000000000000000,0.000460520044388159145004,0.001191921158702059377946,0.001139066612112504366106,0.001139066612112504366106,True,159,100,0.083362625617920000000000,30.594083601776640000000000,0.000005000000000000000000,0.000000038904938981499360,0.000751628151445945493085,0.629206290000000000000000,0.000000876684342664863069,True,0.001379818615073007555330,two-mode,False,0.450559459550606727095058,,,,
3,monitor-only,0.000246232768980460351510,certified_conditional,0.000001769798650332236611,367,0.000510517433832741124694,flat,,0.000392854594850968522664,0.000392854594850968522665,154.706547050000000000000000,35,631158312,direct-fast,222,0.300000000000000000000000,0.220752906836860351909559,-0.079247093163139648090441,2951192788,2.951163276072120000000000,0.000000000034473000000000,2.682875705488770000000000,804.349481581782217084128452,1377.061775977652800189878103,210987.575792579379200000000000,0.000000729595676825334867,0.020278946999892122095163,0.020278946999892122095163,0.020278946999892122095163,804.349481581782217084128452,joint,low,0.000998172359601960130166,0.000001827640398039869834,0.000248060409378500221345,0.002129731663150761177246,0.002479894256389774105337,0.002479894256389774105337,0.002129731663150761177246,0.002479894256389774105337,0.001724588694167561135481,0.000000010561068167772361,0.000000000000000000000000,0.000000000000000000000000,0.000000000000000000000000,0.000011803623113385699199,0.000293328784800695921234,0.000011734520186413733445,0.000011803747784086754197,0.000631767293195435846616,0.000000000000000633768094,0.000000000000000316880879,0.000000000000704186770998,0.000000000000352089864601,0.000100000000000000000000,0.000000100000000000000000,5.265749727970710000000000,0.000000000000000000000000,0.000463450210888190822646,0.001182480197039834727977,0.001129936322090750014673,0.001129936322090750014673,True,158,100,0.082838332375040000000000,30.401667981639680000000000,0.000005000000000000000000,0.000000038660253830672320,0.000746900930367669106336,0.633192326240000000000000,0.000000890394563741252182,True,0.001827640398039869834422,two-mode,False,0.452597737648116005151436,,,,
3,monitor-only,0.000254082079739678765571,certified_conditional,0.000000122780178385443411,363,0.000517828635035429008602,flat,,0.000400193405981641611390,0.000400193405981641611391,154.706547050000000000000000,35,631158312,direct-fast,229,0.300000000000000000000000,0.022839033765525422323100,-0.277160966234474577676900,2950616058,2.950586551839420000000000,0.000000000568963000000000,2.682351410245870000000000,796.772773851930676904746834,1365.843269237220168451711815,207367.173662520115200000000000,0.000000717097787204427576,0.020150631460217797754512,0.020150631460217797754512,0.020150631460217797754512,796.772773851930676904746834,joint,low,0.000998985864415490444516,0.000001014135584509555484,0.000255096215324188321055,0.002153405284641525333204,0.002503644658338673270387,0.002503644658338673270387,0.002153405284641525333204,0.002503644658338673270387,0.001754698110578866838659,0.000000010626219649392805,0.000000000000000000000000,0.000000000000000000000000,0.000000000000000000000000,0.000000830172224741422605,0.000297866375617317030164,0.000011806910721547560753,0.000000830180993079098308,0.000636309454988903137070,0.000000000000000633768094,0.000000000000000316880879,0.000000000000704186770998,0.000000000000352089864601,0.000100000000000000000000,0.000000100000000000000000,5.264701135484890000000000,0.000000000000000000000000,0.000467640856808522460256,0.001170064226831662677859,0.001117831098204285812754,0.001117831098204285812754,True,157,100,0.082314039132160000000000,29.879996204974080000000000,0.000005000000000000000000,0.000000038415568679845280,0.000739865369107131833666,0.637206370000000000000000,0.000000904899631504723686,True,0.001014135584509555484099,two-mode,False,0.456730137078682760662996,,,,
3,monitor-only,0.000256718750000000000000,certified_conditional,0.000001769798650332236611,367,0.000510517433832741124694,flat,,0.000392909960978962986052,0.000392909960978962986053,154.706547050000000000000000,35,631158312,direct-fast,222,0.300000000000000000000000,0.235102798404429124120114,-0.064897201595570875879886,2950039327,2.950009826606730000000000,0.000000000103463000000000,2.681827115002970000000000,794.167842574417885222304041,1359.630614256416688795069519,208316.846985078374400000000000,0.000000720360288511090121,0.020022251468247918018009,0.020022251468247918018009,0.020022251468247918018009,794.167842574417885222304041,joint,low,0.000999203409094645351078,0.000000796590905354648922,0.000257515340905354648923,0.002160740881619082539690,0.002511057168832868689492,0.002511057168832868689492,0.002160740881619082539690,0.002511057168832868689492,0.001746698805631247816706,0.000000010692206406418640,0.000000000000000000000000,0.000000000000000000000000,0.000000000000000000000000,0.000011950190328003007465,0.000302081193452474647908,0.000011880229340465155078,0.000011950316546757335810,0.000640527816258121746302,0.000000000000000633768094,0.000000000000000316880879,0.000000000000704186770998,0.000000000000352089864601,0.000100000000000000000000,0.000000100000000000000000,5.263652542999070000000000,0.000000000000000000000000,0.000471237236946873123401,0.001163403972283898328673,0.001111481813889330942981,0.001111481813889330942981,True,156,100,0.081789745889280000000000,30.016836741365760000000000,0.000005000000000000000000,0.000000038170883529018240,0.000737446488211116332838,0.641256409600000000000000,0.000000920270730983621435,True,0.000796590905354648922211,two-mode,False,0.458824770735002148204406,,,,
3,monitor-only,0.000261931390498897179631,certified_conditional,0.000001769798650332236611,367,0.000510517433832741124694,flat,,0.000392937644018960217748,0.000392937644018960217749,154.706547050000000000000000,35,631158312,direct-fast,222,0.300000000000000000000000,0.242277737967850807208656,-0.057722262032149192791344,2949462597,2.949433102374030000000000,0.000000000637953000000000,2.681302819760070000000000,789.077023070735719291391836,1350.915033395798633097665228,206981.482581327872000000000000,0.000000715742594353967749,0.019893903702425815979432,0.019893903702425815979432,0.019893903702425815979432,789.077023070735719291391836,joint,low,0.000999688583830115316920,0.000000311416169884683080,0.000262242806668781862712,0.002176525999020434116593,0.002526920620582653069720,0.002526920620582653069720,0.002176525999020434116593,0.002526920620582653069720,0.001757967830183707480039,0.000000010759044605470615,0.000000000000000000000000,0.000000000000000000000000,0.000000000000000000000000,0.000012024892327711183937,0.000306522517463459333032,0.000011954494006078460297,0.000012025019335473309664,0.000644973276001117184122,0.000000000000000633768094,0.000000000000000316880879,0.000000000000704186770998,0.000000000000352089864601,0.000100000000000000000000,0.000000100000000000000000,5.262603950513250000000000,0.000000000000000000000000,0.000475100399965341629163,0.001153863041923545640183,0.001102251927594621162236,0.001102251927594621162236,True,155,100,0.081265452646400000000000,29.824421121228800000000000,0.000005000000000000000000,0.000000037926198378191200,0.000732719267132839946089,0.645406452000000000000000,0.000000936587809040401632,True,0.000311416169884683080513,two-mode,False,0.463072222315872017385599,,,,
3,monitor-only,0.000269780701258115593692,certified_conditional,0.000001769798650332236611,367,0.000510517433832741124694,flat,,0.000392993010146954681135,0.000392993010146954681136,154.706547050000000000000000,35,631158312,direct-fast,222,0.300000000000000000000000,0.256627629535419579419210,-0.043372370464580420580790,2948309136,2.948279652908640000000000,0.000000000706943000000000,2.680254229274270000000000,778.895384063371387429567425,1333.483871674562521702856644,204310.753773826867200000000000,0.000000706507206039723004,0.019637208170781611902278,0.019637208170781611902278,0.019637208170781611902278,778.895384063371387429567425,joint,low,0.000998082963062479303402,0.000001917036937520696598,0.000271697738195636290290,0.002207031583682996864319,0.002557585945877314083046,0.002557585945877314083046,0.002207031583682996864319,0.002557585945877314083046,0.001780947801820095813112,0.000000010895342109419740,0.000000000000000000000000,0.000000000000000000000000,0.000000000000000000000000,0.000012177225817312171251,0.000313895660702528811246,0.000012105935677133043490,0.000012177354434031373994,0.000652354852889777216854,0.000000000000000633768094,0.000000000000000316880879,0.000000000000704186770998,0.000000000000352089864601,0.000100000000000000000000,0.000000100000000000000000,5.260506765541610000000000,0.000000000000000000000000,0.000480250755763702695488,0.001135014608324221040065,0.001084025951548654525732,0.001084025951548654525732,True,153,100,0.080216866160640000000000,29.439589880954880000000000,0.000005000000000000000000,0.000000037436828076537120,0.000723264824976287172591,0.653808536080000000000000,0.000000972432116334240185,True,0.001917036937520696598039,two-mode,False,0.467399065515075902813169,,,,
3,monitor-only,0.000271484375000000000000,certified_conditional,0.000001769798650332236611,367,0.000510517433832741124694,flat,,0.000392993010146954681135,0.000392993010146954681136,154.706547050000000000000000,35,631158312,direct-fast,222,0.300000000000000000000000,0.256627629535419579419210,-0.043372370464580420580790,2948309136,2.948279652908640000000000,0.000000000706943000000000,2.680254229274270000000000,778.895384063371387429567425,1333.483871674562521702856644,204310.753773826867200000000000,0.000000706507206039723004,0.019637208170781611902278,0.019637208170781611902278,0.019637208170781611902278,778.895384063371387429567425,joint,low,0.000999786636804363709711,0.000000213363195636290289,0.000271697738195636290290,0.002208145118203062212131,0.002558699480397379430859,0.002558699480397379430859,0.002208145118203062212131,0.002558699480397379430859,0.001780947801820095813112,0.000000010895342109419740,0.000000000000000000000000,0.000000000000000000000000,0.000000000000000000000000,0.000012177225817312171251,0.000315009195222594159058,0.000012105935677133043490,0.000012177354434031373994,0.000653468387409842564667,0.000000000000000633768094,0.000000000000000316880879,0.000000000000704186770998,0.000000000000352089864601,0.000100000000000000000000,0.000000100000000000000000,5.260506765541610000000000,0.000000000000000000000000,0.000481954429505587101797,0.001134852679371369830638,0.001083864024306090289759,0.001083864024306090289759,True,153,100,0.080216866160640000000000,29.439589880954880000000000,0.000005000000000000000000,0.000000037436828076537120,0.000723264824976287172591,0.653808536080000000000000,0.000000972432116334240185,True,0.000213363195636290289091,two-mode,False,0.467399065515075902813169,,,,
3,monitor-only,0.000277630012017334007752,certified_conditional,0.000000122780178385443411,363,0.000517828635035429008602,flat,,0.000400331821325627769855,0.000400331821325627769856,154.706547050000000000000000,35,631158312,direct-fast,229,0.300000000000000000000000,0.058713768904810055866221,-0.241286231095189944133779,2947732405,2.947702927675950000000000,0.000000000241443000000000,2.679729934031370000000000,771.397844748366005665742157,1322.345075949410608946880228,200763.123545879347200000000000,0.000000694260278057789755,0.019508891604796848781438,0.019508891604796848781438,0.019508891604796848781438,771.397844748366005665742157,joint,low,0.000998969981894552958069,0.000001030018105447041931,0.000278660030122781049684,0.002232052240554974545778,0.002582688468677298060117,0.002582688468677298060117,0.002232052240554974545778,0.002582688468677298060117,0.001812418443163697984668,0.000000010964835902551695,0.000000000000000000000000,0.000000000000000000000000,0.000000000000000000000000,0.000000856626581746416671,0.000318766205972676943774,0.000012183151002835215841,0.000000856635629496879625,0.000657230237824991344386,0.000000000000000633768094,0.000000000000000316880879,0.000000000000704186770998,0.000000000000352089864601,0.000100000000000000000000,0.000000100000000000000000,5.259458173055790000000000,0.000000000000000000000000,0.000484514942682711342734,0.001122569806504197686406,0.001071892518528819997580,0.001071892518528819997580,True,152,100,0.079692572917760000000000,28.928403969146880000000000,0.000005000000000000000000,0.000000037192142925710080,0.000716302777734293240237,0.658160576560000000000000,0.000000992176999355877181,True,0.001030018105447041931756,two-mode,False,0.471807547265208163437486,,,,
3,monitor-only,0.000280744500000000000000,certified_conditional,0.000000395595585251765691,365,0.000514153058474514881173,flat,,0.000396683964560476483263,0.000396683964560476483264,154.706547050000000000000000,35,631158312,direct-fast,226,0.300000000000000000000000,0.013255761814666757348753,-0.286744238185333242651247,2947155675,2.947126203443250000000000,0.000000000775933000000000,2.679205638788470000000000,767.518301991830063492842118,1314.849118394535979166358943,200541.169244438528000000000000,0.000000693482296976970225,0.019380528136425033405974,0.019380528136425033405974,0.019380528136425033405974,767.518301991830063492842118,joint,low,0.000998481768597504843363,0.000001518231402495156637,0.000282262731402495156638,0.002239989015591039876147,0.002590707518671254723321,0.002590707518671254723321,0.002239989015591039876147,0.002590707518671254723321,0.001814424385738913181566,0.000000011035250143274802,0.000000000000000000000000,0.000000000000000000000000,0.000000000000000000000000,0.000002762284226994225376,0.000322791310374038545432,0.000012261389048083112330,0.000002762313402435340740,0.000661259429425546453088,0.000000000000000633768094,0.000000000000000316880879,0.000000000000704186770998,0.000000000000352089864601,0.000100000000000000000000,0.000000100000000000000000,5.258409580569970000000000,0.000000000000000000000000,0.000487405130464706908551,0.001114540935100393455008,0.001064175210651165399981,0.001064175210651165399981,True,151,100,0.079168279674880000000000,28.896422081331200000000000,0.000005000000000000000000,0.000000036947457774883040,0.000712700321139729960323,0.662494621220000000000000,0.000001013307596387611681,True,0.001518231402495156637992,two-mode,False,0.474043128057929262427068,,,,
3,monitor-only,0.000285479322776552421812,certified_conditional,0.000000395595585251765691,365,0.000514153058474514881173,flat,,0.000396711647648473714955,0.000396711647648473714956,154.706547050000000000000000,35,631158312,direct-fast,226,0.300000000000000000000000,0.020430713818813846470765,-0.279569286181186153529235,2946578944,2.946549478210560000000000,0.000000000310433000000000,2.678681343545570000000000,762.435399329632513403485548,1306.141508338943025661945970,199213.082030899200000000000000,0.000000688889698983745256,0.019252180267971887489378,0.019252180267971887489378,0.019252180267971887489378,762.435399329632513403485548,joint,low,0.000998496477012484385417,0.000001503522987515614583,0.000286982845764068036396,0.002256516897140672590135,0.002607319025374959545131,0.002607319025374959545131,0.002256516897140672590135,0.002607319025374959545131,0.001826520548310505936110,0.000000011106603240540883,0.000000000000000000000000,0.000000000000000000000000,0.000000000000000000000000,0.000002780144949004718169,0.000327205097276970746002,0.000012340670267267647438,0.000002780174313092040973,0.000665677631427817285014,0.000000000000000633768094,0.000000000000000316880879,0.000000000000704186770998,0.000000000000352089864601,0.000100000000000000000000,0.000000100000000000000000,5.257360988084150000000000,0.000000000000000000000000,0.000490797829860698357459,0.001105025486974573592551,0.001054971427001455243768,0.001054971427001455243768,True,150,100,0.078643986432000000000000,28.705055047680000000000000,0.000005000000000000000000,0.000000036702772624056000,0.000707980451463307907605,0.666916665000000000000000,0.000001035975088462587508,True,0.001503522987515614583514,two-mode,False,0.478578468996272544587752,,,,
3,monitor-only,0.000286250000000000000000,certified_conditional,0.000000395595585251765691,365,0.000514153058474514881173,flat,,0.000396711647648473714955,0.000396711647648473714956,154.706547050000000000000000,35,631158312,direct-fast,226,0.300000000000000000000000,0.020430713818813846470765,-0.279569286181186153529235,2946578944,2.946549478210560000000000,0.000000000310433000000000,2.678681343545570000000000,762.435399329632513403485548,1306.141508338943025661945970,199213.082030899200000000000000,0.000000688889698983745256,0.019252180267971887489378,0.019252180267971887489378,0.019252180267971887489378,762.435399329632513403485548,joint,low,0.000999267154235931963605,0.000000732845764068036395,0.000286982845764068036396,0.002257030692232103379552,0.002607832820466390334549,0.002607832820466390334549,0.002257030692232103379552,0.002607832820466390334549,0.001826520548310505936110,0.000000011106603240540883,0.000000000000000000000000,0.000000000000000000000000,0.000000000000000000000000,0.000002780144949004718169,0.000327718892368401535420,0.000012340670267267647438,0.000002780174313092040973,0.000666191426519248074431,0.000000000000000633768094,0.000000000000000316880879,0.000000000000704186770998,0.000000000000352089864601,0.000100000000000000000000,0.000000100000000000000000,5.257360988084150000000000,0.000000000000000000000000,0.000491568507084145935647,0.001104952192643262404295,0.001054898133444275783424,0.001054898133444275783424,True,150,100,0.078643986432000000000000,28.705055047680000000000000,0.000005000000000000000000,0.000000036702772624056000,0.000707980451463307907605,0.666916665000000000000000,0.000001035975088462587508,True,0.000732845764068036395356,two-mode,False,0.478578468996272544587752,,,,
3,monitor-only,0.000293328633535770835873,certified_conditional,0.000000395595585251765691,365,0.000514153058474514881173,flat,,0.000396767013776468178342,0.000396767013776468178343,154.706547050000000000000000,35,631158312,direct-fast,226,0.300000000000000000000000,0.034780605386382618681319,-0.265219394613617381318681,2945425483,2.945396028745170000000000,0.000000000379423000000000,2.677632753059770000000000,752.269594005237413224772407,1288.726288227757118653120024,196556.907603820544000000000000,0.000000679704502997295319,0.018995484531065595656186,0.018995484531065595656186,0.018995484531065595656186,752.269594005237413224772407,joint,low,0.000996905559048557039963,0.000003094440951442960037,0.000296423074487213795911,0.002289147866788635035238,0.002640120635540015075116,0.002640120635540015075116,0.002289147866788635035238,0.002640120635540015075116,0.001851203258422810070382,0.000000011252202128205455,0.000000000000000000000000,0.000000000000000000000000,0.000000000000000000000000,0.000002816590476350453461,0.000335116765686395656969,0.000012502446809117171781,0.000002816620225378010367,0.000673598309026433186989,0.000000000000000633768094,0.000000000000000316880879,0.000000000000704186770998,0.000000000000352089864601,0.000100000000000000000000,0.000000100000000000000000,5.255263803112510000000000,0.000000000000000000000000,0.000495962893858794825711,0.001086137360402710188201,0.001036707000875492691948,0.001036707000875492691948,True,148,100,0.077595399946240000000000,28.322320980377600000000000,0.000005000000000000000000,0.000000036213402322401920,0.000698540712110463802170,0.675928754880000000000000,0.000001086644065581280062,True,0.003094440951442960037848,two-mode,False,0.483201449373037919157338,,,,
3,monitor-only,0.000301015625000000000000,certified_conditional,0.000000395595585251765691,365,0.000514153058474514881173,flat,,0.000396794696816465410038,0.000396794696816465410039,154.706547050000000000000000,35,631158312,direct-fast,226,0.300000000000000000000000,0.041955544949804301769861,-0.258044455050195698230139,2944848753,2.944819304512470000000000,0.000000000913913000000000,2.677108457816870000000000,747.186691343039863135415837,1280.018678172164165148707051,195228.820390281216000000000000,0.000000675111905004070351,0.018867136662612449739590,0.018867136662612449739590,0.018867136662612449739590,747.186691343039863135415837,joint,low,0.000999872436151213324333,0.000000127563848786675667,0.000301143188848786675668,0.002308355784181877183582,0.002659415614421570021869,0.002659415614421570021869,0.002308355784181877183582,0.002659415614421570021869,0.001863796477867863200112,0.000000011326487274973094,0.000000000000000000000000,0.000000000000000000000000,0.000000000000000000000000,0.000002835185133159502080,0.000341712794692628859326,0.000012584985861081214813,0.000002835215078585137609,0.000680198934557763833738,0.000000000000000633768094,0.000000000000000316880879,0.000000000000704186770998,0.000000000000352089864601,0.000100000000000000000000,0.000000100000000000000000,5.254215210626690000000000,0.000000000000000000000000,0.000502307761942463016934,0.001076329616134143052925,0.001027211297320745221837,0.001027211297320745221837,True,147,100,0.077071106703360000000000,28.130953946726400000000000,0.000005000000000000000000,0.000000035968717171574880,0.000693820842434041749453,0.680522800940000000000000,0.000001115081018170403302,True,0.000127563848786675667449,two-mode,False,0.487914634244959691279501,,,,
3,monitor-only,0.000301177944294989249933,certified_conditional,0.000000122780178385443411,363,0.000517828635035429008602,flat,,0.000400470236621613928326,0.000400470236621613928327,154.706547050000000000000000,35,631158312,direct-fast,229,0.300000000000000000000000,0.094588491603369283375871,-0.205411508396630716624129,2944848753,2.944819304512470000000000,0.000000000913913000000000,2.677108457816870000000000,746.022915644801334426737481,1278.846882661601049442048642,194159.073429238579200000000000,0.000000671422768911151934,0.018867151749375899808364,0.018867151749375899808364,0.018867151749375899808364,746.022915644801334426737481,joint,low,0.000998954099373615471621,0.000001045900626384528379,0.000302223844921373778313,0.002316049329523760439479,0.002667109408970931338943,0.002667109408970931338943,0.002316049329523760439479,0.002667109408970931338943,0.001874065328985592473942,0.000000011326487274973094,0.000000000000000000000000,0.000000000000000000000000,0.000000000000000000000000,0.000000884880554874199449,0.000341087793495068144024,0.000012584985861081214813,0.000000884889901045122256,0.000679574203166935892336,0.000000000000000633768094,0.000000000000000316880879,0.000000000000704186770998,0.000000000000352089864601,0.000100000000000000000000,0.000000100000000000000000,5.254215210626690000000000,0.000000000000000000000000,0.000501389028556900225211,0.001074980600770582922212,0.001025862258464321942309,0.001025862258464321942309,True,147,100,0.077071106703360000000000,27.976811733319680000000000,0.000005000000000000000000,0.000000035968717171574880,0.000692740186361454646808,0.680522800940000000000000,0.000001115081018170403302,True,0.001045900626384528379414,two-mode,False,0.487914634244959691279501,,,,
3,monitor-only,0.000309027255054207663994,certified_conditional,0.000001225054436471562870,367,0.000510517433832741124694,flat,,0.000393214474658932534684,0.000393214474658932534685,154.706547050000000000000000,35,631158312,direct-fast,223,0.300000000000000000000000,0.014027195805694668261427,-0.285972804194305331738573,2943695292,2.943665855047080000000000,0.000000000982903000000000,2.676059867331070000000000,738.168828033914059982269782,1263.759224789618076123622310,193627.838543822848000000000000,0.000000669565652782744023,0.018610426044204795593662,0.018610426044204795593662,0.018610426044204795593662,738.168828033914059982269782,joint,low,0.000999509790751153663393,0.000000490209248846336607,0.000309517464303054000601,0.002338936272768941437871,0.002690173622190666465131,0.002690173622190666465131,0.002338936272768941437871,0.002690173622190666465131,0.001879206990886032133835,0.000000011478131436650480,0.000000000000000000000000,0.000000000000000000000000,0.000000000000000000000000,0.000008882173510590268371,0.000350835630239931736214,0.000012753479374056088864,0.000008882267324734266383,0.000689330883549567340452,0.000000000000000633768094,0.000000000000000316880879,0.000000000000704186770998,0.000000000000352089864601,0.000100000000000000000000,0.000000100000000000000000,5.252118025655050000000000,0.000000000000000000000000,0.000508701489716365374846,0.001058723104847648330534,0.001010229257157662954731,0.001010229257157662954731,True,145,100,0.076022520217600000000000,27.900264919859200000000000,0.000005000000000000000000,0.000000035479346869920800,0.000685447056350076078600,0.689896895200000000000000,0.000001179538860680385198,True,0.000490209248846336607747,two-mode,False,0.492720689754751843147914,,,,
3,monitor-only,0.000315781250000000000000,certified_conditional,0.000000122780178385443411,363,0.000517828635035429008602,flat,,0.000400553285837605623404,0.000400553285837605623405,154.706547050000000000000000,35,631158312,direct-fast,229,0.300000000000000000000000,0.116113335175085144708438,-0.183886664824914855291562,2943118561,2.943089129814390000000000,0.000000000517403000000000,2.675535572088170000000000,730.797958182662531683334675,1252.747966688915313739149690,190196.643359254118400000000000,0.000000657720263423169241,0.018482107836123330424520,0.018482107836123330424520,0.018482107836123330424520,730.797958182662531683334675,joint,low,0.000999419116199470584511,0.000000580883800529415489,0.000316362133800529415490,0.002369577038529991007801,0.002720905557149565251178,0.002720905557149565251178,0.002369577038529991007801,0.002720905557149565251178,0.001913108356672792317149,0.000000011555533144173313,0.000000000000000000000000,0.000000000000000000000000,0.000000000000000000000000,0.000000902774737855128541,0.000355554351585248739827,0.000012839481271303680828,0.000000902784273025675922,0.000694054933876166941681,0.000000000000000633768094,0.000000000000000316880879,0.000000000000704186770998,0.000000000000352089864601,0.000100000000000000000000,0.000000100000000000000000,5.251069433169230000000000,0.000000000000000000000000,0.000511988026419831159457,0.001046336276992811787003,0.000998154796842560576436,0.000998154796842560576436,True,144,100,0.075498226974720000000000,27.405856391823360000000000,0.000005000000000000000000,0.000000035234661719093760,0.000678602631537751490751,0.694680943360000000000000,0.000001216265306161257371,True,0.000580883800529415489351,two-mode,False,0.497622388160261251769927,,,,
3,monitor-only,0.000316876565813426078054,certified_conditional,0.000001225054436471562870,367,0.000510517433832741124694,flat,,0.000393269840834926998066,0.000393269840834926998067,154.706547050000000000000000,35,631158312,direct-fast,223,0.300000000000000000000000,0.028377099813988846505451,-0.271622900186011153494549,2942541830,2.942512404581700000000000,0.000000000051903000000000,2.675011276845270000000000,727.987189026549728120445371,1246.328063068381964728813726,190957.109736321843200000000000,0.000000660330264468499278,0.018353730512560591516508,0.018353730512560591516508,0.018353730512560591516508,727.987189026549728120445371,joint,low,0.000997904169983517649875,0.000002095830016482350125,0.000318972395829908428179,0.002373848185311596653063,0.002725268232459499324693,0.002725268232459499324693,0.002373848185311596653063,0.002725268232459499324693,0.001905489606143179436406,0.000000011634017393060102,0.000000000000000000000000,0.000000000000000000000000,0.000000000000000000000000,0.000009002803433704184146,0.000359344141716369323438,0.000012926685992289001351,0.000009002898521949950603,0.000697849040745804300737,0.000000000000000633768094,0.000000000000000316880879,0.000000000000704186770998,0.000000000000352089864601,0.000100000000000000000000,0.000000100000000000000000,5.250020840683410000000000,0.000000000000000000000000,0.000513851845514726441171,0.001039799020252507124026,0.000991930118587502237397,0.000991930118587502237397,True,143,100,0.074973933731840000000000,27.515433679585280000000000,0.000005000000000000000000,0.000000034989976568266720,0.000675992614193523305102,0.699560990560000000000000,0.000001256575208433975345,True,0.002095830016482350125272,two-mode,False,0.500110000101057276645599,,,,
3,monitor-only,0.000324725876572644492114,certified_conditional,0.000000395595585251765691,365,0.000514153058474514881173,flat,,0.000396933112160451568503,0.000396933112160451568504,154.706547050000000000000000,35,631158312,direct-fast,226,0.300000000000000000000000,0.077830280089088935312982,-0.222169719910911064687018,2941965100,2.941935680349000000000000,0.000000000586393000000000,2.674486981602370000000000,721.772178032052112688632985,1236.480627894199397626642185,188588.384322584576000000000000,0.000000652148915037945509,0.018225397320346720156611,0.018225397320346720156611,0.018225397320346720156611,721.772178032052112688632985,joint,low,0.000999982115915993417660,0.000000017884084006582340,0.000324743760656651074455,0.002398083663382180443157,0.002749597194335616033714,0.002749597194335616033714,0.002398083663382180443157,0.002749597194335616033714,0.001929423114412506270539,0.000000011713607053903042,0.000000000000000000000000,0.000000000000000000000000,0.000000000000000000000000,0.000002932086865826375164,0.000365716748495843245442,0.000013015118948781157374,0.000002932117834734955630,0.000704226842083317014575,0.000000000000000633768094,0.000000000000000316880879,0.000000000000704186770998,0.000000000000352089864601,0.000100000000000000000000,0.000000100000000000000000,5.248972248197590000000000,0.000000000000000000000000,0.000519307396612302644526,0.001028634729184791799883,0.000981078469226799946443,0.000981078469226799946443,True,142,100,0.074449640488960000000000,27.174118778470400000000000,0.000005000000000000000000,0.000000034745291417439680,0.000670221494051931485866,0.704453041640000000000000,0.000001301019931456108912,True,0.000017884084006582340455,two-mode,False,0.505160606162673448362872,,,,
3,monitor-only,0.000330546875000000000000,certified_conditional,0.000001225054436471562870,367,0.000510517433832741124694,flat,,0.000393352890002918693149,0.000393352890002918693150,154.706547050000000000000000,35,631158312,direct-fast,223,0.300000000000000000000000,0.049901930944979301804548,-0.250098069055020698195452,2940811639,2.940782230883610000000000,0.000000000655383000000000,2.673438391116570000000000,712.714730515503230327708755,1220.181320486527797636600851,186951.016525070336000000000000,0.000000646477181997132160,0.017968687215094285400777,0.017968687215094285400777,0.017968687215094285400777,712.714730515503230327708755,joint,low,0.000997392081879809930455,0.000002607918120190069545,0.000333154793120190069546,0.002429440892993926382510,0.002781144774109283608787,0.002781144774109283608787,0.002429440892993926382510,0.002781144774109283608787,0.001946321526274818995758,0.000000011876197361053620,0.000000000000000000000000,0.000000000000000000000000,0.000000000000000000000000,0.000009190210635684731868,0.000373917279885110952293,0.000013195774845615133249,0.000009190307703338602873,0.000712437164229234241310,0.000000000000000633768094,0.000000000000000316880879,0.000000000000704186770998,0.000000000000352089864601,0.000100000000000000000000,0.000000100000000000000000,5.246875063225950000000000,0.000000000000000000000000,0.000523473722260014341513,0.001011203818543810781799,0.000964273274544923798494,0.000964273274544923798494,True,140,100,0.073401054003200000000000,26.938186819174400000000000,0.000005000000000000000000,0.000000034255921115785600,0.000661810950958694144855,0.714537140800000000000000,0.000001405149505943672276,True,0.002607918120190069545574,two-mode,False,0.510314285817383827666211,,,,
3,monitor-only,0.000332575187331862906175,certified_conditional,0.000001225054436471562870,367,0.000510517433832741124694,flat,,0.000393352890002918693149,0.000393352890002918693150,154.706547050000000000000000,35,631158312,direct-fast,223,0.300000000000000000000000,0.049901930944979301804548,-0.250098069055020698195452,2940811639,2.940782230883610000000000,0.000000000655383000000000,2.673438391116570000000000,712.714730515503230327708755,1220.181320486527797636600851,186951.016525070336000000000000,0.000000646477181997132160,0.017968687215094285400777,0.017968687215094285400777,0.017968687215094285400777,712.714730515503230327708755,joint,low,0.000999420394211672836629,0.000000579605788327163371,0.000333154793120190069546,0.002430889716492865818192,0.002782593597608223044469,0.002782593597608223044469,0.002430889716492865818192,0.002782593597608223044469,0.001946321526274818995758,0.000000011876197361053620,0.000000000000000000000000,0.000000000000000000000000,0.000000000000000000000000,0.000009190210635684731868,0.000375366103384050387976,0.000013195774845615133249,0.000009190307703338602873,0.000713885987728173676992,0.000000000000000633768094,0.000000000000000316880879,0.000000000000704186770998,0.000000000000352089864601,0.000100000000000000000000,0.000000100000000000000000,5.246875063225950000000000,0.000000000000000000000000,0.000525502034591877247688,0.001011010532823933851156,0.000964079990866522731429,0.000964079990866522731429,True,140,100,0.073401054003200000000000,26.938186819174400000000000,0.000005000000000000000000,0.000000034255921115785600,0.000661810950958694144855,0.714537140800000000000000,0.000001405149505943672276,True,0.000579605788327163371363,two-mode,False,0.510314285817383827666211,,,,
3,monitor-only,0.000340424498091081320235,certified_conditional,0.000001225054436471562870,367,0.000510517433832741124694,flat,,0.000393408256130913156536,0.000393408256130913156537,154.706547050000000000000000,35,631158312,direct-fast,223,0.300000000000000000000000,0.064251822512548074015102,-0.235748177487451925984898,2939658178,2.939628781418220000000000,0.000000000724373000000000,2.672389800630770000000000,702.533091508138898465884344,1202.750158765291686241792267,184280.287717569331200000000000,0.000000637241793682887415,0.017711991683450081323623,0.017711991683450081323623,0.017711991683450081323623,702.533091508138898465884344,joint,low,0.000997814773444036823112,0.000002185226555963176888,0.000342609724647044497124,0.002468399212007703097417,0.002820299171660963711687,0.002820299171660963711687,0.002468399212007703097417,0.002820299171660963711687,0.001974529084626627966711,0.000000012043500430730302,0.000000000000000000000000,0.000000000000000000000000,0.000000000000000000000000,0.000009319675514347622324,0.000384538408365346129110,0.000013381667145255891034,0.000009319773949418686326,0.000723068644883384532019,0.000000000000000633768094,0.000000000000000316880879,0.000000000000704186770998,0.000000000000352089864601,0.000100000000000000000000,0.000000100000000000000000,5.244777878254310000000000,0.000000000000000000000000,0.000530652390390238314012,0.000992048452272020078772,0.000945744106175134400468,0.000945744106175134400468,True,138,100,0.072352467517440000000000,26.553355578900480000000000,0.000005000000000000000000,0.000000033766550814131520,0.000652356508802141371357,0.724869245480000000000000,0.000001536155086732027241,True,0.002185226555963176888889,two-mode,False,0.518245077824891509806583,,,,
3,monitor-only,0.000345312500000000000000,certified_conditional,0.000001225054436471562870,367,0.000510517433832741124694,flat,,0.000393435939218910388228,0.000393435939218910388229,154.706547050000000000000000,35,631158312,direct-fast,223,0.300000000000000000000000,0.071426774516695163137114,-0.228573225483304836862886,2939081447,2.939052056185530000000000,0.000000000258873000000000,2.671865505387870000000000,697.442272004456732534972139,1194.034577904673630544387975,182944.923313818828800000000000,0.000000632624099525765043,0.017583643917627979285046,0.017583643917627979285046,0.017583643917627979285046,697.442272004456732534972139,joint,low,0.000997975309589528289088,0.000002024690410471710912,0.000347337190410471710913,0.002488267834384943116114,0.002840267980152460935927,0.002840267980152460935927,0.002488267834384943116114,0.002840267980152460935927,0.001988941705682296783986,0.000000012128983751003060,0.000000000000000000000000,0.000000000000000000000000,0.000000000000000000000000,0.000009385825452350559053,0.000389928174265594121046,0.000013476648612225621289,0.000009385924586101940645,0.000728463700215559954411,0.000000000000000633768094,0.000000000000000316880879,0.000000000000704186770998,0.000000000000352089864601,0.000100000000000000000000,0.000000100000000000000000,5.243729285768490000000000,0.000000000000000000000000,0.000534190914818728319910,0.000982469868117937081672,0.000936478808752779546261,0.000936478808752779546261,True,137,100,0.071828174274560000000000,26.360939958763520000000000,0.000005000000000000000000,0.000000033521865663304480,0.000647629287723864984608,0.730191296260000000000000,0.000001615212258504321052,True,0.002024690410471710912454,two-mode,False,0.520943750105223984979349,,,,
3,monitor-only,0.000348273808850299734295,certified_conditional,0.000000395595585251765691,365,0.000514153058474514881173,flat,,0.000397071527504437726969,0.000397071527504437726970,154.706547050000000000000000,35,631158312,direct-fast,226,0.300000000000000000000000,0.113705015228373568856102,-0.186294984771626431143898,2939081447,2.939052056185530000000000,0.000000000258873000000000,2.671865505387870000000000,696.357664721064362241850134,1192.942577616234630104577319,181947.948254887936000000000000,0.000000629185925071820667,0.017583657978080990573632,0.017583657978080990573632,0.017583657978080990573632,696.357664721064362241850134,joint,low,0.000999929476385784261054,0.000000070523614215738946,0.000348344332464515473242,0.002494242539209215609341,0.002846242887716813131168,0.002846242887716813131168,0.002494242539209215609341,0.002846242887716813131168,0.001999840016398364163624,0.000000012128983751003060,0.000000000000000000000000,0.000000000000000000000000,0.000000000000000000000000,0.000003036061717666012706,0.000391354332108483780981,0.000013476648612225621289,0.000003036093784764322412,0.000729890127865182388245,0.000000000000000633768094,0.000000000000000316880879,0.000000000000704186770998,0.000000000000352089864601,0.000100000000000000000000,0.000000100000000000000000,5.243729285768490000000000,0.000000000000000000000000,0.000536144711987153022186,0.000980859943723905297785,0.000934868866118680359773,0.000934868866118680359773,True,137,100,0.071828174274560000000000,26.217283610214400000000000,0.000005000000000000000000,0.000000033521865663304480,0.000646622145669821222279,0.730191296260000000000000,0.000001615212258504321052,True,0.000070523614215738946092,two-mode,False,0.523670680734041616960206,,,,
3,monitor-only,0.000356123119609518148356,certified_conditional,0.000001225054436471562870,367,0.000510517433832741124694,flat,,0.000393491305346904851615,0.000393491305346904851616,154.706547050000000000000000,35,631158312,direct-fast,223,0.300000000000000000000000,0.085776666084263935347668,-0.214223333915736064652332,2937927986,2.937898606720140000000000,0.000000000327863000000000,2.670816914902070000000000,687.260632997092400673147728,1176.603416183437519149579392,180274.194506317824000000000000,0.000000623388711211520297,0.017326948385983775207892,0.017326948385983775207892,0.017326948385983775207892,687.260632997092400673147728,joint,low,0.000999330997672192009866,0.000000669002327807990134,0.000356792121937326138491,0.002529654526418562374834,0.002881859497130783814869,0.002881859497130783814869,0.002529654526418562374834,0.002881859497130783814869,0.002018407508729441921526,0.000000012303749650227363,0.000000000000000000000000,0.000000000000000000000000,0.000000000000000000000000,0.000009521065325601007477,0.000401713648612918569497,0.000013670832944697069811,0.000009521165887765482808,0.000740259988512602705128,0.000000000000000633768094,0.000000000000000316880879,0.000000000000704186770998,0.000000000000352089864601,0.000100000000000000000000,0.000000100000000000000000,5.241632100796850000000000,0.000000000000000000000000,0.000542302579467389120529,0.000963202511437232590100,0.000917838402617396103122,0.000917838402617396103122,True,135,100,0.070779587788800000000000,25.976108718489600000000000,0.000005000000000000000000,0.000000033032495361650400,0.000638174845567312211110,0.741007404100000000000000,0.000001811280800414477922,True,0.000669002327807990134980,two-mode,False,0.529211111217988551778456,,,,
3,monitor-only,0.000360078125000000000000,certified_conditional,0.000001225054436471562870,367,0.000510517433832741124694,flat,,0.000393518988386902083311,0.000393518988386902083312,154.706547050000000000000000,35,631158312,direct-fast,223,0.300000000000000000000000,0.092951605647685618436210,-0.207048394352314381563790,2937351256,2.937321882487440000000000,0.000000000862353000000000,2.670292619659170000000000,682.169813493410234742235523,1167.887835322819463452175100,178938.830102567321600000000000,0.000000618771017054397925,0.017198600620161673169315,0.017198600620161673169315,0.017198600620161673169315,682.169813493410234742235523,joint,low,0.000998558537299246647721,0.000001441462700753352279,0.000361519587700753352280,0.002549728817927796419880,0.002902038493928914859805,0.002902038493928914859805,0.002549728817927796419880,0.002902038493928914859805,0.002033470251331900443329,0.000000012393088934532325,0.000000000000000000000000,0.000000000000000000000000,0.000000000000000000000000,0.000009590199141404408350,0.000406655974364606386906,0.000013770098816147026704,0.000009590300433765129361,0.000745207842290825624814,0.000000000000000633768094,0.000000000000000316880879,0.000000000000704186770998,0.000000000000352089864601,0.000100000000000000000000,0.000000100000000000000000,5.240583508311030000000000,0.000000000000000000000000,0.000544908107377442298306,0.000953701421299297142298,0.000908650974461195333882,0.000908650974461195333882,True,134,100,0.070255294545920000000000,25.783693098352640000000000,0.000005000000000000000000,0.000000032787810210823360,0.000633447624489035824361,0.746509461080000000000000,0.000001934894178060579284,True,0.001441462700753352279335,two-mode,False,0.534870053583945046699770,,,,
3,monitor-only,0.000363972430368736562416,certified_conditional,0.000001225054436471562870,367,0.000510517433832741124694,flat,,0.000393546671474899315002,0.000393546671474899315003,154.706547050000000000000000,35,631158312,direct-fast,223,0.300000000000000000000000,0.100126557651832707558222,-0.199873442348167292441778,2936774525,2.936745157254750000000000,0.000000000396853000000000,2.669768324416270000000000,677.078993989728068811323317,1159.172254462201407754770808,177603.465698816819200000000000,0.000000614153322897275552,0.017070252854339571130738,0.017070252854339571130738,0.017070252854339571130738,677.078993989728068811323317,joint,low,0.000997725376904555996348,0.000002274623095444003652,0.000366247053464180566069,0.002570059338455396492475,0.002922475294261034443567,0.002922475294261034443567,0.002570059338455396492475,0.002922475294261034443567,0.002048759501341914732376,0.000000012483771666721571,0.000000000000000000000000,0.000000000000000000000000,0.000000000000000000000000,0.000009660372563460491943,0.000411626980777403897615,0.000013870857407468411521,0.000009660474596997853306,0.000750184459858376810767,0.000000000000000633768094,0.000000000000000316880879,0.000000000000704186770998,0.000000000000352089864601,0.000100000000000000000000,0.000000100000000000000000,5.239534915825210000000000,0.000000000000000000000000,0.000547452935265750186854,0.000944202320682200563207,0.000899465661311521087783,0.000899465661311521087783,True,133,100,0.069731001303040000000000,25.591277478215680000000000,0.000005000000000000000000,0.000000032543125059996320,0.000628720403410759437612,0.752123516940000000000000,0.000002082057951463515238,True,0.002274623095444003652506,two-mode,False,0.537745161398906814280760,,,,
3,monitor-only,0.000371821741127954976477,certified_conditional,0.000000395595585251765691,365,0.000514153058474514881173,flat,,0.000397209942800423885439,0.000397209942800423885440,154.706547050000000000000000,35,631158312,direct-fast,226,0.300000000000000000000000,0.149579737926932796365753,-0.150420262073067203634247,2936197795,2.936168433022050000000000,0.000000000931343000000000,2.669244029173370000000000,670.943151410076611795067282,1149.404527338269862582512454,175307.512187191296000000000000,0.000000606222935105695825,0.016941918635815260990652,0.016941918635815260990652,0.016941918635815260990652,670.943151410076611795067282,joint,low,0.000999876836855575104449,0.000000123163144424895551,0.000371944904272379872028,0.002597686178356480712358,0.002950210224535979705701,0.002950210224535979705701,0.002597686178356480712358,0.002950210224535979705701,0.002075591532171029472852,0.000000012575828379701563,0.000000000000000000000000,0.000000000000000000000000,0.000000000000000000000000,0.000003147913452220774304,0.000418934156903900114668,0.000013973142644112847623,0.000003147946700705004860,0.000757497601963855744770,0.000000000000000633768094,0.000000000000000316880879,0.000000000000704186770998,0.000000000000352089864601,0.000100000000000000000000,0.000000100000000000000000,5.238486323339390000000000,0.000000000000000000000000,0.000552982027362003399846,0.000932989527048286496493,0.000888566764835322606275,0.000888566764835322606275,True,132,100,0.069206708060160000000000,25.260448441958400000000000,0.000005000000000000000000,0.000000032298439909169280,0.000623022797287710958693,0.757807576000000000000000,0.000002260210829945839405,True,0.000123163144424895551729,two-mode,False,0.543589130544535624472555,,,,
3,monitor-only,0.000374843750000000000000,certified_conditional,0.000001225054436471562870,367,0.000510517433832741124694,flat,,0.000393602037602893778389,0.000393602037602893778390,154.706547050000000000000000,35,631158312,direct-fast,223,0.300000000000000000000000,0.114476449219401479768777,-0.185523550780598520231223,2935621064,2.935591707789360000000000,0.000000000465843000000000,2.668719733930470000000000,666.897354982363736949498906,1141.741092740965296359962225,174932.736891315814400000000000,0.000000604917934583030807,0.016813557322695367053584,0.016813557322695367053584,0.016813557322695367053584,666.897354982363736949498906,joint,low,0.000999141765008965006354,0.000000858234991034993646,0.000375701984991034993647,0.002614004808350475065803,0.002966638191542458276380,0.002966638191542458276380,0.002614004808350475065803,0.002966638191542458276380,0.002080038272354768392413,0.000000012669290538681250,0.000000000000000000000000,0.000000000000000000000000,0.000000000000000000000000,0.000009803933457437823264,0.000424149933246779519906,0.000014076989487423610993,0.000009804037007275487026,0.000762718891636714150351,0.000000000000000633768094,0.000000000000000316880879,0.000000000000704186770998,0.000000000000352089864601,0.000100000000000000000000,0.000000100000000000000000,5.237437730853570000000000,0.000000000000000000000000,0.000555625299936156276702,0.000924898415928884802071,0.000880789711543514546929,0.000880789711543514546929,True,131,100,0.068682414817280000000000,25.206446237941760000000000,0.000005000000000000000000,0.000000032053754758342240,0.000619265961254206664114,0.763607634000000000000000,0.000002480293008497603467,True,0.000858234991034993646215,two-mode,False,0.546559016503789609979861,,,,
3,monitor-only,0.000379671051887173390537,certified_conditional,0.000000001878729621928983,357,0.000529101772085383511164,flat,,0.000412186190012153638435,0.000412186190012153638436,154.706547050000000000000000,35,631158312,direct-fast,239,0.300000000000000000000000,0.131150137773511765985952,-0.168849862226488234014048,2935621064,2.935591707789360000000000,0.000000000465843000000000,2.668719733930470000000000,661.711823809940360730557934,1136.519425592115123968740733,170166.177302996582400000000000,0.000000588479947230231057,0.016813624546029107155946,0.016813624546029107155946,0.016813624546029107155946,661.711823809940360730557934,joint,low,0.000999153898681549606196,0.000000846101318450393804,0.000380517153205623784342,0.002662496185033359271587,0.003015130813952299805212,0.003015130813952299805212,0.002662496185033359271587,0.003015130813952299805212,0.002138302649731652661108,0.000000012669290538681250,0.000000000000000000000000,0.000000000000000000000000,0.000000000000000000000000,0.000000023019266368440312,0.000424157846743848839946,0.000014076989487423610993,0.000000023019509499557627,0.000762728154167447339887,0.000000000000000633768094,0.000000000000000316880879,0.000000000000704186770998,0.000000000000352089864601,0.000100000000000000000000,0.000000100000000000000000,5.237437730853570000000000,0.000000000000000000000000,0.000555635666409985536054,0.000917611034689554795262,0.000873502238568345156540,0.000873502238568345156540,True,131,100,0.068682414817280000000000,24.519622089768960000000000,0.000005000000000000000000,0.000000032053754758342240,0.000614450793039617873419,0.763607634000000000000000,0.000002480293008497603467,True,0.000846101318450393804948,two-mode,False,0.549561538572485946976258,,,,
3,monitor-only,0.000387520362646391804597,certified_conditional,0.000000000000001782076705,341,0.000561097264375312859567,flat,,0.000444181362347160087544,0.000444181362347160087545,154.706547050000000000000000,35,631158312,direct-fast,267,0.300000000000000000000000,0.023715833155558948806633,-0.276284166844441051193367,2935621064,2.935591707789360000000000,0.000000000465843000000000,2.668719733930470000000000,653.414973934062958780252377,1128.160362666763752468029417,162539.681961685811200000000000,0.000000562179167465751457,0.016813732103363091319724,0.016813732103363091319724,0.016813732103363091319724,653.414973934062958780252377,joint,low,0.000999298940297425955143,0.000000701059702574044857,0.000388221422348965849455,0.002762920640776993785621,0.003115557427991123325102,0.003115557427991123325102,0.002762920640776993785621,0.003115557427991123325102,0.002238633565848093841688,0.000000012669290538681250,0.000000000000000000000000,0.000000000000000000000000,0.000000000000000000000000,0.000000007996342280701533,0.000424266409295129912180,0.000014076989487423610993,0.000000007996426738633511,0.000762838875172590603313,0.000000000000000633768094,0.000000000000000316880879,0.000000000000704186770998,0.000000000000352089864601,0.000100000000000000000000,0.000000100000000000000000,5.237437730853570000000000,0.000000000000000000000000,0.000555777880507853340220,0.000905050334542816498182,0.000860941401159428889090,0.000860941401159428889090,True,131,100,0.068682414817280000000000,23.420703452692480000000000,0.000005000000000000000000,0.000000032053754758342240,0.000606746523896275808306,0.763607634000000000000000,0.000002480293008497603467,True,0.000701059702574044857051,two-mode,False,0.558770391174241751507107,,,,
3,monitor-only,0.000389609375000000000000,certified_conditional,0.000000000000000034768233,337,0.000569569443546758648567,flat,,0.000452653456796814162086,0.000452653456796814162087,154.706547050000000000000000,35,631158312,direct-fast,274,0.300000000000000000000000,0.119528347169444223547612,-0.180471652830555776452388,2935621064,2.935591707789360000000000,0.000000000465843000000000,2.668719733930470000000000,651.340761465093608292675988,1126.069676624043158563999431,160633.058126358118400000000000,0.000000555603972524631557,0.016813758992696587360668,0.016813758992696587360668,0.016813758992696587360668,651.340761465093608292675988,joint,low,0.000999461885365198634268,0.000000538114634801365732,0.000390147489634801365733,0.002789615807474208243988,0.003142253134301803183694,0.003142253134301803183694,0.002789615807474208243988,0.003142253134301803183694,0.002265204884137091988176,0.000000012669290538681250,0.000000000000000000000000,0.000000000000000000000000,0.000000000000000000000000,0.000000007996328308649822,0.000424390257717318275769,0.000014076989487423610993,0.000000007996412766434226,0.000762963263208244514701,0.000000000000000633768094,0.000000000000000316880879,0.000000000000704186770998,0.000000000000352089864601,0.000100000000000000000000,0.000000100000000000000000,5.237437730853570000000000,0.000000000000000000000000,0.000555940118696123883149,0.000901711906378173299562,0.000857602940773182622335,0.000857602940773182622335,True,131,100,0.068682414817280000000000,23.145973793423360000000000,0.000005000000000000000000,0.000000032053754758342240,0.000604820456610440292028,0.763607634000000000000000,0.000002480293008497603467,True,0.000538114634801365732149,two-mode,False,0.558770391174241751507107,,,,
3,monitor-only,0.000395369673405610218658,certified_conditional,0.000000000000000000000025,325,0.000596233418485112573456,flat,,0.000479317165095418703437,0.000479317165095418703438,154.706547050000000000000000,35,631158312,direct-fast,297,0.300000000000000000000000,0.130275707225414444051430,-0.169724292774585555948570,2935621064,2.935591707789360000000000,0.000000000465843000000000,2.668719733930470000000000,645.118124058185556829946820,1119.795192939010028128014468,154913.186620375040000000000000,0.000000535878387701271856,0.016813839660697075483501,0.016813839660697075483501,0.016813839660697075483501,645.118124058185556829946820,joint,low,0.000999443981913302304091,0.000000556018086697695909,0.000395925691492307914567,0.002873238855786546331121,0.003225877801454537911285,0.003225877801454537911285,0.002873238855786546331121,0.003225877801454537911285,0.002348843218320615384663,0.000000012669290538681250,0.000000000000000000000000,0.000000000000000000000000,0.000000000000000000000000,0.000000007996328030631825,0.000424374971846410984413,0.000014076989487423610993,0.000000007996412488413293,0.000762949596177733866739,0.000000000000000633768094,0.000000000000000316880879,0.000000000000704186770998,0.000000000000352089864601,0.000100000000000000000000,0.000000100000000000000000,5.237437730853570000000000,0.000000000000000000000000,0.000555920094605721144385,0.000891254225303524997911,0.000847145167706299697794,0.000847145167706299697794,True,131,100,0.068682414817280000000000,22.321784815616000000000000,0.000005000000000000000000,0.000000032053754758342240,0.000599042254752933743194,0.763607634000000000000000,0.000002480293008497603467,True,0.000556018086697695909154,two-mode,False,0.565083050961509383991531,,,,
3,monitor-only,0.000403218984164828632718,certified_conditional,0.000000000000000000000001,309,0.000634996530438504515876,flat,,0.000518079889417691111937,0.000518079889417691111938,154.706547050000000000000000,35,631158312,direct-fast,330,0.300000000000000000000000,0.276867568296029216224723,-0.023132431703970783775277,2935621064,2.935591707789360000000000,0.000000000465843000000000,2.668719733930470000000000,636.821274182308154879641263,1111.422970839449715670352098,147286.691279064268800000000000,0.000000509577607936792256,0.016813947218031059647279,0.016813947218031059647279,0.016813947218031059647279,636.821274182308154879641263,joint,low,0.000999589023529178653039,0.000000410976470821346961,0.000403629960635649979680,0.002994970368153781597834,0.003347611472275635369191,0.003347611472275635369191,0.002994970368153781597834,0.003347611472275635369191,0.002470466168136569579338,0.000000012669290538681250,0.000000000000000000000000,0.000000000000000000000000,0.000000000000000000000000,0.000000007996328030631629,0.000424483534397692056646,0.000014076989487423610993,0.000000007996412488413097,0.000763060317182877130165,0.000000000000000633768094,0.000000000000000316880879,0.000000000000704186770998,0.000000000000352089864601,0.000100000000000000000000,0.000000100000000000000000,5.237437730853570000000000,0.000000000000000000000000,0.000556062308703588948551,0.000876030798763128340556,0.000831921632027332274094,0.000831921632027332274094,True,131,100,0.068682414817280000000000,21.222866178539520000000000,0.000005000000000000000000,0.000000032053754758342240,0.000591337985609591678081,0.763607634000000000000000,0.000002480293008497603467,True,0.000410976470821346961258,two-mode,False,0.571540000115343133789885,,,,
3,monitor-only,0.000404375000000000000000,certified_conditional,0.000000000000000000000001,307,0.000640125091516753612154,flat,,0.000523208399210329425724,0.000523208399210329425725,154.706547050000000000000000,35,631158312,direct-fast,335,0.300000000000000000000000,0.106083861603261527802845,-0.193916138396738472197155,2935621064,2.935591707789360000000000,0.000000000465843000000000,2.668719733930470000000000,635.784167947823479635853069,1110.375892468227772234437961,146333.379361400422400000000000,0.000000506290010466232306,0.016813960662697807667752,0.016813960662697807667752,0.016813960662697807667752,635.784167947823479635853069,joint,low,0.000999782005721432262182,0.000000217994278567737818,0.000404592994278567737819,0.003011211658081644094510,0.003363853032010230639765,0.003363853032010230639765,0.003011211658081644094510,0.003363853032010230639765,0.002486560410274267101027,0.000000012669290538681250,0.000000000000000000000000,0.000000000000000000000000,0.000000000000000000000000,0.000000007996328030631629,0.000424630582187857031633,0.000014076989487423610993,0.000000007996412488413097,0.000763207634779774879050,0.000000000000000633768094,0.000000000000000316880879,0.000000000000704186770998,0.000000000000352089864601,0.000100000000000000000000,0.000000100000000000000000,5.237437730853570000000000,0.000000000000000000000000,0.000556254937456091489596,0.000873999705258003638918,0.000829890526233561692973,0.000829890526233561692973,True,131,100,0.068682414817280000000000,21.085501348904960000000000,0.000005000000000000000000,0.000000032053754758342240,0.000590374951966673919942,0.763607634000000000000000,0.000002480293008497603467,True,0.000217994278567737818083,two-mode,False,0.574824138047034437566633,,,,
3,monitor-only,0.000411068294924047046779,certified_conditional,0.000000000000000000000001,293,0.000677978756618115989444,flat,,0.000561061685775040789390,0.000561061685775040789391,154.706547050000000000000000,35,631158312,direct-fast,368,0.300000000000000000000000,0.016966026489976208498509,-0.283033973510023791501491,2935621064,2.935591707789360000000000,0.000000000465843000000000,2.668719733930470000000000,628.524424306430752929335707,1103.042544960440923157467218,139660.195937753497600000000000,0.000000483276828172312656,0.016814054775365043811057,0.016814054775365043811057,0.016814054775365043811057,628.524424306430752929335707,joint,low,0.000999734065145055001987,0.000000265934854944998013,0.000411334229778992044792,0.003129984933060643261431,0.003482628195636359223980,0.003482628195636359223980,0.003129984933060643261431,0.003482628195636359223980,0.002605372170492150170701,0.000000012669290538681250,0.000000000000000000000000,0.000000000000000000000000,0.000000000000000000000000,0.000000007996328030631629,0.000424592096948973128880,0.000014076989487423610993,0.000000007996412488413097,0.000763171038188020393591,0.000000000000000633768094,0.000000000000000316880879,0.000000000000704186770998,0.000000000000352089864601,0.000100000000000000000000,0.000000100000000000000000,5.237437730853570000000000,0.000000000000000000000000,0.000556204522801456752717,0.000859146228196530800724,0.000815036969867099194250,0.000815036969867099194250,True,131,100,0.068682414817280000000000,20.123947541463040000000000,0.000005000000000000000000,0.000000032053754758342240,0.000583633716466249612969,0.763607634000000000000000,0.000002480293008497603467,True,0.000265934854944998013361,two-mode,False,0.581506976861522555716994,,,,
3,monitor-only,0.000418917605683265460839,certified_conditional,0.000000000000000000000001,277,0.000725908577178114395221,flat,,0.000608991027036833595183,0.000608991027036833595184,154.706547050000000000000000,35,631158312,direct-fast,409,0.300000000000000000000000,0.139377976274593358156329,-0.160622023725406641843671,2935621064,2.935591707789360000000000,0.000000000465843000000000,2.668719733930470000000000,620.227574430553350979030150,1094.652498822078877054645150,132033.700596442726400000000000,0.000000456976048407833056,0.016814162332699027974835,0.016814162332699027974835,0.016814162332699027974835,620.227574430553350979030150,joint,low,0.000999879106760931350935,0.000000120893239068649065,0.000419038498922334109905,0.003280584306903889686484,0.003633229727933467840226,0.003633229727933467840226,0.003280584306903889686484,0.003633229727933467840226,0.002755862981784115523521,0.000000012669290538681250,0.000000000000000000000000,0.000000000000000000000000,0.000000000000000000000000,0.000000007996328030631629,0.000424700659500254201113,0.000014076989487423610993,0.000000007996412488413097,0.000763281759193163657017,0.000000000000000633768094,0.000000000000000316880879,0.000000000000704186770998,0.000000000000352089864601,0.000100000000000000000000,0.000000100000000000000000,5.237437730853570000000000,0.000000000000000000000000,0.000556346736899324556882,0.000840312661931322117190,0.000796203332593467781387,0.000796203332593467781387,True,131,100,0.068682414817280000000000,19.025028904386560000000000,0.000005000000000000000000,0.000000032053754758342240,0.000575929447322907547856,0.763607634000000000000000,0.000002480293008497603467,True,0.000120893239068649065464,two-mode,False,0.588347058942233923706187,,,,
3,monitor-only,0.000419140625000000000000,certified_conditional,0.000000000000000000000001,275,0.000732290536980940269903,flat,,0.000615372923020061441607,0.000615372923020061441608,154.706547050000000000000000,35,631158312,direct-fast,414,0.300000000000000000000000,0.293449132631784228627072,-0.006550867368215771372928,2935621064,2.935591707789360000000000,0.000000000465843000000000,2.668719733930470000000000,619.190468196068675735241955,1093.602983302643800823157745,131080.388678778880000000000000,0.000000453688450937273105,0.016814175777365775995307,0.016814175777365775995307,0.016814175777365775995307,619.190468196068675735241955,joint,low,0.000999139092434748131957,0.000000860907565251868043,0.000420001532565251868044,0.003300061769234435197804,0.003652707460070746125445,0.003652707460070746125445,0.003300061769234435197804,0.003652707460070746125445,0.002775905621651636363692,0.000000012669290538681250,0.000000000000000000000000,0.000000000000000000000000,0.000000000000000000000000,0.000000007996328030631629,0.000424135481963278872262,0.000014076989487423610993,0.000000007996412488413097,0.000762716851462921102065,0.000000000000000633768094,0.000000000000000316880879,0.000000000000704186770998,0.000000000000352089864601,0.000100000000000000000000,0.000000100000000000000000,5.237437730853570000000000,0.000000000000000000000000,0.000555606369133390269807,0.000837876861116756610881,0.000793767523764758436217,0.000793767523764758436217,True,131,100,0.068682414817280000000000,18.887664074752000000000000,0.000005000000000000000000,0.000000032053754758342240,0.000574966413679989789717,0.763607634000000000000000,0.000002480293008497603467,True,0.000860907565251868043079,two-mode,False,0.588347058942233923706187,,,,
3,monitor-only,0.000426766916442483874899,certified_conditional,0.000000000000000000000001,259,0.000786880839294343136417,flat,,0.000669962679430441174091,0.000669962679430441174092,154.706547050000000000000000,35,631158312,direct-fast,462,0.300000000000000000000000,0.042119331625601520653729,-0.257880668374398479346271,2935621064,2.935591707789360000000000,0.000000000465843000000000,2.668719733930470000000000,610.893618320191273784936399,1085.199986312421430424225105,123453.893337468108800000000000,0.000000427387671172793505,0.016814283334699760159085,0.016814283334699760159085,0.016814283334699760159085,610.893618320191273784936399,joint,low,0.000999061114733889941744,0.000000938885266110058256,0.000427705801708593933156,0.003471484601795243339327,0.003824132451085416458160,0.003824132451085416458160,0.003471484601795243339327,0.003824132451085416458160,0.002947390138819305019364,0.000000012669290538681250,0.000000000000000000000000,0.000000000000000000000000,0.000000000000000000000000,0.000000007996328030631629,0.000424073797356418358112,0.000014076989487423610993,0.000000007996412488413097,0.000762657325309922779108,0.000000000000000633768094,0.000000000000000316880879,0.000000000000704186770998,0.000000000000352089864601,0.000100000000000000000000,0.000000100000000000000000,5.237437730853570000000000,0.000000000000000000000000,0.000555525563914523534811,0.000816439167227244241105,0.000772329786371512737229,0.000772329786371512737229,True,131,100,0.068682414817280000000000,17.788745437675520000000000,0.000005000000000000000000,0.000000032053754758342240,0.000567262144536647724605,0.763607634000000000000000,0.000002480293008497603467,True,0.000938885266110058256630,two-mode,False,0.595350000120105086171313,,,,
3,monitor-only,0.000433906250000000000000,certified_conditional,0.000000000000000000000001,245,0.000840472538516647170006,flat,,0.000723553842735752984640,0.000723553842735752984641,154.706547050000000000000000,35,631158312,direct-fast,508,0.300000000000000000000000,0.131972392832946545143313,-0.168027607167053454856687,2935621064,2.935591707789360000000000,0.000000000465843000000000,2.668719733930470000000000,603.633874678798547078419037,1077.836037272190045667531154,116780.709913821184000000000000,0.000000404374488878873855,0.016814377447366996302391,0.016814377447366996302391,0.016814377447366996302391,603.633874678798547078419037,joint,low,0.000999459212790981759871,0.000000540787209018240129,0.000434447037209018240130,0.003640208904519460039017,0.003992858642456762575145,0.003992858642456762575145,0.003640208904519460039017,0.003992858642456762575145,0.003115812432466122449042,0.000000012669290538681250,0.000000000000000000000000,0.000000000000000000000000,0.000000000000000000000000,0.000000007996328030631629,0.000424375806433817628125,0.000014076989487423610993,0.000000007996412488413097,0.000762961223034451466415,0.000000000000000633768094,0.000000000000000316880879,0.000000000000704186770998,0.000000000000352089864601,0.000100000000000000000000,0.000000100000000000000000,5.237437730853570000000000,0.000000000000000000000000,0.000555921187893357876254,0.000795338944465261176238,0.000751229550282412467294,0.000751229550282412467294,True,131,100,0.068682414817280000000000,16.827191630233600000000000,0.000005000000000000000000,0.000000032053754758342240,0.000560520909036223417631,0.763607634000000000000000,0.000002480293008497603467,True,0.000540787209018240129013,two-mode,False,0.602521686868527360984996,,,,
3,monitor-only,0.000434616227201702288960,certified_conditional,0.000000000000000000000001,243,0.000848630525517700477226,flat,,0.000731711748156936281328,0.000731711748156936281329,154.706547050000000000000000,35,631158312,direct-fast,515,0.300000000000000000000000,0.146352835405493211634702,-0.153647164594506788365298,2935621064,2.935591707789360000000000,0.000000000465843000000000,2.668719733930470000000000,602.596768444313871834630842,1076.783068389170211704161044,115827.397996157337600000000000,0.000000401086891408313905,0.016814390892033744322863,0.016814390892033744322863,0.016814390892033744322863,602.596768444313871834630842,joint,low,0.000999206156349766290692,0.000000793843650233709308,0.000435410070851935998269,0.003665660004762610338761,0.004018310012506645648787,0.004018310012506645648787,0.003665660004762610338761,0.004018310012506645648787,0.003141456979235390946565,0.000000012669290538681250,0.000000000000000000000000,0.000000000000000000000000,0.000000000000000000000000,0.000000007996328030631629,0.000424182359907699430346,0.000014076989487423610993,0.000000007996412488413097,0.000762768046315066042534,0.000000000000000633768094,0.000000000000000316880879,0.000000000000704186770998,0.000000000000352089864601,0.000100000000000000000000,0.000000100000000000000000,5.237437730853570000000000,0.000000000000000000000000,0.000555667778012391338977,0.000792156096019617817319,0.000748046701712911777797,0.000748046701712911777797,True,131,100,0.068682414817280000000000,16.689826800599040000000000,0.000005000000000000000000,0.000000032053754758342240,0.000559557875393305659492,0.763607634000000000000000,0.000002480293008497603467,True,0.000793843650233709308733,two-mode,False,0.606172727394996882708326,,,,
3,monitor-only,0.000442465537960920703020,certified_conditional,0.000000000000000000000001,227,0.000919046834368897444816,flat,,0.000802127352845044736948,0.000802127352845044736949,154.706547050000000000000000,35,631158312,direct-fast,576,0.300000000000000000000000,0.096794550242211806613004,-0.203205449757788193386996,2935621064,2.935591707789360000000000,0.000000000465843000000000,2.668719733930470000000000,594.299918568436469884325285,1068.349298810147229226937894,108200.902654846566400000000000,0.000000374786111643834305,0.016814498449367728486641,0.016814498449367728486641,0.016814498449367728486641,594.299918568436469884325285,joint,low,0.000999351197965642639640,0.000000648802034357360360,0.000443114339995278063381,0.003887192847788632623087,0.004239845013986530124306,0.004239845013986530124306,0.003887192847788632623087,0.004239845013986530124306,0.003362881259710132158658,0.000000012669290538681250,0.000000000000000000000000,0.000000000000000000000000,0.000000000000000000000000,0.000000007996328030631629,0.000424290922458980502579,0.000014076989487423610993,0.000000007996412488413097,0.000762878767320209305960,0.000000000000000633768094,0.000000000000000316880879,0.000000000000704186770998,0.000000000000352089864601,0.000100000000000000000000,0.000000100000000000000000,5.237437730853570000000000,0.000000000000000000000000,0.000555809992110259143142,0.000764451774463849494451,0.000720342402841275089762,0.000720342402841275089762,True,131,100,0.068682414817280000000000,15.590908163522560000000000,0.000005000000000000000000,0.000000032053754758342240,0.000551853606249963594380,0.763607634000000000000000,0.000002480293008497603467,True,0.000648802034357360360837,two-mode,False,0.613609202577744620206151,,,,
3,monitor-only,0.000448671875000000000000,certified_conditional,0.000000000000000000000001,215,0.000978705096034494875691,flat,,0.000861785017928025511849,0.000861785017928025511850,154.706547050000000000000000,35,631158312,direct-fast,627,0.300000000000000000000000,0.258974336423320616247399,-0.041025663576679383752601,2935621064,2.935591707789360000000000,0.000000000465843000000000,2.668719733930470000000000,588.077281161528418421596118,1062.010659988074172040014654,102481.031148863488000000000000,0.000000355060526820474604,0.016814579117368216609475,0.016814579117368216609475,0.016814579117368216609475,588.077281161528418421596118,joint,low,0.000999779333147215387786,0.000000220666852784612214,0.000448892541852784612215,0.004075213754450387973817,0.004427867539488682118430,0.004427867539488682118430,0.004075213754450387973817,0.004427867539488682118430,0.003550576957926511627978,0.000000012669290538681250,0.000000000000000000000000,0.000000000000000000000000,0.000000000000000000000000,0.000000007996328030631629,0.000424616130904356383989,0.000014076989487423610993,0.000000007996412488413097,0.000763205594605981830765,0.000000000000000633768094,0.000000000000000316880879,0.000000000000704186770998,0.000000000000352089864601,0.000100000000000000000000,0.000000100000000000000000,5.237437730853570000000000,0.000000000000000000000000,0.000556236006653325482702,0.000740938368567855553337,0.000696829042847077814077,0.000696829042847077814077,True,131,100,0.068682414817280000000000,14.766719185715200000000000,0.000005000000000000000000,0.000000032053754758342240,0.000546075404392457045546,0.763607634000000000000000,0.000002480293008497603467,True,0.000220666852784612214947,two-mode,False,0.621230434907889817020692,,,,
3,monitor-only,0.000450314848720139117081,certified_conditional,0.000000000000000000000001,211,0.001000092020027822256571,flat,,0.000883171723818572249376,0.000883171723818572249377,154.706547050000000000000000,35,631158312,direct-fast,646,0.300000000000000000000000,0.102018822892009719753381,-0.197981177107990280246619,2935621064,2.935591707789360000000000,0.000000000465843000000000,2.668719733930470000000000,586.003068692559067934019729,1059.894862106121140255085673,100574.407313535795200000000000,0.000000348485331879354704,0.016814606006701712650419,0.016814606006701712650419,0.016814606006701712650419,586.003068692559067934019729,joint,low,0.000999496239581518988588,0.000000503760418481011412,0.000450818609138620128494,0.004142306624346369214460,0.004494960948998128906872,0.004494960948998128906872,0.004142306624346369214460,0.004494960948998128906872,0.003617886473716587677798,0.000000012669290538681250,0.000000000000000000000000,0.000000000000000000000000,0.000000000000000000000000,0.000000007996328030631629,0.000424399485010261574812,0.000014076989487423610993,0.000000007996412488413097,0.000762989488325352569386,0.000000000000000633768094,0.000000000000000316880879,0.000000000000704186770998,0.000000000000352089864601,0.000100000000000000000000,0.000000100000000000000000,5.237437730853570000000000,0.000000000000000000000000,0.000555952206208126947308,0.000732547908641878556123,0.000688438604058850469457,0.000688438604058850469457,True,131,100,0.068682414817280000000000,14.491989526446080000000000,0.000005000000000000000000,0.000000032053754758342240,0.000544149337106621529267,0.763607634000000000000000,0.000002480293008497603467,True,0.000503760418481011412940,two-mode,False,0.621230434907889817020692,,,,
3,monitor-only,0.000458164159479357531141,certified_conditional,0.000000000000000000000001,195,0.001094369072733102139633,flat,,0.000973256815087200305881,0.000973256815087200305882,154.706547050000000000000000,35,631158312,direct-fast,724,0.300000000000000000000000,0.050433067944871378696668,-0.249566932055128621303332,2935621064,2.935591707789360000000000,0.000000000465843000000000,2.668719733930470000000000,577.706218816681665983714172,1051.414696940356490136858487,92947.911972225024000000000000,0.000000322184552114875104,0.016814713564035696814197,0.016814713564035696814197,0.016814713564035696814197,577.706218816681665983714172,joint,low,0.000999641281197395337535,0.000000358718802604662465,0.000458522878281962193606,0.004439267410382088250000,0.004791923893487710133604,0.004791923893487710133604,0.004439267410382088250000,0.004791923893487710133604,0.003914738697201025641104,0.000000012669290538681250,0.000000000000000000000000,0.000000000000000000000000,0.000000000000000000000000,0.000000007996328030631629,0.000424508047561542647046,0.000014076989487423610993,0.000000007996412488413097,0.000763100209330495832813,0.000000000000000633768094,0.000000000000000316880879,0.000000000000704186770998,0.000000000000352089864601,0.000100000000000000000000,0.000000100000000000000000,5.237437730853570000000000,0.000000000000000000000000,0.000556094420305994751474,0.000695410764580485896989,0.000651301582310674733556,0.000651301582310674733556,True,131,100,0.068682414817280000000000,13.393070889369600000000000,0.000005000000000000000000,0.000000032053754758342240,0.000536445067963279464155,0.763607634000000000000000,0.000002480293008497603467,True,0.000358718802604662465043,two-mode,False,0.633024050760551213357118,,,,
3,monitor-only,0.000463437500000000000000,certified_conditional,0.000000000000000000000001,183,0.001175836743277338560322,flat,,0.001046189538217852234090,0.001046189538217852234091,154.706547050000000000000000,35,631158312,direct-fast,787,0.300000000000000000000000,0.053266019474870313234013,-0.246733980525129686765987,2935621064,2.935591707789360000000000,0.000000000465843000000000,2.668719733930470000000000,571.483581409773614520985004,1045.033651212295870963805738,87228.040466241945600000000000,0.000000302458967291515404,0.016814794232036184937031,0.016814794232036184937031,0.016814794232036184937031,571.483581409773614520985004,joint,low,0.000999136419860531257561,0.000000863580139468742439,0.000464301080139468742440,0.004695584570365964853218,0.005048242672311983380217,0.005048242672311983380217,0.004695584570365964853218,0.005048242672311983380217,0.004171442874066666666751,0.000000012669290538681250,0.000000000000000000000000,0.000000000000000000000000,0.000000000000000000000000,0.000000007996328030631629,0.000424121030679778224618,0.000014076989487423610993,0.000000007996412488413097,0.000762714811289128053779,0.000000000000000633768094,0.000000000000000316880879,0.000000000000704186770998,0.000000000000352089864601,0.000100000000000000000000,0.000000100000000000000000,5.237437730853570000000000,0.000000000000000000000000,0.000555587438330624262912,0.000663356406754994067982,0.000619247360596164331032,0.000619247360596164331032,True,131,100,0.068682414817280000000000,12.568881911562240000000000,0.000005000000000000000000,0.000000032053754758342240,0.000530666866105772915321,0.763607634000000000000000,0.000002480293008497603467,True,0.000863580139468742439943,two-mode,False,0.637055414141184939068720,,,,
3,monitor-only,0.000466013470238575945201,certified_conditional,0.000000000000000000000001,179,0.001205406490363765113016,flat,,0.001072498938928823778702,0.001072498938928823778703,154.706547050000000000000000,35,631158312,direct-fast,809,0.300000000000000000000000,0.272183308542152265022147,-0.027816691457847734977853,2935621064,2.935591707789360000000000,0.000000000465843000000000,2.668719733930470000000000,569.409368940804264033408615,1042.901942389722995899889678,85321.416630914252800000000000,0.000000295883772350395504,0.016814821121369680977975,0.016814821121369680977975,0.016814821121369680977975,569.409368940804264033408615,joint,low,0.000999786322813271686483,0.000000213677186728313517,0.000466227147425304258719,0.004789296750336812954958,0.005141955391896297029755,0.005141955391896297029755,0.004789296750336812954958,0.005141955391896297029755,0.004264659474604469273829,0.000000012669290538681250,0.000000000000000000000000,0.000000000000000000000000,0.000000000000000000000000,0.000000007996328030631629,0.000424616610112823719279,0.000014076989487423610993,0.000000007996412488413097,0.000763210930335639096239,0.000000000000000633768094,0.000000000000000316880879,0.000000000000704186770998,0.000000000000352089864601,0.000100000000000000000000,0.000000100000000000000000,5.237437730853570000000000,0.000000000000000000000000,0.000556236634403862555639,0.000651637005098150608678,0.000607528015237216856648,0.000607528015237216856648,True,131,100,0.068682414817280000000000,12.294152252293120000000000,0.000005000000000000000000,0.000000032053754758342240,0.000528740798819937399042,0.763607634000000000000000,0.000002480293008497603467,True,0.000213677186728313517147,two-mode,False,0.641138461667724225366368,,,,
3,monitor-only,0.000473862780997794359262,certified_conditional,0.000000000000000000000001,163,0.000746406872790449455238,mid_flat,,0.000629489117666212531849,0.000629489117666212531850,154.706547050000000000000000,35,631158312,direct-fast,427,0.300000000000000000000000,0.052109578224431855422549,-0.247890421775568144577451,2935621064,2.935591707789360000000000,0.000000000465843000000000,2.668719733930470000000000,561.112519064926862083103059,846.811350950502464795098078,77694.921289603481600000000000,0.000000269582992585915903,0.016814928678703665141753,0.010150037204862200130557,0.016814928678703665141753,561.112519064926862083103059,joint,peak,0.000999931364429148035431,0.000000068635570851964569,0.000473931416568646323831,0.005208022193830864017260,0.005560682993844210283250,0.005560682993844210283250,0.005208022193830864017260,0.005560682993844210283250,0.004683276355547239263898,0.000000012669290538681250,0.000000000000000000000000,0.000000000000000000000000,0.000000000000000000000000,0.000000007996328030631629,0.000424725172664104791512,0.000014076989487423610993,0.000000007996412488413097,0.000763321651340782359665,0.000000000000000633768094,0.000000000000000316880879,0.000000000000704186770998,0.000000000000352089864601,0.000100000000000000000000,0.000000100000000000000000,5.237437730853570000000000,0.000000000000000000000000,0.000556378848501730359805,0.000599272289457417193028,0.000555163582742688232791,0.000555163582742688232791,True,131,100,0.068682414817280000000000,11.195233615216640000000000,0.000005000000000000000000,0.000000032053754758342240,0.000521036529676595333930,0.763607634000000000000000,0.000002480293008497603467,True,0.000068635570851964569250,two-mode,False,0.649463636494564068856378,,,,
3,monitor-only,0.000478203125000000000000,certified_conditional,0.000000000000000000000001,153,0.000794878029322681767621,mid_flat,,0.000677959789486879521910,0.000677959789486879521911,154.706547050000000000000000,35,631158312,direct-fast,469,0.300000000000000000000000,0.014824545457420166069436,-0.285175454542579833930564,2935621064,2.935591707789360000000000,0.000000000465843000000000,2.668719733930470000000000,555.926987892503485864162086,838.522505744987117759739102,72928.361701284249600000000000,0.000000253145005233116153,0.016814995902037405244114,0.010043816373510145330537,0.016814995902037405244114,555.926987892503485864162086,joint,peak,0.000999456540216764885475,0.000000543459783235114525,0.000478746584783235114526,0.005513754870143693151582,0.005866417019190703287067,0.005866417019190703287067,0.005513754870143693151582,0.005866417019190703287067,0.004989372849373856209251,0.000000012669290538681250,0.000000000000000000000000,0.000000000000000000000000,0.000000000000000000000000,0.000000007996328030631629,0.000424361355150316980481,0.000014076989487423610993,0.000000007996412488413097,0.000762959182860658418129,0.000000000000000633768094,0.000000000000000316880879,0.000000000000704186770998,0.000000000000352089864601,0.000100000000000000000000,0.000000100000000000000000,5.237437730853570000000000,0.000000000000000000000000,0.000555902257090591869359,0.000561038155597268465494,0.000516929684005034879934,0.000516929684005034879934,True,131,100,0.068682414817280000000000,10.508409467043840000000000,0.000005000000000000000000,0.000000032053754758342240,0.000516221361462006543235,0.763607634000000000000000,0.000002480293008497603467,True,0.000543459783235114525877,two-mode,False,0.658007894869478645069809,,,,
3,monitor-only,0.000481712091757012773322,certified_conditional,0.000000000000000000000001,145,0.000838435671357126146968,mid_flat,,0.000721516995944903556813,0.000721516995944903556814,154.706547050000000000000000,35,631158312,direct-fast,506,0.300000000000000000000000,0.204058817381858976732941,-0.095941182618141023267059,2935621064,2.935591707789360000000000,0.000000000465843000000000,2.668719733930470000000000,551.778562954564784889009307,831.882133803262117693753499,69115.114030628864000000000000,0.000000239994615350876353,0.016815049680704397326003,0.009958839708428501490522,0.016815049680704397326003,551.778562954564784889009307,joint,peak,0.000999113372402106626240,0.000000886627597893373760,0.000482598719354906147083,0.005788767568927375117364,0.006141430797201316348445,0.006141430797201316348445,0.005788767568927375117364,0.006141430797201316348445,0.005264648592787586207002,0.000000012669290538681250,0.000000000000000000000000,0.000000000000000000000000,0.000000000000000000000000,0.000000007996328030631629,0.000424098310520268948512,0.000014076989487423610993,0.000000007996412488413097,0.000762697217457541481756,0.000000000000000633768094,0.000000000000000316880879,0.000000000000704186770998,0.000000000000352089864601,0.000100000000000000000000,0.000000100000000000000000,5.237437730853570000000000,0.000000000000000000000000,0.000555557675516929337734,0.000526645782281643147602,0.000482537538976359643349,0.000482537538976359643349,True,131,100,0.068682414817280000000000,9.958950148505600000000000,0.000005000000000000000000,0.000000032053754758342240,0.000512369226890335510678,0.763607634000000000000000,0.000002480293008497603467,True,0.000886627597893373760416,two-mode,False,0.662364900795759587907122,,,,
3,monitor-only,0.000489561402516231187383,certified_conditional,0.000000000000000000000001,129,0.000941633777100271291883,mid_flat,,0.000824714069706991270277,0.000824714069706991270278,154.706547050000000000000000,35,631158312,direct-fast,595,0.300000000000000000000000,0.250860015479760158920320,-0.049139984520239841079680,2935621064,2.935591707789360000000000,0.000000000465843000000000,2.668719733930470000000000,543.481713078687382938703751,818.570117971519061566242985,61488.618689318092800000000000,0.000000213693835586396753,0.016815157238038381489781,0.009788886378265213810491,0.016815157238038381489781,543.481713078687382938703751,joint,peak,0.000999258414017982975188,0.000000741585982017024812,0.000490302988498248212195,0.006441855801901922695892,0.006794521188629726118166,0.006794521188629726118166,0.006441855801901922695892,0.006794521188629726118166,0.005917628263210852713297,0.000000012669290538681250,0.000000000000000000000000,0.000000000000000000000000,0.000000000000000000000000,0.000000007996328030631629,0.000424206873071550020745,0.000014076989487423610993,0.000000007996412488413097,0.000762807938462684745182,0.000000000000000633768094,0.000000000000000316880879,0.000000000000704186770998,0.000000000000352089864601,0.000100000000000000000000,0.000000100000000000000000,5.237437730853570000000000,0.000000000000000000000000,0.000555699889614797141899,0.000444972265328267203295,0.000400864614727548561429,0.000400864614727548561429,True,131,100,0.068682414817280000000000,8.860031511429120000000000,0.000005000000000000000000,0.000000032053754758342240,0.000504664957746993445566,0.763607634000000000000000,0.000002480293008497603467,True,0.000741585982017024812519,two-mode,False,0.671254362551393189400700,,,,
3,monitor-only,0.000492968750000000000000,certified_conditional,0.000000000000000000000001,123,0.000987199069757022878045,mid_flat,,0.000870278906710816288923,0.000870278906710816288924,154.706547050000000000000000,35,631158312,direct-fast,635,0.300000000000000000000000,0.060435544478631850249022,-0.239564455521368149750978,2935621064,2.935591707789360000000000,0.000000000465843000000000,2.668719733930470000000000,540.370394375233357207339167,813.564761560722160262266363,58628.682936326553600000000000,0.000000203831043174716903,0.016815197572038625551198,0.009725153879453980930479,0.016815197572038625551198,540.370394375233357207339167,joint,peak,0.000999776660572998513389,0.000000223339427001486611,0.000493192089427001486612,0.006730915401778587080433,0.007083581597926588824405,0.007083581597926588824405,0.006730915401778587080433,0.007083581597926588824405,0.006206293056538211382238,0.000000012669290538681250,0.000000000000000000000000,0.000000000000000000000000,0.000000000000000000000000,0.000000007996328030631629,0.000424601679620855736345,0.000014076989487423610993,0.000000007996412488413097,0.000763203554432188782479,0.000000000000000633768094,0.000000000000000316880879,0.000000000000704186770998,0.000000000000352089864601,0.000100000000000000000000,0.000000100000000000000000,5.237437730853570000000000,0.000000000000000000000000,0.000556217075850559475807,0.000408823223071701395149,0.000364715853052770664172,0.000364715853052770664172,True,131,100,0.068682414817280000000000,8.447937022525440000000000,0.000005000000000000000000,0.000000032053754758342240,0.000501775856818240171149,0.763607634000000000000000,0.000002480293008497603467,True,0.000223339427001486611811,two-mode,False,0.675789189325381952324788,,,,
3,monitor-only,0.000497410713275449601443,certified_conditional,0.000000000000000000000001,113,0.001073799772174825600283,mid_flat,,0.000954282543748099516476,0.000954282543748099516477,154.706547050000000000000000,35,631158312,direct-fast,707,0.300000000000000000000000,0.232647661008844948570878,-0.067352338991155051429122,2935621064,2.935591707789360000000000,0.000000000465843000000000,2.668719733930470000000000,535.184863202809980988398194,805.201776057470384113433600,53862.123348007321600000000000,0.000000187393055821917153,0.016815264795372365653559,0.009618933048101926130460,0.016815264795372365653559,535.184863202809980988398194,joint,peak,0.000999403455633859324136,0.000000596544366140675864,0.000498007257641590277308,0.007279858631810492647884,0.007632526176992158261351,0.007632526176992158261351,0.007279858631810492647884,0.007632526176992158261351,0.006755522530568141593056,0.000000012669290538681250,0.000000000000000000000000,0.000000000000000000000000,0.000000000000000000000000,0.000000007996328030631629,0.000424315435622831092978,0.000014076989487423610993,0.000000007996412488413097,0.000762918659467828008608,0.000000000000000633768094,0.000000000000000316880879,0.000000000000704186770998,0.000000000000352089864601,0.000100000000000000000000,0.000000100000000000000000,5.237437730853570000000000,0.000000000000000000000000,0.000555842103712664946065,0.000340173809499739084223,0.000296066995848243370545,0.000296066995848243370545,True,131,100,0.068682414817280000000000,7.761112874352640000000000,0.000005000000000000000000,0.000000032053754758342240,0.000496960688603651380453,0.763607634000000000000000,0.000002480293008497603467,True,0.000596544366140675864622,two-mode,False,0.680385714422826344676415,,,,
3,monitor-only,0.000500000000000000000000,certified_conditional,0.000000000000000000000001,107,0.001133458033840423031158,mid_flat,,0.001008470258357815980047,0.001008470258357815980048,154.706547050000000000000000,35,631158312,direct-fast,754,0.300000000000000000000000,0.177115950746430101510226,-0.122884049253569898489774,2935621064,2.935591707789360000000000,0.000000000465843000000000,2.668719733930470000000000,532.073544499355955257033610,800.169016830981898330689545,51002.187595015782400000000000,0.000000177530263410237302,0.016815305129372609714976,0.009555200549290693250448,0.016815305129372609714976,532.073544499355955257033610,joint,peak,0.000999103641429656448276,0.000000896358570343551724,0.000500896358570343551725,0.007658443299516691359234,0.008011111654118555294398,0.008011111654118555294398,0.007658443299516691359234,0.008011111654118555294398,0.007134336878076635514162,0.000000012669290538681250,0.000000000000000000000000,0.000000000000000000000000,0.000000000000000000000000,0.000000007996328030631629,0.000424085755820535883222,0.000014076989487423610993,0.000000007996412488413097,0.000762689789085731120548,0.000000000000000633768094,0.000000000000000316880879,0.000000000000704186770998,0.000000000000352089864601,0.000100000000000000000000,0.000000100000000000000000,5.237437730853570000000000,0.000000000000000000000000,0.000555541229189208865912,0.000292828994947866031261,0.000248722580127447050942,0.000248722580127447050942,True,131,100,0.068682414817280000000000,7.349018385448960000000000,0.000005000000000000000000,0.000000032053754758342240,0.000494071587674898106036,0.763607634000000000000000,0.000002480293008497603467,True,0.000896358570343551724309,two-mode,False,0.685045205617496002676695,,,,
3,monitor-only,0.000505260024034668015503,certified_conditional,0.000000000000000000000001,97,0.001249122010539030295100,mid_flat,,0.001111394406455752957712,0.001111394406455752957713,154.706547050000000000000000,35,631158312,direct-fast,843,0.300000000000000000000000,0.153179789588119692644350,-0.146820210411880307355650,2935621064,2.935591707789360000000000,0.000000000465843000000000,2.668719733930470000000000,526.888013326932579038092637,791.749519775905168767832019,46235.628006696550400000000000,0.000000161092276057437552,0.016815372352706349817337,0.009448979717938638450429,0.016815372352706349817337,526.888013326932579038092637,joint,peak,0.000999548497249735673084,0.000000451502750264326916,0.000505711526784932342420,0.008394280189094663055055,0.008746949892730190859714,0.008746949892730190859714,0.008394280189094663055055,0.008746949892730190859714,0.007869835525301030927993,0.000000012669290538681250,0.000000000000000000000000,0.000000000000000000000000,0.000000000000000000000000,0.000000007996328030631629,0.000424423998174112165212,0.000014076989487423610993,0.000000007996412488413097,0.000763029380472971272034,0.000000000000000633768094,0.000000000000000316880879,0.000000000000704186770998,0.000000000000352089864601,0.000100000000000000000000,0.000000100000000000000000,5.237437730853570000000000,0.000000000000000000000000,0.000555984317810532750230,0.000200807146074334002877,0.000156701534480055233270,0.000156701534480055233270,True,131,100,0.068682414817280000000000,6.662194237276160000000000,0.000005000000000000000000,0.000000032053754758342240,0.000489256419460309315341,0.763607634000000000000000,0.000002480293008497603467,True,0.000451502750264326916726,two-mode,False,0.694558333473279887760599,,,,
3,monitor-only,0.000507734375000000000000,certified_conditional,0.000000000000000000000001,91,0.001330589681083266715789,mid_flat,,0.001183879490047205172461,0.001183879490047205172462,154.706547050000000000000000,35,631158312,direct-fast,906,0.300000000000000000000000,0.039992728855120988387167,-0.260007271144879011612833,2935621064,2.935591707789360000000000,0.000000000465843000000000,2.668719733930470000000000,523.776694623478553306728053,786.674353643429120998958455,43375.692253705011200000000000,0.000000151229483645757702,0.016815412686706593878754,0.009385247219127405570417,0.016815412686706593878754,523.776694623478553306728053,joint,peak,0.000999133747286314383164,0.000000866252713685616836,0.000508600627713685616837,0.008912853024732281055476,0.009265523537788007181833,0.009265523537788007181833,0.008912853024732281055476,0.009265523537788007181833,0.008388725779716483516652,0.000000012669290538681250,0.000000000000000000000000,0.000000000000000000000000,0.000000000000000000000000,0.000000007996328030631629,0.000424106579396277576974,0.000014076989487423610993,0.000000007996412488413097,0.000762712771115335005493,0.000000000000000633768094,0.000000000000000316880879,0.000000000000704186770998,0.000000000000352089864601,0.000100000000000000000000,0.000000100000000000000000,5.237437730853570000000000,0.000000000000000000000000,0.000555568507527858256017,0.000135955775088662216543,0.000091850747228992819565,0.000091850747228992819565,True,131,100,0.068682414817280000000000,6.250099748372480000000000,0.000005000000000000000000,0.000000032053754758342240,0.000486367318531556040924,0.763607634000000000000000,0.000002480293008497603467,True,0.000866252713685616836807,two-mode,False,0.694558333473279887760599,,,,
3,monitor-only,0.000511489000000000000000,certified_conditional,0.000000000000000000000001,85,0.001423424933563908218434,mid_flat,,0.001266478771349092579965,0.001266478771349092579966,154.706547050000000000000000,35,631158312,direct-fast,977,0.300000000000000000000000,0.148221427089610837024330,-0.151778572910389162975670,2935621064,2.935591707789360000000000,0.000000000465843000000000,2.668719733930470000000000,520.665375920024527575363470,781.577084024280621921667646,40515.756500713472000000000000,0.000000141366691234077852,0.016815453020706837940170,0.009321514720316172690405,0.016815453020706837940170,520.665375920024527575363470,joint,peak,0.000999999271357561108747,0.000000000728642438891253,0.000511489728642438891254,0.009505658283080678757947,0.009858329605556603206001,0.009858329605556603206001,0.009505658283080678757947,0.009858329605556603206001,0.008980871128872941176651,0.000000012669290538681250,0.000000000000000000000000,0.000000000000000000000000,0.000000000000000000000000,0.000000007996328030631629,0.000424766488588217619447,0.000014076989487423610993,0.000000007996412488413097,0.000763373489727473369663,0.000000000000000633768094,0.000000000000000316880879,0.000000000000704186770998,0.000000000000352089864601,0.000100000000000000000000,0.000000100000000000000000,5.237437730853570000000000,0.000000000000000000000000,0.000556432971279851777306,0.000061821090258633785239,0.000017716744183554687272,0.000017716744183554687272,True,131,100,0.068682414817280000000000,5.838005259468800000000000,0.000005000000000000000000,0.000000032053754758342240,0.000483478217602802766507,0.763607634000000000000000,0.000002480293008497603467,True,0.000000728642438891253994,two-mode,False,0.699414685455603129796438,,,,
3,monitor-only,0.000511490000000000000000,certified_conditional,0.000000000000000000000001,83,0.001457317168596523370194,mid_flat,,0.001296634064522797506514,0.001296634064522797506515,154.706547050000000000000000,35,631158312,direct-fast,1003,0.300000000000000000000000,0.163923967714900781764882,-0.136076032285099218235118,2935621064,2.935591707789360000000000,0.000000000465843000000000,2.668719733930470000000000,519.628269685539852331575275,779.872263617649375593721795,39562.444583049625600000000000,0.000000138079093763517902,0.016815466465373585960643,0.009300270554045761730402,0.016815466465373585960643,519.628269685539852331575275,joint,peak,0.000999037237714643350607,0.000000962762285356649393,0.000512452762285356649394,0.009721330154985461801170,0.010074001747268119023123,0.010074001747268119023123,0.009721330154985461801170,0.010074001747268119023123,0.009197277662098795180907,0.000000012669290538681250,0.000000000000000000000000,0.000000000000000000000000,0.000000000000000000000000,0.000000007996328030631629,0.000424031827267146658413,0.000014076989487423610993,0.000000007996412488413097,0.000762639098213135182528,0.000000000000000633768094,0.000000000000000316880879,0.000000000000704186770998,0.000000000000352089864601,0.000100000000000000000000,0.000000100000000000000000,5.237437730853570000000000,0.000000000000000000000000,0.000555470584197182951070,0.000034849726517850984437,-0.000009254368427760385703,-0.000009254368427760385703,False,131,100,0.068682414817280000000000,5.700640429834240000000000,0.000005000000000000000000,0.000000032053754758342240,0.000482515183959885008367,0.763607634000000000000000,0.000002480293008497603467,True,0.000962762285356649393056,two-mode,False,0.699414685455603129796438,,,,
3,monitor-only,0.000511491000000000000000,certified_conditional,0.000000000000000000000001,83,0.001457317168596523370194,mid_flat,,0.001296634064522797506514,0.001296634064522797506515,154.706547050000000000000000,35,631158312,direct-fast,1003,0.300000000000000000000000,0.163923967714900781764882,-0.136076032285099218235118,2935621064,2.935591707789360000000000,0.000000000465843000000000,2.668719733930470000000000,519.628269685539852331575275,779.872263617649375593721795,39562.444583049625600000000000,0.000000138079093763517902,0.016815466465373585960643,0.009300270554045761730402,0.016815466465373585960643,519.628269685539852331575275,joint,peak,0.000999038237714643350607,0.000000961762285356649393,0.000512452762285356649394,0.009721330918359507755370,0.010074002510642164977323,0.010074002510642164977323,0.009721330918359507755370,0.010074002510642164977323,0.009197277662098795180907,0.000000012669290538681250,0.000000000000000000000000,0.000000000000000000000000,0.000000000000000000000000,0.000000007996328030631629,0.000424032590641192612613,0.000014076989487423610993,0.000000007996412488413097,0.000762639861587181136728,0.000000000000000633768094,0.000000000000000316880879,0.000000000000704186770998,0.000000000000352089864601,0.000100000000000000000000,0.000000100000000000000000,5.237437730853570000000000,0.000000000000000000000000,0.000555471584197182951070,0.000034849631052276907194,-0.000009254463892326159459,-0.000009254463892326159459,False,131,100,0.068682414817280000000000,5.700640429834240000000000,0.000005000000000000000000,0.000000032053754758342240,0.000482515183959885008367,0.763607634000000000000000,0.000002480293008497603467,True,0.000961762285356649393056,two-mode,False,0.699414685455603129796438,,,,
3,monitor-only,0.000513109334793886429564,certified_conditional,0.000000000000000000000001,81,0.001492862683386827065942,mid_flat,,0.001328260347607414868504,0.001328260347607414868505,154.706547050000000000000000,35,631158312,direct-fast,1030,0.300000000000000000000000,0.260880290809717065273266,-0.039119709190282934726734,2935621064,2.935591707789360000000000,0.000000000465843000000000,2.668719733930470000000000,518.591163451055177087787080,778.164228521447881153169642,38609.132665385779200000000000,0.000000134791496292957952,0.016815479910040333981115,0.009279026387775350770398,0.016815479910040333981115,518.591163451055177087787080,joint,peak,0.000999693538865612022032,0.000000306461134387977968,0.000513415795928274407533,0.009948924164051086038990,0.010301596026140476034842,0.010301596026140476034842,0.009948924164051086038990,0.010301596026140476034842,0.009424370937706172839695,0.000000012669290538681250,0.000000000000000000000000,0.000000000000000000000000,0.000000000000000000000000,0.000000007996328030631629,0.000424532560725393237445,0.000014076989487423610993,0.000000007996412488413097,0.000763140101478114535460,0.000000000000000633768094,0.000000000000000316880879,0.000000000000704186770998,0.000000000000352089864601,0.000100000000000000000000,0.000000100000000000000000,5.237437730853570000000000,0.000000000000000000000000,0.000556126531908400554396,0.000006387411290939685313,-0.000037716416777835374181,-0.000037716416777835374181,False,131,100,0.068682414817280000000000,5.563275600199680000000000,0.000005000000000000000000,0.000000032053754758342240,0.000481552150316967250228,0.763607634000000000000000,0.000002480293008497603467,True,0.000306461134387977968829,two-mode,False,0.704339436761621065382078,,,,
3,monitor-only,0.000520958645553104843624,certified_conditional,0.000000000000000000000001,65,0.001854780652160828331738,mid_flat,,0.001650273411741700736043,0.001650273411741700736044,154.706547050000000000000000,35,631158312,direct-fast,1309,0.300000000000000000000000,0.020799216866028315540444,-0.279200783133971684459556,2935621064,2.935591707789360000000000,0.000000000465843000000000,2.668719733930470000000000,510.294313575177775137481524,764.349149586540650528311341,30982.637324075008000000000000,0.000000108490716528478352,0.016815587467374318144893,0.009109073057612063090367,0.016815587467374318144893,510.294313575177775137481524,joint,peak,0.000999838580481488370980,0.000000161419518511629020,0.000521120065071616472645,0.012268877880499271194841,0.012621551901042523381886,0.012621551901042523381886,0.012268877880499271194841,0.012621551901042523381886,0.011744216091603076923312,0.000000012669290538681250,0.000000000000000000000000,0.000000000000000000000000,0.000000000000000000000000,0.000000007996328030631629,0.000424641123276674309679,0.000014076989487423610993,0.000000007996412488413097,0.000763250822483257798886,0.000000000000000633768094,0.000000000000000316880879,0.000000000000704186770998,0.000000000000352089864601,0.000100000000000000000000,0.000000100000000000000000,5.237437730853570000000000,0.000000000000000000000000,0.000556268746006268358562,-0.000283739970622497458288,-0.000327841004305516429785,-0.000327841004305516429785,False,131,100,0.068682414817280000000000,4.464356963123200000000000,0.000005000000000000000000,0.000000032053754758342240,0.000473847881173625185116,0.763607634000000000000000,0.000002480293008497603467,True,0.000161419518511629020932,two-mode,False,0.714400000143914848078456,,,,
3,monitor-only,0.000522500000000000000000,certified_conditional,0.000000000000000000000001,61,0.001974447077319973911557,mid_flat,,0.001756745473269972676116,0.001756745473269972676117,154.706547050000000000000000,35,631158312,direct-fast,1401,0.300000000000000000000000,0.016417571449163486999753,-0.283582428550836513000247,2935621064,2.935591707789360000000000,0.000000000465843000000000,2.668719733930470000000000,508.220101106208424649905135,760.838627855122072673006040,29076.013488747315200000000000,0.000000101915521587358452,0.016815614356707814185837,0.009066584725071241170359,0.016815614356707814185837,508.220101106208424649905135,joint,peak,0.000999453867642548011078,0.000000546132357451988922,0.000523046132357451988923,0.013038696191686336294938,0.013391370751843054029781,0.013391370751843054029781,0.013038696191686336294938,0.013391370751843054029781,0.012514328622200000000251,0.000000012669290538681250,0.000000000000000000000000,0.000000000000000000000000,0.000000000000000000000000,0.000000007996328030631629,0.000424346903866816332837,0.000014076989487423610993,0.000000007996412488413097,0.000762957142686865369843,0.000000000000000633768094,0.000000000000000316880879,0.000000000000704186770998,0.000000000000352089864601,0.000100000000000000000000,0.000000100000000000000000,5.237437730853570000000000,0.000000000000000000000000,0.000555883326287825862464,-0.000380011447760267818378,-0.000424111532109829669586,-0.000424111532109829669586,False,131,100,0.068682414817280000000000,4.189627303854080000000000,0.000005000000000000000000,0.000000032053754758342240,0.000471921813887789668838,0.763607634000000000000000,0.000002480293008497603467,True,0.000546132357451988922741,two-mode,False,0.719538849065805916937757,,,,
3,monitor-only,0.000528807956312323257685,certified_conditional,0.000000000000000000000001,49,0.002448326120950190407643,mid_flat,,0.002178374836921929558806,0.002178374836921929558807,154.706547050000000000000000,35,631158312,direct-fast,1765,0.300000000000000000000000,0.095066255598378765978617,-0.204933744401621234021383,2935621064,2.935591707789360000000000,0.000000000465843000000000,2.668719733930470000000000,501.997463699300373187175967,750.083686797951531603469033,23356.141982764236800000000000,0.000000082189936763998751,0.016815695024708302308671,0.008939119727448775410336,0.016815695024708302308671,501.997463699300373187175967,joint,peak,0.000999983622097364719927,0.000000016377902635280073,0.000528824334214958537758,0.016103832513778087588972,0.016456508692775201967209,0.016456508692775201967209,0.016103832513778087588972,0.016456508692775201967209,0.015579062162330612245210,0.000000012669290538681250,0.000000000000000000000000,0.000000000000000000000000,0.000000000000000000000000,0.000000007996328030631629,0.000424749685827955381912,0.000014076989487423610993,0.000000007996412488413097,0.000763361543488401062312,0.000000000000000633768094,0.000000000000000316880879,0.000000000000704186770998,0.000000000000352089864601,0.000100000000000000000000,0.000000100000000000000000,5.237437730853570000000000,0.000000000000000000000000,0.000556410960104136162727,-0.000763329429507652033025,-0.000807425667714211229693,-0.000807425667714211229693,False,131,100,0.068682414817280000000000,3.365438326046720000000000,0.000005000000000000000000,0.000000032053754758342240,0.000466143612030283120003,0.763607634000000000000000,0.000002480293008497603467,True,0.000016377902635280073036,two-mode,False,0.730041605986459196358227,,,,
3,monitor-only,0.000536657267071541671745,certified_conditional,0.000000000000000000000001,31,0.003825537091500507099392,mid_flat,,0.003403735175035429249125,0.003403735175035429249126,154.706547050000000000000000,35,631158312,direct-fast,2889,0.100000000000000000000000,0.008227578196524766693023,-0.091772421803475233306977,2935621064,2.935591707789360000000000,0.000000000465843000000000,2.668719733930470000000000,492.663507588938295993082216,732.655520694896934284798935,14776.334723789619200000000000,0.000000052601559528959201,0.016815816026709034492921,0.008747922231015076770301,0.016815816026709034492921,492.663507588938295993082216,joint,peak,0.000999165630070323310736,0.000000834369929676689264,0.000537491637001218361009,0.025149112713632671759318,0.025501791320890381102648,0.025501791320890381102648,0.025149112713632671759318,0.025501791320890381102648,0.024624969224329032258558,0.000000012669290538681250,0.000000000000000000000000,0.000000000000000000000000,0.000000000000000000000000,0.000000007996328030631629,0.000424122823684119538911,0.000014076989487423610993,0.000000007996412488413097,0.000762737109605160184403,0.000000000000000633768094,0.000000000000000316880879,0.000000000000704186770998,0.000000000000352089864601,0.000100000000000000000000,0.000000100000000000000000,5.237437730853570000000000,0.000000000000000000000000,0.000555589787119335140656,-0.001894508661425692700809,-0.001938593255832246486177,-0.001938593255832246486177,False,131,100,0.068682414817280000000000,2.129154859335680000000000,0.000005000000000000000000,0.000000032053754758342240,0.000457476309244023296752,0.763607634000000000000000,0.000002480293008497603467,True,0.000834369929676689264201,two-mode,False,0.740855555704761461835599,,,,
3,monitor-only,0.000537265625000000000000,certified_conditional,0.000000000000000000000001,31,0.003825537091500507099392,mid_flat,,0.003403735175035429249125,0.003403735175035429249126,154.706547050000000000000000,35,631158312,direct-fast,2889,0.100000000000000000000000,0.008227578196524766693023,-0.091772421803475233306977,2935621064,2.935591707789360000000000,0.000000000465843000000000,2.668719733930470000000000,492.663507588938295993082216,732.655520694896934284798935,14776.334723789619200000000000,0.000000052601559528959201,0.016815816026709034492921,0.008747922231015076770301,0.016815816026709034492921,492.663507588938295993082216,joint,peak,0.000999773987998781638992,0.000000226012001218361008,0.000537491637001218361009,0.025149577118285907309108,0.025502255725543616652438,0.025502255725543616652438,0.025149577118285907309108,0.025502255725543616652438,0.024624969224329032258558,0.000000012669290538681250,0.000000000000000000000000,0.000000000000000000000000,0.000000000000000000000000,0.000000007996328030631629,0.000424587228337355088701,0.000014076989487423610993,0.000000007996412488413097,0.000763201514258395734193,0.000000000000000633768094,0.000000000000000316880879,0.000000000000704186770998,0.000000000000352089864601,0.000100000000000000000000,0.000000100000000000000000,5.237437730853570000000000,0.000000000000000000000000,0.000556198145047793468912,-0.001894566738664577417567,-0.001938651332457721782509,-0.001938651332457721782509,False,131,100,0.068682414817280000000000,2.129154859335680000000000,0.000005000000000000000000,0.000000032053754758342240,0.000457476309244023296752,0.763607634000000000000000,0.000002480293008497603467,True,0.000226012001218361008675,two-mode,False,0.740855555704761461835599,,,,
3,monitor-only,0.000544506577830760085805,certified_conditional,0.000000000000000000000001,15,0.007651123120806942354250,mid_flat,,0.006807513892017372833344,0.006807513892017372833345,154.706547050000000000000000,35,631158312,direct-fast,6128,0.100000000000000000000000,0.020598720447093811045374,-0.079401279552906188954626,2935621064,2.935591707789360000000000,0.000000000465843000000000,2.668719733930470000000000,484.366657713060894042776659,712.105575783911662064720786,7149.839382478848000000000000,0.000000026300779764479601,0.016815923584043018656699,0.008577968900851789090270,0.016815923584043018656699,484.366657713060894042776659,joint,peak,0.000999310671686199659684,0.000000689328313800340316,0.000545195906144560426122,0.051415855115468253907346,0.051768535881179825441868,0.051768535881179825441868,0.051415855115468253907346,0.051768535881179825441868,0.050891603063613333334352,0.000000012669290538681250,0.000000000000000000000000,0.000000000000000000000000,0.000000000000000000000000,0.000000007996328030631629,0.000424231386235400611145,0.000014076989487423610993,0.000000007996412488413097,0.000762847830610303447829,0.000000000000000633768094,0.000000000000000316880879,0.000000000000704186770998,0.000000000000352089864601,0.000100000000000000000000,0.000000100000000000000000,5.237437730853570000000000,0.000000000000000000000000,0.000555732001217202944822,-0.005179359195472727949469,-0.005223409365350144790445,-0.005223409365350144790445,False,131,100,0.068682414817280000000000,1.030236222259200000000000,0.000005000000000000000000,0.000000032053754758342240,0.000449772040100681231639,0.763607634000000000000000,0.000002480293008497603467,True,0.000689328313800340316305,two-mode,False,0.751994736993538983417554,,,,
3,monitor-only,0.000550974000000000000000,certified_conditional,0.000000000000000000000001,3,0.030604639296645553883400,mid_flat,,0.027230186193909034338655,0.027230186193909034338656,154.706547050000000000000000,35,631158312,direct-fast,25659,0.030000000000000000000000,0.003624335760369609324663,-0.026375664239630390675337,2935621064,2.935591707789360000000000,0.000000000465843000000000,2.668719733930470000000000,478.144020306152842580047492,657.640515676528749563951655,1429.967876495769600000000000,0.000000006575194941119901,0.016816004252043506779532,0.008450503903229323330246,0.016816004252043506779532,478.144020306152842580047492,joint,peak,0.000999999891997933025045,0.000000000108002066974955,0.000550974108002066974956,0.254982791883979112315454,0.255335474268531080493371,0.255335474268531080493371,0.254982791883979112315454,0.255335474268531080493371,0.254458015318066666671756,0.000000012669290538681250,0.000000000000000000000000,0.000000000000000000000000,0.000000000000000000000000,0.000000007996328030631629,0.000424755900292925681848,0.000014076989487423610993,0.000000007996412488413097,0.000763373963508225161927,0.000000000000000633768094,0.000000000000000316880879,0.000000000000704186770998,0.000000000000352089864601,0.000100000000000000000000,0.000000100000000000000000,5.237437730853570000000000,0.000000000000000000000000,0.000556419100890429901596,-0.030636911210435669113633,-0.030680692701136328340134,-0.030680692701136328340134,False,131,100,0.068682414817280000000000,0.206047244451840000000000,0.000005000000000000000000,0.000000032053754758342240,0.000443993838243174682805,0.763607634000000000000000,0.000002480293008497603467,True,0.000000108002066974955547,two-mode,False,0.763474045955256276650866,,,,
3,monitor-only,0.000550975000000000000000,no_two_mode_certificate,,,,,,,,,,,,,,,,,,,,,,,,,,,,,,,,,,,,,,,,,,,,,,,,,,,,,,,,,,,,,,,,,,,,,,,,,,0.763474045955256276650866,,,,
3,monitor-only,0.000550976000000000000000,no_two_mode_certificate,,,,,,,,,,,,,,,,,,,,,,,,,,,,,,,,,,,,,,,,,,,,,,,,,,,,,,,,,,,,,,,,,,,,,,,,,,0.763474045955256276650866,,,,
3,monitor-only,0.000552031250000000000000,no_two_mode_certificate,,,,,,,,,,,,,,,,,,,,,,,,,,,,,,,,,,,,,,,,,,,,,,,,,,,,,,,,,,,,,,,,,,,,,,,,,,0.763474045955256276650866,,,,
3,monitor-only,0.000552355000000000000000,no_two_mode_certificate,,,,,,,,,,,,,,,,,,,,,,,,,,,,,,,,,,,,,,,,,,,,,,,,,,,,,,,,,,,,,,,,,,,,,,,,,,0.763474045955256276650866,,,,
3,monitor-only,0.000552355888589978499866,no_two_mode_certificate,,,,,,,,,,,,,,,,,,,,,,,,,,,,,,,,,,,,,,,,,,,,,,,,,,,,,,,,,,,,,,,,,,,,,,,,,,0.763474045955256276650866,,,,
3,monitor-only,0.000552356000000000000000,no_two_mode_certificate,,,,,,,,,,,,,,,,,,,,,,,,,,,,,,,,,,,,,,,,,,,,,,,,,,,,,,,,,,,,,,,,,,,,,,,,,,,,,,
3,monitor-only,0.000552357000000000000000,no_two_mode_certificate,,,,,,,,,,,,,,,,,,,,,,,,,,,,,,,,,,,,,,,,,,,,,,,,,,,,,,,,,,,,,,,,,,,,,,,,,,,,,,
3,monitor-only,0.000566796875000000000000,no_two_mode_certificate,,,,,,,,,,,,,,,,,,,,,,,,,,,,,,,,,,,,,,,,,,,,,,,,,,,,,,,,,,,,,,,,,,,,,,,,,,,,,,
3,monitor-only,0.000581562500000000000000,no_two_mode_certificate,,,,,,,,,,,,,,,,,,,,,,,,,,,,,,,,,,,,,,,,,,,,,,,,,,,,,,,,,,,,,,,,,,,,,,,,,,,,,,
3,monitor-only,0.000596328125000000000000,no_two_mode_certificate,,,,,,,,,,,,,,,,,,,,,,,,,,,,,,,,,,,,,,,,,,,,,,,,,,,,,,,,,,,,,,,,,,,,,,,,,,,,,,
3,monitor-only,0.000611093750000000000000,no_two_mode_certificate,,,,,,,,,,,,,,,,,,,,,,,,,,,,,,,,,,,,,,,,,,,,,,,,,,,,,,,,,,,,,,,,,,,,,,,,,,,,,,
3,monitor-only,0.000625859375000000000000,no_two_mode_certificate,,,,,,,,,,,,,,,,,,,,,,,,,,,,,,,,,,,,,,,,,,,,,,,,,,,,,,,,,,,,,,,,,,,,,,,,,,,,,,
3,monitor-only,0.000640625000000000000000,no_two_mode_certificate,,,,,,,,,,,,,,,,,,,,,,,,,,,,,,,,,,,,,,,,,,,,,,,,,,,,,,,,,,,,,,,,,,,,,,,,,,,,,,
3,monitor-only,0.000655390625000000000000,no_two_mode_certificate,,,,,,,,,,,,,,,,,,,,,,,,,,,,,,,,,,,,,,,,,,,,,,,,,,,,,,,,,,,,,,,,,,,,,,,,,,,,,,
3,monitor-only,0.000670156250000000000000,no_two_mode_certificate,,,,,,,,,,,,,,,,,,,,,,,,,,,,,,,,,,,,,,,,,,,,,,,,,,,,,,,,,,,,,,,,,,,,,,,,,,,,,,
3,monitor-only,0.000684921875000000000000,no_two_mode_certificate,,,,,,,,,,,,,,,,,,,,,,,,,,,,,,,,,,,,,,,,,,,,,,,,,,,,,,,,,,,,,,,,,,,,,,,,,,,,,,
3,monitor-only,0.000699687500000000000000,no_two_mode_certificate,,,,,,,,,,,,,,,,,,,,,,,,,,,,,,,,,,,,,,,,,,,,,,,,,,,,,,,,,,,,,,,,,,,,,,,,,,,,,,
3,monitor-only,0.000714453125000000000000,no_two_mode_certificate,,,,,,,,,,,,,,,,,,,,,,,,,,,,,,,,,,,,,,,,,,,,,,,,,,,,,,,,,,,,,,,,,,,,,,,,,,,,,,
3,monitor-only,0.000729218750000000000000,no_two_mode_certificate,,,,,,,,,,,,,,,,,,,,,,,,,,,,,,,,,,,,,,,,,,,,,,,,,,,,,,,,,,,,,,,,,,,,,,,,,,,,,,
3,monitor-only,0.000743984375000000000000,no_two_mode_certificate,,,,,,,,,,,,,,,,,,,,,,,,,,,,,,,,,,,,,,,,,,,,,,,,,,,,,,,,,,,,,,,,,,,,,,,,,,,,,,
3,monitor-only,0.000758750000000000000000,no_two_mode_certificate,,,,,,,,,,,,,,,,,,,,,,,,,,,,,,,,,,,,,,,,,,,,,,,,,,,,,,,,,,,,,,,,,,,,,,,,,,,,,,
3,monitor-only,0.000773515625000000000000,no_two_mode_certificate,,,,,,,,,,,,,,,,,,,,,,,,,,,,,,,,,,,,,,,,,,,,,,,,,,,,,,,,,,,,,,,,,,,,,,,,,,,,,,
3,monitor-only,0.000788281250000000000000,no_two_mode_certificate,,,,,,,,,,,,,,,,,,,,,,,,,,,,,,,,,,,,,,,,,,,,,,,,,,,,,,,,,,,,,,,,,,,,,,,,,,,,,,
3,monitor-only,0.000803046875000000000000,no_two_mode_certificate,,,,,,,,,,,,,,,,,,,,,,,,,,,,,,,,,,,,,,,,,,,,,,,,,,,,,,,,,,,,,,,,,,,,,,,,,,,,,,
3,monitor-only,0.000817812500000000000000,no_two_mode_certificate,,,,,,,,,,,,,,,,,,,,,,,,,,,,,,,,,,,,,,,,,,,,,,,,,,,,,,,,,,,,,,,,,,,,,,,,,,,,,,
3,monitor-only,0.000832578125000000000000,no_two_mode_certificate,,,,,,,,,,,,,,,,,,,,,,,,,,,,,,,,,,,,,,,,,,,,,,,,,,,,,,,,,,,,,,,,,,,,,,,,,,,,,,
3,monitor-only,0.000847343750000000000000,no_two_mode_certificate,,,,,,,,,,,,,,,,,,,,,,,,,,,,,,,,,,,,,,,,,,,,,,,,,,,,,,,,,,,,,,,,,,,,,,,,,,,,,,
3,monitor-only,0.000862109375000000000000,no_two_mode_certificate,,,,,,,,,,,,,,,,,,,,,,,,,,,,,,,,,,,,,,,,,,,,,,,,,,,,,,,,,,,,,,,,,,,,,,,,,,,,,,
3,monitor-only,0.000876875000000000000000,no_two_mode_certificate,,,,,,,,,,,,,,,,,,,,,,,,,,,,,,,,,,,,,,,,,,,,,,,,,,,,,,,,,,,,,,,,,,,,,,,,,,,,,,
3,monitor-only,0.000891640625000000000000,no_two_mode_certificate,,,,,,,,,,,,,,,,,,,,,,,,,,,,,,,,,,,,,,,,,,,,,,,,,,,,,,,,,,,,,,,,,,,,,,,,,,,,,,
3,monitor-only,0.000906406250000000000000,no_two_mode_certificate,,,,,,,,,,,,,,,,,,,,,,,,,,,,,,,,,,,,,,,,,,,,,,,,,,,,,,,,,,,,,,,,,,,,,,,,,,,,,,
3,monitor-only,0.000921171875000000000000,no_two_mode_certificate,,,,,,,,,,,,,,,,,,,,,,,,,,,,,,,,,,,,,,,,,,,,,,,,,,,,,,,,,,,,,,,,,,,,,,,,,,,,,,
3,monitor-only,0.000935937500000000000000,no_two_mode_certificate,,,,,,,,,,,,,,,,,,,,,,,,,,,,,,,,,,,,,,,,,,,,,,,,,,,,,,,,,,,,,,,,,,,,,,,,,,,,,,
3,monitor-only,0.000950703125000000000000,no_two_mode_certificate,,,,,,,,,,,,,,,,,,,,,,,,,,,,,,,,,,,,,,,,,,,,,,,,,,,,,,,,,,,,,,,,,,,,,,,,,,,,,,
3,monitor-only,0.000965468750000000000000,no_two_mode_certificate,,,,,,,,,,,,,,,,,,,,,,,,,,,,,,,,,,,,,,,,,,,,,,,,,,,,,,,,,,,,,,,,,,,,,,,,,,,,,,
3,monitor-only,0.000980234375000000000000,no_two_mode_certificate,,,,,,,,,,,,,,,,,,,,,,,,,,,,,,,,,,,,,,,,,,,,,,,,,,,,,,,,,,,,,,,,,,,,,,,,,,,,,,
3,monitor-only,0.000995000000000000000000,no_two_mode_certificate,,,,,,,,,,,,,,,,,,,,,,,,,,,,,,,,,,,,,,,,,,,,,,,,,,,,,,,,,,,,,,,,,,,,,,,,,,,,,,
3,ERR-only,0.000050000000000000000000,certified_conditional,,11,,,,,,,,,,,,,,,,,,595.362556228909407581800317,,,0.000000047863867421380855,0.020496226024986837089883,,,,,,0.000998272866509058992041,0.000001727133490941007959,,0.071795516228708888544737,0.072646449270762385976870,0.072646449270762385976870,,,0.064936363649350779222078,0.000000271623055270644839,0.006716154585113054540129,,,,0.000042726371188833488720,,,,,,,,,,,60.001202067020610000000000,,,,,False,140,100,0.073401054003200000000000,0.807411594035200000000000,0.000004000000000000000000,0.000000034255921115785600,0.000944238610587943206441,0.714537140800000000000000,0.000001405149505943672276,True,0.001727133490941007959575,two-mode,False,0.367754411839292306054716,1043,60.000000000000000000000000,1.614824445082970000000000,0.807412695046210000000000
3,ERR-only,0.000057678021883519400903,certified_conditional,,11,,,,,,,,,,,,,,,,,,595.030628770161284292963662,,,0.000000047863825986508826,0.020484501940604290237198,,,,,,0.000998952321123429609188,0.000001047678876570390812,,0.072316805289917860231630,0.073168640521889594950364,0.073168640521889594950364,,,0.065403531733159058209288,0.000000273577177943076207,0.006764472243322319531716,,,,0.000048527736257588765449,,,,,,,,,,,60.001202061020550000000000,,,,,False,139,100,0.072876760760320000000000,0.801644368363520000000000,0.000004000000000000000000,0.000000034011235964958560,0.000937240288003945249725,0.719651193660000000000000,0.000001466681894845374573,True,0.001047678876570390812510,two-mode,False,0.370477777852908869235599,1043,60.000000000000000000000000,1.603289993739610000000000,0.801645469374530000000000
3,ERR-only,0.000064781250000000000000,certified_conditional,,11,,,,,,,,,,,,,,,,,,594.698704647498877057973351,,,0.000000047863784246010754,0.020472777977467823299223,,,,,,0.000999060635741434053724,0.000000939364258565946276,,0.072845232739504477086097,0.073697985884323560064416,0.073697985884323560064416,,,0.065877470368906587616601,0.000000275559621233948610,0.006813490157447660827528,,,,0.000053996653528044044387,,,,,,,,,,,60.001202055020490000000000,,,,,False,138,100,0.072352467517440000000000,0.795877142691840000000000,0.000004000000000000000000,0.000000033766550814131520,0.000930245619190619922204,0.724869245480000000000000,0.000001536155086732027241,True,0.000939364258565946276521,two-mode,False,0.373241791120460007986345,1043,60.000000000000000000000000,1.591755542396250000000000,0.795878243702850000000000
3,ERR-only,0.000065356043767038801805,certified_conditional,,11,,,,,,,,,,,,,,,,,,594.698704647498877057973351,,,0.000000047863784246010754,0.020472777977467823299223,,,,,,0.000999635429508472855529,0.000000364570491527144471,,0.072845649265057396725578,0.073698402409876479703897,0.073698402409876479703897,,,0.065877470368906587616601,0.000000275559621233948610,0.006813490157447660827528,,,,0.000054413179080963683868,,,,,,,,,,,60.001202055020490000000000,,,,,False,138,100,0.072352467517440000000000,0.795877142691840000000000,0.000004000000000000000000,0.000000033766550814131520,0.000930245619190619922204,0.724869245480000000000000,0.000001536155086732027241,True,0.000364570491527144471521,two-mode,False,0.373241791120460007986345,1043,60.000000000000000000000000,1.591755542396250000000000,0.795878243702850000000000
3,ERR-only,0.000073034065650558202708,certified_conditional,,11,,,,,,,,,,,,,,,,,,594.046111326297772975046079,,,0.000000047863699848139687,0.020449727614781269800602,,,,,,0.000993342996768054135041,0.000006657003231945864959,,0.073921022849941528168338,0.074775666561287282142908,0.074775666561287282142908,,,0.066846256697861096258022,0.000000279611968549114257,0.006913688540733284946909,,,,0.000060797999377647200180,,,,,,,,,,,60.001202043020370000000000,,,,,False,136,100,0.071303881031680000000000,0.784342691348480000000000,0.000004000000000000000000,0.000000033277180512477440,0.000916275653936983454893,0.735545350720000000000000,0.000001705983534549743511,True,0.006657003231945864959823,two-mode,False,0.377466037812377786077108,1043,60.000000000000000000000000,1.568686639709530000000000,0.784343792359490000000000
3,ERR-only,0.000079562500000000000000,certified_conditional,,11,,,,,,,,,,,,,,,,,,594.046111326297772975046079,,,0.000000047863699848139687,0.020449727614781269800602,,,,,,0.000999871431117495932333,0.000000128568882504067667,,0.073925823265323465290438,0.074780466976669219265007,0.074780466976669219265007,,,0.066846256697861096258022,0.000000279611968549114257,0.006913688540733284946909,,,,0.000065598414759584322279,,,,,,,,,,,60.001202043020370000000000,,,,,False,136,100,0.071303881031680000000000,0.784342691348480000000000,0.000004000000000000000000,0.000000033277180512477440,0.000916275653936983454893,0.735545350720000000000000,0.000001705983534549743511,True,0.000128568882504067667323,two-mode,False,0.378895454622269155431053,1043,60.000000000000000000000000,1.568686639709530000000000,0.784343792359490000000000
3,ERR-only,0.000080712087534077603610,certified_conditional,,11,,,,,,,,,,,,,,,,,,593.724245958763279075199895,,,0.000000047863657190768309,0.020438358963412729059881,,,,,,0.000994044465556347232541,0.000005955534443652767459,,0.074473502006454711161684,0.075329118432832851247205,0.075329118432832851247205,,,0.067341414154882289563637,0.000000281683168287976699,0.006964901047745937274593,,,,0.000066905120657245697785,,,,,,,,,,,60.001202037020310000000000,,,,,False,135,100,0.070779587788800000000000,0.778575465676800000000000,0.000004000000000000000000,0.000000033032495361650400,0.000909299345526907978531,0.741007404100000000000000,0.000001811280800414477922,True,0.005955534443652767459316,two-mode,False,0.380335741521969584627994,1043,60.000000000000000000000000,1.557152188366170000000000,0.778576566687810000000000
3,ERR-only,0.000088390109417597004513,certified_conditional,,11,,,,,,,,,,,,,,,,,,593.402378646476419190217472,,,0.000000047863614227774122,0.020426990246757215016416,,,,,,0.000994749473465791573347,0.000005250526534208426653,,0.075034227120527792408661,0.075890833421261185560325,0.075890833421261185560325,,,0.067843962021709769336500,0.000000283785281455777386,0.007016877920534897845973,,,,0.000073103393000718799831,,,,,,,,,,,60.001202031020250000000000,,,,,False,134,100,0.070255294545920000000000,0.772808240005120000000000,0.000004000000000000000000,0.000000032787810210823360,0.000902326576237983745475,0.746509461080000000000000,0.000001934894178060579284,True,0.005250526534208426653100,two-mode,False,0.383249425365041717256288,1043,60.000000000000000000000000,1.545617737022810000000000,0.772809341016130000000000
3,ERR-only,0.000094343750000000000000,certified_conditional,,11,,,,,,,,,,,,,,,,,,592.931446152385516444502298,,,0.000000047863570959157950,0.020410356161291936099428,,,,,,0.000993624598379058606300,0.000006375401620941393700,,0.075602087637978598706381,0.076459619372226680097640,0.076459619372226680097640,,,0.068354066999316609707451,0.000000285919005347905903,0.007069636400433466846999,,,,0.000078098319222223597058,,,,,,,,,,,60.001202025020190000000000,,,,,False,133,100,0.069731001303040000000000,0.767041014333440000000000,0.000004000000000000000000,0.000000032543125059996320,0.000895248305253998609980,0.752123516940000000000000,0.000002082057951463515238,True,0.006375401620941393700793,two-mode,False,0.386208108186385234172278,1048,60.000000000000000000000000,1.534083285679450000000000,0.767042115344450000000000
3,ERR-only,0.000096068131301116405415,certified_conditional,,11,,,,,,,,,,,,,,,,,,592.931446152385516444502298,,,0.000000047863570959157950,0.020410356161291936099428,,,,,,0.000995348979680175011715,0.000004651020319824988285,,0.075603384191203476381157,0.076460915925451557772416,0.076460915925451557772416,,,0.068354066999316609707451,0.000000285919005347905903,0.007069636400433466846999,,,,0.000079394872447101271834,,,,,,,,,,,60.001202025020190000000000,,,,,False,133,100,0.069731001303040000000000,0.767041014333440000000000,0.000004000000000000000000,0.000000032543125059996320,0.000895248305253998609980,0.752123516940000000000000,0.000002082057951463515238,True,0.004651020319824988285793,two-mode,False,0.386208108186385234172278,1048,60.000000000000000000000000,1.534083285679450000000000,0.767042115344450000000000
3,ERR-only,0.000100000000000000000000,certified_conditional,,11,,,,,,,,,,,,,,,,,,592.931446152385516444502298,,,0.000000047863570959157950,0.020410356161291936099428,,,,,,0.000999280848379058606300,0.000000719151620941393700,,0.075606340542584712436691,0.076463872276832793827950,0.076463872276832793827950,,,0.068354066999316609707451,0.000000285919005347905903,0.007069636400433466846999,,,,0.000082351223828337327368,,,,,,,,,,,60.001202025020190000000000,,,,,False,133,100,0.069731001303040000000000,0.767041014333440000000000,0.000004000000000000000000,0.000000032543125059996320,0.000895248305253998609980,0.752123516940000000000000,0.000002082057951463515238,True,0.000719151620941393700793,two-mode,False,0.387704651241367129356529,1048,60.000000000000000000000000,1.534083285679450000000000,0.767042115344450000000000
3,ERR-only,0.000103746153184635806318,certified_conditional,,11,,,,,,,,,,,,,,,,,,592.747057422004372671556937,,,0.000000047863527384920620,0.020403843554644337995714,,,,,,0.000996161699056557033909,0.000003838300943442966091,,0.076181164853859094959297,0.077039797571695090238049,0.077039797571695090238049,,,0.068871900840220523417356,0.000000288085058389915155,0.007123194251239589923797,,,,0.000085781677339641054018,,,,,,,,,,,60.001202019020130000000000,,,,,False,132,100,0.069206708060160000000000,0.761273788661760000000000,0.000004000000000000000000,0.000000032298439909169280,0.000888383247432012058312,0.757807576000000000000000,0.000002260210829945839405,True,0.003838300943442966091204,two-mode,False,0.389212840545804136565560,1043,60.000000000000000000000000,1.522548834336090000000000,0.761274889672770000000000
3,ERR-only,0.000109125000000000000000,certified_conditional,,11,,,,,,,,,,,,,,,,,,592.416573139606681807959233,,,0.000000047863483505062969,0.020392170474280412953022,,,,,,0.000994572008763254427349,0.000005427991236745572651,,0.076766011464759748622647,0.077625683168477990462233,0.077625683168477990462233,,,0.069397640541290909092298,0.000000290284180944016152,0.007177569779157256864363,,,,0.000090510860129688000864,,,,,,,,,,,60.001202013020070000000000,,,,,False,131,100,0.068682414817280000000000,0.755506562990080000000000,0.000004000000000000000000,0.000000032053754758342240,0.000881414955008496085109,0.763607634000000000000000,0.000002480293008497603467,True,0.005427991236745572651222,two-mode,False,0.392264705961841374682658,1043,60.000000000000000000000000,1.511014382992730000000000,0.755507664001090000000000
3,ERR-only,0.000111424175068155207220,certified_conditional,,11,,,,,,,,,,,,,,,,,,592.416573139606681807959233,,,0.000000047863483505062969,0.020392170474280412953022,,,,,,0.000996871183831409634569,0.000003128816168590365431,,0.076767766595333883286721,0.077627438299052125126306,0.077627438299052125126306,,,0.069397640541290909092298,0.000000290284180944016152,0.007177569779157256864363,,,,0.000092265990703822664938,,,,,,,,,,,60.001202013020070000000000,,,,,False,131,100,0.068682414817280000000000,0.755506562990080000000000,0.000004000000000000000000,0.000000032053754758342240,0.000881414955008496085109,0.763607634000000000000000,0.000002480293008497603467,True,0.003128816168590365431222,two-mode,False,0.393808661497120056171032,1043,60.000000000000000000000000,1.511014382992730000000000,0.755507664001090000000000
3,ERR-only,0.000119102196951674608123,certified_conditional,,11,,,,,,,,,,,,,,,,,,565.488988098036946428451919,,,0.000000047863570959157950,0.019441016745851244749085,,,,,,0.000998308686522396567896,0.000001691313477603432104,,0.082690625466182971273489,0.083721592335716978439103,0.083721592335716978439103,,,0.068354066999316609707451,0.000000571838001103325424,0.014139272563683012279907,,,,0.000096714065181295311736,,,,,,,,,,,120.002402037020250000000000,,,,,False,133,100,0.069731001303040000000000,0.767041014333440000000000,0.000004000000000000000000,0.000000032543125059996320,0.000875173946445661963453,0.752123516940000000000000,0.000002082057951463515238,True,0.001691313477603432104824,two-mode,False,0.396933333413755482992742,1043,120.000000000000000000000000,1.534083285679450000000000,0.767042115344450000000000
3,ERR-only,0.000123906250000000000000,certified_conditional,,11,,,,,,,,,,,,,,,,,,565.008915142884163125836587,,,0.000000047863527384920620,0.019424059798794068899654,,,,,,0.000996183703198367009049,0.000003816296801632990951,,0.083319920057955748515646,0.084353027680285901354821,0.084353027680285901354821,,,0.068871900840220523417356,0.000000576170107143481794,0.014246388264210722822106,,,,0.000101054783416408145419,,,,,,,,,,,120.002402031020190000000000,,,,,False,132,100,0.069206708060160000000000,0.761273788661760000000000,0.000004000000000000000000,0.000000032298439909169280,0.000868245154758457839769,0.757807576000000000000000,0.000002260210829945839405,True,0.003816296801632990951618,two-mode,False,0.398514342710220420069862,1049,120.000000000000000000000000,1.522548834336090000000000,0.761274889672770000000000
3,ERR-only,0.000126780218835194009025,certified_conditional,,11,,,,,,,,,,,,,,,,,,565.008915142884163125836587,,,0.000000047863527384920620,0.019424059798794068899654,,,,,,0.000999057672033561018074,0.000000942327966438981926,,0.083322097350618737540207,0.084355204972948890379382,0.084355204972948890379382,,,0.068871900840220523417356,0.000000576170107143481794,0.014246388264210722822106,,,,0.000103232076079397169980,,,,,,,,,,,120.002402031020190000000000,,,,,False,132,100,0.069206708060160000000000,0.761273788661760000000000,0.000004000000000000000000,0.000000032298439909169280,0.000868245154758457839769,0.757807576000000000000000,0.000002260210829945839405,True,0.000942327966438981926618,two-mode,False,0.400108000081057076643599,1049,120.000000000000000000000000,1.522548834336090000000000,0.761274889672770000000000
3,ERR-only,0.000134458240718713409928,certified_conditional,,9,,,,,,,,,,,,,,,,,,587.076141019540401785186971,,,0.000000047862717594624705,0.020203540977352136945442,,,,,,0.000994159022061828071757,0.000005840977938171928243,,0.086285392482217164983202,0.087068393405438635751945,0.087068393405438635751945,,,0.079366666682539841271429,0.000000271623055270644839,0.006716154585113054540129,,,,0.000102299591508047877834,,,,,,,,,,,60.001202067020610000000000,,,,,False,140,100,0.073401054003200000000000,0.660609486028800000000000,0.000004000000000000000000,0.000000034255921115785600,0.000855666525421998876230,0.714537140800000000000000,0.000001405149505943672276,True,0.005840977938171928243300,two-mode,False,0.403333871049444179869470,1043,60.000000000000000000000000,1.321220229070170000000000,0.660610587039810000000000
3,ERR-only,0.000138687500000000000000,certified_conditional,,9,,,,,,,,,,,,,,,,,,587.076141019540401785186971,,,0.000000047862717594624705,0.020203540977352136945442,,,,,,0.000998388281343114661830,0.000001611718656885338170,,0.086288413442122392180429,0.087071414365343862949173,0.087071414365343862949173,,,0.079366666682539841271429,0.000000271623055270644839,0.006716154585113054540129,,,,0.000105320551413275075062,,,,,,,,,,,60.001202067020610000000000,,,,,False,140,100,0.073401054003200000000000,0.660609486028800000000000,0.000004000000000000000000,0.000000034255921115785600,0.000855666525421998876230,0.714537140800000000000000,0.000001405149505943672276,True,0.001611718656885338170800,two-mode,False,0.404966396843162349518190,1043,60.000000000000000000000000,1.321220229070170000000000,0.660610587039810000000000
3,ERR-only,0.000142136262602232810830,certified_conditional,,9,,,,,,,,,,,,,,,,,,586.644461127855857620912598,,,0.000000047862677351207594,0.020188293362777570050388,,,,,,0.000995454877034775963071,0.000004545122965224036929,,0.086910930691300571955142,0.087694822108240995319143,0.087694822108240995319143,,,0.079937649896083293366907,0.000000273577177943076207,0.006764472243322319531716,,,,0.000108534974716065331341,,,,,,,,,,,60.001202061020550000000000,,,,,False,139,100,0.072876760760320000000000,0.655890846842880000000000,0.000004000000000000000000,0.000000034011235964958560,0.000849284603196578193681,0.719651193660000000000000,0.000001466681894845374573,True,0.004545122965224036929729,two-mode,False,0.406612195204309122172184,1049,60.000000000000000000000000,1.311782950698330000000000,0.655891947853890000000000
3,ERR-only,0.000149814284485752211733,certified_conditional,,9,,,,,,,,,,,,,,,,,,586.552338225686953336049753,,,0.000000047862636903212574,0.020185039791726891103625,,,,,,0.000996965484164738322791,0.000003034515835261677209,,0.087545534671530115260009,0.088330485108513062519547,0.088330485108513062519547,,,0.080516908228663607086957,0.000000275559621233948610,0.006813490157447660827528,,,,0.000114860725796662747943,,,,,,,,,,,60.001202055020490000000000,,,,,False,138,100,0.072352467517440000000000,0.651172207656960000000000,0.000004000000000000000000,0.000000033766550814131520,0.000843117433128171979538,0.724869245480000000000000,0.000001536155086732027241,True,0.003034515835261677209832,two-mode,False,0.411630864280892490635599,1043,60.000000000000000000000000,1.302345672326490000000000,0.651173308667970000000000
3,ERR-only,0.000153468750000000000000,certified_conditional,,9,,,,,,,,,,,,,,,,,,586.292532182189035175907113,,,0.000000047862596250640162,0.020175863215700020076807,,,,,,0.000994349986349443747862,0.000005650013650556252138,,0.088186465982243882761014,0.088972416044943749470247,0.088972416044943749470247,,,0.081104622887266991080292,0.000000277571005302789953,0.006863223661560233383133,,,,0.000118341862410404858664,,,,,,,,,,,60.001202049020430000000000,,,,,False,137,100,0.071828174274560000000000,0.646453568471040000000000,0.000004000000000000000000,0.000000033521865663304480,0.000836847714483780443382,0.730191296260000000000000,0.000001615212258504321052,True,0.005650013650556252138651,two-mode,False,0.413331405042379417139731,1043,60.000000000000000000000000,1.292908393954650000000000,0.646454669482050000000000
3,ERR-only,0.000157492306369271612635,certified_conditional,,9,,,,,,,,,,,,,,,,,,586.292532182189035175907113,,,0.000000047862596250640162,0.020175863215700020076807,,,,,,0.000998373542718715360497,0.000001626457281284639503,,0.088189402943441841678815,0.088975353006141708388049,0.088975353006141708388049,,,0.081104622887266991080292,0.000000277571005302789953,0.006863223661560233383133,,,,0.000121278823608363776466,,,,,,,,,,,60.001202049020430000000000,,,,,False,137,100,0.071828174274560000000000,0.646453568471040000000000,0.000004000000000000000000,0.000000033521865663304480,0.000836847714483780443382,0.730191296260000000000000,0.000001615212258504321052,True,0.001626457281284639503651,two-mode,False,0.415046058175330965440578,1043,60.000000000000000000000000,1.292908393954650000000000,0.646454669482050000000000
3,ERR-only,0.000165170328252791013538,certified_conditional,,9,,,,,,,,,,,,,,,,,,586.032724792877579764509890,,,0.000000047862555393490881,0.020166686594415906117376,,,,,,0.000999783938726820302205,0.000000216061273179697795,,0.088842739866411093486134,0.089629705973956750693572,0.089629705973956750693572,,,0.081700980408496895426471,0.000000279611968549114257,0.006913688540733284946909,,,,0.000127791305211413349526,,,,,,,,,,,60.001202043020370000000000,,,,,False,136,100,0.071303881031680000000000,0.641734929285120000000000,0.000004000000000000000000,0.000000033277180512477440,0.000830580333293516811227,0.735545350720000000000000,0.000001705983534549743511,True,0.000216061273179697795831,two-mode,False,0.418518410126580126016352,1043,60.000000000000000000000000,1.283471115582810000000000,0.641736030296130000000000
3,ERR-only,0.000168250000000000000000,certified_conditional,,9,,,,,,,,,,,,,,,,,,585.772916112490103342454907,,,0.000000047862514331765254,0.020157509929808015666664,,,,,,0.000996598322104164771558,0.000003401677895835228442,,0.089502349601495272861063,0.090290348537923213243359,0.090290348537923213243359,,,0.082306172855967242800001,0.000000281683168287976699,0.006964901047745937274593,,,,0.000130994014612854160800,,,,,,,,,,,60.001202037020310000000000,,,,,False,135,100,0.070779587788800000000000,0.637016290099200000000000,0.000004000000000000000000,0.000000033032495361650400,0.000824315289608803121158,0.741007404100000000000000,0.000001811280800414477922,True,0.003401677895835228442080,two-mode,False,0.420276470673326024543162,1043,60.000000000000000000000000,1.274033837210970000000000,0.637017391110210000000000
3,ERR-only,0.000172848350136310414440,certified_conditional,,9,,,,,,,,,,,,,,,,,,585.507354625422351306434693,,,0.000000047862473065463808,0.020148130063297665799265,,,,,,0.000994930253194999306935,0.000005069746805000693065,,0.090172937622747106367499,0.090961983959609172720251,0.090961983959609172720251,,,0.082920398026534162522389,0.000000283785281455777386,0.007016877920534897845973,,,,0.000135377890395639572780,,,,,,,,,,,60.001202031020250000000000,,,,,False,134,100,0.070255294545920000000000,0.632297650913280000000000,0.000004000000000000000000,0.000000032787810210823360,0.000818049115248478069135,0.746509461080000000000000,0.000001934894178060579284,True,0.005069746805000693065441,two-mode,False,0.422049367174052901116611,1043,60.000000000000000000000000,1.264596558839130000000000,0.632298751924290000000000
3,ERR-only,0.000180526372019829815343,certified_conditional,,9,,,,,,,,,,,,,,,,,,585.240494846072290355896673,,,0.000000047862431594587073,0.020138704339987612391410,,,,,,0.000996343469074625731184,0.000003656530925374268816,,0.090855925263372095168130,0.091646035963888268964282,0.091646035963888268964282,,,0.083543859665831411864662,0.000000285919005347905903,0.007069636400433466846999,,,,0.000142143278100917901596,,,,,,,,,,,60.001202025020190000000000,,,,,False,133,100,0.069731001303040000000000,0.627579011727360000000000,0.000004000000000000000000,0.000000032543125059996320,0.000811784553929735919521,0.752123516940000000000000,0.000002082057951463515238,True,0.003656530925374268816838,two-mode,False,0.427458974445501575789445,1043,60.000000000000000000000000,1.255159280467290000000000,0.627580112738370000000000
3,ERR-only,0.000183031250000000000000,certified_conditional,,9,,,,,,,,,,,,,,,,,,585.240494846072290355896673,,,0.000000047862431594587073,0.020138704339987612391410,,,,,,0.000998848347054795915841,0.000001151652945204084159,,0.090857808667942193490436,0.091647919368458367286588,0.091647919368458367286588,,,0.083543859665831411864662,0.000000285919005347905903,0.007069636400433466846999,,,,0.000144026682671016223902,,,,,,,,,,,60.001202025020190000000000,,,,,False,133,100,0.069731001303040000000000,0.627579011727360000000000,0.000004000000000000000000,0.000000032543125059996320,0.000811784553929735919521,0.752123516940000000000000,0.000002082057951463515238,True,0.001151652945204084159338,two-mode,False,0.427458974445501575789445,1043,60.000000000000000000000000,1.255159280467290000000000,0.627580112738370000000000
3,ERR-only,0.000188204393903349216245,certified_conditional,,9,,,,,,,,,,,,,,,,,,584.973637212211905337860992,,,0.000000047862389919135579,0.020129278694742256205067,,,,,,0.000997759087990717297835,0.000002240912009282702165,,0.091549261201582311071802,0.092340454212993241769012,0.092340454212993241769012,,,0.084176767693602861954546,0.000000288085058389915155,0.007123194251239589923797,,,,0.000149011171680518629333,,,,,,,,,,,60.001202019020130000000000,,,,,False,132,100,0.069206708060160000000000,0.622860372541440000000000,0.000004000000000000000000,0.000000032298439909169280,0.000805522395647458912310,0.757807576000000000000000,0.000002260210829945839405,True,0.002240912009282702165592,two-mode,False,0.431143103535539897333875,1043,60.000000000000000000000000,1.245722002095450000000000,0.622861473552450000000000
3,ERR-only,0.000195882415786868617148,certified_conditional,,9,,,,,,,,,,,,,,,,,,584.706781781671035406103553,,,0.000000047862348039109862,0.020119853129604292500258,,,,,,0.000999177109948400637711,0.000000822890051599362289,,0.092253182421291919584690,0.093045476101847681233814,0.093045476101847681233814,,,0.084819338439355555557252,0.000000290284180944016152,0.007177569779157256864363,,,,0.000155983918597212497951,,,,,,,,,,,60.001202013020070000000000,,,,,False,131,100,0.068682414817280000000000,0.618141733355520000000000,0.000004000000000000000000,0.000000032053754758342240,0.000799262640406773678323,0.763607634000000000000000,0.000002480293008497603467,True,0.000822890051599362289848,two-mode,False,0.434891304435839754905164,1043,60.000000000000000000000000,1.236284723723610000000000,0.618142834366530000000000
3,ERR-only,0.000197812500000000000000,certified_conditional,,9,,,,,,,,,,,,,,,,,,558.261869274771806165929016,,,0.000000047862431594587073,0.019185748701360565105076,,,,,,0.000997482728183298531820,0.000002517271816701468180,,0.097938844694268664477875,0.098899923209845943030625,0.098899923209845943030625,,,0.083543859665831411864662,0.000000571838001103325424,0.014139272563683012279907,,,,0.000155140626752186358912,,,,,,,,,,,120.002402037020250000000000,,,,,False,133,100,0.069731001303040000000000,0.627579011727360000000000,0.000004000000000000000000,0.000000032543125059996320,0.000795637685058238535500,0.752123516940000000000000,0.000002082057951463515238,True,0.002517271816701468180431,two-mode,False,0.434891304435839754905164,1043,120.000000000000000000000000,1.255159280467290000000000,0.627580112738370000000000
3,ERR-only,0.000200000000000000000000,certified_conditional,,9,,,,,,,,,,,,,,,,,,558.261869274771806165929016,,,0.000000047862431594587073,0.019185748701360565105076,,,,,,0.000999670228183298531820,0.000000329771816701468180,,0.097940489464005835533796,0.098901567979583114086546,0.098901567979583114086546,,,0.083543859665831411864662,0.000000571838001103325424,0.014139272563683012279907,,,,0.000156785396489357414833,,,,,,,,,,,120.002402037020250000000000,,,,,False,133,100,0.069731001303040000000000,0.627579011727360000000000,0.000004000000000000000000,0.000000032543125059996320,0.000795637685058238535500,0.752123516940000000000000,0.000002082057951463515238,True,0.000329771816701468180431,two-mode,False,0.436789956420271123805905,1043,120.000000000000000000000000,1.255159280467290000000000,0.627580112738370000000000
3,ERR-only,0.000203560437670388018050,certified_conditional,,9,,,,,,,,,,,,,,,,,,558.015056442969177466923875,,,0.000000047862389919135579,0.019177031090966562583762,,,,,,0.000997101574646856149983,0.000002898425353143850017,,0.098684376898762034947391,0.099647749146076315775145,0.099647749146076315775145,,,0.084176767693602861954546,0.000000576170107143481794,0.014246388264210722822106,,,,0.000160644770840356039974,,,,,,,,,,,120.002402031020190000000000,,,,,False,132,100,0.069206708060160000000000,0.622860372541440000000000,0.000004000000000000000000,0.000000032298439909169280,0.000789508838536558962653,0.757807576000000000000000,0.000002260210829945839405,True,0.002898425353143850017733,two-mode,False,0.438705263246671188925073,1043,120.000000000000000000000000,1.245722002095450000000000,0.622861473552450000000000
3,ERR-only,0.000211238459553907418953,certified_conditional,,9,,,,,,,,,,,,,,,,,,557.768243935213606762404580,,,0.000000047862348039109862,0.019168313494299132669776,,,,,,0.000998652726852272180464,0.000001347273147727819536,,0.099442764650511183337192,0.100408467344225021307691,0.100408467344225021307691,,,0.084819338439355555557252,0.000000580568352207152001,0.014355139318944963296248,,,,0.000167706323857506682720,,,,,,,,,,,120.002402025020130000000000,,,,,False,131,100,0.068682414817280000000000,0.618141733355520000000000,0.000004000000000000000000,0.000000032053754758342240,0.000783382213543606419271,0.763607634000000000000000,0.000002480293008497603467,True,0.001347273147727819536850,two-mode,False,0.442586725753269550980732,1043,120.000000000000000000000000,1.236284723723610000000000,0.618142834366530000000000
3,ERR-only,0.000212593750000000000000,certified_conditional,,7,,,,,,,,,,,,,,,,,,579.282579445420450220349087,,,0.000000047861441850800368,0.019928266213147850632248,,,,,,0.000997279743710211247180,0.000002720256289788752820,,0.107482639909814253689113,0.108197414874654531059718,0.108197414874654531059718,,,0.100605633822937826963783,0.000000267797378489405962,0.006621560859886465331249,,,,0.000155177429610521339148,,,,,,,,,,,60.001202079020730000000000,,,,,False,142,100,0.074449640488960000000000,0.521147483422720000000000,0.000004000000000000000000,0.000000034745291417439680,0.000780651248418793807500,0.704453041640000000000000,0.000001301019931456108912,True,0.002720256289788752820848,two-mode,False,0.444553333423279387755599,1045,60.000000000000000000000000,1.042296223858010000000000,0.521148584433730000000000
3,ERR-only,0.000218916481437426819855,certified_conditional,,7,,,,,,,,,,,,,,,,,,579.128119092753832790492714,,,0.000000047861405865454897,0.019922810670508785569206,,,,,,0.000998028459513235171718,0.000001971540486764828282,,0.108248684463261144679318,0.108964459672718031182574,0.108964459672718031182574,,,0.101319148956433839920973,0.000000269696650650304695,0.006668522283757821676083,,,,0.000160743526417882128596,,,,,,,,,,,60.001202073020670000000000,,,,,False,141,100,0.073925347246080000000000,0.517477430722560000000000,0.000004000000000000000000,0.000000034500606266612640,0.000775077477469541739223,0.709445091720000000000000,0.000001350270067353639042,True,0.001971540486764828282727,two-mode,False,0.448539461974151343909141,1043,60.000000000000000000000000,1.034956118457690000000000,0.517478531733570000000000
3,ERR-only,0.000226594503320946220758,certified_conditional,,7,,,,,,,,,,,,,,,,,,578.729478513185666730488041,,,0.000000047861333523522807,0.019908730448679210230726,,,,,,0.000994518044672488972831,0.000005481955327511027169,,0.109810266471497132340151,0.110528056276959563277962,0.110528056276959563277962,,,0.102776978437821377186023,0.000000273577177943076207,0.006764472243322319531716,,,,0.000168542213174541897234,,,,,,,,,,,60.001202061020550000000000,,,,,False,139,100,0.072876760760320000000000,0.510137325322240000000000,0.000004000000000000000000,0.000000034011235964958560,0.000763889530115577793513,0.719651193660000000000000,0.000001466681894845374573,True,0.005481955327511027169848,two-mode,False,0.452597737648116005151436,1043,60.000000000000000000000000,1.020275907657050000000000,0.510138426333250000000000
3,ERR-only,0.000227375000000000000000,certified_conditional,,7,,,,,,,,,,,,,,,,,,578.729478513185666730488041,,,0.000000047861333523522807,0.019908730448679210230726,,,,,,0.000995298541351542752073,0.000004701458648457247927,,0.109810827991129609650377,0.110528617796592040588189,0.110528617796592040588189,,,0.102776978437821377186023,0.000000273577177943076207,0.006764472243322319531716,,,,0.000169103732807019207461,,,,,,,,,,,60.001202061020550000000000,,,,,False,139,100,0.072876760760320000000000,0.510137325322240000000000,0.000004000000000000000000,0.000000034011235964958560,0.000763889530115577793513,0.719651193660000000000000,0.000001466681894845374573,True,0.004701458648457247927348,two-mode,False,0.452597737648116005151436,1043,60.000000000000000000000000,1.020275907657050000000000,0.510138426333250000000000
3,ERR-only,0.000234272525204465621660,certified_conditional,,7,,,,,,,,,,,,,,,,,,578.530156974993433378336388,,,0.000000047861297166936748,0.019901690295736481229223,,,,,,0.000996603940474859770721,0.000003396059525140229279,,0.110610813140721130634642,0.111329633658145007931005,0.111329633658145007931005,,,0.103521739151138923397516,0.000000275559621233948610,0.006813490157447660827528,,,,0.000175308272512361812018,,,,,,,,,,,60.001202055020490000000000,,,,,False,138,100,0.072352467517440000000000,0.506467272622080000000000,0.000004000000000000000000,0.000000033766550814131520,0.000758297648719580017541,0.724869245480000000000000,0.000001536155086732027241,True,0.003396059525140229279980,two-mode,False,0.456730137078682760662996,1043,60.000000000000000000000000,1.012935802256730000000000,0.506468373633090000000000
3,ERR-only,0.000241950547087985022563,certified_conditional,,7,,,,,,,,,,,,,,,,,,578.330834638377519354282424,,,0.000000047861260686604390,0.019894650115970735219486,,,,,,0.000998691231159102438594,0.000001308768840897561406,,0.111423046622634530364090,0.112142913917092143548819,0.112142913917092143548819,,,0.104277372283628988531804,0.000000277571005302789953,0.006863223661560233383133,,,,0.000182173106439055010229,,,,,,,,,,,60.001202049020430000000000,,,,,False,137,100,0.071828174274560000000000,0.502797219921920000000000,0.000004000000000000000000,0.000000033521865663304480,0.000752707162205454111551,0.730191296260000000000000,0.000001615212258504321052,True,0.001308768840897561406916,two-mode,False,0.460938709770642451760023,1043,60.000000000000000000000000,1.005595696856410000000000,0.502798320932930000000000
3,ERR-only,0.000242156250000000000000,certified_conditional,,7,,,,,,,,,,,,,,,,,,578.330834638377519354282424,,,0.000000047861260686604390,0.019894650115970735219486,,,,,,0.000998896934071117416031,0.000001103065928882583969,,0.111423196773748482450755,0.112143064068206095635484,0.112143064068206095635484,,,0.104277372283628988531804,0.000000277571005302789953,0.006863223661560233383133,,,,0.000182323257553007096894,,,,,,,,,,,60.001202049020430000000000,,,,,False,137,100,0.071828174274560000000000,0.502797219921920000000000,0.000004000000000000000000,0.000000033521865663304480,0.000752707162205454111551,0.730191296260000000000000,0.000001615212258504321052,True,0.001103065928882583969416,two-mode,False,0.460938709770642451760023,1043,60.000000000000000000000000,1.005595696856410000000000,0.502798320932930000000000
3,ERR-only,0.000242937500000000000000,certified_conditional,,7,,,,,,,,,,,,,,,,,,578.330834638377519354282424,,,0.000000047861260686604390,0.019894650115970735219486,,,,,,0.000999678184071117416031,0.000000321815928882583969,,0.111423767040628158546786,0.112143634335085771731515,0.112143634335085771731515,,,0.104277372283628988531804,0.000000277571005302789953,0.006863223661560233383133,,,,0.000182893524432683192925,,,,,,,,,,,60.001202049020430000000000,,,,,False,137,100,0.071828174274560000000000,0.502797219921920000000000,0.000004000000000000000000,0.000000033521865663304480,0.000752707162205454111551,0.730191296260000000000000,0.000001615212258504321052,True,0.000321815928882583969416,two-mode,False,0.460938709770642451760023,1043,60.000000000000000000000000,1.005595696856410000000000,0.502798320932930000000000
3,ERR-only,0.000249628568971504423465,certified_conditional,,7,,,,,,,,,,,,,,,,,,577.923202799332411845730899,,,0.000000047861187354701905,0.019880252310368015453424,,,,,,0.000995187729976683865308,0.000004812270023316134692,,0.113077925314957115965759,0.113799932641966304714016,0.113799932641966304714016,,,0.105822222243386455028572,0.000000281683168287976699,0.006964901047745937274593,,,,0.000190520340655485036925,,,,,,,,,,,60.001202037020310000000000,,,,,False,135,100,0.070779587788800000000000,0.495457114521600000000000,0.000004000000000000000000,0.000000033032495361650400,0.000741526128509817791443,0.741007404100000000000000,0.000001811280800414477922,True,0.004812270023316134692246,two-mode,False,0.465225581489429299900715,1043,60.000000000000000000000000,0.990915486055770000000000,0.495458215532610000000000
3,ERR-only,0.000256937500000000000000,certified_conditional,,7,,,,,,,,,,,,,,,,,,577.718397063571672915072571,,,0.000000047861150503132349,0.019873018446736575180801,,,,,,0.000996907575332308166109,0.000003092424667691833891,,0.113926478966992043382849,0.114649581516532203342240,0.114649581516532203342240,,,0.106611940319829637528785,0.000000283785281455777386,0.007016877920534897845973,,,,0.000197376941345101581734,,,,,,,,,,,60.001202031020250000000000,,,,,False,134,100,0.070255294545920000000000,0.491787061821440000000000,0.000004000000000000000000,0.000000032787810210823360,0.000735937287522097342749,0.746509461080000000000000,0.000001934894178060579284,True,0.003092424667691833891684,two-mode,False,0.471807547265208163437486,1043,60.000000000000000000000000,0.983575380655450000000000,0.491788162832450000000000
3,ERR-only,0.000257306590855023824368,certified_conditional,,7,,,,,,,,,,,,,,,,,,577.718397063571672915072571,,,0.000000047861150503132349,0.019873018446736575180801,,,,,,0.000997276666187331990476,0.000002723333812668009524,,0.113926754413437502146844,0.114649856962977662106235,0.114649856962977662106235,,,0.106611940319829637528785,0.000000283785281455777386,0.007016877920534897845973,,,,0.000197652387790560345729,,,,,,,,,,,60.001202031020250000000000,,,,,False,134,100,0.070255294545920000000000,0.491787061821440000000000,0.000004000000000000000000,0.000000032787810210823360,0.000735937287522097342749,0.746509461080000000000000,0.000001934894178060579284,True,0.002723333812668009524184,two-mode,False,0.471807547265208163437486,1043,60.000000000000000000000000,0.983575380655450000000000,0.491788162832450000000000
3,ERR-only,0.000264984612738543225270,certified_conditional,,7,,,,,,,,,,,,,,,,,,577.513592609609084771649928,,,0.000000047861113527817630,0.019865784629760982732478,,,,,,0.000999367036649149848282,0.000000632963350850151718,,0.114788347859263458044939,0.115512563179252267718759,0.115512563179252267718759,,,0.107413533856068958111708,0.000000285919005347905903,0.007069636400433466846999,,,,0.000204891683754734531358,,,,,,,,,,,60.001202025020190000000000,,,,,False,133,100,0.069731001303040000000000,0.488117009121280000000000,0.000004000000000000000000,0.000000032543125059996320,0.000730349880785546626692,0.752123516940000000000000,0.000002082057951463515238,True,0.000632963350850151718507,two-mode,False,0.476300000096295324264170,1043,60.000000000000000000000000,0.976235275255130000000000,0.488118110132290000000000
3,ERR-only,0.000271718750000000000000,certified_conditional,,7,,,,,,,,,,,,,,,,,,577.103987654452128608890920,,,0.000000047861039205953854,0.019851317139570050904751,,,,,,0.000994930173816108038871,0.000005069826183891961129,,0.116544415306491034586643,0.117270910418569504872826,0.117270910418569504872826,,,0.109053435136314285716467,0.000000290284180944016152,0.007177569779157256864363,,,,0.000213120106837597340690,,,,,,,,,,,60.001202013020070000000000,,,,,False,131,100,0.068682414817280000000000,0.480776903720960000000000,0.000004000000000000000000,0.000000032053754758342240,0.000719179370061349696631,0.763607634000000000000000,0.000002480293008497603467,True,0.005069826183891961129813,two-mode,False,0.480878846251057238183676,1043,60.000000000000000000000000,0.961555064454490000000000,0.480778004731970000000000
3,ERR-only,0.000272662634622062626173,certified_conditional,,7,,,,,,,,,,,,,,,,,,577.103987654452128608890920,,,0.000000047861039205953854,0.019851317139570050904751,,,,,,0.000995874058438170665043,0.000004125941561829334957,,0.116545135843513892484534,0.117271630955592362770717,0.117271630955592362770717,,,0.109053435136314285716467,0.000000290284180944016152,0.007177569779157256864363,,,,0.000213840643860455238581,,,,,,,,,,,60.001202013020070000000000,,,,,False,131,100,0.068682414817280000000000,0.480776903720960000000000,0.000004000000000000000000,0.000000032053754758342240,0.000719179370061349696631,0.763607634000000000000000,0.000002480293008497603467,True,0.004125941561829334957313,two-mode,False,0.480878846251057238183676,1043,60.000000000000000000000000,0.961555064454490000000000,0.480778004731970000000000
3,ERR-only,0.000280340656505582027075,certified_conditional,,7,,,,,,,,,,,,,,,,,,550.942944994864003606874096,,,0.000000047861076428758036,0.018927240253483272899183,,,,,,0.000996955721289524242294,0.000003044278710475757706,,0.122792294648838097232970,0.123687302945556669382853,0.123687302945556669382853,,,0.108227272748917965370130,0.000000576170107143481794,0.014246388264210722822106,,,,0.000218057465601314909969,,,,,,,,,,,120.002402031020190000000000,,,,,False,132,100,0.069206708060160000000000,0.484446956421120000000000,0.000004000000000000000000,0.000000032298439909169280,0.000712582766344033045939,0.757807576000000000000000,0.000002260210829945839405,True,0.003044278710475757706927,two-mode,False,0.485546602039892198975405,1043,120.000000000000000000000000,0.968895169854810000000000,0.484448057432130000000000
3,ERR-only,0.000286500000000000000000,certified_conditional,,7,,,,,,,,,,,,,,,,,,550.753635460438766893918895,,,0.000000047861039205953854,0.018920553760363436389601,,,,,,0.000997629666518788102973,0.000002370333481211897027,,0.123733558753066764673127,0.124630942304821113838557,0.124630942304821113838557,,,0.109053435136314285716467,0.000000580568352207152001,0.014355139318944963296248,,,,0.000224403729454357859440,,,,,,,,,,,120.002402025020130000000000,,,,,False,131,100,0.068682414817280000000000,0.480776903720960000000000,0.000004000000000000000000,0.000000032053754758342240,0.000707097612764029760733,0.763607634000000000000000,0.000002480293008497603467,True,0.002370333481211897027391,two-mode,False,0.490305882452037649194422,1043,120.000000000000000000000000,0.961555064454490000000000,0.480778004731970000000000
3,ERR-only,0.000288018678389101427978,certified_conditional,,7,,,,,,,,,,,,,,,,,,550.753635460438766893918895,,,0.000000047861039205953854,0.018920553760363436389601,,,,,,0.000999148344907889530951,0.000000851655092110469049,,0.123734718072733156237036,0.124632101624487505402467,0.124632101624487505402467,,,0.109053435136314285716467,0.000000580568352207152001,0.014355139318944963296248,,,,0.000225563049120749423349,,,,,,,,,,,120.002402025020130000000000,,,,,False,131,100,0.068682414817280000000000,0.480776903720960000000000,0.000004000000000000000000,0.000000032053754758342240,0.000707097612764029760733,0.763607634000000000000000,0.000002480293008497603467,True,0.000851655092110469049891,two-mode,False,0.490305882452037649194422,1043,120.000000000000000000000000,0.961555064454490000000000,0.480778004731970000000000
3,ERR-only,0.000295696700272620828880,certified_conditional,,5,,,,,,,,,,,,,,,,,,571.183489093700781130695599,,,0.000000047859882540786052,0.019642202534075860809339,,,,,,0.000995248539293688328500,0.000004751460706311671500,,0.147782662512844288008003,0.148432817570150772578358,0.148432817570150772578358,,,0.140847887352112957749296,0.000000267797378489405962,0.006621560859886465331249,,,,0.000212946503465424872525,,,,,,,,,,,60.001202079020730000000000,,,,,False,142,100,0.074449640488960000000000,0.372248202444800000000000,0.000004000000000000000000,0.000000034745291417439680,0.000695517093729650059940,0.704453041640000000000000,0.000001301019931456108912,True,0.004751460706311671500830,two-mode,False,0.497622388160261251769927,1043,60.000000000000000000000000,0.744497661902170000000000,0.372249303455810000000000
3,ERR-only,0.000301281250000000000000,certified_conditional,,5,,,,,,,,,,,,,,,,,,571.043080905781737821667257,,,0.000000047859853263619887,0.019637243275884105636637,,,,,,0.000995885342252414868103,0.000004114657747585131897,,0.148834004642579727322687,0.149485178904148596490783,0.149485178904148596490783,,,0.141846808539007375889362,0.000000269696650650304695,0.006668522283757821676083,,,,0.000218404123162928803576,,,,,,,,,,,60.001202073020670000000000,,,,,False,141,100,0.073925347246080000000000,0.369626736230400000000000,0.000004000000000000000000,0.000000034500606266612640,0.000690569591646148255463,0.709445091720000000000000,0.000001350270067353639042,True,0.004114657747585131897236,two-mode,False,0.500110000101057276645599,1043,60.000000000000000000000000,0.739254729473370000000000,0.369627837241410000000000
3,ERR-only,0.000303374722156140229783,certified_conditional,,5,,,,,,,,,,,,,,,,,,571.043080905781737821667257,,,0.000000047859853263619887,0.019637243275884105636637,,,,,,0.000997978814408555097886,0.000002021185591444902114,,0.148835489404300296153329,0.149486663665869165321425,0.149486663665869165321425,,,0.141846808539007375889362,0.000000269696650650304695,0.006668522283757821676083,,,,0.000219888884883497634218,,,,,,,,,,,60.001202073020670000000000,,,,,False,141,100,0.073925347246080000000000,0.369626736230400000000000,0.000004000000000000000000,0.000000034500606266612640,0.000690569591646148255463,0.709445091720000000000000,0.000001350270067353639042,True,0.002021185591444902114736,two-mode,False,0.502622613166886427399418,1043,60.000000000000000000000000,0.739254729473370000000000,0.369627837241410000000000
3,ERR-only,0.000311052744039659630685,certified_conditional,,5,,,,,,,,,,,,,,,,,,570.669852750869828578567018,,,0.000000047859794519897216,0.019624060535800397082212,,,,,,0.000995731335484290163949,0.000004268664515709836051,,0.150981065085084159780453,0.151634300161210311739598,0.151634300161210311739598,,,0.143887769812949928060432,0.000000273577177943076207,0.006764472243322319531716,,,,0.000228549451633018463127,,,,,,,,,,,60.001202061020550000000000,,,,,False,139,100,0.072876760760320000000000,0.364383803801600000000000,0.000004000000000000000000,0.000000034011235964958560,0.000680644580208665574704,0.719651193660000000000000,0.000001466681894845374573,True,0.004268664515709836051293,two-mode,False,0.507724365584813637051843,1047,60.000000000000000000000000,0.728768864615770000000000,0.364384904812610000000000
3,ERR-only,0.000316062500000000000000,certified_conditional,,5,,,,,,,,,,,,,,,,,,570.582227401746916613737029,,,0.000000047859765053340942,0.019620965707680361274972,,,,,,0.000995813892113101353779,0.000004186107886898646221,,0.152078022783190202569543,0.152732336428915134648694,0.152732336428915134648694,,,0.144930434811594492756522,0.000000275559621233948610,0.006813490157447660827528,,,,0.000233822254525864387912,,,,,,,,,,,60.001202055020490000000000,,,,,False,138,100,0.072352467517440000000000,0.361762337587200000000000,0.000004000000000000000000,0.000000033766550814131520,0.000675717625562287222259,0.724869245480000000000000,0.000001536155086732027241,True,0.004186107886898646221398,two-mode,False,0.512930769334390635620214,1044,60.000000000000000000000000,0.723525932186970000000000,0.361763438598210000000000
3,ERR-only,0.000318730765923179031588,certified_conditional,,5,,,,,,,,,,,,,,,,,,570.582227401746916613737029,,,0.000000047859765053340942,0.019620965707680361274972,,,,,,0.000998482158036280385367,0.000001517841963719614633,,0.152079956347892399057723,0.152734269993617331136874,0.152734269993617331136874,,,0.144930434811594492756522,0.000000275559621233948610,0.006813490157447660827528,,,,0.000235755819228060876092,,,,,,,,,,,60.001202055020490000000000,,,,,False,138,100,0.072352467517440000000000,0.361762337587200000000000,0.000004000000000000000000,0.000000033766550814131520,0.000675717625562287222259,0.724869245480000000000000,0.000001536155086732027241,True,0.001517841963719614633898,two-mode,False,0.512930769334390635620214,1044,60.000000000000000000000000,0.723525932186970000000000,0.361763438598210000000000
3,ERR-only,0.000326408787806698432490,certified_conditional,,5,,,,,,,,,,,,,,,,,,570.328442563736301767290195,,,0.000000047859705930839102,0.019612002022268167309602,,,,,,0.000996280393775585969235,0.000003719606224414030765,,0.154320573653158143542863,0.154977073354394678474786,0.154977073354394678474786,,,0.147061764735294411767648,0.000000279611968549114257,0.006913688540733284946909,,,,0.000244840765160947065078,,,,,,,,,,,60.001202043020370000000000,,,,,False,136,100,0.071303881031680000000000,0.356519405158400000000000,0.000004000000000000000000,0.000000033277180512477440,0.000665838328788375059305,0.735545350720000000000000,0.000001705983534549743511,True,0.003719606224414030765695,two-mode,False,0.520943750105223984979349,1043,60.000000000000000000000000,0.713040067329370000000000,0.356520506169410000000000
3,ERR-only,0.000330843750000000000000,certified_conditional,,5,,,,,,,,,,,,,,,,,,570.184117805021624378966098,,,0.000000047859676274893769,0.019606904424771332052527,,,,,,0.000995770531125954040576,0.000004229468874045959424,,0.155466219507827810049592,0.156123832873089221744703,0.156123832873089221744703,,,0.148151111140741037040001,0.000000281683168287976699,0.006964901047745937274593,,,,0.000249925636171597109329,,,,,,,,,,,60.001202037020310000000000,,,,,False,135,100,0.070779587788800000000000,0.353897938944000000000000,0.000004000000000000000000,0.000000033032495361650400,0.000660893748630592390176,0.741007404100000000000000,0.000001811280800414477922,True,0.004229468874045959424116,two-mode,False,0.523670680734041616960206,1043,60.000000000000000000000000,0.707797134900570000000000,0.353899039955010000000000
3,ERR-only,0.000334086809690217833393,certified_conditional,,5,,,,,,,,,,,,,,,,,,570.184117805021624378966098,,,0.000000047859676274893769,0.019606904424771332052527,,,,,,0.000999013590816171873969,0.000000986409183828126031,,0.155468621822310817646757,0.156126235187572229341868,0.156126235187572229341868,,,0.148151111140741037040001,0.000000281683168287976699,0.006964901047745937274593,,,,0.000252327950654604706495,,,,,,,,,,,60.001202037020310000000000,,,,,False,135,100,0.070779587788800000000000,0.353897938944000000000000,0.000004000000000000000000,0.000000033032495361650400,0.000660893748630592390176,0.741007404100000000000000,0.000001811280800414477922,True,0.000986409183828126031616,two-mode,False,0.526426315895794171382967,1043,60.000000000000000000000000,0.707797134900570000000000,0.353899039955010000000000
3,ERR-only,0.000341764831573737234295,certified_conditional,,5,,,,,,,,,,,,,,,,,,569.895470237237717997531932,,,0.000000047859616773614866,0.019596709300755344579511,,,,,,0.000996804128555117310665,0.000003195871444882689335,,0.157810736743100126572750,0.158470629305152779160981,0.158470629305152779160981,,,0.150378947398496541356392,0.000000285919005347905903,0.007069636400433466846999,,,,0.000261867025163819814486,,,,,,,,,,,60.001202025020190000000000,,,,,False,133,100,0.069731001303040000000000,0.348655006515200000000000,0.000004000000000000000000,0.000000032543125059996320,0.000651006753856320080050,0.752123516940000000000000,0.000002082057951463515238,True,0.003195871444882689335408,two-mode,False,0.532025532022333936220705,1043,60.000000000000000000000000,0.697311270042970000000000,0.348656107526210000000000
3,ERR-only,0.000345625000000000000000,certified_conditional,,5,,,,,,,,,,,,,,,,,,569.751147447466634708332955,,,0.000000047859586928281531,0.019591611774917850733917,,,,,,0.000995721637676359735374,0.000004278362323640264626,,0.159008425174494399687825,0.159669484055200878380821,0.159669484055200878380821,,,0.151518181848485151518182,0.000000288085058389915155,0.007123194251239589923797,,,,0.000266760989710317681720,,,,,,,,,,,60.001202019020130000000000,,,,,False,132,100,0.069206708060160000000000,0.346033540300800000000000,0.000004000000000000000000,0.000000032298439909169280,0.000646064339236450566094,0.757807576000000000000000,0.000002260210829945839405,True,0.004278362323640264626355,two-mode,False,0.534870053583945046699770,1043,60.000000000000000000000000,0.692068337614170000000000,0.346034641311810000000000
3,ERR-only,0.000349442853457256635198,certified_conditional,,5,,,,,,,,,,,,,,,,,,569.751147447466634708332955,,,0.000000047859586928281531,0.019591611774917850733917,,,,,,0.000999539491133616370572,0.000000460508866383629428,,0.159011317545566437080747,0.159672376426272915773743,0.159672376426272915773743,,,0.151518181848485151518182,0.000000288085058389915155,0.007123194251239589923797,,,,0.000269653360782355074642,,,,,,,,,,,60.001202019020130000000000,,,,,False,132,100,0.069206708060160000000000,0.346033540300800000000000,0.000004000000000000000000,0.000000032298439909169280,0.000646064339236450566094,0.757807576000000000000000,0.000002260210829945839405,True,0.000460508866383629428855,two-mode,False,0.537745161398906814280760,1043,60.000000000000000000000000,0.692068337614170000000000,0.346034641311810000000000
3,ERR-only,0.000357120875340776036100,certified_conditional,,5,,,,,,,,,,,,,,,,,,543.964071201626836103293254,,,0.000000047859586928281531,0.018680744775884361490955,,,,,,0.000998707692758657026663,0.000001292307241342973337,,0.166140616443166242251016,0.166968698564124969957963,0.166968698564124969957963,,,0.151518181848485151518182,0.000000576170107143481794,0.014246388264210722822106,,,,0.000275470160362273779963,,,,,,,,,,,120.002402031020190000000000,,,,,False,132,100,0.069206708060160000000000,0.346033540300800000000000,0.000004000000000000000000,0.000000032298439909169280,0.000637554518977971821283,0.757807576000000000000000,0.000002260210829945839405,True,0.001292307241342973337354,two-mode,False,0.543589130544535624472555,1043,120.000000000000000000000000,0.692068337614170000000000,0.346034641311810000000000
3,ERR-only,0.000360406250000000000000,certified_conditional,,5,,,,,,,,,,,,,,,,,,543.668372157851670178625302,,,0.000000047859557019819097,0.018670300245417540719247,,,,,,0.000997066021850373581188,0.000002933978149626418812,,0.167410595619638053370251,0.168241045328979209383168,0.168241045328979209383168,,,0.152674809190840000003054,0.000000580568352207152001,0.014355139318944963296248,,,,0.000280066541499932269978,,,,,,,,,,,120.002402025020130000000000,,,,,False,131,100,0.068682414817280000000000,0.343412074086400000000000,0.000004000000000000000000,0.000000032053754758342240,0.000632627718095615238948,0.763607634000000000000000,0.000002480293008497603467,True,0.002933978149626418812280,two-mode,False,0.546559016503789609979861,1048,120.000000000000000000000000,0.686825405185370000000000,0.343413175097410000000000
3,ERR-only,0.000364798897224295437003,certified_conditional,,3,,,,,,,,,,,,,,,,,,563.490491984674655285859344,,,0.000000047858198170690486,0.019370484524827547052370,,,,,,0.000998865339245137380788,0.000001134660754862619212,,0.235109217238961164194425,0.235692360367427583838752,0.235692360367427583838752,,,0.228315068538813242013699,0.000000260460464114427295,0.006440148236164239451204,,,,0.000253740003518617653256,,,,,,,,,,,60.001202103020970000000000,,,,,False,146,100,0.076546813460480000000000,0.229640440381440000000000,0.000004000000000000000000,0.000000035724032020747840,0.000630030717988821195946,0.685206850000000000000000,0.000001145938366104707132,True,0.001134660754862619212401,two-mode,False,0.552597237680615392668748,1043,60.000000000000000000000000,0.459282137775450000000000,0.229641541392450000000000
3,ERR-only,0.000372476919107814837905,certified_conditional,,3,,,,,,,,,,,,,,,,,,563.233119221502490839670364,,,0.000000047858158909589930,0.019361393883117212217221,,,,,,0.000997856720904915988132,0.000002143279095084011868,,0.238378550474380297782056,0.238963663114307230588898,0.238963663114307230588898,,,0.231486111157407870375001,0.000000264077970507645944,0.006529594738138392489281,,,,0.000262580500862576622859,,,,,,,,,,,60.001202091020850000000000,,,,,False,144,100,0.075498226974720000000000,0.226494680924160000000000,0.000004000000000000000000,0.000000035234661719093760,0.000621344567135382056467,0.694680943360000000000000,0.000001216265306161257371,True,0.002143279095084011868250,two-mode,False,0.558770391174241751507107,1046,60.000000000000000000000000,0.452990618860890000000000,0.226495781935170000000000
3,ERR-only,0.000375187500000000000000,certified_conditional,,3,,,,,,,,,,,,,,,,,,563.084330213736189950950640,,,0.000000047858139244952977,0.019356138485291365218481,,,,,,0.000996220248723302987929,0.000003779751276697012071,,0.240046721669651323167270,0.240632837114004557547137,0.240632837114004557547137,,,0.233104895151515617720280,0.000000265924669575512806,0.006575256239146176907321,,,,0.000266304354319002377892,,,,,,,,,,,60.001202085020790000000000,,,,,False,143,100,0.074973933731840000000000,0.224921801195520000000000,0.000004000000000000000000,0.000000034989976568266720,0.000616997758746734721209,0.699560990560000000000000,0.000001256575208433975345,True,0.003779751276697012071393,two-mode,False,0.561908988877461894624363,1048,60.000000000000000000000000,0.449844859403610000000000,0.224922902206530000000000
3,ERR-only,0.000380154940991334238808,certified_conditional,,3,,,,,,,,,,,,,,,,,,563.118024489296011915766191,,,0.000000047858119557591611,0.019357328874711985948837,,,,,,0.000996879952340363891227,0.000003120047659636108773,,0.241739977603754899921450,0.242327137664206540784862,0.242327137664206540784862,,,0.234746478920188262915494,0.000000267797378489405962,0.006621560859886465331249,,,,0.000271670026300731619775,,,,,,,,,,,60.001202079020730000000000,,,,,False,142,100,0.074449640488960000000000,0.223348921466880000000000,0.000004000000000000000000,0.000000034745291417439680,0.000612690266057612212739,0.704453041640000000000000,0.000001301019931456108912,True,0.003120047659636108773936,two-mode,False,0.565083050961509383991531,1044,60.000000000000000000000000,0.446699099946330000000000,0.223350022477890000000000
3,ERR-only,0.000387832962874853639710,certified_conditional,,3,,,,,,,,,,,,,,,,,,562.982639154719381569272799,,,0.000000047858080114695754,0.019352547150158523637969,,,,,,0.000995899613282002720351,0.000004100386717997279649,,0.245197445508254490693399,0.245786708936556435114742,0.245786708936556435114742,,,0.238100000047619523814286,0.000000271623055270644839,0.006716154585113054540129,,,,0.000281019252465691045174,,,,,,,,,,,60.001202067020610000000000,,,,,False,140,100,0.073401054003200000000000,0.220203162009600000000000,0.000004000000000000000000,0.000000034255921115785600,0.000604032394486033295041,0.714537140800000000000000,0.000001405149505943672276,True,0.004100386717997279649751,two-mode,False,0.571540000115343133789885,1043,60.000000000000000000000000,0.440407581031770000000000,0.220204263020610000000000
3,ERR-only,0.000389968750000000000000,certified_conditional,,3,,,,,,,,,,,,,,,,,,562.982639154719381569272799,,,0.000000047858080114695754,0.019352547150158523637969,,,,,,0.000998035400407149080641,0.000001964599592850919359,,0.245198971100998287854052,0.245788234529300232275395,0.245788234529300232275395,,,0.238100000047619523814286,0.000000271623055270644839,0.006716154585113054540129,,,,0.000282544845209488205827,,,,,,,,,,,60.001202067020610000000000,,,,,False,140,100,0.073401054003200000000000,0.220203162009600000000000,0.000004000000000000000000,0.000000034255921115785600,0.000604032394486033295041,0.714537140800000000000000,0.000001405149505943672276,True,0.001964599592850919359751,two-mode,False,0.574824138047034437566633,1043,60.000000000000000000000000,0.440407581031770000000000,0.220204263020610000000000
3,ERR-only,0.000395510984758373040613,certified_conditional,,3,,,,,,,,,,,,,,,,,,562.897222299757800602724683,,,0.000000047858060359161319,0.019349530223581820964935,,,,,,0.000999245063784545995594,0.000000754936215454004406,,0.246966252198842588386633,0.247556587569731500576981,0.247556587569731500576981,,,0.239812949688249880100720,0.000000273577177943076207,0.006764472243322319531716,,,,0.000288556690091495029020,,,,,,,,,,,60.001202061020550000000000,,,,,False,139,100,0.072876760760320000000000,0.218630282280960000000000,0.000004000000000000000000,0.000000034011235964958560,0.000599700067790207996421,0.719651193660000000000000,0.000001466681894845374573,True,0.000754936215454004406817,two-mode,False,0.578146242891230843121148,1043,60.000000000000000000000000,0.437261821574490000000000,0.218631383291970000000000
3,ERR-only,0.000403189006641892441515,certified_conditional,,3,,,,,,,,,,,,,,,,,,562.726389264628422259800264,,,0.000000047858020779919575,0.019343496395023818462775,,,,,,0.000998258711804166825581,0.000001741288195833174419,,0.250575727058843450320963,0.251168253822547683921092,0.251168253822547683921092,,,0.243313868661800973240876,0.000000277571005302789953,0.006863223661560233383133,,,,0.000298357164475990258030,,,,,,,,,,,60.001202049020430000000000,,,,,False,137,100,0.071828174274560000000000,0.215484522823680000000000,0.000004000000000000000000,0.000000033521865663304480,0.000591036183296611079586,0.730191296260000000000000,0.000001615212258504321052,True,0.001741288195833174419203,two-mode,False,0.588347058942233923706187,1043,60.000000000000000000000000,0.430970302659930000000000,0.215485623834690000000000
3,ERR-only,0.000404750000000000000000,certified_conditional,,3,,,,,,,,,,,,,,,,,,562.726389264628422259800264,,,0.000000047858020779919575,0.019343496395023818462775,,,,,,0.000999819705162274384066,0.000000180294837725615934,,0.250576866492842199899379,0.251169393256546433499508,0.251169393256546433499508,,,0.243313868661800973240876,0.000000277571005302789953,0.006863223661560233383133,,,,0.000299496598474739836445,,,,,,,,,,,60.001202049020430000000000,,,,,False,137,100,0.071828174274560000000000,0.215484522823680000000000,0.000004000000000000000000,0.000000033521865663304480,0.000591036183296611079586,0.730191296260000000000000,0.000001615212258504321052,True,0.000180294837725615934203,two-mode,False,0.588347058942233923706187,1043,60.000000000000000000000000,0.430970302659930000000000,0.215485623834690000000000
3,ERR-only,0.000410867028525411842418,certified_conditional,,3,,,,,,,,,,,,,,,,,,562.555557142920353392150162,,,0.000000047857981109780857,0.019337462599743472225135,,,,,,0.000997273385017218078794,0.000002726614982781921206,,0.254292149322103597053347,0.254886933168198420505601,0.254886933168198420505601,,,0.246918518567901728400001,0.000000281683168287976699,0.006964901047745937274593,,,,0.000308448023286692753084,,,,,,,,,,,60.001202037020310000000000,,,,,False,135,100,0.070779587788800000000000,0.212338763366400000000000,0.000004000000000000000000,0.000000033032495361650400,0.000582373323996444585976,0.741007404100000000000000,0.000001811280800414477922,True,0.002726614982781921206873,two-mode,False,0.595350000120105086171313,1043,60.000000000000000000000000,0.424678783745370000000000,0.212339864377410000000000
3,ERR-only,0.000418545050408931243320,certified_conditional,,3,,,,,,,,,,,,,,,,,,562.384725951073202021757509,,,0.000000047857941348745388,0.019331428838321469697621,,,,,,0.000996289083418758615835,0.000003710916581241384165,,0.258120343683506906093472,0.258717453265003358417882,0.258717453265003358417882,,,0.250631578997494235593986,0.000000285919005347905903,0.007069636400433466846999,,,,0.000318842366572905097614,,,,,,,,,,,60.001202025020190000000000,,,,,False,133,100,0.069731001303040000000000,0.209193003909120000000000,0.000004000000000000000000,0.000000032543125059996320,0.000573711489884767376195,0.752123516940000000000000,0.000002082057951463515238,True,0.003710916581241384165621,two-mode,False,0.602521686868527360984996,1043,60.000000000000000000000000,0.418387264830810000000000,0.209194104920130000000000
3,ERR-only,0.000419531250000000000000,certified_conditional,,3,,,,,,,,,,,,,,,,,,562.384725951073202021757509,,,0.000000047857941348745388,0.019331428838321469697621,,,,,,0.000997275283009827372515,0.000002724716990172627485,,0.258121085201789054830273,0.258718194783285507154683,0.258718194783285507154683,,,0.250631578997494235593986,0.000000285919005347905903,0.007069636400433466846999,,,,0.000319583884855053834416,,,,,,,,,,,60.001202025020190000000000,,,,,False,133,100,0.069731001303040000000000,0.209193003909120000000000,0.000004000000000000000000,0.000000032543125059996320,0.000573711489884767376195,0.752123516940000000000000,0.000002082057951463515238,True,0.002724716990172627485621,two-mode,False,0.602521686868527360984996,1043,60.000000000000000000000000,0.418387264830810000000000,0.209194104920130000000000
3,ERR-only,0.000426223072292450644223,certified_conditional,,3,,,,,,,,,,,,,,,,,,562.299310708986125421217337,,,0.000000047857921434141444,0.019328411970488857275551,,,,,,0.000999636328005374270129,0.000000363671994625729871,,0.260080851472650830296196,0.260679150641910842108555,0.260679150641910842108555,,,0.252530303080808585863637,0.000000288085058389915155,0.007123194251239589923797,,,,0.000327066055543313944637,,,,,,,,,,,60.001202019020130000000000,,,,,False,132,100,0.069206708060160000000000,0.207620124180480000000000,0.000004000000000000000000,0.000000032298439909169280,0.000569380957273014456626,0.757807576000000000000000,0.000002260210829945839405,True,0.000363671994625729871570,two-mode,False,0.609868292805935544940477,1043,60.000000000000000000000000,0.415241505373530000000000,0.207621225191490000000000
3,ERR-only,0.000433901094175970045125,certified_conditional,,3,,,,,,,,,,,,,,,,,,536.983601866145919551962571,,,0.000000047857901496813397,0.018434195123595903360873,,,,,,0.000998026026570203727534,0.000001973973429796272466,,0.269249150502381875581200,0.270014143540236377283902,0.270014143540236377283902,,,0.254458015318066666671756,0.000000580568352207152001,0.014355139318944963296248,,,,0.000335415297017087812224,,,,,,,,,,,120.002402025020130000000000,,,,,False,131,100,0.068682414817280000000000,0.206047244451840000000000,0.000004000000000000000000,0.000000032053754758342240,0.000560092878639475340169,0.763607634000000000000000,0.000002480293008497603467,True,0.001973973429796272466307,two-mode,False,0.621230434907889817020692,1043,120.000000000000000000000000,0.412095745916250000000000,0.206048345462850000000000
3,ERR-only,0.000434312500000000000000,certified_conditional,,3,,,,,,,,,,,,,,,,,,536.983601866145919551962571,,,0.000000047857901496813397,0.018434195123595903360873,,,,,,0.000998437432394233682409,0.000001562567605766317591,,0.269249464558910294449491,0.270014457596764796152194,0.270014457596764796152194,,,0.254458015318066666671756,0.000000580568352207152001,0.014355139318944963296248,,,,0.000335729353545506680516,,,,,,,,,,,120.002402025020130000000000,,,,,False,131,100,0.068682414817280000000000,0.206047244451840000000000,0.000004000000000000000000,0.000000032053754758342240,0.000560092878639475340169,0.763607634000000000000000,0.000002480293008497603467,True,0.001562567605766317591307,two-mode,False,0.621230434907889817020692,1043,120.000000000000000000000000,0.412095745916250000000000,0.206048345462850000000000
3,ERR-only,0.000435875000000000000000,certified_conditional,,3,,,,,,,,,,,,,,,,,,536.983601866145919551962571,,,0.000000047857901496813397,0.018434195123595903360873,,,,,,0.000999999932394233682409,0.000000000067605766317591,,0.269250657330857097886991,0.270015650368711599589694,0.270015650368711599589694,,,0.254458015318066666671756,0.000000580568352207152001,0.014355139318944963296248,,,,0.000336922125492310118016,,,,,,,,,,,120.002402025020130000000000,,,,,False,131,100,0.068682414817280000000000,0.206047244451840000000000,0.000004000000000000000000,0.000000032053754758342240,0.000560092878639475340169,0.763607634000000000000000,0.000002480293008497603467,True,0.000000067605766317591307,two-mode,False,0.621230434907889817020692,1043,120.000000000000000000000000,0.412095745916250000000000,0.206048345462850000000000
3,ERR-only,0.000435876000000000000000,no_two_mode_certificate,,,,,,,,,,,,,,,,,,,,,,,,,,,,,,,,,,,,,,,,,,,,,,,,,,,,,,,,,,,,,,,,,,,,,,,,,,0.621230434907889817020692,,,,
3,ERR-only,0.000435877000000000000000,no_two_mode_certificate,,,,,,,,,,,,,,,,,,,,,,,,,,,,,,,,,,,,,,,,,,,,,,,,,,,,,,,,,,,,,,,,,,,,,,,,,,0.621230434907889817020692,,,,
3,ERR-only,0.000441579116059489446028,no_two_mode_certificate,,,,,,,,,,,,,,,,,,,,,,,,,,,,,,,,,,,,,,,,,,,,,,,,,,,,,,,,,,,,,,,,,,,,,,,,,,0.629043396353258792371448,,,,
3,ERR-only,0.000449093750000000000000,no_two_mode_certificate,,,,,,,,,,,,,,,,,,,,,,,,,,,,,,,,,,,,,,,,,,,,,,,,,,,,,,,,,,,,,,,,,,,,,,,,,,0.637055414141184939068720,,,,
3,ERR-only,0.000449257137943008846930,no_two_mode_certificate,,,,,,,,,,,,,,,,,,,,,,,,,,,,,,,,,,,,,,,,,,,,,,,,,,,,,,,,,,,,,,,,,,,,,,,,,,0.637055414141184939068720,,,,
3,ERR-only,0.000456935159826528247833,no_two_mode_certificate,,,,,,,,,,,,,,,,,,,,,,,,,,,,,,,,,,,,,,,,,,,,,,,,,,,,,,,,,,,,,,,,,,,,,,,,,,0.645274193678476921809792,,,,
3,ERR-only,0.000463875000000000000000,no_two_mode_certificate,,,,,,,,,,,,,,,,,,,,,,,,,,,,,,,,,,,,,,,,,,,,,,,,,,,,,,,,,,,,,,,,,,,,,,,,,,0.653707843269031440047364,,,,
3,ERR-only,0.000464613181710047648735,no_two_mode_certificate,,,,,,,,,,,,,,,,,,,,,,,,,,,,,,,,,,,,,,,,,,,,,,,,,,,,,,,,,,,,,,,,,,,,,,,,,,0.653707843269031440047364,,,,
3,ERR-only,0.000472291203593567049638,no_two_mode_certificate,,,,,,,,,,,,,,,,,,,,,,,,,,,,,,,,,,,,,,,,,,,,,,,,,,,,,,,,,,,,,,,,,,,,,,,,,,0.666780000134390943315599,,,,
3,ERR-only,0.000478656250000000000000,no_two_mode_certificate,,,,,,,,,,,,,,,,,,,,,,,,,,,,,,,,,,,,,,,,,,,,,,,,,,,,,,,,,,,,,,,,,,,,,,,,,,0.671254362551393189400700,,,,
3,ERR-only,0.000479969225477086450540,no_two_mode_certificate,,,,,,,,,,,,,,,,,,,,,,,,,,,,,,,,,,,,,,,,,,,,,,,,,,,,,,,,,,,,,,,,,,,,,,,,,,0.675789189325381952324788,,,,
3,ERR-only,0.000487647247360605851443,no_two_mode_certificate,,,,,,,,,,,,,,,,,,,,,,,,,,,,,,,,,,,,,,,,,,,,,,,,,,,,,,,,,,,,,,,,,,,,,,,,,,0.685045205617496002676695,,,,
3,ERR-only,0.000493437500000000000000,no_two_mode_certificate,,,,,,,,,,,,,,,,,,,,,,,,,,,,,,,,,,,,,,,,,,,,,,,,,,,,,,,,,,,,,,,,,,,,,,,,,,0.694558333473279887760599,,,,
3,ERR-only,0.000495325269244125252345,no_two_mode_certificate,,,,,,,,,,,,,,,,,,,,,,,,,,,,,,,,,,,,,,,,,,,,,,,,,,,,,,,,,,,,,,,,,,,,,,,,,,0.694558333473279887760599,,,,
3,ERR-only,0.000500000000000000000000,no_two_mode_certificate,,,,,,,,,,,,,,,,,,,,,,,,,,,,,,,,,,,,,,,,,,,,,,,,,,,,,,,,,,,,,,,,,,,,,,,,,,0.704339436761621065382078,,,,
3,ERR-only,0.000503003291127644653248,no_two_mode_certificate,,,,,,,,,,,,,,,,,,,,,,,,,,,,,,,,,,,,,,,,,,,,,,,,,,,,,,,,,,,,,,,,,,,,,,,,,,0.704339436761621065382078,,,,
3,ERR-only,0.000508218750000000000000,no_two_mode_certificate,,,,,,,,,,,,,,,,,,,,,,,,,,,,,,,,,,,,,,,,,,,,,,,,,,,,,,,,,,,,,,,,,,,,,,,,,,0.714400000143914848078456,,,,
3,ERR-only,0.000510681313011164054150,no_two_mode_certificate,,,,,,,,,,,,,,,,,,,,,,,,,,,,,,,,,,,,,,,,,,,,,,,,,,,,,,,,,,,,,,,,,,,,,,,,,,0.719538849065805916937757,,,,
3,ERR-only,0.000518359334894683455053,no_two_mode_certificate,,,,,,,,,,,,,,,,,,,,,,,,,,,,,,,,,,,,,,,,,,,,,,,,,,,,,,,,,,,,,,,,,,,,,,,,,,0.730041605986459196358227,,,,
3,ERR-only,0.000523000000000000000000,no_two_mode_certificate,,,,,,,,,,,,,,,,,,,,,,,,,,,,,,,,,,,,,,,,,,,,,,,,,,,,,,,,,,,,,,,,,,,,,,,,,,0.735408823677528335473834,,,,
3,ERR-only,0.000526037356778202855955,no_two_mode_certificate,,,,,,,,,,,,,,,,,,,,,,,,,,,,,,,,,,,,,,,,,,,,,,,,,,,,,,,,,,,,,,,,,,,,,,,,,,0.740855555704761461835599,,,,
3,ERR-only,0.000533715378661722256858,no_two_mode_certificate,,,,,,,,,,,,,,,,,,,,,,,,,,,,,,,,,,,,,,,,,,,,,,,,,,,,,,,,,,,,,,,,,,,,,,,,,,0.751994736993538983417554,,,,
3,ERR-only,0.000537781250000000000000,no_two_mode_certificate,,,,,,,,,,,,,,,,,,,,,,,,,,,,,,,,,,,,,,,,,,,,,,,,,,,,,,,,,,,,,,,,,,,,,,,,,,0.757690909243482034226508,,,,
3,ERR-only,0.000541393000000000000000,no_two_mode_certificate,,,,,,,,,,,,,,,,,,,,,,,,,,,,,,,,,,,,,,,,,,,,,,,,,,,,,,,,,,,,,,,,,,,,,,,,,,0.763474045955256276650866,,,,
3,ERR-only,0.000541393400545241657760,no_two_mode_certificate,,,,,,,,,,,,,,,,,,,,,,,,,,,,,,,,,,,,,,,,,,,,,,,,,,,,,,,,,,,,,,,,,,,,,,,,,,0.763474045955256276650866,,,,
3,ERR-only,0.000541394000000000000000,no_two_mode_certificate,,,,,,,,,,,,,,,,,,,,,,,,,,,,,,,,,,,,,,,,,,,,,,,,,,,,,,,,,,,,,,,,,,,,,,,,,,,,,,
3,ERR-only,0.000541395000000000000000,no_two_mode_certificate,,,,,,,,,,,,,,,,,,,,,,,,,,,,,,,,,,,,,,,,,,,,,,,,,,,,,,,,,,,,,,,,,,,,,,,,,,,,,,
3,ERR-only,0.000552562500000000000000,no_two_mode_certificate,,,,,,,,,,,,,,,,,,,,,,,,,,,,,,,,,,,,,,,,,,,,,,,,,,,,,,,,,,,,,,,,,,,,,,,,,,,,,,
3,ERR-only,0.000567343750000000000000,no_two_mode_certificate,,,,,,,,,,,,,,,,,,,,,,,,,,,,,,,,,,,,,,,,,,,,,,,,,,,,,,,,,,,,,,,,,,,,,,,,,,,,,,
3,ERR-only,0.000582125000000000000000,no_two_mode_certificate,,,,,,,,,,,,,,,,,,,,,,,,,,,,,,,,,,,,,,,,,,,,,,,,,,,,,,,,,,,,,,,,,,,,,,,,,,,,,,
3,ERR-only,0.000596906250000000000000,no_two_mode_certificate,,,,,,,,,,,,,,,,,,,,,,,,,,,,,,,,,,,,,,,,,,,,,,,,,,,,,,,,,,,,,,,,,,,,,,,,,,,,,,
3,ERR-only,0.000611687500000000000000,no_two_mode_certificate,,,,,,,,,,,,,,,,,,,,,,,,,,,,,,,,,,,,,,,,,,,,,,,,,,,,,,,,,,,,,,,,,,,,,,,,,,,,,,
3,ERR-only,0.000626468750000000000000,no_two_mode_certificate,,,,,,,,,,,,,,,,,,,,,,,,,,,,,,,,,,,,,,,,,,,,,,,,,,,,,,,,,,,,,,,,,,,,,,,,,,,,,,
3,ERR-only,0.000641250000000000000000,no_two_mode_certificate,,,,,,,,,,,,,,,,,,,,,,,,,,,,,,,,,,,,,,,,,,,,,,,,,,,,,,,,,,,,,,,,,,,,,,,,,,,,,,
3,ERR-only,0.000656031250000000000000,no_two_mode_certificate,,,,,,,,,,,,,,,,,,,,,,,,,,,,,,,,,,,,,,,,,,,,,,,,,,,,,,,,,,,,,,,,,,,,,,,,,,,,,,
3,ERR-only,0.000670812500000000000000,no_two_mode_certificate,,,,,,,,,,,,,,,,,,,,,,,,,,,,,,,,,,,,,,,,,,,,,,,,,,,,,,,,,,,,,,,,,,,,,,,,,,,,,,
3,ERR-only,0.000685593750000000000000,no_two_mode_certificate,,,,,,,,,,,,,,,,,,,,,,,,,,,,,,,,,,,,,,,,,,,,,,,,,,,,,,,,,,,,,,,,,,,,,,,,,,,,,,
3,ERR-only,0.000700375000000000000000,no_two_mode_certificate,,,,,,,,,,,,,,,,,,,,,,,,,,,,,,,,,,,,,,,,,,,,,,,,,,,,,,,,,,,,,,,,,,,,,,,,,,,,,,
3,ERR-only,0.000715156250000000000000,no_two_mode_certificate,,,,,,,,,,,,,,,,,,,,,,,,,,,,,,,,,,,,,,,,,,,,,,,,,,,,,,,,,,,,,,,,,,,,,,,,,,,,,,
3,ERR-only,0.000729937500000000000000,no_two_mode_certificate,,,,,,,,,,,,,,,,,,,,,,,,,,,,,,,,,,,,,,,,,,,,,,,,,,,,,,,,,,,,,,,,,,,,,,,,,,,,,,
3,ERR-only,0.000744718750000000000000,no_two_mode_certificate,,,,,,,,,,,,,,,,,,,,,,,,,,,,,,,,,,,,,,,,,,,,,,,,,,,,,,,,,,,,,,,,,,,,,,,,,,,,,,
3,ERR-only,0.000759500000000000000000,no_two_mode_certificate,,,,,,,,,,,,,,,,,,,,,,,,,,,,,,,,,,,,,,,,,,,,,,,,,,,,,,,,,,,,,,,,,,,,,,,,,,,,,,
3,ERR-only,0.000774281250000000000000,no_two_mode_certificate,,,,,,,,,,,,,,,,,,,,,,,,,,,,,,,,,,,,,,,,,,,,,,,,,,,,,,,,,,,,,,,,,,,,,,,,,,,,,,
3,ERR-only,0.000789062500000000000000,no_two_mode_certificate,,,,,,,,,,,,,,,,,,,,,,,,,,,,,,,,,,,,,,,,,,,,,,,,,,,,,,,,,,,,,,,,,,,,,,,,,,,,,,
3,ERR-only,0.000803843750000000000000,no_two_mode_certificate,,,,,,,,,,,,,,,,,,,,,,,,,,,,,,,,,,,,,,,,,,,,,,,,,,,,,,,,,,,,,,,,,,,,,,,,,,,,,,
3,ERR-only,0.000818625000000000000000,no_two_mode_certificate,,,,,,,,,,,,,,,,,,,,,,,,,,,,,,,,,,,,,,,,,,,,,,,,,,,,,,,,,,,,,,,,,,,,,,,,,,,,,,
3,ERR-only,0.000833406250000000000000,no_two_mode_certificate,,,,,,,,,,,,,,,,,,,,,,,,,,,,,,,,,,,,,,,,,,,,,,,,,,,,,,,,,,,,,,,,,,,,,,,,,,,,,,
3,ERR-only,0.000848187500000000000000,no_two_mode_certificate,,,,,,,,,,,,,,,,,,,,,,,,,,,,,,,,,,,,,,,,,,,,,,,,,,,,,,,,,,,,,,,,,,,,,,,,,,,,,,
3,ERR-only,0.000862968750000000000000,no_two_mode_certificate,,,,,,,,,,,,,,,,,,,,,,,,,,,,,,,,,,,,,,,,,,,,,,,,,,,,,,,,,,,,,,,,,,,,,,,,,,,,,,
3,ERR-only,0.000877750000000000000000,no_two_mode_certificate,,,,,,,,,,,,,,,,,,,,,,,,,,,,,,,,,,,,,,,,,,,,,,,,,,,,,,,,,,,,,,,,,,,,,,,,,,,,,,
3,ERR-only,0.000892531250000000000000,no_two_mode_certificate,,,,,,,,,,,,,,,,,,,,,,,,,,,,,,,,,,,,,,,,,,,,,,,,,,,,,,,,,,,,,,,,,,,,,,,,,,,,,,
3,ERR-only,0.000907312500000000000000,no_two_mode_certificate,,,,,,,,,,,,,,,,,,,,,,,,,,,,,,,,,,,,,,,,,,,,,,,,,,,,,,,,,,,,,,,,,,,,,,,,,,,,,,
3,ERR-only,0.000922093750000000000000,no_two_mode_certificate,,,,,,,,,,,,,,,,,,,,,,,,,,,,,,,,,,,,,,,,,,,,,,,,,,,,,,,,,,,,,,,,,,,,,,,,,,,,,,
3,ERR-only,0.000936875000000000000000,no_two_mode_certificate,,,,,,,,,,,,,,,,,,,,,,,,,,,,,,,,,,,,,,,,,,,,,,,,,,,,,,,,,,,,,,,,,,,,,,,,,,,,,,
3,ERR-only,0.000951656250000000000000,no_two_mode_certificate,,,,,,,,,,,,,,,,,,,,,,,,,,,,,,,,,,,,,,,,,,,,,,,,,,,,,,,,,,,,,,,,,,,,,,,,,,,,,,
3,ERR-only,0.000966437500000000000000,no_two_mode_certificate,,,,,,,,,,,,,,,,,,,,,,,,,,,,,,,,,,,,,,,,,,,,,,,,,,,,,,,,,,,,,,,,,,,,,,,,,,,,,,
3,ERR-only,0.000981218750000000000000,no_two_mode_certificate,,,,,,,,,,,,,,,,,,,,,,,,,,,,,,,,,,,,,,,,,,,,,,,,,,,,,,,,,,,,,,,,,,,,,,,,,,,,,,
3,ERR-only,0.000996000000000000000000,no_two_mode_certificate,,,,,,,,,,,,,,,,,,,,,,,,,,,,,,,,,,,,,,,,,,,,,,,,,,,,,,,,,,,,,,,,,,,,,,,,,,,,,,
2.5,combined,0.000050000000000000000000,certified_conditional,0.000000000000000000000001,101,0.001699825603755939969800,mid_flat,,0.001512403633932760052084,0.001512403633932760052085,166.242662410000000000000000,35,631158312,direct-fast,1189,0.300000000000000000000000,0.287464890128572655621555,-0.012535109871427344378445,2935621064,2.935591707789360000000000,0.000000000465843000000000,2.668719733930470000000000,1016.368270257066706243243866,1535.626824384928640535089860,96548.106792117207040000000000,0.000000193605097749719607,0.023816617955776574254122,0.013072920971089199101461,0.023816617955776574254122,1016.368270257066706243243866,joint,peak,0.000999822239242894207724,0.000000177760757105792276,0.000050177760757105792277,0.007871484644340195840376,0.008570380317648094834921,0.008570380317648094834921,0.007871484644340195840376,0.008570380317648094834921,0.007558158870833663366488,0.000000015088330139405632,0.000126906093414189961980,0.000000763390841038197558,0.000000763390841038197558,0.000000007996328030631629,0.000084869813751145430561,0.000020542226243563793085,0.000000007996412488413097,0.000763238348005836269558,0.000000000000000633768094,0.000000000000000316880879,0.000000000000704186770998,0.000000000000352089864601,0.000100000000000000000000,0.000000100000000000000000,5.237437730853570000000000,1.000022001120010000000000,0.000111177232447115902870,0.000266186598086781233200,0.000178782633390091150342,0.000178782633390091150342,True,131,100,0.068682414817280000000000,6.936923896545280000000000,0.000006000000000000000000,0.000000045405871494174400,0.000943776833371400033324,0.763607634000000000000000,0.000002480293008497603467,True,0.000177760757105792276611,two-mode,False,0.719538849065805916937757,,,,
2.5,combined,0.000050879796165359054841,certified_conditional,0.000000000000000000000001,99,0.001733822913537374437132,mid_flat,,0.001542652416363008570414,0.001542652416363008570415,166.242662410000000000000000,35,631158312,direct-fast,1216,0.300000000000000000000000,0.027398142611974069425171,-0.272601857388025930574829,2935621064,2.935591707789360000000000,0.000000000465843000000000,2.668719733930470000000000,1015.170726972681050497305048,1533.419484882722764960273910,94636.263093263400960000000000,0.000000189808919362470203,0.023816628913455789267989,0.013050090920650357353995,0.023816628913455789267989,1015.170726972681050497305048,joint,peak,0.000999590023510757860715,0.000000409976489242139285,0.000051289772654601194126,0.008023997143530900725489,0.008722765157138063870931,0.008722765157138063870931,0.008023997143530900725489,0.008722765157138063870931,0.007710848949032323232478,0.000000015088330139405632,0.000126906093414189961980,0.000000763390841038197558,0.000000763390841038197558,0.000000007996328030631629,0.000084692234743190449684,0.000020414254997848103065,0.000000007996412488413097,0.000763061080542861129599,0.000000000000000633768094,0.000000000000000316880879,0.000000000000704186770998,0.000000000000352089864601,0.000100000000000000000000,0.000000100000000000000000,5.237437730853570000000000,1.000022001120010000000000,0.000110944608599218361108,0.000247113781338084400087,0.000159725982709454476739,0.000159725982709454476739,True,131,100,0.068682414817280000000000,6.799559066910720000000000,0.000006000000000000000000,0.000000045405871494174400,0.000942664821473904631475,0.763607634000000000000000,0.000002480293008497603467,True,0.000409976489242139285059,two-mode,False,0.719538849065805916937757,,,,
2.5,combined,0.000051759592330718109682,certified_conditional,0.000000000000000000000001,97,0.001769207868616010311295,mid_flat,,0.001574135842974083558881,0.001574135842974083558882,166.242662410000000000000000,35,631158312,direct-fast,1243,0.300000000000000000000000,0.087328670706942887873832,-0.212671329293057112126168,2935621064,2.935591707789360000000000,0.000000000465843000000000,2.668719733930470000000000,1013.973183688295394751366231,1531.208322677184542853792493,92724.419394409594880000000000,0.000000186012740975220799,0.023816639871135004281855,0.013027260870211515606528,0.023816639871135004281855,1013.973183688295394751366231,joint,peak,0.000999357807778621513707,0.000000642192221378486293,0.000052401784552096595976,0.008182806140791653440127,0.008881446494698080736466,0.008881446494698080736466,0.008182806140791653440127,0.008881446494698080736466,0.007869835525301030927993,0.000000015088330139405632,0.000126906093414189961980,0.000000763390841038197558,0.000000763390841038197558,0.000000007996328030631629,0.000084514655735235468808,0.000020286283752132413044,0.000000007996412488413097,0.000762883813079885989640,0.000000000000000633768094,0.000000000000000316880879,0.000000000000704186770998,0.000000000000352089864601,0.000100000000000000000000,0.000000100000000000000000,5.237437730853570000000000,1.000022001120010000000000,0.000110711984751320819345,0.000227253540906176002881,0.000139881916662342957668,0.000139881916662342957668,True,131,100,0.068682414817280000000000,6.662194237276160000000000,0.000006000000000000000000,0.000000045405871494174400,0.000941552809576409229625,0.763607634000000000000000,0.000002480293008497603467,True,0.000642192221378486293508,two-mode,False,0.719538849065805916937757,,,,
2.5,combined,0.000052639388496077164523,certified_conditional,0.000000000000000000000001,95,0.001806067196822922680214,mid_flat,,0.001606931079027286671867,0.001606931079027286671868,166.242662410000000000000000,35,631158312,direct-fast,1271,0.300000000000000000000000,0.187256304139202073757854,-0.112743695860797926242146,2935621064,2.935591707789360000000000,0.000000000465843000000000,2.668719733930470000000000,1012.775640403909739005427414,1528.993098849355702557416516,90812.575695555788800000000000,0.000000182216562587971395,0.023816650828814219295722,0.013004430819772673859061,0.023816650828814219295722,1012.775640403909739005427414,joint,peak,0.000999125592046485166699,0.000000874407953514833301,0.000053513796449591997825,0.008348309309684772794577,0.009046822003890464241812,0.009046822003890464241812,0.008348309309684772794577,0.009046822003890464241812,0.008035516273202105263319,0.000000015088330139405632,0.000126906093414189961980,0.000000763390841038197558,0.000000763390841038197558,0.000000007996328030631629,0.000084337076727280487931,0.000020158312506416723023,0.000000007996412488413097,0.000762706545616910849681,0.000000000000000633768094,0.000000000000000316880879,0.000000000000704186770998,0.000000000000352089864601,0.000100000000000000000000,0.000000100000000000000000,5.237437730853570000000000,1.000022001120010000000000,0.000110479360903423277583,0.000206556144768958469114,0.000119200703751926602888,0.000119200703751926602888,True,131,100,0.068682414817280000000000,6.524829407641600000000000,0.000006000000000000000000,0.000000045405871494174400,0.000940440797678913827776,0.763607634000000000000000,0.000002480293008497603467,True,0.000874407953514833301957,two-mode,False,0.724752174059028740418208,,,,
2.5,combined,0.000053519184661436219364,certified_conditional,0.000000000000000000000001,93,0.001844495007081193022279,mid_flat,,0.001641121857040200555618,0.001641121857040200555619,166.242662410000000000000000,35,631158312,direct-fast,1301,0.300000000000000000000000,0.048882985802621224998643,-0.251117014197378775001357,2935621064,2.935591707789360000000000,0.000000000465843000000000,2.668719733930470000000000,1011.578097119524083259488596,1526.773554146749608867535688,88900.731996701982720000000000,0.000000178420384200721991,0.023816661786493434309589,0.012981600769333832111595,0.023816661786493434309589,1011.578097119524083259488596,joint,peak,0.000998893376314348819690,0.000001106623685651180310,0.000054625808347087399674,0.008520938532251056636567,0.009219323566756012234700,0.009219323566756012234700,0.008520938532251056636567,0.009219323566756012234700,0.008208323074776344086186,0.000000015088330139405632,0.000126906093414189961980,0.000000763390841038197558,0.000000763390841038197558,0.000000007996328030631629,0.000084159497719325507055,0.000020030341260701033003,0.000000007996412488413097,0.000762529278153935709722,0.000000000000000633768094,0.000000000000000316880879,0.000000000000704186770998,0.000000000000352089864601,0.000100000000000000000000,0.000000100000000000000000,5.237437730853570000000000,1.000022001120010000000000,0.000110246737055525735820,0.000184967582880927983523,0.000097628334503153487516,0.000097628334503153487516,True,131,100,0.068682414817280000000000,6.387464578007040000000000,0.000006000000000000000000,0.000000045405871494174400,0.000939328785781418425927,0.763607634000000000000000,0.000002480293008497603467,True,0.001106623685651180310405,two-mode,False,0.724752174059028740418208,,,,
2.5,combined,0.000054398980826795274204,certified_conditional,0.000000000000000000000001,93,0.001844495007081193022279,mid_flat,,0.001641121857040200555618,0.001641121857040200555619,166.242662410000000000000000,35,631158312,direct-fast,1301,0.300000000000000000000000,0.048882985802621224998643,-0.251117014197378775001357,2935621064,2.935591707789360000000000,0.000000000465843000000000,2.668719733930470000000000,1011.578097119524083259488596,1526.773554146749608867535688,88900.731996701982720000000000,0.000000178420384200721991,0.023816661786493434309589,0.012981600769333832111595,0.023816661786493434309589,1011.578097119524083259488596,joint,peak,0.000999773172479707874531,0.000000226827520292125469,0.000054625808347087399674,0.008521610145809421768640,0.009219995180314377366772,0.009219995180314377366772,0.008521610145809421768640,0.009219995180314377366772,0.008208323074776344086186,0.000000015088330139405632,0.000126906093414189961980,0.000000763390841038197558,0.000000763390841038197558,0.000000007996328030631629,0.000084831111277690639127,0.000020030341260701033003,0.000000007996412488413097,0.000763200891712300841795,0.000000000000000633768094,0.000000000000000316880879,0.000000000000704186770998,0.000000000000352089864601,0.000100000000000000000000,0.000000100000000000000000,5.237437730853570000000000,1.000022001120010000000000,0.000111126533220884790661,0.000184883592634931024160,0.000097544345144258069271,0.000097544345144258069271,True,131,100,0.068682414817280000000000,6.387464578007040000000000,0.000006000000000000000000,0.000000045405871494174400,0.000939328785781418425927,0.763607634000000000000000,0.000002480293008497603467,True,0.000226827520292125469616,two-mode,False,0.724752174059028740418208,,,,
2.5,combined,0.000054536500000000000000,certified_conditional,0.000000000000000000000001,93,0.001844495007081193022279,mid_flat,,0.001641121857040200555618,0.001641121857040200555619,166.242662410000000000000000,35,631158312,direct-fast,1301,0.300000000000000000000000,0.048882985802621224998643,-0.251117014197378775001357,2935621064,2.935591707789360000000000,0.000000000465843000000000,2.668719733930470000000000,1011.578097119524083259488596,1526.773554146749608867535688,88900.731996701982720000000000,0.000000178420384200721991,0.023816661786493434309589,0.012981600769333832111595,0.023816661786493434309589,1011.578097119524083259488596,joint,peak,0.000999910691652912600327,0.000000089308347087399673,0.000054625808347087399674,0.008521715124377067336579,0.009220100158882022934711,0.009220100158882022934711,0.008521715124377067336579,0.009220100158882022934711,0.008208323074776344086186,0.000000015088330139405632,0.000126906093414189961980,0.000000763390841038197558,0.000000763390841038197558,0.000000007996328030631629,0.000084936089845336207066,0.000020030341260701033003,0.000000007996412488413097,0.000763305870279946409734,0.000000000000000633768094,0.000000000000000316880879,0.000000000000704186770998,0.000000000000352089864601,0.000100000000000000000000,0.000000100000000000000000,5.237437730853570000000000,1.000022001120010000000000,0.000111264052394089516457,0.000184870464288114407170,0.000097531216936102514112,0.000097531216936102514112,True,131,100,0.068682414817280000000000,6.387464578007040000000000,0.000006000000000000000000,0.000000045405871494174400,0.000939328785781418425927,0.763607634000000000000000,0.000002480293008497603467,True,0.000089308347087399673563,two-mode,False,0.724752174059028740418208,,,,
2.5,combined,0.000055278776992154329045,certified_conditional,0.000000000000000000000001,91,0.001884593591698518596608,mid_flat,,0.001676799190618893303880,0.001676799190618893303881,166.242662410000000000000000,35,631158312,direct-fast,1331,0.300000000000000000000000,0.295797784060102078467293,-0.004202215939897921532707,2935621064,2.935591707789360000000000,0.000000000465843000000000,2.668719733930470000000000,1010.380553835138427513549779,1524.549406773185136562834477,86988.888297848176640000000000,0.000000174624205813472587,0.023816672744172649323456,0.012958770718894990364128,0.023816672744172649323456,1010.380553835138427513549779,joint,peak,0.000999540956747571527522,0.000000459043252428472478,0.000055737820244582801523,0.008701835271741606218229,0.009400092646545825967258,0.009400092646545825967258,0.008701835271741606218229,0.009400092646545825967258,0.008388725779716483516652,0.000000015088330139405632,0.000126906093414189961980,0.000000763390841038197558,0.000000763390841038197558,0.000000007996328030631629,0.000084653532269735658250,0.000019902370014985342982,0.000000007996412488413097,0.000763023624249325701836,0.000000000000000633768094,0.000000000000000316880879,0.000000000000704186770998,0.000000000000352089864601,0.000100000000000000000000,0.000000100000000000000000,5.237437730853570000000000,1.000022001120010000000000,0.000110893909372987248898,0.000162345106814715304207,0.000075022061996357417882,0.000075022061996357417882,True,131,100,0.068682414817280000000000,6.250099748372480000000000,0.000006000000000000000000,0.000000045405871494174400,0.000938216773883923024078,0.763607634000000000000000,0.000002480293008497603467,True,0.000459043252428472478064,two-mode,False,0.724752174059028740418208,,,,
2.5,combined,0.000056158573157513383886,certified_conditional,0.000000000000000000000001,89,0.001926474335632169752018,mid_flat,,0.001714062183467750174287,0.001714062183467750174288,166.242662410000000000000000,35,631158312,direct-fast,1364,0.300000000000000000000000,0.053686573351248747645660,-0.246313426648751252354340,2935621064,2.935591707789360000000000,0.000000000465843000000000,2.668719733930470000000000,1009.183010550752771767610962,1522.320349883931727068991522,85077.044598994370560000000000,0.000000170828027426223183,0.023816683701851864337323,0.012935940668456148616662,0.023816683701851864337323,1009.183010550752771767610962,joint,peak,0.000999308741015435180514,0.000000691258984564819486,0.000056849832142078203373,0.008890168384412673338850,0.009588298099516157238776,0.009588298099516157238776,0.008890168384412673338850,0.009588298099516157238776,0.008577236471395505618150,0.000000015088330139405632,0.000126906093414189961980,0.000000763390841038197558,0.000000763390841038197558,0.000000007996328030631629,0.000084475953261780677374,0.000019774398769269652961,0.000000007996412488413097,0.000762846356786350561877,0.000000000000000633768094,0.000000000000000316880879,0.000000000000704186770998,0.000000000000352089864601,0.000100000000000000000000,0.000000100000000000000000,5.237437730853570000000000,1.000022001120010000000000,0.000110661285525089707136,0.000138792657246661412746,0.000051485825810062205577,0.000051485825810062205577,True,131,100,0.068682414817280000000000,6.112734918737920000000000,0.000006000000000000000000,0.000000045405871494174400,0.000937104761986427622228,0.763607634000000000000000,0.000002480293008497603467,True,0.000691258984564819486513,two-mode,False,0.724752174059028740418208,,,,
2.5,combined,0.000057038369322872438727,certified_conditional,0.000000000000000000000001,87,0.001970258749744623232674,mid_flat,,0.001753018948718827811531,0.001753018948718827811532,166.242662410000000000000000,35,631158312,direct-fast,1397,0.300000000000000000000000,0.250570307610174810877590,-0.049429692389825189122410,2935621064,2.935591707789360000000000,0.000000000465843000000000,2.668719733930470000000000,1007.985467266367116021672145,1520.086048739283316486747160,83165.200900140564480000000000,0.000000167031849038973779,0.023816694659531079351190,0.012913110618017306869195,0.023816694659531079351190,1007.985467266367116021672145,joint,peak,0.000999076525283298833506,0.000000923474716701166494,0.000057961844039573605222,0.009087168655321856418161,0.009785170710724604468984,0.009785170710724604468984,0.009087168655321856418161,0.009785170710724604468984,0.008774414321312643678337,0.000000015088330139405632,0.000126906093414189961980,0.000000763390841038197558,0.000000763390841038197558,0.000000007996328030631629,0.000084298374253825696497,0.000019646427523553962941,0.000000007996412488413097,0.000762669089323375421918,0.000000000000000633768094,0.000000000000000316880879,0.000000000000704186770998,0.000000000000352089864601,0.000100000000000000000000,0.000000100000000000000000,5.237437730853570000000000,1.000022001120010000000000,0.000110428661677192165373,0.000114156315396435682774,0.000026865708789621083327,0.000026865708789621083327,True,131,100,0.068682414817280000000000,5.975370089103360000000000,0.000006000000000000000000,0.000000045405871494174400,0.000935992750088932220379,0.763607634000000000000000,0.000002480293008497603467,True,0.000923474716701166494962,two-mode,False,0.724752174059028740418208,,,,
2.5,combined,0.000057918165488231493568,certified_conditional,0.000000000000000000000001,87,0.001970258749744623232674,mid_flat,,0.001753018948718827811531,0.001753018948718827811532,166.242662410000000000000000,35,631158312,direct-fast,1397,0.300000000000000000000000,0.250570307610174810877590,-0.049429692389825189122410,2935621064,2.935591707789360000000000,0.000000000465843000000000,2.668719733930470000000000,1007.985467266367116021672145,1520.086048739283316486747160,83165.200900140564480000000000,0.000000167031849038973779,0.023816694659531079351190,0.012913110618017306869195,0.023816694659531079351190,1007.985467266367116021672145,joint,peak,0.000999956321448657888346,0.000000043678551342111654,0.000057961844039573605222,0.009087840268880221550233,0.009785842324282969601056,0.009785842324282969601056,0.009087840268880221550233,0.009785842324282969601056,0.008774414321312643678337,0.000000015088330139405632,0.000126906093414189961980,0.000000763390841038197558,0.000000763390841038197558,0.000000007996328030631629,0.000084969987812190828570,0.000019646427523553962941,0.000000007996412488413097,0.000763340702881740553990,0.000000000000000633768094,0.000000000000000316880879,0.000000000000704186770998,0.000000000000352089864601,0.000100000000000000000000,0.000000100000000000000000,5.237437730853570000000000,1.000022001120010000000000,0.000111308457842551220214,0.000114072325150438723411,0.000026781719430725665081,0.000026781719430725665081,True,131,100,0.068682414817280000000000,5.975370089103360000000000,0.000006000000000000000000,0.000000045405871494174400,0.000935992750088932220379,0.763607634000000000000000,0.000002480293008497603467,True,0.000043678551342111654172,two-mode,False,0.724752174059028740418208,,,,
2.5,combined,0.000058797961653590548408,certified_conditional,0.000000000000000000000001,85,0.002016079648234400131034,mid_flat,,0.001793787656539723013298,0.001793787656539723013299,166.242662410000000000000000,35,631158312,direct-fast,1433,0.300000000000000000000000,0.017076541136957900306353,-0.282923458863042099693647,2935621064,2.935591707789360000000000,0.000000000465843000000000,2.668719733930470000000000,1006.787923981981460275733327,1517.846137460956532647143153,81253.357201286758400000000000,0.000000163235670651724375,0.023816705617210294365057,0.012890280567578465121729,0.023816705617210294365057,1006.787923981981460275733327,joint,peak,0.000999724105716521541338,0.000000275894283478458662,0.000059073855937069007071,0.009294119497432564067670,0.009991993893134576269390,0.009991993893134576269390,0.009294119497432564067670,0.009991993893134576269390,0.008980871128872941176651,0.000000015088330139405632,0.000126906093414189961980,0.000000763390841038197558,0.000000763390841038197558,0.000000007996328030631629,0.000084792408804235847693,0.000019518456277838272920,0.000000007996412488413097,0.000763163435418765414031,0.000000000000000633768094,0.000000000000000316880879,0.000000000000704186770998,0.000000000000352089864601,0.000100000000000000000000,0.000000100000000000000000,5.237437730853570000000000,1.000022001120010000000000,0.000111075833994653678451,0.000088275580974593731035,0.000001001212340787156890,0.000001001212340787156890,True,131,100,0.068682414817280000000000,5.838005259468800000000000,0.000006000000000000000000,0.000000045405871494174400,0.000934880738191436818530,0.763607634000000000000000,0.000002480293008497603467,True,0.000275894283478458662621,two-mode,False,0.724752174059028740418208,,,,
2.5,combined,0.000059073000000000000000,certified_conditional,0.000000000000000000000001,85,0.002016079648234400131034,mid_flat,,0.001793787656539723013298,0.001793787656539723013299,166.242662410000000000000000,35,631158312,direct-fast,1433,0.300000000000000000000000,0.017076541136957900306353,-0.282923458863042099693647,2935621064,2.935591707789360000000000,0.000000000465843000000000,2.668719733930470000000000,1006.787923981981460275733327,1517.846137460956532647143153,81253.357201286758400000000000,0.000000163235670651724375,0.023816705617210294365057,0.012890280567578465121729,0.023816705617210294365057,1006.787923981981460275733327,joint,peak,0.000999999144062930992930,0.000000000855937069007070,0.000059073855937069007071,0.009294329454567855203549,0.009992203850269867405268,0.009992203850269867405268,0.009294329454567855203549,0.009992203850269867405268,0.008980871128872941176651,0.000000015088330139405632,0.000126906093414189961980,0.000000763390841038197558,0.000000763390841038197558,0.000000007996328030631629,0.000085002365939526983571,0.000019518456277838272920,0.000000007996412488413097,0.000763373392554056549909,0.000000000000000633768094,0.000000000000000316880879,0.000000000000704186770998,0.000000000000352089864601,0.000100000000000000000000,0.000000100000000000000000,5.237437730853570000000000,1.000022001120010000000000,0.000111350872341063130044,0.000088249324280960497056,0.000000974955924476046572,0.000000974955924476046572,True,131,100,0.068682414817280000000000,5.838005259468800000000000,0.000006000000000000000000,0.000000045405871494174400,0.000934880738191436818530,0.763607634000000000000000,0.000002480293008497603467,True,0.000000855937069007070516,two-mode,False,0.730041605986459196358227,,,,
2.5,combined,0.000059074000000000000000,certified_conditional,0.000000000000000000000001,83,0.002064082494271309262650,mid_flat,,0.001836497731399708462768,0.001836497731399708462769,166.242662410000000000000000,35,631158312,direct-fast,1469,0.300000000000000000000000,0.286749738165016374946010,-0.013250261834983625053990,2935621064,2.935591707789360000000000,0.000000000465843000000000,2.668719733930470000000000,1005.590380697595804529794510,1515.600215325117206031796669,79341.513502432952320000000000,0.000000159439492264474971,0.023816716574889509378924,0.012867450517139623374262,0.023816716574889509378924,1005.590380697595804529794510,joint,peak,0.000998888132165435591081,0.000001111867834564408919,0.000060185867834564408920,0.009509887558601435049056,0.010207634294602711401673,0.010207634294602711401673,0.009509887558601435049056,0.010207634294602711401673,0.009197277662098795180907,0.000000015088330139405632,0.000126906093414189961980,0.000000763390841038197558,0.000000763390841038197558,0.000000007996328030631629,0.000084153936747252824823,0.000019390485032122582899,0.000000007996412488413097,0.000762525274906762232078,0.000000000000000633768094,0.000000000000000316880879,0.000000000000704186770998,0.000000000000352089864601,0.000100000000000000000000,0.000000100000000000000000,5.237437730853570000000000,1.000022001120010000000000,0.000110239452327806533440,0.000061292188054452671691,-0.000025965930960111941814,-0.000025965930960111941814,False,131,100,0.068682414817280000000000,5.700640429834240000000000,0.000006000000000000000000,0.000000045405871494174400,0.000933768726293941416681,0.763607634000000000000000,0.000002480293008497603467,True,0.001111867834564408919754,two-mode,False,0.730041605986459196358227,,,,
2.5,combined,0.000059075000000000000000,certified_conditional,0.000000000000000000000001,83,0.002064082494271309262650,mid_flat,,0.001836497731399708462768,0.001836497731399708462769,166.242662410000000000000000,35,631158312,direct-fast,1469,0.300000000000000000000000,0.286749738165016374946010,-0.013250261834983625053990,2935621064,2.935591707789360000000000,0.000000000465843000000000,2.668719733930470000000000,1005.590380697595804529794510,1515.600215325117206031796669,79341.513502432952320000000000,0.000000159439492264474971,0.023816716574889509378924,0.012867450517139623374262,0.023816716574889509378924,1005.590380697595804529794510,joint,peak,0.000998889132165435591081,0.000001110867834564408919,0.000060185867834564408920,0.009509888321975481003256,0.010207635057976757355873,0.010207635057976757355873,0.009509888321975481003256,0.010207635057976757355873,0.009197277662098795180907,0.000000015088330139405632,0.000126906093414189961980,0.000000763390841038197558,0.000000763390841038197558,0.000000007996328030631629,0.000084154700121298779023,0.000019390485032122582899,0.000000007996412488413097,0.000762526038280808186278,0.000000000000000633768094,0.000000000000000316880879,0.000000000000704186770998,0.000000000000352089864601,0.000100000000000000000000,0.000000100000000000000000,5.237437730853570000000000,1.000022001120010000000000,0.000110240452327806533440,0.000061292092588878594448,-0.000025966026424677715570,-0.000025966026424677715570,False,131,100,0.068682414817280000000000,5.700640429834240000000000,0.000006000000000000000000,0.000000045405871494174400,0.000933768726293941416681,0.763607634000000000000000,0.000002480293008497603467,True,0.001110867834564408919754,two-mode,False,0.730041605986459196358227,,,,
2.5,combined,0.000059677757818949603249,certified_conditional,0.000000000000000000000001,83,0.002064082494271309262650,mid_flat,,0.001836497731399708462768,0.001836497731399708462769,166.242662410000000000000000,35,631158312,direct-fast,1469,0.300000000000000000000000,0.286749738165016374946010,-0.013250261834983625053990,2935621064,2.935591707789360000000000,0.000000000465843000000000,2.668719733930470000000000,1005.590380697595804529794510,1515.600215325117206031796669,79341.513502432952320000000000,0.000000159439492264474971,0.023816716574889509378924,0.012867450517139623374262,0.023816716574889509378924,1005.590380697595804529794510,joint,peak,0.000999491889984385194329,0.000000508110015614805671,0.000060185867834564408920,0.009510348451650463091050,0.010208095187651739443667,0.010208095187651739443667,0.009510348451650463091050,0.010208095187651739443667,0.009197277662098795180907,0.000000015088330139405632,0.000126906093414189961980,0.000000763390841038197558,0.000000763390841038197558,0.000000007996328030631629,0.000084614829796280866817,0.000019390485032122582899,0.000000007996412488413097,0.000762986167955790274072,0.000000000000000633768094,0.000000000000000316880879,0.000000000000704186770998,0.000000000000352089864601,0.000100000000000000000000,0.000000100000000000000000,5.237437730853570000000000,1.000022001120010000000000,0.000110843210146756136689,0.000061234549967663023550,-0.000026023568438130475985,-0.000026023568438130475985,False,131,100,0.068682414817280000000000,5.700640429834240000000000,0.000006000000000000000000,0.000000045405871494174400,0.000933768726293941416681,0.763607634000000000000000,0.000002480293008497603467,True,0.000508110015614805671070,two-mode,False,0.730041605986459196358227,,,,
2.5,combined,0.000060557553984308658090,certified_conditional,0.000000000000000000000001,81,0.002114426942553921278735,mid_flat,,0.001881291224545546860993,0.001881291224545546860994,166.242662410000000000000000,35,631158312,direct-fast,1508,0.300000000000000000000000,0.196406993584687458104674,-0.103593006415312541895326,2935621064,2.935591707789360000000000,0.000000000465843000000000,2.668719733930470000000000,1004.392837413210148783855693,1513.347842512922955461994845,77429.669803579146240000000000,0.000000155643313877225567,0.023816727532568724392791,0.012844620466700781626796,0.023816727532568724392791,1004.392837413210148783855693,joint,peak,0.000999259674252248847321,0.000000740325747751152679,0.000061297879732059810769,0.009737264148249885768962,0.010434883224550426272475,0.010434883224550426272475,0.009737264148249885768962,0.010434883224550426272475,0.009424370937706172839695,0.000000015088330139405632,0.000126906093414189961980,0.000000763390841038197558,0.000000763390841038197558,0.000000007996328030631629,0.000084437250788325885940,0.000019262513786406892879,0.000000007996412488413097,0.000762808900492815134113,0.000000000000000633768094,0.000000000000000316880879,0.000000000000704186770998,0.000000000000352089864601,0.000100000000000000000000,0.000000100000000000000000,5.237437730853570000000000,1.000022001120010000000000,0.000110610586298858594926,0.000032857062734751362800,-0.000054384791327433094632,-0.000054384791327433094632,False,131,100,0.068682414817280000000000,5.563275600199680000000000,0.000006000000000000000000,0.000000045405871494174400,0.000932656714396446014832,0.763607634000000000000000,0.000002480293008497603467,True,0.000740325747751152679518,two-mode,False,0.730041605986459196358227,,,,
2.5,combined,0.000061437350149667712931,certified_conditional,0.000000000000000000000001,79,0.002167288613250663895625,mid_flat,,0.001928324392348677179129,0.001928324392348677179130,166.242662410000000000000000,35,631158312,direct-fast,1549,0.300000000000000000000000,0.086547111775342095421272,-0.213452888224657904578728,2935621064,2.935591707789360000000000,0.000000000465843000000000,2.668719733930470000000000,1003.195294128824493037916875,1511.088535223647161641153528,75517.826104725340160000000000,0.000000151847135489976163,0.023816738490247939406658,0.012821790416261939879329,0.023816738490247939406658,1003.195294128824493037916875,joint,peak,0.000999027458520112500313,0.000000972541479887499687,0.000062409891629555212619,0.009975678238550947822002,0.010673169655150752476412,0.010673169655150752476412,0.009975678238550947822002,0.010673169655150752476412,0.009662962607015189873611,0.000000015088330139405632,0.000126906093414189961980,0.000000763390841038197558,0.000000763390841038197558,0.000000007996328030631629,0.000084259671780370905064,0.000019134542540691202858,0.000000007996412488413097,0.000762631633029839994154,0.000000000000000633768094,0.000000000000000316880879,0.000000000000704186770998,0.000000000000352089864601,0.000100000000000000000000,0.000000100000000000000000,5.237437730853570000000000,1.000022001120010000000000,0.000110377962450961053164,0.000003041616271353866259,-0.000084183958259555001767,-0.000084183958259555001767,False,131,100,0.068682414817280000000000,5.425910770565120000000000,0.000006000000000000000000,0.000000045405871494174400,0.000931544702498950612982,0.763607634000000000000000,0.000002480293008497603467,True,0.000972541479887499687967,two-mode,False,0.730041605986459196358227,,,,
2.5,combined,0.000062317146315026767772,certified_conditional,0.000000000000000000000001,79,0.002167288613250663895625,mid_flat,,0.001928324392348677179129,0.001928324392348677179130,166.242662410000000000000000,35,631158312,direct-fast,1549,0.300000000000000000000000,0.086547111775342095421272,-0.213452888224657904578728,2935621064,2.935591707789360000000000,0.000000000465843000000000,2.668719733930470000000000,1003.195294128824493037916875,1511.088535223647161641153528,75517.826104725340160000000000,0.000000151847135489976163,0.023816738490247939406658,0.012821790416261939879329,0.023816738490247939406658,1003.195294128824493037916875,joint,peak,0.000999907254685471555153,0.000000092745314528444847,0.000062409891629555212619,0.009976349852109312954074,0.010673841268709117608484,0.010673841268709117608484,0.009976349852109312954074,0.010673841268709117608484,0.009662962607015189873611,0.000000015088330139405632,0.000126906093414189961980,0.000000763390841038197558,0.000000763390841038197558,0.000000007996328030631629,0.000084931285338736037136,0.000019134542540691202858,0.000000007996412488413097,0.000763303246588205126226,0.000000000000000633768094,0.000000000000000316880879,0.000000000000704186770998,0.000000000000352089864601,0.000100000000000000000000,0.000000100000000000000000,5.237437730853570000000000,1.000022001120010000000000,0.000111257758616320108004,0.000002957626025356906896,-0.000084267947618450420013,-0.000084267947618450420013,False,131,100,0.068682414817280000000000,5.425910770565120000000000,0.000006000000000000000000,0.000000045405871494174400,0.000931544702498950612982,0.763607634000000000000000,0.000002480293008497603467,True,0.000092745314528444847178,two-mode,False,0.730041605986459196358227,,,,
2.5,combined,0.000063196942480385822612,certified_conditional,0.000000000000000000000001,77,0.002222861138854931774918,mid_flat,,0.001977769517475044949477,0.001977769517475044949478,166.242662410000000000000000,35,631158312,direct-fast,1592,0.300000000000000000000000,0.001822620642440560292567,-0.298177379357559439707433,2935621064,2.935591707789360000000000,0.000000000465843000000000,2.668719733930470000000000,1001.997750844438837291978058,1508.821760035975859703808144,73605.982405871534080000000000,0.000000148050957102726759,0.023816749447927154420525,0.012798960365823098131863,0.023816749447927154420525,1001.997750844438837291978058,joint,peak,0.000999675038953335208145,0.000000324961046664791855,0.000063521903527050614468,0.010227158314842012255629,0.010924522071741081060936,0.010924522071741081060936,0.010227158314842012255629,0.010924522071741081060936,0.009913948648755844156043,0.000000015088330139405632,0.000126906093414189961980,0.000000763390841038197558,0.000000763390841038197558,0.000000007996328030631629,0.000084753706330781056259,0.000019006571294975512837,0.000000007996412488413097,0.000763125979125229986267,0.000000000000000633768094,0.000000000000000316880879,0.000000000000704186770998,0.000000000000352089864601,0.000100000000000000000000,0.000000100000000000000000,5.237437730853570000000000,1.000022001120010000000000,0.000111025134768422566242,-0.000028407828439733113939,-0.000115617106181143767986,-0.000115617106181143767986,False,131,100,0.068682414817280000000000,5.288545940930560000000000,0.000006000000000000000000,0.000000045405871494174400,0.000930432690601455211133,0.763607634000000000000000,0.000002480293008497603467,True,0.000324961046664791855626,two-mode,False,0.730041605986459196358227,,,,
2.5,combined,0.000064076738645744877453,certified_conditional,0.000000000000000000000001,75,0.002281358534227845332070,mid_flat,,0.002029817017608063655106,0.002029817017608063655107,166.242662410000000000000000,35,631158312,direct-fast,1636,0.300000000000000000000000,0.291586314186754733841299,-0.008413685813245266158701,2935621064,2.935591707789360000000000,0.000000000465843000000000,2.668719733930470000000000,1000.800207560053181546039241,1506.546927378983088482866265,71694.138707017728000000000000,0.000000144254778715477354,0.023816760405606369434391,0.012776130315384256384396,0.023816760405606369434391,1000.800207560053181546039241,joint,peak,0.000999442823221198861136,0.000000557176778801138864,0.000064633915424546016317,0.010491352699800879785580,0.011188588796999212741784,0.011188588796999212741784,0.010491352699800879785580,0.011188588796999212741784,0.010178320612722666666871,0.000000015088330139405632,0.000126906093414189961980,0.000000763390841038197558,0.000000763390841038197558,0.000000007996328030631629,0.000084576127322826075383,0.000018878600049259822817,0.000000007996412488413097,0.000762948711662254846308,0.000000000000000633768094,0.000000000000000316880879,0.000000000000704186770998,0.000000000000352089864601,0.000100000000000000000000,0.000000100000000000000000,5.237437730853570000000000,1.000022001120010000000000,0.000110792510920525024479,-0.000061447291546651061013,-0.000148640255704854272065,-0.000148640255704854272065,False,131,100,0.068682414817280000000000,5.151181111296000000000000,0.000006000000000000000000,0.000000045405871494174400,0.000929320678703959809284,0.763607634000000000000000,0.000002480293008497603467,True,0.000557176778801138864075,two-mode,False,0.730041605986459196358227,,,,
2.5,combined,0.000064750000000000000000,certified_conditional,0.000000000000000000000001,73,0.002343017950972267730148,mid_flat,,0.002084677896126650939418,0.002084677896126650939419,166.242662410000000000000000,35,631158312,direct-fast,1684,0.300000000000000000000000,0.110526423598329132987259,-0.189473576401670867012741,2935621064,2.935591707789360000000000,0.000000000465843000000000,2.668719733930470000000000,999.602664275667525800100424,1504.263383944345485603982230,69782.295008163921920000000000,0.000000140458600328227950,0.023816771363285584448258,0.012753300264945414636929,0.023816771363285584448258,999.602664275667525800100424,joint,peak,0.000999004072677958581835,0.000000995927322041418165,0.000065745927322041418166,0.010769875556457245205829,0.011466983993954842312930,0.011466983993954842312930,0.010769875556457245205829,0.011466983993954842312930,0.010457178711701369863223,0.000000015088330139405632,0.000126906093414189961980,0.000000763390841038197558,0.000000763390841038197558,0.000000007996328030631629,0.000084240885000488299279,0.000018750628803544132796,0.000000007996412488413097,0.000762613780884896911122,0.000000000000000633768094,0.000000000000000316880879,0.000000000000704186770998,0.000000000000352089864601,0.000100000000000000000000,0.000000100000000000000000,5.237437730853570000000000,1.000022001120010000000000,0.000110353352261523550423,-0.000096278636082471079669,-0.000183455267731688524182,-0.000183455267731688524182,False,131,100,0.068682414817280000000000,5.013816281661440000000000,0.000006000000000000000000,0.000000045405871494174400,0.000928208666806464407435,0.763607634000000000000000,0.000002480293008497603467,True,0.000995927322041418165945,two-mode,False,0.730041605986459196358227,,,,
2.5,combined,0.000064956534811103932294,certified_conditional,0.000000000000000000000001,73,0.002343017950972267730148,mid_flat,,0.002084677896126650939418,0.002084677896126650939419,166.242662410000000000000000,35,631158312,direct-fast,1684,0.300000000000000000000000,0.110526423598329132987259,-0.189473576401670867012741,2935621064,2.935591707789360000000000,0.000000000465843000000000,2.668719733930470000000000,999.602664275667525800100424,1504.263383944345485603982230,69782.295008163921920000000000,0.000000140458600328227950,0.023816771363285584448258,0.012753300264945414636929,0.023816771363285584448258,999.602664275667525800100424,joint,peak,0.000999210607489062514128,0.000000789392510937485872,0.000065745927322041418166,0.010770033219771628001056,0.011467141657269225108157,0.011467141657269225108157,0.010770033219771628001056,0.011467141657269225108157,0.010457178711701369863223,0.000000015088330139405632,0.000126906093414189961980,0.000000763390841038197558,0.000000763390841038197558,0.000000007996328030631629,0.000084398548314871094506,0.000018750628803544132796,0.000000007996412488413097,0.000762771444199279706349,0.000000000000000633768094,0.000000000000000316880879,0.000000000000704186770998,0.000000000000352089864601,0.000100000000000000000000,0.000000100000000000000000,5.237437730853570000000000,1.000022001120010000000000,0.000110559887072627482717,-0.000096298353046780051550,-0.000183474984487747725902,-0.000183474984487747725902,False,131,100,0.068682414817280000000000,5.013816281661440000000000,0.000006000000000000000000,0.000000045405871494174400,0.000928208666806464407435,0.763607634000000000000000,0.000002480293008497603467,True,0.000789392510937485872524,two-mode,False,0.730041605986459196358227,,,,
2.5,combined,0.000065836330976462987135,certified_conditional,0.000000000000000000000001,71,0.002408102890869158039231,mid_flat,,0.002142586601229604183970,0.002142586601229604183971,166.242662410000000000000000,35,631158312,direct-fast,1734,0.300000000000000000000000,0.119407650199435443196884,-0.180592349800564556803116,2935621064,2.935591707789360000000000,0.000000000465843000000000,2.668719733930470000000000,998.405120991281870054161606,1501.970403833925981762327526,67870.451309310115840000000000,0.000000136662421940978546,0.023816782320964799462125,0.012730470214506572889463,0.023816782320964799462125,998.405120991281870054161606,joint,peak,0.000998978391756926167120,0.000001021608243073832880,0.000066857939219536820016,0.011064424055177796114918,0.011761404832974657372916,0.011761404832974657372916,0.011064424055177796114918,0.011761404832974657372916,0.010751747126115492957962,0.000000015088330139405632,0.000126906093414189961980,0.000000763390841038197558,0.000000763390841038197558,0.000000007996328030631629,0.000084220969306916113630,0.000018622657557828442775,0.000000007996412488413097,0.000762594176736304566390,0.000000000000000633768094,0.000000000000000316880879,0.000000000000704186770998,0.000000000000352089864601,0.000100000000000000000000,0.000000100000000000000000,5.237437730853570000000000,1.000022001120010000000000,0.000110327263224729940954,-0.000133114105762081582181,-0.000220274383734825505532,-0.000220274383734825505532,False,131,100,0.068682414817280000000000,4.876451452026880000000000,0.000006000000000000000000,0.000000045405871494174400,0.000927096654908969005585,0.763607634000000000000000,0.000002480293008497603467,True,0.001021608243073832880972,two-mode,False,0.735408823677528335473834,,,,
2.5,combined,0.000066716127141822041975,certified_conditional,0.000000000000000000000001,71,0.002408102890869158039231,mid_flat,,0.002142586601229604183970,0.002142586601229604183971,166.242662410000000000000000,35,631158312,direct-fast,1734,0.300000000000000000000000,0.119407650199435443196884,-0.180592349800564556803116,2935621064,2.935591707789360000000000,0.000000000465843000000000,2.668719733930470000000000,998.405120991281870054161606,1501.970403833925981762327526,67870.451309310115840000000000,0.000000136662421940978546,0.023816782320964799462125,0.012730470214506572889463,0.023816782320964799462125,998.405120991281870054161606,joint,peak,0.000999858187922285221960,0.000000141812077714778040,0.000066857939219536820016,0.011065095668736161246990,0.011762076446533022504988,0.011762076446533022504988,0.011065095668736161246990,0.011762076446533022504988,0.010751747126115492957962,0.000000015088330139405632,0.000126906093414189961980,0.000000763390841038197558,0.000000763390841038197558,0.000000007996328030631629,0.000084892582865281245702,0.000018622657557828442775,0.000000007996412488413097,0.000763265790294669698462,0.000000000000000633768094,0.000000000000000316880879,0.000000000000704186770998,0.000000000000352089864601,0.000100000000000000000000,0.000000100000000000000000,5.237437730853570000000000,1.000022001120010000000000,0.000111207059390088995795,-0.000133198096008078541544,-0.000220358373093720923777,-0.000220358373093720923777,False,131,100,0.068682414817280000000000,4.876451452026880000000000,0.000006000000000000000000,0.000000045405871494174400,0.000927096654908969005585,0.763607634000000000000000,0.000002480293008497603467,True,0.000141812077714778040183,two-mode,False,0.735408823677528335473834,,,,
2.5,combined,0.000067595923307181096816,certified_conditional,0.000000000000000000000001,69,0.002476906970188727794547,mid_flat,,0.002203804375195583328210,0.002203804375195583328211,166.242662410000000000000000,35,631158312,direct-fast,1787,0.300000000000000000000000,0.085939232606319256847059,-0.214060767393680743152941,2935621064,2.935591707789360000000000,0.000000000465843000000000,2.668719733930470000000000,997.207577706896214308222789,1499.667178189800414018236096,65958.607610456309760000000000,0.000000132866243553729142,0.023816793278644014475992,0.012707640164067731141996,0.023816793278644014475992,997.207577706896214308222789,joint,peak,0.000999625972190148874952,0.000000374027809851125048,0.000067969951117032221865,0.011376562933963437946055,0.012073416052059563354950,0.012073416052059563354950,0.011376562933963437946055,0.012073416052059563354950,0.011063391970350724637903,0.000000015088330139405632,0.000126906093414189961980,0.000000763390841038197558,0.000000763390841038197558,0.000000007996328030631629,0.000084715003857326264825,0.000018494686312112752755,0.000000007996412488413097,0.000763088522831694558503,0.000000000000000633768094,0.000000000000000316880879,0.000000000000704186770998,0.000000000000352089864601,0.000100000000000000000000,0.000000100000000000000000,5.237437730853570000000000,1.000022001120010000000000,0.000110974435542191454032,-0.000172149382652915441843,-0.000259293283714912101009,-0.000259293283714912101009,False,131,100,0.068682414817280000000000,4.739086622392320000000000,0.000006000000000000000000,0.000000045405871494174400,0.000925984643011473603736,0.763607634000000000000000,0.000002480293008497603467,True,0.000374027809851125048632,two-mode,False,0.735408823677528335473834,,,,
2.5,combined,0.000068475719472540151657,certified_conditional,0.000000000000000000000001,67,0.002549758348291801653118,mid_flat,,0.002268623194688973010347,0.002268623194688973010348,166.242662410000000000000000,35,631158312,direct-fast,1843,0.300000000000000000000000,0.085796202213608000711950,-0.214203797786391999288050,2935621064,2.935591707789360000000000,0.000000000465843000000000,2.668719733930470000000000,996.010034422510558562283972,1497.352802994288835556787052,64046.763911602503680000000000,0.000000129070065166479738,0.023816804236323229489859,0.012684810113628889394530,0.023816804236323229489859,996.010034422510558562283972,joint,peak,0.000999393756458012527943,0.000000606243541987472057,0.000069081963014527623714,0.011706635861533116536459,0.012403361319928506096251,0.012403361319928506096251,0.011706635861533116536459,0.012403361319928506096251,0.011393642476928358209184,0.000000015088330139405632,0.000126906093414189961980,0.000000763390841038197558,0.000000763390841038197558,0.000000007996328030631629,0.000084537424849371283949,0.000018366715066397062734,0.000000007996412488413097,0.000762911255368719418544,0.000000000000000633768094,0.000000000000000316880879,0.000000000000704186770998,0.000000000000352089864601,0.000100000000000000000000,0.000000100000000000000000,5.237437730853570000000000,1.000022001120010000000000,0.000110741811694293912270,-0.000213427445071723715062,-0.000300554945534764144285,-0.000300554945534764144285,False,131,100,0.068682414817280000000000,4.601721792757760000000000,0.000006000000000000000000,0.000000045405871494174400,0.000924872631113978201887,0.763607634000000000000000,0.000002480293008497603467,True,0.000606243541987472057080,two-mode,False,0.735408823677528335473834,,,,
2.5,combined,0.000069355515637899206498,certified_conditional,0.000000000000000000000001,65,0.002627024961431425442510,mid_flat,,0.002337370427484992370189,0.002337370427484992370190,166.242662410000000000000000,35,631158312,direct-fast,1902,0.300000000000000000000000,0.203826321494065759356531,-0.096173678505934240643469,2935621064,2.935591707789360000000000,0.000000000465843000000000,2.668719733930470000000000,994.812491138124902816345154,1495.026264651810699949129702,62134.920212748697600000000000,0.000000125273886779230334,0.023816815194002444503726,0.012661980063190047647063,0.023816815194002444503726,994.812491138124902816345154,joint,peak,0.000999161540725876180935,0.000000838459274123819065,0.000070193974912023025563,0.012057031897199880269711,0.012753629695894533980400,0.012753629695894533980400,0.012057031897199880269711,0.012753629695894533980400,0.011744216091603076923312,0.000000015088330139405632,0.000126906093414189961980,0.000000763390841038197558,0.000000763390841038197558,0.000000007996328030631629,0.000084359845841416303072,0.000018238743820681372713,0.000000007996412488413097,0.000762733987905744278585,0.000000000000000633768094,0.000000000000000316880879,0.000000000000704186770998,0.000000000000352089864601,0.000100000000000000000000,0.000000100000000000000000,5.237437730853570000000000,1.000022001120010000000000,0.000110509187846396370507,-0.000257247062566716103318,-0.000344358135586999595085,-0.000344358135586999595085,False,131,100,0.068682414817280000000000,4.464356963123200000000000,0.000006000000000000000000,0.000000045405871494174400,0.000923760619216482800038,0.763607634000000000000000,0.000002480293008497603467,True,0.000838459274123819065529,two-mode,False,0.735408823677528335473834,,,,
2.5,combined,0.000070235311803258261339,certified_conditional,0.000000000000000000000001,63,0.002709120737892275718740,mid_flat,,0.002410414362330762940022,0.002410414362330762940023,166.242662410000000000000000,35,631158312,direct-fast,1965,0.300000000000000000000000,0.235483323229552127916399,-0.064516676770447872083601,2935621064,2.935591707789360000000000,0.000000000465843000000000,2.668719733930470000000000,993.614947853739247070406337,1492.686422867337892462807017,60223.076513894891520000000000,0.000000121477708391980930,0.023816826151681659517593,0.012639150012751205899597,0.023816826151681659517593,993.614947853739247070406337,joint,peak,0.000998929324993739833927,0.000001070675006260166073,0.000071305986809518427413,0.012429686575068213445130,0.013126156714062131306716,0.013126156714062131306716,0.012429686575068213445130,0.013126156714062131306716,0.012117048348479365079608,0.000000015088330139405632,0.000126906093414189961980,0.000000763390841038197558,0.000000763390841038197558,0.000000007996328030631629,0.000084182266833461322196,0.000018110772574965682693,0.000000007996412488413097,0.000762556720442769138627,0.000000000000000633768094,0.000000000000000316880879,0.000000000000704186770998,0.000000000000352089864601,0.000100000000000000000000,0.000000100000000000000000,5.237437730853570000000000,1.000022001120010000000000,0.000110276563998498828745,-0.000303850288002291093757,-0.000390944904179464492222,-0.000390944904179464492222,False,131,100,0.068682414817280000000000,4.326992133488640000000000,0.000006000000000000000000,0.000000045405871494174400,0.000922648607318987398188,0.763607634000000000000000,0.000002480293008497603467,True,0.001070675006260166073978,two-mode,False,0.735408823677528335473834,,,,
2.5,combined,0.000071115107968617316179,certified_conditional,0.000000000000000000000001,63,0.002709120737892275718740,mid_flat,,0.002410414362330762940022,0.002410414362330762940023,166.242662410000000000000000,35,631158312,direct-fast,1965,0.300000000000000000000000,0.235483323229552127916399,-0.064516676770447872083601,2935621064,2.935591707789360000000000,0.000000000465843000000000,2.668719733930470000000000,993.614947853739247070406337,1492.686422867337892462807017,60223.076513894891520000000000,0.000000121477708391980930,0.023816826151681659517593,0.012639150012751205899597,0.023816826151681659517593,993.614947853739247070406337,joint,peak,0.000999809121159098888767,0.000000190878840901111233,0.000071305986809518427413,0.012430358188626578577202,0.013126828327620496438788,0.013126828327620496438788,0.012430358188626578577202,0.013126828327620496438788,0.012117048348479365079608,0.000000015088330139405632,0.000126906093414189961980,0.000000763390841038197558,0.000000763390841038197558,0.000000007996328030631629,0.000084853880391826454268,0.000018110772574965682693,0.000000007996412488413097,0.000763228334001134270699,0.000000000000000633768094,0.000000000000000316880879,0.000000000000704186770998,0.000000000000352089864601,0.000100000000000000000000,0.000000100000000000000000,5.237437730853570000000000,1.000022001120010000000000,0.000111156360163857883585,-0.000303934278248288053120,-0.000391028893538359910468,-0.000391028893538359910468,False,131,100,0.068682414817280000000000,4.326992133488640000000000,0.000006000000000000000000,0.000000045405871494174400,0.000922648607318987398188,0.763607634000000000000000,0.000002480293008497603467,True,0.000190878840901111233188,two-mode,False,0.735408823677528335473834,,,,
2.5,combined,0.000071994904133976371020,certified_conditional,0.000000000000000000000001,61,0.002796513016060277625694,mid_flat,,0.002488170809102067095004,0.002488170809102067095005,166.242662410000000000000000,35,631158312,direct-fast,2032,0.300000000000000000000000,0.288537550883456971867226,-0.011462449116543028132774,2935621064,2.935591707789360000000000,0.000000000465843000000000,2.668719733930470000000000,992.417404569353591324467520,1490.331990210999960980528804,58311.232815041085440000000000,0.000000117681530004731526,0.023816837109360874531460,0.012616319962312364152130,0.023816837109360874531460,992.417404569353591324467520,joint,peak,0.000999576905426962541759,0.000000423094573037458241,0.000072417998707013829262,0.012827460883339258516969,0.013523803362632440529451,0.013523803362632440529451,0.012827460883339258516969,0.013523803362632440529451,0.012514328622200000000251,0.000000015088330139405632,0.000126906093414189961980,0.000000763390841038197558,0.000000763390841038197558,0.000000007996328030631629,0.000084676301383871473391,0.000017982801329249992672,0.000000007996412488413097,0.000763051066538159130740,0.000000000000000633768094,0.000000000000000316880879,0.000000000000704186770998,0.000000000000352089864601,0.000100000000000000000000,0.000000100000000000000000,5.237437730853570000000000,1.000022001120010000000000,0.000110923736315960341823,-0.000353594909126798032843,-0.000440673035281568625712,-0.000440673035281568625712,False,131,100,0.068682414817280000000000,4.189627303854080000000000,0.000006000000000000000000,0.000000045405871494174400,0.000921536595421491996339,0.763607634000000000000000,0.000002480293008497603467,True,0.000423094573037458241637,two-mode,False,0.735408823677528335473834,,,,
2.5,combined,0.000072874700299335425861,certified_conditional,0.000000000000000000000001,59,0.002889731446106146326445,mid_flat,,0.002571111018991458193653,0.002571111018991458193654,166.242662410000000000000000,35,631158312,direct-fast,2104,0.300000000000000000000000,0.185128727047622138748108,-0.114871272952377861251892,2935621064,2.935591707789360000000000,0.000000000465843000000000,2.668719733930470000000000,991.219861284967935578528703,1487.961507595610393102699509,56399.389116187279360000000000,0.000000113885351617482122,0.023816848067040089545327,0.012593489911873522404664,0.023816848067040089545327,991.219861284967935578528703,joint,peak,0.000999344689694826194750,0.000000655310305173805250,0.000073530010604509231111,0.013251497833897405231016,0.013947712653489851394395,0.013947712653489851394395,0.013251497833897405231016,0.013947712653489851394395,0.012938543151766101695175,0.000000015088330139405632,0.000126906093414189961980,0.000000763390841038197558,0.000000763390841038197558,0.000000007996328030631629,0.000084498722375916492515,0.000017854830083534302651,0.000000007996412488413097,0.000762873799075183990781,0.000000000000000633768094,0.000000000000000316880879,0.000000000000704186770998,0.000000000000352089864601,0.000100000000000000000000,0.000000100000000000000000,5.237437730853570000000000,1.000022001120010000000000,0.000110691112468062800060,-0.000406623868035660119403,-0.000493685469478986632091,-0.000493685469478986632091,False,131,100,0.068682414817280000000000,4.052262474219520000000000,0.000006000000000000000000,0.000000045405871494174400,0.000920424583523996594490,0.763607634000000000000000,0.000002480293008497603467,True,0.000655310305173805250085,two-mode,False,0.740855555704761461835599,,,,
2.5,combined,0.000073754496464694480702,certified_conditional,0.000000000000000000000001,57,0.002989378733396557696213,mid_flat,,0.002659771243355979712897,0.002659771243355979712898,166.242662410000000000000000,35,631158312,direct-fast,2181,0.300000000000000000000000,0.064243432602419386103534,-0.235756567397580613896466,2935621064,2.935591707789360000000000,0.000000000465843000000000,2.668719733930470000000000,990.022318000582279832589885,1485.573314680577640236675917,54487.545417333473280000000000,0.000000110089173230232718,0.023816859024719304559194,0.012570659861434680657197,0.023816859024719304559194,990.022318000582279832589885,joint,peak,0.000999112473962689847742,0.000000887526037310152258,0.000074642022502004632960,0.013705304225126857327163,0.014401391385018567641439,0.014401391385018567641439,0.013705304225126857327163,0.014401391385018567641439,0.013392527122003508772198,0.000000015088330139405632,0.000126906093414189961980,0.000000763390841038197558,0.000000763390841038197558,0.000000007996328030631629,0.000084321143367961511638,0.000017726858837818612631,0.000000007996412488413097,0.000762696531612208850822,0.000000000000000633768094,0.000000000000000316880879,0.000000000000704186770998,0.000000000000352089864601,0.000100000000000000000000,0.000000100000000000000000,5.237437730853570000000000,1.000022001120010000000000,0.000110458488620165258298,-0.000463375715820174534573,-0.000550420753231057012883,-0.000550420753231057012883,False,131,100,0.068682414817280000000000,3.914897644584960000000000,0.000006000000000000000000,0.000000045405871494174400,0.000919312571626501192641,0.763607634000000000000000,0.000002480293008497603467,True,0.000887526037310152258534,two-mode,False,0.740855555704761461835599,,,,
2.5,combined,0.000074634292630053535543,certified_conditional,0.000000000000000000000001,57,0.002989378733396557696213,mid_flat,,0.002659771243355979712897,0.002659771243355979712898,166.242662410000000000000000,35,631158312,direct-fast,2181,0.300000000000000000000000,0.064243432602419386103534,-0.235756567397580613896466,2935621064,2.935591707789360000000000,0.000000000465843000000000,2.668719733930470000000000,990.022318000582279832589885,1485.573314680577640236675917,54487.545417333473280000000000,0.000000110089173230232718,0.023816859024719304559194,0.012570659861434680657197,0.023816859024719304559194,990.022318000582279832589885,joint,peak,0.000999992270128048902583,0.000000007729871951097417,0.000074642022502004632960,0.013705975838685222459235,0.014402062998576932773511,0.014402062998576932773511,0.013705975838685222459235,0.014402062998576932773511,0.013392527122003508772198,0.000000015088330139405632,0.000126906093414189961980,0.000000763390841038197558,0.000000763390841038197558,0.000000007996328030631629,0.000084992756926326643711,0.000017726858837818612631,0.000000007996412488413097,0.000763368145170573982894,0.000000000000000633768094,0.000000000000000316880879,0.000000000000704186770998,0.000000000000352089864601,0.000100000000000000000000,0.000000100000000000000000,5.237437730853570000000000,1.000022001120010000000000,0.000111338284785524313139,-0.000463459706066171493936,-0.000550504742589952431129,-0.000550504742589952431129,False,131,100,0.068682414817280000000000,3.914897644584960000000000,0.000006000000000000000000,0.000000045405871494174400,0.000919312571626501192641,0.763607634000000000000000,0.000002480293008497603467,True,0.000007729871951097417745,two-mode,False,0.740855555704761461835599,,,,
2.5,combined,0.000075514088795412590383,certified_conditional,0.000000000000000000000001,55,0.003096143684064855592393,mid_flat,,0.002754764340889395626374,0.002754764340889395626375,166.242662410000000000000000,35,631158312,direct-fast,2271,0.100000000000000000000000,0.050487381502914358819938,-0.049512618497085641180062,2935621064,2.935591707789360000000000,0.000000000465843000000000,2.668719733930470000000000,988.824774716196624086651068,1483.165513933797075419437211,52575.701718479667200000000000,0.000000106292994842983314,0.023816869982398519573061,0.012547829810995838909731,0.023816869982398519573061,988.824774716196624086651068,joint,peak,0.000999760054395912555574,0.000000239945604087444426,0.000075754034399500034810,0.014192799245931940524620,0.014888758746122914989794,0.014888758746122914989794,0.014192799245931940524620,0.014888758746122914989794,0.013879528108258181818460,0.000000015088330139405632,0.000126906093414189961980,0.000000763390841038197558,0.000000763390841038197558,0.000000007996328030631629,0.000084815177918371662834,0.000017598887592102922610,0.000000007996412488413097,0.000763190877707598842935,0.000000000000000633768094,0.000000000000000316880879,0.000000000000704186770998,0.000000000000352089864601,0.000100000000000000000000,0.000000100000000000000000,5.237437730853570000000000,1.000022001120010000000000,0.000111105660937626771376,-0.000524340576058227582654,-0.000611369004939000899906,-0.000611369004939000899906,False,131,100,0.068682414817280000000000,3.777532814950400000000000,0.000006000000000000000000,0.000000045405871494174400,0.000918200559729005790791,0.763607634000000000000000,0.000002480293008497603467,True,0.000239945604087444426193,two-mode,False,0.740855555704761461835599,,,,
2.5,combined,0.000076393884960771645224,certified_conditional,0.000000000000000000000001,53,0.003210817149597471851254,mid_flat,,0.002856793964166027533441,0.002856793964166027533442,166.242662410000000000000000,35,631158312,direct-fast,2368,0.100000000000000000000000,0.059889769325565195793435,-0.040110230674434804206565,2935621064,2.935591707789360000000000,0.000000000465843000000000,2.668719733930470000000000,987.627231431810968340712251,1480.735926707296719545292823,50663.858019625861120000000000,0.000000102496816455733910,0.023816880940077734586927,0.012524999760556997162264,0.023816880940077734586927,987.627231431810968340712251,joint,peak,0.000999527838663776208566,0.000000472161336223791434,0.000076866046296995436659,0.014716377444594105612365,0.015412209285084344228435,0.015412209285084344228435,0.014716377444594105612365,0.015412209285084344228435,0.014403283885928301887081,0.000000015088330139405632,0.000126906093414189961980,0.000000763390841038197558,0.000000763390841038197558,0.000000007996328030631629,0.000084637598910416681958,0.000017470916346387232589,0.000000007996412488413097,0.000763013610244623702976,0.000000000000000633768094,0.000000000000000316880879,0.000000000000704186770998,0.000000000000352089864601,0.000100000000000000000000,0.000000100000000000000000,5.237437730853570000000000,1.000022001120010000000000,0.000110873037089729229613,-0.000589817904734150817399,-0.000676829677424307994930,-0.000676829677424307994930,False,131,100,0.068682414817280000000000,3.640167985315840000000000,0.000006000000000000000000,0.000000045405871494174400,0.000917088547831510388942,0.763607634000000000000000,0.000002480293008497603467,True,0.000472161336223791434642,two-mode,False,0.740855555704761461835599,,,,
2.5,combined,0.000077273681126130700065,certified_conditional,0.000000000000000000000001,51,0.003334311650940289360796,mid_flat,,0.002966672020002400356437,0.002966672020002400356438,166.242662410000000000000000,35,631158312,direct-fast,2473,0.100000000000000000000000,0.016169263903804558687971,-0.083830736096195441312029,2935621064,2.935591707789360000000000,0.000000000465843000000000,2.668719733930470000000000,986.429688147425312594773433,1478.282039176493519799984404,48752.014320772055040000000000,0.000000098700638068484506,0.023816891897756949600794,0.012502169710118155414797,0.023816891897756949600794,986.429688147425312594773433,joint,peak,0.000999295622931639861557,0.000000704377068360138443,0.000077978058194490838508,0.015281034527779417372158,0.015976738708568920139125,0.015976738708568920139125,0.015281034527779417372158,0.015976738708568920139125,0.014968118548121568627751,0.000000015088330139405632,0.000126906093414189961980,0.000000763390841038197558,0.000000763390841038197558,0.000000007996328030631629,0.000084460019902461701081,0.000017342945100671542569,0.000000007996412488413097,0.000762836342781648563017,0.000000000000000633768094,0.000000000000000316880879,0.000000000000704186770998,0.000000000000352089864601,0.000100000000000000000000,0.000000100000000000000000,5.237437730853570000000000,1.000022001120010000000000,0.000110640413241831687851,-0.000660432451939102038880,-0.000747427514179551201642,-0.000747427514179551201642,False,131,100,0.068682414817280000000000,3.502803155681280000000000,0.000006000000000000000000,0.000000045405871494174400,0.000915976535934014987093,0.763607634000000000000000,0.000002480293008497603467,True,0.000704377068360138443091,two-mode,False,0.740855555704761461835599,,,,
2.5,combined,0.000078153477291489754906,certified_conditional,0.000000000000000000000001,49,0.003467685712390532271101,mid_flat,,0.003085340320305683005272,0.003085340320305683005273,166.242662410000000000000000,35,631158312,direct-fast,2586,0.100000000000000000000000,0.008951118048303070614070,-0.091048881951696929385930,2935621064,2.935591707789360000000000,0.000000000465843000000000,2.668719733930470000000000,985.232144863039656848834616,1475.800935304871134918972272,46840.170621918248960000000000,0.000000094904459681235102,0.023816902855436164614661,0.012479339659679313667331,0.023816902855436164614661,985.232144863039656848834616,joint,peak,0.000999063407199503514549,0.000000936592800496485451,0.000079090070091986240357,0.015891800562980506008741,0.016587377084069272926605,0.016587377084069272926605,0.015891800562980506008741,0.016587377084069272926605,0.015579062162330612245210,0.000000015088330139405632,0.000126906093414189961980,0.000000763390841038197558,0.000000763390841038197558,0.000000007996328030631629,0.000084282440894506720204,0.000017214973854955852548,0.000000007996412488413097,0.000762659075318673423058,0.000000000000000633768094,0.000000000000000316880879,0.000000000000704186770998,0.000000000000352089864601,0.000100000000000000000000,0.000000100000000000000000,5.237437730853570000000000,1.000022001120010000000000,0.000110407789393934146088,-0.000736813264839901000573,-0.000823791555727579839842,-0.000823791555727579839842,False,131,100,0.068682414817280000000000,3.365438326046720000000000,0.000006000000000000000000,0.000000045405871494174400,0.000914864524036519585244,0.763607634000000000000000,0.000002480293008497603467,True,0.000936592800496485451539,two-mode,False,0.740855555704761461835599,,,,
2.5,combined,0.000079033273456848809747,certified_conditional,0.000000000000000000000001,49,0.003467685712390532271101,mid_flat,,0.003085340320305683005272,0.003085340320305683005273,166.242662410000000000000000,35,631158312,direct-fast,2586,0.100000000000000000000000,0.008951118048303070614070,-0.091048881951696929385930,2935621064,2.935591707789360000000000,0.000000000465843000000000,2.668719733930470000000000,985.232144863039656848834616,1475.800935304871134918972272,46840.170621918248960000000000,0.000000094904459681235102,0.023816902855436164614661,0.012479339659679313667331,0.023816902855436164614661,985.232144863039656848834616,joint,peak,0.000999943203364862569390,0.000000056796635137430610,0.000079090070091986240357,0.015892472176538871140813,0.016588048697627638058677,0.016588048697627638058677,0.015892472176538871140813,0.016588048697627638058677,0.015579062162330612245210,0.000000015088330139405632,0.000126906093414189961980,0.000000763390841038197558,0.000000763390841038197558,0.000000007996328030631629,0.000084954054452871852277,0.000017214973854955852548,0.000000007996412488413097,0.000763330688877038555130,0.000000000000000633768094,0.000000000000000316880879,0.000000000000704186770998,0.000000000000352089864601,0.000100000000000000000000,0.000000100000000000000000,5.237437730853570000000000,1.000022001120010000000000,0.000111287585559293200929,-0.000736897255085897959936,-0.000823875545086475258087,-0.000823875545086475258087,False,131,100,0.068682414817280000000000,3.365438326046720000000000,0.000006000000000000000000,0.000000045405871494174400,0.000914864524036519585244,0.763607634000000000000000,0.000002480293008497603467,True,0.000056796635137430610750,two-mode,False,0.740855555704761461835599,,,,
2.5,combined,0.000079500000000000000000,certified_conditional,0.000000000000000000000001,47,0.003612174278961628757265,mid_flat,,0.003213897645634239208177,0.003213897645634239208178,166.242662410000000000000000,35,631158312,direct-fast,2708,0.100000000000000000000000,0.042798126704843125200677,-0.057201873295156874799323,2935621064,2.935591707789360000000000,0.000000000465843000000000,2.668719733930470000000000,984.034601578654001102895799,1473.289213049827166760293461,44928.326923064442880000000000,0.000000091108281293985698,0.023816913813115379628528,0.012456509609240471919864,0.023816913813115379628528,984.034601578654001102895799,joint,peak,0.000999297918010518357794,0.000000702081989481642206,0.000080202081989481642207,0.016554918086320474494811,0.017250366947708505563571,0.017250366947708505563571,0.016554918086320474494811,0.017250366947708505563571,0.016242000977748936170538,0.000000015088330139405632,0.000126906093414189961980,0.000000763390841038197558,0.000000763390841038197558,0.000000007996328030631629,0.000084461148816151280946,0.000017087002609240162527,0.000000007996412488413097,0.000762838094785297824717,0.000000000000000633768094,0.000000000000000316880879,0.000000000000704186770998,0.000000000000352089864601,0.000100000000000000000000,0.000000100000000000000000,5.237437730853570000000000,1.000022001120010000000000,0.000110641892089187794580,-0.000819741018778928557256,-0.000906702469165313745374,-0.000906702469165313745374,False,131,100,0.068682414817280000000000,3.228073496412160000000000,0.000006000000000000000000,0.000000045405871494174400,0.000913752512139024183394,0.763607634000000000000000,0.000002480293008497603467,True,0.000702081989481642206041,two-mode,False,0.746383582239863739337091,,,,
2.5,combined,0.000079913069622207864587,certified_conditional,0.000000000000000000000001,47,0.003612174278961628757265,mid_flat,,0.003213897645634239208177,0.003213897645634239208178,166.242662410000000000000000,35,631158312,direct-fast,2708,0.100000000000000000000000,0.042798126704843125200677,-0.057201873295156874799323,2935621064,2.935591707789360000000000,0.000000000465843000000000,2.668719733930470000000000,984.034601578654001102895799,1473.289213049827166760293461,44928.326923064442880000000000,0.000000091108281293985698,0.023816913813115379628528,0.012456509609240471919864,0.023816913813115379628528,984.034601578654001102895799,joint,peak,0.000999710987632726222381,0.000000289012367273777619,0.000080202081989481642207,0.016555233412949240085265,0.017250682274337271154025,0.017250682274337271154025,0.016555233412949240085265,0.017250682274337271154025,0.016242000977748936170538,0.000000015088330139405632,0.000126906093414189961980,0.000000763390841038197558,0.000000763390841038197558,0.000000007996328030631629,0.000084776475444916871400,0.000017087002609240162527,0.000000007996412488413097,0.000763153421414063415171,0.000000000000000633768094,0.000000000000000316880879,0.000000000000704186770998,0.000000000000352089864601,0.000100000000000000000000,0.000000100000000000000000,5.237437730853570000000000,1.000022001120010000000000,0.000111054961711395659166,-0.000819780452707546501018,-0.000906741902677432148814,-0.000906741902677432148814,False,131,100,0.068682414817280000000000,3.228073496412160000000000,0.000006000000000000000000,0.000000045405871494174400,0.000913752512139024183394,0.763607634000000000000000,0.000002480293008497603467,True,0.000289012367273777619199,two-mode,False,0.746383582239863739337091,,,,
2.5,combined,0.000080792865787566919428,certified_conditional,0.000000000000000000000001,45,0.003769227068712820590052,mid_flat,,0.003353633868817452472204,0.003353633868817452472205,166.242662410000000000000000,35,631158312,direct-fast,2841,0.100000000000000000000000,0.040457918722821445403511,-0.059542081277178554596489,2935621064,2.935591707789360000000000,0.000000000465843000000000,2.668719733930470000000000,982.837058294268345356956982,1470.742878709176191418165361,43016.483224210636800000000000,0.000000087312102906736294,0.023816924770794594642395,0.012433679558801630172398,0.023816924770794594642395,982.837058294268345356956982,joint,peak,0.000999478771900589875373,0.000000521228099410124627,0.000081314093886977044056,0.017276922544063460045301,0.017972243745750755264959,0.017972243745750755264959,0.017276922544063460045301,0.017972243745750755264959,0.016963867687871111111451,0.000000015088330139405632,0.000126906093414189961980,0.000000763390841038197558,0.000000763390841038197558,0.000000007996328030631629,0.000084598896436961890524,0.000016959031363524472507,0.000000007996412488413097,0.000762976153951088275212,0.000000000000000633768094,0.000000000000000316880879,0.000000000000704186770998,0.000000000000352089864601,0.000100000000000000000000,0.000000100000000000000000,5.237437730853570000000000,1.000022001120010000000000,0.000110822337863498117404,-0.000910033019679491232075,-0.000996977551783707725739,-0.000996977551783707725739,False,131,100,0.068682414817280000000000,3.090708666777600000000000,0.000006000000000000000000,0.000000045405871494174400,0.000912640500241528781545,0.763607634000000000000000,0.000002480293008497603467,True,0.000521228099410124627647,two-mode,False,0.746383582239863739337091,,,,
2.5,combined,0.000081672661952925974269,certified_conditional,0.000000000000000000000001,43,0.003940557384805029862183,mid_flat,,0.003506073385017321487506,0.003506073385017321487507,166.242662410000000000000000,35,631158312,direct-fast,2986,0.100000000000000000000000,0.046995873651525067442966,-0.053004126348474932557034,2935621064,2.935591707789360000000000,0.000000000465843000000000,2.668719733930470000000000,981.639515009882689611018164,1468.157212453062707913026706,41104.639525356830720000000000,0.000000083515924519486890,0.023816935728473809656262,0.012410849508362788424931,0.023816935728473809656262,981.639515009882689611018164,joint,peak,0.000999246556168453528364,0.000000753443831546471636,0.000082426105784472445905,0.018065762066816952092864,0.018760955608803511463418,0.018760955608803511463418,0.018065762066816952092864,0.018760955608803511463418,0.017752884789632558139890,0.000000015088330139405632,0.000126906093414189961980,0.000000763390841038197558,0.000000763390841038197558,0.000000007996328030631629,0.000084421317429006909647,0.000016831060117808782486,0.000000007996412488413097,0.000762798886488113135253,0.000000000000000633768094,0.000000000000000316880879,0.000000000000704186770998,0.000000000000352089864601,0.000100000000000000000000,0.000000100000000000000000,5.237437730853570000000000,1.000022001120010000000000,0.000110589714015600575641,-0.001008683240097122319150,-0.001095610765639997619494,-0.001095610765639997619494,False,131,100,0.068682414817280000000000,2.953343837143040000000000,0.000006000000000000000000,0.000000045405871494174400,0.000911528488344033379696,0.763607634000000000000000,0.000002480293008497603467,True,0.000753443831546471636096,two-mode,False,0.746383582239863739337091,,,,
2.5,combined,0.000082552458118285029110,certified_conditional,0.000000000000000000000001,41,0.004128204873858401922136,mid_flat,,0.003673030950379082789980,0.003673030950379082789981,166.242662410000000000000000,35,631158312,direct-fast,3145,0.100000000000000000000000,0.035108871906771891581416,-0.064891128093228108418584,2935621064,2.935591707789360000000000,0.000000000465843000000000,2.668719733930470000000000,980.441971725497033865079347,1465.526595436420643650161702,39192.795826503024640000000000,0.000000079719746132237486,0.023816946686153024670129,0.012388019457923946677465,0.023816946686153024670129,980.441971725497033865079347,joint,peak,0.000999014340436317181356,0.000000985659563682818644,0.000083538117681967847754,0.018931578867791073118811,0.019626644750076896640263,0.019626644750076896640263,0.018931578867791073118811,0.019626644750076896640263,0.018618879169614634146714,0.000000015088330139405632,0.000126906093414189961980,0.000000763390841038197558,0.000000763390841038197558,0.000000007996328030631629,0.000084243738421051928771,0.000016703088872093092465,0.000000007996412488413097,0.000762621619025137995294,0.000000000000000633768094,0.000000000000000316880879,0.000000000000704186770998,0.000000000000352089864601,0.000100000000000000000000,0.000000100000000000000000,5.237437730853570000000000,1.000022001120010000000000,0.000110357090167703033879,-0.001116960038854930448488,-0.001203870456160938071566,-0.001203870456160938071566,False,131,100,0.068682414817280000000000,2.815979007508480000000000,0.000006000000000000000000,0.000000045405871494174400,0.000910416476446537977847,0.763607634000000000000000,0.000002480293008497603467,True,0.000985659563682818644545,two-mode,False,0.746383582239863739337091,,,,
2.5,combined,0.000083432254283644083950,certified_conditional,0.000000000000000000000001,41,0.004128204873858401922136,mid_flat,,0.003673030950379082789980,0.003673030950379082789981,166.242662410000000000000000,35,631158312,direct-fast,3145,0.100000000000000000000000,0.035108871906771891581416,-0.064891128093228108418584,2935621064,2.935591707789360000000000,0.000000000465843000000000,2.668719733930470000000000,980.441971725497033865079347,1465.526595436420643650161702,39192.795826503024640000000000,0.000000079719746132237486,0.023816946686153024670129,0.012388019457923946677465,0.023816946686153024670129,980.441971725497033865079347,joint,peak,0.000999894136601676236197,0.000000105863398323763803,0.000083538117681967847754,0.018932250481349438250884,0.019627316363635261772335,0.019627316363635261772335,0.018932250481349438250884,0.019627316363635261772335,0.018618879169614634146714,0.000000015088330139405632,0.000126906093414189961980,0.000000763390841038197558,0.000000763390841038197558,0.000000007996328030631629,0.000084915351979417060843,0.000016703088872093092465,0.000000007996412488413097,0.000763293232583503127367,0.000000000000000633768094,0.000000000000000316880879,0.000000000000704186770998,0.000000000000352089864601,0.000100000000000000000000,0.000000100000000000000000,5.237437730853570000000000,1.000022001120010000000000,0.000111236886333062088719,-0.001117044029100927407850,-0.001203954445519833489812,-0.001203954445519833489812,False,131,100,0.068682414817280000000000,2.815979007508480000000000,0.000006000000000000000000,0.000000045405871494174400,0.000910416476446537977847,0.763607634000000000000000,0.000002480293008497603467,True,0.000105863398323763803755,two-mode,False,0.746383582239863739337091,,,,
2.5,combined,0.000084312050449003138791,certified_conditional,0.000000000000000000000001,39,0.004334617111817111188085,mid_flat,,0.003856684272277020222701,0.003856684272277020222702,166.242662410000000000000000,35,631158312,direct-fast,3320,0.100000000000000000000000,0.012033169987543398133712,-0.087966830012456601866288,2935621064,2.935591707789360000000000,0.000000000465843000000000,2.668719733930470000000000,979.244428441111378119140530,1462.844285045170711515911398,37280.952127649218560000000000,0.000000075923567744988082,0.023816957643832239683996,0.012365189407485104929998,0.023816957643832239683996,979.244428441111378119140530,joint,peak,0.000999661920869539889188,0.000000338079130460110812,0.000084650129579463249603,0.019886887218731977328813,0.020581825441317065001161,0.020581825441317065001161,0.019886887218731977328813,0.020581825441317065001161,0.019573693486005128205520,0.000000015088330139405632,0.000126906093414189961980,0.000000763390841038197558,0.000000763390841038197558,0.000000007996328030631629,0.000084737772971462079966,0.000016575117626377402445,0.000000007996412488413097,0.000763115965120527987408,0.000000000000000633768094,0.000000000000000316880879,0.000000000000704186770998,0.000000000000352089864601,0.000100000000000000000000,0.000000100000000000000000,5.237437730853570000000000,1.000022001120010000000000,0.000111004262485164546957,-0.001236428418251247509031,-0.001323321609115370739943,-0.001323321609115370739943,False,131,100,0.068682414817280000000000,2.678614177873920000000000,0.000006000000000000000000,0.000000045405871494174400,0.000909304464549042575998,0.763607634000000000000000,0.000002480293008497603467,True,0.000338079130460110812204,two-mode,False,0.746383582239863739337091,,,,
2.5,combined,0.000085191846614362193632,certified_conditional,0.000000000000000000000001,37,0.004562756953771474060976,mid_flat,,0.004059669522795793174656,0.004059669522795793174657,166.242662410000000000000000,35,631158312,direct-fast,3513,0.100000000000000000000000,0.028633709971554010638881,-0.071366290028445989361119,2935621064,2.935591707789360000000000,0.000000000465843000000000,2.668719733930470000000000,978.046885156725722373201712,1460.102119167532721846372850,35369.108428795412480000000000,0.000000072127389357738677,0.023816968601511454697863,0.012342359357046263182532,0.023816968601511454697863,978.046885156725722373201712,joint,peak,0.000999429705137403542180,0.000000570294862596457820,0.000085762141476958651453,0.020944747125454029277964,0.021639557688338381101210,0.021639557688338381101210,0.020944747125454029277964,0.021639557688338381101210,0.020631730971735135135548,0.000000015088330139405632,0.000126906093414189961980,0.000000763390841038197558,0.000000763390841038197558,0.000000007996328030631629,0.000084560193963507099090,0.000016447146380661712424,0.000000007996412488413097,0.000762938697657552847449,0.000000000000000633768094,0.000000000000000316880879,0.000000000000704186770998,0.000000000000352089864601,0.000100000000000000000000,0.000000100000000000000000,5.237437730853570000000000,1.000022001120010000000000,0.000110771638637267005194,-0.001368721628668540982894,-0.001455597457635439404035,-0.001455597457635439404035,False,131,100,0.068682414817280000000000,2.541249348239360000000000,0.000006000000000000000000,0.000000045405871494174400,0.000908192452651547174148,0.763607634000000000000000,0.000002480293008497603467,True,0.000570294862596457820652,two-mode,False,0.746383582239863739337091,,,,
2.5,combined,0.000086071642779721248473,certified_conditional,0.000000000000000000000001,35,0.004816245667054099475298,mid_flat,,0.004285208690038874232384,0.004285208690038874232385,166.242662410000000000000000,35,631158312,direct-fast,3727,0.100000000000000000000000,0.091523198842676913422402,-0.008476801157323086577598,2935621064,2.935591707789360000000000,0.000000000465843000000000,2.668719733930470000000000,976.849341872340066627262895,1457.290121889108665052331351,33457.264729941606400000000000,0.000000068331210970489273,0.023816979559190669711730,0.012319529306607421435065,0.023816979559190669711730,976.849341872340066627262895,joint,peak,0.000999197489405267195171,0.000000802510594732804829,0.000086874153374454053302,0.022123525601973796304834,0.022818208505157412278976,0.022818208505157412278976,0.022123525601973796304834,0.022818208505157412278976,0.021810687027262857143294,0.000000015088330139405632,0.000126906093414189961980,0.000000763390841038197558,0.000000763390841038197558,0.000000007996328030631629,0.000084382614955552118213,0.000016319175134946022403,0.000000007996412488413097,0.000762761430194577707490,0.000000000000000633768094,0.000000000000000316880879,0.000000000000704186770998,0.000000000000352089864601,0.000100000000000000000000,0.000000100000000000000000,5.237437730853570000000000,1.000022001120010000000000,0.000110539014789369463432,-0.001516136601141431836185,-0.001602994908495673438766,-0.001602994908495673438766,False,131,100,0.068682414817280000000000,2.403884518604800000000000,0.000006000000000000000000,0.000000045405871494174400,0.000907080440754051772299,0.763607634000000000000000,0.000002480293008497603467,True,0.000802510594732804829101,two-mode,False,0.751994736993538983417554,,,,
2.5,combined,0.000086951438945080303314,certified_conditional,0.000000000000000000000001,33,0.005099556581899386703071,mid_flat,,0.004537281876957611885138,0.004537281876957611885139,166.242662410000000000000000,35,631158312,direct-fast,3967,0.100000000000000000000000,0.079458509933931922415749,-0.020541490066068077584251,2935621064,2.935591707789360000000000,0.000000000465843000000000,2.668719733930470000000000,975.651798587954410881324078,1454.395970021524529288286381,31545.421031087800320000000000,0.000000064535032583239869,0.023816990516869884725597,0.012296699256168579687599,0.023816990516869884725597,975.651798587954410881324078,joint,peak,0.000998965273673130848163,0.000001034726326869151837,0.000087986165271949455151,0.023445207842799953878096,0.024139763086282834003135,0.024139763086282834003135,0.023445207842799953878096,0.024139763086282834003135,0.023132546847096969697433,0.000000015088330139405632,0.000126906093414189961980,0.000000763390841038197558,0.000000763390841038197558,0.000000007996328030631629,0.000084205035947597137337,0.000016191203889230332383,0.000000007996412488413097,0.000762584162731602567531,0.000000000000000633768094,0.000000000000000316880879,0.000000000000704186770998,0.000000000000352089864601,0.000100000000000000000000,0.000000100000000000000000,5.237437730853570000000000,1.000022001120010000000000,0.000110306390941471921669,-0.001681422746952755956072,-0.001768263343939739275161,-0.001768263343939739275161,False,131,100,0.068682414817280000000000,2.266519688970240000000000,0.000006000000000000000000,0.000000045405871494174400,0.000905968428856556370450,0.763607634000000000000000,0.000002480293008497603467,True,0.001034726326869151837550,two-mode,False,0.751994736993538983417554,,,,
2.5,combined,0.000087831235110439358154,certified_conditional,0.000000000000000000000001,33,0.005099556581899386703071,mid_flat,,0.004537281876957611885138,0.004537281876957611885139,166.242662410000000000000000,35,631158312,direct-fast,3967,0.100000000000000000000000,0.079458509933931922415749,-0.020541490066068077584251,2935621064,2.935591707789360000000000,0.000000000465843000000000,2.668719733930470000000000,975.651798587954410881324078,1454.395970021524529288286381,31545.421031087800320000000000,0.000000064535032583239869,0.023816990516869884725597,0.012296699256168579687599,0.023816990516869884725597,975.651798587954410881324078,joint,peak,0.000999845069838489903004,0.000000154930161510096996,0.000087986165271949455151,0.023445879456358319010168,0.024140434699841199135207,0.024140434699841199135207,0.023445879456358319010168,0.024140434699841199135207,0.023132546847096969697433,0.000000015088330139405632,0.000126906093414189961980,0.000000763390841038197558,0.000000763390841038197558,0.000000007996328030631629,0.000084876649505962269409,0.000016191203889230332383,0.000000007996412488413097,0.000763255776289967699603,0.000000000000000633768094,0.000000000000000316880879,0.000000000000704186770998,0.000000000000352089864601,0.000100000000000000000000,0.000000100000000000000000,5.237437730853570000000000,1.000022001120010000000000,0.000111186187106830976510,-0.001681506737198752915435,-0.001768347333298634693406,-0.001768347333298634693406,False,131,100,0.068682414817280000000000,2.266519688970240000000000,0.000006000000000000000000,0.000000045405871494174400,0.000905968428856556370450,0.763607634000000000000000,0.000002480293008497603467,True,0.000154930161510096996760,two-mode,False,0.751994736993538983417554,,,,
2.5,combined,0.000088711031275798412995,certified_conditional,0.000000000000000000000001,31,0.005418281361100334834315,mid_flat,,0.004820864212241191744487,0.004820864212241191744488,166.242662410000000000000000,35,631158312,direct-fast,4237,0.100000000000000000000000,0.065885734911593807533264,-0.034114265088406192466736,2935621064,2.935591707789360000000000,0.000000000465843000000000,2.668719733930470000000000,974.454255303568755135385260,1451.404259579312799747362289,29633.577332233994240000000000,0.000000060738854195990465,0.023817001474549099739463,0.012273869205729737940132,0.023817001474549099739463,974.454255303568755135385260,joint,peak,0.000999612854106353555995,0.000000387145893646444005,0.000089098177169444857000,0.024938124254582426590416,0.025632551838364570866352,0.025632551838364570866352,0.024938124254582426590416,0.025632551838364570866352,0.024624969224329032258558,0.000000015088330139405632,0.000126906093414189961980,0.000000763390841038197558,0.000000763390841038197558,0.000000007996328030631629,0.000084699070498007288532,0.000016063232643514642362,0.000000007996412488413097,0.000763078508826992559644,0.000000000000000633768094,0.000000000000000316880879,0.000000000000704186770998,0.000000000000352089864601,0.000100000000000000000000,0.000000100000000000000000,5.237437730853570000000000,1.000022001120010000000000,0.000110953563258933434747,-0.001868122993123690934163,-0.001954945653568564293078,-0.001954945653568564293078,False,131,100,0.068682414817280000000000,2.129154859335680000000000,0.000006000000000000000000,0.000000045405871494174400,0.000904856416959060968601,0.763607634000000000000000,0.000002480293008497603467,True,0.000387145893646444005209,two-mode,False,0.751994736993538983417554,,,,
2.5,combined,0.000089590827441157467836,certified_conditional,0.000000000000000000000001,29,0.005779502777528076049725,mid_flat,,0.005142257525562582251749,0.005142257525562582251750,166.242662410000000000000000,35,631158312,direct-fast,4543,0.100000000000000000000000,0.050503256552943943999781,-0.049496743447056056000219,2935621064,2.935591707789360000000000,0.000000000465843000000000,2.668719733930470000000000,973.256712019183099389446443,1448.295478847547957674183250,27721.733633380188160000000000,0.000000056942675808741061,0.023817012432228314753330,0.012251039155290896192665,0.023817012432228314753330,973.256712019183099389446443,joint,peak,0.000999380638374217208987,0.000000619361625782791013,0.000090210189066940258850,0.026636220415183370385992,0.027330520339264778812825,0.027330520339264778812825,0.026636220415183370385992,0.027330520339264778812825,0.026323242963937931035010,0.000000015088330139405632,0.000126906093414189961980,0.000000763390841038197558,0.000000763390841038197558,0.000000007996328030631629,0.000084521491490052307656,0.000015935261397798952341,0.000000007996412488413097,0.000762901241364017419685,0.000000000000000633768094,0.000000000000000316880879,0.000000000000704186770998,0.000000000000352089864601,0.000100000000000000000000,0.000000100000000000000000,5.237437730853570000000000,1.000022001120010000000000,0.000110720939411035892985,-0.002080482485392645727354,-0.002167286938283501882911,-0.002167286938283501882911,False,131,100,0.068682414817280000000000,1.991790029701120000000000,0.000006000000000000000000,0.000000045405871494174400,0.000903744405061565566751,0.763607634000000000000000,0.000002480293008497603467,True,0.000619361625782791013658,two-mode,False,0.751994736993538983417554,,,,
2.5,combined,0.000090470623606516522677,certified_conditional,0.000000000000000000000001,27,0.006192327253445494581623,mid_flat,,0.005509564169358457117192,0.005509564169358457117193,166.242662410000000000000000,35,631158312,direct-fast,4893,0.100000000000000000000000,0.004351852714486957104373,-0.095648147285513042895627,2935621064,2.935591707789360000000000,0.000000000465843000000000,2.668719733930470000000000,972.059168734797443643507626,1445.044541335611478954694633,25809.889934526382080000000000,0.000000053146497421491657,0.023817023389907529767197,0.012228209104852054445199,0.023817023389907529767197,972.059168734797443643507626,joint,peak,0.000999148422642080861978,0.000000851577357919138022,0.000091322200964435660699,0.028585912685356002889190,0.029280084949736675466920,0.029280084949736675466920,0.028585912685356002889190,0.029280084949736675466920,0.028273112813118518519084,0.000000015088330139405632,0.000126906093414189961980,0.000000763390841038197558,0.000000763390841038197558,0.000000007996328030631629,0.000084343912482097326779,0.000015807290152083262321,0.000000007996412488413097,0.000762723973901042279726,0.000000000000000633768094,0.000000000000000316880879,0.000000000000704186770998,0.000000000000352089864601,0.000100000000000000000000,0.000000100000000000000000,5.237437730853570000000000,1.000022001120010000000000,0.000110488315563138351222,-0.002324305933193176578222,-0.002411091846209004794053,-0.002411091846209004794053,False,131,100,0.068682414817280000000000,1.854425200066560000000000,0.000006000000000000000000,0.000000045405871494174400,0.000902632393164070164902,0.763607634000000000000000,0.000002480293008497603467,True,0.000851577357919138022106,two-mode,False,0.751994736993538983417554,,,,
2.5,combined,0.000091350419771875577518,certified_conditional,0.000000000000000000000001,25,0.006668663187196362118427,mid_flat,,0.005933379527584466577317,0.005933379527584466577318,166.242662410000000000000000,35,631158312,direct-fast,5296,0.100000000000000000000000,0.035715617516267356840440,-0.064284382483732643159560,2935621064,2.935591707789360000000000,0.000000000465843000000000,2.668719733930470000000000,970.861625450411787897568809,1441.618641632694524362824998,23898.046235672576000000000000,0.000000049350319034242253,0.023817034347586744781064,0.012205379054413212697732,0.023817034347586744781064,970.861625450411787897568809,joint,peak,0.000998916206909944514970,0.000001083793090055485030,0.000092434212861931062548,0.030847584131397529389840,0.031541628736077466118467,0.031541628736077466118467,0.030847584131397529389840,0.031541628736077466118467,0.030534961838168000000611,0.000000015088330139405632,0.000126906093414189961980,0.000000763390841038197558,0.000000763390841038197558,0.000000007996328030631629,0.000084166333474142345903,0.000015679318906367572300,0.000000007996412488413097,0.000762546706438067139767,0.000000000000000633768094,0.000000000000000316880879,0.000000000000704186770998,0.000000000000352089864601,0.000100000000000000000000,0.000000100000000000000000,5.237437730853570000000000,1.000022001120010000000000,0.000110255691715240809460,-0.002607144685852861740609,-0.002693911646915608703618,-0.002693911646915608703618,False,131,100,0.068682414817280000000000,1.717060370432000000000000,0.000006000000000000000000,0.000000045405871494174400,0.000901520381266574763053,0.763607634000000000000000,0.000002480293008497603467,True,0.001083793090055485030555,two-mode,False,0.751994736993538983417554,,,,
2.5,combined,0.000092230215937234632358,certified_conditional,0.000000000000000000000001,25,0.006668663187196362118427,mid_flat,,0.005933379527584466577317,0.005933379527584466577318,166.242662410000000000000000,35,631158312,direct-fast,5296,0.100000000000000000000000,0.035715617516267356840440,-0.064284382483732643159560,2935621064,2.935591707789360000000000,0.000000000465843000000000,2.668719733930470000000000,970.861625450411787897568809,1441.618641632694524362824998,23898.046235672576000000000000,0.000000049350319034242253,0.023817034347586744781064,0.012205379054413212697732,0.023817034347586744781064,970.861625450411787897568809,joint,peak,0.000999796003075303569811,0.000000203996924696430189,0.000092434212861931062548,0.030848255744955894521913,0.031542300349635831250539,0.031542300349635831250539,0.030848255744955894521913,0.031542300349635831250539,0.030534961838168000000611,0.000000015088330139405632,0.000126906093414189961980,0.000000763390841038197558,0.000000763390841038197558,0.000000007996328030631629,0.000084837947032507477975,0.000015679318906367572300,0.000000007996412488413097,0.000763218319996432271839,0.000000000000000633768094,0.000000000000000316880879,0.000000000000704186770998,0.000000000000352089864601,0.000100000000000000000000,0.000000100000000000000000,5.237437730853570000000000,1.000022001120010000000000,0.000111135487880599864300,-0.002607228676098858699972,-0.002693995636274504121864,-0.002693995636274504121864,False,131,100,0.068682414817280000000000,1.717060370432000000000000,0.000006000000000000000000,0.000000045405871494174400,0.000901520381266574763053,0.763607634000000000000000,0.000002480293008497603467,True,0.000203996924696430189766,two-mode,False,0.751994736993538983417554,,,,
2.5,combined,0.000093110012102593687199,certified_conditional,0.000000000000000000000001,23,0.007224388443239040911366,mid_flat,,0.006427830778848144280797,0.006427830778848144280798,166.242662410000000000000000,35,631158312,direct-fast,5766,0.100000000000000000000000,0.088973343118344489865851,-0.011026656881655510134149,2935621064,2.935591707789360000000000,0.000000000465843000000000,2.668719733930470000000000,969.664082166026132151629991,1437.974039191051974930479088,21986.202536818769920000000000,0.000000045554140646992849,0.023817045305265959794931,0.012182549003974370950266,0.023817045305265959794931,969.664082166026132151629991,joint,peak,0.000999563787343167222802,0.000000436212656832777198,0.000093546224759426464397,0.033503292238832113454133,0.034197209183811314333656,0.034197209183811314333656,0.033503292238832113454133,0.034197209183811314333656,0.033190175911052173913708,0.000000015088330139405632,0.000126906093414189961980,0.000000763390841038197558,0.000000763390841038197558,0.000000007996328030631629,0.000084660368024552497098,0.000015551347660651882279,0.000000007996412488413097,0.000763041052533457131880,0.000000000000000633768094,0.000000000000000316880879,0.000000000000704186770998,0.000000000000352089864601,0.000100000000000000000000,0.000000100000000000000000,5.237437730853570000000000,1.000022001120010000000000,0.000110902864032702322538,-0.002939260639233129733406,-0.003026008127879017985962,-0.003026008127879017985962,False,131,100,0.068682414817280000000000,1.579695540797440000000000,0.000006000000000000000000,0.000000045405871494174400,0.000900408369369079361204,0.763607634000000000000000,0.000002480293008497603467,True,0.000436212656832777198214,two-mode,False,0.757690909243482034226508,,,,
2.5,combined,0.000093989808267952742040,certified_conditional,0.000000000000000000000001,21,0.007881154654925843121202,mid_flat,,0.007012182257614308839456,0.007012182257614308839457,166.242662410000000000000000,35,631158312,direct-fast,6322,0.100000000000000000000000,0.097368837011708374350428,-0.002631162988291625649572,2935621064,2.935591707789360000000000,0.000000000465843000000000,2.668719733930470000000000,968.466538881640476405691174,1434.051087809213213882981557,20074.358837964963840000000000,0.000000041757962259743445,0.023817056262945174808798,0.012159718953535529202799,0.023817056262945174808798,968.466538881640476405691174,joint,peak,0.000999331571611030875794,0.000000668428388969124206,0.000094658236656921866247,0.036664083794210079798371,0.037357873079488544828791,0.037357873079488544828791,0.036664083794210079798371,0.037357873079488544828791,0.036351145045438095238823,0.000000015088330139405632,0.000126906093414189961980,0.000000763390841038197558,0.000000763390841038197558,0.000000007996328030631629,0.000084482789016597516222,0.000015423376414936192259,0.000000007996412488413097,0.000762863785070481991921,0.000000000000000633768094,0.000000000000000316880879,0.000000000000704186770998,0.000000000000352089864601,0.000100000000000000000000,0.000000100000000000000000,5.237437730853570000000000,1.000022001120010000000000,0.000110670240184804780775,-0.003334541015834725458185,-0.003421268364923701791603,-0.003421268364923701791603,False,131,100,0.068682414817280000000000,1.442330711162880000000000,0.000006000000000000000000,0.000000045405871494174400,0.000899296357471583959354,0.763607634000000000000000,0.000002480293008497603467,True,0.000668428388969124206663,two-mode,False,0.757690909243482034226508,,,,
2.5,combined,0.000094250000000000000000,certified_conditional,0.000000000000000000000001,21,0.007881154654925843121202,mid_flat,,0.007012182257614308839456,0.007012182257614308839457,166.242662410000000000000000,35,631158312,direct-fast,6322,0.100000000000000000000000,0.097368837011708374350428,-0.002631162988291625649572,2935621064,2.935591707789360000000000,0.000000000465843000000000,2.668719733930470000000000,968.466538881640476405691174,1434.051087809213213882981557,20074.358837964963840000000000,0.000000041757962259743445,0.023817056262945174808798,0.012159718953535529202799,0.023817056262945174808798,968.466538881640476405691174,joint,peak,0.000999591763343078133754,0.000000408236656921866246,0.000094658236656921866247,0.036664282417825296544762,0.037358071703103761575183,0.037358071703103761575183,0.036664282417825296544762,0.037358071703103761575183,0.036351145045438095238823,0.000000015088330139405632,0.000126906093414189961980,0.000000763390841038197558,0.000000763390841038197558,0.000000007996328030631629,0.000084681412631814262613,0.000015423376414936192259,0.000000007996412488413097,0.000763062408685698738312,0.000000000000000633768094,0.000000000000000316880879,0.000000000000704186770998,0.000000000000352089864601,0.000100000000000000000000,0.000000100000000000000000,5.237437730853570000000000,1.000022001120010000000000,0.000110930431916852038736,-0.003334565855187795501905,-0.003421293204014419604689,-0.003421293204014419604689,False,131,100,0.068682414817280000000000,1.442330711162880000000000,0.000006000000000000000000,0.000000045405871494174400,0.000899296357471583959354,0.763607634000000000000000,0.000002480293008497603467,True,0.000408236656921866246137,two-mode,False,0.757690909243482034226508,,,,
2.5,combined,0.000094869604433311796881,certified_conditional,0.000000000000000000000001,19,0.008669274108950005773006,mid_flat,,0.007713404032133706309846,0.007713404032133706309847,166.242662410000000000000000,35,631158312,direct-fast,6990,0.100000000000000000000000,0.027443429683745035731920,-0.072556570316254964268080,2935621064,2.935591707789360000000000,0.000000000465843000000000,2.668719733930470000000000,967.268995597254820659752357,1429.766282805119377735786918,18162.515139111157760000000000,0.000000037961783872494041,0.023817067220624389822665,0.012136888903096687455333,0.023817067220624389822665,967.268995597254820659752357,joint,peak,0.000999099355878894528785,0.000000900644121105471215,0.000095770248554417268096,0.040490342535774555895265,0.041184004161352285076582,0.041184004161352285076582,0.040490342535774555895265,0.041184004161352285076582,0.040177581366010526316594,0.000000015088330139405632,0.000126906093414189961980,0.000000763390841038197558,0.000000763390841038197558,0.000000007996328030631629,0.000084305210008642535345,0.000015295405169220502238,0.000000007996412488413097,0.000762686517607506851962,0.000000000000000633768094,0.000000000000000316880879,0.000000000000704186770998,0.000000000000352089864601,0.000100000000000000000000,0.000000100000000000000000,5.237437730853570000000000,1.000022001120010000000000,0.000110437616336907239013,-0.003813042989103853671577,-0.003899749319652819730852,-0.003899749319652819730852,False,131,100,0.068682414817280000000000,1.304965881528320000000000,0.000006000000000000000000,0.000000045405871494174400,0.000898184345574088557505,0.763607634000000000000000,0.000002480293008497603467,True,0.000900644121105471215112,two-mode,False,0.757690909243482034226508,,,,
2.5,combined,0.000095749400598670851722,certified_conditional,0.000000000000000000000001,19,0.008669274108950005773006,mid_flat,,0.007713404032133706309846,0.007713404032133706309847,166.242662410000000000000000,35,631158312,direct-fast,6990,0.100000000000000000000000,0.027443429683745035731920,-0.072556570316254964268080,2935621064,2.935591707789360000000000,0.000000000465843000000000,2.668719733930470000000000,967.268995597254820659752357,1429.766282805119377735786918,18162.515139111157760000000000,0.000000037961783872494041,0.023817067220624389822665,0.012136888903096687455333,0.023817067220624389822665,967.268995597254820659752357,joint,peak,0.000999979152044253583626,0.000000020847955746416374,0.000095770248554417268096,0.040491014149332921027338,0.041184675774910650208655,0.041184675774910650208655,0.040491014149332921027338,0.041184675774910650208655,0.040177581366010526316594,0.000000015088330139405632,0.000126906093414189961980,0.000000763390841038197558,0.000000763390841038197558,0.000000007996328030631629,0.000084976823567007667418,0.000015295405169220502238,0.000000007996412488413097,0.000763358131165871984034,0.000000000000000633768094,0.000000000000000316880879,0.000000000000704186770998,0.000000000000352089864601,0.000100000000000000000000,0.000000100000000000000000,5.237437730853570000000000,1.000022001120010000000000,0.000111317412502266293854,-0.003813126979349850630940,-0.003899833309011715149097,-0.003899833309011715149097,False,131,100,0.068682414817280000000000,1.304965881528320000000000,0.000006000000000000000000,0.000000045405871494174400,0.000898184345574088557505,0.763607634000000000000000,0.000002480293008497603467,True,0.000020847955746416374322,two-mode,False,0.757690909243482034226508,,,,
2.5,combined,0.000096629196764029906562,certified_conditional,0.000000000000000000000001,17,0.009632531219423982347433,mid_flat,,0.008570452867657414329211,0.008570452867657414329212,166.242662410000000000000000,35,631158312,direct-fast,7805,0.100000000000000000000000,0.086423487394012066309300,-0.013576512605987933690700,2935621064,2.935591707789360000000000,0.000000000465843000000000,2.668719733930470000000000,966.071452312869164913813539,1424.999006304685441455662803,16250.671440257351680000000000,0.000000034165605485244637,0.023817078178303604836532,0.012114058852657845707866,0.023817078178303604836532,966.071452312869164913813539,joint,peak,0.000999746936312117236618,0.000000253063687882763382,0.000096882260451912669945,0.045217610848679145613119,0.045911144814556138945333,0.045911144814556138945333,0.045217610848679145613119,0.045911144814556138945333,0.044904355644364705883252,0.000000015088330139405632,0.000126906093414189961980,0.000000763390841038197558,0.000000763390841038197558,0.000000007996328030631629,0.000084799244559052686541,0.000015167433923504812217,0.000000007996412488413097,0.000763180863702896844076,0.000000000000000633768094,0.000000000000000316880879,0.000000000000704186770998,0.000000000000352089864601,0.000100000000000000000000,0.000000100000000000000000,5.237437730853570000000000,1.000022001120010000000000,0.000111084788654368752091,-0.004404222877522111034807,-0.004490906999431538092640,-0.004490906999431538092640,False,131,100,0.068682414817280000000000,1.167601051893760000000000,0.000006000000000000000000,0.000000045405871494174400,0.000897072333676593155656,0.763607634000000000000000,0.000002480293008497603467,True,0.000253063687882763382771,two-mode,False,0.757690909243482034226508,,,,
2.5,combined,0.000097508992929388961403,certified_conditional,0.000000000000000000000001,15,0.010836602607516453065466,mid_flat,,0.009641763912062049353418,0.009641763912062049353419,166.242662410000000000000000,35,631158312,direct-fast,8825,0.100000000000000000000000,0.035148559531845854531025,-0.064851440468154145468975,2935621064,2.935591707789360000000000,0.000000000465843000000000,2.668719733930470000000000,964.873909028483509167874722,1419.568331496783867492760657,14338.827741403545600000000000,0.000000030369427097995233,0.023817089135982819850399,0.012091228802219003960400,0.023817089135982819850399,964.873909028483509167874722,joint,peak,0.000999514720579980889609,0.000000485279420019110391,0.000097994272349408071794,0.051204680688919818083343,0.051898086995096075566454,0.051898086995096075566454,0.051204680688919818083343,0.051898086995096075566454,0.050891603063613333334352,0.000000015088330139405632,0.000126906093414189961980,0.000000763390841038197558,0.000000763390841038197558,0.000000007996328030631629,0.000084621665551097705665,0.000015039462677789122197,0.000000007996412488413097,0.000763003596239921704117,0.000000000000000633768094,0.000000000000000316880879,0.000000000000704186770998,0.000000000000352089864601,0.000100000000000000000000,0.000000100000000000000000,5.237437730853570000000000,1.000022001120010000000000,0.000110852164806471210328,-0.005152950270558756505340,-0.005239610519818348042195,-0.005239610519818348042195,False,131,100,0.068682414817280000000000,1.030236222259200000000000,0.000006000000000000000000,0.000000045405871494174400,0.000895960321779097753807,0.763607634000000000000000,0.000002480293008497603467,True,0.000485279420019110391219,two-mode,False,0.757690909243482034226508,,,,
2.5,combined,0.000098388789094748016244,certified_conditional,0.000000000000000000000001,13,0.012384694392206772560081,mid_flat,,0.011019163826296580098827,0.011019163826296580098828,166.242662410000000000000000,35,631158312,direct-fast,10136,0.100000000000000000000000,0.012080795137632153673242,-0.087919204862367846326758,2935621064,2.935591707789360000000000,0.000000000465843000000000,2.668719733930470000000000,963.676365744097853421935905,1413.189944821071382554461324,12426.984042549739520000000000,0.000000026573248710745829,0.023817100093662034864266,0.012068398751780162212933,0.023817100093662034864266,963.676365744097853421935905,joint,peak,0.000999282504847844542601,0.000000717495152155457399,0.000099106284246903473644,0.059033980504313914384674,0.059727259150789436018682,0.059727259150789436018682,0.059033980504313914384674,0.059727259150789436018682,0.058721080458015384616560,0.000000015088330139405632,0.000126906093414189961980,0.000000763390841038197558,0.000000763390841038197558,0.000000007996328030631629,0.000084444086543142724788,0.000014911491432073432176,0.000000007996412488413097,0.000762826328776946564158,0.000000000000000633768094,0.000000000000000316880879,0.000000000000704186770998,0.000000000000352089864601,0.000100000000000000000000,0.000000100000000000000000,5.237437730853570000000000,1.000022001120010000000000,0.000110619540958573668566,-0.006132062156089503227154,-0.006218696099387677462074,-0.006218696099387677462074,False,131,100,0.068682414817280000000000,0.892871392624640000000000,0.000006000000000000000000,0.000000045405871494174400,0.000894848309881602351957,0.763607634000000000000000,0.000002480293008497603467,True,0.000717495152155457399668,two-mode,False,0.757690909243482034226508,,,,
2.5,combined,0.000099268585260107071085,certified_conditional,0.000000000000000000000001,11,0.014448816771793865219567,mid_flat,,0.012855697045275954426039,0.012855697045275954426040,166.242662410000000000000000,35,631158312,direct-fast,11883,0.100000000000000000000000,0.081323775945347219196199,-0.018676224054652780803801,2935621064,2.935591707789360000000000,0.000000000465843000000000,2.668719733930470000000000,962.478822459712197675997088,1405.389990343642531153066211,10515.140343695933440000000000,0.000000022777070323496425,0.023817111051341249878133,0.012045568701341320465467,0.023817111051341249878133,962.478822459712197675997088,joint,peak,0.000999050289115708195592,0.000000949710884291804408,0.000100218296144398875493,0.069710363008581483879536,0.070403513995356269664440,0.070403513995356269664440,0.069710363008581483879536,0.070403513995356269664440,0.069397640541290909092298,0.000000015088330139405632,0.000126906093414189961980,0.000000763390841038197558,0.000000763390841038197558,0.000000007996328030631629,0.000084266507535187743912,0.000014783520186357742155,0.000000007996412488413097,0.000762649061313971424199,0.000000000000000633768094,0.000000000000000316880879,0.000000000000704186770998,0.000000000000352089864601,0.000100000000000000000000,0.000000100000000000000000,5.237437730853570000000000,1.000022001120010000000000,0.000110386917110676126803,-0.007467222802747497337311,-0.007553826679511809699728,-0.007553826679511809699728,False,131,100,0.068682414817280000000000,0.755506562990080000000000,0.000006000000000000000000,0.000000045405871494174400,0.000893736297984106950108,0.763607634000000000000000,0.000002480293008497603467,True,0.000949710884291804408117,two-mode,False,0.757690909243482034226508,,,,
2.5,combined,0.000100000000000000000000,certified_conditional,0.000000000000000000000001,11,0.014448816771793865219567,mid_flat,,0.012855697045275954426039,0.012855697045275954426040,166.242662410000000000000000,35,631158312,direct-fast,11883,0.100000000000000000000000,0.081323775945347219196199,-0.018676224054652780803801,2935621064,2.935591707789360000000000,0.000000000465843000000000,2.668719733930470000000000,962.478822459712197675997088,1405.389990343642531153066211,10515.140343695933440000000000,0.000000022777070323496425,0.023817111051341249878133,0.012045568701341320465467,0.023817111051341249878133,962.478822459712197675997088,joint,peak,0.000999781703855601124508,0.000000218296144398875492,0.000100218296144398875493,0.069710921351610746483494,0.070404072338385532268398,0.070404072338385532268398,0.069710921351610746483494,0.070404072338385532268398,0.069397640541290909092298,0.000000015088330139405632,0.000126906093414189961980,0.000000763390841038197558,0.000000763390841038197558,0.000000007996328030631629,0.000084824850564450347870,0.000014783520186357742155,0.000000007996412488413097,0.000763207404343234028157,0.000000000000000633768094,0.000000000000000316880879,0.000000000000704186770998,0.000000000000352089864601,0.000100000000000000000000,0.000000100000000000000000,5.237437730853570000000000,1.000022001120010000000000,0.000111118331850569055719,-0.007467292627675529773288,-0.007553896503702354103247,-0.007553896503702354103247,False,131,100,0.068682414817280000000000,0.755506562990080000000000,0.000006000000000000000000,0.000000045405871494174400,0.000893736297984106950108,0.763607634000000000000000,0.000002480293008497603467,True,0.000218296144398875492327,two-mode,False,0.763474045955256276650866,,,,
2.5,combined,0.000100148381425466125925,certified_conditional,0.000000000000000000000001,11,0.014448816771793865219567,mid_flat,,0.012855697045275954426039,0.012855697045275954426040,166.242662410000000000000000,35,631158312,direct-fast,11883,0.100000000000000000000000,0.081323775945347219196199,-0.018676224054652780803801,2935621064,2.935591707789360000000000,0.000000000465843000000000,2.668719733930470000000000,962.478822459712197675997088,1405.389990343642531153066211,10515.140343695933440000000000,0.000000022777070323496425,0.023817111051341249878133,0.012045568701341320465467,0.023817111051341249878133,962.478822459712197675997088,joint,peak,0.000999930085281067250433,0.000000069914718932749567,0.000100218296144398875493,0.069711034622139849011608,0.070404185608914634796512,0.070404185608914634796512,0.069711034622139849011608,0.070404185608914634796512,0.069397640541290909092298,0.000000015088330139405632,0.000126906093414189961980,0.000000763390841038197558,0.000000763390841038197558,0.000000007996328030631629,0.000084938121093552875984,0.000014783520186357742155,0.000000007996412488413097,0.000763320674872336556271,0.000000000000000633768094,0.000000000000000316880879,0.000000000000704186770998,0.000000000000352089864601,0.000100000000000000000000,0.000000100000000000000000,5.237437730853570000000000,1.000022001120010000000000,0.000111266713276035181644,-0.007467306792993494296674,-0.007553910668870705117974,-0.007553910668870705117974,False,131,100,0.068682414817280000000000,0.755506562990080000000000,0.000006000000000000000000,0.000000045405871494174400,0.000893736297984106950108,0.763607634000000000000000,0.000002480293008497603467,True,0.000069914718932749567327,two-mode,False,0.763474045955256276650866,,,,
2.5,combined,0.000101028177590825180766,certified_conditional,0.000000000000000000000001,9,0.017338588103215794942848,mid_flat,,0.015426843551847078484135,0.015426843551847078484136,166.242662410000000000000000,35,631158312,direct-fast,14330,0.100000000000000000000000,0.058263949076148310928338,-0.041736050923851689071662,2935621064,2.935591707789360000000000,0.000000000465843000000000,2.668719733930470000000000,961.281279175326541930058270,1395.315527383467493410717850,8603.296644842127360000000000,0.000000018980891936247021,0.023817122009020464891999,0.012022738650902478718000,0.023817122009020464891999,961.281279175326541930058270,joint,peak,0.000999697869548930903425,0.000000302130451069096575,0.000101330308041894277342,0.085132554941196540495686,0.085825578268270590431488,0.085825578268270590431488,0.085132554941196540495686,0.085825578268270590431488,0.084819338439355555557252,0.000000015088330139405632,0.000126906093414189961980,0.000000763390841038197558,0.000000763390841038197558,0.000000007996328030631629,0.000084760542085597895107,0.000014655548940642052135,0.000000007996412488413097,0.000763143407409361416312,0.000000000000000633768094,0.000000000000000316880879,0.000000000000704186770998,0.000000000000352089864601,0.000100000000000000000000,0.000000100000000000000000,5.237437730853570000000000,1.000022001120010000000000,0.000111034089428137639881,-0.009395882041530234054069,-0.009482449583252842051918,-0.009482449583252842051918,False,131,100,0.068682414817280000000000,0.618141733355520000000000,0.000006000000000000000000,0.000000045405871494174400,0.000892624286086611548259,0.763607634000000000000000,0.000002480293008497603467,True,0.000302130451069096575776,two-mode,False,0.763474045955256276650866,,,,
2.5,combined,0.000101907973756184235607,certified_conditional,0.000000000000000000000001,7,0.021673245100348689527769,mid_flat,,0.019283563311703764571280,0.019283563311703764571281,166.242662410000000000000000,35,631158312,direct-fast,18000,0.100000000000000000000000,0.073674208772349948526547,-0.026325791227650051473453,2935621064,2.935591707789360000000000,0.000000000465843000000000,2.668719733930470000000000,960.083735890940886184119453,1381.260674578486629571701305,6691.452945988321280000000000,0.000000015184713548997617,0.023817132966699679905866,0.011999908600463636970533,0.023817132966699679905866,960.083735890940886184119453,joint,peak,0.000999465653816794556416,0.000000534346183205443584,0.000102442319939389679191,0.109366474059147315674024,0.110059369726520629760723,0.110059369726520629760723,0.109366474059147315674024,0.110059369726520629760723,0.109053435136314285716467,0.000000015088330139405632,0.000126906093414189961980,0.000000763390841038197558,0.000000763390841038197558,0.000000007996328030631629,0.000084582963077642914231,0.000014527577694926362114,0.000000007996412488413097,0.000762966139946386276353,0.000000000000000633768094,0.000000000000000316880879,0.000000000000704186770998,0.000000000000352089864601,0.000100000000000000000000,0.000000100000000000000000,5.237437730853570000000000,1.000022001120010000000000,0.000110801465580240098119,-0.012426512979270358584906,-0.012513032546971273421831,-0.012513032546971273421831,False,131,100,0.068682414817280000000000,0.480776903720960000000000,0.000006000000000000000000,0.000000045405871494174400,0.000891512274189116146410,0.763607634000000000000000,0.000002480293008497603467,True,0.000534346183205443584225,two-mode,False,0.763474045955256276650866,,,,
2.5,combined,0.000102787769921543290448,certified_conditional,0.000000000000000000000001,5,0.028897673428903513835970,mid_flat,,0.025711429578131574716521,0.025711429578131574716522,166.242662410000000000000000,35,631158312,direct-fast,24162,0.030000000000000000000000,0.027582886784182387436348,-0.002417113215817612563652,2935621064,2.935591707789360000000000,0.000000000465843000000000,2.668719733930470000000000,958.886192606555230438180636,1359.245042083894113539348392,4779.609247134515200000000000,0.000000011388535161748213,0.023817143924378894919733,0.011977078550024795223067,0.023817143924378894919733,958.886192606555230438180636,joint,peak,0.000999233438084658209408,0.000000766561915341790592,0.000103554331836885081041,0.152987670534665074979735,0.153680438542337653217330,0.153680438542337653217330,0.152987670534665074979735,0.153680438542337653217330,0.152674809190840000003054,0.000000015088330139405632,0.000126906093414189961980,0.000000763390841038197558,0.000000763390841038197558,0.000000007996328030631629,0.000084405384069687933354,0.000014399606449210672093,0.000000007996412488413097,0.000762788872483411136394,0.000000000000000633768094,0.000000000000000316880879,0.000000000000704186770998,0.000000000000352089864601,0.000100000000000000000000,0.000000100000000000000000,5.237437730853570000000000,1.000022001120010000000000,0.000110568841732342556356,-0.017881666433257929617318,-0.017968112419229552550874,-0.017968112419229552550874,False,131,100,0.068682414817280000000000,0.343412074086400000000000,0.000006000000000000000000,0.000000045405871494174400,0.000890400262291620744560,0.763607634000000000000000,0.000002480293008497603467,True,0.000766561915341790592673,two-mode,False,0.763474045955256276650866,,,,
2.5,combined,0.000103667566086902345289,certified_conditional,0.000000000000000000000001,3,0.043346530086013162452373,mid_flat,,0.038567162110987195007004,0.038567162110987195007005,166.242662410000000000000000,35,631158312,direct-fast,36827,0.030000000000000000000000,0.021898738417613298198679,-0.008101261582386701801321,2935621064,2.935591707789360000000000,0.000000000465843000000000,2.668719733930470000000000,957.688649322169574692241818,1317.327460365272467023654558,2867.765548280709120000000000,0.000000007592356774498809,0.023817154882058109933600,0.011954248499585953475600,0.023817154882058109933600,957.688649322169574692241818,joint,peak,0.000999001222352521862399,0.000000998777647478137601,0.000104666343734380482890,0.254770699082883786667560,0.255463339430855629056052,0.255463339430855629056052,0.254770699082883786667560,0.255463339430855629056052,0.254458015318066666671756,0.000000015088330139405632,0.000126906093414189961980,0.000000763390841038197558,0.000000763390841038197558,0.000000007996328030631629,0.000084227805061732952478,0.000014271635203494982073,0.000000007996412488413097,0.000762611605020435996435,0.000000000000000633768094,0.000000000000000316880879,0.000000000000704186770998,0.000000000000352089864601,0.000100000000000000000000,0.000000100000000000000000,5.237437730853570000000000,1.000022001120010000000000,0.000110336217884445014594,-0.030610387435987840154449,-0.030696683017107374957308,-0.030696683017107374957308,False,131,100,0.068682414817280000000000,0.206047244451840000000000,0.000006000000000000000000,0.000000045405871494174400,0.000889288250394125342711,0.763607634000000000000000,0.000002480293008497603467,True,0.000998777647478137601122,two-mode,False,0.763474045955256276650866,,,,
2.5,combined,0.000104547362252261400129,certified_conditional,0.000000000000000000000001,3,0.043346530086013162452373,mid_flat,,0.038567162110987195007004,0.038567162110987195007005,166.242662410000000000000000,35,631158312,direct-fast,36827,0.030000000000000000000000,0.021898738417613298198679,-0.008101261582386701801321,2935621064,2.935591707789360000000000,0.000000000465843000000000,2.668719733930470000000000,957.688649322169574692241818,1317.327460365272467023654558,2867.765548280709120000000000,0.000000007592356774498809,0.023817154882058109933600,0.011954248499585953475600,0.023817154882058109933600,957.688649322169574692241818,joint,peak,0.000999881018517880917240,0.000000118981482119082760,0.000104666343734380482890,0.254771370696442151799633,0.255464011044413994188125,0.255464011044413994188125,0.254771370696442151799633,0.255464011044413994188125,0.254458015318066666671756,0.000000015088330139405632,0.000126906093414189961980,0.000000763390841038197558,0.000000763390841038197558,0.000000007996328030631629,0.000084899418620098084550,0.000014271635203494982073,0.000000007996412488413097,0.000763283218578801128507,0.000000000000000633768094,0.000000000000000316880879,0.000000000000704186770998,0.000000000000352089864601,0.000100000000000000000000,0.000000100000000000000000,5.237437730853570000000000,1.000022001120010000000000,0.000111216014049804069434,-0.030610471426233837113812,-0.030696767006466270375553,-0.030696767006466270375553,False,131,100,0.068682414817280000000000,0.206047244451840000000000,0.000006000000000000000000,0.000000045405871494174400,0.000889288250394125342711,0.763607634000000000000000,0.000002480293008497603467,True,0.000118981482119082760333,two-mode,False,0.763474045955256276650866,,,,
2.5,combined,0.000104666000000000000000,certified_conditional,0.000000000000000000000001,3,0.043346530086013162452373,mid_flat,,0.038567162110987195007004,0.038567162110987195007005,166.242662410000000000000000,35,631158312,direct-fast,36827,0.030000000000000000000000,0.021898738417613298198679,-0.008101261582386701801321,2935621064,2.935591707789360000000000,0.000000000465843000000000,2.668719733930470000000000,957.688649322169574692241818,1317.327460365272467023654558,2867.765548280709120000000000,0.000000007592356774498809,0.023817154882058109933600,0.011954248499585953475600,0.023817154882058109933600,957.688649322169574692241818,joint,peak,0.000999999656265619517111,0.000000000343734380482889,0.000104666343734380482890,0.254771461261419645908358,0.255464101609391488296850,0.255464101609391488296850,0.254771461261419645908358,0.255464101609391488296850,0.254458015318066666671756,0.000000015088330139405632,0.000126906093414189961980,0.000000763390841038197558,0.000000763390841038197558,0.000000007996328030631629,0.000084989983597592193275,0.000014271635203494982073,0.000000007996412488413097,0.000763373783556295237232,0.000000000000000633768094,0.000000000000000316880879,0.000000000000704186770998,0.000000000000352089864601,0.000100000000000000000000,0.000000100000000000000000,5.237437730853570000000000,1.000022001120010000000000,0.000111334651797542669306,-0.030610482752054532210411,-0.030696778332167342617453,-0.030696778332167342617453,False,131,100,0.068682414817280000000000,0.206047244451840000000000,0.000006000000000000000000,0.000000045405871494174400,0.000889288250394125342711,0.763607634000000000000000,0.000002480293008497603467,True,0.000000343734380482889280,two-mode,False,0.763474045955256276650866,,,,
2.5,combined,0.000104667000000000000000,no_two_mode_certificate,,,,,,,,,,,,,,,,,,,,,,,,,,,,,,,,,,,,,,,,,,,,,,,,,,,,,,,,,,,,,,,,,,,,,,,,,,0.763474045955256276650866,,,,
2.5,combined,0.000104668000000000000000,no_two_mode_certificate,,,,,,,,,,,,,,,,,,,,,,,,,,,,,,,,,,,,,,,,,,,,,,,,,,,,,,,,,,,,,,,,,,,,,,,,,,0.763474045955256276650866,,,,
2.5,combined,0.000105427158417620454970,no_two_mode_certificate,,,,,,,,,,,,,,,,,,,,,,,,,,,,,,,,,,,,,,,,,,,,,,,,,,,,,,,,,,,,,,,,,,,,,,,,,,0.763474045955256276650866,,,,
2.5,combined,0.000106306000000000000000,no_two_mode_certificate,,,,,,,,,,,,,,,,,,,,,,,,,,,,,,,,,,,,,,,,,,,,,,,,,,,,,,,,,,,,,,,,,,,,,,,,,,0.763474045955256276650866,,,,
2.5,combined,0.000106306954582979509811,no_two_mode_certificate,,,,,,,,,,,,,,,,,,,,,,,,,,,,,,,,,,,,,,,,,,,,,,,,,,,,,,,,,,,,,,,,,,,,,,,,,,0.763474045955256276650866,,,,
2.5,combined,0.000106307000000000000000,no_two_mode_certificate,,,,,,,,,,,,,,,,,,,,,,,,,,,,,,,,,,,,,,,,,,,,,,,,,,,,,,,,,,,,,,,,,,,,,,,,,,,,,,
2.5,combined,0.000106308000000000000000,no_two_mode_certificate,,,,,,,,,,,,,,,,,,,,,,,,,,,,,,,,,,,,,,,,,,,,,,,,,,,,,,,,,,,,,,,,,,,,,,,,,,,,,,
2.5,combined,0.000109000000000000000000,no_two_mode_certificate,,,,,,,,,,,,,,,,,,,,,,,,,,,,,,,,,,,,,,,,,,,,,,,,,,,,,,,,,,,,,,,,,,,,,,,,,,,,,,
2.5,combined,0.000123750000000000000000,no_two_mode_certificate,,,,,,,,,,,,,,,,,,,,,,,,,,,,,,,,,,,,,,,,,,,,,,,,,,,,,,,,,,,,,,,,,,,,,,,,,,,,,,
2.5,combined,0.000138500000000000000000,no_two_mode_certificate,,,,,,,,,,,,,,,,,,,,,,,,,,,,,,,,,,,,,,,,,,,,,,,,,,,,,,,,,,,,,,,,,,,,,,,,,,,,,,
2.5,combined,0.000153250000000000000000,no_two_mode_certificate,,,,,,,,,,,,,,,,,,,,,,,,,,,,,,,,,,,,,,,,,,,,,,,,,,,,,,,,,,,,,,,,,,,,,,,,,,,,,,
2.5,combined,0.000168000000000000000000,no_two_mode_certificate,,,,,,,,,,,,,,,,,,,,,,,,,,,,,,,,,,,,,,,,,,,,,,,,,,,,,,,,,,,,,,,,,,,,,,,,,,,,,,
2.5,combined,0.000182750000000000000000,no_two_mode_certificate,,,,,,,,,,,,,,,,,,,,,,,,,,,,,,,,,,,,,,,,,,,,,,,,,,,,,,,,,,,,,,,,,,,,,,,,,,,,,,
2.5,combined,0.000197500000000000000000,no_two_mode_certificate,,,,,,,,,,,,,,,,,,,,,,,,,,,,,,,,,,,,,,,,,,,,,,,,,,,,,,,,,,,,,,,,,,,,,,,,,,,,,,
2.5,combined,0.000200000000000000000000,no_two_mode_certificate,,,,,,,,,,,,,,,,,,,,,,,,,,,,,,,,,,,,,,,,,,,,,,,,,,,,,,,,,,,,,,,,,,,,,,,,,,,,,,
2.5,combined,0.000212250000000000000000,no_two_mode_certificate,,,,,,,,,,,,,,,,,,,,,,,,,,,,,,,,,,,,,,,,,,,,,,,,,,,,,,,,,,,,,,,,,,,,,,,,,,,,,,
2.5,combined,0.000227000000000000000000,no_two_mode_certificate,,,,,,,,,,,,,,,,,,,,,,,,,,,,,,,,,,,,,,,,,,,,,,,,,,,,,,,,,,,,,,,,,,,,,,,,,,,,,,
2.5,combined,0.000241750000000000000000,no_two_mode_certificate,,,,,,,,,,,,,,,,,,,,,,,,,,,,,,,,,,,,,,,,,,,,,,,,,,,,,,,,,,,,,,,,,,,,,,,,,,,,,,
2.5,combined,0.000256500000000000000000,no_two_mode_certificate,,,,,,,,,,,,,,,,,,,,,,,,,,,,,,,,,,,,,,,,,,,,,,,,,,,,,,,,,,,,,,,,,,,,,,,,,,,,,,
2.5,combined,0.000271250000000000000000,no_two_mode_certificate,,,,,,,,,,,,,,,,,,,,,,,,,,,,,,,,,,,,,,,,,,,,,,,,,,,,,,,,,,,,,,,,,,,,,,,,,,,,,,
2.5,combined,0.000286000000000000000000,no_two_mode_certificate,,,,,,,,,,,,,,,,,,,,,,,,,,,,,,,,,,,,,,,,,,,,,,,,,,,,,,,,,,,,,,,,,,,,,,,,,,,,,,
2.5,combined,0.000300750000000000000000,no_two_mode_certificate,,,,,,,,,,,,,,,,,,,,,,,,,,,,,,,,,,,,,,,,,,,,,,,,,,,,,,,,,,,,,,,,,,,,,,,,,,,,,,
2.5,combined,0.000315500000000000000000,no_two_mode_certificate,,,,,,,,,,,,,,,,,,,,,,,,,,,,,,,,,,,,,,,,,,,,,,,,,,,,,,,,,,,,,,,,,,,,,,,,,,,,,,
2.5,combined,0.000330250000000000000000,no_two_mode_certificate,,,,,,,,,,,,,,,,,,,,,,,,,,,,,,,,,,,,,,,,,,,,,,,,,,,,,,,,,,,,,,,,,,,,,,,,,,,,,,
2.5,combined,0.000345000000000000000000,no_two_mode_certificate,,,,,,,,,,,,,,,,,,,,,,,,,,,,,,,,,,,,,,,,,,,,,,,,,,,,,,,,,,,,,,,,,,,,,,,,,,,,,,
2.5,combined,0.000359750000000000000000,no_two_mode_certificate,,,,,,,,,,,,,,,,,,,,,,,,,,,,,,,,,,,,,,,,,,,,,,,,,,,,,,,,,,,,,,,,,,,,,,,,,,,,,,
2.5,combined,0.000374500000000000000000,no_two_mode_certificate,,,,,,,,,,,,,,,,,,,,,,,,,,,,,,,,,,,,,,,,,,,,,,,,,,,,,,,,,,,,,,,,,,,,,,,,,,,,,,
2.5,combined,0.000389250000000000000000,no_two_mode_certificate,,,,,,,,,,,,,,,,,,,,,,,,,,,,,,,,,,,,,,,,,,,,,,,,,,,,,,,,,,,,,,,,,,,,,,,,,,,,,,
2.5,combined,0.000404000000000000000000,no_two_mode_certificate,,,,,,,,,,,,,,,,,,,,,,,,,,,,,,,,,,,,,,,,,,,,,,,,,,,,,,,,,,,,,,,,,,,,,,,,,,,,,,
2.5,combined,0.000418750000000000000000,no_two_mode_certificate,,,,,,,,,,,,,,,,,,,,,,,,,,,,,,,,,,,,,,,,,,,,,,,,,,,,,,,,,,,,,,,,,,,,,,,,,,,,,,
2.5,combined,0.000433500000000000000000,no_two_mode_certificate,,,,,,,,,,,,,,,,,,,,,,,,,,,,,,,,,,,,,,,,,,,,,,,,,,,,,,,,,,,,,,,,,,,,,,,,,,,,,,
2.5,combined,0.000448250000000000000000,no_two_mode_certificate,,,,,,,,,,,,,,,,,,,,,,,,,,,,,,,,,,,,,,,,,,,,,,,,,,,,,,,,,,,,,,,,,,,,,,,,,,,,,,
2.5,combined,0.000463000000000000000000,no_two_mode_certificate,,,,,,,,,,,,,,,,,,,,,,,,,,,,,,,,,,,,,,,,,,,,,,,,,,,,,,,,,,,,,,,,,,,,,,,,,,,,,,
2.5,combined,0.000477750000000000000000,no_two_mode_certificate,,,,,,,,,,,,,,,,,,,,,,,,,,,,,,,,,,,,,,,,,,,,,,,,,,,,,,,,,,,,,,,,,,,,,,,,,,,,,,
2.5,combined,0.000492500000000000000000,no_two_mode_certificate,,,,,,,,,,,,,,,,,,,,,,,,,,,,,,,,,,,,,,,,,,,,,,,,,,,,,,,,,,,,,,,,,,,,,,,,,,,,,,
2.5,combined,0.000500000000000000000000,no_two_mode_certificate,,,,,,,,,,,,,,,,,,,,,,,,,,,,,,,,,,,,,,,,,,,,,,,,,,,,,,,,,,,,,,,,,,,,,,,,,,,,,,
2.5,combined,0.000507250000000000000000,no_two_mode_certificate,,,,,,,,,,,,,,,,,,,,,,,,,,,,,,,,,,,,,,,,,,,,,,,,,,,,,,,,,,,,,,,,,,,,,,,,,,,,,,
2.5,combined,0.000522000000000000000000,no_two_mode_certificate,,,,,,,,,,,,,,,,,,,,,,,,,,,,,,,,,,,,,,,,,,,,,,,,,,,,,,,,,,,,,,,,,,,,,,,,,,,,,,
2.5,combined,0.000536750000000000000000,no_two_mode_certificate,,,,,,,,,,,,,,,,,,,,,,,,,,,,,,,,,,,,,,,,,,,,,,,,,,,,,,,,,,,,,,,,,,,,,,,,,,,,,,
2.5,combined,0.000551500000000000000000,no_two_mode_certificate,,,,,,,,,,,,,,,,,,,,,,,,,,,,,,,,,,,,,,,,,,,,,,,,,,,,,,,,,,,,,,,,,,,,,,,,,,,,,,
2.5,combined,0.000566250000000000000000,no_two_mode_certificate,,,,,,,,,,,,,,,,,,,,,,,,,,,,,,,,,,,,,,,,,,,,,,,,,,,,,,,,,,,,,,,,,,,,,,,,,,,,,,
2.5,combined,0.000581000000000000000000,no_two_mode_certificate,,,,,,,,,,,,,,,,,,,,,,,,,,,,,,,,,,,,,,,,,,,,,,,,,,,,,,,,,,,,,,,,,,,,,,,,,,,,,,
2.5,combined,0.000595750000000000000000,no_two_mode_certificate,,,,,,,,,,,,,,,,,,,,,,,,,,,,,,,,,,,,,,,,,,,,,,,,,,,,,,,,,,,,,,,,,,,,,,,,,,,,,,
2.5,combined,0.000610500000000000000000,no_two_mode_certificate,,,,,,,,,,,,,,,,,,,,,,,,,,,,,,,,,,,,,,,,,,,,,,,,,,,,,,,,,,,,,,,,,,,,,,,,,,,,,,
2.5,combined,0.000625250000000000000000,no_two_mode_certificate,,,,,,,,,,,,,,,,,,,,,,,,,,,,,,,,,,,,,,,,,,,,,,,,,,,,,,,,,,,,,,,,,,,,,,,,,,,,,,
2.5,combined,0.000640000000000000000000,no_two_mode_certificate,,,,,,,,,,,,,,,,,,,,,,,,,,,,,,,,,,,,,,,,,,,,,,,,,,,,,,,,,,,,,,,,,,,,,,,,,,,,,,
2.5,combined,0.000654750000000000000000,no_two_mode_certificate,,,,,,,,,,,,,,,,,,,,,,,,,,,,,,,,,,,,,,,,,,,,,,,,,,,,,,,,,,,,,,,,,,,,,,,,,,,,,,
2.5,combined,0.000669500000000000000000,no_two_mode_certificate,,,,,,,,,,,,,,,,,,,,,,,,,,,,,,,,,,,,,,,,,,,,,,,,,,,,,,,,,,,,,,,,,,,,,,,,,,,,,,
2.5,combined,0.000684250000000000000000,no_two_mode_certificate,,,,,,,,,,,,,,,,,,,,,,,,,,,,,,,,,,,,,,,,,,,,,,,,,,,,,,,,,,,,,,,,,,,,,,,,,,,,,,
2.5,combined,0.000699000000000000000000,no_two_mode_certificate,,,,,,,,,,,,,,,,,,,,,,,,,,,,,,,,,,,,,,,,,,,,,,,,,,,,,,,,,,,,,,,,,,,,,,,,,,,,,,
2.5,combined,0.000713750000000000000000,no_two_mode_certificate,,,,,,,,,,,,,,,,,,,,,,,,,,,,,,,,,,,,,,,,,,,,,,,,,,,,,,,,,,,,,,,,,,,,,,,,,,,,,,
2.5,combined,0.000728500000000000000000,no_two_mode_certificate,,,,,,,,,,,,,,,,,,,,,,,,,,,,,,,,,,,,,,,,,,,,,,,,,,,,,,,,,,,,,,,,,,,,,,,,,,,,,,
2.5,combined,0.000743250000000000000000,no_two_mode_certificate,,,,,,,,,,,,,,,,,,,,,,,,,,,,,,,,,,,,,,,,,,,,,,,,,,,,,,,,,,,,,,,,,,,,,,,,,,,,,,
2.5,combined,0.000758000000000000000000,no_two_mode_certificate,,,,,,,,,,,,,,,,,,,,,,,,,,,,,,,,,,,,,,,,,,,,,,,,,,,,,,,,,,,,,,,,,,,,,,,,,,,,,,
2.5,combined,0.000772750000000000000000,no_two_mode_certificate,,,,,,,,,,,,,,,,,,,,,,,,,,,,,,,,,,,,,,,,,,,,,,,,,,,,,,,,,,,,,,,,,,,,,,,,,,,,,,
2.5,combined,0.000787500000000000000000,no_two_mode_certificate,,,,,,,,,,,,,,,,,,,,,,,,,,,,,,,,,,,,,,,,,,,,,,,,,,,,,,,,,,,,,,,,,,,,,,,,,,,,,,
2.5,combined,0.000802250000000000000000,no_two_mode_certificate,,,,,,,,,,,,,,,,,,,,,,,,,,,,,,,,,,,,,,,,,,,,,,,,,,,,,,,,,,,,,,,,,,,,,,,,,,,,,,
2.5,combined,0.000817000000000000000000,no_two_mode_certificate,,,,,,,,,,,,,,,,,,,,,,,,,,,,,,,,,,,,,,,,,,,,,,,,,,,,,,,,,,,,,,,,,,,,,,,,,,,,,,
2.5,combined,0.000831750000000000000000,no_two_mode_certificate,,,,,,,,,,,,,,,,,,,,,,,,,,,,,,,,,,,,,,,,,,,,,,,,,,,,,,,,,,,,,,,,,,,,,,,,,,,,,,
2.5,combined,0.000846500000000000000000,no_two_mode_certificate,,,,,,,,,,,,,,,,,,,,,,,,,,,,,,,,,,,,,,,,,,,,,,,,,,,,,,,,,,,,,,,,,,,,,,,,,,,,,,
2.5,combined,0.000861250000000000000000,no_two_mode_certificate,,,,,,,,,,,,,,,,,,,,,,,,,,,,,,,,,,,,,,,,,,,,,,,,,,,,,,,,,,,,,,,,,,,,,,,,,,,,,,
2.5,combined,0.000876000000000000000000,no_two_mode_certificate,,,,,,,,,,,,,,,,,,,,,,,,,,,,,,,,,,,,,,,,,,,,,,,,,,,,,,,,,,,,,,,,,,,,,,,,,,,,,,
2.5,combined,0.000890750000000000000000,no_two_mode_certificate,,,,,,,,,,,,,,,,,,,,,,,,,,,,,,,,,,,,,,,,,,,,,,,,,,,,,,,,,,,,,,,,,,,,,,,,,,,,,,
2.5,combined,0.000905500000000000000000,no_two_mode_certificate,,,,,,,,,,,,,,,,,,,,,,,,,,,,,,,,,,,,,,,,,,,,,,,,,,,,,,,,,,,,,,,,,,,,,,,,,,,,,,
2.5,combined,0.000920250000000000000000,no_two_mode_certificate,,,,,,,,,,,,,,,,,,,,,,,,,,,,,,,,,,,,,,,,,,,,,,,,,,,,,,,,,,,,,,,,,,,,,,,,,,,,,,
2.5,combined,0.000935000000000000000000,no_two_mode_certificate,,,,,,,,,,,,,,,,,,,,,,,,,,,,,,,,,,,,,,,,,,,,,,,,,,,,,,,,,,,,,,,,,,,,,,,,,,,,,,
2.5,combined,0.000949750000000000000000,no_two_mode_certificate,,,,,,,,,,,,,,,,,,,,,,,,,,,,,,,,,,,,,,,,,,,,,,,,,,,,,,,,,,,,,,,,,,,,,,,,,,,,,,
2.5,combined,0.000964500000000000000000,no_two_mode_certificate,,,,,,,,,,,,,,,,,,,,,,,,,,,,,,,,,,,,,,,,,,,,,,,,,,,,,,,,,,,,,,,,,,,,,,,,,,,,,,
2.5,combined,0.000979250000000000000000,no_two_mode_certificate,,,,,,,,,,,,,,,,,,,,,,,,,,,,,,,,,,,,,,,,,,,,,,,,,,,,,,,,,,,,,,,,,,,,,,,,,,,,,,
2.5,combined,0.000994000000000000000000,no_two_mode_certificate,,,,,,,,,,,,,,,,,,,,,,,,,,,,,,,,,,,,,,,,,,,,,,,,,,,,,,,,,,,,,,,,,,,,,,,,,,,,,,
2.5,monitor-only,0.000050000000000000000000,certified_conditional,0.000000000000000000000001,103,0.001667135882812252981980,mid_flat,,0.001483318266211367245997,0.001483318266211367245998,166.242662410000000000000000,35,631158312,direct-fast,1164,0.300000000000000000000000,0.249067531971455911579616,-0.050932468028544088420384,2935621064,2.935591707789360000000000,0.000000000465843000000000,2.668719733930470000000000,1017.565813541452361989182683,1537.830561724379035724297966,98459.950490971013120000000000,0.000000197401276136969011,0.023816606998097359240255,0.013095751021528040848928,0.023816606998097359240255,1017.565813541452361989182683,joint,peak,0.000999934251140389609573,0.000000065748859610390427,0.000050065748859610390428,0.007596374802300740043372,0.008288807346347119739290,0.008288807346347119739290,0.007596374802300740043372,0.008288807346347119739290,0.007411398504409708738013,0.000000012669290538681250,0.000000000000000000000000,0.000000000000000000000000,0.000000000000000000000000,0.000000007996328030631629,0.000084955632271511343510,0.000014076989487423610993,0.000000007996412488413097,0.000763323854981222341589,0.000000000000000633768094,0.000000000000000316880879,0.000000000000704186770998,0.000000000000352089864601,0.000100000000000000000000,0.000000100000000000000000,5.237437730853570000000000,0.000000000000000000000000,0.000111289652460372499474,0.000300591119885485497253,0.000213995045419732931447,0.000213995045419732931447,True,131,100,0.068682414817280000000000,7.074288726179840000000000,0.000005000000000000000000,0.000000045405871494174400,0.000944888845268895435173,0.763607634000000000000000,0.000002480293008497603467,True,0.000065748859610390427372,two-mode,False,0.719538849065805916937757,,,,
2.5,monitor-only,0.000050895421165359054841,certified_conditional,0.000000000000000000000001,101,0.001699825603755939969800,mid_flat,,0.001512403633932760052084,0.001512403633932760052085,166.242662410000000000000000,35,631158312,direct-fast,1189,0.300000000000000000000000,0.287464890128572655621555,-0.012535109871427344378445,2935621064,2.935591707789360000000000,0.000000000465843000000000,2.668719733930470000000000,1016.368270257066706243243866,1535.626824384928640535089860,96548.106792117207040000000000,0.000000193605097749719607,0.023816617955776574254122,0.013072920971089199101461,0.023816617955776574254122,1016.368270257066706243243866,joint,peak,0.000999717660408253262565,0.000000282339591746737435,0.000051177760757105792277,0.007742969517436207725346,0.008435402373027567262181,0.008435402373027567262181,0.007742969517436207725346,0.008435402373027567262181,0.007558158870833663366488,0.000000012669290538681250,0.000000000000000000000000,0.000000000000000000000000,0.000000000000000000000000,0.000000007996328030631629,0.000084789980983024397008,0.000014076989487423610993,0.000000007996412488413097,0.000763158515237715236005,0.000000000000000633768094,0.000000000000000316880879,0.000000000000704186770998,0.000000000000352089864601,0.000100000000000000000000,0.000000100000000000000000,5.237437730853570000000000,0.000000000000000000000000,0.000111072653612474957711,0.000282258365829635665632,0.000195662446033087285126,0.000195662446033087285126,True,131,100,0.068682414817280000000000,6.936923896545280000000000,0.000005000000000000000000,0.000000045405871494174400,0.000943776833371400033324,0.763607634000000000000000,0.000002480293008497603467,True,0.000282339591746737435821,two-mode,False,0.719538849065805916937757,,,,
2.5,monitor-only,0.000051790842330718109682,certified_conditional,0.000000000000000000000001,99,0.001733822913537374437132,mid_flat,,0.001542652416363008570414,0.001542652416363008570415,166.242662410000000000000000,35,631158312,direct-fast,1216,0.300000000000000000000000,0.027398142611974069425171,-0.272601857388025930574829,2935621064,2.935591707789360000000000,0.000000000465843000000000,2.668719733930470000000000,1015.170726972681050497305048,1533.419484882722764960273910,94636.263093263400960000000000,0.000000189808919362470203,0.023816628913455789267989,0.013050090920650357353995,0.023816628913455789267989,1015.170726972681050497305048,joint,peak,0.000999501069676116915556,0.000000498930323883084444,0.000052289772654601194126,0.007895493944346380644834,0.008587927111482720022587,0.008587927111482720022587,0.007895493944346380644834,0.008587927111482720022587,0.007710848949032323232478,0.000000012669290538681250,0.000000000000000000000000,0.000000000000000000000000,0.000000000000000000000000,0.000000007996328030631629,0.000084624329694537450507,0.000014076989487423610993,0.000000007996412488413097,0.000762993175494208130421,0.000000000000000633768094,0.000000000000000316880879,0.000000000000704186770998,0.000000000000352089864601,0.000100000000000000000000,0.000000100000000000000000,5.237437730853570000000000,0.000000000000000000000000,0.000110855654764577415949,0.000263184057431343875593,0.000176588300136266298899,0.000176588300136266298899,True,131,100,0.068682414817280000000000,6.799559066910720000000000,0.000005000000000000000000,0.000000045405871494174400,0.000942664821473904631475,0.763607634000000000000000,0.000002480293008497603467,True,0.000498930323883084444270,two-mode,False,0.719538849065805916937757,,,,
2.5,monitor-only,0.000052686263496077164523,certified_conditional,0.000000000000000000000001,97,0.001769207868616010311295,mid_flat,,0.001574135842974083558881,0.001574135842974083558882,166.242662410000000000000000,35,631158312,direct-fast,1243,0.300000000000000000000000,0.087328670706942887873832,-0.212671329293057112126168,2935621064,2.935591707789360000000000,0.000000000465843000000000,2.668719733930470000000000,1013.973183688295394751366231,1531.208322677184542853792493,92724.419394409594880000000000,0.000000186012740975220799,0.023816639871135004281855,0.013027260870211515606528,0.023816639871135004281855,1013.973183688295394751366231,joint,peak,0.000999284478943980568548,0.000000715521056019431452,0.000053401784552096595976,0.008054314869326601393848,0.008746748348007920612518,0.008746748348007920612518,0.008054314869326601393848,0.008746748348007920612518,0.007869835525301030927993,0.000000012669290538681250,0.000000000000000000000000,0.000000000000000000000000,0.000000000000000000000000,0.000000007996328030631629,0.000084458678406050504005,0.000014076989487423610993,0.000000007996412488413097,0.000762827835750701024837,0.000000000000000633768094,0.000000000000000316880879,0.000000000000704186770998,0.000000000000352089864601,0.000100000000000000000000,0.000000100000000000000000,5.237437730853570000000000,0.000000000000000000000000,0.000110638655916679874186,0.000243322325349840521462,0.000156726738872970467203,0.000156726738872970467203,True,131,100,0.068682414817280000000000,6.662194237276160000000000,0.000005000000000000000000,0.000000045405871494174400,0.000941552809576409229625,0.763607634000000000000000,0.000002480293008497603467,True,0.000715521056019431452718,two-mode,False,0.719538849065805916937757,,,,
2.5,monitor-only,0.000053581684661436219364,certified_conditional,0.000000000000000000000001,95,0.001806067196822922680214,mid_flat,,0.001606931079027286671867,0.001606931079027286671868,166.242662410000000000000000,35,631158312,direct-fast,1271,0.300000000000000000000000,0.187256304139202073757854,-0.112743695860797926242146,2935621064,2.935591707789360000000000,0.000000000465843000000000,2.668719733930470000000000,1012.775640403909739005427414,1528.993098849355702557416516,90812.575695555788800000000000,0.000000182216562587971395,0.023816650828814219295722,0.013004430819772673859061,0.023816650828814219295722,1012.775640403909739005427414,joint,peak,0.000999067888211844221539,0.000000932111788155778461,0.000054513796449591997825,0.008219829965939188782672,0.008912263756165487842260,0.008912263756165487842260,0.008219829965939188782672,0.008912263756165487842260,0.008035516273202105263319,0.000000012669290538681250,0.000000000000000000000000,0.000000000000000000000000,0.000000000000000000000000,0.000000007996328030631629,0.000084293027117563557503,0.000014076989487423610993,0.000000007996412488413097,0.000762662496007193919253,0.000000000000000633768094,0.000000000000000316880879,0.000000000000704186770998,0.000000000000352089864601,0.000100000000000000000000,0.000000100000000000000000,5.237437730853570000000000,0.000000000000000000000000,0.000110421657068782332423,0.000222623437563028030770,0.000136028030746369799799,0.000136028030746369799799,True,131,100,0.068682414817280000000000,6.524829407641600000000000,0.000005000000000000000000,0.000000045405871494174400,0.000940440797678913827776,0.763607634000000000000000,0.000002480293008497603467,True,0.000932111788155778461167,two-mode,False,0.724752174059028740418208,,,,
2.5,monitor-only,0.000054477105826795274204,certified_conditional,0.000000000000000000000001,95,0.001806067196822922680214,mid_flat,,0.001606931079027286671867,0.001606931079027286671868,166.242662410000000000000000,35,631158312,direct-fast,1271,0.300000000000000000000000,0.187256304139202073757854,-0.112743695860797926242146,2935621064,2.935591707789360000000000,0.000000000465843000000000,2.668719733930470000000000,1012.775640403909739005427414,1528.993098849355702557416516,90812.575695555788800000000000,0.000000182216562587971395,0.023816650828814219295722,0.013004430819772673859061,0.023816650828814219295722,1012.775640403909739005427414,joint,peak,0.000999963309377203276380,0.000000036690622796723620,0.000054513796449591997825,0.008220513507217021949120,0.008912947297443321008707,0.008912947297443321008707,0.008220513507217021949120,0.008912947297443321008707,0.008035516273202105263319,0.000000012669290538681250,0.000000000000000000000000,0.000000000000000000000000,0.000000000000000000000000,0.000000007996328030631629,0.000084976568395396723951,0.000014076989487423610993,0.000000007996412488413097,0.000763346037285027085701,0.000000000000000633768094,0.000000000000000316880879,0.000000000000704186770998,0.000000000000352089864601,0.000100000000000000000000,0.000000100000000000000000,5.237437730853570000000000,0.000000000000000000000000,0.000111317078234141387264,0.000222537955667436114482,0.000135942549753634166608,0.000135942549753634166608,True,131,100,0.068682414817280000000000,6.524829407641600000000000,0.000005000000000000000000,0.000000045405871494174400,0.000940440797678913827776,0.763607634000000000000000,0.000002480293008497603467,True,0.000036690622796723620378,two-mode,False,0.724752174059028740418208,,,,
2.5,monitor-only,0.000055036500000000000000,certified_conditional,0.000000000000000000000001,93,0.001844495007081193022279,mid_flat,,0.001641121857040200555618,0.001641121857040200555619,166.242662410000000000000000,35,631158312,direct-fast,1301,0.300000000000000000000000,0.048882985802621224998643,-0.251117014197378775001357,2935621064,2.935591707789360000000000,0.000000000465843000000000,2.668719733930470000000000,1011.578097119524083259488596,1526.773554146749608867535688,88900.731996701982720000000000,0.000000178420384200721991,0.023816661786493434309589,0.012981600769333832111595,0.023816661786493434309589,1011.578097119524083259488596,joint,peak,0.000999410691652912600327,0.000000589308347087399673,0.000055625808347087399674,0.008392898143218223155102,0.009085332244989502055607,0.009085332244989502055607,0.008392898143218223155102,0.009085332244989502055607,0.008208323074776344086186,0.000000012669290538681250,0.000000000000000000000000,0.000000000000000000000000,0.000000000000000000000000,0.000000007996328030631629,0.000084554402822359107066,0.000014076989487423610993,0.000000007996412488413097,0.000762924183256969309734,0.000000000000000633768094,0.000000000000000316880879,0.000000000000704186770998,0.000000000000352089864601,0.000100000000000000000000,0.000000100000000000000000,5.237437730853570000000000,0.000000000000000000000000,0.000110764052394089516457,0.000200979981139522134287,0.000114384763959571013117,0.000114384763959571013117,True,131,100,0.068682414817280000000000,6.387464578007040000000000,0.000005000000000000000000,0.000000045405871494174400,0.000939328785781418425927,0.763607634000000000000000,0.000002480293008497603467,True,0.000589308347087399673563,two-mode,False,0.724752174059028740418208,,,,
2.5,monitor-only,0.000055372526992154329045,certified_conditional,0.000000000000000000000001,93,0.001844495007081193022279,mid_flat,,0.001641121857040200555618,0.001641121857040200555619,166.242662410000000000000000,35,631158312,direct-fast,1301,0.300000000000000000000000,0.048882985802621224998643,-0.251117014197378775001357,2935621064,2.935591707789360000000000,0.000000000465843000000000,2.668719733930470000000000,1011.578097119524083259488596,1526.773554146749608867535688,88900.731996701982720000000000,0.000000178420384200721991,0.023816661786493434309589,0.012981600769333832111595,0.023816661786493434309589,1011.578097119524083259488596,joint,peak,0.000999746718645066929372,0.000000253281354933070628,0.000055625808347087399674,0.008393154657502773825485,0.009085588759274052725990,0.009085588759274052725990,0.008393154657502773825485,0.009085588759274052725990,0.008208323074776344086186,0.000000012669290538681250,0.000000000000000000000000,0.000000000000000000000000,0.000000000000000000000000,0.000000007996328030631629,0.000084810917106909777449,0.000014076989487423610993,0.000000007996412488413097,0.000763180697541519980117,0.000000000000000633768094,0.000000000000000316880879,0.000000000000704186770998,0.000000000000352089864601,0.000100000000000000000000,0.000000100000000000000000,5.237437730853570000000000,0.000000000000000000000000,0.000111100079386243845502,0.000200947902129810671966,0.000114352685288676738611,0.000114352685288676738611,True,131,100,0.068682414817280000000000,6.387464578007040000000000,0.000005000000000000000000,0.000000045405871494174400,0.000939328785781418425927,0.763607634000000000000000,0.000002480293008497603467,True,0.000253281354933070628826,two-mode,False,0.724752174059028740418208,,,,
2.5,monitor-only,0.000056267948157513383886,certified_conditional,0.000000000000000000000001,91,0.001884593591698518596608,mid_flat,,0.001676799190618893303880,0.001676799190618893303881,166.242662410000000000000000,35,631158312,direct-fast,1331,0.300000000000000000000000,0.295797784060102078467293,-0.004202215939897921532707,2935621064,2.935591707789360000000000,0.000000000465843000000000,2.668719733930470000000000,1010.380553835138427513549779,1524.549406773185136562834477,86988.888297848176640000000000,0.000000174624205813472587,0.023816672744172649323456,0.012958770718894990364128,0.023816672744172649323456,1010.380553835138427513549779,joint,peak,0.000999530127912930582363,0.000000469872087069417637,0.000056737820244582801523,0.008573391711154426309449,0.009265826124470685050872,0.009265826124470685050872,0.008573391711154426309449,0.009265826124470685050872,0.008388725779716483516652,0.000000012669290538681250,0.000000000000000000000000,0.000000000000000000000000,0.000000000000000000000000,0.000000007996328030631629,0.000084645265818422830948,0.000014076989487423610993,0.000000007996412488413097,0.000763015357798012874533,0.000000000000000633768094,0.000000000000000316880879,0.000000000000704186770998,0.000000000000352089864601,0.000100000000000000000000,0.000000100000000000000000,5.237437730853570000000000,0.000000000000000000000000,0.000110883080538346303739,0.000178407924659999995089,0.000091812906924591774598,0.000091812906924591774598,True,131,100,0.068682414817280000000000,6.250099748372480000000000,0.000005000000000000000000,0.000000045405871494174400,0.000938216773883923024078,0.763607634000000000000000,0.000002480293008497603467,True,0.000469872087069417637275,two-mode,False,0.724752174059028740418208,,,,
2.5,monitor-only,0.000057163369322872438727,certified_conditional,0.000000000000000000000001,89,0.001926474335632169752018,mid_flat,,0.001714062183467750174287,0.001714062183467750174288,166.242662410000000000000000,35,631158312,direct-fast,1364,0.300000000000000000000000,0.053686573351248747645660,-0.246313426648751252354340,2935621064,2.935591707789360000000000,0.000000000465843000000000,2.668719733930470000000000,1009.183010550752771767610962,1522.320349883931727068991522,85077.044598994370560000000000,0.000000170828027426223183,0.023816683701851864337323,0.012935940668456148616662,0.023816683701851864337323,1009.183010550752771767610962,joint,peak,0.000999313537180794235355,0.000000686462819205764645,0.000057849832142078203373,0.008761736751544961464446,0.009454171476406200046786,0.009454171476406200046786,0.008761736751544961464446,0.009454171476406200046786,0.008577236471395505618150,0.000000012669290538681250,0.000000000000000000000000,0.000000000000000000000000,0.000000000000000000000000,0.000000007996328030631629,0.000084479614529935884446,0.000014076989487423610993,0.000000007996412488413097,0.000762850018054505768949,0.000000000000000633768094,0.000000000000000316880879,0.000000000000704186770998,0.000000000000352089864601,0.000100000000000000000000,0.000000100000000000000000,5.237437730853570000000000,0.000000000000000000000000,0.000110666081690448761977,0.000154853983442351146702,0.000068259175522112249669,0.000068259175522112249669,True,131,100,0.068682414817280000000000,6.112734918737920000000000,0.000005000000000000000000,0.000000045405871494174400,0.000937104761986427622228,0.763607634000000000000000,0.000002480293008497603467,True,0.000686462819205764645724,two-mode,False,0.724752174059028740418208,,,,
2.5,monitor-only,0.000058058790488231493568,certified_conditional,0.000000000000000000000001,87,0.001970258749744623232674,mid_flat,,0.001753018948718827811531,0.001753018948718827811532,166.242662410000000000000000,35,631158312,direct-fast,1397,0.300000000000000000000000,0.250570307610174810877590,-0.049429692389825189122410,2935621064,2.935591707789360000000000,0.000000000465843000000000,2.668719733930470000000000,1007.985467266367116021672145,1520.086048739283316486747160,83165.200900140564480000000000,0.000000167031849038973779,0.023816694659531079351190,0.012913110618017306869195,0.023816694659531079351190,1007.985467266367116021672145,joint,peak,0.000999096946448657888346,0.000000903053551342111654,0.000058961844039573605222,0.008958748950173612578131,0.009651183986579831001389,0.009651183986579831001389,0.008958748950173612578131,0.009651183986579831001389,0.008774414321312643678337,0.000000012669290538681250,0.000000000000000000000000,0.000000000000000000000000,0.000000000000000000000000,0.000000007996328030631629,0.000084313963241448937945,0.000014076989487423610993,0.000000007996412488413097,0.000762684678310998663365,0.000000000000000633768094,0.000000000000000316880879,0.000000000000704186770998,0.000000000000352089864601,0.000100000000000000000000,0.000000100000000000000000,5.237437730853570000000000,0.000000000000000000000000,0.000110449082842551220214,0.000130216149942530459805,0.000043621563285486814794,0.000043621563285486814794,True,131,100,0.068682414817280000000000,5.975370089103360000000000,0.000005000000000000000000,0.000000045405871494174400,0.000935992750088932220379,0.763607634000000000000000,0.000002480293008497603467,True,0.000903053551342111654172,two-mode,False,0.724752174059028740418208,,,,
2.5,monitor-only,0.000058954211653590548408,certified_conditional,0.000000000000000000000001,87,0.001970258749744623232674,mid_flat,,0.001753018948718827811531,0.001753018948718827811532,166.242662410000000000000000,35,631158312,direct-fast,1397,0.300000000000000000000000,0.250570307610174810877590,-0.049429692389825189122410,2935621064,2.935591707789360000000000,0.000000000465843000000000,2.668719733930470000000000,1007.985467266367116021672145,1520.086048739283316486747160,83165.200900140564480000000000,0.000000167031849038973779,0.023816694659531079351190,0.012913110618017306869195,0.023816694659531079351190,1007.985467266367116021672145,joint,peak,0.000999992367614016943187,0.000000007632385983056813,0.000058961844039573605222,0.008959432491451445744579,0.009651867527857664167836,0.009651867527857664167836,0.008959432491451445744579,0.009651867527857664167836,0.008774414321312643678337,0.000000012669290538681250,0.000000000000000000000000,0.000000000000000000000000,0.000000000000000000000000,0.000000007996328030631629,0.000084997504519282104392,0.000014076989487423610993,0.000000007996412488413097,0.000763368219588831829812,0.000000000000000633768094,0.000000000000000316880879,0.000000000000704186770998,0.000000000000352089864601,0.000100000000000000000000,0.000000100000000000000000,5.237437730853570000000000,0.000000000000000000000000,0.000111344504007910275055,0.000130130668046938543517,0.000043536082292751181603,0.000043536082292751181603,True,131,100,0.068682414817280000000000,5.975370089103360000000000,0.000005000000000000000000,0.000000045405871494174400,0.000935992750088932220379,0.763607634000000000000000,0.000002480293008497603467,True,0.000007632385983056813383,two-mode,False,0.724752174059028740418208,,,,
2.5,monitor-only,0.000059849632818949603249,certified_conditional,0.000000000000000000000001,85,0.002016079648234400131034,mid_flat,,0.001793787656539723013298,0.001793787656539723013299,166.242662410000000000000000,35,631158312,direct-fast,1433,0.300000000000000000000000,0.017076541136957900306353,-0.282923458863042099693647,2935621064,2.935591707789360000000000,0.000000000465843000000000,2.668719733930470000000000,1006.787923981981460275733327,1517.846137460956532647143153,81253.357201286758400000000000,0.000000163235670651724375,0.023816705617210294365057,0.012890280567578465121729,0.023816705617210294365057,1006.787923981981460275733327,joint,peak,0.000999775776881880596179,0.000000224223118119403821,0.000060073855937069007071,0.009165723647723256296391,0.009858158995674454560566,0.009858158995674454560566,0.009165723647723256296391,0.009858158995674454560566,0.008980871128872941176651,0.000000012669290538681250,0.000000000000000000000000,0.000000000000000000000000,0.000000000000000000000000,0.000000007996328030631629,0.000084831853230795157890,0.000014076989487423610993,0.000000007996412488413097,0.000763202879845324724228,0.000000000000000633768094,0.000000000000000316880879,0.000000000000704186770998,0.000000000000352089864601,0.000100000000000000000000,0.000000100000000000000000,5.237437730853570000000000,0.000000000000000000000000,0.000111127505160012733292,0.000104332432221498594216,0.000017738079986628360787,0.000017738079986628360787,True,131,100,0.068682414817280000000000,5.838005259468800000000000,0.000005000000000000000000,0.000000045405871494174400,0.000934880738191436818530,0.763607634000000000000000,0.000002480293008497603467,True,0.000224223118119403821832,two-mode,False,0.724752174059028740418208,,,,
2.5,monitor-only,0.000060073000000000000000,certified_conditional,0.000000000000000000000001,85,0.002016079648234400131034,mid_flat,,0.001793787656539723013298,0.001793787656539723013299,166.242662410000000000000000,35,631158312,direct-fast,1433,0.300000000000000000000000,0.017076541136957900306353,-0.282923458863042099693647,2935621064,2.935591707789360000000000,0.000000000465843000000000,2.668719733930470000000000,1006.787923981981460275733327,1517.846137460956532647143153,81253.357201286758400000000000,0.000000163235670651724375,0.023816705617210294365057,0.012890280567578465121729,0.023816705617210294365057,1006.787923981981460275733327,joint,peak,0.000999999144062930992930,0.000000000855937069007070,0.000060073855937069007071,0.009165894160431988122072,0.009858329508383186386247,0.009858329508383186386247,0.009165894160431988122072,0.009858329508383186386247,0.008980871128872941176651,0.000000012669290538681250,0.000000000000000000000000,0.000000000000000000000000,0.000000000000000000000000,0.000000007996328030631629,0.000085002365939526983571,0.000014076989487423610993,0.000000007996412488413097,0.000763373392554056549909,0.000000000000000633768094,0.000000000000000316880879,0.000000000000704186770998,0.000000000000352089864601,0.000100000000000000000000,0.000000100000000000000000,5.237437730853570000000000,0.000000000000000000000000,0.000111350872341063130044,0.000104311108345329602570,0.000017716756335681276609,0.000017716756335681276609,True,131,100,0.068682414817280000000000,5.838005259468800000000000,0.000005000000000000000000,0.000000045405871494174400,0.000934880738191436818530,0.763607634000000000000000,0.000002480293008497603467,True,0.000000855937069007070516,two-mode,False,0.730041605986459196358227,,,,
2.5,monitor-only,0.000060074000000000000000,certified_conditional,0.000000000000000000000001,83,0.002064082494271309262650,mid_flat,,0.001836497731399708462768,0.001836497731399708462769,166.242662410000000000000000,35,631158312,direct-fast,1469,0.300000000000000000000000,0.286749738165016374946010,-0.013250261834983625053990,2935621064,2.935591707789360000000000,0.000000000465843000000000,2.668719733930470000000000,1005.590380697595804529794510,1515.600215325117206031796669,79341.513502432952320000000000,0.000000159439492264474971,0.023816716574889509378924,0.012867450517139623374262,0.023816716574889509378924,1005.590380697595804529794510,joint,peak,0.000998888132165435591081,0.000001111867834564408919,0.000061185867834564408920,0.009381452264465567967580,0.010073887923961746072673,0.010073887923961746072673,0.009381452264465567967580,0.010073887923961746072673,0.009197277662098795180907,0.000000012669290538681250,0.000000000000000000000000,0.000000000000000000000000,0.000000000000000000000000,0.000000007996328030631629,0.000084153936747252824823,0.000014076989487423610993,0.000000007996412488413097,0.000762525274906762232078,0.000000000000000633768094,0.000000000000000316880879,0.000000000000704186770998,0.000000000000352089864601,0.000100000000000000000000,0.000000100000000000000000,5.237437730853570000000000,0.000000000000000000000000,0.000110239452327806533440,0.000077353972118821777205,-0.000009240134131250809456,-0.000009240134131250809456,False,131,100,0.068682414817280000000000,5.700640429834240000000000,0.000005000000000000000000,0.000000045405871494174400,0.000933768726293941416681,0.763607634000000000000000,0.000002480293008497603467,True,0.001111867834564408919754,two-mode,False,0.730041605986459196358227,,,,
2.5,monitor-only,0.000060075000000000000000,certified_conditional,0.000000000000000000000001,83,0.002064082494271309262650,mid_flat,,0.001836497731399708462768,0.001836497731399708462769,166.242662410000000000000000,35,631158312,direct-fast,1469,0.300000000000000000000000,0.286749738165016374946010,-0.013250261834983625053990,2935621064,2.935591707789360000000000,0.000000000465843000000000,2.668719733930470000000000,1005.590380697595804529794510,1515.600215325117206031796669,79341.513502432952320000000000,0.000000159439492264474971,0.023816716574889509378924,0.012867450517139623374262,0.023816716574889509378924,1005.590380697595804529794510,joint,peak,0.000998889132165435591081,0.000001110867834564408919,0.000061185867834564408920,0.009381453027839613921780,0.010073888687335792026873,0.010073888687335792026873,0.009381453027839613921780,0.010073888687335792026873,0.009197277662098795180907,0.000000012669290538681250,0.000000000000000000000000,0.000000000000000000000000,0.000000000000000000000000,0.000000007996328030631629,0.000084154700121298779023,0.000014076989487423610993,0.000000007996412488413097,0.000762526038280808186278,0.000000000000000633768094,0.000000000000000316880879,0.000000000000704186770998,0.000000000000352089864601,0.000100000000000000000000,0.000000100000000000000000,5.237437730853570000000000,0.000000000000000000000000,0.000110240452327806533440,0.000077353876653247699961,-0.000009240229595816583213,-0.000009240229595816583213,False,131,100,0.068682414817280000000000,5.700640429834240000000000,0.000005000000000000000000,0.000000045405871494174400,0.000933768726293941416681,0.763607634000000000000000,0.000002480293008497603467,True,0.001110867834564408919754,two-mode,False,0.730041605986459196358227,,,,
2.5,monitor-only,0.000060745053984308658090,certified_conditional,0.000000000000000000000001,83,0.002064082494271309262650,mid_flat,,0.001836497731399708462768,0.001836497731399708462769,166.242662410000000000000000,35,631158312,direct-fast,1469,0.300000000000000000000000,0.286749738165016374946010,-0.013250261834983625053990,2935621064,2.935591707789360000000000,0.000000000465843000000000,2.668719733930470000000000,1005.590380697595804529794510,1515.600215325117206031796669,79341.513502432952320000000000,0.000000159439492264474971,0.023816716574889509378924,0.012867450517139623374262,0.023816716574889509378924,1005.590380697595804529794510,joint,peak,0.000999559186149744249170,0.000000440813850255750830,0.000061185867834564408920,0.009381964529660623354146,0.010074400189156801459239,0.010074400189156801459239,0.009381964529660623354146,0.010074400189156801459239,0.009197277662098795180907,0.000000012669290538681250,0.000000000000000000000000,0.000000000000000000000000,0.000000000000000000000000,0.000000007996328030631629,0.000084666201942308211389,0.000014076989487423610993,0.000000007996412488413097,0.000763037540101817618644,0.000000000000000633768094,0.000000000000000316880879,0.000000000000704186770998,0.000000000000352089864601,0.000100000000000000000000,0.000000100000000000000000,5.237437730853570000000000,0.000000000000000000000000,0.000110910506312115191530,0.000077289909564972929806,-0.000009304196008473584712,-0.000009304196008473584712,False,131,100,0.068682414817280000000000,5.700640429834240000000000,0.000005000000000000000000,0.000000045405871494174400,0.000933768726293941416681,0.763607634000000000000000,0.000002480293008497603467,True,0.000440813850255750830280,two-mode,False,0.730041605986459196358227,,,,
2.5,monitor-only,0.000061640475149667712931,certified_conditional,0.000000000000000000000001,81,0.002114426942553921278735,mid_flat,,0.001881291224545546860993,0.001881291224545546860994,166.242662410000000000000000,35,631158312,direct-fast,1508,0.300000000000000000000000,0.196406993584687458104674,-0.103593006415312541895326,2935621064,2.935591707789360000000000,0.000000000465843000000000,2.668719733930470000000000,1004.392837413210148783855693,1513.347842512922955461994845,77429.669803579146240000000000,0.000000155643313877225567,0.023816727532568724392791,0.012844620466700781626796,0.023816727532568724392791,1004.392837413210148783855693,joint,peak,0.000999342595417607902162,0.000000657404582392097838,0.000062297879732059810769,0.009608892153979514066432,0.010301328125020672012443,0.010301328125020672012443,0.009608892153979514066432,0.010301328125020672012443,0.009424370937706172839695,0.000000012669290538681250,0.000000000000000000000000,0.000000000000000000000000,0.000000000000000000000000,0.000000007996328030631629,0.000084500550653821264887,0.000014076989487423610993,0.000000007996412488413097,0.000762872200358310513060,0.000000000000000633768094,0.000000000000000316880879,0.000000000000704186770998,0.000000000000352089864601,0.000100000000000000000000,0.000000100000000000000000,5.237437730853570000000000,0.000000000000000000000000,0.000110693507464217649767,0.000048910930682466312131,-0.000037682914113960515983,-0.000037682914113960515983,False,131,100,0.068682414817280000000000,5.563275600199680000000000,0.000005000000000000000000,0.000000045405871494174400,0.000932656714396446014832,0.763607634000000000000000,0.000002480293008497603467,True,0.000657404582392097838729,two-mode,False,0.730041605986459196358227,,,,
2.5,monitor-only,0.000062535896315026767772,certified_conditional,0.000000000000000000000001,79,0.002167288613250663895625,mid_flat,,0.001928324392348677179129,0.001928324392348677179130,166.242662410000000000000000,35,631158312,direct-fast,1549,0.300000000000000000000000,0.086547111775342095421272,-0.213452888224657904578728,2935621064,2.935591707789360000000000,0.000000000465843000000000,2.668719733930470000000000,1003.195294128824493037916875,1511.088535223647161641153528,75517.826104725340160000000000,0.000000151847135489976163,0.023816738490247939406658,0.012821790416261939879329,0.023816738490247939406658,1003.195294128824493037916875,joint,peak,0.000999126004685471555153,0.000000873995314528444847,0.000063409891629555212619,0.009847318172000044153847,0.010539754454586181940775,0.010539754454586181940775,0.009847318172000044153847,0.010539754454586181940775,0.009662962607015189873611,0.000000012669290538681250,0.000000000000000000000000,0.000000000000000000000000,0.000000000000000000000000,0.000000007996328030631629,0.000084334899365334318386,0.000014076989487423610993,0.000000007996412488413097,0.000762706860614803407476,0.000000000000000633768094,0.000000000000000316880879,0.000000000000704186770998,0.000000000000352089864601,0.000100000000000000000000,0.000000100000000000000000,5.237437730853570000000000,0.000000000000000000000000,0.000110476508616320108004,0.000019093992569473858665,-0.000067499576262266735743,-0.000067499576262266735743,False,131,100,0.068682414817280000000000,5.425910770565120000000000,0.000005000000000000000000,0.000000045405871494174400,0.000931544702498950612982,0.763607634000000000000000,0.000002480293008497603467,True,0.000873995314528444847178,two-mode,False,0.730041605986459196358227,,,,
2.5,monitor-only,0.000063431317480385822612,certified_conditional,0.000000000000000000000001,77,0.002222861138854931774918,mid_flat,,0.001977769517475044949477,0.001977769517475044949478,166.242662410000000000000000,35,631158312,direct-fast,1592,0.300000000000000000000000,0.001822620642440560292567,-0.298177379357559439707433,2935621064,2.935591707789360000000000,0.000000000465843000000000,2.668719733930470000000000,1001.997750844438837291978058,1508.821760035975859703808144,73605.982405871534080000000000,0.000000148050957102726759,0.023816749447927154420525,0.012798960365823098131863,0.023816749447927154420525,1001.997750844438837291978058,joint,peak,0.000998909413953335208145,0.000001090586046664791855,0.000064521903527050614468,0.010098138562452211489777,0.010790575156583329117622,0.010790575156583329117622,0.010098138562452211489777,0.010790575156583329117622,0.009913948648755844156043,0.000000012669290538681250,0.000000000000000000000000,0.000000000000000000000000,0.000000000000000000000000,0.000000007996328030631629,0.000084169248076847371884,0.000014076989487423610993,0.000000007996412488413097,0.000762541520871296301892,0.000000000000000633768094,0.000000000000000316880879,0.000000000000704186770998,0.000000000000352089864601,0.000100000000000000000000,0.000000100000000000000000,5.237437730853570000000000,0.000000000000000000000000,0.000110259509768422566242,-0.000012272953545211119096,-0.000098866230041144396341,-0.000098866230041144396341,False,131,100,0.068682414817280000000000,5.288545940930560000000000,0.000005000000000000000000,0.000000045405871494174400,0.000930432690601455211133,0.763607634000000000000000,0.000002480293008497603467,True,0.001090586046664791855626,two-mode,False,0.730041605986459196358227,,,,
2.5,monitor-only,0.000064326738645744877453,certified_conditional,0.000000000000000000000001,77,0.002222861138854931774918,mid_flat,,0.001977769517475044949477,0.001977769517475044949478,166.242662410000000000000000,35,631158312,direct-fast,1592,0.300000000000000000000000,0.001822620642440560292567,-0.298177379357559439707433,2935621064,2.935591707789360000000000,0.000000000465843000000000,2.668719733930470000000000,1001.997750844438837291978058,1508.821760035975859703808144,73605.982405871534080000000000,0.000000148050957102726759,0.023816749447927154420525,0.012798960365823098131863,0.023816749447927154420525,1001.997750844438837291978058,joint,peak,0.000999804835118694262986,0.000000195164881305737014,0.000064521903527050614468,0.010098822103730044656224,0.010791258697861162284070,0.010791258697861162284070,0.010098822103730044656224,0.010791258697861162284070,0.009913948648755844156043,0.000000012669290538681250,0.000000000000000000000000,0.000000000000000000000000,0.000000000000000000000000,0.000000007996328030631629,0.000084852789354680538331,0.000014076989487423610993,0.000000007996412488413097,0.000763225062149129468339,0.000000000000000633768094,0.000000000000000316880879,0.000000000000704186770998,0.000000000000352089864601,0.000100000000000000000000,0.000000100000000000000000,5.237437730853570000000000,0.000000000000000000000000,0.000111154930933781621083,-0.000012358435440803035384,-0.000098951711033880029532,-0.000098951711033880029532,False,131,100,0.068682414817280000000000,5.288545940930560000000000,0.000005000000000000000000,0.000000045405871494174400,0.000930432690601455211133,0.763607634000000000000000,0.000002480293008497603467,True,0.000195164881305737014837,two-mode,False,0.730041605986459196358227,,,,
2.5,monitor-only,0.000064765625000000000000,certified_conditional,0.000000000000000000000001,75,0.002281358534227845332070,mid_flat,,0.002029817017608063655106,0.002029817017608063655107,166.242662410000000000000000,35,631158312,direct-fast,1636,0.300000000000000000000000,0.291586314186754733841299,-0.008413685813245266158701,2935621064,2.935591707789360000000000,0.000000000465843000000000,2.668719733930470000000000,1000.800207560053181546039241,1506.546927378983088482866265,71694.138707017728000000000000,0.000000144254778715477354,0.023816760405606369434391,0.012776130315384256384396,0.023816760405606369434391,1000.800207560053181546039241,joint,peak,0.000999131709575453983684,0.000000868290424546016316,0.000065633915424546016317,0.010362679909582508875323,0.011055116815258606344087,0.011055116815258606344087,0.010362679909582508875323,0.011055116815258606344087,0.010178320612722666666871,0.000000012669290538681250,0.000000000000000000000000,0.000000000000000000000000,0.000000000000000000000000,0.000000007996328030631629,0.000084338631240322246603,0.000014076989487423610993,0.000000007996412488413097,0.000762711215579751017528,0.000000000000000633768094,0.000000000000000316880879,0.000000000000704186770998,0.000000000000352089864601,0.000100000000000000000000,0.000000100000000000000000,5.237437730853570000000000,0.000000000000000000000000,0.000110481397274780147027,-0.000045355806839487656701,-0.000131948772876272205389,-0.000131948772876272205389,False,131,100,0.068682414817280000000000,5.151181111296000000000000,0.000005000000000000000000,0.000000045405871494174400,0.000929320678703959809284,0.763607634000000000000000,0.000002480293008497603467,True,0.000868290424546016316707,two-mode,False,0.730041605986459196358227,,,,
2.5,monitor-only,0.000065222159811103932294,certified_conditional,0.000000000000000000000001,75,0.002281358534227845332070,mid_flat,,0.002029817017608063655106,0.002029817017608063655107,166.242662410000000000000000,35,631158312,direct-fast,1636,0.300000000000000000000000,0.291586314186754733841299,-0.008413685813245266158701,2935621064,2.935591707789360000000000,0.000000000465843000000000,2.668719733930470000000000,1000.800207560053181546039241,1506.546927378983088482866265,71694.138707017728000000000000,0.000000144254778715477354,0.023816760405606369434391,0.012776130315384256384396,0.023816760405606369434391,1000.800207560053181546039241,joint,peak,0.000999588244386557915977,0.000000411755613442084023,0.000065633915424546016317,0.010363028416408380220550,0.011055465322084477689314,0.011055465322084477689314,0.010363028416408380220550,0.011055465322084477689314,0.010178320612722666666871,0.000000012669290538681250,0.000000000000000000000000,0.000000000000000000000000,0.000000000000000000000000,0.000000007996328030631629,0.000084687138066193591830,0.000014076989487423610993,0.000000007996412488413097,0.000763059722405622362755,0.000000000000000633768094,0.000000000000000316880879,0.000000000000704186770998,0.000000000000352089864601,0.000100000000000000000000,0.000000100000000000000000,5.237437730853570000000000,0.000000000000000000000000,0.000110937932085884079320,-0.000045399390197315939383,-0.000131992355773774846235,-0.000131992355773774846235,False,131,100,0.068682414817280000000000,5.151181111296000000000000,0.000005000000000000000000,0.000000045405871494174400,0.000929320678703959809284,0.763607634000000000000000,0.000002480293008497603467,True,0.000411755613442084023285,two-mode,False,0.730041605986459196358227,,,,
2.5,monitor-only,0.000066117580976462987135,certified_conditional,0.000000000000000000000001,73,0.002343017950972267730148,mid_flat,,0.002084677896126650939418,0.002084677896126650939419,166.242662410000000000000000,35,631158312,direct-fast,1684,0.300000000000000000000000,0.110526423598329132987259,-0.189473576401670867012741,2935621064,2.935591707789360000000000,0.000000000465843000000000,2.668719733930470000000000,999.602664275667525800100424,1504.263383944345485603982230,69782.295008163921920000000000,0.000000140458600328227950,0.023816771363285584448258,0.012753300264945414636929,0.023816771363285584448258,999.602664275667525800100424,joint,peak,0.000999371653654421568969,0.000000628346345578431031,0.000066745927322041418166,0.010641720864098596470401,0.011334158081319673780082,0.011334158081319673780082,0.010641720864098596470401,0.011334158081319673780082,0.010457178711701369863223,0.000000012669290538681250,0.000000000000000000000000,0.000000000000000000000000,0.000000000000000000000000,0.000000007996328030631629,0.000084521486777706645328,0.000014076989487423610993,0.000000007996412488413097,0.000762894382662115257171,0.000000000000000633768094,0.000000000000000316880879,0.000000000000704186770998,0.000000000000352089864601,0.000100000000000000000000,0.000000100000000000000000,5.237437730853570000000000,0.000000000000000000000000,0.000110720933237986537558,-0.000080251943347039886845,-0.000166844579772852612696,-0.000166844579772852612696,False,131,100,0.068682414817280000000000,5.013816281661440000000000,0.000005000000000000000000,0.000000045405871494174400,0.000928208666806464407435,0.763607634000000000000000,0.000002480293008497603467,True,0.000628346345578431031734,two-mode,False,0.730041605986459196358227,,,,
2.5,monitor-only,0.000067013002141822041975,certified_conditional,0.000000000000000000000001,71,0.002408102890869158039231,mid_flat,,0.002142586601229604183970,0.002142586601229604183971,166.242662410000000000000000,35,631158312,direct-fast,1734,0.300000000000000000000000,0.119407650199435443196884,-0.180592349800564556803116,2935621064,2.935591707789360000000000,0.000000000465843000000000,2.668719733930470000000000,998.405120991281870054161606,1501.970403833925981762327526,67870.451309310115840000000000,0.000000136662421940978546,0.023816782320964799462125,0.012730470214506572889463,0.023816782320964799462125,998.405120991281870054161606,joint,peak,0.000999155062922285221960,0.000000844937077714778040,0.000067857939219536820016,0.010936123627224232618639,0.011628561155990289769237,0.011628561155990289769237,0.010936123627224232618639,0.011628561155990289769237,0.010751747126115492957962,0.000000012669290538681250,0.000000000000000000000000,0.000000000000000000000000,0.000000000000000000000000,0.000000007996328030631629,0.000084355835489219698827,0.000014076989487423610993,0.000000007996412488413097,0.000762729042918608151587,0.000000000000000633768094,0.000000000000000316880879,0.000000000000704186770998,0.000000000000352089864601,0.000100000000000000000000,0.000000100000000000000000,5.237437730853570000000000,0.000000000000000000000000,0.000110503934390088995795,-0.000117069187711936374402,-0.000203661474236114704951,-0.000203661474236114704951,False,131,100,0.068682414817280000000000,4.876451452026880000000000,0.000005000000000000000000,0.000000045405871494174400,0.000927096654908969005585,0.763607634000000000000000,0.000002480293008497603467,True,0.000844937077714778040183,two-mode,False,0.735408823677528335473834,,,,
2.5,monitor-only,0.000067908423307181096816,certified_conditional,0.000000000000000000000001,69,0.002476906970188727794547,mid_flat,,0.002203804375195583328210,0.002203804375195583328211,166.242662410000000000000000,35,631158312,direct-fast,1787,0.300000000000000000000000,0.085939232606319256847059,-0.214060767393680743152941,2935621064,2.935591707789360000000000,0.000000000465843000000000,2.668719733930470000000000,997.207577706896214308222789,1499.667178189800414018236096,65958.607610456309760000000000,0.000000132866243553729142,0.023816793278644014475992,0.012707640164067731141996,0.023816793278644014475992,997.207577706896214308222789,joint,peak,0.000998938472190148874952,0.000001061527809851125048,0.000068969951117032221865,0.011247602820170977352078,0.011940040660482014343594,0.011940040660482014343594,0.011247602820170977352078,0.011940040660482014343594,0.011063391970350724637903,0.000000012669290538681250,0.000000000000000000000000,0.000000000000000000000000,0.000000000000000000000000,0.000000007996328030631629,0.000084190184200732752325,0.000014076989487423610993,0.000000007996412488413097,0.000762563703175101046003,0.000000000000000633768094,0.000000000000000316880879,0.000000000000704186770998,0.000000000000352089864601,0.000100000000000000000000,0.000000100000000000000000,5.237437730853570000000000,0.000000000000000000000000,0.000110286935542191454032,-0.000156021966006368231625,-0.000242613880073490194807,-0.000242613880073490194807,False,131,100,0.068682414817280000000000,4.739086622392320000000000,0.000005000000000000000000,0.000000045405871494174400,0.000925984643011473603736,0.763607634000000000000000,0.000002480293008497603467,True,0.001061527809851125048632,two-mode,False,0.735408823677528335473834,,,,
2.5,monitor-only,0.000068803844472540151657,certified_conditional,0.000000000000000000000001,69,0.002476906970188727794547,mid_flat,,0.002203804375195583328210,0.002203804375195583328211,166.242662410000000000000000,35,631158312,direct-fast,1787,0.300000000000000000000000,0.085939232606319256847059,-0.214060767393680743152941,2935621064,2.935591707789360000000000,0.000000000465843000000000,2.668719733930470000000000,997.207577706896214308222789,1499.667178189800414018236096,65958.607610456309760000000000,0.000000132866243553729142,0.023816793278644014475992,0.012707640164067731141996,0.023816793278644014475992,997.207577706896214308222789,joint,peak,0.000999833893355507929793,0.000000166106644492070207,0.000068969951117032221865,0.011248286361448810518525,0.011940724201759847510041,0.011940724201759847510041,0.011248286361448810518525,0.011940724201759847510041,0.011063391970350724637903,0.000000012669290538681250,0.000000000000000000000000,0.000000000000000000000000,0.000000000000000000000000,0.000000007996328030631629,0.000084873725478565918772,0.000014076989487423610993,0.000000007996412488413097,0.000763247244452934212451,0.000000000000000633768094,0.000000000000000316880879,0.000000000000704186770998,0.000000000000352089864601,0.000100000000000000000000,0.000000100000000000000000,5.237437730853570000000000,0.000000000000000000000000,0.000111182356707550508873,-0.000156107447901960147913,-0.000242699361066225827998,-0.000242699361066225827998,False,131,100,0.068682414817280000000000,4.739086622392320000000000,0.000005000000000000000000,0.000000045405871494174400,0.000925984643011473603736,0.763607634000000000000000,0.000002480293008497603467,True,0.000166106644492070207842,two-mode,False,0.735408823677528335473834,,,,
2.5,monitor-only,0.000069699265637899206498,certified_conditional,0.000000000000000000000001,67,0.002549758348291801653118,mid_flat,,0.002268623194688973010347,0.002268623194688973010348,166.242662410000000000000000,35,631158312,direct-fast,1843,0.300000000000000000000000,0.085796202213608000711950,-0.214203797786391999288050,2935621064,2.935591707789360000000000,0.000000000465843000000000,2.668719733930470000000000,996.010034422510558562283972,1497.352802994288835556787052,64046.763911602503680000000000,0.000000129070065166479738,0.023816804236323229489859,0.012684810113628889394530,0.023816804236323229489859,996.010034422510558562283972,joint,peak,0.000999617302623371582784,0.000000382697376628417216,0.000070081963014527623714,0.011578371216737957143304,0.012270809368593973975738,0.012270809368593973975738,0.011578371216737957143304,0.012270809368593973975738,0.011393642476928358209184,0.000000012669290538681250,0.000000000000000000000000,0.000000000000000000000000,0.000000000000000000000000,0.000000007996328030631629,0.000084708074190078972271,0.000014076989487423610993,0.000000007996412488413097,0.000763081904709427106867,0.000000000000000633768094,0.000000000000000316880879,0.000000000000704186770998,0.000000000000352089864601,0.000100000000000000000000,0.000000100000000000000000,5.237437730853570000000000,0.000000000000000000000000,0.000110965357859652967111,-0.000197387001970363378057,-0.000283978518102262183898,-0.000283978518102262183898,False,131,100,0.068682414817280000000000,4.601721792757760000000000,0.000005000000000000000000,0.000000045405871494174400,0.000924872631113978201887,0.763607634000000000000000,0.000002480293008497603467,True,0.000382697376628417216291,two-mode,False,0.735408823677528335473834,,,,
2.5,monitor-only,0.000070594686803258261339,certified_conditional,0.000000000000000000000001,65,0.002627024961431425442510,mid_flat,,0.002337370427484992370189,0.002337370427484992370190,166.242662410000000000000000,35,631158312,direct-fast,1902,0.300000000000000000000000,0.203826321494065759356531,-0.096173678505934240643469,2935621064,2.935591707789360000000000,0.000000000465843000000000,2.668719733930470000000000,994.812491138124902816345154,1495.026264651810699949129702,62134.920212748697600000000000,0.000000125273886779230334,0.023816815194002444503726,0.012661980063190047647063,0.023816815194002444503726,994.812491138124902816345154,joint,peak,0.000999400711891235235776,0.000000599288108764764224,0.000071193974912023025563,0.011928779180124188910932,0.012621217643525185584282,0.012621217643525185584282,0.011928779180124188910932,0.012621217643525185584282,0.011744216091603076923312,0.000000012669290538681250,0.000000000000000000000000,0.000000000000000000000000,0.000000000000000000000000,0.000000007996328030631629,0.000084542422901592025769,0.000014076989487423610993,0.000000007996412488413097,0.000762916564965920001283,0.000000000000000633768094,0.000000000000000316880879,0.000000000000704186770998,0.000000000000352089864601,0.000100000000000000000000,0.000000100000000000000000,5.237437730853570000000000,0.000000000000000000000000,0.000110748359011755425348,-0.000241208111114950723239,-0.000327799203370681947323,-0.000327799203370681947323,False,131,100,0.068682414817280000000000,4.464356963123200000000000,0.000005000000000000000000,0.000000045405871494174400,0.000923760619216482800038,0.763607634000000000000000,0.000002480293008497603467,True,0.000599288108764764224739,two-mode,False,0.735408823677528335473834,,,,
2.5,monitor-only,0.000071490107968617316179,certified_conditional,0.000000000000000000000001,63,0.002709120737892275718740,mid_flat,,0.002410414362330762940022,0.002410414362330762940023,166.242662410000000000000000,35,631158312,direct-fast,1965,0.300000000000000000000000,0.235483323229552127916399,-0.064516676770447872083601,2935621064,2.935591707789360000000000,0.000000000465843000000000,2.668719733930470000000000,993.614947853739247070406337,1492.686422867337892462807017,60223.076513894891520000000000,0.000000121477708391980930,0.023816826151681659517593,0.012639150012751205899597,0.023816826151681659517593,993.614947853739247070406337,joint,peak,0.000999184121159098888767,0.000000815878840901111233,0.000072305986809518427413,0.012301445785711990120726,0.012993884560657966634994,0.012993884560657966634994,0.012301445785711990120726,0.012993884560657966634994,0.012117048348479365079608,0.000000012669290538681250,0.000000000000000000000000,0.000000000000000000000000,0.000000000000000000000000,0.000000007996328030631629,0.000084376771613105079268,0.000014076989487423610993,0.000000007996412488413097,0.000762751225222412895699,0.000000000000000633768094,0.000000000000000316880879,0.000000000000704186770998,0.000000000000352089864601,0.000100000000000000000000,0.000000100000000000000000,5.237437730853570000000000,0.000000000000000000000000,0.000110531360163857883585,-0.000287812828200120670603,-0.000374403467179331157084,-0.000374403467179331157084,False,131,100,0.068682414817280000000000,4.326992133488640000000000,0.000005000000000000000000,0.000000045405871494174400,0.000922648607318987398188,0.763607634000000000000000,0.000002480293008497603467,True,0.000815878840901111233188,two-mode,False,0.735408823677528335473834,,,,
2.5,monitor-only,0.000072385529133976371020,certified_conditional,0.000000000000000000000001,61,0.002796513016060277625694,mid_flat,,0.002488170809102067095004,0.002488170809102067095005,166.242662410000000000000000,35,631158312,direct-fast,2032,0.300000000000000000000000,0.288537550883456971867226,-0.011462449116543028132774,2935621064,2.935591707789360000000000,0.000000000465843000000000,2.668719733930470000000000,992.417404569353591324467520,1490.331990210999960980528804,58311.232815041085440000000000,0.000000117681530004731526,0.023816837109360874531460,0.012616319962312364152130,0.023816837109360874531460,992.417404569353591324467520,joint,peak,0.000998967530426962541759,0.000001032469573037458241,0.000073417998707013829262,0.012698560408144138094867,0.013390999494635094450053,0.013390999494635094450053,0.012698560408144138094867,0.013390999494635094450053,0.012514328622200000000251,0.000000012669290538681250,0.000000000000000000000000,0.000000000000000000000000,0.000000000000000000000000,0.000000007996328030631629,0.000084211120324618132766,0.000014076989487423610993,0.000000007996412488413097,0.000762585885478905790115,0.000000000000000633768094,0.000000000000000316880879,0.000000000000704186770998,0.000000000000352089864601,0.000100000000000000000000,0.000000100000000000000000,5.237437730853570000000000,0.000000000000000000000000,0.000110314361315960341823,-0.000337474950728225607251,-0.000424065104138724184953,-0.000424065104138724184953,False,131,100,0.068682414817280000000000,4.189627303854080000000000,0.000005000000000000000000,0.000000045405871494174400,0.000921536595421491996339,0.763607634000000000000000,0.000002480293008497603467,True,0.001032469573037458241637,two-mode,False,0.735408823677528335473834,,,,
2.5,monitor-only,0.000073280950299335425861,certified_conditional,0.000000000000000000000001,61,0.002796513016060277625694,mid_flat,,0.002488170809102067095004,0.002488170809102067095005,166.242662410000000000000000,35,631158312,direct-fast,2032,0.300000000000000000000000,0.288537550883456971867226,-0.011462449116543028132774,2935621064,2.935591707789360000000000,0.000000000465843000000000,2.668719733930470000000000,992.417404569353591324467520,1490.331990210999960980528804,58311.232815041085440000000000,0.000000117681530004731526,0.023816837109360874531460,0.012616319962312364152130,0.023816837109360874531460,992.417404569353591324467520,joint,peak,0.000999862951592321596600,0.000000137048407678403400,0.000073417998707013829262,0.012699243949421971261314,0.013391683035912927616500,0.013391683035912927616500,0.012699243949421971261314,0.013391683035912927616500,0.012514328622200000000251,0.000000012669290538681250,0.000000000000000000000000,0.000000000000000000000000,0.000000000000000000000000,0.000000007996328030631629,0.000084894661602451299214,0.000014076989487423610993,0.000000007996412488413097,0.000763269426756738956562,0.000000000000000633768094,0.000000000000000316880879,0.000000000000704186770998,0.000000000000352089864601,0.000100000000000000000000,0.000000100000000000000000,5.237437730853570000000000,0.000000000000000000000000,0.000111209782481319396664,-0.000337560432623817523539,-0.000424150585131459818144,-0.000424150585131459818144,False,131,100,0.068682414817280000000000,4.189627303854080000000000,0.000005000000000000000000,0.000000045405871494174400,0.000921536595421491996339,0.763607634000000000000000,0.000002480293008497603467,True,0.000137048407678403400847,two-mode,False,0.735408823677528335473834,,,,
2.5,monitor-only,0.000074176371464694480702,certified_conditional,0.000000000000000000000001,59,0.002889731446106146326445,mid_flat,,0.002571111018991458193653,0.002571111018991458193654,166.242662410000000000000000,35,631158312,direct-fast,2104,0.300000000000000000000000,0.185128727047622138748108,-0.114871272952377861251892,2935621064,2.935591707789360000000000,0.000000000465843000000000,2.668719733930470000000000,991.219861284967935578528703,1487.961507595610393102699509,56399.389116187279360000000000,0.000000113885351617482122,0.023816848067040089545327,0.012593489911873522404664,0.023816848067040089545327,991.219861284967935578528703,joint,peak,0.000999646360860185249591,0.000000353639139814750409,0.000074530010604509231111,0.013123292827699586009736,0.013815732225735522205840,0.013815732225735522205840,0.013123292827699586009736,0.013815732225735522205840,0.012938543151766101695175,0.000000012669290538681250,0.000000000000000000000000,0.000000000000000000000000,0.000000000000000000000000,0.000000007996328030631629,0.000084729010313964352712,0.000014076989487423610993,0.000000007996412488413097,0.000763104087013231850978,0.000000000000000633768094,0.000000000000000316880879,0.000000000000704186770998,0.000000000000352089864601,0.000100000000000000000000,0.000000100000000000000000,5.237437730853570000000000,0.000000000000000000000000,0.000110992783633421854901,-0.000390590883182274567024,-0.000477180514545062137148,-0.000477180514545062137148,False,131,100,0.068682414817280000000000,4.052262474219520000000000,0.000005000000000000000000,0.000000045405871494174400,0.000920424583523996594490,0.763607634000000000000000,0.000002480293008497603467,True,0.000353639139814750409296,two-mode,False,0.740855555704761461835599,,,,
2.5,monitor-only,0.000075071792630053535543,certified_conditional,0.000000000000000000000001,57,0.002989378733396557696213,mid_flat,,0.002659771243355979712897,0.002659771243355979712898,166.242662410000000000000000,35,631158312,direct-fast,2181,0.300000000000000000000000,0.064243432602419386103534,-0.235756567397580613896466,2935621064,2.935591707789360000000000,0.000000000465843000000000,2.668719733930470000000000,990.022318000582279832589885,1485.573314680577640236675917,54487.545417333473280000000000,0.000000110089173230232718,0.023816859024719304559194,0.012570659861434680657197,0.023816859024719304559194,990.022318000582279832589885,joint,peak,0.000999429770128048902583,0.000000570229871951097417,0.000075642022502004632960,0.013577111146648506140259,0.014269550856229422177280,0.014269550856229422177280,0.013577111146648506140259,0.014269550856229422177280,0.013392527122003508772198,0.000000012669290538681250,0.000000000000000000000000,0.000000000000000000000000,0.000000000000000000000000,0.000000007996328030631629,0.000084563359025477406211,0.000014076989487423610993,0.000000007996412488413097,0.000762938747269724745394,0.000000000000000633768094,0.000000000000000316880879,0.000000000000704186770998,0.000000000000352089864601,0.000100000000000000000000,0.000000100000000000000000,5.237437730853570000000000,0.000000000000000000000000,0.000110775784785524313139,-0.000447344222616383939119,-0.000533933293513316830564,-0.000533933293513316830564,False,131,100,0.068682414817280000000000,3.914897644584960000000000,0.000005000000000000000000,0.000000045405871494174400,0.000919312571626501192641,0.763607634000000000000000,0.000002480293008497603467,True,0.000570229871951097417745,two-mode,False,0.740855555704761461835599,,,,
2.5,monitor-only,0.000075967213795412590383,certified_conditional,0.000000000000000000000001,55,0.003096143684064855592393,mid_flat,,0.002754764340889395626374,0.002754764340889395626375,166.242662410000000000000000,35,631158312,direct-fast,2271,0.100000000000000000000000,0.050487381502914358819938,-0.049512618497085641180062,2935621064,2.935591707789360000000000,0.000000000465843000000000,2.668719733930470000000000,988.824774716196624086651068,1483.165513933797075419437211,52575.701718479667200000000000,0.000000106292994842983314,0.023816869982398519573061,0.012547829810995838909731,0.023816869982398519573061,988.824774716196624086651068,joint,peak,0.000999213179395912555574,0.000000786820604087444426,0.000076754034399500034810,0.014063946481614692240019,0.014756386502740588117957,0.014756386502740588117957,0.014063946481614692240019,0.014756386502740588117957,0.013879528108258181818460,0.000000012669290538681250,0.000000000000000000000000,0.000000000000000000000000,0.000000000000000000000000,0.000000007996328030631629,0.000084397707736990459709,0.000014076989487423610993,0.000000007996412488413097,0.000762773407526217639810,0.000000000000000633768094,0.000000000000000316880879,0.000000000000704186770998,0.000000000000352089864601,0.000100000000000000000000,0.000000100000000000000000,5.237437730853570000000000,0.000000000000000000000000,0.000110558785937626771376,-0.000508226584258034984763,-0.000594815051078549611965,-0.000594815051078549611965,False,131,100,0.068682414817280000000000,3.777532814950400000000000,0.000005000000000000000000,0.000000045405871494174400,0.000918200559729005790791,0.763607634000000000000000,0.000002480293008497603467,True,0.000786820604087444426193,two-mode,False,0.740855555704761461835599,,,,
2.5,monitor-only,0.000076862634960771645224,certified_conditional,0.000000000000000000000001,53,0.003210817149597471851254,mid_flat,,0.002856793964166027533441,0.002856793964166027533442,166.242662410000000000000000,35,631158312,direct-fast,2368,0.100000000000000000000000,0.059889769325565195793435,-0.040110230674434804206565,2935621064,2.935591707789360000000000,0.000000000465843000000000,2.668719733930470000000000,987.627231431810968340712251,1480.735926707296719545292823,50663.858019625861120000000000,0.000000102496816455733910,0.023816880940077734586927,0.012524999760556997162264,0.023816880940077734586927,987.627231431810968340712251,joint,peak,0.000998996588663776208566,0.000001003411336223791434,0.000077866046296995436659,0.014587536607996325362138,0.015279976940667201080994,0.015279976940667201080994,0.014587536607996325362138,0.015279976940667201080994,0.014403283885928301887081,0.000000012669290538681250,0.000000000000000000000000,0.000000000000000000000000,0.000000000000000000000000,0.000000007996328030631629,0.000084232056448503513208,0.000014076989487423610993,0.000000007996412488413097,0.000762608067782710534226,0.000000000000000633768094,0.000000000000000316880879,0.000000000000704186770998,0.000000000000352089864601,0.000100000000000000000000,0.000000100000000000000000,5.237437730853570000000000,0.000000000000000000000000,0.000110341787089729229613,-0.000573705404583553176433,-0.000660293218780041019614,-0.000660293218780041019614,False,131,100,0.068682414817280000000000,3.640167985315840000000000,0.000005000000000000000000,0.000000045405871494174400,0.000917088547831510388942,0.763607634000000000000000,0.000002480293008497603467,True,0.001003411336223791434642,two-mode,False,0.740855555704761461835599,,,,
2.5,monitor-only,0.000077758056126130700065,certified_conditional,0.000000000000000000000001,53,0.003210817149597471851254,mid_flat,,0.002856793964166027533441,0.002856793964166027533442,166.242662410000000000000000,35,631158312,direct-fast,2368,0.100000000000000000000000,0.059889769325565195793435,-0.040110230674434804206565,2935621064,2.935591707789360000000000,0.000000000465843000000000,2.668719733930470000000000,987.627231431810968340712251,1480.735926707296719545292823,50663.858019625861120000000000,0.000000102496816455733910,0.023816880940077734586927,0.012524999760556997162264,0.023816880940077734586927,987.627231431810968340712251,joint,peak,0.000999892009829135263407,0.000000107990170864736593,0.000077866046296995436659,0.014588220149274158528586,0.015280660481945034247442,0.015280660481945034247442,0.014588220149274158528586,0.015280660481945034247442,0.014403283885928301887081,0.000000012669290538681250,0.000000000000000000000000,0.000000000000000000000000,0.000000000000000000000000,0.000000007996328030631629,0.000084915597726336679655,0.000014076989487423610993,0.000000007996412488413097,0.000763291609060543700673,0.000000000000000633768094,0.000000000000000316880879,0.000000000000704186770998,0.000000000000352089864601,0.000100000000000000000000,0.000000100000000000000000,5.237437730853570000000000,0.000000000000000000000000,0.000111237208255088284454,-0.000573790886479145092721,-0.000660378699772776652805,-0.000660378699772776652805,False,131,100,0.068682414817280000000000,3.640167985315840000000000,0.000005000000000000000000,0.000000045405871494174400,0.000917088547831510388942,0.763607634000000000000000,0.000002480293008497603467,True,0.000107990170864736593853,two-mode,False,0.740855555704761461835599,,,,
2.5,monitor-only,0.000078653477291489754906,certified_conditional,0.000000000000000000000001,51,0.003334311650940289360796,mid_flat,,0.002966672020002400356437,0.002966672020002400356438,166.242662410000000000000000,35,631158312,direct-fast,2473,0.100000000000000000000000,0.016169263903804558687971,-0.083830736096195441312029,2935621064,2.935591707789360000000000,0.000000000465843000000000,2.668719733930470000000000,986.429688147425312594773433,1478.282039176493519799984404,48752.014320772055040000000000,0.000000098700638068484506,0.023816891897756949600794,0.012502169710118155414797,0.023816891897756949600794,986.429688147425312594773433,joint,peak,0.000999675419096998916398,0.000000324580903001083602,0.000078978058194490838508,0.015152889160178938322754,0.015845329804394793882528,0.015845329804394793882528,0.015152889160178938322754,0.015845329804394793882528,0.014968118548121568627751,0.000000012669290538681250,0.000000000000000000000000,0.000000000000000000000000,0.000000000000000000000000,0.000000007996328030631629,0.000084749946437849733153,0.000014076989487423610993,0.000000007996412488413097,0.000763126269317036595089,0.000000000000000633768094,0.000000000000000316880879,0.000000000000704186770998,0.000000000000352089864601,0.000100000000000000000000,0.000000100000000000000000,5.237437730853570000000000,0.000000000000000000000000,0.000111020209407190742692,-0.000644406925333691271126,-0.000730994031744204172142,-0.000730994031744204172142,False,131,100,0.068682414817280000000000,3.502803155681280000000000,0.000005000000000000000000,0.000000045405871494174400,0.000915976535934014987093,0.763607634000000000000000,0.000002480293008497603467,True,0.000324580903001083602301,two-mode,False,0.740855555704761461835599,,,,
2.5,monitor-only,0.000079531250000000000000,certified_conditional,0.000000000000000000000001,49,0.003467685712390532271101,mid_flat,,0.003085340320305683005272,0.003085340320305683005273,166.242662410000000000000000,35,631158312,direct-fast,2586,0.100000000000000000000000,0.008951118048303070614070,-0.091048881951696929385930,2935621064,2.935591707789360000000000,0.000000000465843000000000,2.668719733930470000000000,985.232144863039656848834616,1475.800935304871134918972272,46840.170621918248960000000000,0.000000094904459681235102,0.023816902855436164614661,0.012479339659679313667331,0.023816902855436164614661,985.232144863039656848834616,joint,peak,0.000999441179908013759644,0.000000558820091986240356,0.000080090070091986240357,0.015763653650725585469705,0.016456094606486420870396,0.016456094606486420870396,0.015763653650725585469705,0.016456094606486420870396,0.015579062162330612245210,0.000000012669290538681250,0.000000000000000000000000,0.000000000000000000000000,0.000000000000000000000000,0.000000007996328030631629,0.000084570822775453262645,0.000014076989487423610993,0.000000007996412488413097,0.000762947457199619965498,0.000000000000000633768094,0.000000000000000316880879,0.000000000000704186770998,0.000000000000352089864601,0.000100000000000000000000,0.000000100000000000000000,5.237437730853570000000000,0.000000000000000000000000,0.000110785562102444391183,-0.000720787545064020540667,-0.000807373883706147474464,-0.000807373883706147474464,False,131,100,0.068682414817280000000000,3.365438326046720000000000,0.000005000000000000000000,0.000000045405871494174400,0.000914864524036519585244,0.763607634000000000000000,0.000002480293008497603467,True,0.000558820091986240356802,two-mode,False,0.740855555704761461835599,,,,
2.5,monitor-only,0.000079548898456848809747,certified_conditional,0.000000000000000000000001,49,0.003467685712390532271101,mid_flat,,0.003085340320305683005272,0.003085340320305683005273,166.242662410000000000000000,35,631158312,direct-fast,2586,0.100000000000000000000000,0.008951118048303070614070,-0.091048881951696929385930,2935621064,2.935591707789360000000000,0.000000000465843000000000,2.668719733930470000000000,985.232144863039656848834616,1475.800935304871134918972272,46840.170621918248960000000000,0.000000094904459681235102,0.023816902855436164614661,0.012479339659679313667331,0.023816902855436164614661,985.232144863039656848834616,joint,peak,0.000999458828364862569390,0.000000541171635137430610,0.000080090070091986240357,0.015763667123099494993712,0.016456108078860330394403,0.016456108078860330394403,0.015763667123099494993712,0.016456108078860330394403,0.015579062162330612245210,0.000000012669290538681250,0.000000000000000000000000,0.000000000000000000000000,0.000000000000000000000000,0.000000007996328030631629,0.000084584295149362786652,0.000014076989487423610993,0.000000007996412488413097,0.000762960929573529489505,0.000000000000000633768094,0.000000000000000316880879,0.000000000000704186770998,0.000000000000352089864601,0.000100000000000000000000,0.000000100000000000000000,5.237437730853570000000000,0.000000000000000000000000,0.000110803210559293200929,-0.000720789229884085189744,-0.000807375568508417122966,-0.000807375568508417122966,False,131,100,0.068682414817280000000000,3.365438326046720000000000,0.000005000000000000000000,0.000000045405871494174400,0.000914864524036519585244,0.763607634000000000000000,0.000002480293008497603467,True,0.000541171635137430610750,two-mode,False,0.740855555704761461835599,,,,
2.5,monitor-only,0.000080444319622207864587,certified_conditional,0.000000000000000000000001,47,0.003612174278961628757265,mid_flat,,0.003213897645634239208177,0.003213897645634239208178,166.242662410000000000000000,35,631158312,direct-fast,2708,0.100000000000000000000000,0.042798126704843125200677,-0.057201873295156874799323,2935621064,2.935591707789360000000000,0.000000000465843000000000,2.668719733930470000000000,984.034601578654001102895799,1473.289213049827166760293461,44928.326923064442880000000000,0.000000091108281293985698,0.023816913813115379628528,0.012456509609240471919864,0.023816913813115379628528,984.034601578654001102895799,joint,peak,0.000999242237632726222381,0.000000757762367273777619,0.000081202081989481642207,0.016426440287229331972538,0.017118881554535147214147,0.017118881554535147214147,0.016426440287229331972538,0.017118881554535147214147,0.016242000977748936170538,0.000000012669290538681250,0.000000000000000000000000,0.000000000000000000000000,0.000000000000000000000000,0.000000007996328030631629,0.000084418643860875840150,0.000014076989487423610993,0.000000007996412488413097,0.000762795589830022383921,0.000000000000000633768094,0.000000000000000316880879,0.000000000000704186770998,0.000000000000352089864601,0.000100000000000000000000,0.000000100000000000000000,5.237437730853570000000000,0.000000000000000000000000,0.000110586211711395659166,-0.000803673919155328687752,-0.000890259421315558326317,-0.000890259421315558326317,False,131,100,0.068682414817280000000000,3.228073496412160000000000,0.000005000000000000000000,0.000000045405871494174400,0.000913752512139024183394,0.763607634000000000000000,0.000002480293008497603467,True,0.000757762367273777619199,two-mode,False,0.746383582239863739337091,,,,
2.5,monitor-only,0.000081339740787566919428,certified_conditional,0.000000000000000000000001,45,0.003769227068712820590052,mid_flat,,0.003353633868817452472204,0.003353633868817452472205,166.242662410000000000000000,35,631158312,direct-fast,2841,0.100000000000000000000000,0.040457918722821445403511,-0.059542081277178554596489,2935621064,2.935591707789360000000000,0.000000000465843000000000,2.668719733930470000000000,982.837058294268345356956982,1470.742878709176191418165361,43016.483224210636800000000000,0.000000087312102906736294,0.023816924770794594642395,0.012433679558801630172398,0.023816924770794594642395,982.837058294268345356956982,joint,peak,0.000999025646900589875373,0.000000974353099410124627,0.000082314093886977044056,0.017148141346063019966949,0.017840582924913815049476,0.017840582924913815049476,0.017148141346063019966949,0.017840582924913815049476,0.016963867687871111111451,0.000000012669290538681250,0.000000000000000000000000,0.000000000000000000000000,0.000000000000000000000000,0.000000007996328030631629,0.000084252992572388893649,0.000014076989487423610993,0.000000007996412488413097,0.000762630250086515278337,0.000000000000000633768094,0.000000000000000316880879,0.000000000000704186770998,0.000000000000352089864601,0.000100000000000000000000,0.000000100000000000000000,5.237437730853570000000000,0.000000000000000000000000,0.000110369212863498117404,-0.000893927977776868375734,-0.000980512565638018215866,-0.000980512565638018215866,False,131,100,0.068682414817280000000000,3.090708666777600000000000,0.000005000000000000000000,0.000000045405871494174400,0.000912640500241528781545,0.763607634000000000000000,0.000002480293008497603467,True,0.000974353099410124627647,two-mode,False,0.746383582239863739337091,,,,
2.5,monitor-only,0.000082235161952925974269,certified_conditional,0.000000000000000000000001,45,0.003769227068712820590052,mid_flat,,0.003353633868817452472204,0.003353633868817452472205,166.242662410000000000000000,35,631158312,direct-fast,2841,0.100000000000000000000000,0.040457918722821445403511,-0.059542081277178554596489,2935621064,2.935591707789360000000000,0.000000000465843000000000,2.668719733930470000000000,982.837058294268345356956982,1470.742878709176191418165361,43016.483224210636800000000000,0.000000087312102906736294,0.023816924770794594642395,0.012433679558801630172398,0.023816924770794594642395,982.837058294268345356956982,joint,peak,0.000999921068065948930214,0.000000078931934051069786,0.000082314093886977044056,0.017148824887340853133397,0.017841266466191648215923,0.017841266466191648215923,0.017148824887340853133397,0.017841266466191648215923,0.016963867687871111111451,0.000000012669290538681250,0.000000000000000000000000,0.000000000000000000000000,0.000000000000000000000000,0.000000007996328030631629,0.000084936533850222060096,0.000014076989487423610993,0.000000007996412488413097,0.000763313791364348444785,0.000000000000000633768094,0.000000000000000316880879,0.000000000000704186770998,0.000000000000352089864601,0.000100000000000000000000,0.000000100000000000000000,5.237437730853570000000000,0.000000000000000000000000,0.000111264634028857172245,-0.000894013459672460292022,-0.000980598046630753849057,-0.000980598046630753849057,False,131,100,0.068682414817280000000000,3.090708666777600000000000,0.000005000000000000000000,0.000000045405871494174400,0.000912640500241528781545,0.763607634000000000000000,0.000002480293008497603467,True,0.000078931934051069786858,two-mode,False,0.746383582239863739337091,,,,
2.5,monitor-only,0.000083130583118285029110,certified_conditional,0.000000000000000000000001,43,0.003940557384805029862183,mid_flat,,0.003506073385017321487506,0.003506073385017321487507,166.242662410000000000000000,35,631158312,direct-fast,2986,0.100000000000000000000000,0.046995873651525067442966,-0.053004126348474932557034,2935621064,2.935591707789360000000000,0.000000000465843000000000,2.668719733930470000000000,981.639515009882689611018164,1468.157212453062707913026706,41104.639525356830720000000000,0.000000083515924519486890,0.023816935728473809656262,0.012410849508362788424931,0.023816935728473809656262,981.639515009882689611018164,joint,peak,0.000999704477333812583205,0.000000295522666187416795,0.000083426105784472445905,0.017937676337813813215335,0.018630118228209588138778,0.018630118228209588138778,0.017937676337813813215335,0.018630118228209588138778,0.017752884789632558139890,0.000000012669290538681250,0.000000000000000000000000,0.000000000000000000000000,0.000000000000000000000000,0.000000007996328030631629,0.000084770882561735113594,0.000014076989487423610993,0.000000007996412488413097,0.000763148451620841339201,0.000000000000000633768094,0.000000000000000316880879,0.000000000000704186770998,0.000000000000352089864601,0.000100000000000000000000,0.000000100000000000000000,5.237437730853570000000000,0.000000000000000000000000,0.000111047635180959630482,-0.000992665171739686336021,-0.001079248755703228055436,-0.001079248755703228055436,False,131,100,0.068682414817280000000000,2.953343837143040000000000,0.000005000000000000000000,0.000000045405871494174400,0.000911528488344033379696,0.763607634000000000000000,0.000002480293008497603467,True,0.000295522666187416795306,two-mode,False,0.746383582239863739337091,,,,
2.5,monitor-only,0.000084026004283644083950,certified_conditional,0.000000000000000000000001,41,0.004128204873858401922136,mid_flat,,0.003673030950379082789980,0.003673030950379082789981,166.242662410000000000000000,35,631158312,direct-fast,3145,0.100000000000000000000000,0.035108871906771891581416,-0.064891128093228108418584,2935621064,2.935591707789360000000000,0.000000000465843000000000,2.668719733930470000000000,980.441971725497033865079347,1465.526595436420643650161702,39192.795826503024640000000000,0.000000079719746132237486,0.023816946686153024670129,0.012388019457923946677465,0.023816946686153024670129,980.441971725497033865079347,joint,peak,0.000999487886601676236197,0.000000512113398323763803,0.000084538117681967847754,0.018803505066507402275657,0.019495947268448157040018,0.019495947268448157040018,0.018803505066507402275657,0.019495947268448157040018,0.018618879169614634146714,0.000000012669290538681250,0.000000000000000000000000,0.000000000000000000000000,0.000000000000000000000000,0.000000007996328030631629,0.000084605231273248167093,0.000014076989487423610993,0.000000007996412488413097,0.000762983111877334233617,0.000000000000000633768094,0.000000000000000316880879,0.000000000000704186770998,0.000000000000352089864601,0.000100000000000000000000,0.000000100000000000000000,5.237437730853570000000000,0.000000000000000000000000,0.000110830636333062088719,-0.001100943462147089422284,-0.001187525941440352820133,-0.001187525941440352820133,False,131,100,0.068682414817280000000000,2.815979007508480000000000,0.000005000000000000000000,0.000000045405871494174400,0.000910416476446537977847,0.763607634000000000000000,0.000002480293008497603467,True,0.000512113398323763803755,two-mode,False,0.746383582239863739337091,,,,
2.5,monitor-only,0.000084921425449003138791,certified_conditional,0.000000000000000000000001,39,0.004334617111817111188085,mid_flat,,0.003856684272277020222701,0.003856684272277020222702,166.242662410000000000000000,35,631158312,direct-fast,3320,0.100000000000000000000000,0.012033169987543398133712,-0.087966830012456601866288,2935621064,2.935591707789360000000000,0.000000000465843000000000,2.668719733930470000000000,979.244428441111378119140530,1462.844285045170711515911398,37280.952127649218560000000000,0.000000075923567744988082,0.023816957643832239683996,0.012365189407485104929998,0.023816957643832239683996,979.244428441111378119140530,joint,peak,0.000999271295869539889188,0.000000728704130460110812,0.000085650129579463249603,0.019758153731609409387961,0.020450596245095143993240,0.020450596245095143993240,0.019758153731609409387961,0.020450596245095143993240,0.019573693486005128205520,0.000000012669290538681250,0.000000000000000000000000,0.000000000000000000000000,0.000000000000000000000000,0.000000007996328030631629,0.000084439579984761220591,0.000014076989487423610993,0.000000007996412488413097,0.000762817772133827128033,0.000000000000000633768094,0.000000000000000316880879,0.000000000000704186770998,0.000000000000352089864601,0.000100000000000000000000,0.000000100000000000000000,5.237437730853570000000000,0.000000000000000000000000,0.000110613637485164546957,-0.001220329342947004480390,-0.001306910600252074382889,-0.001306910600252074382889,False,131,100,0.068682414817280000000000,2.678614177873920000000000,0.000005000000000000000000,0.000000045405871494174400,0.000909304464549042575998,0.763607634000000000000000,0.000002480293008497603467,True,0.000728704130460110812204,two-mode,False,0.746383582239863739337091,,,,
2.5,monitor-only,0.000085816846614362193632,certified_conditional,0.000000000000000000000001,37,0.004562756953771474060976,mid_flat,,0.004059669522795793174656,0.004059669522795793174657,166.242662410000000000000000,35,631158312,direct-fast,3513,0.100000000000000000000000,0.028633709971554010638881,-0.071366290028445989361119,2935621064,2.935591707789360000000000,0.000000000465843000000000,2.668719733930470000000000,978.046885156725722373201712,1460.102119167532721846372850,35369.108428795412480000000000,0.000000072127389357738677,0.023816968601511454697863,0.012342359357046263182532,0.023816968601511454697863,978.046885156725722373201712,joint,peak,0.000999054705137403542180,0.000000945294862596457820,0.000086762141476958651453,0.020816025566050929371488,0.021508468391081643817684,0.021508468391081643817684,0.020816025566050929371488,0.021508468391081643817684,0.020631730971735135135548,0.000000012669290538681250,0.000000000000000000000000,0.000000000000000000000000,0.000000000000000000000000,0.000000007996328030631629,0.000084273928696274274090,0.000014076989487423610993,0.000000007996412488413097,0.000762652432390320022449,0.000000000000000633768094,0.000000000000000316880879,0.000000000000704186770998,0.000000000000352089864601,0.000100000000000000000000,0.000000100000000000000000,5.237437730853570000000000,0.000000000000000000000000,0.000110396638637267005194,-0.001352624045013892911178,-0.001439203943988327359605,-0.001439203943988327359605,False,131,100,0.068682414817280000000000,2.541249348239360000000000,0.000005000000000000000000,0.000000045405871494174400,0.000908192452651547174148,0.763607634000000000000000,0.000002480293008497603467,True,0.000945294862596457820652,two-mode,False,0.746383582239863739337091,,,,
2.5,monitor-only,0.000086712267779721248473,certified_conditional,0.000000000000000000000001,37,0.004562756953771474060976,mid_flat,,0.004059669522795793174656,0.004059669522795793174657,166.242662410000000000000000,35,631158312,direct-fast,3513,0.100000000000000000000000,0.028633709971554010638881,-0.071366290028445989361119,2935621064,2.935591707789360000000000,0.000000000465843000000000,2.668719733930470000000000,978.046885156725722373201712,1460.102119167532721846372850,35369.108428795412480000000000,0.000000072127389357738677,0.023816968601511454697863,0.012342359357046263182532,0.023816968601511454697863,978.046885156725722373201712,joint,peak,0.000999950126302762597021,0.000000049873697237402979,0.000086762141476958651453,0.020816709107328762537935,0.021509151932359476984132,0.021509151932359476984132,0.020816709107328762537935,0.021509151932359476984132,0.020631730971735135135548,0.000000012669290538681250,0.000000000000000000000000,0.000000000000000000000000,0.000000000000000000000000,0.000000007996328030631629,0.000084957469974107440537,0.000014076989487423610993,0.000000007996412488413097,0.000763335973668153188896,0.000000000000000633768094,0.000000000000000316880879,0.000000000000704186770998,0.000000000000352089864601,0.000100000000000000000000,0.000000100000000000000000,5.237437730853570000000000,0.000000000000000000000000,0.000111292059802626060035,-0.001352709526909484827466,-0.001439289424981062992796,-0.001439289424981062992796,False,131,100,0.068682414817280000000000,2.541249348239360000000000,0.000005000000000000000000,0.000000045405871494174400,0.000908192452651547174148,0.763607634000000000000000,0.000002480293008497603467,True,0.000049873697237402979863,two-mode,False,0.746383582239863739337091,,,,
2.5,monitor-only,0.000087607688945080303314,certified_conditional,0.000000000000000000000001,35,0.004816245667054099475298,mid_flat,,0.004285208690038874232384,0.004285208690038874232385,166.242662410000000000000000,35,631158312,direct-fast,3727,0.100000000000000000000000,0.091523198842676913422402,-0.008476801157323086577598,2935621064,2.935591707789360000000000,0.000000000465843000000000,2.668719733930470000000000,976.849341872340066627262895,1457.290121889108665052331351,33457.264729941606400000000000,0.000000068331210970489273,0.023816979559190669711730,0.012319529306607421435065,0.023816979559190669711730,976.849341872340066627262895,joint,peak,0.000999733535570626250012,0.000000266464429373749988,0.000087874153374454053302,0.021995499511567997599179,0.022687942648143691886293,0.022687942648143691886293,0.021995499511567997599179,0.022687942648143691886293,0.021810687027262857143294,0.000000012669290538681250,0.000000000000000000000000,0.000000000000000000000000,0.000000000000000000000000,0.000000007996328030631629,0.000084791818685620494035,0.000014076989487423610993,0.000000007996412488413097,0.000763170633924646083312,0.000000000000000633768094,0.000000000000000316880879,0.000000000000704186770998,0.000000000000352089864601,0.000100000000000000000000,0.000000100000000000000000,5.237437730853570000000000,0.000000000000000000000000,0.000111075060954728518273,-0.001500125991031970637682,-0.001586704371057481340151,-0.001586704371057481340151,False,131,100,0.068682414817280000000000,2.403884518604800000000000,0.000005000000000000000000,0.000000045405871494174400,0.000907080440754051772299,0.763607634000000000000000,0.000002480293008497603467,True,0.000266464429373749988312,two-mode,False,0.751994736993538983417554,,,,
2.5,monitor-only,0.000088503110110439358154,certified_conditional,0.000000000000000000000001,33,0.005099556581899386703071,mid_flat,,0.004537281876957611885138,0.004537281876957611885139,166.242662410000000000000000,35,631158312,direct-fast,3967,0.100000000000000000000000,0.079458509933931922415749,-0.020541490066068077584251,2935621064,2.935591707789360000000000,0.000000000465843000000000,2.668719733930470000000000,975.651798587954410881324078,1454.395970021524529288286381,31545.421031087800320000000000,0.000000064535032583239869,0.023816990516869884725597,0.012296699256168579687599,0.023816990516869884725597,975.651798587954410881324078,joint,peak,0.000999516944838489903004,0.000000483055161510096996,0.000088986165271949455151,0.023317193680113623206817,0.024009637128234297334848,0.024009637128234297334848,0.023317193680113623206817,0.024009637128234297334848,0.023132546847096969697433,0.000000012669290538681250,0.000000000000000000000000,0.000000000000000000000000,0.000000000000000000000000,0.000000007996328030631629,0.000084626167397133547534,0.000014076989487423610993,0.000000007996412488413097,0.000763005294181138977728,0.000000000000000633768094,0.000000000000000316880879,0.000000000000704186770998,0.000000000000352089864601,0.000100000000000000000000,0.000000100000000000000000,5.237437730853570000000000,0.000000000000000000000000,0.000110858062106830976510,-0.001665413628492889714494,-0.001751990301717731489171,-0.001751990301717731489171,False,131,100,0.068682414817280000000000,2.266519688970240000000000,0.000005000000000000000000,0.000000045405871494174400,0.000905968428856556370450,0.763607634000000000000000,0.000002480293008497603467,True,0.000483055161510096996760,two-mode,False,0.751994736993538983417554,,,,
2.5,monitor-only,0.000089398531275798412995,certified_conditional,0.000000000000000000000001,31,0.005418281361100334834315,mid_flat,,0.004820864212241191744487,0.004820864212241191744488,166.242662410000000000000000,35,631158312,direct-fast,4237,0.100000000000000000000000,0.065885734911593807533264,-0.034114265088406192466736,2935621064,2.935591707789360000000000,0.000000000465843000000000,2.668719733930470000000000,974.454255303568755135385260,1451.404259579312799747362289,29633.577332233994240000000000,0.000000060738854195990465,0.023817001474549099739463,0.012273869205729737940132,0.023817001474549099739463,974.454255303568755135385260,joint,peak,0.000999300354106353555995,0.000000699645893646444005,0.000090098177169444857000,0.024809450406057198821440,0.025501894165722852790389,0.025501894165722852790389,0.024809450406057198821440,0.025501894165722852790389,0.024624969224329032258558,0.000000012669290538681250,0.000000000000000000000000,0.000000000000000000000000,0.000000000000000000000000,0.000000007996328030631629,0.000084460516108646601032,0.000014076989487423610993,0.000000007996412488413097,0.000762839954437631872144,0.000000000000000633768094,0.000000000000000316880879,0.000000000000704186770998,0.000000000000352089864601,0.000100000000000000000000,0.000000100000000000000000,5.237437730853570000000000,0.000000000000000000000000,0.000110641063258933434747,-0.001852031376067422690147,-0.001938606117203845401467,-0.001938606117203845401467,False,131,100,0.068682414817280000000000,2.129154859335680000000000,0.000005000000000000000000,0.000000045405871494174400,0.000904856416959060968601,0.763607634000000000000000,0.000002480293008497603467,True,0.000699645893646444005209,two-mode,False,0.751994736993538983417554,,,,
2.5,monitor-only,0.000090293952441157467836,certified_conditional,0.000000000000000000000001,29,0.005779502777528076049725,mid_flat,,0.005142257525562582251749,0.005142257525562582251750,166.242662410000000000000000,35,631158312,direct-fast,4543,0.100000000000000000000000,0.050503256552943943999781,-0.049496743447056056000219,2935621064,2.935591707789360000000000,0.000000000465843000000000,2.668719733930470000000000,973.256712019183099389446443,1448.295478847547957674183250,27721.733633380188160000000000,0.000000056942675808741061,0.023817012432228314753330,0.012251039155290896192665,0.023817012432228314753330,973.256712019183099389446443,joint,peak,0.000999083763374217208987,0.000000916236625782791013,0.000091210189066940258850,0.026507558494377610651390,0.027200002565588244461257,0.027200002565588244461257,0.026507558494377610651390,0.027200002565588244461257,0.026323242963937931035010,0.000000012669290538681250,0.000000000000000000000000,0.000000000000000000000000,0.000000000000000000000000,0.000000007996328030631629,0.000084294864820159654531,0.000014076989487423610993,0.000000007996412488413097,0.000762674614694124766560,0.000000000000000633768094,0.000000000000000316880879,0.000000000000704186770998,0.000000000000352089864601,0.000100000000000000000000,0.000000100000000000000000,5.237437730853570000000000,0.000000000000000000000000,0.000110424064411035892985,-0.002064392359985972440263,-0.002150964897134967303925,-0.002150964897134967303925,False,131,100,0.068682414817280000000000,1.991790029701120000000000,0.000005000000000000000000,0.000000045405871494174400,0.000903744405061565566751,0.763607634000000000000000,0.000002480293008497603467,True,0.000916236625782791013658,two-mode,False,0.751994736993538983417554,,,,
2.5,monitor-only,0.000091189373606516522677,certified_conditional,0.000000000000000000000001,29,0.005779502777528076049725,mid_flat,,0.005142257525562582251749,0.005142257525562582251750,166.242662410000000000000000,35,631158312,direct-fast,4543,0.100000000000000000000000,0.050503256552943943999781,-0.049496743447056056000219,2935621064,2.935591707789360000000000,0.000000000465843000000000,2.668719733930470000000000,973.256712019183099389446443,1448.295478847547957674183250,27721.733633380188160000000000,0.000000056942675808741061,0.023817012432228314753330,0.012251039155290896192665,0.023817012432228314753330,973.256712019183099389446443,joint,peak,0.000999979184539576263828,0.000000020815460423736172,0.000091210189066940258850,0.026508242035655443817838,0.027200686106866077627704,0.027200686106866077627704,0.026508242035655443817838,0.027200686106866077627704,0.026323242963937931035010,0.000000012669290538681250,0.000000000000000000000000,0.000000000000000000000000,0.000000000000000000000000,0.000000007996328030631629,0.000084978406097992820978,0.000014076989487423610993,0.000000007996412488413097,0.000763358155971957933007,0.000000000000000633768094,0.000000000000000316880879,0.000000000000704186770998,0.000000000000352089864601,0.000100000000000000000000,0.000000100000000000000000,5.237437730853570000000000,0.000000000000000000000000,0.000111319485576394947826,-0.002064477841881564356551,-0.002151050378127702937116,-0.002151050378127702937116,False,131,100,0.068682414817280000000000,1.991790029701120000000000,0.000005000000000000000000,0.000000045405871494174400,0.000903744405061565566751,0.763607634000000000000000,0.000002480293008497603467,True,0.000020815460423736172868,two-mode,False,0.751994736993538983417554,,,,
2.5,monitor-only,0.000092084794771875577518,certified_conditional,0.000000000000000000000001,27,0.006192327253445494581623,mid_flat,,0.005509564169358457117192,0.005509564169358457117193,166.242662410000000000000000,35,631158312,direct-fast,4893,0.100000000000000000000000,0.004351852714486957104373,-0.095648147285513042895627,2935621064,2.935591707789360000000000,0.000000000465843000000000,2.668719733930470000000000,972.059168734797443643507626,1445.044541335611478954694633,25809.889934526382080000000000,0.000000053146497421491657,0.023817023389907529767197,0.012228209104852054445199,0.023817023389907529767197,972.059168734797443643507626,joint,peak,0.000999762593807439916819,0.000000237406192560083181,0.000092322200964435660699,0.028457946233547544355411,0.029150390616303158006195,0.029150390616303158006195,0.028457946233547544355411,0.029150390616303158006195,0.028273112813118518519084,0.000000012669290538681250,0.000000000000000000000000,0.000000000000000000000000,0.000000000000000000000000,0.000000007996328030631629,0.000084812754809505874476,0.000014076989487423610993,0.000000007996412488413097,0.000763192816228450827423,0.000000000000000633768094,0.000000000000000316880879,0.000000000000704186770998,0.000000000000352089864601,0.000100000000000000000000,0.000000100000000000000000,5.237437730853570000000000,0.000000000000000000000000,0.000111102486728497406063,-0.002308302781331690164344,-0.002394872781269390160882,-0.002394872781269390160882,False,131,100,0.068682414817280000000000,1.854425200066560000000000,0.000005000000000000000000,0.000000045405871494174400,0.000902632393164070164902,0.763607634000000000000000,0.000002480293008497603467,True,0.000237406192560083181317,two-mode,False,0.751994736993538983417554,,,,
2.5,monitor-only,0.000092980215937234632358,certified_conditional,0.000000000000000000000001,25,0.006668663187196362118427,mid_flat,,0.005933379527584466577317,0.005933379527584466577318,166.242662410000000000000000,35,631158312,direct-fast,5296,0.100000000000000000000000,0.035715617516267356840440,-0.064284382483732643159560,2935621064,2.935591707789360000000000,0.000000000465843000000000,2.668719733930470000000000,970.861625450411787897568809,1441.618641632694524362824998,23898.046235672576000000000000,0.000000049350319034242253,0.023817034347586744781064,0.012205379054413212697732,0.023817034347586744781064,970.861625450411787897568809,joint,peak,0.000999546003075303569811,0.000000453996924696430189,0.000093434212861931062548,0.030719629607308538890436,0.031412074301609132382138,0.031412074301609132382138,0.030719629607308538890436,0.031412074301609132382138,0.030534961838168000000611,0.000000012669290538681250,0.000000000000000000000000,0.000000000000000000000000,0.000000000000000000000000,0.000000007996328030631629,0.000084647103521018927975,0.000014076989487423610993,0.000000007996412488413097,0.000763027476484943721839,0.000000000000000633768094,0.000000000000000316880879,0.000000000000704186770998,0.000000000000352089864601,0.000100000000000000000000,0.000000100000000000000000,5.237437730853570000000000,0.000000000000000000000000,0.000110885487880599864300,-0.002591143025640970283657,-0.002677710077192178383072,-0.002677710077192178383072,False,131,100,0.068682414817280000000000,1.717060370432000000000000,0.000005000000000000000000,0.000000045405871494174400,0.000901520381266574763053,0.763607634000000000000000,0.000002480293008497603467,True,0.000453996924696430189766,two-mode,False,0.751994736993538983417554,,,,
2.5,monitor-only,0.000093875637102593687199,certified_conditional,0.000000000000000000000001,23,0.007224388443239040911366,mid_flat,,0.006427830778848144280797,0.006427830778848144280798,166.242662410000000000000000,35,631158312,direct-fast,5766,0.100000000000000000000000,0.088973343118344489865851,-0.011026656881655510134149,2935621064,2.935591707789360000000000,0.000000000465843000000000,2.668719733930470000000000,969.664082166026132151629991,1437.974039191051974930479088,21986.202536818769920000000000,0.000000045554140646992849,0.023817045305265959794931,0.012182549003974370950266,0.023817045305265959794931,969.664082166026132151629991,joint,peak,0.000999329412343167222802,0.000000670587656832777198,0.000094546224759426464397,0.033374678028904225857031,0.034067123034749799189650,0.034067123034749799189650,0.033374678028904225857031,0.034067123034749799189650,0.033190175911052173913708,0.000000012669290538681250,0.000000000000000000000000,0.000000000000000000000000,0.000000000000000000000000,0.000000007996328030631629,0.000084481452232531981473,0.000014076989487423610993,0.000000007996412488413097,0.000762862136741436616255,0.000000000000000633768094,0.000000000000000316880879,0.000000000000704186770998,0.000000000000352089864601,0.000100000000000000000000,0.000000100000000000000000,5.237437730853570000000000,0.000000000000000000000000,0.000110668489032702322538,-0.002923176480424836274016,-0.003009740064012876559794,-0.003009740064012876559794,False,131,100,0.068682414817280000000000,1.579695540797440000000000,0.000005000000000000000000,0.000000045405871494174400,0.000900408369369079361204,0.763607634000000000000000,0.000002480293008497603467,True,0.000670587656832777198214,two-mode,False,0.757690909243482034226508,,,,
2.5,monitor-only,0.000094296875000000000000,certified_conditional,0.000000000000000000000001,23,0.007224388443239040911366,mid_flat,,0.006427830778848144280797,0.006427830778848144280798,166.242662410000000000000000,35,631158312,direct-fast,5766,0.100000000000000000000000,0.088973343118344489865851,-0.011026656881655510134149,2935621064,2.935591707789360000000000,0.000000000465843000000000,2.668719733930470000000000,969.664082166026132151629991,1437.974039191051974930479088,21986.202536818769920000000000,0.000000045554140646992849,0.023817045305265959794931,0.012182549003974370950266,0.023817045305265959794931,969.664082166026132151629991,joint,peak,0.000999750650240573535604,0.000000249349759426464396,0.000094546224759426464397,0.033374999590982278154244,0.034067444596827851486864,0.034067444596827851486864,0.033374999590982278154244,0.034067444596827851486864,0.033190175911052173913708,0.000000012669290538681250,0.000000000000000000000000,0.000000000000000000000000,0.000000000000000000000000,0.000000007996328030631629,0.000084803014310584278687,0.000014076989487423610993,0.000000007996412488413097,0.000763183698819488913469,0.000000000000000633768094,0.000000000000000316880879,0.000000000000704186770998,0.000000000000352089864601,0.000100000000000000000000,0.000000100000000000000000,5.237437730853570000000000,0.000000000000000000000000,0.000111089726930108635339,-0.002923216694142535258544,-0.003009780277305839903637,-0.003009780277305839903637,False,131,100,0.068682414817280000000000,1.579695540797440000000000,0.000005000000000000000000,0.000000045405871494174400,0.000900408369369079361204,0.763607634000000000000000,0.000002480293008497603467,True,0.000249349759426464396898,two-mode,False,0.757690909243482034226508,,,,
2.5,monitor-only,0.000094771058267952742040,certified_conditional,0.000000000000000000000001,21,0.007881154654925843121202,mid_flat,,0.007012182257614308839456,0.007012182257614308839457,166.242662410000000000000000,35,631158312,direct-fast,6322,0.100000000000000000000000,0.097368837011708374350428,-0.002631162988291625649572,2935621064,2.935591707789360000000000,0.000000000465843000000000,2.668719733930470000000000,968.466538881640476405691174,1434.051087809213213882981557,20074.358837964963840000000000,0.000000041757962259743445,0.023817056262945174808798,0.012159718953535529202799,0.023817056262945174808798,968.466538881640476405691174,joint,peak,0.000999112821611030875794,0.000000887178388969124206,0.000095658236656921866247,0.036535481512001660235645,0.037227926829392213409181,0.037227926829392213409181,0.036535481512001660235645,0.037227926829392213409181,0.036351145045438095238823,0.000000012669290538681250,0.000000000000000000000000,0.000000000000000000000000,0.000000000000000000000000,0.000000007996328030631629,0.000084315800944045034972,0.000014076989487423610993,0.000000007996412488413097,0.000762696796997929510671,0.000000000000000633768094,0.000000000000000316880879,0.000000000000704186770998,0.000000000000352089864601,0.000100000000000000000000,0.000000100000000000000000,5.237437730853570000000000,0.000000000000000000000000,0.000110451490184804780775,-0.003318458348676026955720,-0.003405017796273744678059,-0.003405017796273744678059,False,131,100,0.068682414817280000000000,1.442330711162880000000000,0.000005000000000000000000,0.000000045405871494174400,0.000899296357471583959354,0.763607634000000000000000,0.000002480293008497603467,True,0.000887178388969124206663,two-mode,False,0.757690909243482034226508,,,,
2.5,monitor-only,0.000095666479433311796881,certified_conditional,0.000000000000000000000001,19,0.008669274108950005773006,mid_flat,,0.007713404032133706309846,0.007713404032133706309847,166.242662410000000000000000,35,631158312,direct-fast,6990,0.100000000000000000000000,0.027443429683745035731920,-0.072556570316254964268080,2935621064,2.935591707789360000000000,0.000000000465843000000000,2.668719733930470000000000,967.268995597254820659752357,1429.766282805119377735786918,18162.515139111157760000000000,0.000000037961783872494041,0.023817067220624389822665,0.012136888903096687455333,0.023817067220624389822665,967.268995597254820659752357,joint,peak,0.000998896230878894528785,0.000001103769121105471215,0.000096770248554417268096,0.040361752181285604366914,0.041054197810221137381368,0.041054197810221137381368,0.040361752181285604366914,0.041054197810221137381368,0.040177581366010526316594,0.000000012669290538681250,0.000000000000000000000000,0.000000000000000000000000,0.000000000000000000000000,0.000000007996328030631629,0.000084150149655558088470,0.000014076989487423610993,0.000000007996412488413097,0.000762531457254422405087,0.000000000000000633768094,0.000000000000000316880879,0.000000000000704186770998,0.000000000000352089864601,0.000100000000000000000000,0.000000100000000000000000,5.237437730853570000000000,0.000000000000000000000000,0.000110234491336907239013,-0.003796961813594750126037,-0.003883516246219046929933,-0.003883516246219046929933,False,131,100,0.068682414817280000000000,1.304965881528320000000000,0.000005000000000000000000,0.000000045405871494174400,0.000898184345574088557505,0.763607634000000000000000,0.000002480293008497603467,True,0.001103769121105471215112,two-mode,False,0.757690909243482034226508,,,,
2.5,monitor-only,0.000096561900598670851722,certified_conditional,0.000000000000000000000001,19,0.008669274108950005773006,mid_flat,,0.007713404032133706309846,0.007713404032133706309847,166.242662410000000000000000,35,631158312,direct-fast,6990,0.100000000000000000000000,0.027443429683745035731920,-0.072556570316254964268080,2935621064,2.935591707789360000000000,0.000000000465843000000000,2.668719733930470000000000,967.268995597254820659752357,1429.766282805119377735786918,18162.515139111157760000000000,0.000000037961783872494041,0.023817067220624389822665,0.012136888903096687455333,0.023817067220624389822665,967.268995597254820659752357,joint,peak,0.000999791652044253583626,0.000000208347955746416374,0.000096770248554417268096,0.040362435722563437533361,0.041054881351498970547815,0.041054881351498970547815,0.040362435722563437533361,0.041054881351498970547815,0.040177581366010526316594,0.000000012669290538681250,0.000000000000000000000000,0.000000000000000000000000,0.000000000000000000000000,0.000000007996328030631629,0.000084833690933391254918,0.000014076989487423610993,0.000000007996412488413097,0.000763214998532255571534,0.000000000000000633768094,0.000000000000000316880879,0.000000000000704186770998,0.000000000000352089864601,0.000100000000000000000000,0.000000100000000000000000,5.237437730853570000000000,0.000000000000000000000000,0.000111129912502266293854,-0.003797047295490342042325,-0.003883601727211782563124,-0.003883601727211782563124,False,131,100,0.068682414817280000000000,1.304965881528320000000000,0.000005000000000000000000,0.000000045405871494174400,0.000898184345574088557505,0.763607634000000000000000,0.000002480293008497603467,True,0.000208347955746416374322,two-mode,False,0.757690909243482034226508,,,,
2.5,monitor-only,0.000097457321764029906562,certified_conditional,0.000000000000000000000001,17,0.009632531219423982347433,mid_flat,,0.008570452867657414329211,0.008570452867657414329212,166.242662410000000000000000,35,631158312,direct-fast,7805,0.100000000000000000000000,0.086423487394012066309300,-0.013576512605987933690700,2935621064,2.935591707789360000000000,0.000000000465843000000000,2.668719733930470000000000,966.071452312869164913813539,1424.999006304685441455662803,16250.671440257351680000000000,0.000000034165605485244637,0.023817078178303604836532,0.012114058852657845707866,0.023817078178303604836532,966.071452312869164913813539,joint,peak,0.000999575061312117236618,0.000000424938687882763382,0.000097882260451912669945,0.045089044349629130153517,0.045781490290109643008889,0.045781490290109643008889,0.045089044349629130153517,0.045781490290109643008889,0.044904355644364705883252,0.000000012669290538681250,0.000000000000000000000000,0.000000000000000000000000,0.000000000000000000000000,0.000000007996328030631629,0.000084668039644904308416,0.000014076989487423610993,0.000000007996412488413097,0.000763049658788748465950,0.000000000000000633768094,0.000000000000000316880879,0.000000000000704186770998,0.000000000000352089864601,0.000100000000000000000000,0.000000100000000000000000,5.237437730853570000000000,0.000000000000000000000000,0.000110912913654368752091,-0.004388144685312197403118,-0.004474692912847789819291,-0.004474692912847789819291,False,131,100,0.068682414817280000000000,1.167601051893760000000000,0.000005000000000000000000,0.000000045405871494174400,0.000897072333676593155656,0.763607634000000000000000,0.000002480293008497603467,True,0.000424938687882763382771,two-mode,False,0.757690909243482034226508,,,,
2.5,monitor-only,0.000098352742929388961403,certified_conditional,0.000000000000000000000001,15,0.010836602607516453065466,mid_flat,,0.009641763912062049353418,0.009641763912062049353419,166.242662410000000000000000,35,631158312,direct-fast,8825,0.100000000000000000000000,0.035148559531845854531025,-0.064851440468154145468975,2935621064,2.935591707789360000000000,0.000000000465843000000000,2.668719733930470000000000,964.873909028483509167874722,1419.568331496783867492760657,14338.827741403545600000000000,0.000000030369427097995233,0.023817089135982819850399,0.012091228802219003960400,0.023817089135982819850399,964.873909028483509167874722,joint,peak,0.000999358470579980889609,0.000000641529420019110391,0.000098994272349408071794,0.051076126117589270658116,0.051768572369614763354406,0.051768572369614763354406,0.051076126117589270658116,0.051768572369614763354406,0.050891603063613333334352,0.000000012669290538681250,0.000000000000000000000000,0.000000000000000000000000,0.000000000000000000000000,0.000000007996328030631629,0.000084502388356417361915,0.000014076989487423610993,0.000000007996412488413097,0.000762884319045241360367,0.000000000000000633768094,0.000000000000000316880879,0.000000000000704186770998,0.000000000000352089864601,0.000100000000000000000000,0.000000100000000000000000,5.237437730853570000000000,0.000000000000000000000000,0.000110695914806471210328,-0.005136873569998437830576,-0.005223413928450784081470,-0.005223413928450784081470,False,131,100,0.068682414817280000000000,1.030236222259200000000000,0.000005000000000000000000,0.000000045405871494174400,0.000895960321779097753807,0.763607634000000000000000,0.000002480293008497603467,True,0.000641529420019110391219,two-mode,False,0.757690909243482034226508,,,,
2.5,monitor-only,0.000099248164094748016244,certified_conditional,0.000000000000000000000001,13,0.012384694392206772560081,mid_flat,,0.011019163826296580098827,0.011019163826296580098828,166.242662410000000000000000,35,631158312,direct-fast,10136,0.100000000000000000000000,0.012080795137632153673242,-0.087919204862367846326758,2935621064,2.935591707789360000000000,0.000000000465843000000000,2.668719733930470000000000,963.676365744097853421935905,1413.189944821071382554461324,12426.984042549739520000000000,0.000000026573248710745829,0.023817100093662034864266,0.012068398751780162212933,0.023817100093662034864266,963.676365744097853421935905,joint,peak,0.000999141879847844542601,0.000000858120152155457399,0.000100106284246903473644,0.058905437860702834993822,0.059597884424273307531030,0.059597884424273307531030,0.058905437860702834993822,0.059597884424273307531030,0.058721080458015384616560,0.000000012669290538681250,0.000000000000000000000000,0.000000000000000000000000,0.000000000000000000000000,0.000000007996328030631629,0.000084336737067930415413,0.000014076989487423610993,0.000000007996412488413097,0.000762718979301734254783,0.000000000000000633768094,0.000000000000000316880879,0.000000000000704186770998,0.000000000000352089864601,0.000100000000000000000000,0.000000100000000000000000,5.237437730853570000000000,0.000000000000000000000000,0.000110478915958573668566,-0.006115986947178779509315,-0.006202517003236297813974,-0.006202517003236297813974,False,131,100,0.068682414817280000000000,0.892871392624640000000000,0.000005000000000000000000,0.000000045405871494174400,0.000894848309881602351957,0.763607634000000000000000,0.000002480293008497603467,True,0.000858120152155457399668,two-mode,False,0.757690909243482034226508,,,,
2.5,monitor-only,0.000100000000000000000000,certified_conditional,0.000000000000000000000001,13,0.012384694392206772560081,mid_flat,,0.011019163826296580098827,0.011019163826296580098828,166.242662410000000000000000,35,631158312,direct-fast,10136,0.100000000000000000000000,0.012080795137632153673242,-0.087919204862367846326758,2935621064,2.935591707789360000000000,0.000000000465843000000000,2.668719733930470000000000,963.676365744097853421935905,1413.189944821071382554461324,12426.984042549739520000000000,0.000000026573248710745829,0.023817100093662034864266,0.012068398751780162212933,0.023817100093662034864266,963.676365744097853421935905,joint,peak,0.000999893715753096526357,0.000000106284246903473643,0.000100106284246903473644,0.058906011792719720839228,0.059598458356290193376435,0.059598458356290193376435,0.058906011792719720839228,0.059598458356290193376435,0.058721080458015384616560,0.000000012669290538681250,0.000000000000000000000000,0.000000000000000000000000,0.000000000000000000000000,0.000000007996328030631629,0.000084910669084816260818,0.000014076989487423610993,0.000000007996412488413097,0.000763292911318620100188,0.000000000000000633768094,0.000000000000000316880879,0.000000000000704186770998,0.000000000000352089864601,0.000100000000000000000000,0.000000100000000000000000,5.237437730853570000000000,0.000000000000000000000000,0.000111230751863825652322,-0.006116058721625086273774,-0.006202588776924525813741,-0.006202588776924525813741,False,131,100,0.068682414817280000000000,0.892871392624640000000000,0.000005000000000000000000,0.000000045405871494174400,0.000894848309881602351957,0.763607634000000000000000,0.000002480293008497603467,True,0.000106284246903473643089,two-mode,False,0.757690909243482034226508,,,,
2.5,monitor-only,0.000100143585260107071085,certified_conditional,0.000000000000000000000001,11,0.014448816771793865219567,mid_flat,,0.012855697045275954426039,0.012855697045275954426040,166.242662410000000000000000,35,631158312,direct-fast,11883,0.100000000000000000000000,0.081323775945347219196199,-0.018676224054652780803801,2935621064,2.935591707789360000000000,0.000000000465843000000000,2.668719733930470000000000,962.478822459712197675997088,1405.389990343642531153066211,10515.140343695933440000000000,0.000000022777070323496425,0.023817111051341249878133,0.012045568701341320465467,0.023817111051341249878133,962.478822459712197675997088,joint,peak,0.000998925289115708195592,0.000001074710884291804408,0.000101218296144398875493,0.069581832292689872523059,0.070274279167805324901184,0.070274279167805324901184,0.069581832292689872523059,0.070274279167805324901184,0.069397640541290909092298,0.000000012669290538681250,0.000000000000000000000000,0.000000000000000000000000,0.000000000000000000000000,0.000000007996328030631629,0.000084171085779443468912,0.000014076989487423610993,0.000000007996412488413097,0.000762553639558227149199,0.000000000000000633768094,0.000000000000000316880879,0.000000000000704186770998,0.000000000000352089864601,0.000100000000000000000000,0.000000100000000000000000,5.237437730853570000000000,0.000000000000000000000000,0.000110261917110676126803,-0.007451149085486368576397,-0.007537665078576614364252,-0.007537665078576614364252,False,131,100,0.068682414817280000000000,0.755506562990080000000000,0.000005000000000000000000,0.000000045405871494174400,0.000893736297984106950108,0.763607634000000000000000,0.000002480293008497603467,True,0.001074710884291804408117,two-mode,False,0.757690909243482034226508,,,,
2.5,monitor-only,0.000101039006425466125925,certified_conditional,0.000000000000000000000001,11,0.014448816771793865219567,mid_flat,,0.012855697045275954426039,0.012855697045275954426040,166.242662410000000000000000,35,631158312,direct-fast,11883,0.100000000000000000000000,0.081323775945347219196199,-0.018676224054652780803801,2935621064,2.935591707789360000000000,0.000000000465843000000000,2.668719733930470000000000,962.478822459712197675997088,1405.389990343642531153066211,10515.140343695933440000000000,0.000000022777070323496425,0.023817111051341249878133,0.012045568701341320465467,0.023817111051341249878133,962.478822459712197675997088,joint,peak,0.000999820710281067250433,0.000000179289718932749567,0.000101218296144398875493,0.069582515833967705689506,0.070274962709083158067631,0.070274962709083158067631,0.069582515833967705689506,0.070274962709083158067631,0.069397640541290909092298,0.000000012669290538681250,0.000000000000000000000000,0.000000000000000000000000,0.000000000000000000000000,0.000000007996328030631629,0.000084854627057276635359,0.000014076989487423610993,0.000000007996412488413097,0.000763237180836060315646,0.000000000000000633768094,0.000000000000000316880879,0.000000000000704186770998,0.000000000000352089864601,0.000100000000000000000000,0.000000100000000000000000,5.237437730853570000000000,0.000000000000000000000000,0.000111157338276035181644,-0.007451234567381960492685,-0.007537750559569349997443,-0.007537750559569349997443,False,131,100,0.068682414817280000000000,0.755506562990080000000000,0.000005000000000000000000,0.000000045405871494174400,0.000893736297984106950108,0.763607634000000000000000,0.000002480293008497603467,True,0.000179289718932749567327,two-mode,False,0.763474045955256276650866,,,,
2.5,monitor-only,0.000101934427590825180766,certified_conditional,0.000000000000000000000001,9,0.017338588103215794942848,mid_flat,,0.015426843551847078484135,0.015426843551847078484136,166.242662410000000000000000,35,631158312,direct-fast,14330,0.100000000000000000000000,0.058263949076148310928338,-0.041736050923851689071662,2935621064,2.935591707789360000000000,0.000000000465843000000000,2.668719733930470000000000,961.281279175326541930058270,1395.315527383467493410717850,8603.296644842127360000000000,0.000000018980891936247021,0.023817122009020464891999,0.012022738650902478718000,0.023817122009020464891999,961.281279175326541930058270,joint,peak,0.000999604119548930903425,0.000000395880451069096575,0.000102330308041894277342,0.085004048080743865207959,0.085696495267404297427002,0.085696495267404297427002,0.085004048080743865207959,0.085696495267404297427002,0.084819338439355555557252,0.000000012669290538681250,0.000000000000000000000000,0.000000000000000000000000,0.000000000000000000000000,0.000000007996328030631629,0.000084688975768789688857,0.000014076989487423610993,0.000000007996412488413097,0.000763071841092553210062,0.000000000000000633768094,0.000000000000000316880879,0.000000000000704186770998,0.000000000000352089864601,0.000100000000000000000000,0.000000100000000000000000,5.237437730853570000000000,0.000000000000000000000000,0.000110940339428137639881,-0.009379811307568295207005,-0.009466306969167671244012,-0.009466306969167671244012,False,131,100,0.068682414817280000000000,0.618141733355520000000000,0.000005000000000000000000,0.000000045405871494174400,0.000892624286086611548259,0.763607634000000000000000,0.000002480293008497603467,True,0.000395880451069096575776,two-mode,False,0.763474045955256276650866,,,,
2.5,monitor-only,0.000102829848756184235607,certified_conditional,0.000000000000000000000001,7,0.021673245100348689527769,mid_flat,,0.019283563311703764571280,0.019283563311703764571281,166.242662410000000000000000,35,631158312,direct-fast,18000,0.100000000000000000000000,0.073674208772349948526547,-0.026325791227650051473453,2935621064,2.935591707789360000000000,0.000000000465843000000000,2.668719733930470000000000,960.083735890940886184119453,1381.260674578486629571701305,6691.452945988321280000000000,0.000000015184713548997617,0.023817132966699679905866,0.011999908600463636970533,0.023817132966699679905866,960.083735890940886184119453,joint,peak,0.000999387528816794556416,0.000000612471183205443584,0.000103442319939389679191,0.109237979126414108420673,0.109930426624619520480633,0.109930426624619520480633,0.109237979126414108420673,0.109930426624619520480633,0.109053435136314285716467,0.000000012669290538681250,0.000000000000000000000000,0.000000000000000000000000,0.000000000000000000000000,0.000000007996328030631629,0.000084523324480302742356,0.000014076989487423610993,0.000000007996412488413097,0.000762906501349046104478,0.000000000000000633768094,0.000000000000000316880879,0.000000000000704186770998,0.000000000000352089864601,0.000100000000000000000000,0.000000100000000000000000,5.237437730853570000000000,0.000000000000000000000000,0.000110723340580240098119,-0.012410443736958014694767,-0.012496907428102286926549,-0.012496907428102286926549,False,131,100,0.068682414817280000000000,0.480776903720960000000000,0.000005000000000000000000,0.000000045405871494174400,0.000891512274189116146410,0.763607634000000000000000,0.000002480293008497603467,True,0.000612471183205443584225,two-mode,False,0.763474045955256276650866,,,,
2.5,monitor-only,0.000103725269921543290448,certified_conditional,0.000000000000000000000001,5,0.028897673428903513835970,mid_flat,,0.025711429578131574716521,0.025711429578131574716522,166.242662410000000000000000,35,631158312,direct-fast,24162,0.030000000000000000000000,0.027582886784182387436348,-0.002417113215817612563652,2935621064,2.935591707789360000000000,0.000000000465843000000000,2.668719733930470000000000,958.886192606555230438180636,1359.245042083894113539348392,4779.609247134515200000000000,0.000000011388535161748213,0.023817143924378894919733,0.011977078550024795223067,0.023817143924378894919733,958.886192606555230438180636,joint,peak,0.000999170938084658209408,0.000000829061915341790592,0.000104554331836885081041,0.152859187529651335760758,0.153551635339401727661635,0.153551635339401727661635,0.152859187529651335760758,0.153551635339401727661635,0.152674809190840000003054,0.000000012669290538681250,0.000000000000000000000000,0.000000000000000000000000,0.000000000000000000000000,0.000000007996328030631629,0.000084357673191815795854,0.000014076989487423610993,0.000000007996412488413097,0.000762741161605538998894,0.000000000000000633768094,0.000000000000000316880879,0.000000000000704186770998,0.000000000000352089864601,0.000100000000000000000000,0.000000100000000000000000,5.237437730853570000000000,0.000000000000000000000000,0.000110506341732342556356,-0.017865598682595180684104,-0.017952004795576750368216,-0.017952004795576750368216,False,131,100,0.068682414817280000000000,0.343412074086400000000000,0.000005000000000000000000,0.000000045405871494174400,0.000890400262291620744560,0.763607634000000000000000,0.000002480293008497603467,True,0.000829061915341790592673,two-mode,False,0.763474045955256276650866,,,,
2.5,monitor-only,0.000104620691086902345289,certified_conditional,0.000000000000000000000001,3,0.043346530086013162452373,mid_flat,,0.038567162110987195007004,0.038567162110987195007005,166.242662410000000000000000,35,631158312,direct-fast,36827,0.030000000000000000000000,0.021898738417613298198679,-0.008101261582386701801321,2935621064,2.935591707789360000000000,0.000000000465843000000000,2.668719733930470000000000,957.688649322169574692241818,1317.327460365272467023654558,2867.765548280709120000000000,0.000000007592356774498809,0.023817154882058109933600,0.011954248499585953475600,0.023817154882058109933600,957.688649322169574692241818,joint,peak,0.000998954347352521862399,0.000001045652647478137601,0.000105666343734380482890,0.254642228005589515482959,0.255334676126884887224754,0.255334676126884887224754,0.254642228005589515482959,0.255334676126884887224754,0.254458015318066666671756,0.000000012669290538681250,0.000000000000000000000000,0.000000000000000000000000,0.000000000000000000000000,0.000000007996328030631629,0.000084192021903328849353,0.000014076989487423610993,0.000000007996412488413097,0.000762575821862031893310,0.000000000000000633768094,0.000000000000000316880879,0.000000000000704186770998,0.000000000000352089864601,0.000100000000000000000000,0.000000100000000000000000,5.237437730853570000000000,0.000000000000000000000000,0.000110289342884445014594,-0.030594321176974686178160,-0.030680592888670757087275,-0.030680592888670757087275,False,131,100,0.068682414817280000000000,0.206047244451840000000000,0.000005000000000000000000,0.000000045405871494174400,0.000889288250394125342711,0.763607634000000000000000,0.000002480293008497603467,True,0.001045652647478137601122,two-mode,False,0.763474045955256276650866,,,,
2.5,monitor-only,0.000105516112252261400129,certified_conditional,0.000000000000000000000001,3,0.043346530086013162452373,mid_flat,,0.038567162110987195007004,0.038567162110987195007005,166.242662410000000000000000,35,631158312,direct-fast,36827,0.030000000000000000000000,0.021898738417613298198679,-0.008101261582386701801321,2935621064,2.935591707789360000000000,0.000000000465843000000000,2.668719733930470000000000,957.688649322169574692241818,1317.327460365272467023654558,2867.765548280709120000000000,0.000000007592356774498809,0.023817154882058109933600,0.011954248499585953475600,0.023817154882058109933600,957.688649322169574692241818,joint,peak,0.000999849768517880917240,0.000000150231482119082760,0.000105666343734380482890,0.254642911546867348649406,0.255335359668162720391201,0.255335359668162720391201,0.254642911546867348649406,0.255335359668162720391201,0.254458015318066666671756,0.000000012669290538681250,0.000000000000000000000000,0.000000000000000000000000,0.000000000000000000000000,0.000000007996328030631629,0.000084875563181162015800,0.000014076989487423610993,0.000000007996412488413097,0.000763259363139865059757,0.000000000000000633768094,0.000000000000000316880879,0.000000000000704186770998,0.000000000000352089864601,0.000100000000000000000000,0.000000100000000000000000,5.237437730853570000000000,0.000000000000000000000000,0.000111184764049804069434,-0.030594406658870278094448,-0.030680678369663492720466,-0.030680678369663492720466,False,131,100,0.068682414817280000000000,0.206047244451840000000000,0.000005000000000000000000,0.000000045405871494174400,0.000889288250394125342711,0.763607634000000000000000,0.000002480293008497603467,True,0.000150231482119082760333,two-mode,False,0.763474045955256276650866,,,,
2.5,monitor-only,0.000105666000000000000000,certified_conditional,0.000000000000000000000001,3,0.043346530086013162452373,mid_flat,,0.038567162110987195007004,0.038567162110987195007005,166.242662410000000000000000,35,631158312,direct-fast,36827,0.030000000000000000000000,0.021898738417613298198679,-0.008101261582386701801321,2935621064,2.935591707789360000000000,0.000000000465843000000000,2.668719733930470000000000,957.688649322169574692241818,1317.327460365272467023654558,2867.765548280709120000000000,0.000000007592356774498809,0.023817154882058109933600,0.011954248499585953475600,0.023817154882058109933600,957.688649322169574692241818,joint,peak,0.000999999656265619517111,0.000000000343734380482889,0.000105666343734380482890,0.254643025967283778826881,0.255335474088579150568676,0.255335474088579150568676,0.254643025967283778826881,0.255335474088579150568676,0.254458015318066666671756,0.000000012669290538681250,0.000000000000000000000000,0.000000000000000000000000,0.000000000000000000000000,0.000000007996328030631629,0.000084989983597592193275,0.000014076989487423610993,0.000000007996412488413097,0.000763373783556295237232,0.000000000000000633768094,0.000000000000000316880879,0.000000000000704186770998,0.000000000000352089864601,0.000100000000000000000000,0.000000100000000000000000,5.237437730853570000000000,0.000000000000000000000000,0.000111334651797542669306,-0.030594420967990163104897,-0.030680692678632245392256,-0.030680692678632245392256,False,131,100,0.068682414817280000000000,0.206047244451840000000000,0.000005000000000000000000,0.000000045405871494174400,0.000889288250394125342711,0.763607634000000000000000,0.000002480293008497603467,True,0.000000343734380482889280,two-mode,False,0.763474045955256276650866,,,,
2.5,monitor-only,0.000105667000000000000000,no_two_mode_certificate,,,,,,,,,,,,,,,,,,,,,,,,,,,,,,,,,,,,,,,,,,,,,,,,,,,,,,,,,,,,,,,,,,,,,,,,,,0.763474045955256276650866,,,,
2.5,monitor-only,0.000105668000000000000000,no_two_mode_certificate,,,,,,,,,,,,,,,,,,,,,,,,,,,,,,,,,,,,,,,,,,,,,,,,,,,,,,,,,,,,,,,,,,,,,,,,,,0.763474045955256276650866,,,,
2.5,monitor-only,0.000106411533417620454970,no_two_mode_certificate,,,,,,,,,,,,,,,,,,,,,,,,,,,,,,,,,,,,,,,,,,,,,,,,,,,,,,,,,,,,,,,,,,,,,,,,,,0.763474045955256276650866,,,,
2.5,monitor-only,0.000107306000000000000000,no_two_mode_certificate,,,,,,,,,,,,,,,,,,,,,,,,,,,,,,,,,,,,,,,,,,,,,,,,,,,,,,,,,,,,,,,,,,,,,,,,,,0.763474045955256276650866,,,,
2.5,monitor-only,0.000107306954582979509811,no_two_mode_certificate,,,,,,,,,,,,,,,,,,,,,,,,,,,,,,,,,,,,,,,,,,,,,,,,,,,,,,,,,,,,,,,,,,,,,,,,,,0.763474045955256276650866,,,,
2.5,monitor-only,0.000107307000000000000000,no_two_mode_certificate,,,,,,,,,,,,,,,,,,,,,,,,,,,,,,,,,,,,,,,,,,,,,,,,,,,,,,,,,,,,,,,,,,,,,,,,,,,,,,
2.5,monitor-only,0.000107308000000000000000,no_two_mode_certificate,,,,,,,,,,,,,,,,,,,,,,,,,,,,,,,,,,,,,,,,,,,,,,,,,,,,,,,,,,,,,,,,,,,,,,,,,,,,,,
2.5,monitor-only,0.000109062500000000000000,no_two_mode_certificate,,,,,,,,,,,,,,,,,,,,,,,,,,,,,,,,,,,,,,,,,,,,,,,,,,,,,,,,,,,,,,,,,,,,,,,,,,,,,,
2.5,monitor-only,0.000123828125000000000000,no_two_mode_certificate,,,,,,,,,,,,,,,,,,,,,,,,,,,,,,,,,,,,,,,,,,,,,,,,,,,,,,,,,,,,,,,,,,,,,,,,,,,,,,
2.5,monitor-only,0.000138593750000000000000,no_two_mode_certificate,,,,,,,,,,,,,,,,,,,,,,,,,,,,,,,,,,,,,,,,,,,,,,,,,,,,,,,,,,,,,,,,,,,,,,,,,,,,,,
2.5,monitor-only,0.000153359375000000000000,no_two_mode_certificate,,,,,,,,,,,,,,,,,,,,,,,,,,,,,,,,,,,,,,,,,,,,,,,,,,,,,,,,,,,,,,,,,,,,,,,,,,,,,,
2.5,monitor-only,0.000168125000000000000000,no_two_mode_certificate,,,,,,,,,,,,,,,,,,,,,,,,,,,,,,,,,,,,,,,,,,,,,,,,,,,,,,,,,,,,,,,,,,,,,,,,,,,,,,
2.5,monitor-only,0.000182890625000000000000,no_two_mode_certificate,,,,,,,,,,,,,,,,,,,,,,,,,,,,,,,,,,,,,,,,,,,,,,,,,,,,,,,,,,,,,,,,,,,,,,,,,,,,,,
2.5,monitor-only,0.000197656250000000000000,no_two_mode_certificate,,,,,,,,,,,,,,,,,,,,,,,,,,,,,,,,,,,,,,,,,,,,,,,,,,,,,,,,,,,,,,,,,,,,,,,,,,,,,,
2.5,monitor-only,0.000200000000000000000000,no_two_mode_certificate,,,,,,,,,,,,,,,,,,,,,,,,,,,,,,,,,,,,,,,,,,,,,,,,,,,,,,,,,,,,,,,,,,,,,,,,,,,,,,
2.5,monitor-only,0.000212421875000000000000,no_two_mode_certificate,,,,,,,,,,,,,,,,,,,,,,,,,,,,,,,,,,,,,,,,,,,,,,,,,,,,,,,,,,,,,,,,,,,,,,,,,,,,,,
2.5,monitor-only,0.000227187500000000000000,no_two_mode_certificate,,,,,,,,,,,,,,,,,,,,,,,,,,,,,,,,,,,,,,,,,,,,,,,,,,,,,,,,,,,,,,,,,,,,,,,,,,,,,,
2.5,monitor-only,0.000241953125000000000000,no_two_mode_certificate,,,,,,,,,,,,,,,,,,,,,,,,,,,,,,,,,,,,,,,,,,,,,,,,,,,,,,,,,,,,,,,,,,,,,,,,,,,,,,
2.5,monitor-only,0.000256718750000000000000,no_two_mode_certificate,,,,,,,,,,,,,,,,,,,,,,,,,,,,,,,,,,,,,,,,,,,,,,,,,,,,,,,,,,,,,,,,,,,,,,,,,,,,,,
2.5,monitor-only,0.000271484375000000000000,no_two_mode_certificate,,,,,,,,,,,,,,,,,,,,,,,,,,,,,,,,,,,,,,,,,,,,,,,,,,,,,,,,,,,,,,,,,,,,,,,,,,,,,,
2.5,monitor-only,0.000286250000000000000000,no_two_mode_certificate,,,,,,,,,,,,,,,,,,,,,,,,,,,,,,,,,,,,,,,,,,,,,,,,,,,,,,,,,,,,,,,,,,,,,,,,,,,,,,
2.5,monitor-only,0.000301015625000000000000,no_two_mode_certificate,,,,,,,,,,,,,,,,,,,,,,,,,,,,,,,,,,,,,,,,,,,,,,,,,,,,,,,,,,,,,,,,,,,,,,,,,,,,,,
2.5,monitor-only,0.000315781250000000000000,no_two_mode_certificate,,,,,,,,,,,,,,,,,,,,,,,,,,,,,,,,,,,,,,,,,,,,,,,,,,,,,,,,,,,,,,,,,,,,,,,,,,,,,,
2.5,monitor-only,0.000330546875000000000000,no_two_mode_certificate,,,,,,,,,,,,,,,,,,,,,,,,,,,,,,,,,,,,,,,,,,,,,,,,,,,,,,,,,,,,,,,,,,,,,,,,,,,,,,
2.5,monitor-only,0.000345312500000000000000,no_two_mode_certificate,,,,,,,,,,,,,,,,,,,,,,,,,,,,,,,,,,,,,,,,,,,,,,,,,,,,,,,,,,,,,,,,,,,,,,,,,,,,,,
2.5,monitor-only,0.000360078125000000000000,no_two_mode_certificate,,,,,,,,,,,,,,,,,,,,,,,,,,,,,,,,,,,,,,,,,,,,,,,,,,,,,,,,,,,,,,,,,,,,,,,,,,,,,,
2.5,monitor-only,0.000374843750000000000000,no_two_mode_certificate,,,,,,,,,,,,,,,,,,,,,,,,,,,,,,,,,,,,,,,,,,,,,,,,,,,,,,,,,,,,,,,,,,,,,,,,,,,,,,
2.5,monitor-only,0.000389609375000000000000,no_two_mode_certificate,,,,,,,,,,,,,,,,,,,,,,,,,,,,,,,,,,,,,,,,,,,,,,,,,,,,,,,,,,,,,,,,,,,,,,,,,,,,,,
2.5,monitor-only,0.000404375000000000000000,no_two_mode_certificate,,,,,,,,,,,,,,,,,,,,,,,,,,,,,,,,,,,,,,,,,,,,,,,,,,,,,,,,,,,,,,,,,,,,,,,,,,,,,,
2.5,monitor-only,0.000419140625000000000000,no_two_mode_certificate,,,,,,,,,,,,,,,,,,,,,,,,,,,,,,,,,,,,,,,,,,,,,,,,,,,,,,,,,,,,,,,,,,,,,,,,,,,,,,
2.5,monitor-only,0.000433906250000000000000,no_two_mode_certificate,,,,,,,,,,,,,,,,,,,,,,,,,,,,,,,,,,,,,,,,,,,,,,,,,,,,,,,,,,,,,,,,,,,,,,,,,,,,,,
2.5,monitor-only,0.000448671875000000000000,no_two_mode_certificate,,,,,,,,,,,,,,,,,,,,,,,,,,,,,,,,,,,,,,,,,,,,,,,,,,,,,,,,,,,,,,,,,,,,,,,,,,,,,,
2.5,monitor-only,0.000463437500000000000000,no_two_mode_certificate,,,,,,,,,,,,,,,,,,,,,,,,,,,,,,,,,,,,,,,,,,,,,,,,,,,,,,,,,,,,,,,,,,,,,,,,,,,,,,
2.5,monitor-only,0.000478203125000000000000,no_two_mode_certificate,,,,,,,,,,,,,,,,,,,,,,,,,,,,,,,,,,,,,,,,,,,,,,,,,,,,,,,,,,,,,,,,,,,,,,,,,,,,,,
2.5,monitor-only,0.000492968750000000000000,no_two_mode_certificate,,,,,,,,,,,,,,,,,,,,,,,,,,,,,,,,,,,,,,,,,,,,,,,,,,,,,,,,,,,,,,,,,,,,,,,,,,,,,,
2.5,monitor-only,0.000500000000000000000000,no_two_mode_certificate,,,,,,,,,,,,,,,,,,,,,,,,,,,,,,,,,,,,,,,,,,,,,,,,,,,,,,,,,,,,,,,,,,,,,,,,,,,,,,
2.5,monitor-only,0.000507734375000000000000,no_two_mode_certificate,,,,,,,,,,,,,,,,,,,,,,,,,,,,,,,,,,,,,,,,,,,,,,,,,,,,,,,,,,,,,,,,,,,,,,,,,,,,,,
2.5,monitor-only,0.000522500000000000000000,no_two_mode_certificate,,,,,,,,,,,,,,,,,,,,,,,,,,,,,,,,,,,,,,,,,,,,,,,,,,,,,,,,,,,,,,,,,,,,,,,,,,,,,,
2.5,monitor-only,0.000537265625000000000000,no_two_mode_certificate,,,,,,,,,,,,,,,,,,,,,,,,,,,,,,,,,,,,,,,,,,,,,,,,,,,,,,,,,,,,,,,,,,,,,,,,,,,,,,
2.5,monitor-only,0.000552031250000000000000,no_two_mode_certificate,,,,,,,,,,,,,,,,,,,,,,,,,,,,,,,,,,,,,,,,,,,,,,,,,,,,,,,,,,,,,,,,,,,,,,,,,,,,,,
2.5,monitor-only,0.000566796875000000000000,no_two_mode_certificate,,,,,,,,,,,,,,,,,,,,,,,,,,,,,,,,,,,,,,,,,,,,,,,,,,,,,,,,,,,,,,,,,,,,,,,,,,,,,,
2.5,monitor-only,0.000581562500000000000000,no_two_mode_certificate,,,,,,,,,,,,,,,,,,,,,,,,,,,,,,,,,,,,,,,,,,,,,,,,,,,,,,,,,,,,,,,,,,,,,,,,,,,,,,
2.5,monitor-only,0.000596328125000000000000,no_two_mode_certificate,,,,,,,,,,,,,,,,,,,,,,,,,,,,,,,,,,,,,,,,,,,,,,,,,,,,,,,,,,,,,,,,,,,,,,,,,,,,,,
2.5,monitor-only,0.000611093750000000000000,no_two_mode_certificate,,,,,,,,,,,,,,,,,,,,,,,,,,,,,,,,,,,,,,,,,,,,,,,,,,,,,,,,,,,,,,,,,,,,,,,,,,,,,,
2.5,monitor-only,0.000625859375000000000000,no_two_mode_certificate,,,,,,,,,,,,,,,,,,,,,,,,,,,,,,,,,,,,,,,,,,,,,,,,,,,,,,,,,,,,,,,,,,,,,,,,,,,,,,
2.5,monitor-only,0.000640625000000000000000,no_two_mode_certificate,,,,,,,,,,,,,,,,,,,,,,,,,,,,,,,,,,,,,,,,,,,,,,,,,,,,,,,,,,,,,,,,,,,,,,,,,,,,,,
2.5,monitor-only,0.000655390625000000000000,no_two_mode_certificate,,,,,,,,,,,,,,,,,,,,,,,,,,,,,,,,,,,,,,,,,,,,,,,,,,,,,,,,,,,,,,,,,,,,,,,,,,,,,,
2.5,monitor-only,0.000670156250000000000000,no_two_mode_certificate,,,,,,,,,,,,,,,,,,,,,,,,,,,,,,,,,,,,,,,,,,,,,,,,,,,,,,,,,,,,,,,,,,,,,,,,,,,,,,
2.5,monitor-only,0.000684921875000000000000,no_two_mode_certificate,,,,,,,,,,,,,,,,,,,,,,,,,,,,,,,,,,,,,,,,,,,,,,,,,,,,,,,,,,,,,,,,,,,,,,,,,,,,,,
2.5,monitor-only,0.000699687500000000000000,no_two_mode_certificate,,,,,,,,,,,,,,,,,,,,,,,,,,,,,,,,,,,,,,,,,,,,,,,,,,,,,,,,,,,,,,,,,,,,,,,,,,,,,,
2.5,monitor-only,0.000714453125000000000000,no_two_mode_certificate,,,,,,,,,,,,,,,,,,,,,,,,,,,,,,,,,,,,,,,,,,,,,,,,,,,,,,,,,,,,,,,,,,,,,,,,,,,,,,
2.5,monitor-only,0.000729218750000000000000,no_two_mode_certificate,,,,,,,,,,,,,,,,,,,,,,,,,,,,,,,,,,,,,,,,,,,,,,,,,,,,,,,,,,,,,,,,,,,,,,,,,,,,,,
2.5,monitor-only,0.000743984375000000000000,no_two_mode_certificate,,,,,,,,,,,,,,,,,,,,,,,,,,,,,,,,,,,,,,,,,,,,,,,,,,,,,,,,,,,,,,,,,,,,,,,,,,,,,,
2.5,monitor-only,0.000758750000000000000000,no_two_mode_certificate,,,,,,,,,,,,,,,,,,,,,,,,,,,,,,,,,,,,,,,,,,,,,,,,,,,,,,,,,,,,,,,,,,,,,,,,,,,,,,
2.5,monitor-only,0.000773515625000000000000,no_two_mode_certificate,,,,,,,,,,,,,,,,,,,,,,,,,,,,,,,,,,,,,,,,,,,,,,,,,,,,,,,,,,,,,,,,,,,,,,,,,,,,,,
2.5,monitor-only,0.000788281250000000000000,no_two_mode_certificate,,,,,,,,,,,,,,,,,,,,,,,,,,,,,,,,,,,,,,,,,,,,,,,,,,,,,,,,,,,,,,,,,,,,,,,,,,,,,,
2.5,monitor-only,0.000803046875000000000000,no_two_mode_certificate,,,,,,,,,,,,,,,,,,,,,,,,,,,,,,,,,,,,,,,,,,,,,,,,,,,,,,,,,,,,,,,,,,,,,,,,,,,,,,
2.5,monitor-only,0.000817812500000000000000,no_two_mode_certificate,,,,,,,,,,,,,,,,,,,,,,,,,,,,,,,,,,,,,,,,,,,,,,,,,,,,,,,,,,,,,,,,,,,,,,,,,,,,,,
2.5,monitor-only,0.000832578125000000000000,no_two_mode_certificate,,,,,,,,,,,,,,,,,,,,,,,,,,,,,,,,,,,,,,,,,,,,,,,,,,,,,,,,,,,,,,,,,,,,,,,,,,,,,,
2.5,monitor-only,0.000847343750000000000000,no_two_mode_certificate,,,,,,,,,,,,,,,,,,,,,,,,,,,,,,,,,,,,,,,,,,,,,,,,,,,,,,,,,,,,,,,,,,,,,,,,,,,,,,
2.5,monitor-only,0.000862109375000000000000,no_two_mode_certificate,,,,,,,,,,,,,,,,,,,,,,,,,,,,,,,,,,,,,,,,,,,,,,,,,,,,,,,,,,,,,,,,,,,,,,,,,,,,,,
2.5,monitor-only,0.000876875000000000000000,no_two_mode_certificate,,,,,,,,,,,,,,,,,,,,,,,,,,,,,,,,,,,,,,,,,,,,,,,,,,,,,,,,,,,,,,,,,,,,,,,,,,,,,,
2.5,monitor-only,0.000891640625000000000000,no_two_mode_certificate,,,,,,,,,,,,,,,,,,,,,,,,,,,,,,,,,,,,,,,,,,,,,,,,,,,,,,,,,,,,,,,,,,,,,,,,,,,,,,
2.5,monitor-only,0.000906406250000000000000,no_two_mode_certificate,,,,,,,,,,,,,,,,,,,,,,,,,,,,,,,,,,,,,,,,,,,,,,,,,,,,,,,,,,,,,,,,,,,,,,,,,,,,,,
2.5,monitor-only,0.000921171875000000000000,no_two_mode_certificate,,,,,,,,,,,,,,,,,,,,,,,,,,,,,,,,,,,,,,,,,,,,,,,,,,,,,,,,,,,,,,,,,,,,,,,,,,,,,,
2.5,monitor-only,0.000935937500000000000000,no_two_mode_certificate,,,,,,,,,,,,,,,,,,,,,,,,,,,,,,,,,,,,,,,,,,,,,,,,,,,,,,,,,,,,,,,,,,,,,,,,,,,,,,
2.5,monitor-only,0.000950703125000000000000,no_two_mode_certificate,,,,,,,,,,,,,,,,,,,,,,,,,,,,,,,,,,,,,,,,,,,,,,,,,,,,,,,,,,,,,,,,,,,,,,,,,,,,,,
2.5,monitor-only,0.000965468750000000000000,no_two_mode_certificate,,,,,,,,,,,,,,,,,,,,,,,,,,,,,,,,,,,,,,,,,,,,,,,,,,,,,,,,,,,,,,,,,,,,,,,,,,,,,,
2.5,monitor-only,0.000980234375000000000000,no_two_mode_certificate,,,,,,,,,,,,,,,,,,,,,,,,,,,,,,,,,,,,,,,,,,,,,,,,,,,,,,,,,,,,,,,,,,,,,,,,,,,,,,
2.5,monitor-only,0.000995000000000000000000,no_two_mode_certificate,,,,,,,,,,,,,,,,,,,,,,,,,,,,,,,,,,,,,,,,,,,,,,,,,,,,,,,,,,,,,,,,,,,,,,,,,,,,,,
2.5,ERR-only,0.000050000000000000000000,no_two_mode_certificate,,,,,,,,,,,,,,,,,,,,,,,,,,,,,,,,,,,,,,,,,,,,,,,,,,,,,,,,,,,,,,,,,,,,,,,,,,0.740855555704761461835599,,,,
2.5,ERR-only,0.000050536194966226653525,no_two_mode_certificate,,,,,,,,,,,,,,,,,,,,,,,,,,,,,,,,,,,,,,,,,,,,,,,,,,,,,,,,,,,,,,,,,,,,,,,,,,0.740855555704761461835599,,,,
2.5,ERR-only,0.000051072389932453307050,no_two_mode_certificate,,,,,,,,,,,,,,,,,,,,,,,,,,,,,,,,,,,,,,,,,,,,,,,,,,,,,,,,,,,,,,,,,,,,,,,,,,0.740855555704761461835599,,,,
2.5,ERR-only,0.000051608584898679960575,no_two_mode_certificate,,,,,,,,,,,,,,,,,,,,,,,,,,,,,,,,,,,,,,,,,,,,,,,,,,,,,,,,,,,,,,,,,,,,,,,,,,0.740855555704761461835599,,,,
2.5,ERR-only,0.000052144779864906614100,no_two_mode_certificate,,,,,,,,,,,,,,,,,,,,,,,,,,,,,,,,,,,,,,,,,,,,,,,,,,,,,,,,,,,,,,,,,,,,,,,,,,0.740855555704761461835599,,,,
2.5,ERR-only,0.000052680974831133267625,no_two_mode_certificate,,,,,,,,,,,,,,,,,,,,,,,,,,,,,,,,,,,,,,,,,,,,,,,,,,,,,,,,,,,,,,,,,,,,,,,,,,0.740855555704761461835599,,,,
2.5,ERR-only,0.000053217169797359921150,no_two_mode_certificate,,,,,,,,,,,,,,,,,,,,,,,,,,,,,,,,,,,,,,,,,,,,,,,,,,,,,,,,,,,,,,,,,,,,,,,,,,0.740855555704761461835599,,,,
2.5,ERR-only,0.000053753364763586574675,no_two_mode_certificate,,,,,,,,,,,,,,,,,,,,,,,,,,,,,,,,,,,,,,,,,,,,,,,,,,,,,,,,,,,,,,,,,,,,,,,,,,0.740855555704761461835599,,,,
2.5,ERR-only,0.000054289559729813228200,no_two_mode_certificate,,,,,,,,,,,,,,,,,,,,,,,,,,,,,,,,,,,,,,,,,,,,,,,,,,,,,,,,,,,,,,,,,,,,,,,,,,0.740855555704761461835599,,,,
2.5,ERR-only,0.000054825754696039881725,no_two_mode_certificate,,,,,,,,,,,,,,,,,,,,,,,,,,,,,,,,,,,,,,,,,,,,,,,,,,,,,,,,,,,,,,,,,,,,,,,,,,0.740855555704761461835599,,,,
2.5,ERR-only,0.000055361949662266535250,no_two_mode_certificate,,,,,,,,,,,,,,,,,,,,,,,,,,,,,,,,,,,,,,,,,,,,,,,,,,,,,,,,,,,,,,,,,,,,,,,,,,0.740855555704761461835599,,,,
2.5,ERR-only,0.000055898144628493188775,no_two_mode_certificate,,,,,,,,,,,,,,,,,,,,,,,,,,,,,,,,,,,,,,,,,,,,,,,,,,,,,,,,,,,,,,,,,,,,,,,,,,0.740855555704761461835599,,,,
2.5,ERR-only,0.000056434339594719842300,no_two_mode_certificate,,,,,,,,,,,,,,,,,,,,,,,,,,,,,,,,,,,,,,,,,,,,,,,,,,,,,,,,,,,,,,,,,,,,,,,,,,0.740855555704761461835599,,,,
2.5,ERR-only,0.000056970534560946495825,no_two_mode_certificate,,,,,,,,,,,,,,,,,,,,,,,,,,,,,,,,,,,,,,,,,,,,,,,,,,,,,,,,,,,,,,,,,,,,,,,,,,0.746383582239863739337091,,,,
2.5,ERR-only,0.000057506729527173149350,no_two_mode_certificate,,,,,,,,,,,,,,,,,,,,,,,,,,,,,,,,,,,,,,,,,,,,,,,,,,,,,,,,,,,,,,,,,,,,,,,,,,0.746383582239863739337091,,,,
2.5,ERR-only,0.000058042924493399802875,no_two_mode_certificate,,,,,,,,,,,,,,,,,,,,,,,,,,,,,,,,,,,,,,,,,,,,,,,,,,,,,,,,,,,,,,,,,,,,,,,,,,0.746383582239863739337091,,,,
2.5,ERR-only,0.000058579119459626456400,no_two_mode_certificate,,,,,,,,,,,,,,,,,,,,,,,,,,,,,,,,,,,,,,,,,,,,,,,,,,,,,,,,,,,,,,,,,,,,,,,,,,0.746383582239863739337091,,,,
2.5,ERR-only,0.000059115314425853109925,no_two_mode_certificate,,,,,,,,,,,,,,,,,,,,,,,,,,,,,,,,,,,,,,,,,,,,,,,,,,,,,,,,,,,,,,,,,,,,,,,,,,0.746383582239863739337091,,,,
2.5,ERR-only,0.000059651509392079763450,no_two_mode_certificate,,,,,,,,,,,,,,,,,,,,,,,,,,,,,,,,,,,,,,,,,,,,,,,,,,,,,,,,,,,,,,,,,,,,,,,,,,0.746383582239863739337091,,,,
2.5,ERR-only,0.000060187704358306416975,no_two_mode_certificate,,,,,,,,,,,,,,,,,,,,,,,,,,,,,,,,,,,,,,,,,,,,,,,,,,,,,,,,,,,,,,,,,,,,,,,,,,0.746383582239863739337091,,,,
2.5,ERR-only,0.000060723899324533070500,no_two_mode_certificate,,,,,,,,,,,,,,,,,,,,,,,,,,,,,,,,,,,,,,,,,,,,,,,,,,,,,,,,,,,,,,,,,,,,,,,,,,0.746383582239863739337091,,,,
2.5,ERR-only,0.000061260094290759724025,no_two_mode_certificate,,,,,,,,,,,,,,,,,,,,,,,,,,,,,,,,,,,,,,,,,,,,,,,,,,,,,,,,,,,,,,,,,,,,,,,,,,0.746383582239863739337091,,,,
2.5,ERR-only,0.000061796289256986377550,no_two_mode_certificate,,,,,,,,,,,,,,,,,,,,,,,,,,,,,,,,,,,,,,,,,,,,,,,,,,,,,,,,,,,,,,,,,,,,,,,,,,0.746383582239863739337091,,,,
2.5,ERR-only,0.000062332484223213031075,no_two_mode_certificate,,,,,,,,,,,,,,,,,,,,,,,,,,,,,,,,,,,,,,,,,,,,,,,,,,,,,,,,,,,,,,,,,,,,,,,,,,0.746383582239863739337091,,,,
2.5,ERR-only,0.000062868679189439684600,no_two_mode_certificate,,,,,,,,,,,,,,,,,,,,,,,,,,,,,,,,,,,,,,,,,,,,,,,,,,,,,,,,,,,,,,,,,,,,,,,,,,0.746383582239863739337091,,,,
2.5,ERR-only,0.000063404874155666338125,no_two_mode_certificate,,,,,,,,,,,,,,,,,,,,,,,,,,,,,,,,,,,,,,,,,,,,,,,,,,,,,,,,,,,,,,,,,,,,,,,,,,0.746383582239863739337091,,,,
2.5,ERR-only,0.000063941069121892991650,no_two_mode_certificate,,,,,,,,,,,,,,,,,,,,,,,,,,,,,,,,,,,,,,,,,,,,,,,,,,,,,,,,,,,,,,,,,,,,,,,,,,0.751994736993538983417554,,,,
2.5,ERR-only,0.000064477264088119645175,no_two_mode_certificate,,,,,,,,,,,,,,,,,,,,,,,,,,,,,,,,,,,,,,,,,,,,,,,,,,,,,,,,,,,,,,,,,,,,,,,,,,0.751994736993538983417554,,,,
2.5,ERR-only,0.000064781250000000000000,no_two_mode_certificate,,,,,,,,,,,,,,,,,,,,,,,,,,,,,,,,,,,,,,,,,,,,,,,,,,,,,,,,,,,,,,,,,,,,,,,,,,0.751994736993538983417554,,,,
2.5,ERR-only,0.000065013459054346298700,no_two_mode_certificate,,,,,,,,,,,,,,,,,,,,,,,,,,,,,,,,,,,,,,,,,,,,,,,,,,,,,,,,,,,,,,,,,,,,,,,,,,0.751994736993538983417554,,,,
2.5,ERR-only,0.000065549654020572952225,no_two_mode_certificate,,,,,,,,,,,,,,,,,,,,,,,,,,,,,,,,,,,,,,,,,,,,,,,,,,,,,,,,,,,,,,,,,,,,,,,,,,0.751994736993538983417554,,,,
2.5,ERR-only,0.000066085848986799605750,no_two_mode_certificate,,,,,,,,,,,,,,,,,,,,,,,,,,,,,,,,,,,,,,,,,,,,,,,,,,,,,,,,,,,,,,,,,,,,,,,,,,0.751994736993538983417554,,,,
2.5,ERR-only,0.000066622043953026259275,no_two_mode_certificate,,,,,,,,,,,,,,,,,,,,,,,,,,,,,,,,,,,,,,,,,,,,,,,,,,,,,,,,,,,,,,,,,,,,,,,,,,0.751994736993538983417554,,,,
2.5,ERR-only,0.000067158238919252912800,no_two_mode_certificate,,,,,,,,,,,,,,,,,,,,,,,,,,,,,,,,,,,,,,,,,,,,,,,,,,,,,,,,,,,,,,,,,,,,,,,,,,0.751994736993538983417554,,,,
2.5,ERR-only,0.000067694433885479566325,no_two_mode_certificate,,,,,,,,,,,,,,,,,,,,,,,,,,,,,,,,,,,,,,,,,,,,,,,,,,,,,,,,,,,,,,,,,,,,,,,,,,0.751994736993538983417554,,,,
2.5,ERR-only,0.000068230628851706219850,no_two_mode_certificate,,,,,,,,,,,,,,,,,,,,,,,,,,,,,,,,,,,,,,,,,,,,,,,,,,,,,,,,,,,,,,,,,,,,,,,,,,0.751994736993538983417554,,,,
2.5,ERR-only,0.000068766823817932873375,no_two_mode_certificate,,,,,,,,,,,,,,,,,,,,,,,,,,,,,,,,,,,,,,,,,,,,,,,,,,,,,,,,,,,,,,,,,,,,,,,,,,0.751994736993538983417554,,,,
2.5,ERR-only,0.000069303018784159526900,no_two_mode_certificate,,,,,,,,,,,,,,,,,,,,,,,,,,,,,,,,,,,,,,,,,,,,,,,,,,,,,,,,,,,,,,,,,,,,,,,,,,0.751994736993538983417554,,,,
2.5,ERR-only,0.000069839213750386180425,no_two_mode_certificate,,,,,,,,,,,,,,,,,,,,,,,,,,,,,,,,,,,,,,,,,,,,,,,,,,,,,,,,,,,,,,,,,,,,,,,,,,0.751994736993538983417554,,,,
2.5,ERR-only,0.000070375408716612833950,no_two_mode_certificate,,,,,,,,,,,,,,,,,,,,,,,,,,,,,,,,,,,,,,,,,,,,,,,,,,,,,,,,,,,,,,,,,,,,,,,,,,0.751994736993538983417554,,,,
2.5,ERR-only,0.000070911603682839487475,no_two_mode_certificate,,,,,,,,,,,,,,,,,,,,,,,,,,,,,,,,,,,,,,,,,,,,,,,,,,,,,,,,,,,,,,,,,,,,,,,,,,0.757690909243482034226508,,,,
2.5,ERR-only,0.000071447798649066141000,no_two_mode_certificate,,,,,,,,,,,,,,,,,,,,,,,,,,,,,,,,,,,,,,,,,,,,,,,,,,,,,,,,,,,,,,,,,,,,,,,,,,0.757690909243482034226508,,,,
2.5,ERR-only,0.000071983993615292794525,no_two_mode_certificate,,,,,,,,,,,,,,,,,,,,,,,,,,,,,,,,,,,,,,,,,,,,,,,,,,,,,,,,,,,,,,,,,,,,,,,,,,0.757690909243482034226508,,,,
2.5,ERR-only,0.000072520188581519448050,no_two_mode_certificate,,,,,,,,,,,,,,,,,,,,,,,,,,,,,,,,,,,,,,,,,,,,,,,,,,,,,,,,,,,,,,,,,,,,,,,,,,0.757690909243482034226508,,,,
2.5,ERR-only,0.000073056383547746101575,no_two_mode_certificate,,,,,,,,,,,,,,,,,,,,,,,,,,,,,,,,,,,,,,,,,,,,,,,,,,,,,,,,,,,,,,,,,,,,,,,,,,0.757690909243482034226508,,,,
2.5,ERR-only,0.000073592578513972755100,no_two_mode_certificate,,,,,,,,,,,,,,,,,,,,,,,,,,,,,,,,,,,,,,,,,,,,,,,,,,,,,,,,,,,,,,,,,,,,,,,,,,0.757690909243482034226508,,,,
2.5,ERR-only,0.000074128773480199408625,no_two_mode_certificate,,,,,,,,,,,,,,,,,,,,,,,,,,,,,,,,,,,,,,,,,,,,,,,,,,,,,,,,,,,,,,,,,,,,,,,,,,0.757690909243482034226508,,,,
2.5,ERR-only,0.000074664968446426062150,no_two_mode_certificate,,,,,,,,,,,,,,,,,,,,,,,,,,,,,,,,,,,,,,,,,,,,,,,,,,,,,,,,,,,,,,,,,,,,,,,,,,0.757690909243482034226508,,,,
2.5,ERR-only,0.000075201163412652715675,no_two_mode_certificate,,,,,,,,,,,,,,,,,,,,,,,,,,,,,,,,,,,,,,,,,,,,,,,,,,,,,,,,,,,,,,,,,,,,,,,,,,0.757690909243482034226508,,,,
2.5,ERR-only,0.000075737358378879369200,no_two_mode_certificate,,,,,,,,,,,,,,,,,,,,,,,,,,,,,,,,,,,,,,,,,,,,,,,,,,,,,,,,,,,,,,,,,,,,,,,,,,0.757690909243482034226508,,,,
2.5,ERR-only,0.000076273553345106022725,no_two_mode_certificate,,,,,,,,,,,,,,,,,,,,,,,,,,,,,,,,,,,,,,,,,,,,,,,,,,,,,,,,,,,,,,,,,,,,,,,,,,0.757690909243482034226508,,,,
2.5,ERR-only,0.000076809748311332676250,no_two_mode_certificate,,,,,,,,,,,,,,,,,,,,,,,,,,,,,,,,,,,,,,,,,,,,,,,,,,,,,,,,,,,,,,,,,,,,,,,,,,0.757690909243482034226508,,,,
2.5,ERR-only,0.000077345943277559329775,no_two_mode_certificate,,,,,,,,,,,,,,,,,,,,,,,,,,,,,,,,,,,,,,,,,,,,,,,,,,,,,,,,,,,,,,,,,,,,,,,,,,0.757690909243482034226508,,,,
2.5,ERR-only,0.000077882138243785983300,no_two_mode_certificate,,,,,,,,,,,,,,,,,,,,,,,,,,,,,,,,,,,,,,,,,,,,,,,,,,,,,,,,,,,,,,,,,,,,,,,,,,0.763474045955256276650866,,,,
2.5,ERR-only,0.000078418333210012636825,no_two_mode_certificate,,,,,,,,,,,,,,,,,,,,,,,,,,,,,,,,,,,,,,,,,,,,,,,,,,,,,,,,,,,,,,,,,,,,,,,,,,0.763474045955256276650866,,,,
2.5,ERR-only,0.000078954528176239290350,no_two_mode_certificate,,,,,,,,,,,,,,,,,,,,,,,,,,,,,,,,,,,,,,,,,,,,,,,,,,,,,,,,,,,,,,,,,,,,,,,,,,0.763474045955256276650866,,,,
2.5,ERR-only,0.000079490723142465943875,no_two_mode_certificate,,,,,,,,,,,,,,,,,,,,,,,,,,,,,,,,,,,,,,,,,,,,,,,,,,,,,,,,,,,,,,,,,,,,,,,,,,0.763474045955256276650866,,,,
2.5,ERR-only,0.000079562500000000000000,no_two_mode_certificate,,,,,,,,,,,,,,,,,,,,,,,,,,,,,,,,,,,,,,,,,,,,,,,,,,,,,,,,,,,,,,,,,,,,,,,,,,0.763474045955256276650866,,,,
2.5,ERR-only,0.000080026918108692597400,no_two_mode_certificate,,,,,,,,,,,,,,,,,,,,,,,,,,,,,,,,,,,,,,,,,,,,,,,,,,,,,,,,,,,,,,,,,,,,,,,,,,0.763474045955256276650866,,,,
2.5,ERR-only,0.000080563113074919250925,no_two_mode_certificate,,,,,,,,,,,,,,,,,,,,,,,,,,,,,,,,,,,,,,,,,,,,,,,,,,,,,,,,,,,,,,,,,,,,,,,,,,0.763474045955256276650866,,,,
2.5,ERR-only,0.000081099308041145904450,no_two_mode_certificate,,,,,,,,,,,,,,,,,,,,,,,,,,,,,,,,,,,,,,,,,,,,,,,,,,,,,,,,,,,,,,,,,,,,,,,,,,0.763474045955256276650866,,,,
2.5,ERR-only,0.000081635503007372557975,no_two_mode_certificate,,,,,,,,,,,,,,,,,,,,,,,,,,,,,,,,,,,,,,,,,,,,,,,,,,,,,,,,,,,,,,,,,,,,,,,,,,0.763474045955256276650866,,,,
2.5,ERR-only,0.000082171697973599211500,no_two_mode_certificate,,,,,,,,,,,,,,,,,,,,,,,,,,,,,,,,,,,,,,,,,,,,,,,,,,,,,,,,,,,,,,,,,,,,,,,,,,0.763474045955256276650866,,,,
2.5,ERR-only,0.000082707892939825865025,no_two_mode_certificate,,,,,,,,,,,,,,,,,,,,,,,,,,,,,,,,,,,,,,,,,,,,,,,,,,,,,,,,,,,,,,,,,,,,,,,,,,0.763474045955256276650866,,,,
2.5,ERR-only,0.000083244087906052518550,no_two_mode_certificate,,,,,,,,,,,,,,,,,,,,,,,,,,,,,,,,,,,,,,,,,,,,,,,,,,,,,,,,,,,,,,,,,,,,,,,,,,0.763474045955256276650866,,,,
2.5,ERR-only,0.000083780282872279172075,no_two_mode_certificate,,,,,,,,,,,,,,,,,,,,,,,,,,,,,,,,,,,,,,,,,,,,,,,,,,,,,,,,,,,,,,,,,,,,,,,,,,0.763474045955256276650866,,,,
2.5,ERR-only,0.000084316000000000000000,no_two_mode_certificate,,,,,,,,,,,,,,,,,,,,,,,,,,,,,,,,,,,,,,,,,,,,,,,,,,,,,,,,,,,,,,,,,,,,,,,,,,0.763474045955256276650866,,,,
2.5,ERR-only,0.000084316477838505825600,no_two_mode_certificate,,,,,,,,,,,,,,,,,,,,,,,,,,,,,,,,,,,,,,,,,,,,,,,,,,,,,,,,,,,,,,,,,,,,,,,,,,0.763474045955256276650866,,,,
2.5,ERR-only,0.000084317000000000000000,no_two_mode_certificate,,,,,,,,,,,,,,,,,,,,,,,,,,,,,,,,,,,,,,,,,,,,,,,,,,,,,,,,,,,,,,,,,,,,,,,,,,,,,,
2.5,ERR-only,0.000084318000000000000000,no_two_mode_certificate,,,,,,,,,,,,,,,,,,,,,,,,,,,,,,,,,,,,,,,,,,,,,,,,,,,,,,,,,,,,,,,,,,,,,,,,,,,,,,
2.5,ERR-only,0.000094343750000000000000,no_two_mode_certificate,,,,,,,,,,,,,,,,,,,,,,,,,,,,,,,,,,,,,,,,,,,,,,,,,,,,,,,,,,,,,,,,,,,,,,,,,,,,,,
2.5,ERR-only,0.000100000000000000000000,no_two_mode_certificate,,,,,,,,,,,,,,,,,,,,,,,,,,,,,,,,,,,,,,,,,,,,,,,,,,,,,,,,,,,,,,,,,,,,,,,,,,,,,,
2.5,ERR-only,0.000109125000000000000000,no_two_mode_certificate,,,,,,,,,,,,,,,,,,,,,,,,,,,,,,,,,,,,,,,,,,,,,,,,,,,,,,,,,,,,,,,,,,,,,,,,,,,,,,
2.5,ERR-only,0.000123906250000000000000,no_two_mode_certificate,,,,,,,,,,,,,,,,,,,,,,,,,,,,,,,,,,,,,,,,,,,,,,,,,,,,,,,,,,,,,,,,,,,,,,,,,,,,,,
2.5,ERR-only,0.000138687500000000000000,no_two_mode_certificate,,,,,,,,,,,,,,,,,,,,,,,,,,,,,,,,,,,,,,,,,,,,,,,,,,,,,,,,,,,,,,,,,,,,,,,,,,,,,,
2.5,ERR-only,0.000153468750000000000000,no_two_mode_certificate,,,,,,,,,,,,,,,,,,,,,,,,,,,,,,,,,,,,,,,,,,,,,,,,,,,,,,,,,,,,,,,,,,,,,,,,,,,,,,
2.5,ERR-only,0.000168250000000000000000,no_two_mode_certificate,,,,,,,,,,,,,,,,,,,,,,,,,,,,,,,,,,,,,,,,,,,,,,,,,,,,,,,,,,,,,,,,,,,,,,,,,,,,,,
2.5,ERR-only,0.000183031250000000000000,no_two_mode_certificate,,,,,,,,,,,,,,,,,,,,,,,,,,,,,,,,,,,,,,,,,,,,,,,,,,,,,,,,,,,,,,,,,,,,,,,,,,,,,,
2.5,ERR-only,0.000197812500000000000000,no_two_mode_certificate,,,,,,,,,,,,,,,,,,,,,,,,,,,,,,,,,,,,,,,,,,,,,,,,,,,,,,,,,,,,,,,,,,,,,,,,,,,,,,
2.5,ERR-only,0.000200000000000000000000,no_two_mode_certificate,,,,,,,,,,,,,,,,,,,,,,,,,,,,,,,,,,,,,,,,,,,,,,,,,,,,,,,,,,,,,,,,,,,,,,,,,,,,,,
2.5,ERR-only,0.000212593750000000000000,no_two_mode_certificate,,,,,,,,,,,,,,,,,,,,,,,,,,,,,,,,,,,,,,,,,,,,,,,,,,,,,,,,,,,,,,,,,,,,,,,,,,,,,,
2.5,ERR-only,0.000227375000000000000000,no_two_mode_certificate,,,,,,,,,,,,,,,,,,,,,,,,,,,,,,,,,,,,,,,,,,,,,,,,,,,,,,,,,,,,,,,,,,,,,,,,,,,,,,
2.5,ERR-only,0.000242156250000000000000,no_two_mode_certificate,,,,,,,,,,,,,,,,,,,,,,,,,,,,,,,,,,,,,,,,,,,,,,,,,,,,,,,,,,,,,,,,,,,,,,,,,,,,,,
2.5,ERR-only,0.000256937500000000000000,no_two_mode_certificate,,,,,,,,,,,,,,,,,,,,,,,,,,,,,,,,,,,,,,,,,,,,,,,,,,,,,,,,,,,,,,,,,,,,,,,,,,,,,,
2.5,ERR-only,0.000271718750000000000000,no_two_mode_certificate,,,,,,,,,,,,,,,,,,,,,,,,,,,,,,,,,,,,,,,,,,,,,,,,,,,,,,,,,,,,,,,,,,,,,,,,,,,,,,
2.5,ERR-only,0.000286500000000000000000,no_two_mode_certificate,,,,,,,,,,,,,,,,,,,,,,,,,,,,,,,,,,,,,,,,,,,,,,,,,,,,,,,,,,,,,,,,,,,,,,,,,,,,,,
2.5,ERR-only,0.000301281250000000000000,no_two_mode_certificate,,,,,,,,,,,,,,,,,,,,,,,,,,,,,,,,,,,,,,,,,,,,,,,,,,,,,,,,,,,,,,,,,,,,,,,,,,,,,,
2.5,ERR-only,0.000316062500000000000000,no_two_mode_certificate,,,,,,,,,,,,,,,,,,,,,,,,,,,,,,,,,,,,,,,,,,,,,,,,,,,,,,,,,,,,,,,,,,,,,,,,,,,,,,
2.5,ERR-only,0.000330843750000000000000,no_two_mode_certificate,,,,,,,,,,,,,,,,,,,,,,,,,,,,,,,,,,,,,,,,,,,,,,,,,,,,,,,,,,,,,,,,,,,,,,,,,,,,,,
2.5,ERR-only,0.000345625000000000000000,no_two_mode_certificate,,,,,,,,,,,,,,,,,,,,,,,,,,,,,,,,,,,,,,,,,,,,,,,,,,,,,,,,,,,,,,,,,,,,,,,,,,,,,,
2.5,ERR-only,0.000360406250000000000000,no_two_mode_certificate,,,,,,,,,,,,,,,,,,,,,,,,,,,,,,,,,,,,,,,,,,,,,,,,,,,,,,,,,,,,,,,,,,,,,,,,,,,,,,
2.5,ERR-only,0.000375187500000000000000,no_two_mode_certificate,,,,,,,,,,,,,,,,,,,,,,,,,,,,,,,,,,,,,,,,,,,,,,,,,,,,,,,,,,,,,,,,,,,,,,,,,,,,,,
2.5,ERR-only,0.000389968750000000000000,no_two_mode_certificate,,,,,,,,,,,,,,,,,,,,,,,,,,,,,,,,,,,,,,,,,,,,,,,,,,,,,,,,,,,,,,,,,,,,,,,,,,,,,,
2.5,ERR-only,0.000404750000000000000000,no_two_mode_certificate,,,,,,,,,,,,,,,,,,,,,,,,,,,,,,,,,,,,,,,,,,,,,,,,,,,,,,,,,,,,,,,,,,,,,,,,,,,,,,
2.5,ERR-only,0.000419531250000000000000,no_two_mode_certificate,,,,,,,,,,,,,,,,,,,,,,,,,,,,,,,,,,,,,,,,,,,,,,,,,,,,,,,,,,,,,,,,,,,,,,,,,,,,,,
2.5,ERR-only,0.000434312500000000000000,no_two_mode_certificate,,,,,,,,,,,,,,,,,,,,,,,,,,,,,,,,,,,,,,,,,,,,,,,,,,,,,,,,,,,,,,,,,,,,,,,,,,,,,,
2.5,ERR-only,0.000449093750000000000000,no_two_mode_certificate,,,,,,,,,,,,,,,,,,,,,,,,,,,,,,,,,,,,,,,,,,,,,,,,,,,,,,,,,,,,,,,,,,,,,,,,,,,,,,
2.5,ERR-only,0.000463875000000000000000,no_two_mode_certificate,,,,,,,,,,,,,,,,,,,,,,,,,,,,,,,,,,,,,,,,,,,,,,,,,,,,,,,,,,,,,,,,,,,,,,,,,,,,,,
2.5,ERR-only,0.000478656250000000000000,no_two_mode_certificate,,,,,,,,,,,,,,,,,,,,,,,,,,,,,,,,,,,,,,,,,,,,,,,,,,,,,,,,,,,,,,,,,,,,,,,,,,,,,,
2.5,ERR-only,0.000493437500000000000000,no_two_mode_certificate,,,,,,,,,,,,,,,,,,,,,,,,,,,,,,,,,,,,,,,,,,,,,,,,,,,,,,,,,,,,,,,,,,,,,,,,,,,,,,
2.5,ERR-only,0.000500000000000000000000,no_two_mode_certificate,,,,,,,,,,,,,,,,,,,,,,,,,,,,,,,,,,,,,,,,,,,,,,,,,,,,,,,,,,,,,,,,,,,,,,,,,,,,,,
2.5,ERR-only,0.000508218750000000000000,no_two_mode_certificate,,,,,,,,,,,,,,,,,,,,,,,,,,,,,,,,,,,,,,,,,,,,,,,,,,,,,,,,,,,,,,,,,,,,,,,,,,,,,,
2.5,ERR-only,0.000523000000000000000000,no_two_mode_certificate,,,,,,,,,,,,,,,,,,,,,,,,,,,,,,,,,,,,,,,,,,,,,,,,,,,,,,,,,,,,,,,,,,,,,,,,,,,,,,
2.5,ERR-only,0.000537781250000000000000,no_two_mode_certificate,,,,,,,,,,,,,,,,,,,,,,,,,,,,,,,,,,,,,,,,,,,,,,,,,,,,,,,,,,,,,,,,,,,,,,,,,,,,,,
2.5,ERR-only,0.000552562500000000000000,no_two_mode_certificate,,,,,,,,,,,,,,,,,,,,,,,,,,,,,,,,,,,,,,,,,,,,,,,,,,,,,,,,,,,,,,,,,,,,,,,,,,,,,,
2.5,ERR-only,0.000567343750000000000000,no_two_mode_certificate,,,,,,,,,,,,,,,,,,,,,,,,,,,,,,,,,,,,,,,,,,,,,,,,,,,,,,,,,,,,,,,,,,,,,,,,,,,,,,
2.5,ERR-only,0.000582125000000000000000,no_two_mode_certificate,,,,,,,,,,,,,,,,,,,,,,,,,,,,,,,,,,,,,,,,,,,,,,,,,,,,,,,,,,,,,,,,,,,,,,,,,,,,,,
2.5,ERR-only,0.000596906250000000000000,no_two_mode_certificate,,,,,,,,,,,,,,,,,,,,,,,,,,,,,,,,,,,,,,,,,,,,,,,,,,,,,,,,,,,,,,,,,,,,,,,,,,,,,,
2.5,ERR-only,0.000611687500000000000000,no_two_mode_certificate,,,,,,,,,,,,,,,,,,,,,,,,,,,,,,,,,,,,,,,,,,,,,,,,,,,,,,,,,,,,,,,,,,,,,,,,,,,,,,
2.5,ERR-only,0.000626468750000000000000,no_two_mode_certificate,,,,,,,,,,,,,,,,,,,,,,,,,,,,,,,,,,,,,,,,,,,,,,,,,,,,,,,,,,,,,,,,,,,,,,,,,,,,,,
2.5,ERR-only,0.000641250000000000000000,no_two_mode_certificate,,,,,,,,,,,,,,,,,,,,,,,,,,,,,,,,,,,,,,,,,,,,,,,,,,,,,,,,,,,,,,,,,,,,,,,,,,,,,,
2.5,ERR-only,0.000656031250000000000000,no_two_mode_certificate,,,,,,,,,,,,,,,,,,,,,,,,,,,,,,,,,,,,,,,,,,,,,,,,,,,,,,,,,,,,,,,,,,,,,,,,,,,,,,
2.5,ERR-only,0.000670812500000000000000,no_two_mode_certificate,,,,,,,,,,,,,,,,,,,,,,,,,,,,,,,,,,,,,,,,,,,,,,,,,,,,,,,,,,,,,,,,,,,,,,,,,,,,,,
2.5,ERR-only,0.000685593750000000000000,no_two_mode_certificate,,,,,,,,,,,,,,,,,,,,,,,,,,,,,,,,,,,,,,,,,,,,,,,,,,,,,,,,,,,,,,,,,,,,,,,,,,,,,,
2.5,ERR-only,0.000700375000000000000000,no_two_mode_certificate,,,,,,,,,,,,,,,,,,,,,,,,,,,,,,,,,,,,,,,,,,,,,,,,,,,,,,,,,,,,,,,,,,,,,,,,,,,,,,
2.5,ERR-only,0.000715156250000000000000,no_two_mode_certificate,,,,,,,,,,,,,,,,,,,,,,,,,,,,,,,,,,,,,,,,,,,,,,,,,,,,,,,,,,,,,,,,,,,,,,,,,,,,,,
2.5,ERR-only,0.000729937500000000000000,no_two_mode_certificate,,,,,,,,,,,,,,,,,,,,,,,,,,,,,,,,,,,,,,,,,,,,,,,,,,,,,,,,,,,,,,,,,,,,,,,,,,,,,,
2.5,ERR-only,0.000744718750000000000000,no_two_mode_certificate,,,,,,,,,,,,,,,,,,,,,,,,,,,,,,,,,,,,,,,,,,,,,,,,,,,,,,,,,,,,,,,,,,,,,,,,,,,,,,
2.5,ERR-only,0.000759500000000000000000,no_two_mode_certificate,,,,,,,,,,,,,,,,,,,,,,,,,,,,,,,,,,,,,,,,,,,,,,,,,,,,,,,,,,,,,,,,,,,,,,,,,,,,,,
2.5,ERR-only,0.000774281250000000000000,no_two_mode_certificate,,,,,,,,,,,,,,,,,,,,,,,,,,,,,,,,,,,,,,,,,,,,,,,,,,,,,,,,,,,,,,,,,,,,,,,,,,,,,,
2.5,ERR-only,0.000789062500000000000000,no_two_mode_certificate,,,,,,,,,,,,,,,,,,,,,,,,,,,,,,,,,,,,,,,,,,,,,,,,,,,,,,,,,,,,,,,,,,,,,,,,,,,,,,
2.5,ERR-only,0.000803843750000000000000,no_two_mode_certificate,,,,,,,,,,,,,,,,,,,,,,,,,,,,,,,,,,,,,,,,,,,,,,,,,,,,,,,,,,,,,,,,,,,,,,,,,,,,,,
2.5,ERR-only,0.000818625000000000000000,no_two_mode_certificate,,,,,,,,,,,,,,,,,,,,,,,,,,,,,,,,,,,,,,,,,,,,,,,,,,,,,,,,,,,,,,,,,,,,,,,,,,,,,,
2.5,ERR-only,0.000833406250000000000000,no_two_mode_certificate,,,,,,,,,,,,,,,,,,,,,,,,,,,,,,,,,,,,,,,,,,,,,,,,,,,,,,,,,,,,,,,,,,,,,,,,,,,,,,
2.5,ERR-only,0.000848187500000000000000,no_two_mode_certificate,,,,,,,,,,,,,,,,,,,,,,,,,,,,,,,,,,,,,,,,,,,,,,,,,,,,,,,,,,,,,,,,,,,,,,,,,,,,,,
2.5,ERR-only,0.000862968750000000000000,no_two_mode_certificate,,,,,,,,,,,,,,,,,,,,,,,,,,,,,,,,,,,,,,,,,,,,,,,,,,,,,,,,,,,,,,,,,,,,,,,,,,,,,,
2.5,ERR-only,0.000877750000000000000000,no_two_mode_certificate,,,,,,,,,,,,,,,,,,,,,,,,,,,,,,,,,,,,,,,,,,,,,,,,,,,,,,,,,,,,,,,,,,,,,,,,,,,,,,
2.5,ERR-only,0.000892531250000000000000,no_two_mode_certificate,,,,,,,,,,,,,,,,,,,,,,,,,,,,,,,,,,,,,,,,,,,,,,,,,,,,,,,,,,,,,,,,,,,,,,,,,,,,,,
2.5,ERR-only,0.000907312500000000000000,no_two_mode_certificate,,,,,,,,,,,,,,,,,,,,,,,,,,,,,,,,,,,,,,,,,,,,,,,,,,,,,,,,,,,,,,,,,,,,,,,,,,,,,,
2.5,ERR-only,0.000922093750000000000000,no_two_mode_certificate,,,,,,,,,,,,,,,,,,,,,,,,,,,,,,,,,,,,,,,,,,,,,,,,,,,,,,,,,,,,,,,,,,,,,,,,,,,,,,
2.5,ERR-only,0.000936875000000000000000,no_two_mode_certificate,,,,,,,,,,,,,,,,,,,,,,,,,,,,,,,,,,,,,,,,,,,,,,,,,,,,,,,,,,,,,,,,,,,,,,,,,,,,,,
2.5,ERR-only,0.000951656250000000000000,no_two_mode_certificate,,,,,,,,,,,,,,,,,,,,,,,,,,,,,,,,,,,,,,,,,,,,,,,,,,,,,,,,,,,,,,,,,,,,,,,,,,,,,,
2.5,ERR-only,0.000966437500000000000000,no_two_mode_certificate,,,,,,,,,,,,,,,,,,,,,,,,,,,,,,,,,,,,,,,,,,,,,,,,,,,,,,,,,,,,,,,,,,,,,,,,,,,,,,
2.5,ERR-only,0.000981218750000000000000,no_two_mode_certificate,,,,,,,,,,,,,,,,,,,,,,,,,,,,,,,,,,,,,,,,,,,,,,,,,,,,,,,,,,,,,,,,,,,,,,,,,,,,,,
2.5,ERR-only,0.000996000000000000000000,no_two_mode_certificate,,,,,,,,,,,,,,,,,,,,,,,,,,,,,,,,,,,,,,,,,,,,,,,,,,,,,,,,,,,,,,,,,,,,,,,,,,,,,,
