shield,mode,g,category,count
3,combined,131,LOW_uninformative,61
3,combined,131,accepted_candidates,2615
3,combined,131,always_S_frontier,1
3,combined,131,dominated_at_same_g,1540
3,combined,131,frontier,242
3,combined,131,risk_rejected_old_vc,10402
3,combined,131,vc_flat_outside,3306
3,combined,132,LOW_uninformative,61
3,combined,132,accepted_candidates,2602
3,combined,132,always_S_frontier,1
3,combined,132,dominated_at_same_g,1533
3,combined,132,frontier,241
3,combined,132,risk_rejected_old_vc,10415
3,combined,132,vc_flat_outside,3306
3,combined,133,LOW_uninformative,61
3,combined,133,accepted_candidates,2588
3,combined,133,always_S_frontier,1
3,combined,133,dominated_at_same_g,1526
3,combined,133,frontier,239
3,combined,133,risk_rejected_old_vc,10429
3,combined,133,vc_flat_outside,3306
3,combined,134,LOW_uninformative,61
3,combined,134,accepted_candidates,2573
3,combined,134,always_S_frontier,1
3,combined,134,dominated_at_same_g,1518
3,combined,134,frontier,237
3,combined,134,risk_rejected_old_vc,10444
3,combined,134,vc_flat_outside,3306
3,combined,135,LOW_uninformative,62
3,combined,135,accepted_candidates,2559
3,combined,135,always_S_frontier,1
3,combined,135,dominated_at_same_g,1510
3,combined,135,frontier,235
3,combined,135,risk_rejected_old_vc,10457
3,combined,135,vc_flat_outside,3306
3,combined,136,LOW_uninformative,62
3,combined,136,accepted_candidates,2545
3,combined,136,always_S_frontier,1
3,combined,136,dominated_at_same_g,1503
3,combined,136,frontier,233
3,combined,136,risk_rejected_old_vc,10471
3,combined,136,vc_flat_outside,3306
3,combined,137,LOW_uninformative,62
3,combined,137,accepted_candidates,2532
3,combined,137,always_S_frontier,1
3,combined,137,dominated_at_same_g,1495
3,combined,137,frontier,232
3,combined,137,risk_rejected_old_vc,10484
3,combined,137,vc_flat_outside,3306
3,combined,138,LOW_uninformative,62
3,combined,138,accepted_candidates,2518
3,combined,138,always_S_frontier,1
3,combined,138,dominated_at_same_g,1488
3,combined,138,frontier,230
3,combined,138,risk_rejected_old_vc,10498
3,combined,138,vc_flat_outside,3306
3,combined,139,LOW_uninformative,62
3,combined,139,accepted_candidates,2506
3,combined,139,always_S_frontier,1
3,combined,139,dominated_at_same_g,1482
3,combined,139,frontier,228
3,combined,139,risk_rejected_old_vc,10510
3,combined,139,vc_flat_outside,3306
3,combined,140,LOW_uninformative,63
3,combined,140,accepted_candidates,2492
3,combined,140,always_S_frontier,1
3,combined,140,dominated_at_same_g,1474
3,combined,140,frontier,227
3,combined,140,risk_rejected_old_vc,10523
3,combined,140,vc_flat_outside,3306
3,combined,141,LOW_uninformative,63
3,combined,141,accepted_candidates,2479
3,combined,141,always_S_frontier,1
3,combined,141,dominated_at_same_g,1467
3,combined,141,frontier,225
3,combined,141,risk_rejected_old_vc,10536
3,combined,141,vc_flat_outside,3306
3,combined,142,LOW_uninformative,63
3,combined,142,accepted_candidates,2468
3,combined,142,always_S_frontier,1
3,combined,142,dominated_at_same_g,1461
3,combined,142,frontier,224
3,combined,142,risk_rejected_old_vc,10547
3,combined,142,vc_flat_outside,3306
3,combined,143,LOW_uninformative,63
3,combined,143,accepted_candidates,2456
3,combined,143,always_S_frontier,1
3,combined,143,dominated_at_same_g,1455
3,combined,143,frontier,222
3,combined,143,risk_rejected_old_vc,10559
3,combined,143,vc_flat_outside,3306
3,combined,144,LOW_uninformative,63
3,combined,144,accepted_candidates,2443
3,combined,144,always_S_frontier,1
3,combined,144,dominated_at_same_g,1448
3,combined,144,frontier,220
3,combined,144,risk_rejected_old_vc,10572
3,combined,144,vc_flat_outside,3306
3,combined,145,LOW_uninformative,63
3,combined,145,accepted_candidates,2431
3,combined,145,always_S_frontier,1
3,combined,145,dominated_at_same_g,1441
3,combined,145,frontier,219
3,combined,145,risk_rejected_old_vc,10584
3,combined,145,vc_flat_outside,3306
3,combined,146,LOW_uninformative,63
3,combined,146,accepted_candidates,2420
3,combined,146,always_S_frontier,1
3,combined,146,dominated_at_same_g,1436
3,combined,146,frontier,217
3,combined,146,risk_rejected_old_vc,10595
3,combined,146,vc_flat_outside,3306
3,combined,147,LOW_uninformative,63
3,combined,147,accepted_candidates,2408
3,combined,147,always_S_frontier,1
3,combined,147,dominated_at_same_g,1430
3,combined,147,frontier,216
3,combined,147,risk_rejected_old_vc,10607
3,combined,147,vc_flat_outside,3306
3,combined,148,LOW_uninformative,63
3,combined,148,accepted_candidates,2396
3,combined,148,always_S_frontier,1
3,combined,148,dominated_at_same_g,1424
3,combined,148,frontier,214
3,combined,148,risk_rejected_old_vc,10619
3,combined,148,vc_flat_outside,3306
3,combined,149,LOW_uninformative,63
3,combined,149,accepted_candidates,2385
3,combined,149,always_S_frontier,1
3,combined,149,dominated_at_same_g,1418
3,combined,149,frontier,213
3,combined,149,risk_rejected_old_vc,10630
3,combined,149,vc_flat_outside,3306
3,combined,150,LOW_uninformative,63
3,combined,150,accepted_candidates,2374
3,combined,150,always_S_frontier,1
3,combined,150,dominated_at_same_g,1412
3,combined,150,frontier,212
3,combined,150,risk_rejected_old_vc,10641
3,combined,150,vc_flat_outside,3306
3,combined,151,LOW_uninformative,55
3,combined,151,accepted_candidates,2362
3,combined,151,always_S_frontier,1
3,combined,151,dominated_at_same_g,1406
3,combined,151,frontier,210
3,combined,151,risk_rejected_flat,8
3,combined,151,risk_rejected_old_vc,10653
3,combined,151,vc_flat_outside,3306
3,combined,152,LOW_uninformative,44
3,combined,152,accepted_candidates,2352
3,combined,152,always_S_frontier,1
3,combined,152,dominated_at_same_g,1400
3,combined,152,frontier,209
3,combined,152,risk_rejected_flat,20
3,combined,152,risk_rejected_old_vc,10662
3,combined,152,vc_flat_outside,3306
3,combined,153,LOW_uninformative,34
3,combined,153,accepted_candidates,2340
3,combined,153,always_S_frontier,1
3,combined,153,dominated_at_same_g,1393
3,combined,153,frontier,208
3,combined,153,risk_rejected_flat,30
3,combined,153,risk_rejected_old_vc,10674
3,combined,153,vc_flat_outside,3306
3,combined,154,LOW_uninformative,22
3,combined,154,accepted_candidates,2331
3,combined,154,always_S_frontier,1
3,combined,154,dominated_at_same_g,1388
3,combined,154,frontier,207
3,combined,154,risk_rejected_flat,42
3,combined,154,risk_rejected_old_vc,10683
3,combined,154,vc_flat_outside,3306
3,combined,155,LOW_uninformative,16
3,combined,155,accepted_candidates,2316
3,combined,155,always_S_frontier,1
3,combined,155,dominated_at_same_g,1378
3,combined,155,frontier,206
3,combined,155,risk_rejected_flat,52
3,combined,155,risk_rejected_old_vc,10694
3,combined,155,vc_flat_outside,3306
3,combined,156,LOW_uninformative,11
3,combined,156,accepted_candidates,2299
3,combined,156,always_S_frontier,1
3,combined,156,dominated_at_same_g,1367
3,combined,156,frontier,204
3,combined,156,risk_rejected_flat,62
3,combined,156,risk_rejected_old_vc,10706
3,combined,156,vc_flat_outside,3306
3,combined,157,LOW_uninformative,5
3,combined,157,accepted_candidates,2284
3,combined,157,always_S_frontier,1
3,combined,157,dominated_at_same_g,1355
3,combined,157,frontier,203
3,combined,157,risk_rejected_flat,74
3,combined,157,risk_rejected_old_vc,10715
3,combined,157,vc_flat_outside,3306
3,combined,158,accepted_candidates,2270
3,combined,158,always_S_frontier,1
3,combined,158,dominated_at_same_g,1346
3,combined,158,frontier,202
3,combined,158,risk_rejected_flat,84
3,combined,158,risk_rejected_old_vc,10724
3,combined,158,vc_flat_outside,3306
3,combined,159,accepted_candidates,2251
3,combined,159,always_S_frontier,1
3,combined,159,dominated_at_same_g,1331
3,combined,159,frontier,201
3,combined,159,risk_rejected_flat,94
3,combined,159,risk_rejected_old_vc,10733
3,combined,159,vc_flat_outside,3306
3,combined,160,accepted_candidates,2229
3,combined,160,always_S_frontier,1
3,combined,160,dominated_at_same_g,1315
3,combined,160,frontier,199
3,combined,160,risk_rejected_flat,104
3,combined,160,risk_rejected_old_vc,10745
3,combined,160,vc_flat_outside,3306
3,combined,161,accepted_candidates,2210
3,combined,161,always_S_frontier,1
3,combined,161,dominated_at_same_g,1300
3,combined,161,frontier,198
3,combined,161,risk_rejected_flat,114
3,combined,161,risk_rejected_old_vc,10754
3,combined,161,vc_flat_outside,3306
3,combined,162,accepted_candidates,2191
3,combined,162,always_S_frontier,1
3,combined,162,dominated_at_same_g,1285
3,combined,162,frontier,197
3,combined,162,risk_rejected_flat,124
3,combined,162,risk_rejected_old_vc,10763
3,combined,162,vc_flat_outside,3306
3,combined,163,accepted_candidates,2173
3,combined,163,always_S_frontier,1
3,combined,163,dominated_at_same_g,1271
3,combined,163,frontier,196
3,combined,163,risk_rejected_flat,134
3,combined,163,risk_rejected_old_vc,10771
3,combined,163,vc_flat_outside,3306
3,combined,164,accepted_candidates,2153
3,combined,164,always_S_frontier,1
3,combined,164,dominated_at_same_g,1255
3,combined,164,frontier,195
3,combined,164,risk_rejected_flat,144
3,combined,164,risk_rejected_old_vc,10781
3,combined,164,vc_flat_outside,3306
3,combined,165,accepted_candidates,2134
3,combined,165,always_S_frontier,1
3,combined,165,dominated_at_same_g,1242
3,combined,165,frontier,193
3,combined,165,risk_rejected_flat,152
3,combined,165,risk_rejected_old_vc,10792
3,combined,165,vc_flat_outside,3306
3,combined,166,accepted_candidates,2117
3,combined,166,always_S_frontier,1
3,combined,166,dominated_at_same_g,1228
3,combined,166,frontier,192
3,combined,166,risk_rejected_flat,162
3,combined,166,risk_rejected_old_vc,10799
3,combined,166,vc_flat_outside,3306
3,combined,167,accepted_candidates,2096
3,combined,167,always_S_frontier,1
3,combined,167,dominated_at_same_g,1212
3,combined,167,frontier,191
3,combined,167,risk_rejected_flat,172
3,combined,167,risk_rejected_old_vc,10810
3,combined,167,vc_flat_outside,3306
3,combined,168,accepted_candidates,2080
3,combined,168,always_S_frontier,1
3,combined,168,dominated_at_same_g,1200
3,combined,168,frontier,190
3,combined,168,risk_rejected_flat,180
3,combined,168,risk_rejected_old_vc,10818
3,combined,168,vc_flat_outside,3306
3,combined,169,accepted_candidates,2062
3,combined,169,always_S_frontier,1
3,combined,169,dominated_at_same_g,1185
3,combined,169,frontier,189
3,combined,169,risk_rejected_flat,190
3,combined,169,risk_rejected_old_vc,10826
3,combined,169,vc_flat_outside,3306
3,combined,170,accepted_candidates,2045
3,combined,170,always_S_frontier,1
3,combined,170,dominated_at_same_g,1173
3,combined,170,frontier,188
3,combined,170,risk_rejected_flat,198
3,combined,170,risk_rejected_old_vc,10835
3,combined,170,vc_flat_outside,3306
3,combined,171,accepted_candidates,2028
3,combined,171,always_S_frontier,1
3,combined,171,dominated_at_same_g,1159
3,combined,171,frontier,187
3,combined,171,risk_rejected_flat,208
3,combined,171,risk_rejected_old_vc,10842
3,combined,171,vc_flat_outside,3306
3,combined,172,accepted_candidates,2010
3,combined,172,always_S_frontier,1
3,combined,172,dominated_at_same_g,1146
3,combined,172,frontier,185
3,combined,172,risk_rejected_flat,216
3,combined,172,risk_rejected_old_vc,10852
3,combined,172,vc_flat_outside,3306
3,combined,173,accepted_candidates,1994
3,combined,173,always_S_frontier,1
3,combined,173,dominated_at_same_g,1134
3,combined,173,frontier,184
3,combined,173,risk_rejected_flat,224
3,combined,173,risk_rejected_old_vc,10860
3,combined,173,vc_flat_outside,3306
3,combined,174,accepted_candidates,1975
3,combined,174,always_S_frontier,1
3,combined,174,dominated_at_same_g,1119
3,combined,174,frontier,183
3,combined,174,risk_rejected_flat,234
3,combined,174,risk_rejected_old_vc,10869
3,combined,174,vc_flat_outside,3306
3,combined,175,accepted_candidates,1959
3,combined,175,always_S_frontier,1
3,combined,175,dominated_at_same_g,1107
3,combined,175,frontier,183
3,combined,175,risk_rejected_flat,242
3,combined,175,risk_rejected_old_vc,10877
3,combined,175,vc_flat_outside,3306
3,combined,176,accepted_candidates,1944
3,combined,176,always_S_frontier,1
3,combined,176,dominated_at_same_g,1095
3,combined,176,frontier,183
3,combined,176,risk_rejected_flat,250
3,combined,176,risk_rejected_old_vc,10884
3,combined,176,vc_flat_outside,3306
3,combined,177,accepted_candidates,1927
3,combined,177,always_S_frontier,1
3,combined,177,dominated_at_same_g,1082
3,combined,177,frontier,183
3,combined,177,risk_rejected_flat,258
3,combined,177,risk_rejected_old_vc,10893
3,combined,177,vc_flat_outside,3306
3,combined,178,accepted_candidates,1911
3,combined,178,always_S_frontier,1
3,combined,178,dominated_at_same_g,1070
3,combined,178,frontier,183
3,combined,178,risk_rejected_flat,266
3,combined,178,risk_rejected_old_vc,10901
3,combined,178,vc_flat_outside,3306
3,combined,179,accepted_candidates,1896
3,combined,179,always_S_frontier,1
3,combined,179,dominated_at_same_g,1059
3,combined,179,frontier,183
3,combined,179,risk_rejected_flat,274
3,combined,179,risk_rejected_old_vc,10908
3,combined,179,vc_flat_outside,3306
3,combined,180,accepted_candidates,1877
3,combined,180,always_S_frontier,1
3,combined,180,dominated_at_same_g,1045
3,combined,180,frontier,183
3,combined,180,risk_rejected_flat,282
3,combined,180,risk_rejected_old_vc,10919
3,combined,180,vc_flat_outside,3306
3,combined,181,accepted_candidates,1859
3,combined,181,always_S_frontier,1
3,combined,181,dominated_at_same_g,1033
3,combined,181,frontier,183
3,combined,181,risk_rejected_flat,290
3,combined,181,risk_rejected_old_vc,10929
3,combined,181,vc_flat_outside,3306
3,combined,182,accepted_candidates,1839
3,combined,182,always_S_frontier,1
3,combined,182,dominated_at_same_g,1019
3,combined,182,frontier,183
3,combined,182,risk_rejected_flat,298
3,combined,182,risk_rejected_old_vc,10941
3,combined,182,vc_flat_outside,3306
3,combined,183,accepted_candidates,1817
3,combined,183,always_S_frontier,1
3,combined,183,dominated_at_same_g,1003
3,combined,183,frontier,183
3,combined,183,risk_rejected_flat,306
3,combined,183,risk_rejected_old_vc,10955
3,combined,183,vc_flat_outside,3306
3,combined,184,accepted_candidates,1794
3,combined,184,always_S_frontier,1
3,combined,184,dominated_at_same_g,987
3,combined,184,frontier,183
3,combined,184,risk_rejected_flat,314
3,combined,184,risk_rejected_old_vc,10970
3,combined,184,vc_flat_outside,3306
3,combined,185,accepted_candidates,1776
3,combined,185,always_S_frontier,1
3,combined,185,dominated_at_same_g,974
3,combined,185,frontier,183
3,combined,185,risk_rejected_flat,320
3,combined,185,risk_rejected_old_vc,10982
3,combined,185,vc_flat_outside,3306
3,combined,186,accepted_candidates,1754
3,combined,186,always_S_frontier,1
3,combined,186,dominated_at_same_g,957
3,combined,186,frontier,183
3,combined,186,risk_rejected_flat,328
3,combined,186,risk_rejected_old_vc,10996
3,combined,186,vc_flat_outside,3306
3,combined,187,accepted_candidates,1731
3,combined,187,always_S_frontier,1
3,combined,187,dominated_at_same_g,940
3,combined,187,frontier,183
3,combined,187,risk_rejected_flat,336
3,combined,187,risk_rejected_old_vc,11011
3,combined,187,vc_flat_outside,3306
3,combined,188,accepted_candidates,1707
3,combined,188,always_S_frontier,1
3,combined,188,dominated_at_same_g,922
3,combined,188,frontier,183
3,combined,188,risk_rejected_flat,344
3,combined,188,risk_rejected_old_vc,11027
3,combined,188,vc_flat_outside,3306
3,combined,189,accepted_candidates,1688
3,combined,189,always_S_frontier,1
3,combined,189,dominated_at_same_g,909
3,combined,189,frontier,182
3,combined,189,risk_rejected_flat,350
3,combined,189,risk_rejected_old_vc,11040
3,combined,189,vc_flat_outside,3306
3,combined,190,accepted_candidates,1662
3,combined,190,always_S_frontier,1
3,combined,190,dominated_at_same_g,889
3,combined,190,frontier,182
3,combined,190,risk_rejected_flat,358
3,combined,190,risk_rejected_old_vc,11058
3,combined,190,vc_flat_outside,3306
3,combined,191,accepted_candidates,1642
3,combined,191,always_S_frontier,1
3,combined,191,dominated_at_same_g,873
3,combined,191,frontier,182
3,combined,191,risk_rejected_flat,364
3,combined,191,risk_rejected_old_vc,11072
3,combined,191,vc_flat_outside,3306
3,combined,192,accepted_candidates,1616
3,combined,192,always_S_frontier,1
3,combined,192,dominated_at_same_g,853
3,combined,192,frontier,182
3,combined,192,risk_rejected_flat,372
3,combined,192,risk_rejected_old_vc,11090
3,combined,192,vc_flat_outside,3306
3,combined,193,accepted_candidates,1596
3,combined,193,always_S_frontier,1
3,combined,193,dominated_at_same_g,838
3,combined,193,frontier,182
3,combined,193,risk_rejected_flat,378
3,combined,193,risk_rejected_old_vc,11104
3,combined,193,vc_flat_outside,3306
3,combined,194,accepted_candidates,1571
3,combined,194,always_S_frontier,1
3,combined,194,dominated_at_same_g,818
3,combined,194,frontier,182
3,combined,194,risk_rejected_flat,386
3,combined,194,risk_rejected_old_vc,11121
3,combined,194,vc_flat_outside,3306
3,combined,195,accepted_candidates,1551
3,combined,195,always_S_frontier,1
3,combined,195,dominated_at_same_g,803
3,combined,195,frontier,182
3,combined,195,risk_rejected_flat,392
3,combined,195,risk_rejected_old_vc,11135
3,combined,195,vc_flat_outside,3306
3,combined,196,accepted_candidates,1531
3,combined,196,always_S_frontier,1
3,combined,196,dominated_at_same_g,788
3,combined,196,frontier,182
3,combined,196,risk_rejected_flat,398
3,combined,196,risk_rejected_old_vc,11149
3,combined,196,vc_flat_outside,3306
3,combined,197,accepted_candidates,1505
3,combined,197,always_S_frontier,1
3,combined,197,dominated_at_same_g,768
3,combined,197,frontier,182
3,combined,197,risk_rejected_flat,406
3,combined,197,risk_rejected_old_vc,11167
3,combined,197,vc_flat_outside,3306
3,combined,198,accepted_candidates,1483
3,combined,198,always_S_frontier,1
3,combined,198,dominated_at_same_g,753
3,combined,198,frontier,182
3,combined,198,risk_rejected_flat,412
3,combined,198,risk_rejected_old_vc,11183
3,combined,198,vc_flat_outside,3306
3,combined,199,accepted_candidates,1461
3,combined,199,always_S_frontier,1
3,combined,199,dominated_at_same_g,738
3,combined,199,frontier,182
3,combined,199,risk_rejected_flat,418
3,combined,199,risk_rejected_old_vc,11199
3,combined,199,vc_flat_outside,3306
3,combined,200,accepted_candidates,1433
3,combined,200,always_S_frontier,1
3,combined,200,dominated_at_same_g,719
3,combined,200,frontier,181
3,combined,200,risk_rejected_flat,426
3,combined,200,risk_rejected_old_vc,11219
3,combined,200,vc_flat_outside,3306
3,combined,201,accepted_candidates,1411
3,combined,201,always_S_frontier,1
3,combined,201,dominated_at_same_g,707
3,combined,201,frontier,178
3,combined,201,risk_rejected_flat,432
3,combined,201,risk_rejected_old_vc,11235
3,combined,201,vc_flat_outside,3306
3,combined,202,accepted_candidates,1389
3,combined,202,always_S_frontier,1
3,combined,202,dominated_at_same_g,695
3,combined,202,frontier,175
3,combined,202,risk_rejected_flat,438
3,combined,202,risk_rejected_old_vc,11251
3,combined,202,vc_flat_outside,3306
3,combined,203,accepted_candidates,1367
3,combined,203,always_S_frontier,1
3,combined,203,dominated_at_same_g,683
3,combined,203,frontier,172
3,combined,203,risk_rejected_flat,444
3,combined,203,risk_rejected_old_vc,11267
3,combined,203,vc_flat_outside,3306
3,combined,204,accepted_candidates,1345
3,combined,204,always_S_frontier,1
3,combined,204,dominated_at_same_g,671
3,combined,204,frontier,169
3,combined,204,risk_rejected_flat,450
3,combined,204,risk_rejected_old_vc,11283
3,combined,204,vc_flat_outside,3306
3,combined,205,accepted_candidates,1324
3,combined,205,always_S_frontier,1
3,combined,205,dominated_at_same_g,659
3,combined,205,frontier,166
3,combined,205,risk_rejected_flat,456
3,combined,205,risk_rejected_old_vc,11298
3,combined,205,vc_flat_outside,3306
3,combined,206,accepted_candidates,1302
3,combined,206,always_S_frontier,1
3,combined,206,dominated_at_same_g,647
3,combined,206,frontier,163
3,combined,206,risk_rejected_flat,462
3,combined,206,risk_rejected_old_vc,11314
3,combined,206,vc_flat_outside,3306
3,combined,207,accepted_candidates,1280
3,combined,207,always_S_frontier,1
3,combined,207,dominated_at_same_g,635
3,combined,207,frontier,160
3,combined,207,risk_rejected_flat,468
3,combined,207,risk_rejected_old_vc,11330
3,combined,207,vc_flat_outside,3306
3,combined,208,accepted_candidates,1258
3,combined,208,always_S_frontier,1
3,combined,208,dominated_at_same_g,623
3,combined,208,frontier,157
3,combined,208,risk_rejected_flat,474
3,combined,208,risk_rejected_old_vc,11346
3,combined,208,vc_flat_outside,3306
3,combined,209,accepted_candidates,1237
3,combined,209,always_S_frontier,1
3,combined,209,dominated_at_same_g,611
3,combined,209,frontier,154
3,combined,209,risk_rejected_flat,480
3,combined,209,risk_rejected_old_vc,11361
3,combined,209,vc_flat_outside,3306
3,combined,210,accepted_candidates,1215
3,combined,210,always_S_frontier,1
3,combined,210,dominated_at_same_g,599
3,combined,210,frontier,151
3,combined,210,risk_rejected_flat,486
3,combined,210,risk_rejected_old_vc,11377
3,combined,210,vc_flat_outside,3306
3,combined,211,accepted_candidates,1192
3,combined,211,always_S_frontier,1
3,combined,211,dominated_at_same_g,587
3,combined,211,frontier,148
3,combined,211,risk_rejected_flat,492
3,combined,211,risk_rejected_old_vc,11394
3,combined,211,vc_flat_outside,3306
3,combined,212,accepted_candidates,1168
3,combined,212,always_S_frontier,1
3,combined,212,dominated_at_same_g,575
3,combined,212,frontier,145
3,combined,212,risk_rejected_flat,498
3,combined,212,risk_rejected_old_vc,11412
3,combined,212,vc_flat_outside,3306
3,combined,213,accepted_candidates,1144
3,combined,213,always_S_frontier,1
3,combined,213,dominated_at_same_g,563
3,combined,213,frontier,142
3,combined,213,risk_rejected_flat,504
3,combined,213,risk_rejected_old_vc,11430
3,combined,213,vc_flat_outside,3306
3,combined,214,accepted_candidates,1120
3,combined,214,always_S_frontier,1
3,combined,214,dominated_at_same_g,551
3,combined,214,frontier,139
3,combined,214,risk_rejected_flat,510
3,combined,214,risk_rejected_old_vc,11448
3,combined,214,vc_flat_outside,3306
3,combined,215,accepted_candidates,1104
3,combined,215,always_S_frontier,1
3,combined,215,dominated_at_same_g,543
3,combined,215,frontier,137
3,combined,215,risk_rejected_flat,514
3,combined,215,risk_rejected_old_vc,11460
3,combined,215,vc_flat_outside,3306
3,combined,216,accepted_candidates,1080
3,combined,216,always_S_frontier,1
3,combined,216,dominated_at_same_g,531
3,combined,216,frontier,134
3,combined,216,risk_rejected_flat,520
3,combined,216,risk_rejected_old_vc,11478
3,combined,216,vc_flat_outside,3306
3,combined,217,accepted_candidates,1056
3,combined,217,always_S_frontier,1
3,combined,217,dominated_at_same_g,519
3,combined,217,frontier,131
3,combined,217,risk_rejected_flat,526
3,combined,217,risk_rejected_old_vc,11496
3,combined,217,vc_flat_outside,3306
3,combined,218,accepted_candidates,1032
3,combined,218,always_S_frontier,1
3,combined,218,dominated_at_same_g,507
3,combined,218,frontier,128
3,combined,218,risk_rejected_flat,532
3,combined,218,risk_rejected_old_vc,11514
3,combined,218,vc_flat_outside,3306
3,combined,219,accepted_candidates,1016
3,combined,219,always_S_frontier,1
3,combined,219,dominated_at_same_g,499
3,combined,219,frontier,126
3,combined,219,risk_rejected_flat,536
3,combined,219,risk_rejected_old_vc,11526
3,combined,219,vc_flat_outside,3306
3,combined,220,accepted_candidates,992
3,combined,220,always_S_frontier,1
3,combined,220,dominated_at_same_g,487
3,combined,220,frontier,123
3,combined,220,risk_rejected_flat,542
3,combined,220,risk_rejected_old_vc,11544
3,combined,220,vc_flat_outside,3306
3,combined,221,accepted_candidates,968
3,combined,221,always_S_frontier,1
3,combined,221,dominated_at_same_g,475
3,combined,221,frontier,120
3,combined,221,risk_rejected_flat,548
3,combined,221,risk_rejected_old_vc,11562
3,combined,221,vc_flat_outside,3306
3,combined,222,accepted_candidates,952
3,combined,222,always_S_frontier,1
3,combined,222,dominated_at_same_g,467
3,combined,222,frontier,118
3,combined,222,risk_rejected_flat,552
3,combined,222,risk_rejected_old_vc,11574
3,combined,222,vc_flat_outside,3306
3,combined,223,accepted_candidates,928
3,combined,223,always_S_frontier,1
3,combined,223,dominated_at_same_g,455
3,combined,223,frontier,115
3,combined,223,risk_rejected_flat,558
3,combined,223,risk_rejected_old_vc,11592
3,combined,223,vc_flat_outside,3306
3,combined,224,accepted_candidates,912
3,combined,224,always_S_frontier,1
3,combined,224,dominated_at_same_g,447
3,combined,224,frontier,113
3,combined,224,risk_rejected_flat,562
3,combined,224,risk_rejected_old_vc,11604
3,combined,224,vc_flat_outside,3306
3,combined,225,accepted_candidates,888
3,combined,225,always_S_frontier,1
3,combined,225,dominated_at_same_g,435
3,combined,225,frontier,110
3,combined,225,risk_rejected_flat,568
3,combined,225,risk_rejected_old_vc,11622
3,combined,225,vc_flat_outside,3306
3,combined,226,accepted_candidates,872
3,combined,226,always_S_frontier,1
3,combined,226,dominated_at_same_g,427
3,combined,226,frontier,108
3,combined,226,risk_rejected_flat,572
3,combined,226,risk_rejected_old_vc,11634
3,combined,226,vc_flat_outside,3306
3,combined,227,accepted_candidates,848
3,combined,227,always_S_frontier,1
3,combined,227,dominated_at_same_g,415
3,combined,227,frontier,105
3,combined,227,risk_rejected_flat,578
3,combined,227,risk_rejected_old_vc,11652
3,combined,227,vc_flat_outside,3306
3,combined,228,accepted_candidates,832
3,combined,228,always_S_frontier,1
3,combined,228,dominated_at_same_g,407
3,combined,228,frontier,103
3,combined,228,risk_rejected_flat,582
3,combined,228,risk_rejected_old_vc,11664
3,combined,228,vc_flat_outside,3306
3,combined,229,accepted_candidates,808
3,combined,229,always_S_frontier,1
3,combined,229,dominated_at_same_g,395
3,combined,229,frontier,100
3,combined,229,risk_rejected_flat,588
3,combined,229,risk_rejected_old_vc,11682
3,combined,229,vc_flat_outside,3306
3,combined,230,accepted_candidates,792
3,combined,230,always_S_frontier,1
3,combined,230,dominated_at_same_g,387
3,combined,230,frontier,98
3,combined,230,risk_rejected_flat,592
3,combined,230,risk_rejected_old_vc,11694
3,combined,230,vc_flat_outside,3306
3,combined,231,accepted_candidates,768
3,combined,231,always_S_frontier,1
3,combined,231,dominated_at_same_g,375
3,combined,231,frontier,95
3,combined,231,risk_rejected_flat,598
3,combined,231,risk_rejected_old_vc,11712
3,combined,231,vc_flat_outside,3306
3,combined,232,accepted_candidates,752
3,combined,232,always_S_frontier,1
3,combined,232,dominated_at_same_g,367
3,combined,232,frontier,93
3,combined,232,risk_rejected_flat,602
3,combined,232,risk_rejected_old_vc,11724
3,combined,232,vc_flat_outside,3306
3,combined,233,accepted_candidates,736
3,combined,233,always_S_frontier,1
3,combined,233,dominated_at_same_g,360
3,combined,233,frontier,91
3,combined,233,risk_rejected_flat,606
3,combined,233,risk_rejected_old_vc,11736
3,combined,233,vc_flat_outside,3306
3,combined,234,accepted_candidates,712
3,combined,234,always_S_frontier,1
3,combined,234,dominated_at_same_g,351
3,combined,234,frontier,88
3,combined,234,risk_rejected_flat,612
3,combined,234,risk_rejected_old_vc,11754
3,combined,234,vc_flat_outside,3306
3,combined,235,accepted_candidates,696
3,combined,235,always_S_frontier,1
3,combined,235,dominated_at_same_g,345
3,combined,235,frontier,86
3,combined,235,risk_rejected_flat,616
3,combined,235,risk_rejected_old_vc,11766
3,combined,235,vc_flat_outside,3306
3,combined,236,accepted_candidates,680
3,combined,236,always_S_frontier,1
3,combined,236,dominated_at_same_g,339
3,combined,236,frontier,84
3,combined,236,risk_rejected_flat,620
3,combined,236,risk_rejected_old_vc,11778
3,combined,236,vc_flat_outside,3306
3,combined,237,accepted_candidates,656
3,combined,237,always_S_frontier,1
3,combined,237,dominated_at_same_g,328
3,combined,237,frontier,81
3,combined,237,risk_rejected_flat,626
3,combined,237,risk_rejected_old_vc,11796
3,combined,237,vc_flat_outside,3306
3,combined,238,accepted_candidates,640
3,combined,238,always_S_frontier,1
3,combined,238,dominated_at_same_g,320
3,combined,238,frontier,79
3,combined,238,risk_rejected_flat,630
3,combined,238,risk_rejected_old_vc,11808
3,combined,238,vc_flat_outside,3306
3,combined,239,accepted_candidates,624
3,combined,239,always_S_frontier,1
3,combined,239,dominated_at_same_g,312
3,combined,239,frontier,77
3,combined,239,risk_rejected_flat,634
3,combined,239,risk_rejected_old_vc,11820
3,combined,239,vc_flat_outside,3306
3,combined,240,accepted_candidates,600
3,combined,240,always_S_frontier,1
3,combined,240,dominated_at_same_g,300
3,combined,240,frontier,74
3,combined,240,risk_rejected_flat,640
3,combined,240,risk_rejected_old_vc,11838
3,combined,240,vc_flat_outside,3306
3,combined,241,accepted_candidates,584
3,combined,241,always_S_frontier,1
3,combined,241,dominated_at_same_g,292
3,combined,241,frontier,72
3,combined,241,risk_rejected_flat,644
3,combined,241,risk_rejected_old_vc,11850
3,combined,241,vc_flat_outside,3306
3,combined,242,accepted_candidates,568
3,combined,242,always_S_frontier,1
3,combined,242,dominated_at_same_g,284
3,combined,242,frontier,70
3,combined,242,risk_rejected_flat,648
3,combined,242,risk_rejected_old_vc,11862
3,combined,242,vc_flat_outside,3306
3,combined,243,accepted_candidates,552
3,combined,243,always_S_frontier,1
3,combined,243,dominated_at_same_g,276
3,combined,243,frontier,68
3,combined,243,risk_rejected_flat,652
3,combined,243,risk_rejected_old_vc,11874
3,combined,243,vc_flat_outside,3306
3,combined,244,accepted_candidates,536
3,combined,244,always_S_frontier,1
3,combined,244,dominated_at_same_g,268
3,combined,244,frontier,66
3,combined,244,risk_rejected_flat,656
3,combined,244,risk_rejected_old_vc,11886
3,combined,244,vc_flat_outside,3306
3,combined,245,accepted_candidates,520
3,combined,245,always_S_frontier,1
3,combined,245,dominated_at_same_g,260
3,combined,245,frontier,64
3,combined,245,risk_rejected_flat,660
3,combined,245,risk_rejected_old_vc,11898
3,combined,245,vc_flat_outside,3306
3,combined,246,accepted_candidates,496
3,combined,246,always_S_frontier,1
3,combined,246,dominated_at_same_g,248
3,combined,246,frontier,61
3,combined,246,risk_rejected_flat,666
3,combined,246,risk_rejected_old_vc,11916
3,combined,246,vc_flat_outside,3306
3,combined,247,accepted_candidates,480
3,combined,247,always_S_frontier,1
3,combined,247,dominated_at_same_g,240
3,combined,247,frontier,59
3,combined,247,risk_rejected_flat,670
3,combined,247,risk_rejected_old_vc,11928
3,combined,247,vc_flat_outside,3306
3,combined,248,accepted_candidates,464
3,combined,248,always_S_frontier,1
3,combined,248,dominated_at_same_g,232
3,combined,248,frontier,57
3,combined,248,risk_rejected_flat,674
3,combined,248,risk_rejected_old_vc,11940
3,combined,248,vc_flat_outside,3306
3,combined,249,accepted_candidates,448
3,combined,249,always_S_frontier,1
3,combined,249,dominated_at_same_g,224
3,combined,249,frontier,55
3,combined,249,risk_rejected_flat,678
3,combined,249,risk_rejected_old_vc,11952
3,combined,249,vc_flat_outside,3306
3,combined,250,accepted_candidates,432
3,combined,250,always_S_frontier,1
3,combined,250,dominated_at_same_g,216
3,combined,250,frontier,53
3,combined,250,risk_rejected_flat,682
3,combined,250,risk_rejected_old_vc,11964
3,combined,250,vc_flat_outside,3306
3,combined,251,accepted_candidates,416
3,combined,251,always_S_frontier,1
3,combined,251,dominated_at_same_g,208
3,combined,251,frontier,51
3,combined,251,risk_rejected_flat,686
3,combined,251,risk_rejected_old_vc,11976
3,combined,251,vc_flat_outside,3306
3,combined,252,accepted_candidates,400
3,combined,252,always_S_frontier,1
3,combined,252,dominated_at_same_g,200
3,combined,252,frontier,49
3,combined,252,risk_rejected_flat,690
3,combined,252,risk_rejected_old_vc,11988
3,combined,252,vc_flat_outside,3306
3,combined,253,accepted_candidates,384
3,combined,253,always_S_frontier,1
3,combined,253,dominated_at_same_g,192
3,combined,253,frontier,47
3,combined,253,risk_rejected_flat,694
3,combined,253,risk_rejected_old_vc,12000
3,combined,253,vc_flat_outside,3306
3,combined,254,accepted_candidates,368
3,combined,254,always_S_frontier,1
3,combined,254,dominated_at_same_g,184
3,combined,254,frontier,45
3,combined,254,risk_rejected_flat,698
3,combined,254,risk_rejected_old_vc,12012
3,combined,254,vc_flat_outside,3306
3,combined,255,accepted_candidates,352
3,combined,255,always_S_frontier,1
3,combined,255,dominated_at_same_g,176
3,combined,255,frontier,43
3,combined,255,risk_rejected_flat,702
3,combined,255,risk_rejected_old_vc,12024
3,combined,255,vc_flat_outside,3306
3,combined,256,accepted_candidates,336
3,combined,256,always_S_frontier,1
3,combined,256,dominated_at_same_g,168
3,combined,256,frontier,41
3,combined,256,risk_rejected_flat,706
3,combined,256,risk_rejected_old_vc,12036
3,combined,256,vc_flat_outside,3306
3,combined,257,accepted_candidates,320
3,combined,257,always_S_frontier,1
3,combined,257,dominated_at_same_g,160
3,combined,257,frontier,39
3,combined,257,risk_rejected_flat,710
3,combined,257,risk_rejected_old_vc,12048
3,combined,257,vc_flat_outside,3306
3,combined,258,accepted_candidates,304
3,combined,258,always_S_frontier,1
3,combined,258,dominated_at_same_g,152
3,combined,258,frontier,37
3,combined,258,risk_rejected_flat,714
3,combined,258,risk_rejected_old_vc,12060
3,combined,258,vc_flat_outside,3306
3,combined,259,accepted_candidates,288
3,combined,259,always_S_frontier,1
3,combined,259,dominated_at_same_g,144
3,combined,259,frontier,35
3,combined,259,risk_rejected_flat,718
3,combined,259,risk_rejected_old_vc,12072
3,combined,259,vc_flat_outside,3306
3,combined,260,accepted_candidates,272
3,combined,260,always_S_frontier,1
3,combined,260,dominated_at_same_g,136
3,combined,260,frontier,33
3,combined,260,risk_rejected_flat,722
3,combined,260,risk_rejected_old_vc,12084
3,combined,260,vc_flat_outside,3306
3,combined,261,accepted_candidates,256
3,combined,261,always_S_frontier,1
3,combined,261,dominated_at_same_g,128
3,combined,261,frontier,31
3,combined,261,risk_rejected_flat,726
3,combined,261,risk_rejected_old_vc,12096
3,combined,261,vc_flat_outside,3306
3,combined,262,accepted_candidates,248
3,combined,262,always_S_frontier,1
3,combined,262,dominated_at_same_g,124
3,combined,262,frontier,30
3,combined,262,risk_rejected_flat,728
3,combined,262,risk_rejected_old_vc,12102
3,combined,262,vc_flat_outside,3306
3,combined,263,accepted_candidates,232
3,combined,263,always_S_frontier,1
3,combined,263,dominated_at_same_g,116
3,combined,263,frontier,28
3,combined,263,risk_rejected_flat,732
3,combined,263,risk_rejected_old_vc,12114
3,combined,263,vc_flat_outside,3306
3,combined,264,accepted_candidates,216
3,combined,264,always_S_frontier,1
3,combined,264,dominated_at_same_g,108
3,combined,264,frontier,26
3,combined,264,risk_rejected_flat,736
3,combined,264,risk_rejected_old_vc,12126
3,combined,264,vc_flat_outside,3306
3,combined,265,accepted_candidates,200
3,combined,265,always_S_frontier,1
3,combined,265,dominated_at_same_g,100
3,combined,265,frontier,24
3,combined,265,risk_rejected_flat,740
3,combined,265,risk_rejected_old_vc,12138
3,combined,265,vc_flat_outside,3306
3,combined,266,accepted_candidates,184
3,combined,266,always_S_frontier,1
3,combined,266,dominated_at_same_g,92
3,combined,266,frontier,22
3,combined,266,risk_rejected_flat,744
3,combined,266,risk_rejected_old_vc,12150
3,combined,266,vc_flat_outside,3306
3,combined,267,accepted_candidates,168
3,combined,267,always_S_frontier,1
3,combined,267,dominated_at_same_g,84
3,combined,267,frontier,20
3,combined,267,risk_rejected_flat,748
3,combined,267,risk_rejected_old_vc,12162
3,combined,267,vc_flat_outside,3306
3,combined,268,accepted_candidates,160
3,combined,268,always_S_frontier,1
3,combined,268,dominated_at_same_g,80
3,combined,268,frontier,19
3,combined,268,risk_rejected_flat,750
3,combined,268,risk_rejected_old_vc,12168
3,combined,268,vc_flat_outside,3306
3,combined,269,accepted_candidates,144
3,combined,269,always_S_frontier,1
3,combined,269,dominated_at_same_g,72
3,combined,269,frontier,17
3,combined,269,risk_rejected_flat,754
3,combined,269,risk_rejected_old_vc,12180
3,combined,269,vc_flat_outside,3306
3,combined,270,accepted_candidates,128
3,combined,270,always_S_frontier,1
3,combined,270,dominated_at_same_g,64
3,combined,270,frontier,15
3,combined,270,risk_rejected_flat,758
3,combined,270,risk_rejected_old_vc,12192
3,combined,270,vc_flat_outside,3306
3,combined,271,accepted_candidates,112
3,combined,271,always_S_frontier,1
3,combined,271,dominated_at_same_g,56
3,combined,271,frontier,13
3,combined,271,risk_rejected_flat,762
3,combined,271,risk_rejected_old_vc,12204
3,combined,271,vc_flat_outside,3306
3,combined,272,accepted_candidates,104
3,combined,272,always_S_frontier,1
3,combined,272,dominated_at_same_g,52
3,combined,272,frontier,12
3,combined,272,risk_rejected_flat,764
3,combined,272,risk_rejected_old_vc,12210
3,combined,272,vc_flat_outside,3306
3,combined,273,accepted_candidates,88
3,combined,273,always_S_frontier,1
3,combined,273,dominated_at_same_g,44
3,combined,273,frontier,10
3,combined,273,risk_rejected_flat,768
3,combined,273,risk_rejected_old_vc,12222
3,combined,273,vc_flat_outside,3306
3,combined,274,accepted_candidates,72
3,combined,274,always_S_frontier,1
3,combined,274,dominated_at_same_g,36
3,combined,274,frontier,8
3,combined,274,risk_rejected_flat,772
3,combined,274,risk_rejected_old_vc,12234
3,combined,274,vc_flat_outside,3306
3,combined,275,accepted_candidates,56
3,combined,275,always_S_frontier,1
3,combined,275,dominated_at_same_g,28
3,combined,275,frontier,6
3,combined,275,risk_rejected_flat,776
3,combined,275,risk_rejected_old_vc,12246
3,combined,275,vc_flat_outside,3306
3,combined,276,accepted_candidates,48
3,combined,276,always_S_frontier,1
3,combined,276,dominated_at_same_g,24
3,combined,276,frontier,5
3,combined,276,risk_rejected_flat,778
3,combined,276,risk_rejected_old_vc,12252
3,combined,276,vc_flat_outside,3306
3,combined,277,accepted_candidates,32
3,combined,277,always_S_frontier,1
3,combined,277,dominated_at_same_g,16
3,combined,277,frontier,3
3,combined,277,risk_rejected_flat,782
3,combined,277,risk_rejected_old_vc,12264
3,combined,277,vc_flat_outside,3306
3,combined,278,accepted_candidates,16
3,combined,278,always_S_frontier,1
3,combined,278,dominated_at_same_g,8
3,combined,278,frontier,1
3,combined,278,risk_rejected_flat,786
3,combined,278,risk_rejected_old_vc,12276
3,combined,278,vc_flat_outside,3306
3,combined,279,accepted_candidates,8
3,combined,279,always_S_frontier,1
3,combined,279,dominated_at_same_g,4
3,combined,279,frontier,0
3,combined,279,risk_rejected_flat,788
3,combined,279,risk_rejected_old_vc,12282
3,combined,279,vc_flat_outside,3306
3,monitor-only,131,LOW_uninformative,61
3,monitor-only,131,accepted_candidates,2618
3,monitor-only,131,always_S_frontier,1
3,monitor-only,131,dominated_at_same_g,1542
3,monitor-only,131,frontier,243
3,monitor-only,131,risk_rejected_old_vc,10399
3,monitor-only,131,vc_flat_outside,3306
3,monitor-only,132,LOW_uninformative,61
3,monitor-only,132,accepted_candidates,2604
3,monitor-only,132,always_S_frontier,1
3,monitor-only,132,dominated_at_same_g,1534
3,monitor-only,132,frontier,241
3,monitor-only,132,risk_rejected_old_vc,10413
3,monitor-only,132,vc_flat_outside,3306
3,monitor-only,133,LOW_uninformative,61
3,monitor-only,133,accepted_candidates,2589
3,monitor-only,133,always_S_frontier,1
3,monitor-only,133,dominated_at_same_g,1526
3,monitor-only,133,frontier,239
3,monitor-only,133,risk_rejected_old_vc,10428
3,monitor-only,133,vc_flat_outside,3306
3,monitor-only,134,LOW_uninformative,61
3,monitor-only,134,accepted_candidates,2575
3,monitor-only,134,always_S_frontier,1
3,monitor-only,134,dominated_at_same_g,1519
3,monitor-only,134,frontier,237
3,monitor-only,134,risk_rejected_old_vc,10442
3,monitor-only,134,vc_flat_outside,3306
3,monitor-only,135,LOW_uninformative,62
3,monitor-only,135,accepted_candidates,2561
3,monitor-only,135,always_S_frontier,1
3,monitor-only,135,dominated_at_same_g,1511
3,monitor-only,135,frontier,235
3,monitor-only,135,risk_rejected_old_vc,10455
3,monitor-only,135,vc_flat_outside,3306
3,monitor-only,136,LOW_uninformative,62
3,monitor-only,136,accepted_candidates,2546
3,monitor-only,136,always_S_frontier,1
3,monitor-only,136,dominated_at_same_g,1503
3,monitor-only,136,frontier,234
3,monitor-only,136,risk_rejected_old_vc,10470
3,monitor-only,136,vc_flat_outside,3306
3,monitor-only,137,LOW_uninformative,62
3,monitor-only,137,accepted_candidates,2534
3,monitor-only,137,always_S_frontier,1
3,monitor-only,137,dominated_at_same_g,1497
3,monitor-only,137,frontier,232
3,monitor-only,137,risk_rejected_old_vc,10482
3,monitor-only,137,vc_flat_outside,3306
3,monitor-only,138,LOW_uninformative,62
3,monitor-only,138,accepted_candidates,2519
3,monitor-only,138,always_S_frontier,1
3,monitor-only,138,dominated_at_same_g,1489
3,monitor-only,138,frontier,230
3,monitor-only,138,risk_rejected_old_vc,10497
3,monitor-only,138,vc_flat_outside,3306
3,monitor-only,139,LOW_uninformative,62
3,monitor-only,139,accepted_candidates,2507
3,monitor-only,139,always_S_frontier,1
3,monitor-only,139,dominated_at_same_g,1482
3,monitor-only,139,frontier,229
3,monitor-only,139,risk_rejected_old_vc,10509
3,monitor-only,139,vc_flat_outside,3306
3,monitor-only,140,LOW_uninformative,63
3,monitor-only,140,accepted_candidates,2494
3,monitor-only,140,always_S_frontier,1
3,monitor-only,140,dominated_at_same_g,1475
3,monitor-only,140,frontier,227
3,monitor-only,140,risk_rejected_old_vc,10521
3,monitor-only,140,vc_flat_outside,3306
3,monitor-only,141,LOW_uninformative,63
3,monitor-only,141,accepted_candidates,2482
3,monitor-only,141,always_S_frontier,1
3,monitor-only,141,dominated_at_same_g,1469
3,monitor-only,141,frontier,225
3,monitor-only,141,risk_rejected_old_vc,10533
3,monitor-only,141,vc_flat_outside,3306
3,monitor-only,142,LOW_uninformative,63
3,monitor-only,142,accepted_candidates,2469
3,monitor-only,142,always_S_frontier,1
3,monitor-only,142,dominated_at_same_g,1461
3,monitor-only,142,frontier,224
3,monitor-only,142,risk_rejected_old_vc,10546
3,monitor-only,142,vc_flat_outside,3306
3,monitor-only,143,LOW_uninformative,63
3,monitor-only,143,accepted_candidates,2457
3,monitor-only,143,always_S_frontier,1
3,monitor-only,143,dominated_at_same_g,1455
3,monitor-only,143,frontier,222
3,monitor-only,143,risk_rejected_old_vc,10558
3,monitor-only,143,vc_flat_outside,3306
3,monitor-only,144,LOW_uninformative,63
3,monitor-only,144,accepted_candidates,2445
3,monitor-only,144,always_S_frontier,1
3,monitor-only,144,dominated_at_same_g,1449
3,monitor-only,144,frontier,221
3,monitor-only,144,risk_rejected_old_vc,10570
3,monitor-only,144,vc_flat_outside,3306
3,monitor-only,145,LOW_uninformative,63
3,monitor-only,145,accepted_candidates,2433
3,monitor-only,145,always_S_frontier,1
3,monitor-only,145,dominated_at_same_g,1443
3,monitor-only,145,frontier,219
3,monitor-only,145,risk_rejected_old_vc,10582
3,monitor-only,145,vc_flat_outside,3306
3,monitor-only,146,LOW_uninformative,63
3,monitor-only,146,accepted_candidates,2422
3,monitor-only,146,always_S_frontier,1
3,monitor-only,146,dominated_at_same_g,1437
3,monitor-only,146,frontier,218
3,monitor-only,146,risk_rejected_old_vc,10593
3,monitor-only,146,vc_flat_outside,3306
3,monitor-only,147,LOW_uninformative,63
3,monitor-only,147,accepted_candidates,2410
3,monitor-only,147,always_S_frontier,1
3,monitor-only,147,dominated_at_same_g,1431
3,monitor-only,147,frontier,216
3,monitor-only,147,risk_rejected_old_vc,10605
3,monitor-only,147,vc_flat_outside,3306
3,monitor-only,148,LOW_uninformative,63
3,monitor-only,148,accepted_candidates,2399
3,monitor-only,148,always_S_frontier,1
3,monitor-only,148,dominated_at_same_g,1425
3,monitor-only,148,frontier,215
3,monitor-only,148,risk_rejected_old_vc,10616
3,monitor-only,148,vc_flat_outside,3306
3,monitor-only,149,LOW_uninformative,63
3,monitor-only,149,accepted_candidates,2387
3,monitor-only,149,always_S_frontier,1
3,monitor-only,149,dominated_at_same_g,1419
3,monitor-only,149,frontier,213
3,monitor-only,149,risk_rejected_old_vc,10628
3,monitor-only,149,vc_flat_outside,3306
3,monitor-only,150,LOW_uninformative,63
3,monitor-only,150,accepted_candidates,2376
3,monitor-only,150,always_S_frontier,1
3,monitor-only,150,dominated_at_same_g,1413
3,monitor-only,150,frontier,212
3,monitor-only,150,risk_rejected_old_vc,10639
3,monitor-only,150,vc_flat_outside,3306
3,monitor-only,151,LOW_uninformative,57
3,monitor-only,151,accepted_candidates,2365
3,monitor-only,151,always_S_frontier,1
3,monitor-only,151,dominated_at_same_g,1407
3,monitor-only,151,frontier,210
3,monitor-only,151,risk_rejected_flat,6
3,monitor-only,151,risk_rejected_old_vc,10650
3,monitor-only,151,vc_flat_outside,3306
3,monitor-only,152,LOW_uninformative,46
3,monitor-only,152,accepted_candidates,2353
3,monitor-only,152,always_S_frontier,1
3,monitor-only,152,dominated_at_same_g,1400
3,monitor-only,152,frontier,209
3,monitor-only,152,risk_rejected_flat,18
3,monitor-only,152,risk_rejected_old_vc,10661
3,monitor-only,152,vc_flat_outside,3306
3,monitor-only,153,LOW_uninformative,36
3,monitor-only,153,accepted_candidates,2343
3,monitor-only,153,always_S_frontier,1
3,monitor-only,153,dominated_at_same_g,1394
3,monitor-only,153,frontier,209
3,monitor-only,153,risk_rejected_flat,28
3,monitor-only,153,risk_rejected_old_vc,10671
3,monitor-only,153,vc_flat_outside,3306
3,monitor-only,154,LOW_uninformative,24
3,monitor-only,154,accepted_candidates,2332
3,monitor-only,154,always_S_frontier,1
3,monitor-only,154,dominated_at_same_g,1388
3,monitor-only,154,frontier,207
3,monitor-only,154,risk_rejected_flat,40
3,monitor-only,154,risk_rejected_old_vc,10682
3,monitor-only,154,vc_flat_outside,3306
3,monitor-only,155,LOW_uninformative,17
3,monitor-only,155,accepted_candidates,2318
3,monitor-only,155,always_S_frontier,1
3,monitor-only,155,dominated_at_same_g,1379
3,monitor-only,155,frontier,206
3,monitor-only,155,risk_rejected_flat,50
3,monitor-only,155,risk_rejected_old_vc,10693
3,monitor-only,155,vc_flat_outside,3306
3,monitor-only,156,LOW_uninformative,11
3,monitor-only,156,accepted_candidates,2303
3,monitor-only,156,always_S_frontier,1
3,monitor-only,156,dominated_at_same_g,1368
3,monitor-only,156,frontier,205
3,monitor-only,156,risk_rejected_flat,62
3,monitor-only,156,risk_rejected_old_vc,10702
3,monitor-only,156,vc_flat_outside,3306
3,monitor-only,157,LOW_uninformative,6
3,monitor-only,157,accepted_candidates,2288
3,monitor-only,157,always_S_frontier,1
3,monitor-only,157,dominated_at_same_g,1359
3,monitor-only,157,frontier,203
3,monitor-only,157,risk_rejected_flat,72
3,monitor-only,157,risk_rejected_old_vc,10712
3,monitor-only,157,vc_flat_outside,3306
3,monitor-only,158,LOW_uninformative,1
3,monitor-only,158,accepted_candidates,2273
3,monitor-only,158,always_S_frontier,1
3,monitor-only,158,dominated_at_same_g,1348
3,monitor-only,158,frontier,202
3,monitor-only,158,risk_rejected_flat,82
3,monitor-only,158,risk_rejected_old_vc,10722
3,monitor-only,158,vc_flat_outside,3306
3,monitor-only,159,accepted_candidates,2253
3,monitor-only,159,always_S_frontier,1
3,monitor-only,159,dominated_at_same_g,1333
3,monitor-only,159,frontier,201
3,monitor-only,159,risk_rejected_flat,92
3,monitor-only,159,risk_rejected_old_vc,10733
3,monitor-only,159,vc_flat_outside,3306
3,monitor-only,160,accepted_candidates,2234
3,monitor-only,160,always_S_frontier,1
3,monitor-only,160,dominated_at_same_g,1318
3,monitor-only,160,frontier,200
3,monitor-only,160,risk_rejected_flat,102
3,monitor-only,160,risk_rejected_old_vc,10742
3,monitor-only,160,vc_flat_outside,3306
3,monitor-only,161,accepted_candidates,2214
3,monitor-only,161,always_S_frontier,1
3,monitor-only,161,dominated_at_same_g,1303
3,monitor-only,161,frontier,198
3,monitor-only,161,risk_rejected_flat,112
3,monitor-only,161,risk_rejected_old_vc,10752
3,monitor-only,161,vc_flat_outside,3306
3,monitor-only,162,accepted_candidates,2195
3,monitor-only,162,always_S_frontier,1
3,monitor-only,162,dominated_at_same_g,1288
3,monitor-only,162,frontier,197
3,monitor-only,162,risk_rejected_flat,122
3,monitor-only,162,risk_rejected_old_vc,10761
3,monitor-only,162,vc_flat_outside,3306
3,monitor-only,163,accepted_candidates,2175
3,monitor-only,163,always_S_frontier,1
3,monitor-only,163,dominated_at_same_g,1273
3,monitor-only,163,frontier,196
3,monitor-only,163,risk_rejected_flat,132
3,monitor-only,163,risk_rejected_old_vc,10771
3,monitor-only,163,vc_flat_outside,3306
3,monitor-only,164,accepted_candidates,2156
3,monitor-only,164,always_S_frontier,1
3,monitor-only,164,dominated_at_same_g,1258
3,monitor-only,164,frontier,195
3,monitor-only,164,risk_rejected_flat,142
3,monitor-only,164,risk_rejected_old_vc,10780
3,monitor-only,164,vc_flat_outside,3306
3,monitor-only,165,accepted_candidates,2140
3,monitor-only,165,always_S_frontier,1
3,monitor-only,165,dominated_at_same_g,1246
3,monitor-only,165,frontier,194
3,monitor-only,165,risk_rejected_flat,150
3,monitor-only,165,risk_rejected_old_vc,10788
3,monitor-only,165,vc_flat_outside,3306
3,monitor-only,166,accepted_candidates,2119
3,monitor-only,166,always_S_frontier,1
3,monitor-only,166,dominated_at_same_g,1230
3,monitor-only,166,frontier,192
3,monitor-only,166,risk_rejected_flat,160
3,monitor-only,166,risk_rejected_old_vc,10799
3,monitor-only,166,vc_flat_outside,3306
3,monitor-only,167,accepted_candidates,2101
3,monitor-only,167,always_S_frontier,1
3,monitor-only,167,dominated_at_same_g,1216
3,monitor-only,167,frontier,191
3,monitor-only,167,risk_rejected_flat,170
3,monitor-only,167,risk_rejected_old_vc,10807
3,monitor-only,167,vc_flat_outside,3306
3,monitor-only,168,accepted_candidates,2084
3,monitor-only,168,always_S_frontier,1
3,monitor-only,168,dominated_at_same_g,1203
3,monitor-only,168,frontier,190
3,monitor-only,168,risk_rejected_flat,178
3,monitor-only,168,risk_rejected_old_vc,10816
3,monitor-only,168,vc_flat_outside,3306
3,monitor-only,169,accepted_candidates,2066
3,monitor-only,169,always_S_frontier,1
3,monitor-only,169,dominated_at_same_g,1189
3,monitor-only,169,frontier,189
3,monitor-only,169,risk_rejected_flat,188
3,monitor-only,169,risk_rejected_old_vc,10824
3,monitor-only,169,vc_flat_outside,3306
3,monitor-only,170,accepted_candidates,2048
3,monitor-only,170,always_S_frontier,1
3,monitor-only,170,dominated_at_same_g,1175
3,monitor-only,170,frontier,188
3,monitor-only,170,risk_rejected_flat,196
3,monitor-only,170,risk_rejected_old_vc,10834
3,monitor-only,170,vc_flat_outside,3306
3,monitor-only,171,accepted_candidates,2030
3,monitor-only,171,always_S_frontier,1
3,monitor-only,171,dominated_at_same_g,1161
3,monitor-only,171,frontier,187
3,monitor-only,171,risk_rejected_flat,206
3,monitor-only,171,risk_rejected_old_vc,10842
3,monitor-only,171,vc_flat_outside,3306
3,monitor-only,172,accepted_candidates,2013
3,monitor-only,172,always_S_frontier,1
3,monitor-only,172,dominated_at_same_g,1148
3,monitor-only,172,frontier,186
3,monitor-only,172,risk_rejected_flat,214
3,monitor-only,172,risk_rejected_old_vc,10851
3,monitor-only,172,vc_flat_outside,3306
3,monitor-only,173,accepted_candidates,1996
3,monitor-only,173,always_S_frontier,1
3,monitor-only,173,dominated_at_same_g,1134
3,monitor-only,173,frontier,185
3,monitor-only,173,risk_rejected_flat,224
3,monitor-only,173,risk_rejected_old_vc,10858
3,monitor-only,173,vc_flat_outside,3306
3,monitor-only,174,accepted_candidates,1980
3,monitor-only,174,always_S_frontier,1
3,monitor-only,174,dominated_at_same_g,1122
3,monitor-only,174,frontier,184
3,monitor-only,174,risk_rejected_flat,232
3,monitor-only,174,risk_rejected_old_vc,10866
3,monitor-only,174,vc_flat_outside,3306
3,monitor-only,175,accepted_candidates,1964
3,monitor-only,175,always_S_frontier,1
3,monitor-only,175,dominated_at_same_g,1110
3,monitor-only,175,frontier,183
3,monitor-only,175,risk_rejected_flat,240
3,monitor-only,175,risk_rejected_old_vc,10874
3,monitor-only,175,vc_flat_outside,3306
3,monitor-only,176,accepted_candidates,1946
3,monitor-only,176,always_S_frontier,1
3,monitor-only,176,dominated_at_same_g,1097
3,monitor-only,176,frontier,183
3,monitor-only,176,risk_rejected_flat,248
3,monitor-only,176,risk_rejected_old_vc,10884
3,monitor-only,176,vc_flat_outside,3306
3,monitor-only,177,accepted_candidates,1931
3,monitor-only,177,always_S_frontier,1
3,monitor-only,177,dominated_at_same_g,1085
3,monitor-only,177,frontier,183
3,monitor-only,177,risk_rejected_flat,256
3,monitor-only,177,risk_rejected_old_vc,10891
3,monitor-only,177,vc_flat_outside,3306
3,monitor-only,178,accepted_candidates,1914
3,monitor-only,178,always_S_frontier,1
3,monitor-only,178,dominated_at_same_g,1072
3,monitor-only,178,frontier,183
3,monitor-only,178,risk_rejected_flat,264
3,monitor-only,178,risk_rejected_old_vc,10900
3,monitor-only,178,vc_flat_outside,3306
3,monitor-only,179,accepted_candidates,1899
3,monitor-only,179,always_S_frontier,1
3,monitor-only,179,dominated_at_same_g,1061
3,monitor-only,179,frontier,183
3,monitor-only,179,risk_rejected_flat,272
3,monitor-only,179,risk_rejected_old_vc,10907
3,monitor-only,179,vc_flat_outside,3306
3,monitor-only,180,accepted_candidates,1883
3,monitor-only,180,always_S_frontier,1
3,monitor-only,180,dominated_at_same_g,1050
3,monitor-only,180,frontier,183
3,monitor-only,180,risk_rejected_flat,280
3,monitor-only,180,risk_rejected_old_vc,10915
3,monitor-only,180,vc_flat_outside,3306
3,monitor-only,181,accepted_candidates,1863
3,monitor-only,181,always_S_frontier,1
3,monitor-only,181,dominated_at_same_g,1036
3,monitor-only,181,frontier,183
3,monitor-only,181,risk_rejected_flat,288
3,monitor-only,181,risk_rejected_old_vc,10927
3,monitor-only,181,vc_flat_outside,3306
3,monitor-only,182,accepted_candidates,1844
3,monitor-only,182,always_S_frontier,1
3,monitor-only,182,dominated_at_same_g,1022
3,monitor-only,182,frontier,183
3,monitor-only,182,risk_rejected_flat,296
3,monitor-only,182,risk_rejected_old_vc,10938
3,monitor-only,182,vc_flat_outside,3306
3,monitor-only,183,accepted_candidates,1824
3,monitor-only,183,always_S_frontier,1
3,monitor-only,183,dominated_at_same_g,1008
3,monitor-only,183,frontier,183
3,monitor-only,183,risk_rejected_flat,304
3,monitor-only,183,risk_rejected_old_vc,10950
3,monitor-only,183,vc_flat_outside,3306
3,monitor-only,184,accepted_candidates,1801
3,monitor-only,184,always_S_frontier,1
3,monitor-only,184,dominated_at_same_g,991
3,monitor-only,184,frontier,183
3,monitor-only,184,risk_rejected_flat,312
3,monitor-only,184,risk_rejected_old_vc,10965
3,monitor-only,184,vc_flat_outside,3306
3,monitor-only,185,accepted_candidates,1778
3,monitor-only,185,always_S_frontier,1
3,monitor-only,185,dominated_at_same_g,974
3,monitor-only,185,frontier,183
3,monitor-only,185,risk_rejected_flat,320
3,monitor-only,185,risk_rejected_old_vc,10980
3,monitor-only,185,vc_flat_outside,3306
3,monitor-only,186,accepted_candidates,1759
3,monitor-only,186,always_S_frontier,1
3,monitor-only,186,dominated_at_same_g,961
3,monitor-only,186,frontier,183
3,monitor-only,186,risk_rejected_flat,326
3,monitor-only,186,risk_rejected_old_vc,10993
3,monitor-only,186,vc_flat_outside,3306
3,monitor-only,187,accepted_candidates,1736
3,monitor-only,187,always_S_frontier,1
3,monitor-only,187,dominated_at_same_g,944
3,monitor-only,187,frontier,183
3,monitor-only,187,risk_rejected_flat,334
3,monitor-only,187,risk_rejected_old_vc,11008
3,monitor-only,187,vc_flat_outside,3306
3,monitor-only,188,accepted_candidates,1713
3,monitor-only,188,always_S_frontier,1
3,monitor-only,188,dominated_at_same_g,927
3,monitor-only,188,frontier,183
3,monitor-only,188,risk_rejected_flat,342
3,monitor-only,188,risk_rejected_old_vc,11023
3,monitor-only,188,vc_flat_outside,3306
3,monitor-only,189,accepted_candidates,1694
3,monitor-only,189,always_S_frontier,1
3,monitor-only,189,dominated_at_same_g,914
3,monitor-only,189,frontier,182
3,monitor-only,189,risk_rejected_flat,348
3,monitor-only,189,risk_rejected_old_vc,11036
3,monitor-only,189,vc_flat_outside,3306
3,monitor-only,190,accepted_candidates,1668
3,monitor-only,190,always_S_frontier,1
3,monitor-only,190,dominated_at_same_g,894
3,monitor-only,190,frontier,182
3,monitor-only,190,risk_rejected_flat,356
3,monitor-only,190,risk_rejected_old_vc,11054
3,monitor-only,190,vc_flat_outside,3306
3,monitor-only,191,accepted_candidates,1642
3,monitor-only,191,always_S_frontier,1
3,monitor-only,191,dominated_at_same_g,873
3,monitor-only,191,frontier,182
3,monitor-only,191,risk_rejected_flat,364
3,monitor-only,191,risk_rejected_old_vc,11072
3,monitor-only,191,vc_flat_outside,3306
3,monitor-only,192,accepted_candidates,1622
3,monitor-only,192,always_S_frontier,1
3,monitor-only,192,dominated_at_same_g,858
3,monitor-only,192,frontier,182
3,monitor-only,192,risk_rejected_flat,370
3,monitor-only,192,risk_rejected_old_vc,11086
3,monitor-only,192,vc_flat_outside,3306
3,monitor-only,193,accepted_candidates,1597
3,monitor-only,193,always_S_frontier,1
3,monitor-only,193,dominated_at_same_g,838
3,monitor-only,193,frontier,182
3,monitor-only,193,risk_rejected_flat,378
3,monitor-only,193,risk_rejected_old_vc,11103
3,monitor-only,193,vc_flat_outside,3306
3,monitor-only,194,accepted_candidates,1577
3,monitor-only,194,always_S_frontier,1
3,monitor-only,194,dominated_at_same_g,823
3,monitor-only,194,frontier,182
3,monitor-only,194,risk_rejected_flat,384
3,monitor-only,194,risk_rejected_old_vc,11117
3,monitor-only,194,vc_flat_outside,3306
3,monitor-only,195,accepted_candidates,1557
3,monitor-only,195,always_S_frontier,1
3,monitor-only,195,dominated_at_same_g,808
3,monitor-only,195,frontier,182
3,monitor-only,195,risk_rejected_flat,390
3,monitor-only,195,risk_rejected_old_vc,11131
3,monitor-only,195,vc_flat_outside,3306
3,monitor-only,196,accepted_candidates,1531
3,monitor-only,196,always_S_frontier,1
3,monitor-only,196,dominated_at_same_g,788
3,monitor-only,196,frontier,182
3,monitor-only,196,risk_rejected_flat,398
3,monitor-only,196,risk_rejected_old_vc,11149
3,monitor-only,196,vc_flat_outside,3306
3,monitor-only,197,accepted_candidates,1511
3,monitor-only,197,always_S_frontier,1
3,monitor-only,197,dominated_at_same_g,773
3,monitor-only,197,frontier,182
3,monitor-only,197,risk_rejected_flat,404
3,monitor-only,197,risk_rejected_old_vc,11163
3,monitor-only,197,vc_flat_outside,3306
3,monitor-only,198,accepted_candidates,1490
3,monitor-only,198,always_S_frontier,1
3,monitor-only,198,dominated_at_same_g,758
3,monitor-only,198,frontier,182
3,monitor-only,198,risk_rejected_flat,410
3,monitor-only,198,risk_rejected_old_vc,11178
3,monitor-only,198,vc_flat_outside,3306
3,monitor-only,199,accepted_candidates,1462
3,monitor-only,199,always_S_frontier,1
3,monitor-only,199,dominated_at_same_g,738
3,monitor-only,199,frontier,182
3,monitor-only,199,risk_rejected_flat,418
3,monitor-only,199,risk_rejected_old_vc,11198
3,monitor-only,199,vc_flat_outside,3306
3,monitor-only,200,accepted_candidates,1440
3,monitor-only,200,always_S_frontier,1
3,monitor-only,200,dominated_at_same_g,723
3,monitor-only,200,frontier,182
3,monitor-only,200,risk_rejected_flat,424
3,monitor-only,200,risk_rejected_old_vc,11214
3,monitor-only,200,vc_flat_outside,3306
3,monitor-only,201,accepted_candidates,1418
3,monitor-only,201,always_S_frontier,1
3,monitor-only,201,dominated_at_same_g,711
3,monitor-only,201,frontier,179
3,monitor-only,201,risk_rejected_flat,430
3,monitor-only,201,risk_rejected_old_vc,11230
3,monitor-only,201,vc_flat_outside,3306
3,monitor-only,202,accepted_candidates,1396
3,monitor-only,202,always_S_frontier,1
3,monitor-only,202,dominated_at_same_g,699
3,monitor-only,202,frontier,176
3,monitor-only,202,risk_rejected_flat,436
3,monitor-only,202,risk_rejected_old_vc,11246
3,monitor-only,202,vc_flat_outside,3306
3,monitor-only,203,accepted_candidates,1374
3,monitor-only,203,always_S_frontier,1
3,monitor-only,203,dominated_at_same_g,687
3,monitor-only,203,frontier,173
3,monitor-only,203,risk_rejected_flat,442
3,monitor-only,203,risk_rejected_old_vc,11262
3,monitor-only,203,vc_flat_outside,3306
3,monitor-only,204,accepted_candidates,1353
3,monitor-only,204,always_S_frontier,1
3,monitor-only,204,dominated_at_same_g,675
3,monitor-only,204,frontier,170
3,monitor-only,204,risk_rejected_flat,448
3,monitor-only,204,risk_rejected_old_vc,11277
3,monitor-only,204,vc_flat_outside,3306
3,monitor-only,205,accepted_candidates,1324
3,monitor-only,205,always_S_frontier,1
3,monitor-only,205,dominated_at_same_g,659
3,monitor-only,205,frontier,166
3,monitor-only,205,risk_rejected_flat,456
3,monitor-only,205,risk_rejected_old_vc,11298
3,monitor-only,205,vc_flat_outside,3306
3,monitor-only,206,accepted_candidates,1302
3,monitor-only,206,always_S_frontier,1
3,monitor-only,206,dominated_at_same_g,647
3,monitor-only,206,frontier,163
3,monitor-only,206,risk_rejected_flat,462
3,monitor-only,206,risk_rejected_old_vc,11314
3,monitor-only,206,vc_flat_outside,3306
3,monitor-only,207,accepted_candidates,1280
3,monitor-only,207,always_S_frontier,1
3,monitor-only,207,dominated_at_same_g,635
3,monitor-only,207,frontier,160
3,monitor-only,207,risk_rejected_flat,468
3,monitor-only,207,risk_rejected_old_vc,11330
3,monitor-only,207,vc_flat_outside,3306
3,monitor-only,208,accepted_candidates,1259
3,monitor-only,208,always_S_frontier,1
3,monitor-only,208,dominated_at_same_g,623
3,monitor-only,208,frontier,157
3,monitor-only,208,risk_rejected_flat,474
3,monitor-only,208,risk_rejected_old_vc,11345
3,monitor-only,208,vc_flat_outside,3306
3,monitor-only,209,accepted_candidates,1237
3,monitor-only,209,always_S_frontier,1
3,monitor-only,209,dominated_at_same_g,611
3,monitor-only,209,frontier,154
3,monitor-only,209,risk_rejected_flat,480
3,monitor-only,209,risk_rejected_old_vc,11361
3,monitor-only,209,vc_flat_outside,3306
3,monitor-only,210,accepted_candidates,1222
3,monitor-only,210,always_S_frontier,1
3,monitor-only,210,dominated_at_same_g,603
3,monitor-only,210,frontier,152
3,monitor-only,210,risk_rejected_flat,484
3,monitor-only,210,risk_rejected_old_vc,11372
3,monitor-only,210,vc_flat_outside,3306
3,monitor-only,211,accepted_candidates,1200
3,monitor-only,211,always_S_frontier,1
3,monitor-only,211,dominated_at_same_g,591
3,monitor-only,211,frontier,149
3,monitor-only,211,risk_rejected_flat,490
3,monitor-only,211,risk_rejected_old_vc,11388
3,monitor-only,211,vc_flat_outside,3306
3,monitor-only,212,accepted_candidates,1176
3,monitor-only,212,always_S_frontier,1
3,monitor-only,212,dominated_at_same_g,579
3,monitor-only,212,frontier,146
3,monitor-only,212,risk_rejected_flat,496
3,monitor-only,212,risk_rejected_old_vc,11406
3,monitor-only,212,vc_flat_outside,3306
3,monitor-only,213,accepted_candidates,1152
3,monitor-only,213,always_S_frontier,1
3,monitor-only,213,dominated_at_same_g,567
3,monitor-only,213,frontier,143
3,monitor-only,213,risk_rejected_flat,502
3,monitor-only,213,risk_rejected_old_vc,11424
3,monitor-only,213,vc_flat_outside,3306
3,monitor-only,214,accepted_candidates,1128
3,monitor-only,214,always_S_frontier,1
3,monitor-only,214,dominated_at_same_g,555
3,monitor-only,214,frontier,140
3,monitor-only,214,risk_rejected_flat,508
3,monitor-only,214,risk_rejected_old_vc,11442
3,monitor-only,214,vc_flat_outside,3306
3,monitor-only,215,accepted_candidates,1104
3,monitor-only,215,always_S_frontier,1
3,monitor-only,215,dominated_at_same_g,543
3,monitor-only,215,frontier,137
3,monitor-only,215,risk_rejected_flat,514
3,monitor-only,215,risk_rejected_old_vc,11460
3,monitor-only,215,vc_flat_outside,3306
3,monitor-only,216,accepted_candidates,1088
3,monitor-only,216,always_S_frontier,1
3,monitor-only,216,dominated_at_same_g,535
3,monitor-only,216,frontier,135
3,monitor-only,216,risk_rejected_flat,518
3,monitor-only,216,risk_rejected_old_vc,11472
3,monitor-only,216,vc_flat_outside,3306
3,monitor-only,217,accepted_candidates,1064
3,monitor-only,217,always_S_frontier,1
3,monitor-only,217,dominated_at_same_g,523
3,monitor-only,217,frontier,132
3,monitor-only,217,risk_rejected_flat,524
3,monitor-only,217,risk_rejected_old_vc,11490
3,monitor-only,217,vc_flat_outside,3306
3,monitor-only,218,accepted_candidates,1040
3,monitor-only,218,always_S_frontier,1
3,monitor-only,218,dominated_at_same_g,511
3,monitor-only,218,frontier,129
3,monitor-only,218,risk_rejected_flat,530
3,monitor-only,218,risk_rejected_old_vc,11508
3,monitor-only,218,vc_flat_outside,3306
3,monitor-only,219,accepted_candidates,1016
3,monitor-only,219,always_S_frontier,1
3,monitor-only,219,dominated_at_same_g,499
3,monitor-only,219,frontier,126
3,monitor-only,219,risk_rejected_flat,536
3,monitor-only,219,risk_rejected_old_vc,11526
3,monitor-only,219,vc_flat_outside,3306
3,monitor-only,220,accepted_candidates,1000
3,monitor-only,220,always_S_frontier,1
3,monitor-only,220,dominated_at_same_g,491
3,monitor-only,220,frontier,124
3,monitor-only,220,risk_rejected_flat,540
3,monitor-only,220,risk_rejected_old_vc,11538
3,monitor-only,220,vc_flat_outside,3306
3,monitor-only,221,accepted_candidates,976
3,monitor-only,221,always_S_frontier,1
3,monitor-only,221,dominated_at_same_g,479
3,monitor-only,221,frontier,121
3,monitor-only,221,risk_rejected_flat,546
3,monitor-only,221,risk_rejected_old_vc,11556
3,monitor-only,221,vc_flat_outside,3306
3,monitor-only,222,accepted_candidates,952
3,monitor-only,222,always_S_frontier,1
3,monitor-only,222,dominated_at_same_g,467
3,monitor-only,222,frontier,118
3,monitor-only,222,risk_rejected_flat,552
3,monitor-only,222,risk_rejected_old_vc,11574
3,monitor-only,222,vc_flat_outside,3306
3,monitor-only,223,accepted_candidates,936
3,monitor-only,223,always_S_frontier,1
3,monitor-only,223,dominated_at_same_g,459
3,monitor-only,223,frontier,116
3,monitor-only,223,risk_rejected_flat,556
3,monitor-only,223,risk_rejected_old_vc,11586
3,monitor-only,223,vc_flat_outside,3306
3,monitor-only,224,accepted_candidates,912
3,monitor-only,224,always_S_frontier,1
3,monitor-only,224,dominated_at_same_g,447
3,monitor-only,224,frontier,113
3,monitor-only,224,risk_rejected_flat,562
3,monitor-only,224,risk_rejected_old_vc,11604
3,monitor-only,224,vc_flat_outside,3306
3,monitor-only,225,accepted_candidates,896
3,monitor-only,225,always_S_frontier,1
3,monitor-only,225,dominated_at_same_g,439
3,monitor-only,225,frontier,111
3,monitor-only,225,risk_rejected_flat,566
3,monitor-only,225,risk_rejected_old_vc,11616
3,monitor-only,225,vc_flat_outside,3306
3,monitor-only,226,accepted_candidates,872
3,monitor-only,226,always_S_frontier,1
3,monitor-only,226,dominated_at_same_g,427
3,monitor-only,226,frontier,108
3,monitor-only,226,risk_rejected_flat,572
3,monitor-only,226,risk_rejected_old_vc,11634
3,monitor-only,226,vc_flat_outside,3306
3,monitor-only,227,accepted_candidates,856
3,monitor-only,227,always_S_frontier,1
3,monitor-only,227,dominated_at_same_g,419
3,monitor-only,227,frontier,106
3,monitor-only,227,risk_rejected_flat,576
3,monitor-only,227,risk_rejected_old_vc,11646
3,monitor-only,227,vc_flat_outside,3306
3,monitor-only,228,accepted_candidates,832
3,monitor-only,228,always_S_frontier,1
3,monitor-only,228,dominated_at_same_g,407
3,monitor-only,228,frontier,103
3,monitor-only,228,risk_rejected_flat,582
3,monitor-only,228,risk_rejected_old_vc,11664
3,monitor-only,228,vc_flat_outside,3306
3,monitor-only,229,accepted_candidates,816
3,monitor-only,229,always_S_frontier,1
3,monitor-only,229,dominated_at_same_g,399
3,monitor-only,229,frontier,101
3,monitor-only,229,risk_rejected_flat,586
3,monitor-only,229,risk_rejected_old_vc,11676
3,monitor-only,229,vc_flat_outside,3306
3,monitor-only,230,accepted_candidates,792
3,monitor-only,230,always_S_frontier,1
3,monitor-only,230,dominated_at_same_g,387
3,monitor-only,230,frontier,98
3,monitor-only,230,risk_rejected_flat,592
3,monitor-only,230,risk_rejected_old_vc,11694
3,monitor-only,230,vc_flat_outside,3306
3,monitor-only,231,accepted_candidates,776
3,monitor-only,231,always_S_frontier,1
3,monitor-only,231,dominated_at_same_g,379
3,monitor-only,231,frontier,96
3,monitor-only,231,risk_rejected_flat,596
3,monitor-only,231,risk_rejected_old_vc,11706
3,monitor-only,231,vc_flat_outside,3306
3,monitor-only,232,accepted_candidates,760
3,monitor-only,232,always_S_frontier,1
3,monitor-only,232,dominated_at_same_g,371
3,monitor-only,232,frontier,94
3,monitor-only,232,risk_rejected_flat,600
3,monitor-only,232,risk_rejected_old_vc,11718
3,monitor-only,232,vc_flat_outside,3306
3,monitor-only,233,accepted_candidates,736
3,monitor-only,233,always_S_frontier,1
3,monitor-only,233,dominated_at_same_g,360
3,monitor-only,233,frontier,91
3,monitor-only,233,risk_rejected_flat,606
3,monitor-only,233,risk_rejected_old_vc,11736
3,monitor-only,233,vc_flat_outside,3306
3,monitor-only,234,accepted_candidates,720
3,monitor-only,234,always_S_frontier,1
3,monitor-only,234,dominated_at_same_g,354
3,monitor-only,234,frontier,89
3,monitor-only,234,risk_rejected_flat,610
3,monitor-only,234,risk_rejected_old_vc,11748
3,monitor-only,234,vc_flat_outside,3306
3,monitor-only,235,accepted_candidates,696
3,monitor-only,235,always_S_frontier,1
3,monitor-only,235,dominated_at_same_g,345
3,monitor-only,235,frontier,86
3,monitor-only,235,risk_rejected_flat,616
3,monitor-only,235,risk_rejected_old_vc,11766
3,monitor-only,235,vc_flat_outside,3306
3,monitor-only,236,accepted_candidates,680
3,monitor-only,236,always_S_frontier,1
3,monitor-only,236,dominated_at_same_g,339
3,monitor-only,236,frontier,84
3,monitor-only,236,risk_rejected_flat,620
3,monitor-only,236,risk_rejected_old_vc,11778
3,monitor-only,236,vc_flat_outside,3306
3,monitor-only,237,accepted_candidates,664
3,monitor-only,237,always_S_frontier,1
3,monitor-only,237,dominated_at_same_g,332
3,monitor-only,237,frontier,82
3,monitor-only,237,risk_rejected_flat,624
3,monitor-only,237,risk_rejected_old_vc,11790
3,monitor-only,237,vc_flat_outside,3306
3,monitor-only,238,accepted_candidates,648
3,monitor-only,238,always_S_frontier,1
3,monitor-only,238,dominated_at_same_g,324
3,monitor-only,238,frontier,80
3,monitor-only,238,risk_rejected_flat,628
3,monitor-only,238,risk_rejected_old_vc,11802
3,monitor-only,238,vc_flat_outside,3306
3,monitor-only,239,accepted_candidates,624
3,monitor-only,239,always_S_frontier,1
3,monitor-only,239,dominated_at_same_g,312
3,monitor-only,239,frontier,77
3,monitor-only,239,risk_rejected_flat,634
3,monitor-only,239,risk_rejected_old_vc,11820
3,monitor-only,239,vc_flat_outside,3306
3,monitor-only,240,accepted_candidates,608
3,monitor-only,240,always_S_frontier,1
3,monitor-only,240,dominated_at_same_g,304
3,monitor-only,240,frontier,75
3,monitor-only,240,risk_rejected_flat,638
3,monitor-only,240,risk_rejected_old_vc,11832
3,monitor-only,240,vc_flat_outside,3306
3,monitor-only,241,accepted_candidates,592
3,monitor-only,241,always_S_frontier,1
3,monitor-only,241,dominated_at_same_g,296
3,monitor-only,241,frontier,73
3,monitor-only,241,risk_rejected_flat,642
3,monitor-only,241,risk_rejected_old_vc,11844
3,monitor-only,241,vc_flat_outside,3306
3,monitor-only,242,accepted_candidates,576
3,monitor-only,242,always_S_frontier,1
3,monitor-only,242,dominated_at_same_g,288
3,monitor-only,242,frontier,71
3,monitor-only,242,risk_rejected_flat,646
3,monitor-only,242,risk_rejected_old_vc,11856
3,monitor-only,242,vc_flat_outside,3306
3,monitor-only,243,accepted_candidates,552
3,monitor-only,243,always_S_frontier,1
3,monitor-only,243,dominated_at_same_g,276
3,monitor-only,243,frontier,68
3,monitor-only,243,risk_rejected_flat,652
3,monitor-only,243,risk_rejected_old_vc,11874
3,monitor-only,243,vc_flat_outside,3306
3,monitor-only,244,accepted_candidates,536
3,monitor-only,244,always_S_frontier,1
3,monitor-only,244,dominated_at_same_g,268
3,monitor-only,244,frontier,66
3,monitor-only,244,risk_rejected_flat,656
3,monitor-only,244,risk_rejected_old_vc,11886
3,monitor-only,244,vc_flat_outside,3306
3,monitor-only,245,accepted_candidates,520
3,monitor-only,245,always_S_frontier,1
3,monitor-only,245,dominated_at_same_g,260
3,monitor-only,245,frontier,64
3,monitor-only,245,risk_rejected_flat,660
3,monitor-only,245,risk_rejected_old_vc,11898
3,monitor-only,245,vc_flat_outside,3306
3,monitor-only,246,accepted_candidates,504
3,monitor-only,246,always_S_frontier,1
3,monitor-only,246,dominated_at_same_g,252
3,monitor-only,246,frontier,62
3,monitor-only,246,risk_rejected_flat,664
3,monitor-only,246,risk_rejected_old_vc,11910
3,monitor-only,246,vc_flat_outside,3306
3,monitor-only,247,accepted_candidates,488
3,monitor-only,247,always_S_frontier,1
3,monitor-only,247,dominated_at_same_g,244
3,monitor-only,247,frontier,60
3,monitor-only,247,risk_rejected_flat,668
3,monitor-only,247,risk_rejected_old_vc,11922
3,monitor-only,247,vc_flat_outside,3306
3,monitor-only,248,accepted_candidates,472
3,monitor-only,248,always_S_frontier,1
3,monitor-only,248,dominated_at_same_g,236
3,monitor-only,248,frontier,58
3,monitor-only,248,risk_rejected_flat,672
3,monitor-only,248,risk_rejected_old_vc,11934
3,monitor-only,248,vc_flat_outside,3306
3,monitor-only,249,accepted_candidates,456
3,monitor-only,249,always_S_frontier,1
3,monitor-only,249,dominated_at_same_g,228
3,monitor-only,249,frontier,56
3,monitor-only,249,risk_rejected_flat,676
3,monitor-only,249,risk_rejected_old_vc,11946
3,monitor-only,249,vc_flat_outside,3306
3,monitor-only,250,accepted_candidates,440
3,monitor-only,250,always_S_frontier,1
3,monitor-only,250,dominated_at_same_g,220
3,monitor-only,250,frontier,54
3,monitor-only,250,risk_rejected_flat,680
3,monitor-only,250,risk_rejected_old_vc,11958
3,monitor-only,250,vc_flat_outside,3306
3,monitor-only,251,accepted_candidates,424
3,monitor-only,251,always_S_frontier,1
3,monitor-only,251,dominated_at_same_g,212
3,monitor-only,251,frontier,52
3,monitor-only,251,risk_rejected_flat,684
3,monitor-only,251,risk_rejected_old_vc,11970
3,monitor-only,251,vc_flat_outside,3306
3,monitor-only,252,accepted_candidates,408
3,monitor-only,252,always_S_frontier,1
3,monitor-only,252,dominated_at_same_g,204
3,monitor-only,252,frontier,50
3,monitor-only,252,risk_rejected_flat,688
3,monitor-only,252,risk_rejected_old_vc,11982
3,monitor-only,252,vc_flat_outside,3306
3,monitor-only,253,accepted_candidates,392
3,monitor-only,253,always_S_frontier,1
3,monitor-only,253,dominated_at_same_g,196
3,monitor-only,253,frontier,48
3,monitor-only,253,risk_rejected_flat,692
3,monitor-only,253,risk_rejected_old_vc,11994
3,monitor-only,253,vc_flat_outside,3306
3,monitor-only,254,accepted_candidates,376
3,monitor-only,254,always_S_frontier,1
3,monitor-only,254,dominated_at_same_g,188
3,monitor-only,254,frontier,46
3,monitor-only,254,risk_rejected_flat,696
3,monitor-only,254,risk_rejected_old_vc,12006
3,monitor-only,254,vc_flat_outside,3306
3,monitor-only,255,accepted_candidates,360
3,monitor-only,255,always_S_frontier,1
3,monitor-only,255,dominated_at_same_g,180
3,monitor-only,255,frontier,44
3,monitor-only,255,risk_rejected_flat,700
3,monitor-only,255,risk_rejected_old_vc,12018
3,monitor-only,255,vc_flat_outside,3306
3,monitor-only,256,accepted_candidates,344
3,monitor-only,256,always_S_frontier,1
3,monitor-only,256,dominated_at_same_g,172
3,monitor-only,256,frontier,42
3,monitor-only,256,risk_rejected_flat,704
3,monitor-only,256,risk_rejected_old_vc,12030
3,monitor-only,256,vc_flat_outside,3306
3,monitor-only,257,accepted_candidates,328
3,monitor-only,257,always_S_frontier,1
3,monitor-only,257,dominated_at_same_g,164
3,monitor-only,257,frontier,40
3,monitor-only,257,risk_rejected_flat,708
3,monitor-only,257,risk_rejected_old_vc,12042
3,monitor-only,257,vc_flat_outside,3306
3,monitor-only,258,accepted_candidates,312
3,monitor-only,258,always_S_frontier,1
3,monitor-only,258,dominated_at_same_g,156
3,monitor-only,258,frontier,38
3,monitor-only,258,risk_rejected_flat,712
3,monitor-only,258,risk_rejected_old_vc,12054
3,monitor-only,258,vc_flat_outside,3306
3,monitor-only,259,accepted_candidates,296
3,monitor-only,259,always_S_frontier,1
3,monitor-only,259,dominated_at_same_g,148
3,monitor-only,259,frontier,36
3,monitor-only,259,risk_rejected_flat,716
3,monitor-only,259,risk_rejected_old_vc,12066
3,monitor-only,259,vc_flat_outside,3306
3,monitor-only,260,accepted_candidates,280
3,monitor-only,260,always_S_frontier,1
3,monitor-only,260,dominated_at_same_g,140
3,monitor-only,260,frontier,34
3,monitor-only,260,risk_rejected_flat,720
3,monitor-only,260,risk_rejected_old_vc,12078
3,monitor-only,260,vc_flat_outside,3306
3,monitor-only,261,accepted_candidates,264
3,monitor-only,261,always_S_frontier,1
3,monitor-only,261,dominated_at_same_g,132
3,monitor-only,261,frontier,32
3,monitor-only,261,risk_rejected_flat,724
3,monitor-only,261,risk_rejected_old_vc,12090
3,monitor-only,261,vc_flat_outside,3306
3,monitor-only,262,accepted_candidates,248
3,monitor-only,262,always_S_frontier,1
3,monitor-only,262,dominated_at_same_g,124
3,monitor-only,262,frontier,30
3,monitor-only,262,risk_rejected_flat,728
3,monitor-only,262,risk_rejected_old_vc,12102
3,monitor-only,262,vc_flat_outside,3306
3,monitor-only,263,accepted_candidates,232
3,monitor-only,263,always_S_frontier,1
3,monitor-only,263,dominated_at_same_g,116
3,monitor-only,263,frontier,28
3,monitor-only,263,risk_rejected_flat,732
3,monitor-only,263,risk_rejected_old_vc,12114
3,monitor-only,263,vc_flat_outside,3306
3,monitor-only,264,accepted_candidates,216
3,monitor-only,264,always_S_frontier,1
3,monitor-only,264,dominated_at_same_g,108
3,monitor-only,264,frontier,26
3,monitor-only,264,risk_rejected_flat,736
3,monitor-only,264,risk_rejected_old_vc,12126
3,monitor-only,264,vc_flat_outside,3306
3,monitor-only,265,accepted_candidates,208
3,monitor-only,265,always_S_frontier,1
3,monitor-only,265,dominated_at_same_g,104
3,monitor-only,265,frontier,25
3,monitor-only,265,risk_rejected_flat,738
3,monitor-only,265,risk_rejected_old_vc,12132
3,monitor-only,265,vc_flat_outside,3306
3,monitor-only,266,accepted_candidates,192
3,monitor-only,266,always_S_frontier,1
3,monitor-only,266,dominated_at_same_g,96
3,monitor-only,266,frontier,23
3,monitor-only,266,risk_rejected_flat,742
3,monitor-only,266,risk_rejected_old_vc,12144
3,monitor-only,266,vc_flat_outside,3306
3,monitor-only,267,accepted_candidates,176
3,monitor-only,267,always_S_frontier,1
3,monitor-only,267,dominated_at_same_g,88
3,monitor-only,267,frontier,21
3,monitor-only,267,risk_rejected_flat,746
3,monitor-only,267,risk_rejected_old_vc,12156
3,monitor-only,267,vc_flat_outside,3306
3,monitor-only,268,accepted_candidates,160
3,monitor-only,268,always_S_frontier,1
3,monitor-only,268,dominated_at_same_g,80
3,monitor-only,268,frontier,19
3,monitor-only,268,risk_rejected_flat,750
3,monitor-only,268,risk_rejected_old_vc,12168
3,monitor-only,268,vc_flat_outside,3306
3,monitor-only,269,accepted_candidates,144
3,monitor-only,269,always_S_frontier,1
3,monitor-only,269,dominated_at_same_g,72
3,monitor-only,269,frontier,17
3,monitor-only,269,risk_rejected_flat,754
3,monitor-only,269,risk_rejected_old_vc,12180
3,monitor-only,269,vc_flat_outside,3306
3,monitor-only,270,accepted_candidates,136
3,monitor-only,270,always_S_frontier,1
3,monitor-only,270,dominated_at_same_g,68
3,monitor-only,270,frontier,16
3,monitor-only,270,risk_rejected_flat,756
3,monitor-only,270,risk_rejected_old_vc,12186
3,monitor-only,270,vc_flat_outside,3306
3,monitor-only,271,accepted_candidates,120
3,monitor-only,271,always_S_frontier,1
3,monitor-only,271,dominated_at_same_g,60
3,monitor-only,271,frontier,14
3,monitor-only,271,risk_rejected_flat,760
3,monitor-only,271,risk_rejected_old_vc,12198
3,monitor-only,271,vc_flat_outside,3306
3,monitor-only,272,accepted_candidates,104
3,monitor-only,272,always_S_frontier,1
3,monitor-only,272,dominated_at_same_g,52
3,monitor-only,272,frontier,12
3,monitor-only,272,risk_rejected_flat,764
3,monitor-only,272,risk_rejected_old_vc,12210
3,monitor-only,272,vc_flat_outside,3306
3,monitor-only,273,accepted_candidates,88
3,monitor-only,273,always_S_frontier,1
3,monitor-only,273,dominated_at_same_g,44
3,monitor-only,273,frontier,10
3,monitor-only,273,risk_rejected_flat,768
3,monitor-only,273,risk_rejected_old_vc,12222
3,monitor-only,273,vc_flat_outside,3306
3,monitor-only,274,accepted_candidates,80
3,monitor-only,274,always_S_frontier,1
3,monitor-only,274,dominated_at_same_g,40
3,monitor-only,274,frontier,9
3,monitor-only,274,risk_rejected_flat,770
3,monitor-only,274,risk_rejected_old_vc,12228
3,monitor-only,274,vc_flat_outside,3306
3,monitor-only,275,accepted_candidates,64
3,monitor-only,275,always_S_frontier,1
3,monitor-only,275,dominated_at_same_g,32
3,monitor-only,275,frontier,7
3,monitor-only,275,risk_rejected_flat,774
3,monitor-only,275,risk_rejected_old_vc,12240
3,monitor-only,275,vc_flat_outside,3306
3,monitor-only,276,accepted_candidates,48
3,monitor-only,276,always_S_frontier,1
3,monitor-only,276,dominated_at_same_g,24
3,monitor-only,276,frontier,5
3,monitor-only,276,risk_rejected_flat,778
3,monitor-only,276,risk_rejected_old_vc,12252
3,monitor-only,276,vc_flat_outside,3306
3,monitor-only,277,accepted_candidates,32
3,monitor-only,277,always_S_frontier,1
3,monitor-only,277,dominated_at_same_g,16
3,monitor-only,277,frontier,3
3,monitor-only,277,risk_rejected_flat,782
3,monitor-only,277,risk_rejected_old_vc,12264
3,monitor-only,277,vc_flat_outside,3306
3,monitor-only,278,accepted_candidates,24
3,monitor-only,278,always_S_frontier,1
3,monitor-only,278,dominated_at_same_g,12
3,monitor-only,278,frontier,2
3,monitor-only,278,risk_rejected_flat,784
3,monitor-only,278,risk_rejected_old_vc,12270
3,monitor-only,278,vc_flat_outside,3306
3,monitor-only,279,accepted_candidates,8
3,monitor-only,279,always_S_frontier,1
3,monitor-only,279,dominated_at_same_g,4
3,monitor-only,279,frontier,0
3,monitor-only,279,risk_rejected_flat,788
3,monitor-only,279,risk_rejected_old_vc,12282
3,monitor-only,279,vc_flat_outside,3306
3,ERR-only,131,ERR_pair_risk,19
3,ERR-only,131,accepted_candidates,51
3,ERR-only,131,all_h_E1_expression_lower_reject,2041
3,ERR-only,131,always_S_frontier,1
3,ERR-only,131,dominated_at_same_g,33
3,ERR-only,131,frontier,14
3,ERR-only,132,ERR_pair_risk,24
3,ERR-only,132,accepted_candidates,46
3,ERR-only,132,all_h_E1_expression_lower_reject,2041
3,ERR-only,132,always_S_frontier,1
3,ERR-only,132,dominated_at_same_g,29
3,ERR-only,132,frontier,13
3,ERR-only,133,ERR_pair_risk,24
3,ERR-only,133,accepted_candidates,46
3,ERR-only,133,all_h_E1_expression_lower_reject,2041
3,ERR-only,133,always_S_frontier,1
3,ERR-only,133,dominated_at_same_g,29
3,ERR-only,133,frontier,13
3,ERR-only,134,ERR_pair_risk,24
3,ERR-only,134,accepted_candidates,46
3,ERR-only,134,all_h_E1_expression_lower_reject,2041
3,ERR-only,134,always_S_frontier,1
3,ERR-only,134,dominated_at_same_g,29
3,ERR-only,134,frontier,13
3,ERR-only,135,ERR_pair_risk,15
3,ERR-only,135,accepted_candidates,45
3,ERR-only,135,all_h_E1_expression_lower_reject,2042
3,ERR-only,135,always_S_frontier,1
3,ERR-only,135,dominated_at_same_g,29
3,ERR-only,135,frontier,13
3,ERR-only,136,ERR_pair_risk,15
3,ERR-only,136,accepted_candidates,45
3,ERR-only,136,all_h_E1_expression_lower_reject,2042
3,ERR-only,136,always_S_frontier,1
3,ERR-only,136,dominated_at_same_g,29
3,ERR-only,136,frontier,13
3,ERR-only,137,ERR_pair_risk,15
3,ERR-only,137,accepted_candidates,45
3,ERR-only,137,all_h_E1_expression_lower_reject,2042
3,ERR-only,137,always_S_frontier,1
3,ERR-only,137,dominated_at_same_g,29
3,ERR-only,137,frontier,13
3,ERR-only,138,ERR_pair_risk,15
3,ERR-only,138,accepted_candidates,45
3,ERR-only,138,all_h_E1_expression_lower_reject,2042
3,ERR-only,138,always_S_frontier,1
3,ERR-only,138,dominated_at_same_g,29
3,ERR-only,138,frontier,13
3,ERR-only,139,ERR_pair_risk,15
3,ERR-only,139,accepted_candidates,45
3,ERR-only,139,all_h_E1_expression_lower_reject,2042
3,ERR-only,139,always_S_frontier,1
3,ERR-only,139,dominated_at_same_g,29
3,ERR-only,139,frontier,13
3,ERR-only,140,ERR_pair_risk,15
3,ERR-only,140,accepted_candidates,45
3,ERR-only,140,all_h_E1_expression_lower_reject,2042
3,ERR-only,140,always_S_frontier,1
3,ERR-only,140,dominated_at_same_g,29
3,ERR-only,140,frontier,13
3,ERR-only,141,ERR_pair_risk,17
3,ERR-only,141,accepted_candidates,43
3,ERR-only,141,all_h_E1_expression_lower_reject,2042
3,ERR-only,141,always_S_frontier,1
3,ERR-only,141,dominated_at_same_g,29
3,ERR-only,141,frontier,12
3,ERR-only,142,ERR_pair_risk,17
3,ERR-only,142,accepted_candidates,43
3,ERR-only,142,all_h_E1_expression_lower_reject,2042
3,ERR-only,142,always_S_frontier,1
3,ERR-only,142,dominated_at_same_g,29
3,ERR-only,142,frontier,12
3,ERR-only,143,ERR_pair_risk,17
3,ERR-only,143,accepted_candidates,43
3,ERR-only,143,all_h_E1_expression_lower_reject,2042
3,ERR-only,143,always_S_frontier,1
3,ERR-only,143,dominated_at_same_g,29
3,ERR-only,143,frontier,12
3,ERR-only,144,ERR_pair_risk,22
3,ERR-only,144,accepted_candidates,38
3,ERR-only,144,all_h_E1_expression_lower_reject,2042
3,ERR-only,144,always_S_frontier,1
3,ERR-only,144,dominated_at_same_g,25
3,ERR-only,144,frontier,11
3,ERR-only,145,ERR_pair_risk,22
3,ERR-only,145,accepted_candidates,38
3,ERR-only,145,all_h_E1_expression_lower_reject,2042
3,ERR-only,145,always_S_frontier,1
3,ERR-only,145,dominated_at_same_g,25
3,ERR-only,145,frontier,11
3,ERR-only,146,ERR_pair_risk,22
3,ERR-only,146,accepted_candidates,38
3,ERR-only,146,all_h_E1_expression_lower_reject,2042
3,ERR-only,146,always_S_frontier,1
3,ERR-only,146,dominated_at_same_g,25
3,ERR-only,146,frontier,11
3,ERR-only,147,ERR_pair_risk,12
3,ERR-only,147,accepted_candidates,38
3,ERR-only,147,all_h_E1_expression_lower_reject,2043
3,ERR-only,147,always_S_frontier,1
3,ERR-only,147,dominated_at_same_g,25
3,ERR-only,147,frontier,11
3,ERR-only,148,ERR_pair_risk,12
3,ERR-only,148,accepted_candidates,38
3,ERR-only,148,all_h_E1_expression_lower_reject,2043
3,ERR-only,148,always_S_frontier,1
3,ERR-only,148,dominated_at_same_g,25
3,ERR-only,148,frontier,11
3,ERR-only,149,ERR_pair_risk,12
3,ERR-only,149,accepted_candidates,38
3,ERR-only,149,all_h_E1_expression_lower_reject,2043
3,ERR-only,149,always_S_frontier,1
3,ERR-only,149,dominated_at_same_g,25
3,ERR-only,149,frontier,11
3,ERR-only,150,ERR_pair_risk,12
3,ERR-only,150,accepted_candidates,38
3,ERR-only,150,all_h_E1_expression_lower_reject,2043
3,ERR-only,150,always_S_frontier,1
3,ERR-only,150,dominated_at_same_g,25
3,ERR-only,150,frontier,11
3,ERR-only,151,ERR_pair_risk,12
3,ERR-only,151,accepted_candidates,38
3,ERR-only,151,all_h_E1_expression_lower_reject,2043
3,ERR-only,151,always_S_frontier,1
3,ERR-only,151,dominated_at_same_g,25
3,ERR-only,151,frontier,11
3,ERR-only,152,ERR_pair_risk,12
3,ERR-only,152,accepted_candidates,38
3,ERR-only,152,all_h_E1_expression_lower_reject,2043
3,ERR-only,152,always_S_frontier,1
3,ERR-only,152,dominated_at_same_g,25
3,ERR-only,152,frontier,11
3,ERR-only,153,ERR_pair_risk,12
3,ERR-only,153,accepted_candidates,38
3,ERR-only,153,all_h_E1_expression_lower_reject,2043
3,ERR-only,153,always_S_frontier,1
3,ERR-only,153,dominated_at_same_g,25
3,ERR-only,153,frontier,11
3,ERR-only,154,ERR_pair_risk,12
3,ERR-only,154,accepted_candidates,38
3,ERR-only,154,all_h_E1_expression_lower_reject,2043
3,ERR-only,154,always_S_frontier,1
3,ERR-only,154,dominated_at_same_g,25
3,ERR-only,154,frontier,11
3,ERR-only,155,ERR_pair_risk,13
3,ERR-only,155,accepted_candidates,37
3,ERR-only,155,all_h_E1_expression_lower_reject,2043
3,ERR-only,155,always_S_frontier,1
3,ERR-only,155,dominated_at_same_g,25
3,ERR-only,155,frontier,10
3,ERR-only,156,ERR_pair_risk,13
3,ERR-only,156,accepted_candidates,37
3,ERR-only,156,all_h_E1_expression_lower_reject,2043
3,ERR-only,156,always_S_frontier,1
3,ERR-only,156,dominated_at_same_g,25
3,ERR-only,156,frontier,10
3,ERR-only,157,ERR_pair_risk,13
3,ERR-only,157,accepted_candidates,37
3,ERR-only,157,all_h_E1_expression_lower_reject,2043
3,ERR-only,157,always_S_frontier,1
3,ERR-only,157,dominated_at_same_g,25
3,ERR-only,157,frontier,10
3,ERR-only,158,ERR_pair_risk,19
3,ERR-only,158,accepted_candidates,31
3,ERR-only,158,all_h_E1_expression_lower_reject,2043
3,ERR-only,158,always_S_frontier,1
3,ERR-only,158,dominated_at_same_g,21
3,ERR-only,158,frontier,8
3,ERR-only,159,ERR_pair_risk,19
3,ERR-only,159,accepted_candidates,31
3,ERR-only,159,all_h_E1_expression_lower_reject,2043
3,ERR-only,159,always_S_frontier,1
3,ERR-only,159,dominated_at_same_g,21
3,ERR-only,159,frontier,8
3,ERR-only,160,ERR_pair_risk,19
3,ERR-only,160,accepted_candidates,31
3,ERR-only,160,all_h_E1_expression_lower_reject,2043
3,ERR-only,160,always_S_frontier,1
3,ERR-only,160,dominated_at_same_g,21
3,ERR-only,160,frontier,8
3,ERR-only,161,ERR_pair_risk,9
3,ERR-only,161,accepted_candidates,31
3,ERR-only,161,all_h_E1_expression_lower_reject,2044
3,ERR-only,161,always_S_frontier,1
3,ERR-only,161,dominated_at_same_g,21
3,ERR-only,161,frontier,8
3,ERR-only,162,ERR_pair_risk,9
3,ERR-only,162,accepted_candidates,31
3,ERR-only,162,all_h_E1_expression_lower_reject,2044
3,ERR-only,162,always_S_frontier,1
3,ERR-only,162,dominated_at_same_g,21
3,ERR-only,162,frontier,8
3,ERR-only,163,ERR_pair_risk,9
3,ERR-only,163,accepted_candidates,31
3,ERR-only,163,all_h_E1_expression_lower_reject,2044
3,ERR-only,163,always_S_frontier,1
3,ERR-only,163,dominated_at_same_g,21
3,ERR-only,163,frontier,8
3,ERR-only,164,ERR_pair_risk,9
3,ERR-only,164,accepted_candidates,31
3,ERR-only,164,all_h_E1_expression_lower_reject,2044
3,ERR-only,164,always_S_frontier,1
3,ERR-only,164,dominated_at_same_g,21
3,ERR-only,164,frontier,8
3,ERR-only,165,ERR_pair_risk,9
3,ERR-only,165,accepted_candidates,31
3,ERR-only,165,all_h_E1_expression_lower_reject,2044
3,ERR-only,165,always_S_frontier,1
3,ERR-only,165,dominated_at_same_g,21
3,ERR-only,165,frontier,8
3,ERR-only,166,ERR_pair_risk,9
3,ERR-only,166,accepted_candidates,31
3,ERR-only,166,all_h_E1_expression_lower_reject,2044
3,ERR-only,166,always_S_frontier,1
3,ERR-only,166,dominated_at_same_g,21
3,ERR-only,166,frontier,8
3,ERR-only,167,ERR_pair_risk,9
3,ERR-only,167,accepted_candidates,31
3,ERR-only,167,all_h_E1_expression_lower_reject,2044
3,ERR-only,167,always_S_frontier,1
3,ERR-only,167,dominated_at_same_g,21
3,ERR-only,167,frontier,8
3,ERR-only,168,ERR_pair_risk,9
3,ERR-only,168,accepted_candidates,31
3,ERR-only,168,all_h_E1_expression_lower_reject,2044
3,ERR-only,168,always_S_frontier,1
3,ERR-only,168,dominated_at_same_g,21
3,ERR-only,168,frontier,8
3,ERR-only,169,ERR_pair_risk,9
3,ERR-only,169,accepted_candidates,31
3,ERR-only,169,all_h_E1_expression_lower_reject,2044
3,ERR-only,169,always_S_frontier,1
3,ERR-only,169,dominated_at_same_g,21
3,ERR-only,169,frontier,8
3,ERR-only,170,ERR_pair_risk,9
3,ERR-only,170,accepted_candidates,31
3,ERR-only,170,all_h_E1_expression_lower_reject,2044
3,ERR-only,170,always_S_frontier,1
3,ERR-only,170,dominated_at_same_g,21
3,ERR-only,170,frontier,8
3,ERR-only,171,ERR_pair_risk,10
3,ERR-only,171,accepted_candidates,30
3,ERR-only,171,all_h_E1_expression_lower_reject,2044
3,ERR-only,171,always_S_frontier,1
3,ERR-only,171,dominated_at_same_g,21
3,ERR-only,171,frontier,8
3,ERR-only,172,ERR_pair_risk,11
3,ERR-only,172,accepted_candidates,29
3,ERR-only,172,all_h_E1_expression_lower_reject,2044
3,ERR-only,172,always_S_frontier,1
3,ERR-only,172,dominated_at_same_g,21
3,ERR-only,172,frontier,7
3,ERR-only,173,ERR_pair_risk,11
3,ERR-only,173,accepted_candidates,29
3,ERR-only,173,all_h_E1_expression_lower_reject,2044
3,ERR-only,173,always_S_frontier,1
3,ERR-only,173,dominated_at_same_g,21
3,ERR-only,173,frontier,7
3,ERR-only,174,ERR_pair_risk,11
3,ERR-only,174,accepted_candidates,29
3,ERR-only,174,all_h_E1_expression_lower_reject,2044
3,ERR-only,174,always_S_frontier,1
3,ERR-only,174,dominated_at_same_g,21
3,ERR-only,174,frontier,7
3,ERR-only,175,ERR_pair_risk,16
3,ERR-only,175,accepted_candidates,24
3,ERR-only,175,all_h_E1_expression_lower_reject,2044
3,ERR-only,175,always_S_frontier,1
3,ERR-only,175,dominated_at_same_g,17
3,ERR-only,175,frontier,6
3,ERR-only,176,ERR_pair_risk,16
3,ERR-only,176,accepted_candidates,24
3,ERR-only,176,all_h_E1_expression_lower_reject,2044
3,ERR-only,176,always_S_frontier,1
3,ERR-only,176,dominated_at_same_g,17
3,ERR-only,176,frontier,6
3,ERR-only,177,ERR_pair_risk,16
3,ERR-only,177,accepted_candidates,24
3,ERR-only,177,all_h_E1_expression_lower_reject,2044
3,ERR-only,177,always_S_frontier,1
3,ERR-only,177,dominated_at_same_g,17
3,ERR-only,177,frontier,6
3,ERR-only,178,ERR_pair_risk,6
3,ERR-only,178,accepted_candidates,24
3,ERR-only,178,all_h_E1_expression_lower_reject,2045
3,ERR-only,178,always_S_frontier,1
3,ERR-only,178,dominated_at_same_g,17
3,ERR-only,178,frontier,6
3,ERR-only,179,ERR_pair_risk,6
3,ERR-only,179,accepted_candidates,24
3,ERR-only,179,all_h_E1_expression_lower_reject,2045
3,ERR-only,179,always_S_frontier,1
3,ERR-only,179,dominated_at_same_g,17
3,ERR-only,179,frontier,6
3,ERR-only,180,ERR_pair_risk,6
3,ERR-only,180,accepted_candidates,24
3,ERR-only,180,all_h_E1_expression_lower_reject,2045
3,ERR-only,180,always_S_frontier,1
3,ERR-only,180,dominated_at_same_g,17
3,ERR-only,180,frontier,6
3,ERR-only,181,ERR_pair_risk,7
3,ERR-only,181,accepted_candidates,23
3,ERR-only,181,all_h_E1_expression_lower_reject,2045
3,ERR-only,181,always_S_frontier,1
3,ERR-only,181,dominated_at_same_g,17
3,ERR-only,181,frontier,5
3,ERR-only,182,ERR_pair_risk,7
3,ERR-only,182,accepted_candidates,23
3,ERR-only,182,all_h_E1_expression_lower_reject,2045
3,ERR-only,182,always_S_frontier,1
3,ERR-only,182,dominated_at_same_g,17
3,ERR-only,182,frontier,5
3,ERR-only,183,ERR_pair_risk,7
3,ERR-only,183,accepted_candidates,23
3,ERR-only,183,all_h_E1_expression_lower_reject,2045
3,ERR-only,183,always_S_frontier,1
3,ERR-only,183,dominated_at_same_g,17
3,ERR-only,183,frontier,5
3,ERR-only,184,ERR_pair_risk,7
3,ERR-only,184,accepted_candidates,23
3,ERR-only,184,all_h_E1_expression_lower_reject,2045
3,ERR-only,184,always_S_frontier,1
3,ERR-only,184,dominated_at_same_g,17
3,ERR-only,184,frontier,5
3,ERR-only,185,ERR_pair_risk,7
3,ERR-only,185,accepted_candidates,23
3,ERR-only,185,all_h_E1_expression_lower_reject,2045
3,ERR-only,185,always_S_frontier,1
3,ERR-only,185,dominated_at_same_g,17
3,ERR-only,185,frontier,5
3,ERR-only,186,ERR_pair_risk,7
3,ERR-only,186,accepted_candidates,23
3,ERR-only,186,all_h_E1_expression_lower_reject,2045
3,ERR-only,186,always_S_frontier,1
3,ERR-only,186,dominated_at_same_g,17
3,ERR-only,186,frontier,5
3,ERR-only,187,ERR_pair_risk,7
3,ERR-only,187,accepted_candidates,23
3,ERR-only,187,all_h_E1_expression_lower_reject,2045
3,ERR-only,187,always_S_frontier,1
3,ERR-only,187,dominated_at_same_g,17
3,ERR-only,187,frontier,5
3,ERR-only,188,ERR_pair_risk,7
3,ERR-only,188,accepted_candidates,23
3,ERR-only,188,all_h_E1_expression_lower_reject,2045
3,ERR-only,188,always_S_frontier,1
3,ERR-only,188,dominated_at_same_g,17
3,ERR-only,188,frontier,5
3,ERR-only,189,ERR_pair_risk,7
3,ERR-only,189,accepted_candidates,23
3,ERR-only,189,all_h_E1_expression_lower_reject,2045
3,ERR-only,189,always_S_frontier,1
3,ERR-only,189,dominated_at_same_g,17
3,ERR-only,189,frontier,5
3,ERR-only,190,ERR_pair_risk,7
3,ERR-only,190,accepted_candidates,23
3,ERR-only,190,all_h_E1_expression_lower_reject,2045
3,ERR-only,190,always_S_frontier,1
3,ERR-only,190,dominated_at_same_g,17
3,ERR-only,190,frontier,5
3,ERR-only,191,ERR_pair_risk,7
3,ERR-only,191,accepted_candidates,23
3,ERR-only,191,all_h_E1_expression_lower_reject,2045
3,ERR-only,191,always_S_frontier,1
3,ERR-only,191,dominated_at_same_g,17
3,ERR-only,191,frontier,5
3,ERR-only,192,ERR_pair_risk,7
3,ERR-only,192,accepted_candidates,23
3,ERR-only,192,all_h_E1_expression_lower_reject,2045
3,ERR-only,192,always_S_frontier,1
3,ERR-only,192,dominated_at_same_g,17
3,ERR-only,192,frontier,5
3,ERR-only,193,ERR_pair_risk,8
3,ERR-only,193,accepted_candidates,22
3,ERR-only,193,all_h_E1_expression_lower_reject,2045
3,ERR-only,193,always_S_frontier,1
3,ERR-only,193,dominated_at_same_g,17
3,ERR-only,193,frontier,4
3,ERR-only,194,ERR_pair_risk,8
3,ERR-only,194,accepted_candidates,22
3,ERR-only,194,all_h_E1_expression_lower_reject,2045
3,ERR-only,194,always_S_frontier,1
3,ERR-only,194,dominated_at_same_g,17
3,ERR-only,194,frontier,4
3,ERR-only,195,ERR_pair_risk,8
3,ERR-only,195,accepted_candidates,22
3,ERR-only,195,all_h_E1_expression_lower_reject,2045
3,ERR-only,195,always_S_frontier,1
3,ERR-only,195,dominated_at_same_g,17
3,ERR-only,195,frontier,4
3,ERR-only,196,ERR_pair_risk,13
3,ERR-only,196,accepted_candidates,17
3,ERR-only,196,all_h_E1_expression_lower_reject,2045
3,ERR-only,196,always_S_frontier,1
3,ERR-only,196,dominated_at_same_g,13
3,ERR-only,196,frontier,3
3,ERR-only,197,ERR_pair_risk,13
3,ERR-only,197,accepted_candidates,17
3,ERR-only,197,all_h_E1_expression_lower_reject,2045
3,ERR-only,197,always_S_frontier,1
3,ERR-only,197,dominated_at_same_g,13
3,ERR-only,197,frontier,3
3,ERR-only,198,ERR_pair_risk,13
3,ERR-only,198,accepted_candidates,17
3,ERR-only,198,all_h_E1_expression_lower_reject,2045
3,ERR-only,198,always_S_frontier,1
3,ERR-only,198,dominated_at_same_g,13
3,ERR-only,198,frontier,3
3,ERR-only,199,ERR_pair_risk,3
3,ERR-only,199,accepted_candidates,17
3,ERR-only,199,all_h_E1_expression_lower_reject,2046
3,ERR-only,199,always_S_frontier,1
3,ERR-only,199,dominated_at_same_g,13
3,ERR-only,199,frontier,3
3,ERR-only,200,ERR_pair_risk,3
3,ERR-only,200,accepted_candidates,17
3,ERR-only,200,all_h_E1_expression_lower_reject,2046
3,ERR-only,200,always_S_frontier,1
3,ERR-only,200,dominated_at_same_g,13
3,ERR-only,200,frontier,3
3,ERR-only,201,ERR_pair_risk,3
3,ERR-only,201,accepted_candidates,17
3,ERR-only,201,all_h_E1_expression_lower_reject,2046
3,ERR-only,201,always_S_frontier,1
3,ERR-only,201,dominated_at_same_g,13
3,ERR-only,201,frontier,3
3,ERR-only,202,ERR_pair_risk,3
3,ERR-only,202,accepted_candidates,17
3,ERR-only,202,all_h_E1_expression_lower_reject,2046
3,ERR-only,202,always_S_frontier,1
3,ERR-only,202,dominated_at_same_g,13
3,ERR-only,202,frontier,3
3,ERR-only,203,ERR_pair_risk,3
3,ERR-only,203,accepted_candidates,17
3,ERR-only,203,all_h_E1_expression_lower_reject,2046
3,ERR-only,203,always_S_frontier,1
3,ERR-only,203,dominated_at_same_g,13
3,ERR-only,203,frontier,3
3,ERR-only,204,ERR_pair_risk,3
3,ERR-only,204,accepted_candidates,17
3,ERR-only,204,all_h_E1_expression_lower_reject,2046
3,ERR-only,204,always_S_frontier,1
3,ERR-only,204,dominated_at_same_g,13
3,ERR-only,204,frontier,3
3,ERR-only,205,ERR_pair_risk,3
3,ERR-only,205,accepted_candidates,17
3,ERR-only,205,all_h_E1_expression_lower_reject,2046
3,ERR-only,205,always_S_frontier,1
3,ERR-only,205,dominated_at_same_g,13
3,ERR-only,205,frontier,3
3,ERR-only,206,ERR_pair_risk,3
3,ERR-only,206,accepted_candidates,17
3,ERR-only,206,all_h_E1_expression_lower_reject,2046
3,ERR-only,206,always_S_frontier,1
3,ERR-only,206,dominated_at_same_g,13
3,ERR-only,206,frontier,3
3,ERR-only,207,ERR_pair_risk,3
3,ERR-only,207,accepted_candidates,17
3,ERR-only,207,all_h_E1_expression_lower_reject,2046
3,ERR-only,207,always_S_frontier,1
3,ERR-only,207,dominated_at_same_g,13
3,ERR-only,207,frontier,3
3,ERR-only,208,ERR_pair_risk,3
3,ERR-only,208,accepted_candidates,17
3,ERR-only,208,all_h_E1_expression_lower_reject,2046
3,ERR-only,208,always_S_frontier,1
3,ERR-only,208,dominated_at_same_g,13
3,ERR-only,208,frontier,3
3,ERR-only,209,ERR_pair_risk,3
3,ERR-only,209,accepted_candidates,17
3,ERR-only,209,all_h_E1_expression_lower_reject,2046
3,ERR-only,209,always_S_frontier,1
3,ERR-only,209,dominated_at_same_g,13
3,ERR-only,209,frontier,3
3,ERR-only,210,ERR_pair_risk,4
3,ERR-only,210,accepted_candidates,16
3,ERR-only,210,all_h_E1_expression_lower_reject,2046
3,ERR-only,210,always_S_frontier,1
3,ERR-only,210,dominated_at_same_g,13
3,ERR-only,210,frontier,2
3,ERR-only,211,ERR_pair_risk,4
3,ERR-only,211,accepted_candidates,16
3,ERR-only,211,all_h_E1_expression_lower_reject,2046
3,ERR-only,211,always_S_frontier,1
3,ERR-only,211,dominated_at_same_g,13
3,ERR-only,211,frontier,2
3,ERR-only,212,ERR_pair_risk,4
3,ERR-only,212,accepted_candidates,16
3,ERR-only,212,all_h_E1_expression_lower_reject,2046
3,ERR-only,212,always_S_frontier,1
3,ERR-only,212,dominated_at_same_g,13
3,ERR-only,212,frontier,2
3,ERR-only,213,ERR_pair_risk,4
3,ERR-only,213,accepted_candidates,16
3,ERR-only,213,all_h_E1_expression_lower_reject,2046
3,ERR-only,213,always_S_frontier,1
3,ERR-only,213,dominated_at_same_g,13
3,ERR-only,213,frontier,2
3,ERR-only,214,ERR_pair_risk,4
3,ERR-only,214,accepted_candidates,16
3,ERR-only,214,all_h_E1_expression_lower_reject,2046
3,ERR-only,214,always_S_frontier,1
3,ERR-only,214,dominated_at_same_g,13
3,ERR-only,214,frontier,2
3,ERR-only,215,ERR_pair_risk,4
3,ERR-only,215,accepted_candidates,16
3,ERR-only,215,all_h_E1_expression_lower_reject,2046
3,ERR-only,215,always_S_frontier,1
3,ERR-only,215,dominated_at_same_g,13
3,ERR-only,215,frontier,2
3,ERR-only,216,ERR_pair_risk,4
3,ERR-only,216,accepted_candidates,16
3,ERR-only,216,all_h_E1_expression_lower_reject,2046
3,ERR-only,216,always_S_frontier,1
3,ERR-only,216,dominated_at_same_g,13
3,ERR-only,216,frontier,2
3,ERR-only,217,ERR_pair_risk,4
3,ERR-only,217,accepted_candidates,16
3,ERR-only,217,all_h_E1_expression_lower_reject,2046
3,ERR-only,217,always_S_frontier,1
3,ERR-only,217,dominated_at_same_g,13
3,ERR-only,217,frontier,2
3,ERR-only,218,ERR_pair_risk,4
3,ERR-only,218,accepted_candidates,16
3,ERR-only,218,all_h_E1_expression_lower_reject,2046
3,ERR-only,218,always_S_frontier,1
3,ERR-only,218,dominated_at_same_g,13
3,ERR-only,218,frontier,2
3,ERR-only,219,ERR_pair_risk,5
3,ERR-only,219,accepted_candidates,15
3,ERR-only,219,all_h_E1_expression_lower_reject,2046
3,ERR-only,219,always_S_frontier,1
3,ERR-only,219,dominated_at_same_g,13
3,ERR-only,219,frontier,1
3,ERR-only,220,ERR_pair_risk,5
3,ERR-only,220,accepted_candidates,15
3,ERR-only,220,all_h_E1_expression_lower_reject,2046
3,ERR-only,220,always_S_frontier,1
3,ERR-only,220,dominated_at_same_g,13
3,ERR-only,220,frontier,1
3,ERR-only,221,ERR_pair_risk,10
3,ERR-only,221,accepted_candidates,10
3,ERR-only,221,all_h_E1_expression_lower_reject,2046
3,ERR-only,221,always_S_frontier,1
3,ERR-only,221,dominated_at_same_g,9
3,ERR-only,221,frontier,0
3,ERR-only,222,ERR_pair_risk,10
3,ERR-only,222,accepted_candidates,10
3,ERR-only,222,all_h_E1_expression_lower_reject,2046
3,ERR-only,222,always_S_frontier,1
3,ERR-only,222,dominated_at_same_g,9
3,ERR-only,222,frontier,0
3,ERR-only,223,ERR_pair_risk,10
3,ERR-only,223,accepted_candidates,10
3,ERR-only,223,all_h_E1_expression_lower_reject,2046
3,ERR-only,223,always_S_frontier,1
3,ERR-only,223,dominated_at_same_g,9
3,ERR-only,223,frontier,0
3,ERR-only,224,accepted_candidates,10
3,ERR-only,224,all_h_E1_expression_lower_reject,2047
3,ERR-only,224,always_S_frontier,1
3,ERR-only,224,dominated_at_same_g,9
3,ERR-only,224,frontier,0
3,ERR-only,225,accepted_candidates,10
3,ERR-only,225,all_h_E1_expression_lower_reject,2047
3,ERR-only,225,always_S_frontier,1
3,ERR-only,225,dominated_at_same_g,9
3,ERR-only,225,frontier,0
3,ERR-only,226,accepted_candidates,10
3,ERR-only,226,all_h_E1_expression_lower_reject,2047
3,ERR-only,226,always_S_frontier,1
3,ERR-only,226,dominated_at_same_g,9
3,ERR-only,226,frontier,0
3,ERR-only,227,accepted_candidates,10
3,ERR-only,227,all_h_E1_expression_lower_reject,2047
3,ERR-only,227,always_S_frontier,1
3,ERR-only,227,dominated_at_same_g,9
3,ERR-only,227,frontier,0
3,ERR-only,228,accepted_candidates,10
3,ERR-only,228,all_h_E1_expression_lower_reject,2047
3,ERR-only,228,always_S_frontier,1
3,ERR-only,228,dominated_at_same_g,9
3,ERR-only,228,frontier,0
3,ERR-only,229,accepted_candidates,10
3,ERR-only,229,all_h_E1_expression_lower_reject,2047
3,ERR-only,229,always_S_frontier,1
3,ERR-only,229,dominated_at_same_g,9
3,ERR-only,229,frontier,0
3,ERR-only,230,accepted_candidates,10
3,ERR-only,230,all_h_E1_expression_lower_reject,2047
3,ERR-only,230,always_S_frontier,1
3,ERR-only,230,dominated_at_same_g,9
3,ERR-only,230,frontier,0
3,ERR-only,231,accepted_candidates,10
3,ERR-only,231,all_h_E1_expression_lower_reject,2047
3,ERR-only,231,always_S_frontier,1
3,ERR-only,231,dominated_at_same_g,9
3,ERR-only,231,frontier,0
3,ERR-only,232,accepted_candidates,10
3,ERR-only,232,all_h_E1_expression_lower_reject,2047
3,ERR-only,232,always_S_frontier,1
3,ERR-only,232,dominated_at_same_g,9
3,ERR-only,232,frontier,0
3,ERR-only,233,accepted_candidates,10
3,ERR-only,233,all_h_E1_expression_lower_reject,2047
3,ERR-only,233,always_S_frontier,1
3,ERR-only,233,dominated_at_same_g,9
3,ERR-only,233,frontier,0
3,ERR-only,234,accepted_candidates,10
3,ERR-only,234,all_h_E1_expression_lower_reject,2047
3,ERR-only,234,always_S_frontier,1
3,ERR-only,234,dominated_at_same_g,9
3,ERR-only,234,frontier,0
3,ERR-only,235,accepted_candidates,10
3,ERR-only,235,all_h_E1_expression_lower_reject,2047
3,ERR-only,235,always_S_frontier,1
3,ERR-only,235,dominated_at_same_g,9
3,ERR-only,235,frontier,0
3,ERR-only,236,accepted_candidates,10
3,ERR-only,236,all_h_E1_expression_lower_reject,2047
3,ERR-only,236,always_S_frontier,1
3,ERR-only,236,dominated_at_same_g,9
3,ERR-only,236,frontier,0
3,ERR-only,237,accepted_candidates,10
3,ERR-only,237,all_h_E1_expression_lower_reject,2047
3,ERR-only,237,always_S_frontier,1
3,ERR-only,237,dominated_at_same_g,9
3,ERR-only,237,frontier,0
3,ERR-only,238,accepted_candidates,10
3,ERR-only,238,all_h_E1_expression_lower_reject,2047
3,ERR-only,238,always_S_frontier,1
3,ERR-only,238,dominated_at_same_g,9
3,ERR-only,238,frontier,0
3,ERR-only,239,accepted_candidates,10
3,ERR-only,239,all_h_E1_expression_lower_reject,2047
3,ERR-only,239,always_S_frontier,1
3,ERR-only,239,dominated_at_same_g,9
3,ERR-only,239,frontier,0
3,ERR-only,240,accepted_candidates,10
3,ERR-only,240,all_h_E1_expression_lower_reject,2047
3,ERR-only,240,always_S_frontier,1
3,ERR-only,240,dominated_at_same_g,9
3,ERR-only,240,frontier,0
3,ERR-only,241,accepted_candidates,10
3,ERR-only,241,all_h_E1_expression_lower_reject,2047
3,ERR-only,241,always_S_frontier,1
3,ERR-only,241,dominated_at_same_g,9
3,ERR-only,241,frontier,0
3,ERR-only,242,accepted_candidates,10
3,ERR-only,242,all_h_E1_expression_lower_reject,2047
3,ERR-only,242,always_S_frontier,1
3,ERR-only,242,dominated_at_same_g,9
3,ERR-only,242,frontier,0
3,ERR-only,243,accepted_candidates,10
3,ERR-only,243,all_h_E1_expression_lower_reject,2047
3,ERR-only,243,always_S_frontier,1
3,ERR-only,243,dominated_at_same_g,9
3,ERR-only,243,frontier,0
3,ERR-only,244,accepted_candidates,10
3,ERR-only,244,all_h_E1_expression_lower_reject,2047
3,ERR-only,244,always_S_frontier,1
3,ERR-only,244,dominated_at_same_g,9
3,ERR-only,244,frontier,0
3,ERR-only,245,accepted_candidates,10
3,ERR-only,245,all_h_E1_expression_lower_reject,2047
3,ERR-only,245,always_S_frontier,1
3,ERR-only,245,dominated_at_same_g,9
3,ERR-only,245,frontier,0
3,ERR-only,246,accepted_candidates,10
3,ERR-only,246,all_h_E1_expression_lower_reject,2047
3,ERR-only,246,always_S_frontier,1
3,ERR-only,246,dominated_at_same_g,9
3,ERR-only,246,frontier,0
3,ERR-only,247,accepted_candidates,10
3,ERR-only,247,all_h_E1_expression_lower_reject,2047
3,ERR-only,247,always_S_frontier,1
3,ERR-only,247,dominated_at_same_g,9
3,ERR-only,247,frontier,0
3,ERR-only,248,accepted_candidates,10
3,ERR-only,248,all_h_E1_expression_lower_reject,2047
3,ERR-only,248,always_S_frontier,1
3,ERR-only,248,dominated_at_same_g,9
3,ERR-only,248,frontier,0
3,ERR-only,249,accepted_candidates,10
3,ERR-only,249,all_h_E1_expression_lower_reject,2047
3,ERR-only,249,always_S_frontier,1
3,ERR-only,249,dominated_at_same_g,9
3,ERR-only,249,frontier,0
3,ERR-only,250,accepted_candidates,10
3,ERR-only,250,all_h_E1_expression_lower_reject,2047
3,ERR-only,250,always_S_frontier,1
3,ERR-only,250,dominated_at_same_g,9
3,ERR-only,250,frontier,0
3,ERR-only,251,accepted_candidates,10
3,ERR-only,251,all_h_E1_expression_lower_reject,2047
3,ERR-only,251,always_S_frontier,1
3,ERR-only,251,dominated_at_same_g,9
3,ERR-only,251,frontier,0
3,ERR-only,252,accepted_candidates,10
3,ERR-only,252,all_h_E1_expression_lower_reject,2047
3,ERR-only,252,always_S_frontier,1
3,ERR-only,252,dominated_at_same_g,9
3,ERR-only,252,frontier,0
3,ERR-only,253,accepted_candidates,10
3,ERR-only,253,all_h_E1_expression_lower_reject,2047
3,ERR-only,253,always_S_frontier,1
3,ERR-only,253,dominated_at_same_g,9
3,ERR-only,253,frontier,0
3,ERR-only,254,accepted_candidates,10
3,ERR-only,254,all_h_E1_expression_lower_reject,2047
3,ERR-only,254,always_S_frontier,1
3,ERR-only,254,dominated_at_same_g,9
3,ERR-only,254,frontier,0
3,ERR-only,255,accepted_candidates,10
3,ERR-only,255,all_h_E1_expression_lower_reject,2047
3,ERR-only,255,always_S_frontier,1
3,ERR-only,255,dominated_at_same_g,9
3,ERR-only,255,frontier,0
3,ERR-only,256,accepted_candidates,10
3,ERR-only,256,all_h_E1_expression_lower_reject,2047
3,ERR-only,256,always_S_frontier,1
3,ERR-only,256,dominated_at_same_g,9
3,ERR-only,256,frontier,0
3,ERR-only,257,accepted_candidates,10
3,ERR-only,257,all_h_E1_expression_lower_reject,2047
3,ERR-only,257,always_S_frontier,1
3,ERR-only,257,dominated_at_same_g,9
3,ERR-only,257,frontier,0
3,ERR-only,258,accepted_candidates,10
3,ERR-only,258,all_h_E1_expression_lower_reject,2047
3,ERR-only,258,always_S_frontier,1
3,ERR-only,258,dominated_at_same_g,9
3,ERR-only,258,frontier,0
3,ERR-only,259,accepted_candidates,10
3,ERR-only,259,all_h_E1_expression_lower_reject,2047
3,ERR-only,259,always_S_frontier,1
3,ERR-only,259,dominated_at_same_g,9
3,ERR-only,259,frontier,0
3,ERR-only,260,accepted_candidates,10
3,ERR-only,260,all_h_E1_expression_lower_reject,2047
3,ERR-only,260,always_S_frontier,1
3,ERR-only,260,dominated_at_same_g,9
3,ERR-only,260,frontier,0
3,ERR-only,261,accepted_candidates,10
3,ERR-only,261,all_h_E1_expression_lower_reject,2047
3,ERR-only,261,always_S_frontier,1
3,ERR-only,261,dominated_at_same_g,9
3,ERR-only,261,frontier,0
3,ERR-only,262,accepted_candidates,10
3,ERR-only,262,all_h_E1_expression_lower_reject,2047
3,ERR-only,262,always_S_frontier,1
3,ERR-only,262,dominated_at_same_g,9
3,ERR-only,262,frontier,0
3,ERR-only,263,accepted_candidates,10
3,ERR-only,263,all_h_E1_expression_lower_reject,2047
3,ERR-only,263,always_S_frontier,1
3,ERR-only,263,dominated_at_same_g,9
3,ERR-only,263,frontier,0
3,ERR-only,264,accepted_candidates,10
3,ERR-only,264,all_h_E1_expression_lower_reject,2047
3,ERR-only,264,always_S_frontier,1
3,ERR-only,264,dominated_at_same_g,9
3,ERR-only,264,frontier,0
3,ERR-only,265,accepted_candidates,10
3,ERR-only,265,all_h_E1_expression_lower_reject,2047
3,ERR-only,265,always_S_frontier,1
3,ERR-only,265,dominated_at_same_g,9
3,ERR-only,265,frontier,0
3,ERR-only,266,accepted_candidates,10
3,ERR-only,266,all_h_E1_expression_lower_reject,2047
3,ERR-only,266,always_S_frontier,1
3,ERR-only,266,dominated_at_same_g,9
3,ERR-only,266,frontier,0
3,ERR-only,267,accepted_candidates,10
3,ERR-only,267,all_h_E1_expression_lower_reject,2047
3,ERR-only,267,always_S_frontier,1
3,ERR-only,267,dominated_at_same_g,9
3,ERR-only,267,frontier,0
3,ERR-only,268,accepted_candidates,10
3,ERR-only,268,all_h_E1_expression_lower_reject,2047
3,ERR-only,268,always_S_frontier,1
3,ERR-only,268,dominated_at_same_g,9
3,ERR-only,268,frontier,0
3,ERR-only,269,accepted_candidates,10
3,ERR-only,269,all_h_E1_expression_lower_reject,2047
3,ERR-only,269,always_S_frontier,1
3,ERR-only,269,dominated_at_same_g,9
3,ERR-only,269,frontier,0
3,ERR-only,270,accepted_candidates,10
3,ERR-only,270,all_h_E1_expression_lower_reject,2047
3,ERR-only,270,always_S_frontier,1
3,ERR-only,270,dominated_at_same_g,9
3,ERR-only,270,frontier,0
3,ERR-only,271,accepted_candidates,10
3,ERR-only,271,all_h_E1_expression_lower_reject,2047
3,ERR-only,271,always_S_frontier,1
3,ERR-only,271,dominated_at_same_g,9
3,ERR-only,271,frontier,0
3,ERR-only,272,accepted_candidates,10
3,ERR-only,272,all_h_E1_expression_lower_reject,2047
3,ERR-only,272,always_S_frontier,1
3,ERR-only,272,dominated_at_same_g,9
3,ERR-only,272,frontier,0
2.5,combined,131,accepted_candidates,408
2.5,combined,131,always_S_frontier,1
2.5,combined,131,dominated_at_same_g,204
2.5,combined,131,frontier,50
2.5,combined,131,risk_rejected_flat,940
2.5,combined,131,risk_rejected_old_vc,11982
2.5,combined,131,vc_flat_outside,3054
2.5,combined,132,accepted_candidates,352
2.5,combined,132,always_S_frontier,1
2.5,combined,132,dominated_at_same_g,176
2.5,combined,132,frontier,43
2.5,combined,132,risk_rejected_flat,954
2.5,combined,132,risk_rejected_old_vc,12024
2.5,combined,132,vc_flat_outside,3054
2.5,combined,133,accepted_candidates,304
2.5,combined,133,always_S_frontier,1
2.5,combined,133,dominated_at_same_g,152
2.5,combined,133,frontier,37
2.5,combined,133,risk_rejected_flat,966
2.5,combined,133,risk_rejected_old_vc,12060
2.5,combined,133,vc_flat_outside,3054
2.5,combined,134,accepted_candidates,256
2.5,combined,134,always_S_frontier,1
2.5,combined,134,dominated_at_same_g,128
2.5,combined,134,frontier,31
2.5,combined,134,risk_rejected_flat,978
2.5,combined,134,risk_rejected_old_vc,12096
2.5,combined,134,vc_flat_outside,3054
2.5,combined,135,accepted_candidates,208
2.5,combined,135,always_S_frontier,1
2.5,combined,135,dominated_at_same_g,104
2.5,combined,135,frontier,25
2.5,combined,135,risk_rejected_flat,990
2.5,combined,135,risk_rejected_old_vc,12132
2.5,combined,135,vc_flat_outside,3054
2.5,combined,136,accepted_candidates,152
2.5,combined,136,always_S_frontier,1
2.5,combined,136,dominated_at_same_g,76
2.5,combined,136,frontier,18
2.5,combined,136,risk_rejected_flat,1004
2.5,combined,136,risk_rejected_old_vc,12174
2.5,combined,136,vc_flat_outside,3054
2.5,combined,137,accepted_candidates,104
2.5,combined,137,always_S_frontier,1
2.5,combined,137,dominated_at_same_g,52
2.5,combined,137,frontier,12
2.5,combined,137,risk_rejected_flat,1016
2.5,combined,137,risk_rejected_old_vc,12210
2.5,combined,137,vc_flat_outside,3054
2.5,combined,138,accepted_candidates,64
2.5,combined,138,always_S_frontier,1
2.5,combined,138,dominated_at_same_g,32
2.5,combined,138,frontier,7
2.5,combined,138,risk_rejected_flat,1026
2.5,combined,138,risk_rejected_old_vc,12240
2.5,combined,138,vc_flat_outside,3054
2.5,combined,139,accepted_candidates,16
2.5,combined,139,always_S_frontier,1
2.5,combined,139,dominated_at_same_g,8
2.5,combined,139,frontier,1
2.5,combined,139,risk_rejected_flat,1038
2.5,combined,139,risk_rejected_old_vc,12276
2.5,combined,139,vc_flat_outside,3054
2.5,monitor-only,131,accepted_candidates,416
2.5,monitor-only,131,always_S_frontier,1
2.5,monitor-only,131,dominated_at_same_g,208
2.5,monitor-only,131,frontier,51
2.5,monitor-only,131,risk_rejected_flat,938
2.5,monitor-only,131,risk_rejected_old_vc,11976
2.5,monitor-only,131,vc_flat_outside,3054
2.5,monitor-only,132,accepted_candidates,360
2.5,monitor-only,132,always_S_frontier,1
2.5,monitor-only,132,dominated_at_same_g,180
2.5,monitor-only,132,frontier,44
2.5,monitor-only,132,risk_rejected_flat,952
2.5,monitor-only,132,risk_rejected_old_vc,12018
2.5,monitor-only,132,vc_flat_outside,3054
2.5,monitor-only,133,accepted_candidates,312
2.5,monitor-only,133,always_S_frontier,1
2.5,monitor-only,133,dominated_at_same_g,156
2.5,monitor-only,133,frontier,38
2.5,monitor-only,133,risk_rejected_flat,964
2.5,monitor-only,133,risk_rejected_old_vc,12054
2.5,monitor-only,133,vc_flat_outside,3054
2.5,monitor-only,134,accepted_candidates,264
2.5,monitor-only,134,always_S_frontier,1
2.5,monitor-only,134,dominated_at_same_g,132
2.5,monitor-only,134,frontier,32
2.5,monitor-only,134,risk_rejected_flat,976
2.5,monitor-only,134,risk_rejected_old_vc,12090
2.5,monitor-only,134,vc_flat_outside,3054
2.5,monitor-only,135,accepted_candidates,208
2.5,monitor-only,135,always_S_frontier,1
2.5,monitor-only,135,dominated_at_same_g,104
2.5,monitor-only,135,frontier,25
2.5,monitor-only,135,risk_rejected_flat,990
2.5,monitor-only,135,risk_rejected_old_vc,12132
2.5,monitor-only,135,vc_flat_outside,3054
2.5,monitor-only,136,accepted_candidates,160
2.5,monitor-only,136,always_S_frontier,1
2.5,monitor-only,136,dominated_at_same_g,80
2.5,monitor-only,136,frontier,19
2.5,monitor-only,136,risk_rejected_flat,1002
2.5,monitor-only,136,risk_rejected_old_vc,12168
2.5,monitor-only,136,vc_flat_outside,3054
2.5,monitor-only,137,accepted_candidates,112
2.5,monitor-only,137,always_S_frontier,1
2.5,monitor-only,137,dominated_at_same_g,56
2.5,monitor-only,137,frontier,13
2.5,monitor-only,137,risk_rejected_flat,1014
2.5,monitor-only,137,risk_rejected_old_vc,12204
2.5,monitor-only,137,vc_flat_outside,3054
2.5,monitor-only,138,accepted_candidates,64
2.5,monitor-only,138,always_S_frontier,1
2.5,monitor-only,138,dominated_at_same_g,32
2.5,monitor-only,138,frontier,7
2.5,monitor-only,138,risk_rejected_flat,1026
2.5,monitor-only,138,risk_rejected_old_vc,12240
2.5,monitor-only,138,vc_flat_outside,3054
2.5,monitor-only,139,accepted_candidates,24
2.5,monitor-only,139,always_S_frontier,1
2.5,monitor-only,139,dominated_at_same_g,12
2.5,monitor-only,139,frontier,2
2.5,monitor-only,139,risk_rejected_flat,1036
2.5,monitor-only,139,risk_rejected_old_vc,12270
2.5,monitor-only,139,vc_flat_outside,3054
2.5,ERR-only,131,accepted_candidates,10
2.5,ERR-only,131,all_h_E1_expression_lower_reject,2047
2.5,ERR-only,131,always_S_frontier,1
2.5,ERR-only,131,dominated_at_same_g,9
2.5,ERR-only,131,frontier,0
2.5,ERR-only,132,accepted_candidates,10
2.5,ERR-only,132,all_h_E1_expression_lower_reject,2047
2.5,ERR-only,132,always_S_frontier,1
2.5,ERR-only,132,dominated_at_same_g,9
2.5,ERR-only,132,frontier,0
2.5,ERR-only,133,accepted_candidates,10
2.5,ERR-only,133,all_h_E1_expression_lower_reject,2047
2.5,ERR-only,133,always_S_frontier,1
2.5,ERR-only,133,dominated_at_same_g,9
2.5,ERR-only,133,frontier,0
2.5,ERR-only,134,accepted_candidates,10
2.5,ERR-only,134,all_h_E1_expression_lower_reject,2047
2.5,ERR-only,134,always_S_frontier,1
2.5,ERR-only,134,dominated_at_same_g,9
2.5,ERR-only,134,frontier,0
2.5,ERR-only,135,accepted_candidates,10
2.5,ERR-only,135,all_h_E1_expression_lower_reject,2047
2.5,ERR-only,135,always_S_frontier,1
2.5,ERR-only,135,dominated_at_same_g,9
2.5,ERR-only,135,frontier,0
